drug_name,dose_units,drug_uuid,concept_uuid
Sodium Bicarbonate 8.4% in 20ml ampoule Injection,8021:1,586056cb-7eea-41cc-a640-9a29688861fe,351fab8e-6966-4ab1-8d4b-aa708c8f09c1
Aluminium Hydroxide 360mg/5ml Oral Suspension,8021:1;8019:0,10181c31-0f02-4e64-a553-4e9fc24174c4,26bdc123-0a25-4b66-beae-fb613d6a286c
Aluminium Hydroxide + Magnesium Trisilicate 310mg + 620mg in 5 ml Suspension,8009:1,376bd668-be28-49c4-899b-5894590cb2a4,95790435-98f8-43b4-9ec4-0a76850f755b
Aluminium Hydroxide + Magnesium Trisilicate 120mg + 250mg Tablet (Chewable),8028:1,4dff7502-3bce-4a71-9a97-0a892642311d,95790435-98f8-43b4-9ec4-0a76850f755b
"Magnesium Hydroxide 375mg/5ml, 7.75% Mixture",8009:1,e0428058-2b38-42cd-8dc1-241b740e2615,e9b33d83-5ae5-4b22-ab5f-c7b1a4e06a97
Ranitidine 10mg/ml in 5ml ampoule Injection,8019:1;8021:1,cda884ca-fbcb-4fbe-9003-e04e183e3a8d,a60e4760-8f72-47aa-a3d3-0de2c6aeb3c3
Ranitidine 25mg/ml in 10ml ampoule Injection,8019:1;8021:1,9ab1d2a2-914d-46e8-a2f3-cd71ecaeb769,a60e4760-8f72-47aa-a3d3-0de2c6aeb3c3
Hyoscine (Scopolamine) Hydrobromide 0.4mg/ml in 1ml Injection,8021:1;8019:1,bc3020ff-73d0-4246-bc59-b8176f9e59f7,c6d9589f-d912-4ddb-902c-07b10caa86fb
Hyoscine (Scopolamine) Hydrobromide 0.6mg Tablet,8019:1,9f23fb32-5507-499a-83e2-a81dfc171137,c6d9589f-d912-4ddb-902c-07b10caa86fb
Metoclopramide 0.2mg/drop Drop,8021:1,4aa9e225-a52d-4e4c-9f5e-a45b3e906127,2ed8b06c-aaaa-4048-9b84-e7e0d11d25e0
Metoclopramide 10mg Tablet,8019:1,905e84c4-3816-46b2-b27f-76932d3e04ff,2ed8b06c-aaaa-4048-9b84-e7e0d11d25e0
Promethazine HCL 5mg/5ml Elixir,8019:1;8021:1,a43eb1bc-5f28-4dab-af7a-fd6bf18474bc,14328927-abfe-437c-8ff7-ffe6b3036bb8
Bisacodyl 5mg Tablet,8019:1,abce7b47-0aa8-4738-86f9-46578e3af87d,e2f02733-fafa-409d-aab5-5989a5dee264
Castor Oil 30 ml Oral Liquid,8021:1,69370881-5404-46be-a1b1-450fa296b010,1abb5a9f-b37c-4f81-a3c8-d556f2eec70d
Glycerin 900mg Suppository,8019:1,3d09caec-f72b-4000-b49f-9c9c6a0a5738,11c22597-08c1-42b9-a413-1f6e1fad5098
Magnesium Sulphate Crystals 15gm Oral Powder,8010:1,a2243064-dd8d-4f11-9c77-df800553bf33,85ce51ac-bec8-45c7-ba00-1e996ac634c0
Loperamide HCL 2mg Tablet,8019:1,3ec96b07-be72-48dd-9555-cc3d3f497aa8,c0655d70-9d5b-48b7-8455-1dde5125ce33
Activated Charcoal 250mg Tablet,8019:1,61698eec-3469-404e-a29d-9c96281bbf0c,6d8cbc35-6824-4bf3-abe3-c00a1182afb2
Local Anesthetic + Astringent + Antiinflammatory Any combination therapeutically effective Ointment,8029:1,115b7e17-6267-4dbd-84ce-f5bc0398db5a,d00700bb-4c14-40a4-ac8c-a995fa436ad0
Local Anesthetic + Astringent + Antiinflammatory Any combination therapeutically effective Suppository,8027:1,fbe4065e-0a64-4bdc-9aab-d8d186687261,d00700bb-4c14-40a4-ac8c-a995fa436ad0
Local Anesthetic+Antiinflammatory Any combination therapeutically effective Ointment,8029:1,89281cff-42af-4ed1-81aa-d0579ca10316,05305b95-fb2f-443d-a679-8f6e9b5bd96c
Local Anesthetic+Antiinflammatory Any combination therapeutically effective Suppository,8027:1,400d6fcc-35e6-4baa-83f0-31039c6f0cdb,05305b95-fb2f-443d-a679-8f6e9b5bd96c
Clobetasole Propionate 0.1% Scalp Application,8009:1,8d3e8c9a-8963-42dc-bd60-e55d21a21926,c0a971d2-e5ea-457a-905b-13771ad26874
Digoxin 0.1 mg/ml in 1 ml ampoule Injection,8019:1;8021:1,4e8ece04-4e0f-4b8a-bfa6-561fb7b6d4c5,e077b72e-b6f5-4bdb-bb48-0bc2f806e3bd
Retinoic Acid (Tretinoin) 0.025% Cream,8029:1,34a278e4-823d-43dc-a50c-b2f253fb6579,5419e766-1419-4dda-a37e-a539bbb5b058
Enalapril Maleate 5mg Tablet,8019:1,875992cf-7304-4790-987f-7e1524f5b0e2,655bc3b5-ed51-4cc1-95b3-3667c6aa6f8c
Acetylsalicylic Acid 81mg Tablet( Enteric Coated),8019:1,832c6e7c-e8ed-476b-a1c3-ef126869ed0f,847859d5-9b17-401e-8ad7-d206dc581c86
Verapamil 25mg/ml in 2ml ampoule Injection,8019:1;8021:1,35a7308d-10c3-45ed-94e0-42b0ef744077,ef1ccd62-d433-4de2-8978-20c437f019f3
Isosorbide Dinitrate 5mg Tablet (Sublingual),8019:1,f4e07dab-8b05-48d0-99eb-75280d7ceacd,dced0182-54d3-4253-92b2-b41b94858b9a
Glyceryl Trinitrate (Nitroglycerine) 0.5mg Tablet,8019:1,e2339bd0-90be-43e0-b252-e52009de0a7f,d7b1b4df-2802-446e-9a33-e50ae3e6c260
Hydralazine 20mg/ml in 1ml ampoule Injection,8021:1;8019:1,cd3fb4a9-dc1b-495a-9afa-cc562fff4b8e,a92b1732-3def-4659-9a50-b718aec69279
Methyldopa 250mg Tablet,8019:1,12f57d57-0aff-455f-a740-4a59d1c25d41,12ef2c75-3244-4058-a67c-a9eb93ac828a
Malathion 2% Cream,8029:1,f7099a32-e260-47fa-a8fb-f05c4ed3e11c,ab90c333-cfad-451c-8ef3-a33f4f519536
Frusemide 10mg/ml in 2ml ampoule Injection,8021:1;8019:1,7ebaa523-73f5-427a-849a-711f65276559,a2da4096-3318-47f6-8be5-c51c32c8bd42
Frusemide 40mg Tablet,8019:1,89eb72fb-3567-4a55-b829-73c25da7c327,a2da4096-3318-47f6-8be5-c51c32c8bd42
Hydrochlorothiazide 25mg Tablet,8019:1,e0103b96-8ec2-4307-9d90-905c1a880ef6,ba89d6b3-853b-44b1-8b2b-621898ceb6fe
Mannitol 20% Injection,8021:1,fbf5305e-acfc-4409-b194-aecc218487de,a2c3c37c-f290-4b87-8144-3ba4cfe02e0a
Spironolactone 25mg Tablet,8019:1,3309a619-f912-4801-bb53-41de744c9106,b45f7749-ca48-4714-ba83-4ef552bd8544
Dextromethorphan Hydrobromide 15mg/5ml Syrup,8019:1,0e2704d3-bc1e-4a52-a02c-89f2a3605db4,d74d0045-2e36-4a2b-98f8-1318fc645354
Guaifenesin 100mg/5ml Syrup,8019:1;8021:1,ee85fcf0-1334-4bd4-b9fe-32ca0fc8eb66,9072614c-57a6-417a-be99-b5c78f008928
Salbutamol (Albuterol) 2mg Tablet,8019:1,2b1c1eac-c2aa-486e-a7ca-51fa24cc349f,762927eb-fc0b-48d1-8eb0-65806dde36fd
Salbutamol (Albuterol) 2mg/5ml Syrup,8019:1;8021:1,bce04137-5352-44f9-a849-a03fe5d8e5f5,762927eb-fc0b-48d1-8eb0-65806dde36fd
Acetylsalicylic Acid 300mg Tablet,8019:1,3cbd1004-fdec-4bb0-b588-c573d75fce4a,847859d5-9b17-401e-8ad7-d206dc581c86
Paracetamol 120mg/ 5ml Syrup,8009:1,9a9e8c08-466d-4868-9694-d4d856b5ffc5,cadb8343-e5ae-45f2-ab0d-4322eafb8038
Paracetamol 125mg Suppository,8019:1,5e5dcfa8-1254-4b26-8988-048c7d99623b,cadb8343-e5ae-45f2-ab0d-4322eafb8038
Diclofenac Sodium 25mg/ml in 3ml ampoule Injection,8021:1;8019:1,83a4b33a-be11-4589-a044-9f0296e5831a,ac596700-5446-4c02-81e5-cc780905662d
Morphine HCL 10 mg/ml in 1ml ampoule Injection,8021:1;8019:1,53fbbcee-e47d-437e-8c29-4af46b1f0bf3,52545083-c8e7-4164-aea8-5c6b3541fe10
Morphine HCL 30mg Tablet,8019:1,808ec317-d220-4dff-a53f-f9d6c09ac884,52545083-c8e7-4164-aea8-5c6b3541fe10
Diazepam 5 mg/ml in 2ml ampoule Injection,8019:1;8021:1,9def6b98-6410-420f-ad2d-6a98870f7f26,5fc59931-d43d-4c30-8f95-705e681f4c1f
Diazepam 5mg Tablet,8019:1,2908327a-da6e-463e-8cb8-4b4b4f2467db,5fc59931-d43d-4c30-8f95-705e681f4c1f
Diazepam 2mg/5 ml Syrup,8002:1,0a1f9829-c23f-4dd1-a975-f76849d021b0,5fc59931-d43d-4c30-8f95-705e681f4c1f
Chlorpromazine HCL 25mg Tablet,8019:1,441057a4-1210-4ed6-a710-84d27fa88681,2562ccc8-b7ed-4fff-91ca-9fdf693a2fd1
Chlorpromazine HCL 100mg Tablet,8028:1,fad2d1c9-96bb-447e-9de9-dedd97ba3e3b,2562ccc8-b7ed-4fff-91ca-9fdf693a2fd1
Haloperidol 5mg/ml in 1ml Ampule Injection,8019:1;8021:1,4cd6a04e-47b0-44b3-9f75-da65ae193c8b,7fe8db9c-b67f-480d-a57a-2912b64190c2
Haloperidol 50mg/ml Injection (Depot.oily),8000:1,411b11d6-7e67-4db3-87bd-2c6ff33a8a73,7fe8db9c-b67f-480d-a57a-2912b64190c2
Haloperidol Deconate 100 mg/ml in 1ml Ampule Injection (Depot.oily),8019:1;8021:1,a54a6892-bec8-4971-b6d2-d3303a0c44fd,6415b46d-eec4-46be-9fa6-903845c59f71
Haloperidol 2mg Tablet,8019:1,2b171656-2413-4b24-bdca-d7c2cc9fc094,7fe8db9c-b67f-480d-a57a-2912b64190c2
Haloperidol 5mg Tablet,8019:1,75e5770b-c771-444f-b8e4-d764ddd7a959,7fe8db9c-b67f-480d-a57a-2912b64190c2
Chlordiazepoxide 5mg Tablet,8019:1,784c0413-f2c7-494e-9ce0-38e137e700a0,a4dbeeb6-3735-48f7-ad0c-c5357a730513
Bromazepam 1.5mg Tablet,8019:1,0d312651-1104-41df-980c-81bf27aae037,7e2df387-e179-443e-9d81-f596397cbc17
Thioridazine HCL 100mg Tablet,8019:1,d58fe8aa-4300-4f89-bc4b-8ef5787a143b,c31b5e0d-76b4-4e07-9c55-3ecd41211b66
Risperidone 1mg Tablet,8019:1,f3b97073-6633-4b4b-bac3-a20e2c458481,54ebfa9b-6208-445f-be62-f84ebf6db4b2
Amitriptyline 25mg Tablet,8019:1,c0280845-9063-4a5d-b934-60eca4ec1000,40970f73-b2ba-4aff-a97a-eb8bc0777b5a
Fluoxetine 20mg Capsule,8019:1,2e245194-63ff-4b7f-b735-ddc13afa534e,94d249e7-797c-4677-b707-43f3cd16f952
Carbamazepine 200mg Tablet,8019:1,bdaa6718-5134-43b5-8250-3a79450e064e,f1d50a43-5f0a-4b52-bd1d-e3c3f0976a59
Ethosuximide 250mg Capsule,8019:1,87a86183-3e76-4c66-88c7-9f7bc2a0f7ed,5939da17-c503-4b39-948b-ca4b16af0dc5
Ethosuximide 250 mg/5 ml Syrup,8002:1,8a7b0a47-696a-4321-b1aa-ab1c7d17f11e,5939da17-c503-4b39-948b-ca4b16af0dc5
Phenobarbitone (Phenobarrbitat) 20 mg/5 ml Elixir,8019:1;8021:1,8f607f38-58d3-477a-9730-0f0be805c9e5,43963ff1-1b6a-4106-8ca9-c1243deb5830
Phenobarbitone (Phenobarrbital) Sodium 100 mg/ml Injection,8021:1;8019:1,9529c642-44a9-41f1-8ae0-c1f1a3195ea5,3f0b5c6f-95ab-4b61-bde9-d1e2d2dae321
Clonazepam 0.5mg Tablet,8019:1,e3b2f9a3-66fb-41e9-adcd-571e1934ce64,2f0d890f-e0bf-41ed-a107-fd673cf27561
Trichloethylene 200mg Tablet,8019:1,265f4dfc-9904-4cd9-af03-915955c1cc39,ab09105b-5372-4ece-a401-7bf6b1921170
Benzhexol 12mg Tablet,8019:1,dfacfcb3-ca8f-423b-b60b-ccdc9c1a9edf,a20204f3-a050-477c-bae4-1c2e110fd454
Procyclidine 5mg/ml in 2ml ampoule Injection,8019:1;8021:1,e489aca4-84de-4aa3-a6c9-1dedb16834ae,efc56f85-84e9-42ae-ad4e-5ecc20a66a05
Halothane 250 ml Inhalation,8021:1,0ed04349-9c27-4c6c-9656-2aabdccd52e9,1e083223-86d3-4055-be9b-1415dd2239e1
Ketamine HCL 50 mg/ml in 10ml injection Injection,8019:1;8021:1,77626947-3706-4645-a40e-2ec093c99002,03ed05d5-a7cd-44b5-bcdd-a5760ea803c2
Thiopental Sodium 0.5 g Powder for injection,8010:1;8031:1,33d501f0-5ca2-4557-abd7-e0c4696f9f21,1d78d9e7-4df1-4ee5-87a7-e0df87550ca5
Thiopental Sodium 1g in vial Powder for injection,8031:1;8010:1,e0ca462d-fd61-4b77-b28d-d5d4b99343e8,1d78d9e7-4df1-4ee5-87a7-e0df87550ca5
Lidocaine HCL + Adrenaline 2%+1:100000 in 50ml vial Injection,8021:1,956f9f3d-df85-48b9-b190-52a74c4a7dd4,a53a5f00-a8b8-498e-9577-e30e432e8475
Benoxinate Hydrochloride 0.4% Eye Drop,8008:1,a35fece2-e074-4293-a770-1e94c81da04b,5056f6f7-4eb5-4edf-8d2e-3b805afaff73
Hyoscine (Scopolamine) Sulphate 20mg/ml in 2ml Injection,8021:1;8019:1,dbc931f8-e512-4658-aad0-e2330d03a519,6a469109-ff2d-48c3-bc8d-f435a40b6471
Methyl Prednisolone Aceponate 0.1% Ointment,8010:1,c8374f4c-0062-4613-b0dc-647fd2677090,63d787a0-6b23-4fcf-884e-18c69bcda181
Pancuronium Bromide 2 mg/ml in 2ml Ampoule Injection,8019:1;8021:1,b256352c-8f4f-492e-8ffe-577d524300f0,295b17b4-3290-425c-a871-c4d202bc0898
Suxamethonium Chloride (Succinylcholine) 100mg in vial Powder for injection,8019:1;8031:1,7ead35b5-930e-4ad9-93b5-c15e756b2c19,32a08d82-c0bf-403e-8139-7e9ae93a55d5
Diclofenac Sodium 50mg Tablet,8019:1,444123ac-a22c-4114-8cc2-fec85ddfbb2c,ac596700-5446-4c02-81e5-cc780905662d
Ibuprofen 100 mg/5 ml Syrup,8009:1,c08c563b-eed5-4bd4-948f-07a2de283f39,bdaab1d7-2627-40a0-84cf-086b605221a3
Ibuprofen 400mg Tablet,8019:1,ac787b58-36d6-474c-9580-0881c03fbf63,bdaab1d7-2627-40a0-84cf-086b605221a3
Indomethacin 100mg Suppository,8027:1;8019:1,f73d6524-cbda-4e00-aaa8-251537057dc9,611e84e8-ced5-4e7d-8352-81c0ce671c46
Colchicine 0.5mg Tablet,8019:1,1def785d-1cbf-43a1-a27c-4293ddff954c,3eef06c3-834f-49e8-8f15-73ead0a9ac3f
Amoxicillin 250mg Capsule,8019:1,edbd5223-a731-4c5c-b6a0-d350e0147f4a,5b40dc12-8cb2-4e18-a5ee-ef9f547dbb9f
Amoxicillin 500mg Capsule,8019:1,f419547a-8cb5-4bed-8b92-b2764f605e54,5b40dc12-8cb2-4e18-a5ee-ef9f547dbb9f
Amoxicillin 250 mg/5 ml Suspension,8019:0;8021:1,dc5d7feb-fcb0-4e7e-951a-2db63c04ceef,5b40dc12-8cb2-4e18-a5ee-ef9f547dbb9f
Cloxacillin Sodium 500 mg Capsule,8019:1,03772917-b51b-4304-b58d-20391ba63621,59961191-19e8-4adc-9062-c5d8268bc012
Cloxacillin Sodium 125 mg/5 ml Syrup,8021:1;8019:1,4256a001-506b-4b4d-aa27-c929cc0feec6,59961191-19e8-4adc-9062-c5d8268bc012
"Penicillin G, Benzanthin 0.6 MIU Injection in vial",8020:1,6e5348a8-b808-496d-af4c-09f94a68de48,447a2a9b-5da4-490e-be4a-3da4790575fa
Amoxicillin + Clavulanic Acid 500mg + 125mg Tablet,8028:1,db1ef020-6f60-42ed-a7b4-6a64d30a2e8f,826956a6-7f84-42a8-9871-cc40aeb77cb2
Erythromycin 125 mg/5 ml Oral Suspension,8021:1,806e2111-6434-4063-aad8-2fb36546ef5c,cc7ca740-7522-4b76-890e-f0eb1aad2921
Retinoic Acid (Tretinoin) 0.05% Ointment,8029:1,a4da57d5-6780-4322-816e-016e014bbde4,5419e766-1419-4dda-a37e-a539bbb5b058
Clarithromycin 250mg Tablet,8019:1,941e86ec-5eec-4248-9c06-490056bd6344,979a468f-e746-407a-b7fd-7b59de558d54
Clarithromycin 500mg Tablet,8019:1,0e0d66c8-b7e0-430b-9e47-92b5516cac89,979a468f-e746-407a-b7fd-7b59de558d54
Ciprofloxacin 500mg Tablet,8019:1,bc976c35-5cac-4df3-9075-f2a80271e88e,f8e5dce6-bbf4-416e-9966-f08e47613771
Norfloxacin 400mg Tablet,8019:1,5ac04678-7446-42c2-8be7-c2fa1e79e1e0,158e3a4b-cab3-4bdf-b1ff-14a2d9ac3b24
Doxycycline 100mg Capsule,8019:1,2b7aa542-9390-463d-8a76-cb2a191fae02,86b02250-adaf-4db0-8681-ab1a938d1ed4
Vancomycin 500mg Injection,8019:1;8009:1,857eeae8-af2b-4ea3-97ce-5a11343d2319,da175cf0-1863-42aa-8374-a3be970e4398
Isoniazid (INH) 300mg Tablet,8019:1,7845e621-d7c2-4e7d-860a-e533d47a6f07,d1de79d6-28bc-4df3-a3d4-dd7693c08023
Ethambutol 400mg Tablet,8019:1,82e00c4e-af25-4367-a818-f2e52f6b4fac,08cbc7c8-9d09-4718-8689-df2a8be940f2
EH(Ethamutol + Isoniazid) 400 + 150mg Tablet,8028:1,6aeb1d90-5fe9-421f-a1cb-75b2a6da270a,30b42f3a-0695-462f-a6ec-5e45685cd0a8
Streptomycin Sulphte 1gm Powder for injection,8010:1,9ed0cb15-043a-4012-9b04-5e69f7649e39,31b6c30c-9dcf-48b5-997a-7508ccfd16d5
Clofazimine 100mg Capsule,8019:1,825a9521-36bc-4158-bf06-459cee7622a2,171e65ac-c05f-4213-a468-fdeabf007709
Dapsone 25mg Tablet,8019:1,f2acbfb8-57bc-4181-a358-934410b1c9f5,6ddb3975-5b38-4c1a-b6ed-9a9ea214abfc
Dapsone 50mg Tablet,8019:1,34aced3e-9e41-4a10-b8f2-212915b5a42e,6ddb3975-5b38-4c1a-b6ed-9a9ea214abfc
Dapsone 100mg Tablet,8019:1,8af806a5-03e3-4a55-abf1-1e955437856f,6ddb3975-5b38-4c1a-b6ed-9a9ea214abfc
Fluconazole 200mg Capsule,8019:1,898ad34c-a007-49d3-8cc6-4f7ccc7a94e8,43c52bd0-d39a-41e9-a0e2-c032b98cc503
Fluconazole IV infusion 2mg Injection,8000:1,d370af4b-7720-4083-9efa-296a392ac94b,43c52bd0-d39a-41e9-a0e2-c032b98cc503
Griseofulvin 125mg Tablet,8019:1,8a90eb54-0c48-48bd-890a-e54f2fd21b3b,138b7fbe-e71b-4133-b0ac-9c922e290044
Miconazole 25mg/ml Pessary (ovules),8009:1,5e2e7d6c-fc92-4e6a-8d10-9b712fd89d9a,28592ce1-6abe-4e77-b64d-ad9c066c271c
Amphotericin B 50mg in vial Powder for injection,8019:1,483de5b8-7f27-4dc6-8dae-ca8d32788696,395d5069-e23d-49bf-9575-f8a4f42a0b92
Acyclovir 200mg Capsule,8019:1,da1285d8-ab0d-4778-8b7e-ef8702f9d5de,2a2b33c9-e7c6-47ac-a236-9a97e0bb708c
Acyclovir 400mg Capsule,8019:1,9448a650-d156-4320-a1b9-66208b4c2e05,2a2b33c9-e7c6-47ac-a236-9a97e0bb708c
Ganciclovir 250mg Capsule,8019:1,41450756-6a0e-4f69-9448-fffa84958192,2fc6b04d-bd07-4af7-8143-aa69d4f374e5
Chloroquine Phosphate 50mg base/5ml Syrup,8019:1;8021:1,0aa5f54c-11ac-4780-a903-0aacc8bf39eb,7af06b07-54b0-40e5-937e-732ff83ad523
Primaquine Phosphate 7.5mg base Tablet,8019:1,ad7dd193-880a-4902-b39c-34add6ba5475,7f8dee07-43a6-4b92-b641-c24a6ba51642
Primaquine Phosphate 15mg base Tablet,8019:1,5144b92d-7294-486d-b696-2ea951b9f469,7f8dee07-43a6-4b92-b641-c24a6ba51642
Quinine Dihydrochloride 300mg/ml in 2ml Injection,8021:1;8019:1,bcdc7047-9819-4151-9481-47127de1fdd4,1c3bcbd1-782c-44e3-a205-de927a74b879
Quinine Dihydrochloride 300mg Tablet,8019:1,f8a374b9-3ebc-4b66-900d-ac90830857f1,1c3bcbd1-782c-44e3-a205-de927a74b879
Artemether 80mg/ml Injection,8019:1;8021:1,6d80b177-6e47-4f4f-98e6-0c36f8c0b530,f43a3209-40b9-4b55-a77a-e38006c8be40
Metronidazole 125mg/5ml Oral Suspension,8019:1;8021:1,895860ba-01cd-484d-bd5e-8ac5c370a523,fdc15df0-53c4-4355-8253-6da000693c4f
Metronidazole 250mg Capsule,8019:1,46eab982-6b42-48d8-a17f-1d03b2831fcd,fdc15df0-53c4-4355-8253-6da000693c4f
Tinidazole 500 mg Tablet,8019:1,dcd082c2-f764-41dd-a595-945962b81a3f,c0eb9a2a-cbd0-4171-a34b-334521e9a2e6
Sodium Stibogluconate 33% W/V Injection,8021:1,d6a7ceda-7453-4780-b52c-568ad056fc8f,eb84a070-19d4-4aa7-906d-9c1886f3b0d2
Pentamidine Isethionate 200mg in vial Powder for injection,8019:1;8021:1,936043ad-15b3-49c2-a0ac-29f28ec6711a,323f7961-617a-4293-9faa-83833f6a4bdb
Suramin Sodium 1g in vial Powder for injection,8031:1;8010:1,793a213e-4c3e-4c24-8340-b7b06d5764a1,291441e3-fdcb-4e8a-a71a-b21c3b69706f
Pyrimethamine 25mg Tablet,8019:1,c6745145-3a7c-4387-87ca-c967d484a084,25dba419-720f-4ff4-81ad-074ff5061e49
Sulphadiazine 500mg Tablet,8019:1,3f8b2fcb-f33b-4112-bb97-86e70fce6de1,145e6b29-f58e-405f-84e9-6a76becc4f16
Folinic Acid 5mg Tablet,8019:1,abd2c57a-eb96-40c5-b8ae-b85cffa9ecd9,59e5936c-b10c-4ab2-86e9-21088dd6060c
Clindamycin 150mg Tablet,8019:1,1cd33ad7-bd20-4e31-92bc-87678bbe6125,78ac43ad-0a87-4202-9985-500cfe58368d
Clobetasole Propionate 0.05%w/w Ointment,8010:1,a20009b2-de52-4ae2-b35d-c16960fdfe5d,c0a971d2-e5ea-457a-905b-13771ad26874
Praziquantel 600mg Tablet,8019:1,d17c21ea-1e8d-449b-9424-093d50bb1871,6f6085dc-30bf-4d9c-b5fc-f7e0cde9c763
Albendazole 100mg/5ml Oral Suspension,8019:0;8021:1,39cb17d4-6138-4a9e-8426-04606136ed64,2708c578-4e6b-4e94-b127-76a35301acd0
Albendazole 200mg Tablet,8019:1,d1c115c3-ab04-4d78-b9e2-45e7a1bb7cb6,2708c578-4e6b-4e94-b127-76a35301acd0
Levamisole 40mg Tablet,8019:1,3ccd5039-ef38-48e5-8915-bf01fd087262,9243b460-84be-4db1-a364-0a6eb0045519
Mebendazole 100mg/5ml Oral Suspension,8019:1;8021:1,7c64c69d-41d2-4001-bef0-2cfc0d326c58,65f2d0c1-b368-4bc4-b154-81893465f15e
Dexamethasone 0.05% Gel,8029:1,4a1df039-9525-4372-8b8a-72a9a2d81e00,3e8c8a91-deb4-47aa-8d70-f6b041c1135b
Piperazine Citrate 500mg/5ml Elixir,8021:1;8019:1,2ad8dede-bcf0-49c1-a7c4-55af46c11b44,b71ef433-1cec-41f2-b61b-c5b0b402457f
Thiabendazole 500mg Tablet,8019:1,03dd2eb9-e55c-44c5-92b7-b6904576bd54,370fe7ff-e18b-4d0d-a482-ac556590517b
Dexamethasone 4mg/ml Injection,8019:1,6da88605-5378-41a2-be8d-9622b1197110,3e8c8a91-deb4-47aa-8d70-f6b041c1135b
Dexamethasone 0.5mg Tablet,8019:1,81db1bd8-eebd-4d61-98b9-ece48df60a70,3e8c8a91-deb4-47aa-8d70-f6b041c1135b
Dexamethasone 1mg Tablet,8019:1,33cb4787-93be-452b-8ea2-22b55d957a9b,3e8c8a91-deb4-47aa-8d70-f6b041c1135b
Prednisolone 10mg Tablet,8019:1,34b60e9a-65a4-42b6-928e-a1fcb62562e7,a1247ab5-5103-4a2b-b64d-1de1db745560
Prednisolone 5mg Tablet,8019:1,f44c4ba6-6c54-4754-b18f-f3ae5ada9e8a,a1247ab5-5103-4a2b-b64d-1de1db745560
Triamcinolone Acetonide 40mg/ml in Vial Injection,8021:1;8019:1,521da4ce-4030-4e4a-bac0-50356c436edb,b5b4977a-02e1-4ae8-864b-466b83bff926
Neostigmine Bromide 15mg Tablet,8019:1,e21314d4-7cc5-41bc-9fc3-5598e69982e2,d08719bd-07a2-4b22-99de-2b1ce5ed6b88
Propylthiouracil 50mg Tablet,8019:1,83a1077f-f5bd-4a5b-989f-5ebf8c260319,c423c575-cd76-4b5a-84b8-fc067279f5a3
Thyroxine Sodium 0.05mg Tablet,8019:1,7867f27b-32a8-472a-84ac-6773ff98c4af,9856dedb-6d5d-4871-9550-a52bbc44d5cc
Thyroxine Sodium 0.1mg Tablet,8019:1,1f821c4f-a895-49ab-bd65-3e0fb7177d8d,9856dedb-6d5d-4871-9550-a52bbc44d5cc
Insulin Soluble / Neutral (HPB) 100 Units/ml Injection,8030:1,cc008680-ecaa-4af7-bc80-8fb35f30d862,ae263542-e53d-453e-a5b4-3fccdaddbea3
Insulin Zinc Suspension/Insulin Lente 100 Units/ml Injection,8021:1,22216903-8153-4127-98fe-3849e71ee65c,2b716fdc-24e0-4b45-9408-152ffa8d968d
Dexamethasone 0.25% Cream,8010:1,8c2a97be-caba-474d-a68a-2b2d32300966,3e8c8a91-deb4-47aa-8d70-f6b041c1135b
Glibenclamide 5mg Tablet,8019:1,b46f1012-1906-43e9-a740-0f9563f5b54c,bd7a8189-e935-4b29-bb5c-5e34fbce0453
Orphenadrine Citrate 2.5mg/ml Drop,8008:1,1bd73695-a6ba-4cf6-8b4b-461f87eafa88,bd2b9b2f-495a-4592-822a-ba5528e20702
Dexamethasone 0.05% Cream,8029:1,35989987-7a9f-4082-9754-c128742355bf,3e8c8a91-deb4-47aa-8d70-f6b041c1135b
Retinoic Acid (Tretinoin) 0.01% Gel,8029:1,7e6e5266-1395-4308-b911-8b1aa159c20a,5419e766-1419-4dda-a37e-a539bbb5b058
Clotrimazole 100mg Tablet (Vaginal),8019:1,0b2d38a2-ebc0-4799-b219-18c4a65ba92a,280e2de6-13e0-41ed-a4a0-ea1b471b4005
Ergometrine Maleate 0.25 mg/ml Injection,8000:1,71b6ff94-038b-4a49-8379-d949a40c3923,483ebf41-542e-4138-a2e2-05aed837e20b
Ergometrine Maleate 0.25mg Tablet,8019:1,5f36e56d-7b23-4c1c-b7e7-c32bd85ec146,483ebf41-542e-4138-a2e2-05aed837e20b
"Heparin 5,000 units/ml Injection",8000:1,196b87ef-87b5-441b-b31b-ab110dad73e0,1cd80a67-9211-4f20-92c7-ec5fd9428ff8
Warfarin Sodium 5mg Tablet,8019:1,a26c8844-daec-45c6-96b3-864982279013,992a09ab-1f86-467b-afaa-02f454fdd7c8
Ferrous Sulphate 125mg/ml Drop,8019:1;8021:1,a1d5ee35-b813-4d2a-b18c-74bd10bfa7a5,6ea4c869-f60c-4e4a-8f09-6b4cb0e8a2fd
Ferrous Gluconate 300mg Tablet,8019:1,3475f384-49d8-4227-9118-a92183edad00,f2661aad-e4de-49dc-bdf1-2903f543f8da
Calcium Gluconate 500mg Tablet,8019:1,d0eddb22-5202-48da-bc19-909d967db3f2,5b63296a-4a6e-49a3-bab5-f2355e32d599
Potassium Chloride 600mg Tablet,8019:1,ff768dee-205e-467a-9f77-d2c80cd2592c,82228508-9ed0-4ace-b80a-3b26cf323346
Calcium Gluconate 10% in 10ml ampoule Injection,8021:1;8019:1,307ac10f-1f7e-41b2-82fb-a9bef2df8123,5b63296a-4a6e-49a3-bab5-f2355e32d599
Dextrose 40% in 20ml Iv Infusion,8021:1,ade4e22f-296f-488c-b193-8a6816d32f92,0afe1abb-e974-4655-923c-3fdfc7623c58
Dextrose in Normal Saline 5%+0.9% in 1000ml IV Infusion (Injection),8021:1,8531941d-fb63-4ec7-9dc7-7d26eea82a7b,eb29f156-d278-4d99-84dc-669ebc4a87d1
Potassium Chloride 150mg/ml in 10ml ampoule Injection,8019:1;8021:1,b586a67e-2864-43df-a476-806fa3480a81,82228508-9ed0-4ace-b80a-3b26cf323346
Calciiferol (Ergocalciferol/Vitamin D2) 250mcg Capsule,8017:1,f78c4500-4180-48b5-ab07-2b668a861c55,32efa0c1-61a9-40ef-ae9c-ce653de7f409
Hydroxypropylmethylcellulose (Hypromellose) 2.5% Eye Drop,8008:1,dc91d68e-d696-40c1-afba-a62b6fa78d6f,6a6c04e5-f9ad-4d85-9c1e-4696eaee4f7d
Vitamin B12 100µg/ml;1000µg/ml in 1 ml ampoule Injection,8021:1,69c22b18-f595-4d73-af46-c8df112e09d7,cb2f9b5a-598d-4abd-8e50-77a9cbb4a446
Chlorpheniramine Maleate 2mg/5ml Syrup,8019:1;8021:1,5d010874-de06-4dd7-b689-20896c983c85,a2c2ad6a-2932-4981-9b7b-cfbec301720c
Promethazine HCL 25mg/ml in 2ml Injection,8019:1;8021:1,00eadb7f-488e-42cf-9655-980ac5ca8765,14328927-abfe-437c-8ff7-ffe6b3036bb8
Promethazine HCL 25mg Tablet,8019:1,98cc1057-097e-48fc-970d-89f5bde943f2,14328927-abfe-437c-8ff7-ffe6b3036bb8
Cetrizine 10mg Tablet,8019:1,9fa98284-6d97-4908-8edf-59985265a156,4856ab22-146e-4c2c-a725-0b63b12a0f36
Pilocarpine HCL 4% Eye Drop,8008:1,ce76e668-2f37-46fa-8323-2d835ce301e4,c5c7b0b7-17ad-45a1-b033-927873629771
Tropicamide 0.5% Eye Drop,8029:1;8008:1,ff0803db-bdec-48f2-b9b3-39c4b687a489,d0ab4bd7-f717-4434-a548-7f3384ac58a6
Chloramphenicol 1% Eye Ointment,8019:1,acd2a06f-c54d-4c76-94ea-78c4d9ae711f,2ebe9bfd-c1d4-414a-bbb8-48bedfb7751d
Gentamicin 0.3% Eye/Ear drop,8009:1,73f6d984-e5ec-4384-9772-f900809579ad,b6871d46-d18c-4d79-b455-9ea18c35f907
Tetracycline 1% Eye Ointment,8009:1,590b5662-a496-44d9-ac87-fbd10c291dba,1dbc7501-d5ff-4f00-a919-f82d95d231ae
Miconazole 25mg/ml Oral Gel,8019:1,08da5f71-7331-4eff-a336-5a73cfd5b7c6,28592ce1-6abe-4e77-b64d-ad9c066c271c
Nystatin 100.000 Units/ml Pastilles,8009:1,59216ea3-fe40-49ae-8ba6-90986531974a,8b867d47-5d4d-41f9-9b0a-04771c4b83a6
Chloramphenicol 1% Eye Drop,8029:1,d9e3c795-7d2d-4c10-b408-24cb11d89559,2ebe9bfd-c1d4-414a-bbb8-48bedfb7751d
Oxytetracycline HCL + Hydrocortisone Acetate 5mg+15mg+ 10.000 Units in each ml Eye/Ear drop,8008:1,01fd0edd-fe4e-49dc-a5db-3eadaf4e95aa,051cbb47-a1d8-420c-bfd8-61bf6f020b02
Benzyl Benzoate 25% Lotion,8010:1,42093300-4341-4ab4-88a0-69eca326fd41,c942dde4-415d-418c-b936-a7875ba75504
Clotrimazole 1% Cream,8010:1;8029:1,616d2527-2d98-4ee5-85f8-08fbb489d2ce,280e2de6-13e0-41ed-a4a0-ea1b471b4005
Sulphur 5% Ointment,8029:1,a89c2b4d-e787-4f24-805f-b37002ef43ac,04980b7a-7d6d-4b35-813a-acb9fc7669f9
Fusidic Acid 2% Cream,8010:1,43395db4-e182-4076-a61f-13bb8d11f32e,9a639ef0-0df1-4f7b-b206-0f4df8313712
Fusidic Acid 1% Ointment,8029:1,c67b3b82-282c-4b08-bd4d-d306eec6fb1d,9a639ef0-0df1-4f7b-b206-0f4df8313712
Crotamiton 10% Lotion,8009:1,e6e8d258-a657-4c02-a6cb-50dab94f653c,acfaf317-81ba-42b7-8cb7-15066654596f
Iodine 2% Solution,8021:1,0d129b94-f3fb-4169-8a97-7caf23a9545e,691dd68d-eff8-4fcb-9eb9-76988c108049
Potassium Permanganate 250mg Tablet (for solution),8019:1,712618b2-9cbe-48e6-a92a-afc81a014aaf,74511675-62cb-48ca-a60d-31fa71a52a1d
Pralidoxime Chloride 1g in vial Powder for injection,8010:1,e293ae09-10ad-4c6d-8f3e-4d48e84d96ec,4a9f704d-2ed0-44f7-9ffc-01641f3dac88
Pralidoxime Chloride 500mg Tablet,8019:1,0f7b8dad-53b2-46c4-aef2-cc7393c12976,4a9f704d-2ed0-44f7-9ffc-01641f3dac88
Diphtheria Antitoxin 2000 Units/ml in 5ml Injection,8000:1,a053cae7-6f4c-499f-be69-20257b57db46,13bbaf00-2108-4e1f-a5cd-e510e310bb4d
Haemophilus Influenza Type B (Hib) Vaccine 0.5ml Injection,8021:1,af6c97df-3cde-4c76-a5a7-218493a9c2ee,8c68ef44-ca57-48f3-bb8c-75e283907592
Human Antirabies Immunoglobulin 150 IU/ml in 2ml Injection,8013:1;8021:1,6491964c-539e-43eb-bcb1-cbc5de02cb2c,39519468-a4b5-433d-8143-65e4d7bed717
"Measles Virus Vaccine, Live Attenuated and Freeze Dried 0.5ml Injection",8021:1,01f77910-b9e9-486c-83a8-d6f818fdac9c,249bf715-1ed8-47fc-873e-160ac8545b1e
Meningococcal Polysaccharide Vaccine (Bivalent And Trivalent) 0.5ml Injection,8021:1,1459ef98-ee66-4215-8cb0-bf692a4272ec,e7050a79-462b-46bd-b3d5-05c2bdf1584a
Rabies (Human diploid cell) Vaccine 2.5IU/ml Injection,8021:1;8013:1,5623bf51-be09-46c0-a7cf-9e857a4a757e,8d98bd13-a1d4-4c73-9be9-f0f93bcab595
Tetanus Antitoxin (Human) Equine 1500 units Injection,8030:1,039125fd-bbbc-45ae-82a9-d114004668da,e67675d6-6586-4984-b6e6-1f0350b7e357
"BCG Vaccine 500,000 Organisms/ml in 0.05 ml Injection",8021:1,68f0a8a4-b47d-4403-b86d-fbf58d8e7146,dc63777f-026a-44f1-b05f-d0c359130a94
"Diphteria,Tetanus Toxoid 0.5ml Injection",8021:1,37819269-5338-4731-b080-f860441a92a7,b038996b-8e88-4414-ab93-3e375962f096
"Diphteria,Tetanus Toxoid,Pertussis, Hemophilus +HI 0.5ml Injection",8021:1,a2675ae6-c3cc-40cf-95dd-e1582e54f9c6,8f0d6de1-29a9-4c95-8c2f-92f884111569
"Poliomyelitis Vaccine,Trivalent Type I,II,III 0.5 ml Drop",8021:1,b3dfd4c3-0609-4481-b99d-e5aed45b57eb,befb8cb7-ce7c-4c2d-b8b0-3233db550269
"Yellow Fever Vaccine 500 LD,50 doses Injection",8000:1,b59681e2-8221-4568-a9aa-742b429c4193,94f634c4-e0c9-46ed-9321-b0aa10872c23
Acyclovir 3% Eye Ointment,8010:1,0870a495-fed8-4f7d-91bc-3325590225d9,2a2b33c9-e7c6-47ac-a236-9a97e0bb708c
Abacavir 300mg Tablet,8019:1,6a35ba78-2882-4d6e-a013-baa12c9cdc14,81784543-73f7-486a-9d30-4e1347a3e651
Didanosine 150mg Tablet,8019:1,8fdeb2f0-20d1-46b8-927f-901740b2621d,aed97f5d-c903-4bb8-b832-887256b255bf
Didanosine 250mg Tablet,8019:1,dc842230-1fc0-459f-98b1-2acfdb29f2c6,aed97f5d-c903-4bb8-b832-887256b255bf
Didanosine 400mg Tablet,8019:1,50c9f436-aa05-41e9-9c25-749536b62a8a,aed97f5d-c903-4bb8-b832-887256b255bf
Efavirenze 200mg Capsule,8019:1,9c5e4062-001f-4dda-823f-64405b68a720,88779bd3-fb05-4a4a-ad74-be05258ccea5
Efavirenze 30mg/ml Liquid,8002:1,1237d045-56cc-4bd0-ac89-17d5d4bff321,88779bd3-fb05-4a4a-ad74-be05258ccea5
Tenoxicam 20mg Suppository,8019:1,d0933874-1ed1-43b5-9662-284fe7db67b5,4fba9015-786b-4f22-873b-5364cab315bf
Efavirenze 600mg Tablet,8019:1,ff60e996-7662-4913-a797-168d70aa9331,88779bd3-fb05-4a4a-ad74-be05258ccea5
Indinavir 400mg Capsule,8019:1,886e0f49-af72-4764-9fba-d5376e6a2fd6,13d05118-a18b-48cd-a5d3-d1bd1da0fd41
Lamivudine 50mg/5ml Syrup,8021:1;8019:1,3c867850-de94-4752-b5d1-11bb9cfcc9ce,25cb14c9-8691-4197-8529-f2bc436163be
Lamivudine 150mg Tablet,8019:1,6ab9de3f-a47b-4024-97cf-aa360271df19,25cb14c9-8691-4197-8529-f2bc436163be
Nevirapine 200mg Tablet,8019:1,c49507b9-96b6-42e2-8339-9d182baaad26,3c300b0f-00cc-4b76-b164-0943a6e863da
Ritonavir 100mg Capsule,8019:1,ca86eab6-3753-4184-aca2-474676a7e621,880ddd9a-5898-4db2-bbc9-738c5b8195df
Tenofovir Disproxil Fumerate 300mg Tablet,8019:1,271eb502-85b2-4d85-954e-6e343ba8a6c1,c3d04a28-31a7-4877-9e99-4fbc5d722ff3
Zidovudine 300mg Tablet,8019:1,74b2c984-a5fd-4a77-b174-64af0217442b,b4362318-390e-46b1-99a4-e5b007440dc6
Piroxicam 10mg Capsule,8019:1,b64423ff-08d3-49d5-b2e9-a30d0aef9b9f,59009345-0ff5-499d-b790-0bad3be5f256
Piroxicam 20mg Capsule,8019:1,422d2eac-75c8-490b-831b-22804e3c160f,59009345-0ff5-499d-b790-0bad3be5f256
Efavirenze 50mg Capsule,8019:1,186b2c07-7877-4f54-96be-dbbc305a49df,88779bd3-fb05-4a4a-ad74-be05258ccea5
Piroxicam 10mg Tablet,8019:1,5176de0f-1174-416b-acdf-12da7e12c2eb,59009345-0ff5-499d-b790-0bad3be5f256
Sodium Fusidate 2% Ointment,8029:1,f5c04c87-f3eb-41e5-8042-db8cb4234ab9,e0197ff2-c289-484f-90e2-b4299a5968f4
Omeperazole 20 mg Tablet,8019:1,375e4642-ecb7-47a8-9943-502234a18c46,e8b17ab9-dbbb-4603-b38c-4ed07fd0a230
Atenolol 50mg Tablet,8019:1,1bb5272b-ced3-405c-8621-f67739362bbf,f80f6035-a862-476f-933c-5edad6c70e27
Atenolol 100mg Tablet,8019:1,4ed94096-2c5f-41f3-a6dc-bb836cc85722,f80f6035-a862-476f-933c-5edad6c70e27
Benzoyl Peroxide 5% Gel,8029:1,8ca27bfa-84c4-4520-8a59-2b2e42dcbd13,6f5c3afc-b4b5-401a-823d-c7a9f541bcc2
Benzoyl Peroxide 2.5% Gel,8029:1,2281bfc8-0223-496d-9212-fa6cac8ba422,6f5c3afc-b4b5-401a-823d-c7a9f541bcc2
Nifedipine 30mg(m/r) Capsule,8019:1,2937bdc1-79ec-4d7a-aa73-85ebae396f51,34da515b-26d1-4df9-83e5-3201e3ed6e6a
Nifedipine 10mg Tablet,8019:1,e9a5170a-5392-4bef-be02-2b3108e4806b,34da515b-26d1-4df9-83e5-3201e3ed6e6a
Nifedipine 20mg Tablet,8019:1,e87950e2-0e89-4f4b-88b9-31df9449518f,34da515b-26d1-4df9-83e5-3201e3ed6e6a
Verapamil 40mg Tablet,8019:1,17b0abbf-4855-498d-864e-2ed8c0518cab,ef1ccd62-d433-4de2-8978-20c437f019f3
Verapamil 80mg Tablet,8019:1,12b70ece-440d-4f1b-a116-02d66cfd24fd,ef1ccd62-d433-4de2-8978-20c437f019f3
Verapamil 120mg Tablet,8019:1,30767cf1-b2b2-4374-9d99-a38e2763a251,ef1ccd62-d433-4de2-8978-20c437f019f3
Acetazolamide 250mg Tablet,8019:1,41f946e8-ec18-4a19-85c9-2ebf52f8f5d2,bd0e696d-e893-436a-afd7-19005b64de37
Paracetamol 120mg/5ml Syrup,8019:1;8021:1,7c11ce40-2ca2-4ce7-a810-0f6cc5f40456,cadb8343-e5ae-45f2-ab0d-4322eafb8038
Paracetamol 500mg Tablet,8019:1,d351efa7-bc08-46b5-8c82-b1f8f44b9ecc,cadb8343-e5ae-45f2-ab0d-4322eafb8038
Paracetamol 100mg Tablet,8019:1,a147b9ab-889d-4606-84dd-8a0c164fea8d,cadb8343-e5ae-45f2-ab0d-4322eafb8038
Indomethacin 25mg Capsule,8019:1,4891bb86-d7a9-4af4-a6d5-f181f9490046,611e84e8-ced5-4e7d-8352-81c0ce671c46
Indomethacin 50mg Capsule,8019:1,a2f58c93-a13e-4de0-93e0-0bca5b91e4a3,611e84e8-ced5-4e7d-8352-81c0ce671c46
Indomethacin 75mg Capsule,8019:1,a75118d3-b94a-4dae-9072-f4c68d73bbc4,611e84e8-ced5-4e7d-8352-81c0ce671c46
Indomethacin 25mg/5ml Syrup,8002:1,51350e47-dcdf-4897-8831-b57c92bd46dc,611e84e8-ced5-4e7d-8352-81c0ce671c46
Ibuprofen 200mg Tablet,8019:1,93066467-126c-469c-82e2-4567c189b51d,bdaab1d7-2627-40a0-84cf-086b605221a3
Primaquine Phosphate 50mg Tablet,8019:1,079c5cd5-58ee-4d7e-90be-e2e5765fac90,7f8dee07-43a6-4b92-b641-c24a6ba51642
"Nystatin 100,000IU Cream (Vaginal)",8013:1,84fc53b7-b5f0-434b-9bd3-9c069e8ffe35,8b867d47-5d4d-41f9-9b0a-04771c4b83a6
"Nystatin 100,000IU Pessary (ovules)",8013:1,3667a020-0718-41f8-97d4-0b75c7daa2a0,8b867d47-5d4d-41f9-9b0a-04771c4b83a6
Magenta + Boric Acid + Phenol + Resorcinol + Alcoh 400mg + 800mg + 4gm + 8gm + 8.5ml + 4ml Solution,8002:1,c8a1fc71-a163-48db-8d25-20223a0348d3,ddc5b01a-4261-4ce6-a124-ddeb7882b1e5
Proparacaine HCL 2% Injection,8000:1,eecf7107-6bcc-4d1e-866a-56505171f2ae,92ed22bf-bbfa-41c2-a059-c39bcaf5c752
Pilocarpine HCL 2% Eye Drop,8021:1;8008:1,57e36298-37f8-4a90-b01b-b07b6a88124a,c5c7b0b7-17ad-45a1-b033-927873629771
Erythromycin 0.5% Eye Ointment,8029:1,b2a9c16d-b04b-4072-873a-592bac8a3ff9,cc7ca740-7522-4b76-890e-f0eb1aad2921
Ketoconazole 2% Cream,8021:1,28147a4d-4be5-476e-b8da-97ea735728d7,ebd9878c-2146-43d5-82b4-22733bb58f56
Captopril 12.5mg Tablet,8019:1,35cc525f-fc84-47b2-8659-4cb33e29d0eb,2359294e-1aad-40a7-b81a-4d45f1882a7e
Captopril 25mg Tablet,8019:1,209e04b1-c5f4-4d4d-b25e-e5e65013d7d0,2359294e-1aad-40a7-b81a-4d45f1882a7e
Tolmetin Sodium 400mg Capsule,8019:1,9b6bd467-8c21-4338-b402-b3af2d9cc305,d63abc0a-e070-4c00-842c-55da6717684d
Captopril 100mg Tablet,8019:1,99ff4328-f492-4120-ac7c-facb18c7604f,2359294e-1aad-40a7-b81a-4d45f1882a7e
Retinoic Acid (Tretinoin) 0.025% Gel,8029:1,43f58e5c-5c9a-49c0-8e6f-b9e807b16ac8,5419e766-1419-4dda-a37e-a539bbb5b058
Diphenhydramin +SodiumCitrate +Ammonium Chloride 12.5mg +60mg +130mg/5ml Syrup,8021:1,916d6c2e-f801-4455-ab2f-95e512aaccd3,bf8a8328-4934-4c51-8106-3bf56acce758
Pethidine HCL 50mg/ml in 1ml ampoule Injection,8021:1;8019:1,8cff08e2-cd0e-43f5-ade7-ba36110e11b7,28106365-a678-4741-a360-25577a248945
Azithromycine 250mg Capsule,8019:1,32c24be3-9577-4c79-98b9-7559336303a3,e43478ef-51c7-459c-b267-58b9f8a41fcc
Cephalexine 250mg Capsule,8019:1,aacfd1b0-5fc9-46da-aa91-73e5fb32f2b6,d8355719-7a0c-42ca-8aba-53b4ae203281
Cephalexine 500mg Capsule,8019:1,3def4d7e-8e08-43ab-98d1-c9c0ed831aa3,d8355719-7a0c-42ca-8aba-53b4ae203281
Spectinomycine 2gm/Vial Injection,8031:1;8010:1,1d6d4c22-30c1-466f-846f-8aa6073ca256,93eb27fc-a664-4bb4-af60-dcc67ad646c5
Ivermectin 3mg Tablet,8019:1,50b7b927-7143-4e9d-be47-d29a3ba151d7,6f36e942-cac3-4299-8067-e3f2cf2d2b39
Misoprostol 200mcg Tablet,8017:1,16187a93-c5f3-47bb-8437-047fd002e8a9,40d8b4f7-6c07-4e2b-98ac-12ba6f3ee387
Misoprostol 400mcg Tablet,8017:1,31c15595-4987-4794-b40d-e95700274eb2,40d8b4f7-6c07-4e2b-98ac-12ba6f3ee387
Cyanocobalamine(Vitamine B12) 100mcg/ml in 1ml ampoule Injection,8017:1;8021:1,564e06f0-d01a-428c-be27-260a23b0f44e,9b3db3ff-3551-42c5-992a-a9caa084f221
Clioquinol + Hydrocortisone 3% + 0.5% Ointment,8029:1,667d3649-04fa-4314-8309-359adf2d46bd,c4efd6c7-28c0-44a2-a485-6476e8c46518
Folic Acid 5mg/ml Injection,8000:1,81fb3eb2-1e68-4635-ab6d-9b96dbd39cab,40a137bf-f222-433d-9926-12f85427d3e8
Diclofenac Sodium 75mg(s/r) Tablet,8019:1,7a795f6e-67dd-429a-8f23-9b164c7c1d1e,ac596700-5446-4c02-81e5-cc780905662d
Calamine 5% Lotion,8010:1,f4a8682d-9223-4a8a-81f0-0952de3a0718,8fb0b3fc-110b-46a2-8ae2-c576e3ee9f27
Retinoic Acid (Tretinoin) 0.025% Lotion,8029:1,77f8d0d3-d8a1-485d-8284-c8137a3b6004,5419e766-1419-4dda-a37e-a539bbb5b058
Levocetrizine 25mg Tablet,8019:1,03d3b8fe-2b8a-4c65-92af-f6924ca8f828,ff4b02d8-2616-448d-96cc-0729d7c0acc8
Levocetrizine 50mg Tablet,8019:1,ddc63505-0813-4962-b0a5-5e16d7bad928,ff4b02d8-2616-448d-96cc-0729d7c0acc8
Pure Glycerol 50% v/v Oral Suspension,8009:1,fad1d8e9-a5b3-4e5e-8373-4091ae62b21c,386a33c5-dcb5-4eb3-85cb-07b9e182af54
Pure Glycerol 75% v/v Oral Suspension,8009:1,aa37d0f6-cc7e-4e65-8e7b-6169637bd0ed,386a33c5-dcb5-4eb3-85cb-07b9e182af54
Cimetidine 200mg/ml in 2ml ampoule Injection,8019:1;8021:1,90238cd3-2d34-4913-8968-454c1f8974b0,dab02802-8f52-439b-83cf-fc75faa972a9
Cimetidine 400mg Tablet,8019:1,69c403e6-fa45-4ca0-b50d-8e7407838fe7,dab02802-8f52-439b-83cf-fc75faa972a9
Methyl Prednisolone Aceponate 0.1% Cream,8029:1,3f9d31de-f308-41ae-9539-a090bfff926b,63d787a0-6b23-4fcf-884e-18c69bcda181
Hydralazine 25mg Tablet,8019:1,d6289399-f05e-45f5-9fd9-f033e2125527,a92b1732-3def-4659-9a50-b718aec69279
Erythromycin 250mg/5ml Oral Suspension,8002:1,be9c2549-2c0f-4fef-b286-99bc4f01ab64,cc7ca740-7522-4b76-890e-f0eb1aad2921
Amoxicillin 250mg Tablet,8019:1,7d26dce2-92a2-40b1-bf60-54a554bd03c1,5b40dc12-8cb2-4e18-a5ee-ef9f547dbb9f
Amoxicillin 500mg Tablet,8019:1,0720e7d3-c5e9-4994-a5a8-e704895f4cd4,5b40dc12-8cb2-4e18-a5ee-ef9f547dbb9f
Acyclovir 200mg Tablet,8019:1,61431055-d39b-43eb-92fb-2910df4dfbeb,2a2b33c9-e7c6-47ac-a236-9a97e0bb708c
Chlorpheniramine Maleate 4mg Tablet,8028:1,8dde5917-aff3-4083-9a3d-2081c79758cb,a2c2ad6a-2932-4981-9b7b-cfbec301720c
Codeine Phosphate 15mg/5ml Linctus,8021:1;8019:1,d64a9769-6a73-4b38-a6d4-1a9586927177,71b2cfee-0482-496a-b7ff-7240f5a3be26
Clotrimazole 1% Lotion,8029:1,25d7403e-66ef-42ee-b7c6-f8416b2f15a6,280e2de6-13e0-41ed-a4a0-ea1b471b4005
Ketoconazole 2% Shampoo,8021:1,081d429a-b8fc-4acb-83a4-5db6450a0828,ebd9878c-2146-43d5-82b4-22733bb58f56
Water For Injection 10ml Injection,8021:1,35c6dd20-3483-4063-a7d1-3b9b63c8a41a,f4c74501-6de8-4ec5-8acc-2509589b29f9
Salbutamol (Albuterol) 2.5mg/2.5ml Solution,8019:1;8021:1,d423a683-24fa-4840-979b-0e39c55c135a,762927eb-fc0b-48d1-8eb0-65806dde36fd
Salbutamol (Albuterol) 4mg Tablet,8019:1,f9858628-b9fd-4a1c-a86a-f8d82e4099df,762927eb-fc0b-48d1-8eb0-65806dde36fd
RHZE (Rifampicin + Isoniazid + Pyrazinamide + Ethambutol) 150mg+75mg+400mg+275mg Tablet,8028:1,f6cfc983-56db-4f33-9410-6f01737579b0,9171eff3-9796-4511-bef8-5f160f3147b3
Isoconazole 2% Cream,8029:1,f042402b-de77-45fa-8596-78518cdf9d2e,dc28abb8-5b44-461b-a868-70852f302c08
Levonorgestrel(D Norgestrel) +Ethinylestradiol and Ferrous Fumerate 0.25mg + 0.05mg Tablet,8028:1,3cf1de56-7449-4238-aed5-9fbe33a8828e,e6db5bd2-5b59-4df7-8a3f-3a10ffc459c6
Levonorgestrel(D Norgestrel) +Ethinylestradiol and Ferrous Fumerate 0.5mg +0.005mg + 75mg Tablet,8028:1,7021d053-625e-4baf-b675-c1d265bd16d6,e6db5bd2-5b59-4df7-8a3f-3a10ffc459c6
Digoxin 0.05mg/ml Elixir,8019:1,943b65f2-352a-44a7-839b-8eacea43d354,e077b72e-b6f5-4bdb-bb48-0bc2f806e3bd
Levonorgestrel(D Norgestrel) +Ethinylestradiol and Ferrous Fumerate 0.3mg+ 0.03mg Tablet,8028:1,86b6dbf9-4c91-40ae-b059-3c3d48d30b79,e6db5bd2-5b59-4df7-8a3f-3a10ffc459c6
Artemether 40mg/ml Injection,8019:1;8021:1,4a65b5a7-33f1-482f-8edf-8b7d86ad184d,f43a3209-40b9-4b55-a77a-e38006c8be40
Ciprofloxacin 250mg Tablet,8019:1,63da4db0-1f5e-4153-ae19-b3359421c562,f8e5dce6-bbf4-416e-9966-f08e47613771
Ampicillin 125mg/5ml Oral Suspension,8019:0;8021:1,abddbbf9-293e-42b0-9bdb-a557731b1b2e,1069e450-4939-4bb0-95fc-e0aaa19a617b
Ferrous Sulphate 200mg Tablet,8019:1,47c2ba1b-60d9-4535-9032-1b771d4cc5b1,6ea4c869-f60c-4e4a-8f09-6b4cb0e8a2fd
Albendazole 400mg Tablet,8019:1,f485718d-d7ae-471a-9a55-a92088749b3f,2708c578-4e6b-4e94-b127-76a35301acd0
Water For Injection 5ml Injection,8021:1,a9ba0fa2-2df1-4d41-a3eb-4af486fb01b2,f4c74501-6de8-4ec5-8acc-2509589b29f9
Probenicid 500mg Tablet,8019:1,262af722-3884-442d-b13f-ed6bb9529fc6,74e2b6fb-a276-4eb5-8111-c4e650ba3348
Cloxacillin Sodium 250mg Capsule,8019:1,e530fb6f-63f9-4870-a91e-12355a6ad851,59961191-19e8-4adc-9062-c5d8268bc012
Prednisolone 15mg Tablet,8019:1,a04ec4df-aa52-4645-af1f-63633708cf0c,a1247ab5-5103-4a2b-b64d-1de1db745560
Vitamin B Complex Preparations Injection,8000:1,7ab9708c-851e-4db0-bcfb-db01d0643202,1f13806f-0c50-435c-9e37-50c3e0700d08
Tribenoside + Lidocaine 400mg+40mg Suppository,8027:1,7ade8008-387c-49cd-9965-9bff33aec643,5cabcd83-5b0f-4974-bb6a-8331537ac6c9
Lamivudine + Stavudine 60mg+12mg Tablet,8028:1,a1acbb7c-8c4e-4294-9794-f370eee8d09f,be46f474-0b80-460f-a293-b165b520aeea
Fluconazole 100mg Tablet,8019:1,be9107e2-fc68-402c-a40d-e45dd2ea9dfb,43c52bd0-d39a-41e9-a0e2-c032b98cc503
Fluconazole 50mg Tablet,8019:1,156abf19-42bc-475c-9785-1da657e7b7df,43c52bd0-d39a-41e9-a0e2-c032b98cc503
Ranitidine 150mg Tablet,8019:1,547e3be1-d993-4652-827c-356de570ad67,a60e4760-8f72-47aa-a3d3-0de2c6aeb3c3
Thioridazine HCL 25mg Tablet,8019:1,58ac07e4-65ef-4351-ad22-09a0909dc652,c31b5e0d-76b4-4e07-9c55-3ecd41211b66
Chloroquine Phosphate 150mg Tablet,8019:1,869dcc08-3e2a-4828-8e6b-bfb69a5b7fef,7af06b07-54b0-40e5-937e-732ff83ad523
Didanosine 50mg Tablet,8019:1,9bd63e13-df99-445a-be46-cea3cad62292,aed97f5d-c903-4bb8-b832-887256b255bf
Vitamin C 500mg Tablet,8019:1,28cc0afc-85f8-4919-8340-d0676eafd516,1b77678a-51c5-4c15-b535-1f44f0980fa0
Balanced Salt Solution 500ml Eye Drop,8021:1;8008:1,c2a28ea3-0a09-46f4-900e-889de16d8b97,04f917e4-9ad4-4d30-aff4-d31df71521e8
Clotrimazole 1% Ointment,8029:1,9fec155d-0277-490b-bb65-1e0b73e26715,280e2de6-13e0-41ed-a4a0-ea1b471b4005
Dimenhydrinate 50mg Tablet,8019:1,1e25136f-c663-4422-8ee2-5cc262d5a6ee,9e3f0299-2b09-4b53-a78e-0ce704f89c01
Bismuth Subgallate + Lidocain HCL + Menthol + Fluc 100mg + 40mg + 5mg + 0.1mg Suppository,8027:1,1aa0c83e-b395-438a-80a5-75fdf3e55e91,8c885e68-afa5-4c81-a29f-afb0bc76eec6
Cephalexine 250 mg/5ml Oral Suspension,8021:1;8019:1,01ede5b4-a18b-4628-ade3-4d2410d757cb,d8355719-7a0c-42ca-8aba-53b4ae203281
Diclofenac Sodium 100mg Suppository,8019:1,2c81b654-878f-4e7e-b5ab-fd4f5dbaa8d2,ac596700-5446-4c02-81e5-cc780905662d
Ephedrine HCL 125ml Syrup,8021:1,041639f4-a4fc-4850-9665-967923d08c21,427c1cab-775b-4867-b93a-70d4ba447ca6
Famotidine 40mg Tablet,8019:1,72b35f3a-66d8-4a2e-b6a6-a9580a6cb6b7,f5624f21-7135-4d7b-a2d1-6831ebbe83ce
Ergometrine Tartrate 100mg Tablet,8019:1,480acd25-ff25-4003-9ca5-939ba1acb8cc,08acf345-dd9a-4bb5-8021-eee8f06cc629
Bromazepam 3mg Tablet,8019:1,1aff93f8-747c-4ab6-9c8b-ca918291f77c,7e2df387-e179-443e-9d81-f596397cbc17
Chlordiazepoxide 10mg Tablet,8019:1,b1cfa073-a6e8-40a1-b971-f1c09e59c128,a4dbeeb6-3735-48f7-ad0c-c5357a730513
Clonazepam 2mg Tablet,8019:1,abd80fc7-5189-4e42-adb6-681f4fc5c678,2f0d890f-e0bf-41ed-a107-fd673cf27561
Trichloethylene 500mg Tablet,8019:1,c3842bb1-3ed5-4eb8-b362-fb34aa2f2d10,ab09105b-5372-4ece-a401-7bf6b1921170
Amyl Meta Cresol + Dichlorobenzyl Alcohol 0.6mg +1.2mg Lozenges,8009:1,787bb901-bb15-472d-a899-f1fe49258655,dc001cc5-627c-41f1-8dc2-fa65d476dd57
Beclometasone Dipropionate 50mcg/dose Aerosol,8024:1,214cacc9-3ffa-4761-8b64-c5001014ab6b,71cc5759-a138-45bf-a97b-4a6df15a3fe7
Dequalinium Chloride 0.25mg Lozenges,8019:1,1d9baf11-8343-4b30-ad31-be6c4beeff06,366c6e4b-ce1d-40a3-9f44-f0c0a17cb8e2
Ephedrine Sulphate 1% Solution Nasal Drops,8009:1,a591f249-b471-4986-857c-52ddd0d9588c,95edb2e4-4cb4-4e01-b160-6e739c4bf06b
Hexetidine 0.1% Solution,8021:1,1134fc8f-0e60-460a-9d15-45bc993b8178,9d1bf9e1-d272-4f65-a577-7bfbdb200175
Mentol + Eucalyptus Oil + Light Magnesium Carbonat 2% + 10% + 7% Inhalation,8024:1,f2a242c3-a31a-4392-8172-ced7ecdc315b,33f3ebb4-d197-48b8-8257-680ae846f483
Mometasone Furoate 0.05% Nasal Spray,8024:1,0428296c-d88e-48d3-8e29-ca6d2b82bd54,cb49b03f-237c-445d-95c5-6bd6fd92d989
"Sodium Polystrene Sulphonate pdr 100,000 Units Pastilles",8030:1,e1ff8797-0c78-46a6-9be7-ff99cc3fc7e8,60f8919b-a812-40f8-8cb7-730cae4e7c7d
Oxymetazoline HCL Jelly,8029:1,2c83bc8e-db7a-4ca3-b9b3-171dbca6985c,16ae1094-348d-467b-aa3e-8fcc3eb5abd4
Phenylephrine 0.25% Solution Nasal Drops,8008:1,49a55c09-fd80-4b25-a4d2-c5af4eed11b5,a74dd1b4-392a-45b1-83c1-cebe495c06b9
Phenylephrine 0.5% Solution Nasal Drops,8008:1,e27f7254-73ff-4763-9949-9f9c624defa8,a74dd1b4-392a-45b1-83c1-cebe495c06b9
Phenylephrine 1% Solution Nasal Drops,8008:1,487a264e-cd0b-4691-90ab-dd274d1bb847,a74dd1b4-392a-45b1-83c1-cebe495c06b9
Povidone Iodine 10% Solution,8009:1,6becb0e7-9f8e-4413-ae14-ac1785d83ed8,8732a7d2-8040-4c71-8ff4-81c27cb4bac4
Pseudoephedrine HCL 30mg/ml Syrup,8002:1,3f318ddb-b82f-4b41-b28b-1484831cd13e,84bf45a1-8704-4db7-9713-a5ee8a060c04
Triprolidine HCL 0.1% Oral Paste,8009:1,99f15310-0d3c-49c5-8544-e2a383ef6e4f,3fd4f879-91a8-4524-8b34-12a041ba8963
Xylometazoline HCL 0.1% Solution Nasal Drops,8008:1,93f68a33-d3fb-4850-94c3-d9ae5d7b11ac,3f1d68e5-58ec-4748-bbd2-8508d558982e
Clotrimazole 10% Cream,8010:1,2df82d38-6aaa-4eb5-8849-dd4a19d56c49,280e2de6-13e0-41ed-a4a0-ea1b471b4005
Fluorouracil 4% Cream,8029:1,49741397-7f22-46be-ac41-441542cb4b81,e8620c45-412c-4567-b2f6-4b301c296088
"Nystatin 100,000IU/g Ointment",8029:1,cbf4738b-2b5c-456c-a6aa-8dea0b965242,8b867d47-5d4d-41f9-9b0a-04771c4b83a6
"Neomycin + Bacitracin 5mg + 500,000IU Ointment",8029:1,d1390ce6-5dc1-4bc0-b98a-d48b25c59ed0,58e3e1a1-ebf6-4758-96e4-bfbab94c76f6
"Beclometasone Dipropionate 0.025%,0.05% Cream",8029:1,d5c2ddc0-6d82-4f01-8ade-bf9cae40c64c,71cc5759-a138-45bf-a97b-4a6df15a3fe7
Zolpidem 10mg Tablet,8019:1,70fdd4af-97f7-426f-bde3-cd586dcaf37d,0b13b34d-5a27-4e3e-ba2c-be335819a5dc
Aluminium Hydroxide + Magnesium Hydroxide 400mg + 400mg Tablet (Chewable),8028:1,875f090a-b7fb-4308-bb64-0c4acb05b1a1,be5f649f-03bb-42cc-8112-aac3e5c697c8
Alphachymotrypsin 300units Powder for injection,8030:1,82c2c7eb-1060-4b30-8f04-6785625a9955,1ebb3214-0e03-4ab7-8e43-90a2334bf4ba
Salicylic Acid 5% Ointment,8029:1,8c713c1e-64a0-4272-9c35-f77ed7e1a02d,109c33c2-cfe4-499d-b57f-48dd5e5de17c
Trifluoperazine HCL 1mg/5ml Syrup,8019:1;8021:1,5a383ae3-c55b-4f14-99b7-92cff0d4c5e0,9e80d282-541f-4d68-8049-6faba78a9e6e
Miconazole 2% Cream,8009:1,d2bb7a51-f0a9-496e-b559-05c214bdf6a3,28592ce1-6abe-4e77-b64d-ad9c066c271c
Miconazole 2% Tincture,8029:1,1a6c8b70-b96c-4a84-a8d7-8528531805ff,28592ce1-6abe-4e77-b64d-ad9c066c271c
Selenium Sulphide 2.5% Suspension,8002:1,2c65a3c3-24c7-484b-8bf6-cf2981ab31a7,6548a329-2334-41ca-b241-b5b051c0affa
Dichlorobenzene +Turpentine Oil + Chlorobutol 2% + 10% + 5% Solution Ear Drop,8009:1,7ce8b2ec-f6d8-41df-af27-40d5b491ec92,11cd645e-fbf7-4fc8-b0f3-aeb0b45e6fff
Zolpidem 1% Solution,8002:1,63bb8322-3335-43a7-a1db-6d24db39fa58,0b13b34d-5a27-4e3e-ba2c-be335819a5dc
Hydrogen Peroxide 3% Solution,8021:1,9a7c3709-b6c8-43f0-916e-f55e55d3bf58,d3ce17e8-b93a-4670-b586-88dfc58e15e5
"Neomycin Sulphate + Hydrocortisone + Polymixin B Sulphate 5mg + 10mg + 10,000U/ml Ear Drop",8008:1,4c6d7e09-fa77-4ca5-9edd-479c05a187cf,92a4819e-2a92-465d-a737-7fcf14fcf728
Oxytetracycline 0.5% Solution Ear Drop,8021:1;8008:1,30228779-ff2e-4f9b-91e3-ed99b1c98087,89a2bd08-7b57-44d5-a876-7be090f6455f
"Oxytetracycline HCl + Hydrocortisone Acetate + Polymixin B Sulphate 10mg + 5mg +10,000U/ml in each ml susp. Eye/Ear drop",8008:1;8021:1,434a9fe4-eafc-4b5e-b7dc-b34403a1e1ca,4833407b-d41f-491b-9a8c-5baff9983409
Protamine Sulphate 4g/15ml Syrup,8010:1;8021:1,37a587c1-6ce4-431c-a286-26c0ff750773,de4ef061-e36b-4d43-8015-af77066cf396
Acetic Acid Ear Drops 2% Solution Ear Drop,8008:1,feecc1cc-d182-4206-8763-0a530446b4c5,6eb69628-5d33-422d-932d-ab9a80131188
Calcium Gluconate 4g/15ml Syrup,8010:1,b6281f9c-1a39-4dfe-903e-6df27965e851,5b63296a-4a6e-49a3-bab5-f2355e32d599
Potassium Chloride 300mg Tablet,8019:1,27d00f94-5260-4ec2-840e-037697af910b,82228508-9ed0-4ace-b80a-3b26cf323346
Terfenadine 500mg Tablet,8019:1,3ee18c3a-412c-4c7d-9e7f-d188d7c7651f,3ee4bf99-f7c3-4b5f-9025-428cf1eddc39
Terfenadine 750mg Tablet,8019:1,03ca0bfa-ff2f-4c30-9260-c9e599795ac2,3ee4bf99-f7c3-4b5f-9025-428cf1eddc39
Terfenadine 1g Tablet,8010:1,35fa6094-8be3-46a6-86c5-07515ce9a256,3ee4bf99-f7c3-4b5f-9025-428cf1eddc39
Ammonium Chloride 500mg Tablet,8019:1,b7dfba10-1406-4d69-b8bd-77b8d4be1c4b,278d4aa1-baf3-4c72-9b56-4942356a81d2
Calcium (Ionizable) 1g(eff.) Tablet,8019:1,74687122-51e4-4bba-9298-f347f644faf2,78d26051-5c05-4a12-8cf6-0f35378179af
Calcium Glubionate + Calcium Galacto Gluconate 28.75g + 5.9g/100ml Syrup,8021:1,633868a4-05a7-470c-90d2-2316087cb5c2,103bc879-621e-4fd0-9035-e9cfe41610d4
Sodium Bicarbonate 500mg Tablet,8019:1,3e1bbc40-d1ff-405b-af6a-ae1e0444d69e,351fab8e-6966-4ab1-8d4b-aa708c8f09c1
Sodium Chloride 650mg Tablet,8019:1,cbe20eb6-bd96-44f3-b0ff-fa47509c2094,8f8f2b2d-debd-49a5-bac3-752f5c81dedb
Sodium Chloride Tablet,8028:1,a0d6aebd-a369-4907-8646-14f7e76637fa,8f8f2b2d-debd-49a5-bac3-752f5c81dedb
Dextrose 10% in 500ml IV Infusion (Injection),8021:1,e6e22ff5-aba3-40a3-85f7-b2a22e2c606b,0afe1abb-e974-4655-923c-3fdfc7623c58
Dextrose 10% in 1000ml IV Infusion (Injection),8021:1,84a35d41-1434-46d8-bc86-2e7bdad9297b,0afe1abb-e974-4655-923c-3fdfc7623c58
Pyridostigmine Bromide 5mg/ml in 1ml ampoule Injection,8021:1;8019:1,4ecc0526-28f7-42a0-9c2f-a94128167ec5,793d1141-170c-4d92-9ae8-cf602b83b437
Lactated Potassium Saline (Darraw's) Soultion (Half Strength) Each 1000ml contains;K+ 17.5mEq IV Infusion (Injection),8001:1,90a5a753-d934-4565-8c43-171d529cc8a4,8e8e6082-3c50-47e0-9738-3f5d1bd5d1b5
Pyridostigmine Bromide 10mg Tablet,8019:1,4619e52d-e10a-4cb0-97cb-a21eda49116b,793d1141-170c-4d92-9ae8-cf602b83b437
"Sodium Chloride 0.9%(Normal Saline),500ml Iv Infusion",8021:1,8532e0ad-562e-470f-a21f-b4f3fb435382,8f8f2b2d-debd-49a5-bac3-752f5c81dedb
"Sodium Nitrite 0.9% (Normal Saline), 1000ml Iv Infusion",8021:1,a75cf4ce-7b68-4414-a6a2-ff4ea321195f,ff80f42a-9958-48fc-8d02-b5dcaf4e8ead
"Sodium Chloride 3%(Normal Saline),235mg/ml in 500ml IV Infusion (Injection)",8021:1,1ae8a5fc-0d7c-489e-970d-95a1a2951482,8f8f2b2d-debd-49a5-bac3-752f5c81dedb
Ringer's Injection Solution Each 500ml contains; Na+ 147mEq + K+ 4mEq(500ml) with giving set IV Infusion (Injection),8021:1,3b7002ce-3b3b-4358-ac47-3d2ffcfd34c5,86d2a504-4a17-44f5-a305-d8ab098d93d6
Peritoneal Dialysis(No.1) Each 1000ml contains; Na+ 130 140mmol (2000ml) IV Infusion (Injection),8021:1,d5baecb3-ba08-481e-901d-f6850a8e57b0,6f240596-fc9d-4e07-9ced-6bbe2095733b
Peritoneal Dialysis(No.1) Each 1000ml contains; Na+ 130 140mmol (1000ml) IV Infusion (Injection),8021:1,d038b75a-bdab-4edf-8879-1ef2aecc7a88,6f240596-fc9d-4e07-9ced-6bbe2095733b
Peritoneal Dialysis(No.2) Each 100ml contains; Na+ 130 140mmol(1000ml) IV Infusion (Injection),8021:1,262d3676-aaec-436a-bc65-e5bffdfe39f9,6b631baa-cb60-4bb0-855c-9fd80ed280d6
Peritoneal Dialysis(No.2) Each 100ml contains; Na+ 130 140mmol(2000ml) IV Infusion (Injection),8021:1,e9a87a8b-e388-4fdb-8792-a78179ad3255,6b631baa-cb60-4bb0-855c-9fd80ed280d6
Calcium Ceseinate Solution,8002:1,5f52d380-92af-42dd-a823-59a73cec5c15,017f573a-d0a6-4442-8390-5715136af2ec
Soya Based Non Milk Preparations Powder,8009:1,5c5bce7d-12dc-4f07-afe2-0ceac001813c,b52ba390-feda-4270-b527-461d0b1138de
Apomorphine HCL 3mg/ml in 1ml Ampoule Injection,8019:0;8021:1,ac1731d0-bd89-4292-9c61-eced5565ca91,2017fd28-ccb2-4566-98fb-5f5e2aa5d794
Calcium Gluconate(Levulinate) Chloride 10% in 10ml ampoule Injection,8021:1,cf76871b-c345-4edb-90a3-4cd2202186ad,fe6399a4-5246-48be-b4c7-c494c3d474bf
"Digoxin Immune Fab(Ovine)/Digoxin Specific, Antibo 40mg Powder for injection",8019:1,c4cffeee-00a1-40cf-9f72-3c04430baeb0,8601b01d-2fe4-4784-af24-2608f4a81663
Desferrioxamine Mesylate 0.5g in vail Powder for injection,8019:1,fb8a9da5-bdbf-42b9-82f5-5af58711be68,ace05833-2f64-4106-b6fa-85d68a9d67da
Dimercaprol 5% in 2ml Ampoule Injection,8000:1,f7045445-426a-465c-a85b-877e41e62969,a7ecbd6f-4b14-4ad4-ac12-92c003a57754
Methionone 250mg Tablet,8019:1,8f391acd-c201-4e75-9f05-c20a7a5416b2,f6134698-08cc-4c7d-bd55-97a7f807c5b8
Naloxone HCL 0.02mg/ml in 2ml ampoule Injection,8019:1;8021:1,bfcf7083-d1f8-485e-af7d-977b45c8707b,4ee82043-f6e1-423c-a371-f6123f91aeb0
Naloxone HCL 0.4mg/ml in 1ml Ampoule Injection,8019:1;8021:1,75331dc3-833a-4463-ade8-1a9ba0a4af4f,4ee82043-f6e1-423c-a371-f6123f91aeb0
Penicillamine 250mg Capsule,8019:1,728b469e-31f5-4856-9190-2d7f2fed488d,89e222f9-f23d-4e6d-9131-4de856693302
Physostigmine Salicylate 1mg/ml in 1ml ampoule Injection,8021:1;8019:1,9c81612d-6411-4bf8-b9a6-13a80e17906a,2ea7a80e-1690-4814-8f6d-91a9cf5f4c7c
Physostigmine Salicylate 1mg/ml in 2ml ampoule Injection,8021:1;8019:1,17b061d7-d64c-48a7-9798-5515fc130991,2ea7a80e-1690-4814-8f6d-91a9cf5f4c7c
Sodium Polystrene Sulphonate pdr 15mg Injection,8000:1;8019:1,71301c1d-fd52-4e50-8b6c-d1eea61485ef,60f8919b-a812-40f8-8cb7-730cae4e7c7d
Sodium Nitrite 3%(30mg/ml) Injection,8000:1,ba4de800-d81a-4f7e-af39-0c6e0870b8ed,ff80f42a-9958-48fc-8d02-b5dcaf4e8ead
Sodium Calcium Edetate 200mg/ml in 5ml ampoule Injection,8021:1;8019:1,873aeace-abd2-4ea9-8cd1-6b8cf323ce3f,3d869179-fadb-47fd-bafe-3bc1ee1c184b
Protamine Sulphate 10mg/ml in 5ml ampoule Injection,8021:1;8019:1,b15184b1-7fc5-4d8b-8636-fd28bac2fce3,de4ef061-e36b-4d43-8015-af77066cf396
Diclofenac Sodium 12.5mg Suppository,8019:1,9aab9d40-2ac7-47a4-9460-bdaf06e3de91,ac596700-5446-4c02-81e5-cc780905662d
Cetrizine 1mg/ml Oral Solution,8021:1;8019:1,0b9d41c3-c034-45d5-a5c9-6737c8ad68ba,4856ab22-146e-4c2c-a725-0b63b12a0f36
Cetrizine 5mg Tablet,8019:1,72ed3fca-17b6-42bf-bcb0-9cbe3db0ae29,4856ab22-146e-4c2c-a725-0b63b12a0f36
Chlorpheniramine Maleate 2mg Tablet,8019:1,2f9c67a0-05e4-4dd7-bf94-1ae6a67ac576,a2c2ad6a-2932-4981-9b7b-cfbec301720c
Cyproheptadine HCL 2mg/5ml Syrup,8002:1;8019:1,744f096f-687e-4036-9522-d18c35547b03,4faa618b-3b55-467e-bc2d-1988570626e6
Cyproheptadine HCL 4mg Tablet,8019:1,e7413e34-fb20-4eb1-81d1-3972d308c42d,4faa618b-3b55-467e-bc2d-1988570626e6
Cyproheptadine HCL 10mg Tablet,8019:1,74e1599d-b158-4f56-8481-ebd339f8b9e9,4faa618b-3b55-467e-bc2d-1988570626e6
Dexachloropheniramine Malate + Betamethasone 2mg + 0.25mg Tablet,8028:1,683a4589-aabb-43f4-a0ce-623fac045f1c,e78c5eb3-b8eb-4a5d-8ac9-f3d97056583c
Diphenhydramine Hydrochloride 25mg Capsule,8019:1,21d64459-a51f-4689-a833-3266d889bed7,44c86593-aa1c-4a2d-ba2b-bb899de4746b
Diphenhydramine Hydrochloride 50mg Capsule,8019:1,06344361-4e9f-4ae9-bf70-5b00cde44abe,44c86593-aa1c-4a2d-ba2b-bb899de4746b
Diphenhydramine Hydrochloride 12.5mg/5ml Elixir,8019:1,d554ffa3-2b42-4d2e-9eef-5731525aa26e,44c86593-aa1c-4a2d-ba2b-bb899de4746b
Diphenhydramine Hydrochloride 50ml in 1ml Ampoule Injection,8000:1,3cb429c0-fec9-4fcf-a267-07f0514ea9cc,44c86593-aa1c-4a2d-ba2b-bb899de4746b
Levocetrizine 5mg Tablet,8019:1,d9125dde-05f3-432a-a075-4153c2e679a7,ff4b02d8-2616-448d-96cc-0729d7c0acc8
Loratadine 10mg Tablet,8019:1,3eca5ecd-2621-46e4-b12e-da6015bebf95,f82a45b5-8f37-4585-bad2-4930b1ab5880
Pheniramine Aminosalicyalte 50mg Tablet,8019:1,4e0879b6-4265-4e81-ab0f-d860e506cdc8,b22aec66-5c07-427e-bb54-b55480ffdffa
Pheniramine Aminosalicyalte 75mg Tablet,8019:1,1d53933b-c72d-485e-98a0-464d7890861a,b22aec66-5c07-427e-bb54-b55480ffdffa
Promethazine HCL 25mg/5ml in 1ml Injection,8021:1;8019:1,35818c4a-8232-4419-a684-7e6d189279bb,14328927-abfe-437c-8ff7-ffe6b3036bb8
Terfenadine 30mg/5ml Syrup,8019:1;8021:1,9b883d8f-45d9-40cb-91c5-a75c5e0d7ff7,3ee4bf99-f7c3-4b5f-9025-428cf1eddc39
Terfenadine 60mg Tablet,8019:1,235d72a9-1b46-4d22-82e5-b64dd5ae5da2,3ee4bf99-f7c3-4b5f-9025-428cf1eddc39
Triprolidine HCL 2mg/5ml Elixir,8021:1;8019:1,0cd49f52-892a-48cf-8d0e-3e176654dc49,3fd4f879-91a8-4524-8b34-12a041ba8963
Triprolidine HCL 2.5mg Tablet,8019:1,5197d599-f9e3-48d9-8635-7cebd7f3a446,3fd4f879-91a8-4524-8b34-12a041ba8963
Triprolidine HCL 10mg Tablet,8019:1,432660dd-fc3d-4586-8805-b03b0a0a30b4,3fd4f879-91a8-4524-8b34-12a041ba8963
Edrophonium 10mg/ml in 1ml ampoule Injection,8019:1;8021:1,ee8b0afb-0b78-4e90-8f3e-2988a822219c,57b6f191-89a0-4a0d-95bc-edf62855b318
Enflurane 250ml Inhalation,8021:1,55558a6d-782a-42a3-8743-0c9184c5efbc,37698cd9-b033-4fb2-91c5-2a1320c0f0b2
"Ether, Anaesthetic 100ml Inhalation",8021:1,bea6e842-fad8-4acc-9094-effb4fab9cb9,8a412c76-e6c9-4552-b41d-bf2425220cb4
"Ether, Anaesthetic 250ml Inhalation",8002:1,879c78d9-e2b3-42b9-9d8a-e5a3cd077617,8a412c76-e6c9-4552-b41d-bf2425220cb4
Etomidate 20mg/ml in 10ml Ampoule Injection,8019:1;8021:1,5bb79f0f-aa51-4b87-a972-fb9482b9d03c,27cf99b7-473b-4916-80f6-e430f8d5fb7d
Etomidate 20mg/ml in 20ml Ampoule Injection,8019:1;8021:1,cef2f146-1f95-411e-847a-e3562f809017,27cf99b7-473b-4916-80f6-e430f8d5fb7d
Atropine Sulphate 1mg/ml Injection (Sulphate),8019:1;8021:1,c6c4e14f-25cb-4c3c-8cdd-18b1c6f908b1,bb4318a7-9de1-40c9-bbdb-33f63c8b2bbd
Droperidol 2.5mg/ml Injection,8000:1,fbe8e236-197a-4647-888d-1bcc81ab2f8d,67d355b8-5b21-45ad-8347-71923f680753
Glycopyrronium Bromide (Glycopyrrolate) 0.2mg/ml Injection,8000:1,b0c39243-e3b9-4b43-b342-94d7408a3d46,56cdf76d-315e-4c98-a4c6-7dd535a8c819
Hyoscine Hydrobromide 0.4mg/ml Injection (Sulphate),8000:1,ba15ac11-09ac-48f2-a700-5149b1617477,c2f28f7a-fc9f-4f1b-8e6f-edabf33e247b
Isoflurane 100ml Inhalation,8021:1,3df57fc0-eaa2-473c-8ef2-e1d6b66304d7,1df6c3ee-bc92-4202-a8e8-9754eba087a5
Lidocaine HCL 1% in 50ml Vial Injection,8021:1,69abed70-f171-49d3-a671-0691830a8190,6bc927f7-1091-4e3c-b920-e90b3838b472
Hyoscine Hydrobromide 0.6mg/ml in 1ml Ampoule Injection (Sulphate),8019:1;8021:1,8080ed85-1e78-41cf-931e-312b6929c2a4,c2f28f7a-fc9f-4f1b-8e6f-edabf33e247b
Hyoscine Hydrobromide 1mg/ml in 1ml ampoule Injection (Sulphate),8021:1;8019:1,dd4de664-dc52-4c26-ac69-11f00f3295d0,c2f28f7a-fc9f-4f1b-8e6f-edabf33e247b
Acetylcysteine + Hypermellose 5% + 0.35% Eye Drop,8008:1,39a760cf-9b20-4107-a581-6c0f756530ea,a0371cb3-105f-4903-8860-58dcefd0ac11
Neostigmine 0.5mg/ml in 1ml Ampoule Injection,8021:1;8019:1,40900421-3df4-4e4c-9d20-1efd7af7e198,bf5d44f2-ba3d-4b14-be1e-bbe1ea7a9442
Neostigmine 2.5mg/ml in 1ml Ampoule Injection,8021:1;8019:1,b69a7173-4348-474d-a7c3-0ef32388cffc,bf5d44f2-ba3d-4b14-be1e-bbe1ea7a9442
Atracurium Besylate 10mg/ml in 25 ml Ampoule Powder for injection,8021:1;8019:1,ff14a576-bad2-4d85-b8e4-17147b9708b6,12d5cd76-2e69-466a-98ce-b1e57a874922
Balanced Salt Solution 30ml Eye Drop,8021:1;8008:1,302f8ab4-a9cc-43ec-bac5-97bda0f5ea03,04f917e4-9ad4-4d30-aff4-d31df71521e8
Nitrous Oxide Inhalation,8024:1,9b5feb6f-6af3-4304-9a59-d9b4288bee6b,81028d25-b157-4503-9cf6-01fa470a8c6a
Sevoflurane 250ml Inhalation,8024:1;8021:1,a94f9d2c-0771-423f-9c90-7c55745a9b8c,f7030002-e969-4d96-afe0-92352f31e157
Tetracaine HCL 0.5% in 2ml vial Injection,8021:1,beee0a7a-1d36-4ff2-9deb-1c9004dbd256,905c2f85-5053-4421-85ff-f65fb5d2cbcb
Tetracaine HCL 4% in 2ml vial Injection,8021:1,c4aa989e-9ce4-44e6-bbf4-8f881f60081a,905c2f85-5053-4421-85ff-f65fb5d2cbcb
Oxygen(White Colored Cylinder) Aerosol,8009:1,0f62633b-eb3f-472f-a608-3464e07fc50c,2c4e795c-a5fd-4630-b0ab-cd786b5604e7
Calcium Folinate (Leucovorin Calcium) 3mg in 1ml ampoule Injection,8019:1;8021:1,5423f54e-0553-49f6-a358-400e0555df68,96e77332-53e1-4aa2-bf1e-f2aba408d1f6
Clioquinol + Hydrocortisone 3% + 1% Cream,8029:1,40d4585e-28a1-4b49-8bbc-fbd06305f4e9,c4efd6c7-28c0-44a2-a485-6476e8c46518
Epoetin Alfa 2000units/ml Injection,8000:1,4a1a181c-072e-4c97-86c4-e5d3af413a55,b57e139c-7b2e-470c-a4c6-84444941deda
Epoetin Alfa Prefilled Syringe 1000units/ml Injection,8000:1,2051ca58-777f-4d5b-89db-730a115f598b,5ba03e8f-1329-4ac6-8850-011e0fa12515
Epoetin Alfa Prefilled Syringe 2000units/ml Injection,8000:1,b892a214-c304-46b7-8f3c-3e6abb8753bb,5ba03e8f-1329-4ac6-8850-011e0fa12515
Epoetin Alfa Prefilled Syringe 3000units/ml Injection,8000:1,32f9b8cd-3116-457a-ad18-49e5d79c13d6,5ba03e8f-1329-4ac6-8850-011e0fa12515
Epoetin Alfa Prefilled Syringe 4000units/ml Injection,8000:1,20c1e634-cc86-4a91-8b17-486a6accbdff,5ba03e8f-1329-4ac6-8850-011e0fa12515
"Epoetin Alfa Prefilled Syringe 10,000units/ml Injection",8000:1,246ed17e-3376-457d-b81b-47445034ece9,5ba03e8f-1329-4ac6-8850-011e0fa12515
Epoetin Beta 500units/vial Powder for injection,8031:1,c40f44c2-2cbe-4386-8284-6350777bad9f,97b5d149-d5f2-4dd4-bd01-12ea90943794
Epoetin Beta 1000units/vial Powder for injection,8031:1,8d8068eb-f5b1-41ba-9769-31ad6677c835,97b5d149-d5f2-4dd4-bd01-12ea90943794
Epoetin Beta 2000units/vial Powder for injection,8031:1,6f8c7b9f-b1a2-49b3-838a-64d186a121b4,97b5d149-d5f2-4dd4-bd01-12ea90943794
Epoetin Beta 3000units/vial Powder for injection,8031:1,7909242d-1da2-4beb-a13a-7d67b2a1cc25,97b5d149-d5f2-4dd4-bd01-12ea90943794
Epoetin Beta 5000units/vial Powder for injection,8031:1,bd69f61d-b712-4dff-b703-25ea1a7c1123,97b5d149-d5f2-4dd4-bd01-12ea90943794
Epoetin Beta 6000units/vial Powder for injection,8031:1,fc708982-ea61-4db3-9cba-4362c6843bb9,97b5d149-d5f2-4dd4-bd01-12ea90943794
Epoetin Beta 10000units/vial Powder for injection,8031:1,daa3f0ac-0c73-49f9-9dfe-5ca2728a006b,97b5d149-d5f2-4dd4-bd01-12ea90943794
Epoetin Beta 10000units/vial Multiple Dose Injection,8009:1,979de1e5-3019-4744-94f4-ab820ef9b866,97b5d149-d5f2-4dd4-bd01-12ea90943794
Fluoxymesterone 2mg Tablet,8019:1,986299e5-eb36-490f-b4d3-6b6b234da1a8,a04aafe1-01ef-4e4e-a0f4-3e147748af5e
Fluoxymesterone 10mg Tablet,8019:1,d976c3ce-6be6-4f65-a4a3-5431c06eb3e7,a04aafe1-01ef-4e4e-a0f4-3e147748af5e
Iron Gluconate + Manganese + Gluconate + Copper Gluconate 5mg + 1.33mg + 0.77mg Oral Solution,8028:1;8009:1,99963e43-4bcd-4b67-a17c-2043da3060da,2b842492-7ad9-4dae-9962-3a4051610feb
Dalteparin (Antifactor Xa) 5000units/0.2ml Injection,8000:1,0b23a364-2dc7-45ac-b185-b62f1acc5e3d,e0ab321b-f26e-4ace-923b-23f862e5ca9e
Dalteparin (Antifactor Xa) 10000units/0.4ml Injection,8000:1,4322cbe5-4931-4c9d-a31c-0d6af3f1461b,e0ab321b-f26e-4ace-923b-23f862e5ca9e
Dalteparin (Antifactor Xa) 2500units/0.2ml Injection,8000:1,37ee3e60-6138-4d68-8941-f63112852cfb,e0ab321b-f26e-4ace-923b-23f862e5ca9e
Dalteparin (Antifactor Xa) 7500units/0.3ml Injection,8000:1,0a45ef68-6316-426e-a918-d1b6b5f75ee3,e0ab321b-f26e-4ace-923b-23f862e5ca9e
Enoxaparine 20mg/0.2ml Injection,8000:1,30282427-46e4-4437-a8a1-4fab1a781799,5a670e25-536b-4b9a-81e9-00f5a7549070
Enoxaparine 80mg/0.8ml Injection,8000:1,03f35e4e-c84f-4c95-8191-f6507a4783cb,5a670e25-536b-4b9a-81e9-00f5a7549070
Enoxaparine 100mg/1ml Injection,8000:1,ec668270-ddae-43db-8784-8702757ebc67,5a670e25-536b-4b9a-81e9-00f5a7549070
"Heparin 1,000units/1ml Injection",8000:1,8b415d6f-e8a6-4520-9391-a468a1b53146,1cd80a67-9211-4f20-92c7-ec5fd9428ff8
"Heparin 12,500units /1ml Injection",8000:1,d34f1fa3-a5e2-4c81-9a23-d6f12364af06,1cd80a67-9211-4f20-92c7-ec5fd9428ff8
"Heparin 24,000Uspu/5ml Injection",8000:1,19b496a6-2044-4b60-9943-e48414ea4928,1cd80a67-9211-4f20-92c7-ec5fd9428ff8
Warfarin Sodium 2mg Tablet,8019:1,f728c860-3624-439b-8c1e-e2748c969b53,992a09ab-1f86-467b-afaa-02f454fdd7c8
Warfarin Sodium 10mg Tablet,8019:1,846d4015-130b-4c4b-9a90-5f7044e3ea05,992a09ab-1f86-467b-afaa-02f454fdd7c8
Acetylsalicylic Acid 75mg Tablet,8019:1,9c0c3b58-753a-44f2-b78d-f440de922590,847859d5-9b17-401e-8ad7-d206dc581c86
Clotrimazole 1% Solution,8021:1,dfa169e8-aa5b-4602-af15-93da1ebb5b5e,280e2de6-13e0-41ed-a4a0-ea1b471b4005
Clopidogrel 75mg Tablet,8019:1,298c631e-c539-4a95-a1b1-d92757c21a1f,680aaedc-e031-4fda-b4e9-80f86f29db68
Aminocaproic Acid 250mg/1ml in 20ml Ampoule Injection,8021:1;8019:0,a4c0014e-7321-455c-82e1-b35bf0366a9b,28d16b63-d8ae-4225-9a72-c9d6093e5180
Fibrinogen Pdr 1g in vial Injection,8010:1,a5ef21aa-d544-412f-8ce3-a816f2d376c5,75ba854b-0acd-4dec-af2d-2e8103fb0a41
Diclofenac Sodium + Misoprostol 50mg + 200mcg Tablet,8028:1,bbcffd17-4e12-4a9f-a17a-eb7003e8d301,6f02c974-d99a-4d81-a2d7-e1a42234892d
Clioquinol 3% Cream,8029:1,5c3d9200-6496-4acf-bcc4-a5e43e75eba5,edf69a8f-d9e2-4da9-9b68-54e5dcfcbf4e
"Dextran (MW 40,000) 10%w/v in 5% Dextrose Iv Infusion",8001:1,fc10980f-6a95-4302-b759-d367b8dc6075,79ea5d7f-dd35-4fe1-9f46-e8ce3a0e44e6
"Dextran (MW 70,000) 6%w/v in 5% Dexrose Iv Infusion",8009:1,d9fc3eb3-4e58-443e-81ae-db6b5f4f715b,ba848eda-f8f9-47be-b2d2-256aeaccb560
Amiloride 5mg Tablet,8019:1,bb5be6bd-0c00-4fc1-ab57-f26ef616cc98,24097230-9f74-4d4d-b278-0ab274e1b63e
Amiloride + Hydrochlorthiazide 5mg + 50mg/ml Oral Solution,8009:1,c5ebc961-2548-433c-a648-dbb5cb3446fb,aafa97fa-697d-4134-ac5d-120824a9900d
Ampicillin Sodium + Sulbactam Sodium 2g + 1g Injection,8031:1,9c273831-6f1c-448a-80f4-10018b8eefb3,bebebdf2-40e5-48c9-9f5e-1dba1fc181ab
Amiloride + Hydrochlorthiazide 5mg + 50mg Tablet,8028:1,e335b41b-bdd7-484d-bf64-42faec1fabdc,aafa97fa-697d-4134-ac5d-120824a9900d
Frusemide 10mg/ml Elixir,8002:1,69f8905f-ee7c-4da9-9a67-ce89f412c0ee,a2da4096-3318-47f6-8be5-c51c32c8bd42
Glyceryl Trinitrate (Nitroglycerine) 2.5mg(e/r) Capsule,8019:1,02bec6dc-3cad-4c59-91db-de3eb2cbe914,d7b1b4df-2802-446e-9a33-e50ae3e6c260
Mannitol 25% in 50ml Ampoule Injection,8021:1,414a0737-3728-49cb-873f-dd0356d4127b,a2c3c37c-f290-4b87-8144-3ba4cfe02e0a
Metolazone 2.5mg Tablet,8019:1,63f2f36f-85ac-44a0-8c3c-b7191629f03b,8bd49b0d-639d-4c68-be54-2e8ea04b7d59
Metolazone 5mg Tablet,8019:1,c7639177-25d2-4da0-aa24-89f5f577c2bc,8bd49b0d-639d-4c68-be54-2e8ea04b7d59
Metolazone 10mg Tablet,8019:1,5f5562ed-6f1b-4ca3-94df-4f59788e025f,8bd49b0d-639d-4c68-be54-2e8ea04b7d59
Spironolactone 100mg Tablet,8019:1,9fd19057-7d7c-48b7-8e3a-ad1c687d44f3,b45f7749-ca48-4714-ba83-4ef552bd8544
Erythromycin 1% Ointment,8029:1,658818eb-a1db-4b93-922d-5b6d665328fa,cc7ca740-7522-4b76-890e-f0eb1aad2921
Erythromycin 2% Solution,8002:1,e82bf30c-1a1a-46d2-a669-b54e1d4174ad,cc7ca740-7522-4b76-890e-f0eb1aad2921
Amrinone Lactate 5mg/ml in 20ml Ampoule Injection,8021:1;8019:0,9321f7d7-05dc-4948-9aad-855fda74ad28,55ddf06c-9e4c-4545-906e-ef6b0e5b54a4
Digoxin 0.25mg/ml in 2ml ampoule Injection,8019:1;8021:1,6a294902-8465-4d93-838d-4c1b0d906e43,e077b72e-b6f5-4bdb-bb48-0bc2f806e3bd
Isoprenaline (Isopreterenol) 0.02mg/ml Injection,8021:1,bc65f288-9160-4593-a289-25287f52b19e,2a91d321-1cbd-4b63-91c5-daa4e0dc0df6
Isoprenaline (Isopreterenol) 0.2mg/ml Injection,8019:1,55df25ae-0f37-41a4-857a-ed0b3690fa6e,2a91d321-1cbd-4b63-91c5-daa4e0dc0df6
Levarterenol (Noradrenaline) Tartrate 8mg/ml in 1ml Ampoule Injection,8021:1,88b01dc9-c9d0-4550-bd40-f5410641cf2f,9b525c03-95c8-42f5-a16c-12329ced2e71
Phenylephrine HCL 10mg/ml in 1ml ampoule Injection,8019:1;8021:1;8008:1,d41653d5-6c06-4359-8664-3c3e812d7873,a80c646d-3770-4ee2-8602-f03d173c9af9
Alfuzosine 2.5mg Tablet,8019:1,77b943a2-9849-4c52-bb71-be842c444492,acf86265-bf28-4989-81a8-14eb0d3c443d
Amiloride + Hydrochlorthiazide 2.5mg + 25mg Tablet,8028:1,4e7ac625-827a-44c4-aadc-5b77c8bf5cd8,aafa97fa-697d-4134-ac5d-120824a9900d
Clioquinol 3% Ointment,8029:1,ceab1b76-ff71-4aea-b5f4-ca4efbdd4dde,edf69a8f-d9e2-4da9-9b68-54e5dcfcbf4e
Amlodipine 2.5mg Tablet,8019:1,cd14aa87-b28d-4553-8895-bbcd7848f63d,a5fe81c9-9f03-45cc-aa91-68b1e91236da
Amlodipine 5mg Tablet,8019:1,1fd3ec30-58ee-40b8-9a98-81f2ce28b82d,a5fe81c9-9f03-45cc-aa91-68b1e91236da
Amlodipine 10mg Tablet,8019:1,fcc0cf46-6440-4161-9575-49ef0f7bbe48,a5fe81c9-9f03-45cc-aa91-68b1e91236da
Digoxin 0.25mg Tablet,8019:1,837d72a7-ef12-4ed1-9ae3-e3db5e851669,e077b72e-b6f5-4bdb-bb48-0bc2f806e3bd
Morphine Sulphate 20mg Tablet,8019:1,23f486d3-dfdd-490b-b15d-9bd3030bc048,d6fee6ef-6daa-4212-bba0-93e563dd459a
Morphine Sulphate 30mg Tablet,8019:1,b4790ece-0616-4ca7-8d76-79536c354a54,d6fee6ef-6daa-4212-bba0-93e563dd459a
Paracetamol 250mg Suppository,8019:1,90bd88f7-fb2d-4cbd-841e-78e848603f25,cadb8343-e5ae-45f2-ab0d-4322eafb8038
Pethidine HCL 50mg Tablet,8019:1,128c3b56-be7f-4d27-9437-f057f872721f,28106365-a678-4741-a360-25577a248945
Sumatriptan 100mg Tablet,8019:1,74eeb553-9f51-4aa1-980a-c8338c65d226,bbc033d7-ebda-4618-b15e-ffc0975b9267
Chlormezanone + Paracetamol 100mg + 450mg Tablet,8019:1,21c737db-eb78-49e3-8c75-bdbb43fe4a91,9e1c57c3-f1ad-409c-bad7-116340a6402c
Dantrolene Sodium 50mg Tablet,8019:1,3d327642-6f8f-4051-8eb0-a66df4d70a88,4b006ec5-290f-4a26-a33f-9e6571abd4f3
Methocarbamol 500mg Tablet,8019:1,ef576a75-b09a-4869-8e1b-1301f54bd6ff,b1ac2bf4-0159-4d74-a574-b32d71f40ba6
Dantrolene Sodium 25mg Tablet,8019:1,61e6e5ca-8769-4e5f-8b43-f87ab0625b73,4b006ec5-290f-4a26-a33f-9e6571abd4f3
Bretylium Tosylate 50mg/ml in 2ml ampoule Injection,8021:1;8019:1,3148a8cb-5eca-451b-976c-cd4b08b95b65,bb0db044-4d25-4f05-baef-8ac6896516a8
Metoprolol 1mg/ml in 5ml Injection,8019:1;8021:1,85695543-c4c4-4116-8e18-174f20619073,7be90991-3e85-45f3-b871-20719a8fc9b0
Orphenadrine Citrate + Paracetamol 25mg + 450mg Tablet,8028:1,5cc911dd-8a41-44f6-b1fe-08f002934b35,622160da-a7c4-4e29-95df-71417c90b910
Metoprolol 200mg(s/r) Tablet,8019:1,bbba065d-733a-4df2-b27d-16231011952f,7be90991-3e85-45f3-b871-20719a8fc9b0
Mexiletine HCL 50mg Capsule,8019:1,bd695996-81f8-45d4-bca9-03b4ad94ac41,40596572-d57d-470e-97fc-a446f646ec34
Mexiletine HCL 200mg Capsule,8019:1,c7489a91-cb33-485b-b717-15006af74f85,40596572-d57d-470e-97fc-a446f646ec34
Procainamide HCL 100mg/ml in 10ml Ampoule Injection,8019:1;8021:1,8fe54dd7-8106-4466-84e8-d64a0b586ff5,e2a6c40b-55a2-4247-9d7e-d706da6f46fd
Mexiletine HCL 25mg/ml in 10ml ampoule Injection,8021:1;8019:1,5b179f27-7187-4242-932d-a789357367b9,40596572-d57d-470e-97fc-a446f646ec34
Procainamide HCL 250mg Tablet,8019:1,d0c076e5-f006-4038-ab53-ad5d6d964f76,e2a6c40b-55a2-4247-9d7e-d706da6f46fd
Quinine Sulphate 200mg Tablet,8019:1,eb4b3edc-f63b-45a9-8b02-3dc22c312635,df1f8146-317a-4b9a-804d-c72037b2d037
Sotalol 80mg Tablet,8019:1,b7b9521e-3bf9-4814-a6df-29b6b8f9cfed,75941bdb-8772-4831-9592-9f43bf999f03
Sotalol 120mg Tablet,8019:1,cc2faad1-f933-4ad6-855d-f97938cd2c13,75941bdb-8772-4831-9592-9f43bf999f03
Sotalol 160mg Tablet,8019:1,bc238117-01ed-4311-b32e-f726b2f70381,75941bdb-8772-4831-9592-9f43bf999f03
Calcium Carbonate 350mg Tablet,8019:1,7d6dd53a-db8c-4b72-8535-9330348e5f72,f9b534f9-5e13-4401-88cf-1a156779e082
Hydroxypropylmethylcellulose (Hypromellose) 1% Eye Drop,8008:1,fdf57892-f6f1-4d57-969f-0fd09b6053c8,6a6c04e5-f9ad-4d85-9c1e-4696eaee4f7d
Fluorescein Sodium Eye paper (sterile strip),8009:1,a6c56aad-84a6-4685-a8f2-47b9cd2a91e0,6d4df341-b5ef-49fa-a1d3-f87169acf1e5
Fluorescein Sodium 5% in 10ml ampoule IV Infusion (Injection),8021:1,3f17abcc-70d2-4c7f-b611-71529fb13690,6d4df341-b5ef-49fa-a1d3-f87169acf1e5
Hydroxypropylmethylcellulose (Hypromellose) 0.3% Eye Drop,8008:1,33b67bd4-8f17-46b9-bc08-b7e83109d369,6a6c04e5-f9ad-4d85-9c1e-4696eaee4f7d
Glyceryl Trinitrate (Nitroglycerine) 6.5mg(e/r) Capsule,8019:1,db64a48d-d166-4bbd-bfa3-6d4ac29f84c8,d7b1b4df-2802-446e-9a33-e50ae3e6c260
Glyceryl Trinitrate (Nitroglycerine) 9mg(e/r) Capsule,8019:1,9d5b0622-0c93-4b0b-9b17-7ffc6389c824,d7b1b4df-2802-446e-9a33-e50ae3e6c260
Glyceryl Trinitrate (Nitroglycerine) 0.1mg/ml Iv Infusion,8009:1,0e05f53f-94d9-4cac-95c0-cbcef60ab521,d7b1b4df-2802-446e-9a33-e50ae3e6c260
Glyceryl Trinitrate (Nitroglycerine) 0.2mg/ml Iv Infusion,8009:1,07dd5910-77f4-4ac2-acf5-33680104ddbc,d7b1b4df-2802-446e-9a33-e50ae3e6c260
Glyceryl Trinitrate (Nitroglycerine) 5mg/ml Injection,8000:1,6525295d-df41-4eba-824b-f499f3160a1d,d7b1b4df-2802-446e-9a33-e50ae3e6c260
Glyceryl Trinitrate (Nitroglycerine) 2% Ointment,8029:1,18192004-cc96-4c0e-ae1c-bd3773741b32,d7b1b4df-2802-446e-9a33-e50ae3e6c260
Glyceryl Trinitrate (Nitroglycerine) 0.1mg/hr Patch,8009:1,71d5c730-d238-409c-a903-40a149c60070,d7b1b4df-2802-446e-9a33-e50ae3e6c260
Glyceryl Trinitrate (Nitroglycerine) 0.2mg/hr Patch,8009:1,9b3dd9c4-9036-477d-914f-f040c6f2a973,d7b1b4df-2802-446e-9a33-e50ae3e6c260
Glyceryl Trinitrate (Nitroglycerine) 0.4mg/hr Patch,8009:1,9ecda911-0dfd-4895-af5a-46f46a11bdab,d7b1b4df-2802-446e-9a33-e50ae3e6c260
Glyceryl Trinitrate (Nitroglycerine) 0.4mg/dose Spray,8009:1,c1b7d561-dc0d-4e38-b165-7b44d4448640,d7b1b4df-2802-446e-9a33-e50ae3e6c260
Glyceryl Trinitrate (Nitroglycerine) 0.3mg Tablet (Sublingual),8019:1,70f7a5e7-5337-4f5c-800b-ad745c6e4523,d7b1b4df-2802-446e-9a33-e50ae3e6c260
Glyceryl Trinitrate (Nitroglycerine) 0.4mg Tablet (Sublingual),8019:1,5523308d-ed13-4465-8df0-d66a62dd9d3b,d7b1b4df-2802-446e-9a33-e50ae3e6c260
Glyceryl Trinitrate (Nitroglycerine) 0.5mg Tablet (Sublingual),8019:1,055edc3f-e4c2-4634-9a3f-9e2cfdfe2896,d7b1b4df-2802-446e-9a33-e50ae3e6c260
Glyceryl Trinitrate (Nitroglycerine) 0.6mg Tablet (Sublingual),8019:1,77b2d137-0d83-4b56-b6c4-1f97be571e83,d7b1b4df-2802-446e-9a33-e50ae3e6c260
Glyceryl Trinitrate (Nitroglycerine) 2.5mg (s/r) Tablet,8019:1,1413eeaf-330e-4780-ab6a-eea2b7de82d4,d7b1b4df-2802-446e-9a33-e50ae3e6c260
Isosorbide Mononitrate 10mg Tablet,8019:1,77d05794-02a7-4189-8b44-2f5980d0b27c,62b1f09c-326e-46db-8516-bc873650da61
Isosorbide Mononitrate 20mg Tablet,8019:1,40564141-d8df-4443-9efa-251afd7e481e,62b1f09c-326e-46db-8516-bc873650da61
Isosorbide Mononitrate 25mg(m/r) Tablet,8019:1,4a9e1ca7-da72-466b-9043-dbb39b3ca2f0,62b1f09c-326e-46db-8516-bc873650da61
Isosorbide Mononitrate 40mg(m/r) Tablet,8019:1,93036cad-84ea-45f2-9db0-a55ac38abb03,62b1f09c-326e-46db-8516-bc873650da61
Isosorbide Mononitrate 60mg(m/r) Tablet,8019:1,f370997c-9e3c-42eb-9fd9-f11d9104465d,62b1f09c-326e-46db-8516-bc873650da61
Isosorbide Mononitrate 5mg Tablet (Sublingual),8019:1,c771f4b2-302c-434c-bfed-dca6dc80f137,62b1f09c-326e-46db-8516-bc873650da61
Isosorbide Mononitrate 40mg(m/r) Capsule,8019:1,7beedede-cfdf-45de-8914-7174fd859dc4,62b1f09c-326e-46db-8516-bc873650da61
Isosorbide Mononitrate 50mg(m/r) Capsule,8019:1,30787959-ab17-41ec-8c42-5c18722c4c6c,62b1f09c-326e-46db-8516-bc873650da61
Metoprolol 50mg Tablet,8019:1,d03a0874-03c1-4423-b459-84fa695a2e3d,7be90991-3e85-45f3-b871-20719a8fc9b0
Metoprolol 100mg Tablet,8019:1,d43fb190-95fd-4e3e-b48d-acf8b07c2ba2,7be90991-3e85-45f3-b871-20719a8fc9b0
Nifedipine 5mg Capsule,8019:1,68c9b3bf-64a9-4f36-8c80-fe2751d6eb18,34da515b-26d1-4df9-83e5-3201e3ed6e6a
Nifedipine 10mg Capsule,8019:1,f24db6e7-70d3-4d36-b89c-c625ab57ce3e,34da515b-26d1-4df9-83e5-3201e3ed6e6a
Nifedipine 20mg Capsule,8019:1,5120587b-918f-4acf-bf8d-07727382f36f,34da515b-26d1-4df9-83e5-3201e3ed6e6a
Caleipotriol 0.005% Ointment,8029:1,cf027f81-a6d4-45cb-80ff-f39c5c3edc67,c29c7a64-c4dc-4831-b966-38a022ca0ea3
Azelaic Acid 20% Cream,8010:1,72bf216b-f680-4a59-864a-638686e4896d,af6a750c-6d82-4c18-85f5-bedbee719b1d
Nifedipine 20mg(m/r) Tablet,8019:1,43d1529e-e48f-406b-8714-7fca73a3f463,34da515b-26d1-4df9-83e5-3201e3ed6e6a
Caleipotriol 0.005% Scalp Application,8009:1,8a68b6ea-bf37-402d-a70f-99a1d03a597e,c29c7a64-c4dc-4831-b966-38a022ca0ea3
Nifedipine 60mg(m/r) Tablet,8019:1,79ab1213-7a39-4128-a710-3026deb618b5,34da515b-26d1-4df9-83e5-3201e3ed6e6a
Nifedipine 90mg(m/r) Tablet,8019:1,395fcae3-d121-40fc-951e-ec6a65cbc838,34da515b-26d1-4df9-83e5-3201e3ed6e6a
Pentacrythritol Tetranitrate 80mg Capsule,8019:1,d4c5bb94-0ae7-4ee2-92f8-783c9f3e22c8,5953e304-c185-467a-813e-1667ee1d54e4
Pentacrythritol Tetranitrate 10mg Tablet,8019:1,2630d48c-0726-433f-80fe-422487b581f4,5953e304-c185-467a-813e-1667ee1d54e4
Pentacrythritol Tetranitrate 20mg Tablet,8019:1,06e07879-11d8-4407-a49a-ea3d014a6bcb,5953e304-c185-467a-813e-1667ee1d54e4
Propranolol 10mg Tablet,8019:1,b3c182a3-e8f5-4380-a2f0-94f350c43905,007afe9a-6f92-48c6-833b-1cab728c735e
Propranolol 40mg Tablet,8019:1,272f3efb-b9f1-42ab-8221-ec37e377ec45,007afe9a-6f92-48c6-833b-1cab728c735e
Candesartan 4mg Tablet,8019:1,215977e1-b3e8-41e5-aab1-955594c815db,c476b352-cc16-4319-ab13-539f66912971
Candesartan 8mg Tablet,8019:1,bc8f9f21-a802-4f92-a444-8bcec4a52ea0,c476b352-cc16-4319-ab13-539f66912971
Candesartan 16mg Tablet,8019:1,29b044fe-0a12-4321-9899-adc1bdee993f,c476b352-cc16-4319-ab13-539f66912971
Carvedilol 3.125mg Tablet,8019:1,bdfcf18e-0cf2-479b-98b3-a31723d81c14,ac41ead0-983b-4596-b2a3-5b42bca1e6f3
Carvedilol 6.25mg Tablet,8019:1,5e8f60d9-b92b-4576-ab3d-f7b62e6a4a54,ac41ead0-983b-4596-b2a3-5b42bca1e6f3
Carvedilol 12.5mg Tablet,8019:1,9b5f98cd-3985-4735-baae-225d22e7a403,ac41ead0-983b-4596-b2a3-5b42bca1e6f3
Carvedilol 25mg Tablet,8019:1,93d2c077-0678-495e-b0b9-a78f6762439d,ac41ead0-983b-4596-b2a3-5b42bca1e6f3
Beclometasone Dipropionate 50mcg/dose Inhalation,8024:1,38ad17ef-01db-48ec-896d-697793afdced,71cc5759-a138-45bf-a97b-4a6df15a3fe7
Beclometasone Dipropionate 100mcg/dose Inhalation,8024:1,50492c7a-864f-4c3e-8755-4458d507df8d,71cc5759-a138-45bf-a97b-4a6df15a3fe7
Coal Tar + Salicylic Acid 2% + 10% Ointment,8029:1,603381b7-7e0c-406b-a08d-b73440da0ee2,e4c32826-331e-4e9e-b068-84b58ab0b7e6
Midazolam HCL 2mg/ml Injection,8021:1;8019:1,19879cd7-6a15-4718-a0bd-ba4035094aba,314c3338-5ee8-40c8-9d24-f579c8f5429c
Clonidine 0.15mg/ml in 1ml Ampoule Injection,8021:1;8019:1,d89f148b-fc5d-46bc-817f-69f5e6a5774b,be912ca3-356a-45a8-aeb9-1518f5530fde
Clonidine 0.025mg Tablet,8019:1,660bdb51-d9bd-49b7-93b8-61fa5e9ea14d,be912ca3-356a-45a8-aeb9-1518f5530fde
Clonidine 0.15mg Tablet,8019:1,3efd4579-32c1-49da-8b83-797bc442d472,be912ca3-356a-45a8-aeb9-1518f5530fde
Diazoxide 15mg/ml in 20ml Ampoule Injection,8021:1;8019:1,90833b59-5671-4da4-85f7-bdb89af3c118,4a58c511-31dc-4e5f-8ffa-37745616be10
Enalapril Maleate 2.5mg Tablet,8019:1,49032a54-f8e5-4b7f-8ece-a138a83f90a3,655bc3b5-ed51-4cc1-95b3-3667c6aa6f8c
Clozapine 25mg Tablet,8019:1,d278f70c-64a7-4ddc-8002-a4c92d50a45b,5813758d-9122-4f13-add1-b923a687048f
Enalapril Maleate 10mg Tablet,8019:1,ef147e8d-3ad8-4691-8030-b845bb33883f,655bc3b5-ed51-4cc1-95b3-3667c6aa6f8c
Enalapril Maleate 20mg Tablet,8019:1,5a490bc1-e4f4-4d68-badc-d1254a07c547,655bc3b5-ed51-4cc1-95b3-3667c6aa6f8c
Enalapril Maleate 40mg Tablet,8019:1,88d1e1f6-bf7c-4717-8fe9-2d73cffdd0a1,655bc3b5-ed51-4cc1-95b3-3667c6aa6f8c
Cholestyramine 1.25mg/ml Injection,8019:1;8021:1,e7478200-c3ad-449c-a047-bf1c988d4180,cce61a0b-44b6-423b-b445-6ec169aa08fe
Felodipine 5mg Tablet,8019:1,9e263b01-b35f-4bb6-97c5-3fc391e1db95,029e6243-4994-4408-a4f5-824c4781c2b6
Felodipine 10mg Tablet,8019:1,7ce64828-d273-4ba1-ad9d-90b60b01d68e,029e6243-4994-4408-a4f5-824c4781c2b6
Fosinopril 10mg Tablet,8019:1,3fad0046-5dce-46a2-beaa-5705f85e4f3b,7e021372-2dd2-4b4a-b7be-8538df3c75ca
Fosinopril 20mg Tablet,8019:1,f23c48c3-1984-418a-9060-66260ee7e0c5,7e021372-2dd2-4b4a-b7be-8538df3c75ca
Hydralazine 50mg Tablet,8019:1,c7aac653-c41b-4ace-93f9-a892329714a8,a92b1732-3def-4659-9a50-b718aec69279
Erythromycin 250mg Capsule,8019:1,d2b80605-5524-4ded-8f1b-244d80f01583,cc7ca740-7522-4b76-890e-f0eb1aad2921
"Penicillin G, Benzanthin 2MIU Injection in vial",8020:1,c0ffae47-e353-42d3-9074-43a54f1efcd0,447a2a9b-5da4-490e-be4a-3da4790575fa
Pyrazinamide 500mg Tablet,8019:1,7020dbd3-b7af-4f89-b679-a7803919a5fd,d5ae09de-b975-440c-bc8a-823a908352ac
Tolmetin Sodium 200mg Tablet,8019:1,864b76b8-41e7-4776-bb9f-eae308ee45c7,d63abc0a-e070-4c00-842c-55da6717684d
Frusemide 80mg Tablet,8019:1,5cd3a314-5645-4f07-b9f2-890f7261f46f,a2da4096-3318-47f6-8be5-c51c32c8bd42
Ethionamide 250mg Tablet,8019:1,e1ae373e-f7bb-4c2a-80d2-d5d18f23789d,89d09f4f-c401-4cc3-83ba-dd299962ce7b
Glyceryl Trinitrate (Nitroglycerine) 2.5mg Capsule,8019:1,519f15df-f8d8-4b1d-a9ef-2cf55efe9b03,d7b1b4df-2802-446e-9a33-e50ae3e6c260
Calcium Carbonate 500mg Tablet,8019:1,feea6637-c9fb-4a66-8e01-21f9fbc2d34b,f9b534f9-5e13-4401-88cf-1a156779e082
Dexamethasone NaPO4 0.1% Cream,8029:1,94e107b5-52f0-492b-9dda-0bcf16db9123,e68b0e94-6fc8-4949-9b50-4990227650a7
Procaine HCL 2% in 2ml ampoule Injection,8021:1,7a29d466-704d-4525-989e-5846d880ce4d,8a0a6a34-9604-414b-9a3d-05603dcc1457
Irbesaran 75mg Tablet,8019:1,59f85baf-4f08-466a-bcb7-429e3e2b4b82,93c15a5e-d2e6-452b-992c-1af1b8ce37fc
Irbesaran 150mg Tablet,8019:1,ce2d82fa-2bbc-42e9-b9bf-097ac6267aef,93c15a5e-d2e6-452b-992c-1af1b8ce37fc
Lebetalol HCL 50mg Tablet,8019:1,eca358f1-f33e-4320-b0fa-362ac358e42b,8ade5961-de13-41c3-a225-02a36af0b6f4
Lebetalol HCL 100mg Tablet,8019:1,24f27321-ce2e-4aa6-9433-dffa7389446c,8ade5961-de13-41c3-a225-02a36af0b6f4
Lebetalol HCL 200mg Tablet,8019:1,7a40a3c0-0c46-4498-a7a6-7a0367fa494b,8ade5961-de13-41c3-a225-02a36af0b6f4
Lebetalol HCL 400mg Tablet,8019:1,2065c972-9cc2-4107-baa1-9911dfe9dc5b,8ade5961-de13-41c3-a225-02a36af0b6f4
Lisinopril 2.5mg Tablet,8019:1,7fb2b3e5-6f8d-4470-82b9-e0accb8e5cf7,5ff86b7d-a27f-4837-9301-acac3629f964
Lisinopril 5mg Tablet,8019:1,41806460-0178-4cb2-aff0-f5c311fa15cf,5ff86b7d-a27f-4837-9301-acac3629f964
Lisinopril 10mg Tablet,8019:1,edf8fa56-c489-45e3-8ad9-5d0fc4369160,5ff86b7d-a27f-4837-9301-acac3629f964
Lisinopril 20mg Tablet,8019:1,c2877d52-b280-482d-af64-9bbce1c619c7,5ff86b7d-a27f-4837-9301-acac3629f964
Lisinopril + Hydrochlorthiazide 10mg + 12.5mg Tablet,8028:1,d4334b63-c278-4387-b18c-81670ed45f04,b85e1159-274e-402d-b68f-5e3bdaf8d09d
Losartan 25mg Tablet,8019:1,08015772-964f-4e6d-b290-1db2ba8f6d05,4d8d1d24-9772-4c3b-8820-c63278d1c208
Losartan 50mg Tablet,8019:1,9e6953f8-2d1b-4ef4-afac-894050b06224,4d8d1d24-9772-4c3b-8820-c63278d1c208
Losartan 100mg Tablet,8019:1,81d442c2-f443-4beb-ba35-342eb5629f9d,4d8d1d24-9772-4c3b-8820-c63278d1c208
Methyldopa 500mg Tablet,8019:1,b13015c6-b5d3-49b9-a313-01c196602428,12ef2c75-3244-4058-a67c-a9eb93ac828a
Metoprolol Tertrate 1mg/ml Injection,8019:1;8021:1,55f07165-f39a-4de2-97ae-623f37000d38,8dc7c86f-47a0-4bbe-bef9-67bee80cef19
Metoprolol Tertrate 50mg Tablet,8019:1,abdcabbf-97da-4172-9c85-3d05dc012f8e,8dc7c86f-47a0-4bbe-bef9-67bee80cef19
Metoprolol Tertrate 100mg Tablet,8019:1,2f1cff10-3696-4c8c-ac4f-5d66f2c49e5c,8dc7c86f-47a0-4bbe-bef9-67bee80cef19
Metoprolol Tertrate 200mg Solution Nasal Drops,8019:1,90cce3b1-3694-44fc-95c7-3ef9f444334b,8dc7c86f-47a0-4bbe-bef9-67bee80cef19
Mometasone Furoate 0.1% Ointment,8029:1,12a7e0d2-071d-40bf-a971-eddadadf9622,cb49b03f-237c-445d-95c5-6bd6fd92d989
Nifedipine 10mg(m/r) Tablet,8019:1,487506cf-ca27-4853-ac1b-40da5c048edb,34da515b-26d1-4df9-83e5-3201e3ed6e6a
Mometasone Furoate 0.1% Lotion,8029:1,dd84e713-4513-459a-9b82-1e25c5e5ad16,cb49b03f-237c-445d-95c5-6bd6fd92d989
Caleipotriol 0.005% Cream,8029:1,58106d2a-3fc9-49fe-a820-1ff0a9451e74,c29c7a64-c4dc-4831-b966-38a022ca0ea3
Salicylic Acid + Betamethasone Dipropionate 2% + 0.06% Ointment,8029:1,b58d8c8d-b315-407f-bf85-23d73bd5e521,7f21ac14-06f8-4c5b-a72f-219d02b17b62
Trifluoperazine HCL 10mg Tablet,8019:1,a7a1b4a3-af79-4345-b111-5757ec4ea92e,9e80d282-541f-4d68-8049-6faba78a9e6e
Erythromycin 2% Cream,8029:1,b26f6334-8e59-40c9-a9ce-b7c60c688896,cc7ca740-7522-4b76-890e-f0eb1aad2921
Fluvoxamine Meleate 100mg Tablet,8019:1,e3241b2c-35f2-46ef-bb4d-826074dec455,3994cde8-2747-477a-b5e8-9d3ec46c9eb4
Amiodarone 100mg Tablet,8019:1,21fd7deb-ed41-4880-96b5-189658372a4a,07d66c44-d396-4779-baad-9d92409403ef
Amiodarone 200mg Tablet,8019:1,3361c16d-3f1e-4a9a-9b38-dbac26eea876,07d66c44-d396-4779-baad-9d92409403ef
Amiodarone 400mg Tablet,8019:1,46ac94c6-06f1-4601-ae0b-1cd83b30402e,07d66c44-d396-4779-baad-9d92409403ef
Dithranol 0.5% Scalp Application,8009:1,fa11e771-d90e-4f31-af6c-d141cf9307d0,924a9179-30f6-4f58-9eef-32dbdff5d8f2
Dithranol 0.25% Scalp Application,8009:1,0234ac03-5b09-4cf0-a133-b97c318c641c,924a9179-30f6-4f58-9eef-32dbdff5d8f2
Phenoxybenzamine HCL 1omg Capsule,8019:1,10691307-7967-4437-9c8e-0d0cc03bf5bf,5911705d-f7cf-4583-b73b-a018c0e6a03f
Phenoxybenzamine Mesylate 10mg/ml in 1ml Injection,8019:1;8021:1,973f4d26-b7c5-449d-8aba-9196d5fbe2c9,9615bd9e-de3c-4170-a126-90eddb9f3200
Prazocin HCL 1mg Tablet,8019:1,e2c695df-b391-4dd2-b49d-8890b7cdce12,c9715238-60d7-4b67-b1e0-52c42da07834
Prazocin HCL 2mg Tablet,8019:1,41758509-35e8-4bd5-a729-1d60b0501215,c9715238-60d7-4b67-b1e0-52c42da07834
Propranolol 1mg/ml in 1ml ampoule Injection,8021:1;8019:1,c445d4f7-dc34-458d-9b1e-05b297816679,007afe9a-6f92-48c6-833b-1cab728c735e
Balanced Salt Solution 15ml Eye Drop,8008:1;8021:1,c1ec8ea9-749f-43c8-b111-4430f644c00e,04f917e4-9ad4-4d30-aff4-d31df71521e8
Ranitidine 300mg Tablet,8019:1,e3a04513-9130-4d55-931a-54b3f23ce5be,a60e4760-8f72-47aa-a3d3-0de2c6aeb3c3
Ramipril 2.5mg Capsule,8019:1,87c8e7fb-97a3-4f91-a764-fa1ee3718dea,8133ed0b-ab07-4740-9e4a-39d62af809a4
Ramipril 5mg Capsule,8019:1,2f13ff67-d800-4912-801d-25497f45a825,8133ed0b-ab07-4740-9e4a-39d62af809a4
Ramipril 10mg Capsule,8019:1,451c2b5c-f2bc-4e7e-be71-f374f82046f3,8133ed0b-ab07-4740-9e4a-39d62af809a4
Reserpine 0.1mg Tablet,8019:1,36b1b4e7-b653-4404-88bd-48559c5e1d59,79b9a931-09aa-4054-bedf-1a72f388c386
Reserpine 0.25mg Tablet,8019:1,9b69ff4f-9836-4d73-9d5e-b69b28a7f66c,79b9a931-09aa-4054-bedf-1a72f388c386
Tolazoline 25mg/ml in 10ml ampoule Injection,8021:1;8019:1,8acc3066-b2bf-4679-b91b-60fb7a770846,dd2fa2a7-4ad0-48f1-9d86-aaa9c8dd0b67
Valsartan 40mg Tablet,8019:1,004aa0ea-23ec-4a7b-8427-c3b8e5778b46,0356f006-45ec-40a1-a851-075864cc087b
Valsartan 80mg Tablet,8019:1,a7eb79c3-7464-4707-a6dd-8b8f352261a7,0356f006-45ec-40a1-a851-075864cc087b
Valsartan 160mg Tablet,8019:1,b4ce709a-3132-4cec-8c41-6cd31c0e79e3,0356f006-45ec-40a1-a851-075864cc087b
Valsartan 320mg Tablet,8019:1,0794ab13-9119-48b6-8812-6e09613c2f31,0356f006-45ec-40a1-a851-075864cc087b
Ethanolamine Oleate 5% in 2ml Ampoule Injection,8000:1,b9a1bc05-99ef-41b3-802a-0201d18b8a85,c0ea62ed-b8b4-4bec-8757-4319895cf5a9
Sodium Morrhuate 5% in 5ml ampoule Injection,8000:1;8021:1,2b2055f5-b1e9-4a76-b8b7-bfbd2b7fc5f2,6fd323e4-5baa-49f4-bdf0-9ebcf743700c
Sodium Tetradecyl Sulphate 1% Injection,8000:1,ec0426ae-67aa-49ea-88bb-31d5d41f6b4b,fd6f85ea-acab-415d-b448-a54aae3d3868
Alteplase Pdr 100mg Powder for injection,8019:1,3687b0e2-534a-48bc-970e-941a89dabe90,49e9be0d-bbe1-4e50-85d9-49b3a2be47b4
Reteplase Pdr 10.4 unit Injection,8030:1,b8d69e53-3f84-4ba1-847c-36f3ab6ab988,9fa8b72e-776b-490c-961a-e9d6496b1a21
Tenecteplase 50mg Injection,8019:1;8000:1,32814729-2edf-434f-ad3e-46fbf5911f01,2e2b1340-f815-455c-833d-8716eb80cf73
Alteplase Pdr 50mg Powder for injection,8019:1,c86eb6ba-096e-4512-bfa4-b4e9a9b2c2ba,49e9be0d-bbe1-4e50-85d9-49b3a2be47b4
Acyclovir 400mg Tablet,8019:1,fcc67de7-111f-4e3e-ae0d-093f9714a86a,2a2b33c9-e7c6-47ac-a236-9a97e0bb708c
Calcium Carbonate 700mg Tablet,8019:1,e3380664-842e-44d8-8e4c-1d3577095949,f9b534f9-5e13-4401-88cf-1a156779e082
Magnesium Hydroxide 300mg Tablet (Chewable),8028:1;8019:1,170a0ab1-2962-408c-ac61-fb3a8a75f4a0,e9b33d83-5ae5-4b22-ab5f-c7b1a4e06a97
Magnesium Hydroxide 311mg Tablet (Chewable),8019:1;8028:1,2a8fc543-5dd6-467c-b66c-a37f9bbe4400,e9b33d83-5ae5-4b22-ab5f-c7b1a4e06a97
Amoxicillin 250mg Powder for injection,8019:1,68897c5d-0f76-449a-9e60-fc203a12eab2,5b40dc12-8cb2-4e18-a5ee-ef9f547dbb9f
Amoxicillin 500mg Powder for injection,8019:1,c56415b5-aeaa-4854-aaae-efa54d77aa7a,5b40dc12-8cb2-4e18-a5ee-ef9f547dbb9f
Amoxicillin + Clavulanic Acid 250mg + 62.5mg Tablet,8028:1,821a939c-e618-49c5-8819-e0384dab275f,826956a6-7f84-42a8-9871-cc40aeb77cb2
Amoxicillin + Clavulanic Acid 250mg +125mg Tablet (Film Coated),8028:1,d7d70b87-a515-486b-bd0c-8c9c7a59d100,826956a6-7f84-42a8-9871-cc40aeb77cb2
Amoxicillin + Clavulanic Acid 500mg + 125mg Tablet (Film Coated),8028:1,d24b9e39-d6b4-4427-b786-e1eab342116b,826956a6-7f84-42a8-9871-cc40aeb77cb2
Amoxicillin + Clavulanic Acid (250mg + 62.5mg)/5ml Oral Suspension,8021:1,80cd85a9-3660-428a-bd4d-a0ee5de27151,826956a6-7f84-42a8-9871-cc40aeb77cb2
Amoxicillin + Clavulanic Acid 400mg + 57mg/5ml Oral Suspension,8021:1,4a634418-2a84-49a3-9328-7df050e92aa0,826956a6-7f84-42a8-9871-cc40aeb77cb2
Amoxicillin + Clavulanic Acid 500mg + 100mg Powder for injection,8031:1,15a1ec14-f1f4-43c4-96a4-49843c6b37e4,826956a6-7f84-42a8-9871-cc40aeb77cb2
Amoxicillin + Clavulanic Acid 1g + 200mg Powder for injection,8031:1,de0b17b5-65b0-4b2c-b073-00b61684f60e,826956a6-7f84-42a8-9871-cc40aeb77cb2
Amphotericin B 10mg in vial Powder for injection,8019:1,080e4a05-6c62-4cf0-a5be-e190aa0faac1,395d5069-e23d-49bf-9575-f8a4f42a0b92
Ampicillin 250mg Capsule,8019:1,c100539a-063c-467d-807d-20098d97a81b,1069e450-4939-4bb0-95fc-e0aaa19a617b
Ampicillin 250mg/5ml Oral Suspension,8019:0;8021:1,13501bac-db7c-4431-ac07-b2c92682c252,1069e450-4939-4bb0-95fc-e0aaa19a617b
Ampicillin 500mg Capsule,8019:1,f2954c6b-8421-47bd-bd96-1b4c01d8b4b6,1069e450-4939-4bb0-95fc-e0aaa19a617b
Ampicillin 100mg/ml Oral Drop,8021:1,67299670-ecd2-4878-aa5e-470067077d04,1069e450-4939-4bb0-95fc-e0aaa19a617b
Amikacin (as Sulphate) 50mg/ml in 2ml vial Injection,8019:0;8021:1,1d3bc9c8-c007-416f-807d-9ce76c6a33e5,654170f2-5b81-4213-a9f5-cd57e3606a38
Amikacin (as Sulphate) 250mg/ml in 2ml vial Injection,8021:1;8019:0,8ab0cebf-29b0-4e55-866a-a38282165a25,654170f2-5b81-4213-a9f5-cd57e3606a38
"Azithromycine 200mg/5ml,30ml Suspension",8021:1,86d7dadc-71a4-4966-843b-2a89f0cc0081,e43478ef-51c7-459c-b267-58b9f8a41fcc
Metronidazole 1% Gel,8029:1,07f04003-c08a-4d91-91b0-14ceb9923245,fdc15df0-53c4-4355-8253-6da000693c4f
Cefaclor 250mg Capsule,8019:1,ddf60672-45b3-4c38-9ee5-7af51c7413a5,64d8d6f4-02ec-456a-b0b6-20cddcfefdbc
Cefaclor 500mg Capsule,8019:1,3cef20a6-abb2-47d6-9825-6188a89f5809,64d8d6f4-02ec-456a-b0b6-20cddcfefdbc
Cefaclor 125mg/5ml Oral Solution,8009:1,e08b9daa-cd13-469b-92db-e714e8550d7a,64d8d6f4-02ec-456a-b0b6-20cddcfefdbc
Cefaclor 250mg/5ml Oral Solution,8009:1,c833375a-72fb-4000-adbe-77cc5f31fab1,64d8d6f4-02ec-456a-b0b6-20cddcfefdbc
Cefadroxil 125mg/5ml Oral Solution,8009:1,4e72abb4-a594-4f64-a1e9-4cd7ca505436,308ae266-1460-4482-bac5-af5775eb8080
Cefadroxil 250mg/5ml Oral Solution,8009:1,dbcd6d1d-321f-4cc1-826a-65e3088df481,308ae266-1460-4482-bac5-af5775eb8080
Cefadroxil 500mg Tablet,8019:1,da3aa61d-c394-482a-88dc-bbe7a57c3ff5,308ae266-1460-4482-bac5-af5775eb8080
Cefadroxil 1g Tablet,8019:1,bd67ad92-70d0-4692-b601-8592624198e4,308ae266-1460-4482-bac5-af5775eb8080
Cefixime 200mg Tablet,8019:1,2b58c67a-253c-4253-8fd8-41c17fda29c8,a99028bd-b66c-435a-bc5e-7e6b028f15bf
Cefixime 400mg Tablet,8019:1,a89f0c8c-6c11-45c9-a51b-14e991bc2f62,a99028bd-b66c-435a-bc5e-7e6b028f15bf
Magnesium Trisilicate 500mg Tablet (Chewable),8019:1,cb0586fb-113b-47e2-93e1-cc9441f43585,650171dd-a4df-455d-98dd-9859685b4fa9
Cefpodoxime 100mg Tablet,8019:1,24fa1391-ae77-4675-8fa6-0c6e9ad1a357,e216c48b-ef37-422f-bb35-f43d7f8d6926
Cefprozil 125mg/5ml Oral Solution,8009:1,524677d5-a3b7-4fcc-9a48-58d50252443b,fb1ef997-56a6-4d3f-bf50-fce1e4e8a048
Cefprozil 250mg/5ml Oral Solution,8009:1,43dbd7df-228c-4682-8417-25d9cf0be536,fb1ef997-56a6-4d3f-bf50-fce1e4e8a048
Camphor Lotion,8029:1,786c6889-81d9-4f1e-92cb-e44e3958fb5f,4ce72888-1e90-49b0-9944-b88187b34d2c
Ceftazidime 2g Injection,8019:1,ab3eabfe-de26-466e-b2ca-c17573ed9f3e,a86e241c-4eb1-4110-b97d-e66353a4a18d
Ceftriaxone 250mg with lidocaine 1% IM Injection,8019:1,beaa7706-93f2-426b-be53-3acc0eb7306c,465afd31-7b55-4add-896b-19e84fd92ca2
Ceftriaxone 0.5g Injection,8019:1,3d352a21-1f6d-44db-8d56-3d8e6334e8df,465afd31-7b55-4add-896b-19e84fd92ca2
Ceftriaxone 2g Injection,8019:1,f84d077c-32b5-45af-829e-f5ff5f2b1bea,465afd31-7b55-4add-896b-19e84fd92ca2
Cephalexine 125mg/5ml Oral Suspension,8021:1;8019:1,1ff5d7a5-c890-4685-bd89-4df6f1ee0179,d8355719-7a0c-42ca-8aba-53b4ae203281
Cephalexine 250mg/5ml Oral Suspension,8019:1;8021:1,d435bfba-b4f3-4542-ab5c-061e8951c6e8,d8355719-7a0c-42ca-8aba-53b4ae203281
Cephazoline Sodium 500mg/vail Injection,8019:1,c843bffd-8c7a-44df-aa9d-c4dd3d74c68b,67a31e3f-728b-44a6-be48-9ac7ae969d13
Cephradine 250mg Capsule,8019:1,baf77202-fc7f-4951-9c34-5205f56a54d5,45177918-9e25-4d2c-be37-1a4badf63915
Cephradine 500mg Capsule,8019:1,5228af38-f06f-4481-9b1d-b52e02f672cb,45177918-9e25-4d2c-be37-1a4badf63915
Cephradine 2g/100ml Iv Infusion,8010:1;8009:1,db4eb766-d107-4f14-b128-14ff60eb414f,45177918-9e25-4d2c-be37-1a4badf63915
Cephradine 4g/100ml Iv Infusion,8009:1,deb2502a-4c22-4f6c-98e9-eea769096235,45177918-9e25-4d2c-be37-1a4badf63915
Cephradine 250mg Powder for injection,8019:1,3e20fcc9-c7ef-447c-962c-ba447ef2801e,45177918-9e25-4d2c-be37-1a4badf63915
Cephradine 500mg Powder for injection,8019:1,e28476cf-c54c-4153-a3fe-68d82c4b3daa,45177918-9e25-4d2c-be37-1a4badf63915
Metronidazole 0.75% Cream,8029:1,e1b24d1c-e468-4ccc-8c70-9e748249d26f,fdc15df0-53c4-4355-8253-6da000693c4f
Cephradine 1g Powder for injection,8019:1,26acbe46-514e-4cd0-ad84-4bf77b1d00c8,45177918-9e25-4d2c-be37-1a4badf63915
Cephradine 125mg/5ml Syrup,8002:1;8019:1,462ee451-276f-4ed9-83b5-42a55726766d,45177918-9e25-4d2c-be37-1a4badf63915
Cephradine 250mg/5ml Syrup,8019:1;8002:1,4880ae5e-03ce-4830-8c2d-a02e875ee152,45177918-9e25-4d2c-be37-1a4badf63915
Chloramphenicol 125mg/5ml Oral Suspension,8002:1,cc88af91-d90b-4ef5-9cf5-b28f6ff47aec,2ebe9bfd-c1d4-414a-bbb8-48bedfb7751d
Chloramphenicol 4.3g/100ml Oral Suspension,8002:1,0097842a-ded6-4647-98e7-110c2af03655,2ebe9bfd-c1d4-414a-bbb8-48bedfb7751d
Chloramphenicol 4.55g/100ml Oral Suspension,8002:1,9829b9f1-dd0e-4383-9d5c-ed70c0231ee3,2ebe9bfd-c1d4-414a-bbb8-48bedfb7751d
Permethrine 1% Lotion,8029:1,40fe7df7-79ce-4fcf-ba74-97bc0097b252,3315e017-594b-4a74-89c0-16bf0edb79b0
Salicylic Acid 10% Ointment,8029:1,3660744e-9a96-4969-b087-b6d046e780a7,109c33c2-cfe4-499d-b57f-48dd5e5de17c
Ciprofloxacin 200mg Injection,8021:1;8019:1,7ff30920-7a4c-42d0-8241-aa568c80c446,f8e5dce6-bbf4-416e-9966-f08e47613771
Salicylic Acid 2% Ointment,8029:1,34cc8725-f6eb-478e-9305-ec80f18df411,109c33c2-cfe4-499d-b57f-48dd5e5de17c
Clarithromycin 125mg/5ml Suspension (Granules),8019:1,d73873e6-fcab-4bb3-b2e6-5d22bdbaee48,979a468f-e746-407a-b7fd-7b59de558d54
Clarithromycin 250mg/5ml Suspension (Granules),8019:1,0e0bb4fd-a69c-483a-9a87-d7c20e98f6e9,979a468f-e746-407a-b7fd-7b59de558d54
Clarithromycin 500mg/vial IV Infusion (Injection),8019:1,b58e2b58-c642-410f-b127-07ca28c48025,979a468f-e746-407a-b7fd-7b59de558d54
Clindamycin 75mg Tablet,8019:1,a47eeede-8ba1-484b-ae29-b71eb4404f87,78ac43ad-0a87-4202-9985-500cfe58368d
Clofazimine 50mg Capsule,8019:1,06715505-8d68-4f1a-b31e-887a7564d111,171e65ac-c05f-4213-a468-fdeabf007709
Coal Tar + Salicylic Acid 2% + 5% Ointment,8029:1,e019a85b-8ff7-4688-8b17-8982d61a22c9,e4c32826-331e-4e9e-b068-84b58ab0b7e6
Carbenicillin 1g Injection,8019:1,79f16d19-cf4b-414b-80da-4df8cc23cb49,1cce67c0-1ce8-4192-b534-a48efc21eefb
Carbenicillin 5g Injection,8010:1,31baa1f3-6f7a-4081-9c23-eab32a061bdf,1cce67c0-1ce8-4192-b534-a48efc21eefb
Carbenicillin Indanyl Sodium 382mg Tablet,8019:1,0a11f760-324a-460f-af12-6c053bbb725b,3cdbd7de-14ce-483f-846c-47b9f67c69f9
Gentamicin 0.1% Cream,8010:1,b9f92737-156c-4fe4-91f0-8b80adbc4c5d,b6871d46-d18c-4d79-b455-9ea18c35f907
Gentamicin 0.3% Ointment,8029:1,9d671b87-5e81-4801-aeef-8c0ab381326a,b6871d46-d18c-4d79-b455-9ea18c35f907
Atazanavir Sulphate 100mg Tablet,8019:1,fd389407-c2c5-48af-8cda-21879d5094eb,d03d0ff8-45c7-408b-8214-1bde2d3eca95
Atazanavir Sulphate 150mg Tablet,8019:1,bb613602-c0fd-42db-a6b9-5b8a89678a7a,d03d0ff8-45c7-408b-8214-1bde2d3eca95
Bismuth Salicylate 262mg/5ml Liquid,8019:1;8009:1,b26b0469-4804-41e9-a848-fd702bae422e,45022254-bd94-42e0-af80-3f01e11dc1fe
Aluminium Hydroxide 320mg/5ml Gel,8019:1,09dbfa57-6b4b-445b-be22-6b572aa3ae4b,26bdc123-0a25-4b66-beae-fb613d6a286c
Betametasone Valarate 0.1% Cream,8009:1,8db2105f-c457-46be-ae6c-dec1a3ee4028,e9611ea3-4171-4ccc-9cb1-9a74e668396e
Didanosine 100mg Tablet (Chewable),8019:1,36fd796a-b526-43ab-984f-e42759cfe9b2,aed97f5d-c903-4bb8-b832-887256b255bf
Didanosine 20ml/ml Syrup,8002:1,ce23cf08-519d-4b59-9fc9-9ac8a0b644c0,aed97f5d-c903-4bb8-b832-887256b255bf
Sulphasalazine 50mg(e/c) Tablet,8019:1,34b25e31-6b27-4ada-9e20-9918b47d8352,3efd8c0c-dd23-48e6-9460-954bf9e9783a
Efavirenze 100mg Capsule,8019:1,9a3b0d97-423f-4efb-a071-9f871b03e4cf,88779bd3-fb05-4a4a-ad74-be05258ccea5
Piroxicam 20mg Tablet,8019:1,9083f12e-9932-43fe-88c3-578c6be1d7c8,59009345-0ff5-499d-b790-0bad3be5f256
Piroxicam 20mg Suppository,8019:1,db2e21de-0afe-4ec5-89e2-0e9c7b0d81e1,59009345-0ff5-499d-b790-0bad3be5f256
Atazanavir Sulphate 200mg Tablet,8019:1,73df3a70-44af-4efd-a593-bb9c18cee4b7,d03d0ff8-45c7-408b-8214-1bde2d3eca95
Doxycycline 100mg Tablet,8019:1,418eec80-3459-47a6-9f20-6ac49416d1a6,86b02250-adaf-4db0-8681-ab1a938d1ed4
Erythromycin 200mg/5ml Oral Suspension,8021:1,5786706a-bbd8-4864-8eec-b81aaf72f2b1,cc7ca740-7522-4b76-890e-f0eb1aad2921
Erythromycin 50mg/ml in 2ml ampoule Injection,8021:1;8019:1,76e47bd2-100f-4aba-97bf-412f4b72dd79,cc7ca740-7522-4b76-890e-f0eb1aad2921
Flucloxacillin 250mg Capsule,8019:1,87724440-8b4c-4e33-a559-f51ac58c83bd,94214b50-4e70-49cf-9b13-8e5c99ff848b
Flucloxacillin 500mg Capsule,8019:1,ba3d019b-d8c3-4577-8ba1-b48f453301fa,94214b50-4e70-49cf-9b13-8e5c99ff848b
Flucloxacillin 250mg Injection,8019:1,b4ce179d-479e-4cf7-a580-722e33f9d598,94214b50-4e70-49cf-9b13-8e5c99ff848b
Flucloxacillin 500mg Injection,8019:1,553d8649-7ed8-47e2-8911-19e9060f947e,94214b50-4e70-49cf-9b13-8e5c99ff848b
Mezlocillin 0.5g Powder for injection,8010:1,2e16ef72-9e5a-47b0-89c6-2dbbd0bb98e7,2fc1ff38-c19e-4103-b9ca-04a877c2075b
Flucloxacillin 125mg/5ml Syrup,8002:1,3723b20e-82b9-478a-acc4-7862400ca16d,94214b50-4e70-49cf-9b13-8e5c99ff848b
Mezlocillin 1g Powder for injection,8010:1,aa9f6c3e-f340-43cc-b818-8f705fcc41ac,2fc1ff38-c19e-4103-b9ca-04a877c2075b
Mezlocillin 2g Powder for injection,8010:1,8edc0e3d-1925-461f-9f86-b3c02b847676,2fc1ff38-c19e-4103-b9ca-04a877c2075b
Mezlocillin 2g Iv Infusion,8010:1,6e3945d7-12d8-4ed6-9b82-d649c9844e63,2fc1ff38-c19e-4103-b9ca-04a877c2075b
Capreomycin 1g in vial Powder for injection,8019:1,fb8d94f8-f83c-4877-9e5c-2123720df47a,407bd004-c2fa-4579-a506-353e994aaa9c
Ethambutol 100mg Tablet,8019:1,40d8756e-3c34-4247-975c-582b4de19404,08cbc7c8-9d09-4718-8689-df2a8be940f2
Fluconazole 50mg/5ml Oral Suspension,8019:1;8021:1,1da57991-9045-40c6-afb7-137024e538b7,43c52bd0-d39a-41e9-a0e2-c032b98cc503
Fluconazole 200mg Tablet,8019:1,35d6b5c4-6988-43f3-976a-045d162d88f7,43c52bd0-d39a-41e9-a0e2-c032b98cc503
Fluconazole 50mg Capsule,8019:1,0b6ccb1d-5491-49d6-bf93-7d89ef1c82a7,43c52bd0-d39a-41e9-a0e2-c032b98cc503
Fluconazole 100mg Capsule,8019:1,4b032738-ce5d-48ba-a6fb-2e45051495b5,43c52bd0-d39a-41e9-a0e2-c032b98cc503
Fluconazole 200mg/5ml Oral Suspension,8002:1,3a062e2b-2cf3-46e9-a014-e32b03d4c1a1,43c52bd0-d39a-41e9-a0e2-c032b98cc503
Liquid Nitrogen Solution,8002:1,91758ef7-8809-41bb-8225-10a27cd0517c,65d7303e-7337-4e4b-ae8e-a4ac7fea895e
Tolmetin Sodium 200mg Capsule,8019:1,9ef791bc-9b70-4ad5-819e-231d427acea2,d63abc0a-e070-4c00-842c-55da6717684d
Flucytosine 500mg Capsule,8019:1,e838c2fa-8566-49fa-900e-e3f224652028,fa76c3ea-ad4b-4be1-a312-85c37f48e160
Flucytosine 10mg/ml Iv Infusion,8009:1,55fddbbf-d8c0-4858-9045-862c3d0c82f4,fa76c3ea-ad4b-4be1-a312-85c37f48e160
Flucytosine 2.5g/250ml Injection,8000:1,bd0076b5-0666-4c9d-ab95-38147d6ca32a,fa76c3ea-ad4b-4be1-a312-85c37f48e160
Griseofulvin 250mg Tablet,8019:1,ffc0e0d1-9ffe-4e55-b163-c7e9fe5889b8,138b7fbe-e71b-4133-b0ac-9c922e290044
Griseofulvin 500mg Tablet,8019:1,e3caf540-9929-42b4-802f-8b5e226fc2d3,138b7fbe-e71b-4133-b0ac-9c922e290044
Efavirenz + Emitricitabine + Tenofovir 600mg + 200mg + 300mg Tablet,8028:1,c2314b27-3361-487a-94b2-6356ad051fc6,25573102-5ab2-4038-af4e-d15e0a6cc785
Emitricitabine 100mg Tablet,8019:1,ad980c0f-d11d-47e2-b25d-f811f959cb40,b8898b7a-d3cb-47d5-8171-658239b5d67f
Emitricitabine + Tenofovir 200mg + 300mg Tablet,8028:1,68f361e3-a193-4e18-95fb-6818950966b2,5e52919e-be81-4e7a-97bc-85f578ecdf97
Indinavir 200mg Capsule,8019:1,84dc70b4-1209-4240-83ba-588c3b6306b1,13d05118-a18b-48cd-a5d3-d1bd1da0fd41
Neostigmin Methylsulphate 2.5mg/ml in 1ml Ampoule Injection,8021:1;8019:1,dff0e6bd-2af5-45ff-bb1f-590e6c89a73d,dd3fb601-b8fb-4357-84c4-e66894ac6c1b
Iodine + Potassium Iodide (Aqueous Iodine Oral Solution or Lugol's solution) 5% + 10% Solution,8021:1,13d9e7e4-04a9-4d8f-bbbf-f166925a437d,11cdac63-ca8e-41b5-9ff5-9b216aaff18c
Ethambutol 250mg Tablet,8019:1,65862a0a-620f-43d8-ae2f-0d8da1354687,08cbc7c8-9d09-4718-8689-df2a8be940f2
Diethylcarbamazine Citrate 50mg Tablet,8019:1,8ea76b81-ecd0-45f9-b6e1-87a4a2db5c15,5341226f-a485-486d-bdc2-43fbe67fea66
Ivermectin 6mg Tablet (Scored),8019:1,264d52e4-89d4-446e-96a1-3d491dbdd686,6f36e942-cac3-4299-8067-e3f2cf2d2b39
Itraconazole 100mg Capsule,8019:1,ef06b1bb-2d4f-444a-8a25-b35039c2fbe3,1cc93709-cf93-4798-8b53-803925b1aaee
Itraconazole 200mg Capsule,8019:1,a267020e-23bd-4d21-9ccf-8cd441b56aee,1cc93709-cf93-4798-8b53-803925b1aaee
Itraconazole 10mg/ml Oral Solution,8021:1;8019:1,e749649b-04d1-45d2-8768-4b3537efce11,1cc93709-cf93-4798-8b53-803925b1aaee
Ketoconazole 200mg Tablet,8019:1,a7a4935a-658d-4e7c-9306-cadbb72aa4d2,ebd9878c-2146-43d5-82b4-22733bb58f56
Pyridostigmine Bromide 180mg(s/r) Tablet,8019:1,0aba5168-5899-4cab-95f8-017e712b63b1,793d1141-170c-4d92-9ae8-cf602b83b437
Pyridostigmine Bromide 25mg Tablet,8019:1,d9af304d-07da-47d4-bae2-2a2d507a6ec3,793d1141-170c-4d92-9ae8-cf602b83b437
Pyridostigmine Bromide 60mg Tablet,8019:1,19a52ac8-4158-4bf6-839c-12efb6380e3a,793d1141-170c-4d92-9ae8-cf602b83b437
Lamivudine 10mg/ml Oral Solution,8019:1;8021:1,8d90d2ac-9e83-40ed-9bc2-6ec588827866,25cb14c9-8691-4197-8529-f2bc436163be
Baclofen 5mg Tablet,8019:1,6e0310a9-cc10-49f4-8245-dbe32bce10a4,70756a58-a88e-4bd1-b7b5-e2d0a791217e
Orphenadrine Citrate 100mg Tablet,8019:1,7e701a54-fe67-483d-bb48-127014086305,bd2b9b2f-495a-4592-822a-ba5528e20702
Ibuprofen 300mg Capsule,8019:1,6b15b29b-ca7d-4255-a935-cb4d5bad9905,bdaab1d7-2627-40a0-84cf-086b605221a3
Lamivudine + Nevirapine + Stavudine 150mg +200mg +30mg Tablet,8028:1,d30a406a-53e5-41ff-babb-8258aa36da83,c408d9c5-9c2d-4bc5-a157-2088e4abd724
Hyaluronidase 1500 Units in ampoule Powder for injection,8030:1,268c3a46-da36-422e-a0db-a88760930d1f,c0f19462-bb85-4556-9da0-e579f23a9d52
Methocarbamol 1g in 10 ml vial Injection,8010:1;8021:1,30ca5cba-458b-4174-85ce-5ec2dca707f0,b1ac2bf4-0159-4d74-a574-b32d71f40ba6
Nelfinavir 250mg Tablet,8019:1,f6cb7a7f-0b77-41d6-a9cc-ecfcb35cc389,9376c2bf-421c-4e7d-bc5b-ef540270be50
Nelfinavir 50mg/ml Oral Solution,8029:1,d84685bc-3123-4b56-bca0-f88863bc3fd7,9376c2bf-421c-4e7d-bc5b-ef540270be50
Camphor Cream,8029:1,9d4cb2c4-c246-43f8-a860-9071c20dc6e1,4ce72888-1e90-49b0-9944-b88187b34d2c
Nevirapine 20ml 10mg/ml Suspension,8021:1;8019:1,c96e69d6-9a51-4b4b-a388-482c2d954e09,3c300b0f-00cc-4b76-b164-0943a6e863da
Silver Sulphadiazine 1% Cream,8029:1,be197c3b-d76f-4a73-957d-17a576617831,fd71e613-bbc5-4541-b600-74e439876e3c
Saquinavir 200mg Capsule,8019:1,e1087609-a9b8-4695-ac57-8fa5d254827c,52b896ac-6865-4182-9119-4aa88eb5ec6d
Saquinavir 500mg Tablet,8019:1,7693cc05-d97b-41ca-8e4f-672b0a984118,52b896ac-6865-4182-9119-4aa88eb5ec6d
Saquinavir 80mg/ml Solution,8019:1;8021:1,e5fc7873-ff58-492d-a215-341e1d36a357,52b896ac-6865-4182-9119-4aa88eb5ec6d
Tolnaftate 1% Solution,8002:1,c42fb9bf-a2e3-414f-ae4a-19cd204bc957,cb91bba9-ac43-4cc4-96fb-42b018817d9a
Terbenafine 1% Cream,8029:1,63d97088-5378-4007-a28d-868d4ac5103f,bf99554c-e215-45df-b57f-8eb0a547acbe
"Zalcitabine (ddc,DDC) 375mcg Tablet",8017:1,3f83ddb2-fb27-431e-a1d9-9b286b8a48ff,d9ece29e-b2af-4b5d-ad67-56532134eff0
"Zalcitabine (ddc,DDC) 750mcg Tablet",8017:1,b98d7433-7446-4421-9730-be6b16b5c851,d9ece29e-b2af-4b5d-ad67-56532134eff0
Zidovudine 250mg Capsule,8019:1,d9e89c34-e6ac-4260-9bb0-ea70c6ab6df4,b4362318-390e-46b1-99a4-e5b007440dc6
Zidovudine 50mg/5ml Syrup,8021:1;8019:1,a9cc6f89-37e5-4d05-b9c1-8fe4b5dc3682,b4362318-390e-46b1-99a4-e5b007440dc6
Zidovudine 150mg Tablet,8019:1,bc03bbf9-2562-498d-ad03-9c473abef1e6,b4362318-390e-46b1-99a4-e5b007440dc6
Baclofen 10mg Tablet,8019:1,fd41cc0c-231b-48a8-a53a-146cc6d9880b,70756a58-a88e-4bd1-b7b5-e2d0a791217e
Levonorgestrel (D Norgestrel) 36mg/capsule Implant Capsule (Subdermal),8003:1,5ca61b45-df17-405a-80f0-618177bb5203,770d6e5f-5849-4db6-9995-27a2d4106bbc
Mebendazole 100mg Tablet,8019:1,f4d86ce3-b438-44ab-b0fb-814fd6917b4a,65f2d0c1-b368-4bc4-b154-81893465f15e
Medroxyprogesterone Acetate 150mg/ml in 1ml vial Injection (Aqueous suspension),8021:1;8019:1,f6a986eb-d92a-47cc-bca5-6aa428e6238e,5537975e-ce76-4306-8d58-764e240babdd
Clotrimazole + Hydrocortisone 1% + 1% Ointment,8029:1,965606ae-873f-4cce-a2fa-47c26b925629,e07c8e5e-1ab9-4ba8-9bf8-a914053fead5
Chloroquine Phosphate 150mg base in 5ml ampoule Injection,8019:1;8021:1,ea1b8e25-9cbe-4213-b5bb-e42f223b0e0e,7af06b07-54b0-40e5-937e-732ff83ad523
"Nystatin 100,000IU/g Powder",8009:1,a8731f7f-fbb3-4223-b93b-e4ffdec96c39,8b867d47-5d4d-41f9-9b0a-04771c4b83a6
Dehydroemetine 30mg/ml in 1ml ampoule Injection,8019:1;8021:1,73782c7d-b585-4ddd-9d25-e5aa725d86cc,2c535248-fa98-45b9-b237-67ca03f2e247
Dehydroemetine 30mg/ml in 2ml ampoule Injection,8019:1;8021:1,d02b575a-1a40-4f69-861e-918902accddc,2c535248-fa98-45b9-b237-67ca03f2e247
Diloxanide Furoate 500mg Tablet,8019:1,760830e2-f4a5-42c4-9867-263f1445a90c,f37a44ca-2847-49a0-bac7-ff7bd069caab
"Metronidazole 4%W/V,250mg/5ml Syrup",8002:1,8095de10-5bd4-4e4d-a10d-dd3638289f31,fdc15df0-53c4-4355-8253-6da000693c4f
Metronidazole 500mg Capsule,8019:1,191c9acd-a6d7-4e69-b4d8-c2ab3660e24b,fdc15df0-53c4-4355-8253-6da000693c4f
Bismuth Salicylate 300mg Tablet,8019:1,2b1fa928-d63b-461e-9a4a-44b42b97d9e6,45022254-bd94-42e0-af80-3f01e11dc1fe
Niclosamide 500mg Tablet (Chewable),8019:1,6dc6aac7-6207-4a12-8bf6-5c8cd8bd8285,3cc6c077-3ea1-4a7e-960c-4830ecddf50b
Gentamicin 40mg/2ml Injection,8009:1,0c0f32d1-0169-4286-8bf6-0273d4b648ee,b6871d46-d18c-4d79-b455-9ea18c35f907
Levofloxain 500mg Tablet,8019:1,958628d5-390b-4e4b-98f1-44981fb5ed3d,1cb1adb7-fb99-4c73-b699-0042e5c5c556
Metronidazole 250mg Tablet,8019:1,7c4f7173-51ac-4389-a2c0-1a4a1be8a98d,fdc15df0-53c4-4355-8253-6da000693c4f
Nalidixic Acid 500mg Tablet,8019:1,def0c4a9-c8ec-4f38-be43-294ee350639c,45946f33-24ff-4a72-8c92-b5a2645e88a4
Nalidixic Acid 300mg/vial Oral Suspension,8019:1;8021:1,d8c4c3a8-4cbd-431a-a49d-cc770b120c18,45946f33-24ff-4a72-8c92-b5a2645e88a4
Neomycin 500mg Capsule,8019:1,73ccfff5-6f90-4091-8dbe-d3a76c2cbd90,749201d0-e260-44ff-8a21-c986f06623eb
Nitrofurantion 0.5% W/V Oral Suspension,8002:1,5d57dc11-8d6b-4d0b-99d3-3e8ed5d215f4,7174e4d9-a6d2-4014-aa56-101977d2a47b
Nitrofurantion 50mg Tablet,8019:1,236264b7-b107-4560-b3c2-c0cc167efa4a,7174e4d9-a6d2-4014-aa56-101977d2a47b
Nitrofurantion 100mg Tablet,8019:1,706aa986-a580-4c2d-870f-17c6525aff4d,7174e4d9-a6d2-4014-aa56-101977d2a47b
Triamcinolone 0.1% Ointment,8031:1,387efd50-fd80-44bf-9759-022d82403cc5,42cf81c3-b189-42dc-8ecd-590bd301373c
Ofloxacin 200mg Tablet,8019:1,e5b2b7c4-676b-4c6f-8571-d37cfe97a3f9,45e90830-f526-4c4b-8304-17fd74f933f7
Ofloxacin 400mg Tablet,8019:1,e5cfad2b-4cbf-4a06-a5a0-44da541972c4,45e90830-f526-4c4b-8304-17fd74f933f7
Ofloxacin 200mg/100ml Injection,8019:1;8021:1,379307fc-8134-4a2a-a931-03593e92103d,45e90830-f526-4c4b-8304-17fd74f933f7
Miconazole Nitrate Nitrat 2mg/100mg Oral Gel,8019:1,3c8fa2f0-42ec-4f66-af65-28fa8794a2c5,eab7f642-b76b-4ca5-ad3a-d99a5d347e31
Miconazole 250mg Tablet,8019:1,a1997ccf-0375-4091-a56e-88a291d26477,28592ce1-6abe-4e77-b64d-ad9c066c271c
Miconazole 10mg/ml Iv Infusion,8009:1,dd504e9d-68db-4b03-8359-155be85513f8,28592ce1-6abe-4e77-b64d-ad9c066c271c
Amphotericin B 10mg Lozenges,8019:1,728cbee5-c6d6-431d-832c-43b6021ca6c5,395d5069-e23d-49bf-9575-f8a4f42a0b92
Amphotericin B 100mg/ml Oral Suspension,8019:0;8021:1,f2f29d15-aeef-4045-8e1b-5ba16d629234,395d5069-e23d-49bf-9575-f8a4f42a0b92
Leflunomide 20mg Tablet,8019:1,b66d7635-b270-4bcb-a0ff-bd340217287f,3cac8eb1-2096-4b4a-8ed3-0b4dc9a5efa4
Metrifonate 100mg Tablet,8019:1,05d6288e-550b-4056-883f-63b1b4c9a892,f1e553d8-f12f-4ef0-a494-af454aeefce8
Oxaminquine 250mg Capsule,8019:1,ea140267-ce07-4f46-b427-35d9fd5c9861,ce1de2b5-d23f-496d-98c2-f1c2e5640d0e
Oxaminquine 250mg/5ml Suspension,8021:1;8019:1,955a6e04-a9e5-4826-8655-dc97b850564a,ce1de2b5-d23f-496d-98c2-f1c2e5640d0e
Nimesulide 100mg Tablet,8019:1,f7cf1925-66de-46c5-8c98-ba23befd919b,4549da17-a531-4ebd-b86b-7df847399dae
Clindamycin 75mg Capsule,8019:1,36d7bc77-73cb-440f-8ce3-c62aafed96a0,78ac43ad-0a87-4202-9985-500cfe58368d
Clindamycin 150mg Capsule,8019:1,639a48b0-115e-452c-a6ea-58b5bd44e61c,78ac43ad-0a87-4202-9985-500cfe58368d
Rifampicin 20mg/5ml Syrup,8021:1;8019:1,c2f4e0bf-85cc-4c35-9e6b-3d3978e95261,92257df7-79d2-49ab-8088-3b1af0e55285
Streptomycin Sulphte 5g Powder for injection,8031:1;8010:1,eb4bca67-d838-423e-b4a6-88dd48a28ee3,31b6c30c-9dcf-48b5-997a-7508ccfd16d5
Sodium Stibogluconate 100mg/ml Injection,8021:1;8019:1,80fb26b7-be55-4526-b568-a130adecd4fd,eb84a070-19d4-4aa7-906d-9c1886f3b0d2
Sodium Diethanolamine Fusidate 580mg Powder for injection,8019:1;8031:1,cd59be25-adf0-41c9-b145-508d65bee5fd,947a4d2c-2554-4ca1-a7ef-405a1408b656
Sparfloxacin 100mg Tablet,8019:1,5f4ff37b-1ab6-4f34-b6ce-4b53fe6ea587,5b09dec4-d58a-4125-906c-174c01dc5666
Sparfloxacin 200mg Tablet,8019:1,31e35a43-d695-4108-a20d-46ea30952e14,5b09dec4-d58a-4125-906c-174c01dc5666
Spiramycin 3mega unit Tablet,8018:1,c16bbf4b-e53d-4f71-a921-88c43ca2df1b,42c078c5-ad36-4104-a71b-be8f1464f7b4
Sulphamethoxazole + Trimethoprim (200mg + 40mg)/5ml Mixture,8002:1,ce3e2a3f-3913-44fc-9847-c5a78c518b72,8fc8c5d7-107d-42a6-b81e-fc017481ca58
Melarsonyl Potassium 200mg Powder for injection,8019:1,73be455c-25ab-4210-a39a-701b7621f251,74ef4f4b-4ce5-4fd1-80ba-dc5c3b70213c
Melarsonyl Potassium 36mg/ml Injection,8019:1;8021:1,560d33b0-a934-413b-88aa-2eb79d7076a3,74ef4f4b-4ce5-4fd1-80ba-dc5c3b70213c
Tetracycline HCL 250mg Capsule,8019:1,c221498f-9aae-42ec-831e-4850e58c32bc,8ea48c91-d121-46aa-8d14-c8a73876df3f
Tetracycline HCL 100mg Injection,8019:1,b0a7d4f0-8ea1-40bd-8b3d-6a9b7c1f5418,8ea48c91-d121-46aa-8d14-c8a73876df3f
Tetracycline HCL 250mg Injection,8019:1,5bfb44cd-e1f5-45ee-b2d0-dda7853bea2d,8ea48c91-d121-46aa-8d14-c8a73876df3f
Tetracycline HCL 500mg Injection,8019:1;8000:1,d1a04651-7d83-4018-aa1e-7e215397592c,8ea48c91-d121-46aa-8d14-c8a73876df3f
Tetracycline HCL 500mg Tablet (Film Coated),8019:1,89a2fde2-3f2f-48c5-a247-3278a4b99996,8ea48c91-d121-46aa-8d14-c8a73876df3f
Thiamphenicol 250mg Capsule,8019:1,b96c3612-bdf7-4ced-883c-21eee7b0b10a,eff3d376-05c0-4e03-821b-8870bf08cf96
Thiamphenicol 250mg Tablet,8019:1,04b67fb3-ac74-4031-bde1-ff5a0614f68d,eff3d376-05c0-4e03-821b-8870bf08cf96
Tobramycin 40mg/ml Injection,8019:1;8021:1,7a4b8d42-3ca0-41b4-b08c-1903c47da0de,0c86bc72-4cba-443b-95a4-8603c5b26992
Trimethoprim 20mg/ml Injection,8021:1;8019:1,504e38b8-878a-4c74-8a02-1d65d6bed10b,045491d2-cfbc-4aaf-8dfc-cc8f7eb01ff6
Trimethoprim 100mg Tablet,8019:1,dae34d41-6505-46fa-8734-7e4bd6e2a7df,045491d2-cfbc-4aaf-8dfc-cc8f7eb01ff6
Trimethoprim 200mg Tablet,8019:1,4d7f985f-a7c2-454a-b730-d6ae8772bffc,045491d2-cfbc-4aaf-8dfc-cc8f7eb01ff6
Trimethoprim 50mg/ml Suspension,8021:1;8019:1,c98998ad-1541-41db-82a5-8f23f3c12662,045491d2-cfbc-4aaf-8dfc-cc8f7eb01ff6
Hydroxypropylmethylcellulose (Hypromellose) 0.5% Eye Drop,8008:1,e6d11675-09eb-4c25-98d9-52bb56843a15,6a6c04e5-f9ad-4d85-9c1e-4696eaee4f7d
"Penicillin G, Sodium Crystalline 1 MIU Injection",8020:1,b967e12c-14df-440d-8642-50ed8926404c,9f28af97-d16b-4bf6-bcf4-8eb39dc01654
"Penicillin G, Sodium Crystalline 10 MIU Injection",8020:1,3eb5ab7b-1c69-42c7-bc4d-d9770d21431c,9f28af97-d16b-4bf6-bcf4-8eb39dc01654
"Penicillin G, Sodium Crystalline 20 MIU Injection",8020:1,da42a5ae-93fd-4f72-a52c-f4ebf75b2b47,9f28af97-d16b-4bf6-bcf4-8eb39dc01654
Phenoxy Methyl Penicillin 125mg/5ml Oral Suspension,8019:1;8021:1,4bb15167-ebf1-4ac7-8cd5-3a1eb184f9fb,3df49f3c-520e-417f-985e-3355905993c5
"Phenoxy Methyl Penicillin 50,000 IU/ml Oral Suspension",8021:1;8013:1,2cd4bd9c-1972-4d72-9baa-feb72582296b,3df49f3c-520e-417f-985e-3355905993c5
Phenoxy Methyl Penicillin 125mg Tablet,8019:1,7fb3c409-f80b-43cd-82d3-944cd899fa20,3df49f3c-520e-417f-985e-3355905993c5
Phenoxy Methyl Penicillin 250mg Tablet,8019:1,5be714f4-d167-4056-9104-1a9d950f87c3,3df49f3c-520e-417f-985e-3355905993c5
"Phenoxy Methyl Penicillin 500,000 IU Tablet",8013:1,62bc1bf4-2da5-4646-8009-70eabe6d138f,3df49f3c-520e-417f-985e-3355905993c5
Phenoxy Methyl Penicillin Potassium 390mg Tablet,8019:1,ca154bb5-6bf3-42af-ac08-83e4e8028098,b9c04bb0-00c0-4244-83d4-6bea0a5a9dea
Phenoxy Methyl Penicillin Potassium 195/5ml Suspension,8002:1,11422482-993a-4252-a95b-255022ab6d1a,b9c04bb0-00c0-4244-83d4-6bea0a5a9dea
Piperacillin (as Sodium Salt) 1g Powder for injection,8010:1;8021:1,0e935ee5-e2d7-418c-88e9-4135a1252aed,dd7499c6-f0c7-41bc-97e4-59692e068fa5
Piperacillin (as Sodium Salt) 2g Powder for injection,8010:1,091725a4-0599-4a90-938e-eb9880d1bf79,dd7499c6-f0c7-41bc-97e4-59692e068fa5
Sultamicillin (Ampicillin Sulbactam Doulbe Ester) 375mg Tablet,8028:1,34c4ee42-27dd-4891-a4e7-588d32832131,78a15a08-5e98-46aa-bdac-74bace60a333
Sultamicillin (Ampicillin Sulbactam Doulbe Ester) 750mg Tablet,8028:1,ce14f0c8-1c39-43d8-a73f-1724f143da3c,78a15a08-5e98-46aa-bdac-74bace60a333
Clioquinol + Hydrocortisone 3% + 0.5% Cream,8029:1,5c130d34-3a88-42c2-80cd-92f9170ebd32,c4efd6c7-28c0-44a2-a485-6476e8c46518
"Nystatin 500,000 IU Tablet",8013:1,8a232c66-857b-4d2a-b32e-ae72bc5c464b,8b867d47-5d4d-41f9-9b0a-04771c4b83a6
Adenine Arabinoside 500mg Injection,8019:1,e4853471-2a11-4491-9dd9-dc153132992b,20cc0462-5ebe-4154-bc9d-741b442dbfe6
Amantadine HCL 100mg Capsule,8019:1,0df09872-3d63-44a7-b6d4-aff24224029c,0e6f7f1a-dfde-4cc7-a608-ab0189d1f084
Amantadine HCL 50mg/5ml Syrup,8002:1,ec08b883-9b6a-40d1-95ce-38d8c8193124,0e6f7f1a-dfde-4cc7-a608-ab0189d1f084
Famciclovir 125mg Tablet,8019:1,afc3e8d7-f7ea-49a8-b703-7b8a1fe3bda0,f9c47545-7175-4819-9309-1570e6f3d923
Famciclovir 250mg Tablet,8019:1,694b705f-b6ef-4919-88b3-22496cbd96cc,f9c47545-7175-4819-9309-1570e6f3d923
Famciclovir 500mg Tablet,8019:1,5fef30e5-b4fc-44c8-ac2b-9cb0b9d66357,f9c47545-7175-4819-9309-1570e6f3d923
Foscarnet 24mg/ml Iv Infusion,8009:1,4525f6a4-40c0-43d0-bc0f-290bceb72ed7,63630b23-084a-4db0-9832-25907063d5d3
Foscarnet 500mg/vial Powder for injection,8031:1,64521f17-6f05-463c-b744-65161360384e,63630b23-084a-4db0-9832-25907063d5d3
Foscarnet 250mg Capsule,8019:1,411683b0-b8b1-4b45-887c-2c36cee991c3,63630b23-084a-4db0-9832-25907063d5d3
Foscarnet 500mg Capsule,8019:1,60c8d60f-1a18-4a9c-a58d-787879674d42,63630b23-084a-4db0-9832-25907063d5d3
Glutaraldehyde 10% Solution,8002:1,89c71585-217e-40cd-b448-e94620f3cec2,be61c3ad-df94-4569-ba74-9fc91660884e
Ganciclovir 500mg Capsule,8019:1,56f89640-658d-4045-bc0c-00805939d9f0,2fc6b04d-bd07-4af7-8143-aa69d4f374e5
Quinine Dihydrochloride 600mg Tablet,8019:1,5fe0f649-b99b-4b5b-bdab-b19610fb32e7,1c3bcbd1-782c-44e3-a205-de927a74b879
Proquanil HCL 100mg Tablet (Scored),8019:1,ef89da6c-7121-4d28-b787-0a395c1cf934,82d7f692-3978-4448-8dc9-d959f378a1e9
Mefloquine 250mg Tablet,8019:1,5433c825-51cf-4a1b-9ac6-7d88fe78300d,4445a4f4-13df-485f-b18c-ce21740780bb
Sulfadoxine + Pyrimethamine 500mg + 25mg Tablet,8028:1,2be3a0c3-aca9-4f1e-a211-a4c484a726ad,8e2494d7-5248-4eed-8c14-566a7a88ea32
Primaquine Phosphate 15mg Tablet,8019:1,5744ea03-db31-45b0-be41-be02c96f7f92,7f8dee07-43a6-4b92-b641-c24a6ba51642
Mebendazole 500mg Tablet,8019:1,a41e1031-9a34-447d-82ac-fecff296235b,65f2d0c1-b368-4bc4-b154-81893465f15e
Leflunomide 10mg Tablet,8019:1,f571e59c-18ed-433f-a7a0-f65e0efb87a7,3cac8eb1-2096-4b4a-8ed3-0b4dc9a5efa4
Piperazine Citrate 622.5mg/5ml Elixir,8002:1,dc6c7cd9-5461-4ca4-ba69-69bc2e7d7175,b71ef433-1cec-41f2-b61b-c5b0b402457f
Piperazine Citrate 750mg/5ml Elixir,8019:1;8021:1,211c7326-1bd8-448f-b438-f8fd3ea470f2,b71ef433-1cec-41f2-b61b-c5b0b402457f
Piperazine Citrate 706mg/5ml Elixir,8002:1,3343c8d0-f087-4e53-aa6e-1fcc6762b4e5,b71ef433-1cec-41f2-b61b-c5b0b402457f
Piperazine Citrate 937.5mg/5ml Elixir,8002:1,f5e7d3d2-c7aa-477e-937e-ff1ecc9b27af,b71ef433-1cec-41f2-b61b-c5b0b402457f
Piperazine Citrate 1g/5ml Elixir,8010:1;8021:1,67a5abee-b433-46b8-a36a-53682c4a6a67,b71ef433-1cec-41f2-b61b-c5b0b402457f
Piperazine Adiptate 300mg Tablet,8019:1,10c0c853-6d88-412f-a012-fef523a3880b,40c60799-6374-4936-bdbb-49fd3a041c90
Pyrantel Pamoate 250mg base/5ml Oral Suspension,8021:1;8019:1,3fb64e7a-a479-42cf-af38-8f52aa765de3,197eb1c5-15f8-4940-a5e0-bb76373cf94e
Pyrantel Pamoate 125mg base Tablet,8019:1,90885ee4-c513-4f98-a709-351133b44ece,197eb1c5-15f8-4940-a5e0-bb76373cf94e
Thiabendazole 500mg/5ml Oral Suspension,8021:1;8019:1,afa5215f-9ef3-40d4-8ca1-77b4a6d3a1fb,370fe7ff-e18b-4d0d-a482-ac556590517b
Tinidazole 150mg Tablet,8019:1,f8a59b0b-50c7-42f8-b80c-29ccc95f2835,c0eb9a2a-cbd0-4171-a34b-334521e9a2e6
Clioquinol + Flumethasone Pivalate 1% + 0.02% Solution Ear Drop,8009:1,5a21eff6-b854-46f1-b8d0-796dced88694,d20ce651-9987-49db-80c9-e0000c8fbf47
Potassium Chloride 500mg Tablet,8019:1,358ea0bf-afc8-4a36-ab24-4e5175b6cb9d,82228508-9ed0-4ace-b80a-3b26cf323346
Potassium Chloride 750mg Tablet,8019:1,9c4d90b2-5d1d-4cd3-87a9-cfee68976f98,82228508-9ed0-4ace-b80a-3b26cf323346
Potassium Chloride 1g Tablet,8010:1,cfedb3d0-9b2a-4a87-8b11-42ad041dd4e0,82228508-9ed0-4ace-b80a-3b26cf323346
Lidocaine HCL 10% in 80g Spray,8010:1,44ab2b1c-b0aa-4bf8-825f-eb09e292b242,6bc927f7-1091-4e3c-b920-e90b3838b472
Fluocortolone + Fluocortolone Hexanoate (Caproate) 0.25% + 0.25% Ointment,8029:1,1c5a37bb-c9cd-41df-9e7b-2064dec19536,9f90f349-c22d-4f77-ae2a-4442710e07c8
Isoplasma 500ml Iv Infusion,8021:1,533f2e8b-7d32-4075-8721-ea9cb7df262a,8661debd-8147-48d5-ad3d-dd23591c3c43
Plasma Antiheamophile (Human) 50ml Solution,8021:1,6c95aeea-10e5-4695-9db0-7ef866a01c5c,010e927a-5440-4139-9926-19952124c858
Plasma Antiheamophile (Human) 100ml Solution,8021:1,8651c07e-5a69-4558-911d-95074e89aa68,010e927a-5440-4139-9926-19952124c858
Plasma Antiheamophile (Human) 250ml Solution,8021:1,b385558f-555b-48b7-b980-4db034b68b6d,010e927a-5440-4139-9926-19952124c858
Amitriptyline 10mg Tablet,8019:1,a9b85ca0-6cad-4670-9420-0b088f2354f9,40970f73-b2ba-4aff-a97a-eb8bc0777b5a
Alprazolam 0.25mg Tablet,8019:1,6a6868c9-5a5c-4401-878c-d93becb78420,3a351a1a-2636-4278-a516-521d518acc0c
Alprazolam 0.5mg Tablet,8019:1,00a77112-7ec9-42a3-8355-f7b17a732bcf,3a351a1a-2636-4278-a516-521d518acc0c
Alprazolam 1mg Tablet,8019:1,e9a49de9-d271-4db9-bc8d-f69bcd7ae589,3a351a1a-2636-4278-a516-521d518acc0c
Acetazolamide 125mg Tablet,8019:1,e2eb0312-cee4-440f-8faa-52d9786c433e,bd0e696d-e893-436a-afd7-19005b64de37
Ethyl Chloride 50ml Spray,8009:1,9d46de53-338c-422b-9c78-c78a7ecbc709,2bc43ac4-83a1-41f1-909e-e6506bcde931
Carbamazepine 100mg Tablet,8019:1,8d6cb723-5d84-47bb-ab8d-bca6b065c8c3,f1d50a43-5f0a-4b52-bd1d-e3c3f0976a59
Bromazepam 6mg Tablet,8019:1,bf9c76ac-70da-482d-a52f-25eccee47999,7e2df387-e179-443e-9d81-f596397cbc17
Fluorouracil 2% Cream,8029:1,2cf92262-bc74-4618-9dc3-d70ded2f6496,e8620c45-412c-4567-b2f6-4b301c296088
Chloral Hydrate 60mg Suppository,8019:1,cb9c1bc4-33ce-45af-a3f0-082bcc709be5,ff72f969-3099-4be4-8fb3-76589f9259c2
Chloral Hydrate 250mg/5ml Syrup,8002:1,4048b5d7-fbc3-4137-99df-60f5c0c2301b,ff72f969-3099-4be4-8fb3-76589f9259c2
Chloral Hydrate 500mg/5ml Syrup,8002:1,38b761ea-a336-41fb-8673-637c82575480,ff72f969-3099-4be4-8fb3-76589f9259c2
Chloral Hydrate 1g/5ml Syrup,8002:1,511ce51a-4c18-45a4-877d-cc16a8dc5b37,ff72f969-3099-4be4-8fb3-76589f9259c2
Chloral Hydrate 500mg Capsule,8019:1,2cd11c3d-37dc-4518-a8c8-ca854a166e95,ff72f969-3099-4be4-8fb3-76589f9259c2
Chlordiazepoxide 25mg Tablet,8019:1,d7137e16-25b2-4a7f-b796-3cad67f05971,a4dbeeb6-3735-48f7-ad0c-c5357a730513
Chlorpromazine HCL 40mg/5ml in 10ml ampule Drop,8021:1;8019:1,75d4fadb-31f1-4c2d-bae0-08e484df1cae,2562ccc8-b7ed-4fff-91ca-9fdf693a2fd1
Chlorpromazine HCL 40mg/ml in 30ml ampoule Drop,8019:1;8021:1,c82fd107-5ab2-4951-abcc-c98f51bb49fd,2562ccc8-b7ed-4fff-91ca-9fdf693a2fd1
Chlorpromazine HCL 50mg/ml in 2ml ampoule Injection,8021:1;8019:1,4d6d00ac-21f6-4c56-865a-4c36ff038bbb,2562ccc8-b7ed-4fff-91ca-9fdf693a2fd1
Chlorpromazine HCL 25mg/5ml Syrup,8002:1,242ca082-7349-4f3b-a98a-e3e9372445d8,2562ccc8-b7ed-4fff-91ca-9fdf693a2fd1
Chlorpromazine HCL 50mg Tablet,8019:1,6b7e0f94-eb48-4347-a603-59f0e2015bec,2562ccc8-b7ed-4fff-91ca-9fdf693a2fd1
Clonazepam 1mg Tablet,8019:1,3450f098-392c-49b2-920a-560808424a85,2f0d890f-e0bf-41ed-a107-fd673cf27561
Acetylsalicylic Acid 75mg Tablet (Soluble),8019:1,d2da0eba-06ba-4c0c-9ead-075607880f86,847859d5-9b17-401e-8ad7-d206dc581c86
Acetylsalicylic Acid 100mg Tablet (Soluble),8019:1,301a9673-7ac8-48ea-ab6c-9d8ae85074b4,847859d5-9b17-401e-8ad7-d206dc581c86
Acetylsalicylic Acid 324mg Tablet (Microfined),8019:1,657ae1a8-3556-4d20-856a-5e2b8d08fe31,847859d5-9b17-401e-8ad7-d206dc581c86
Acetylsalicylic Acid 500mg Tablet( Enteric Coated),8019:1,3201f6d9-a52a-4215-89eb-93b74fc2be5a,847859d5-9b17-401e-8ad7-d206dc581c86
Cimetidine 200mg Tablet,8019:1,ca3feecf-31fb-4f11-8316-8f43ddee9da9,dab02802-8f52-439b-83cf-fc75faa972a9
Clozapine 100mg Tablet,8019:1,c401f8b5-fe78-48c6-b4da-2ab9e5399b6f,5813758d-9122-4f13-add1-b923a687048f
Diazepam 2mg Tablet,8019:1,facdfd4b-45d8-41e8-b54e-6b95d8bc330d,5fc59931-d43d-4c30-8f95-705e681f4c1f
Codeine Phosphate 30mg/ml in 1ml ampoule Injection,8019:1;8021:1,c9673caf-76c8-4a05-87f2-c0522b474184,71b2cfee-0482-496a-b7ff-7240f5a3be26
Ergometrine Tartrate 0.25mg/ml in 1ml ampoule Injection,8019:1;8021:1,be4e69aa-7cb8-4dc8-813a-cbe47050b334,08acf345-dd9a-4bb5-8021-eee8f06cc629
Ergometrine Tartrate 1mg Tablet (Sublingual),8019:1,8a1276a7-2134-470a-9101-ccd884b37b9e,08acf345-dd9a-4bb5-8021-eee8f06cc629
Ergometrine Tartrate 2mg Tablet (Sublingual),8019:1,2763aa27-7603-43e1-8855-622e9854c9cf,08acf345-dd9a-4bb5-8021-eee8f06cc629
Clonazepam 1mg/ml in ampoule Injection,8021:1;8019:1,299c2b99-e797-4796-ae16-2249b05b4acd,2f0d890f-e0bf-41ed-a107-fd673cf27561
Amitriptyline 50mg Tablet,8019:1,f772478e-c7d4-4076-ba2a-25f402d314e8,40970f73-b2ba-4aff-a97a-eb8bc0777b5a
Diazepam 5mg Suppository,8019:1,a55d0cc5-1c87-49f4-852f-a8577a23c024,5fc59931-d43d-4c30-8f95-705e681f4c1f
Diazepam 10mg Suppository,8019:1,848a3baf-c848-4ec3-b8b6-62490a6b4a07,5fc59931-d43d-4c30-8f95-705e681f4c1f
Amitriptyline + Chlordiazepoxide 12.5mg + 5mg Capsule,8003:1,d2c67d82-460e-4ace-946f-29dc20486cae,f46841cd-e008-40b1-96fe-0f94a11325ee
Amitriptyline + Chlordiazepoxide 25mg + 10mg Capsule,8003:1,5315d1fb-f3c7-4b7c-baf8-637f13e6d5de,f46841cd-e008-40b1-96fe-0f94a11325ee
Clomipramine HCL 10mg Capsule,8019:1,f8e46502-227d-4300-a9f3-2f4389471b0d,f81a2f4f-ec0f-4707-9b43-d666ec12d61f
Clomipramine HCL 25mg Capsule,8019:1,eae6e96e-9d87-4338-bdeb-ffca6abe9ba6,f81a2f4f-ec0f-4707-9b43-d666ec12d61f
Clomipramine HCL 50mg Capsule,8019:1,fd8b0351-3d01-4851-a1fc-0d4888c9e7af,f81a2f4f-ec0f-4707-9b43-d666ec12d61f
Duloxetin 30mg Tablet,8019:1,5ab7ebde-2d6a-48c6-b493-e6ba267abaef,ed776021-aafd-46e2-a372-3097b9e0c078
Duloxetin 40mg Tablet,8019:1,517dd75f-7e61-4ccd-a0fc-c4363927f263,ed776021-aafd-46e2-a372-3097b9e0c078
Duloxetin 60mg Tablet,8019:1,0cc0dec0-29f0-4001-888c-1fdf8654a786,ed776021-aafd-46e2-a372-3097b9e0c078
Escitalopram 5mg Tablet,8019:1,f55dde4e-27a2-4a0a-a477-024b3e09d76a,13723d34-c5a8-4a0c-83bb-eac9fc781d23
Escitalopram 10mg Tablet,8019:1,c0424d9b-3558-4295-9ec7-f915f38cc5a6,13723d34-c5a8-4a0c-83bb-eac9fc781d23
Escitalopram 20mg Tablet,8019:1,ef28c77f-f61a-481a-8bcd-0e8f3899a9e7,13723d34-c5a8-4a0c-83bb-eac9fc781d23
Fluvoxamine Meleate 40mg Tablet,8019:1,82e39793-7f1b-4029-b4ba-8d6c02c82131,3994cde8-2747-477a-b5e8-9d3ec46c9eb4
Imipramine 10mg Tablet,8019:1,ef702678-66e5-4e67-97a4-3ad28abbf812,96c5d1b0-f201-477b-a9be-d4fd152f9f14
Imipramine 25mg Tablet,8019:1,ed1dc73f-1eb0-42cf-a580-cf352ab699f4,96c5d1b0-f201-477b-a9be-d4fd152f9f14
Sertaline HCL 50mg Tablet,8019:1,2feb0dd7-4e88-4743-b53d-2b4bb79e48c6,215b7af1-30f4-4251-9d23-988c5f6816df
Sertaline HCL 100mg Tablet,8019:1,9f094502-80ad-4abd-a780-968cdb011d98,215b7af1-30f4-4251-9d23-988c5f6816df
Olanzapine 5mg Tablet,8019:1,746aab38-1e17-421c-9e55-ef826635fb5f,f9430575-0f1e-4246-a1b8-a2805b4e07ec
Paraldehyde in 2ml ampoule Injection,8021:1,8fa171be-d399-4cca-9d3a-71c420942921,e605b2fc-e9f2-440c-bba3-12140bee2f81
Paraldehyde in 5ml ampoule Injection,8021:1,a22812fc-dc32-4985-84cb-8cc910251eeb,e605b2fc-e9f2-440c-bba3-12140bee2f81
Ergometrine Tertrate + Caffeine 2mg + 100mg Suppository,8027:1,e6bb4af7-29b8-4855-b8ec-6dffe25aa6bf,9d97e714-a070-4b70-beda-fda3f0c2efaa
Methadone HCL 10mg/ml in ampoule Injection,8021:1;8019:1,aa8aad80-61cf-4ce1-88c5-8c54ca450e9d,dd80864b-13cb-447d-9386-a229703999e7
Methadone HCL 20mg/ml in 1ml ampoule Injection,8021:1;8019:1,f1caeda8-898d-4e15-924c-5a9074501afe,dd80864b-13cb-447d-9386-a229703999e7
Methadone HCL 5mg Tablet,8019:1,6a853dc7-87d4-4f15-963c-c25fb3490d4e,dd80864b-13cb-447d-9386-a229703999e7
Morphine HCL 20mg/ml in 1ml ampoule Injection,8021:1;8019:1,1fcbbf3b-dbf5-41c1-b8bc-f88d216f0af1,52545083-c8e7-4164-aea8-5c6b3541fe10
Morphine HCL 5mg Tablet,8019:1,fc0d2e4f-9ac9-476c-a629-2491dd1255b7,52545083-c8e7-4164-aea8-5c6b3541fe10
Morphine Sulphate 20mg Capsule(m/r),8019:1,6ace55c2-d80e-4b90-9095-59584e90f3f9,d6fee6ef-6daa-4212-bba0-93e563dd459a
Morphine Sulphate 50mg Capsule(m/r),8019:1,3dba6cb1-a222-408e-a3a2-17f47f0e8dc7,d6fee6ef-6daa-4212-bba0-93e563dd459a
Morphine Sulphate 100mg Capsule(m/r),8019:1,ed22f1b1-87c6-4e46-b396-4e71a68b1017,d6fee6ef-6daa-4212-bba0-93e563dd459a
Morphine Sulphate 200mg Capsule(m/r),8019:1,f8484094-4d72-4e58-b914-30feb21aecfe,d6fee6ef-6daa-4212-bba0-93e563dd459a
Morphine Sulphate 30mg/sachet Suspension (Granules),8025:1;8019:1,98269053-5b6d-43a1-8a4a-7d88727a581f,d6fee6ef-6daa-4212-bba0-93e563dd459a
Morphine Sulphate 60mg/sachet Suspension (Granules),8019:1;8025:1,f0fadfe6-7f03-46d4-809d-85c43b1a6618,d6fee6ef-6daa-4212-bba0-93e563dd459a
Morphine Sulphate 100mg/sachet Suspension (Granules),8002:1,691b31a5-d3be-4961-ad01-8442e533b129,d6fee6ef-6daa-4212-bba0-93e563dd459a
Morphine Sulphate 200mg/sachet Suspension (Granules),8019:1;8025:1,27a0a550-8900-4e76-9dbe-b8f513d1b9ca,d6fee6ef-6daa-4212-bba0-93e563dd459a
Morphine Sulphate 10mg/5ml Oral Solution,8009:1,c8c1a00a-8f95-4cc4-af94-d50bc0db0fde,d6fee6ef-6daa-4212-bba0-93e563dd459a
Morphine Sulphate 10mg Suppository,8019:1,310f194c-9af4-49fb-8490-509a8c19291c,d6fee6ef-6daa-4212-bba0-93e563dd459a
Morphine Sulphate 15mg Suppository,8019:1,27cfb51b-a64c-4194-9e64-d83acacd1aad,d6fee6ef-6daa-4212-bba0-93e563dd459a
Morphine Sulphate 20mg Suppository,8019:1,602b441d-5eb8-4bd2-b88e-ef7f4426038b,d6fee6ef-6daa-4212-bba0-93e563dd459a
Morphine Sulphate 30mg Suppository,8019:1,84ce55af-c48a-4e0c-b5fe-d8fc7a750a0a,d6fee6ef-6daa-4212-bba0-93e563dd459a
Morphine Sulphate 5mg Tablet,8019:1,a4bfaf1e-827f-4967-b8e1-32634c36383c,d6fee6ef-6daa-4212-bba0-93e563dd459a
Morphine Sulphate 10mg Tablet,8019:1,533a6162-4a77-406f-972e-dd47252cd9cd,d6fee6ef-6daa-4212-bba0-93e563dd459a
Morphine Sulphate 15mg Tablet,8019:1,45be21b2-1740-4656-afac-fe85dbaa3c3c,d6fee6ef-6daa-4212-bba0-93e563dd459a
Paracetamol 250mg/5ml Syrup,8019:1;8021:1,cebeb715-103b-4baa-993e-c6f8a420bd16,cadb8343-e5ae-45f2-ab0d-4322eafb8038
Paracetamol 250mg Tablet,8019:1,54a1bc1c-4906-4384-aad0-a60a5404aff8,cadb8343-e5ae-45f2-ab0d-4322eafb8038
Phenobarbitone (Phenobarrbital) Sodium 25mg/ml Injection,8019:1;8021:1,d6bf3569-d969-43d9-af2b-e0f2ccb314bb,3f0b5c6f-95ab-4b61-bde9-d1e2d2dae321
Paracetamol 100mg/ml Drop,8009:1,b38b522d-6ca9-49c9-9586-c60c9cb91f37,cadb8343-e5ae-45f2-ab0d-4322eafb8038
Pentazocine 30mg/ml in 1 ampoule Injection,8021:1;8019:1,22f86522-1382-4553-aca5-87083a6be308,3eee05ea-dd72-41a4-8343-95f94a9bb091
Pentazocine 50mg Tablet,8019:1,c672a131-89ba-4688-9335-01519220325a,3eee05ea-dd72-41a4-8343-95f94a9bb091
Fluphenazine Decanoate 25mg/ml in 10ml ampoule Injection (Depot.oily),8021:1;8019:1,4f8d156a-f531-45c1-aa3d-07315adc5d80,135df87b-96fd-4ae6-b100-8927db6b4b2f
Fluphenazine HCL 1mg Tablet,8019:1,60bf814a-ce42-4fd1-85b0-08adcf2af249,8ce25e46-ef9f-4158-916f-f9f5df09737c
Fluphenazine HCL 15mg Capsule,8019:1,c5ce1bda-22ae-468e-a18f-2605e6ce06c6,8ce25e46-ef9f-4158-916f-f9f5df09737c
Fluphenazine HCL 30mg Capsule,8019:1,c0d72b83-925a-4f80-85d8-cd80862e8252,8ce25e46-ef9f-4158-916f-f9f5df09737c
Cimetidine 800mg Tablet,8019:1,e61510ca-7b36-462c-ba0b-2cbee7d0d449,dab02802-8f52-439b-83cf-fc75faa972a9
Haloperidol 2mg/ml Oral Liquid,8021:1;8019:1,678db750-fe14-4bff-bb71-5b5f440b8535,7fe8db9c-b67f-480d-a57a-2912b64190c2
Haloperidol 1mg Tablet,8019:1,7fd1a859-103c-4ef3-b57b-e5eefbefb13a,7fe8db9c-b67f-480d-a57a-2912b64190c2
Hyoscine (Scopolamine) Sulphate 1mg/ml in 1ml ampoule Injection,8019:1;8021:1,522fe73b-b695-444b-89d7-013674df1207,6a469109-ff2d-48c3-bc8d-f435a40b6471
Haloperidol Deconate 50mg/ml in 1ml ampoule Injection (Depot.oily),8021:1;8019:1,77c282c4-5eb5-419d-b420-36cbcf881a38,6415b46d-eec4-46be-9fa6-903845c59f71
Lithium Carbonate 300mg Tablet,8019:1,36716619-9699-4530-b87b-1972a3fa348b,1e74d753-e434-431b-8216-cc86b52d86c2
Lithium Carbonate 400mg Tablet,8019:1,e92acddc-181a-477d-8336-e985f512e2a3,1e74d753-e434-431b-8216-cc86b52d86c2
Medazepam 5mg Capsule,8019:1,7f456845-56ff-4861-aae2-1b0f2c70ba56,123cb043-acdb-44db-b5e0-dc34c6abd9bc
Medazepam 10mg Capsule,8019:1,78430bb0-e381-4496-8e04-6bf593e36f4a,123cb043-acdb-44db-b5e0-dc34c6abd9bc
Midazolam HCL 1mg/ml Injection,8019:1;8021:1,3ded7307-dc96-40a3-ad96-86412ce3d55f,314c3338-5ee8-40c8-9d24-f579c8f5429c
Midazolam HCL 5mg/ml Injection,8021:1;8019:1,d6f5a3ae-b82a-47cc-a122-52384d6a651e,314c3338-5ee8-40c8-9d24-f579c8f5429c
Midazolam HCL 2mg/ml Syrup,8002:1,2128d822-8622-4051-aff6-2f231f66a0a9,314c3338-5ee8-40c8-9d24-f579c8f5429c
Phenobarbitone (Phenobarrbital) Sodium 50mg Capsule,8019:1,fa29a4ac-f6b8-4d21-b2ca-fa7eb2804c1a,3f0b5c6f-95ab-4b61-bde9-d1e2d2dae321
Phenobarbitone (Phenobarrbital) Sodium 50mg/ml in 50ml Injection,8021:1;8019:1,6d242353-d4ac-40ff-9e6f-92683921d83b,3f0b5c6f-95ab-4b61-bde9-d1e2d2dae321
Cimetidine 200mg/5ml Syrup,8002:1,5105e5ea-c6ad-4a1d-83e9-a5173569fc8f,dab02802-8f52-439b-83cf-fc75faa972a9
Lansoprazole 15mg Tablet,8019:1,0d699a50-aba6-47a0-bc84-52c6931b31ca,ff230aa6-9c5c-493b-8e57-d77955559cfd
Phenobarbitone (Phenobarrbital) Sodium 15mg Tablet,8019:1,f6ba316a-58ae-4509-ae7b-a70856b82900,3f0b5c6f-95ab-4b61-bde9-d1e2d2dae321
Salicylic Acid + Betamethasone Dipropionate 2% + 0.06% Lotion,8029:1,7760b001-fc3b-4a3e-8367-003e9d8e3d91,7f21ac14-06f8-4c5b-a72f-219d02b17b62
Silver Nitrate + Potassium Nitrate 95% + 5% Ointment,8029:1,cc391c23-301c-4593-bfab-14f91f016027,2c4d677a-7b05-473c-8047-c052d4c8a854
Pimozide 2mg Tablet,8019:1,1304fbdb-ed95-4d35-8691-3699e66c1f1c,80a11a27-0eca-4b30-9b91-01a8788ac2e2
Pimozide 10mg Tablet,8019:1,56cec1f6-e0fa-4d98-bce9-ce861af19c00,80a11a27-0eca-4b30-9b91-01a8788ac2e2
Benzhexol (Trihexyphenidyl HCL) 2mg Tablet,8019:1,6becee70-afaf-4235-8d83-6ffddbf4d117,08e94315-12f9-4ac2-88ac-5104c9ae9e29
Benzhexol (Trihexyphenidyl HCL) 5mg Tablet,8019:1,4ca9003f-1cba-40a0-87ae-7a76fa9f3ba7,08e94315-12f9-4ac2-88ac-5104c9ae9e29
Diphenhydramine Hydrochloride 250mg Tablet,8019:1,9b00ece0-0cd9-48af-945d-61a50e8e7d42,44c86593-aa1c-4a2d-ba2b-bb899de4746b
Diphenhydramine Hydrochloride 500mg Tablet,8019:1,39055e57-30d4-49de-b882-2010474d44c8,44c86593-aa1c-4a2d-ba2b-bb899de4746b
Benztropine (Meseylate) 2mg Tablet,8019:1,f04c07d0-d149-4868-b149-32ecc6f61347,3a5441b1-de16-4533-8e38-680add9258b1
Levodopa 250mg Tablet,8019:1,7aa80f8c-45f7-496f-8385-fce177c6843b,b00c30fc-99e2-4196-9f9c-e0c9d1ad1404
Levodopa 500mg Tablet,8019:1,b60de9fd-5d4e-47ec-a0a0-64668147ccd0,b00c30fc-99e2-4196-9f9c-e0c9d1ad1404
Levodopa + Benserazide 50mg + 12.5mg Capsule,8003:1,401745f5-4b13-4db8-8a9b-b84d3af441da,01611974-effd-4d9d-b25a-fc3eb4796a76
Levodopa + Benserazide 100mg + 25mg Capsule,8003:1,ec0d5838-b7d8-4a14-bcc5-8617366165cf,01611974-effd-4d9d-b25a-fc3eb4796a76
Levodopa + Benserazide 200mg + 50mg Capsule,8003:1,b582c017-51cc-4488-b96b-09f586b25b79,01611974-effd-4d9d-b25a-fc3eb4796a76
Levodopa + Benserazide 50mg + 12.5mg Tablet,8028:1,bf7dd62b-c710-4de5-978d-029b963c00e0,01611974-effd-4d9d-b25a-fc3eb4796a76
Levodopa + Benserazide 100mg + 25mg Tablet,8028:1,a9cb5f79-958a-40d3-9a96-d860dd5c0cf8,01611974-effd-4d9d-b25a-fc3eb4796a76
Levodopa + Benserazide 200mg + 50mg Tablet,8028:1,0ded83fd-bf46-48c9-a9f5-1b89e593f968,01611974-effd-4d9d-b25a-fc3eb4796a76
Orphenadrine HCL 50mg Tablet,8019:1,6f0963af-ffb2-4af4-91fa-c30c1033495d,0a891b3e-7213-4445-92cb-c357da00598b
Risperidone 2mg Tablet,8019:1,bd042f3e-bdca-4a1d-894d-41b7017a31e4,54ebfa9b-6208-445f-be62-f84ebf6db4b2
Risperidone 3mg Tablet,8019:1,64d5a58b-2de8-4c0a-982e-7f84be8b075d,54ebfa9b-6208-445f-be62-f84ebf6db4b2
Risperidone 4mg Tablet,8019:1,aa61d2c9-740f-4ca3-9dc8-d69124d0341e,54ebfa9b-6208-445f-be62-f84ebf6db4b2
Risperidone 6mg Tablet,8019:1,0f37206c-567d-433b-80b2-c0a21e37a19a,54ebfa9b-6208-445f-be62-f84ebf6db4b2
Risperidone 1mg/ml Liquid,8019:1;8021:1,e955d9bd-e00f-40e5-a938-ce30cb7cb7a8,54ebfa9b-6208-445f-be62-f84ebf6db4b2
Temazepam 10mg Capsule,8019:1,3b3b7c50-e2da-4028-a691-fbb5a03bcf68,a1bbfd73-882e-477c-af11-16b33a9f905b
Temazepam 15mg Capsule,8019:1,62ae0b13-289b-4d35-b23c-c315aa807246,a1bbfd73-882e-477c-af11-16b33a9f905b
Temazepam 20mg Capsule,8019:1,07c0fb9b-7a3a-4c92-88f2-624d23e4218d,a1bbfd73-882e-477c-af11-16b33a9f905b
Temazepam 30mg Capsule,8019:1,ce03fb39-2fc6-49e3-a77a-543c77ffbdbd,a1bbfd73-882e-477c-af11-16b33a9f905b
Thioridazine HCL 10mg Tablet,8019:1,425595ca-c095-4754-b186-e697ffa56441,c31b5e0d-76b4-4e07-9c55-3ecd41211b66
Sumatriptan 50mg Tablet,8019:1,b51d9ee0-19b5-4187-b97e-6e05d09244d6,bbc033d7-ebda-4618-b15e-ffc0975b9267
Sumatriptan 12mg/ml Injection,8019:1;8021:1,abe1c964-e255-4d71-90fa-e6f09fdf6189,bbc033d7-ebda-4618-b15e-ffc0975b9267
Sumatriptan 20mg/0.1ml Nasal Spray,8019:1;8021:1,ffa525fa-11dd-47f1-8d85-f5b5de23933e,bbc033d7-ebda-4618-b15e-ffc0975b9267
Tramadol 20mg/0.1ml Oral Drop,8008:1;8019:1;8029:1,ee81a73d-84b8-4ba6-8f6d-e1d211118a84,9dbbc3c5-e97a-419e-ad86-4c703ef2e051
Tramadol 75mg Capsule,8019:1,f210fbcf-804f-4433-b8e7-163e5cc52599,9dbbc3c5-e97a-419e-ad86-4c703ef2e051
Tramadol 100mg Capsule,8019:1,21a81f80-b8d7-4413-a95f-203a371c8311,9dbbc3c5-e97a-419e-ad86-4c703ef2e051
Tramadol 150mg Capsule,8019:1,dee353f0-2ce3-49ac-a145-23abeb52cdda,9dbbc3c5-e97a-419e-ad86-4c703ef2e051
Lansoprazole 30mg Capsule,8019:1,dbe362bb-576a-4d3f-88b7-487f5609afad,ff230aa6-9c5c-493b-8e57-d77955559cfd
Tramadol 300mg Capsule,8019:1,ac2624df-ccf8-4b03-8528-3c5bf0c6b616,9dbbc3c5-e97a-419e-ad86-4c703ef2e051
Tramadol 50mg Tablet,8019:1,ce7cdc0d-fafd-40c2-8062-3260be4e8017,9dbbc3c5-e97a-419e-ad86-4c703ef2e051
Tramadol 75mg Tablet,8019:1,5bc331b7-768e-4937-8ec7-df23d32622f0,9dbbc3c5-e97a-419e-ad86-4c703ef2e051
Tramadol 100mg Tablet,8019:1,3c560c63-061a-447f-9bbe-7b4067bd079d,9dbbc3c5-e97a-419e-ad86-4c703ef2e051
Tramadol 150mg Tablet,8019:1,08d0efa9-4e79-44e1-b53b-693846305d99,9dbbc3c5-e97a-419e-ad86-4c703ef2e051
Tramadol 200mg Tablet,8019:1,b7f05494-6a93-4109-b48d-1fff74843ba6,9dbbc3c5-e97a-419e-ad86-4c703ef2e051
Tramadol 300mg Tablet,8019:1,328b424c-563e-4554-8784-a8bbd608699c,9dbbc3c5-e97a-419e-ad86-4c703ef2e051
Trifluoperazine HCL 2mg Tablet,8019:1,89cf6e89-0776-4446-a592-3966320a862e,9e80d282-541f-4d68-8049-6faba78a9e6e
Trifluoperazine HCL 10mg Capsule,8019:1,87bf8790-ef90-4237-a86e-1b0547294636,9e80d282-541f-4d68-8049-6faba78a9e6e
Trifluoperazine HCL 1mg/ml Injection,8021:1;8019:1,1e6d655d-748a-4d7a-9d3d-dd007967fe6f,9e80d282-541f-4d68-8049-6faba78a9e6e
Trifluoperazine HCL 2mg/ml Injection,8021:1;8019:1,8026bc8f-d1ee-4005-8538-10c4b829b573,9e80d282-541f-4d68-8049-6faba78a9e6e
Trifluoperazine HCL 1mg Tablet,8019:1,21b4ffea-8ca4-448c-bf22-76b5970dc407,9e80d282-541f-4d68-8049-6faba78a9e6e
Trifluoperazine HCL 5mg Tablet,8019:1,78bc3f3f-d653-48c6-9f8f-655c889b10f9,9e80d282-541f-4d68-8049-6faba78a9e6e
Primidone 250mg Tablet,8019:1,3894e5c0-eb73-4337-8c97-b17479143d2d,ecd2dc23-1d96-4cc2-8d3d-00bbc7a6d76e
Topiramate 25mg Tablet,8019:1,b3db5666-f28f-4304-898c-77213c71eea0,33e16492-45de-4dba-acc7-9c9f7e3efab3
Topiramate 50mg Tablet,8019:1,ebe883be-67d0-4315-ab88-c5ac8d8f2d2b,33e16492-45de-4dba-acc7-9c9f7e3efab3
Topiramate 100mg Tablet,8019:1,17d8f238-6a9b-495c-bac8-8f739fe4113d,33e16492-45de-4dba-acc7-9c9f7e3efab3
Sodium Valproate 200mg Tablet,8019:1,1935282d-f6b0-4041-b92a-66a5dd276148,a06f9277-de8e-42c6-8636-07da85dd8f9f
Sodium Valproate 500mg Tablet,8019:1,c9cfab0e-2c5d-490f-b9f2-12c4821a4d5f,a06f9277-de8e-42c6-8636-07da85dd8f9f
Sodium Valproate 200mg/5ml Syrup,8021:1;8019:1,e54d061b-a100-4f59-a6f7-b912da37f182,a06f9277-de8e-42c6-8636-07da85dd8f9f
Methylphenidate 5mg Tablet,8019:1,893e1c39-f75d-40de-802e-673dc9148890,2d5a7f2e-ae91-4c02-9ac9-8aa1085db91d
Methylphenidate 10mg Tablet,8019:1,f78a1cb1-defb-421b-8f4a-35ffdf7fe51c,2d5a7f2e-ae91-4c02-9ac9-8aa1085db91d
Methylphenidate 20mg Tablet,8019:1,04f27a4f-3c3c-44bc-a4cd-3d6bad011339,2d5a7f2e-ae91-4c02-9ac9-8aa1085db91d
Atomexitine 5mg Capsule,8019:1,c19b53e0-9862-4892-8d83-ab592f8528ad,9adeb59a-5a47-4c11-aa31-e33cbf31fd65
Atomexitine 10mg Capsule,8019:1,0e865159-9fc1-40a9-a18a-478900653d33,9adeb59a-5a47-4c11-aa31-e33cbf31fd65
Lansoprazole 15mg Capsule,8019:1,750b1dd3-2a91-4f94-8141-40838320d3e6,ff230aa6-9c5c-493b-8e57-d77955559cfd
Isodipine 40mg/ml in 3ml ampoule Injection,8019:1;8021:1,0fd4aa4c-7940-4481-8b04-ef173cc50541,e072aff8-52fc-46b0-95f1-1f7a827ee0bb
Gamabenzene Hexachloride 1% Cream,8021:1,45dc67e7-964f-4c88-9253-17d412e680f3,ab5b186b-6aed-4926-b8c0-abc82ad2c352
Triamcinolone Acetonide 0.1% Oral Paste,8009:1,843c0d34-acf7-4c98-a1f9-b63089bc675d,b5b4977a-02e1-4ae8-864b-466b83bff926
Cholestyramine 4g Powder,8010:1,97a1bee0-0a6f-4b01-ad17-8ffbfe6edc3f,cce61a0b-44b6-423b-b445-6ec169aa08fe
Cholestyramine 9g Powder,8010:1,a733ae88-fea2-4cf8-b714-43cf82f3c119,cce61a0b-44b6-423b-b445-6ec169aa08fe
Gemfibrozil 300mg Capsule,8019:1,5442e7e7-9a31-4936-a313-903196c8016f,cb414ea0-62c4-4245-be92-921978c54a4d
Lovastatin 20mg Tablet,8019:1,a896cbd5-449b-475e-b59c-8866ca752b78,808df744-2ad3-4891-aa72-a7e1ace5c5b7
Simvastatin 5mg Tablet,8019:1,ca8d3d01-1838-487c-9a71-e86a259cb040,cd4456a1-562a-4bf4-a2ea-2b9af013a5eb
Simvastatin 10mg Tablet,8019:1,7eede390-251a-460e-bb14-11c8d1231519,cd4456a1-562a-4bf4-a2ea-2b9af013a5eb
Simvastatin 20mg Tablet,8019:1,1398d7cd-d0ae-41af-b5cd-0ea1caa75001,cd4456a1-562a-4bf4-a2ea-2b9af013a5eb
Simvastatin 40mg Tablet,8019:1,8b09ff52-52f8-44b9-b2a7-0cd85d54c9fe,cd4456a1-562a-4bf4-a2ea-2b9af013a5eb
Isosorbide Mononitrate 10mg Tablet (Sublingual),8019:1,d8626795-aad3-4f8b-92c1-a379ffd7f5cb,62b1f09c-326e-46db-8516-bc873650da61
Enalaprilat 1.25mg/ml Injection,8000:1,31d77a59-d2cf-4149-a043-9573257289a0,951e5178-c83d-4183-ba65-425172c5cdb8
Isodipine 40mg/ml in 1ml ampoule Injection,8019:1;8021:1,3e3ada20-784c-454c-9193-a558716ecc83,e072aff8-52fc-46b0-95f1-1f7a827ee0bb
Benzoyl Peroxide 2.5% Solution,8002:1,2528cd31-63fd-46cd-9965-f1346ccc7fff,6f5c3afc-b4b5-401a-823d-c7a9f541bcc2
Mannitol 10% in 500ml ampoule Injection,8021:1,6acd87f3-28da-48e2-8112-4f664d59b792,a2c3c37c-f290-4b87-8144-3ba4cfe02e0a
Benzoyl Peroxide 5% Solution,8021:1,cbc73d40-6f03-4384-8956-0d922ddb5747,6f5c3afc-b4b5-401a-823d-c7a9f541bcc2
Benzoyl Peroxide 10% Solution,8009:1,b9d8c13c-7a30-4067-a880-68b2cbd4b3fb,6f5c3afc-b4b5-401a-823d-c7a9f541bcc2
Carbocisteine 2% Syrup,8021:1,a5dc1931-2b62-46ba-8572-c20013faa14b,bc93b6bd-c78f-445c-a09d-36c1ead53de7
Carbocisteine 5% Syrup,8002:1,af242796-6373-45c4-805d-f6e77daad33f,bc93b6bd-c78f-445c-a09d-36c1ead53de7
Codeine Phosphate 30mg Tablet,8019:1,4af94993-f4d8-4d62-bbf5-c1648e53edd2,71b2cfee-0482-496a-b7ff-7240f5a3be26
Dextromethorphan Hydrobromide 15mg/ml Drop,8031:1,740cd71a-527b-4679-820c-f3bc4d0a543c,d74d0045-2e36-4a2b-98f8-1318fc645354
Dextromethorphan Hydrobromide 5mg/5ml Syrup,8002:1,a8ff1616-da7c-452b-80ce-0210194dbf7d,d74d0045-2e36-4a2b-98f8-1318fc645354
Dextromethorphan Hydrobromide 7.5mg/5ml Syrup,8019:1,f1ae1480-3460-4e0e-8a3d-adaba05bd1a8,d74d0045-2e36-4a2b-98f8-1318fc645354
Dextromethorphan Hydrobromide 15mg Tablet,8019:1,e901dd94-57d5-4dd0-9357-c0db1fb0947d,d74d0045-2e36-4a2b-98f8-1318fc645354
Guaifenesin 200mg Capsule,8019:1,48dc9e75-5228-4bc2-a39b-4c2d263aaefe,9072614c-57a6-417a-be99-b5c78f008928
Guaifenesin 100mg Tablet,8019:1,ab1197f7-9f12-499d-86ad-e1c9c7680ca0,9072614c-57a6-417a-be99-b5c78f008928
Guaifenesin 200mg Tablet,8019:1,b3fa7433-05fa-4986-9a5f-5cd45df8c358,9072614c-57a6-417a-be99-b5c78f008928
Pholcodine 0.06% Syrup,8002:1,09dd8d0c-0c39-4b6e-99ad-5a877c328669,12bb8114-33eb-419d-a182-cb82909deef5
Pholcodine 0.12% Syrup,8002:1,0c0bf92e-ef2f-4d77-b2f6-6f20d7584988,12bb8114-33eb-419d-a182-cb82909deef5
Pyridostigmine Bromide 1mg/ml in 1ml ampoule Injection,8021:1;8019:1,195bc5a8-6d1c-4bee-912c-306736d83458,793d1141-170c-4d92-9ae8-cf602b83b437
Carbenicillin Indanyl Sodium 382mg Capsule,8019:1,17e21c8d-7916-4d43-92a6-e2e7b0ef8238,3cdbd7de-14ce-483f-846c-47b9f67c69f9
Adrenaline (Epinephrine) 0.1% in 1ml ampoule Injection,8019:0;8021:1,6c1e2deb-b421-4dc6-af87-0a3c40bd9100,13c03e42-1fc6-4c06-ac14-003e7fed2768
Aminophyline 250mg/10ml in 20ml Injection,8021:1;8019:0,aab482d5-93fc-4f00-9a71-9197145e7c63,27439d09-049d-41c2-89d8-607cb6a56c5f
Aminophyline 100mg Tablet,8019:1,494da994-95a0-4794-af28-a49fea9cfabe,27439d09-049d-41c2-89d8-607cb6a56c5f
Aminophyline 200mg Tablet,8019:1,e067eacb-e48e-46e5-9273-3d0a460b3252,27439d09-049d-41c2-89d8-607cb6a56c5f
Aminophyline 100mg(m/r) Tablet,8019:1,ada76d51-5261-454e-9b1e-e057661f5408,27439d09-049d-41c2-89d8-607cb6a56c5f
Aminophyline 225mg(m/r) Tablet,8019:1,1357bdcd-7873-48ef-a8e5-c95fb5094490,27439d09-049d-41c2-89d8-607cb6a56c5f
Aminophyline 350mg(m/r) Tablet,8019:1,639a0f57-509b-44eb-b822-badf404d6f31,27439d09-049d-41c2-89d8-607cb6a56c5f
Carbocisteine 0.3% Ointment,8029:1,f0bdedbe-b9a4-4316-a134-2975550e549f,bc93b6bd-c78f-445c-a09d-36c1ead53de7
Malathion 1% Shampoo,8009:1,92b1e7de-2305-4c1b-9888-9be23b31a810,ab90c333-cfad-451c-8ef3-a33f4f519536
Lansoprazole 30mg Tablet,8019:1,6ee00288-c611-425e-a1c8-cbed66e9bfad,ff230aa6-9c5c-493b-8e57-d77955559cfd
Budesonide + Formoterol Fumarate 80mcg + 4.5mcg/dose Aerosol,8009:1,15a0a4aa-474f-4177-b393-c40c6d001ebb,5e90ebdc-4d45-44a0-b90b-6cf81ce18055
Budesonide + Formoterol Fumarate 160mcg + 4.5mcg/dose Aerosol,8009:1,0f6db5ca-7f15-4a63-8d83-dce75330c9d0,5e90ebdc-4d45-44a0-b90b-6cf81ce18055
Fluticasone + Salmeterol 100mcg + 50mcg/dose Aerosol,8009:1,8b96619b-ee0a-4451-a351-a8f71df2b938,4f88f5b6-d106-4bd8-98d5-b0488731a188
Fluticasone + Salmeterol 250mcg + 50mcg/dose Aerosol,8009:1,e78814d8-73f0-404c-a884-04562258b3ed,4f88f5b6-d106-4bd8-98d5-b0488731a188
Fluticasone + Salmeterol 500mcg + 50mcg/dose Aerosol,8009:1,2b5ddb82-5354-4643-8df9-0131156f7bdc,4f88f5b6-d106-4bd8-98d5-b0488731a188
Formoterol 12mcg Powder (Inhalation),8009:1,af3aa2cb-7039-43bb-9d52-1daf176a4df4,92aaab28-0d1b-418b-804b-f1db0d6672b3
Ipratropium Bromide 20mcg/metred inhalation Aerosol,8024:1,93345193-f9b4-41c4-a924-dfb7997bacf2,17052119-cb75-45af-9694-a71a94022875
Isoprenaline Sulphate 5mg Tablet (Sublingual),8019:1,34cafd72-0558-4857-be88-e6b5067a06cd,8b61742d-22af-467d-a672-f6e3924a0af4
Isoprenaline Sulphate 10mg Tablet (Sublingual),8019:1,a49e6c57-257c-4f44-8f9e-c2e9e869a635,8b61742d-22af-467d-a672-f6e3924a0af4
Sodium Cromoglycate 20mg Capsuls with Inhaler,8019:1;8024:1,e4660ec5-6a72-4693-8a32-3134fc4cb792,f8bf68e1-8b82-4701-bd7c-9b6aad97719f
Theophylline 33mg in each 15ml Elixir,8002:1;8019:1,0d29ef7e-2172-443e-8327-2f0dbb63dec8,6bedb25b-a396-4fda-8439-dc8c2c41ace0
Theophylline 100mg Tablet (Anhydrous),8019:1,98913c33-4c37-45d2-ac23-f9d9d079eb27,6bedb25b-a396-4fda-8439-dc8c2c41ace0
Lansoprazole 30mg/sachet Oral Suspension,8019:1;8025:1;8002:1,19213a45-8c72-482a-8360-d60458ecbb74,ff230aa6-9c5c-493b-8e57-d77955559cfd
Theophylline + Guaifensin 150mg + 90mg Capsule,8003:1,3b20ae06-0bcf-47fe-976e-e4a95df62830,83ef2cce-bcd1-4502-ad5e-ad9e6766ea63
Theophylline + Guaifensin 300mg + 180mg Capsule,8003:1,c9e6ef89-22eb-4386-aba7-0fd1738443e5,83ef2cce-bcd1-4502-ad5e-ad9e6766ea63
Theophylline + Guaifensin 150mg + 90mg/15ml Elixir,8002:1,996fc0e8-191c-4cb6-aca0-e23f6aa142ca,83ef2cce-bcd1-4502-ad5e-ad9e6766ea63
Theophylline + Guaifensin 150mg + 90mg Tablet,8028:1,19053fdb-2932-41c5-8336-e342cc58331b,83ef2cce-bcd1-4502-ad5e-ad9e6766ea63
Theophylline 200mg(s/r) Tablet (Anhydrous),8019:1,cce64fe0-4b1b-40ee-aef8-ccd9191eeee5,6bedb25b-a396-4fda-8439-dc8c2c41ace0
Diphenhydramin +SodiumCitrate +Ammonium Chloride 250mg Injection,8019:1,ed28176e-3f68-44a0-b4d6-6596dabc79bd,bf8a8328-4934-4c51-8106-3bf56acce758
Dexamethasone 0.25% Lotion,8029:1,9f893373-ec44-43a5-ad15-8f8ee80dd5bc,3e8c8a91-deb4-47aa-8d70-f6b041c1135b
Podophylin 25% Solution,8002:1,cbebe934-f3f1-4e90-aece-58776a933c58,f89e3108-5a39-4516-a1ba-7eb2ba62084b
Acyclovir 250mg Powder for injection,8019:1,1f42b1ad-1804-4ae7-a275-e5f3bf629214,2a2b33c9-e7c6-47ac-a236-9a97e0bb708c
Mezlocillin 3g Powder for injection,8010:1,1d522273-7f2b-4a3a-9f23-9aa142ff744d,2fc1ff38-c19e-4103-b9ca-04a877c2075b
Mezlocillin 3g Iv Infusion,8010:1,8603b5db-ce66-470c-9348-486140ca394c,2fc1ff38-c19e-4103-b9ca-04a877c2075b
Mezlocillin 4g Iv Infusion,8010:1,3c428a2f-c3c8-420b-86db-908dc671f53e,2fc1ff38-c19e-4103-b9ca-04a877c2075b
Clindamycin 15mg/ml Oral Solution,8019:1;8021:1,ff40d03b-8b5d-45c4-a7b5-54152b6c3945,78ac43ad-0a87-4202-9985-500cfe58368d
Vasopressin 20units/ml in 1ml ampoule Injection,8030:1;8021:1,d3ad5202-a3a2-4cb8-b894-d9af5388b4ee,4630c5f0-aff2-4bf5-8115-30be8fe1b3be
Desmopressin Acetate 100mcg Tablet,8017:1,96cc4e7c-ca19-4a5e-b271-f97a6b0bce1c,f1c79514-ce2a-483d-8ad6-a414757a5941
Desmopressin Acetate 4mcg/ml Injection,8017:1,e913a04b-41ed-46cd-a1cb-a32c82eb4faa,f1c79514-ce2a-483d-8ad6-a414757a5941
Desmopressin Acetate 10mcg/metred spray Nasal Spray,8009:1,85c6f50e-1147-48fc-892c-b73ce6102eb2,f1c79514-ce2a-483d-8ad6-a414757a5941
Desmopressin Acetate 100mcg/ml Nasal Spray,8017:1,58dc9c45-dc00-4c0d-ac82-3c07953056d2,f1c79514-ce2a-483d-8ad6-a414757a5941
Betamethasone 0.5mg Tablet,8019:1,b1232d3e-1912-44a5-b782-d8561b8c577d,0bb9902e-b7c8-469f-811e-d10492076289
Dexamethasone 25mg/ml Injection,8019:1,470091b2-679b-41ce-b14c-c5ed5d711b02,3e8c8a91-deb4-47aa-8d70-f6b041c1135b
Dexamethasone 50mg/ml Injection,8019:1,518b1465-ab81-4ad1-842b-94452c2cd830,3e8c8a91-deb4-47aa-8d70-f6b041c1135b
Dexamethasone 0.75mg Tablet,8019:1,7341c668-c4bf-4362-a49b-71e361dc4cfa,3e8c8a91-deb4-47aa-8d70-f6b041c1135b
Biphasic Insulin(BP) 100units/ml Injection(Highly purified),8013:1,08259abd-44ed-4fa3-8fcf-da2896f7e2c7,2fa12963-17c8-4a72-92d4-4cdbdf852aa9
Biphasic Isophane Insuline (Soluble/Isophane Mixtu) 50/50 U/vial Injection(Highly purified),8031:1,22334b57-e93a-4abf-81b3-8327bbff28a2,f542d5f3-4560-47d6-b808-296f2cfdea28
Chlorpropamide 100mg Tablet,8019:1,9fcb2e34-7b6e-47eb-9d21-f19458006496,9347fefc-5a1d-47d4-a497-685f37b051bd
Chlorpropamide 250mg Tablet,8019:1,4c740591-8f7c-4229-9d6e-c3cfe4cf85c8,9347fefc-5a1d-47d4-a497-685f37b051bd
Dexamethasone 2mg Tablet,8019:1,2355b210-15f8-4078-bb93-0b014f5aac9c,3e8c8a91-deb4-47aa-8d70-f6b041c1135b
Hydrocortisone Sodium Succinate 125mg/ml Injection,8019:1;8021:1,b4f08330-70d9-4bd6-a061-72a4ba607492,fd138752-60ad-4bc7-b8da-ce2ad5c499a1
Glimepride 1mg Tablet,8019:1,d9b7e12a-81d4-452c-adc5-2b6851d1a63b,342aff56-43ea-4c86-a1e7-d0d5f5c2f410
Glimepride 2mg Tablet,8019:1,1279407a-8ed8-43b1-8dfc-5217fecc561e,342aff56-43ea-4c86-a1e7-d0d5f5c2f410
Glimepride 4mg Tablet,8019:1,b220fc8b-cf7f-45f2-ba4e-187414df1013,342aff56-43ea-4c86-a1e7-d0d5f5c2f410
Glipizide 2.5mg Tablet,8019:1,3e48ee26-e52e-4449-9699-f6bfaa48d1a3,a8fc73ad-c823-48fe-b51e-b4658aee9d2d
Glipizide 5mg Tablet,8019:1,23d2aad5-760f-408a-9d94-331b8ddde729,a8fc73ad-c823-48fe-b51e-b4658aee9d2d
Glipizide 10mg Tablet,8019:1,b19a0b54-3fea-435f-8512-4b8868a94192,a8fc73ad-c823-48fe-b51e-b4658aee9d2d
Insulin Lispo 1000u/ml(equivalnt to 3.5mg insulin lispro) Injection,8000:1,d136f5b7-6585-4555-9dad-c9d0cd319a54,217fdad3-c888-4be8-9fe1-7e145bfefeb8
Insulin Lispro/Insulin Protamine (Equivalent to 3.5mg Insulin Lispro) 25/75 U/ml(equivalent to 3.5mg insulin lispro Injection,8000:1,5fbcb9c3-fbd3-4db1-831e-258f7b5d0d97,55dd2c1a-d863-402e-951d-ca0ae7812481
Insulin Lispro/Insulin Protamine (Equivalent to 3.5mg Insulin Lispro) 50/50 U/ml(equivalent to 3.5mg insulin lispro) Injection,8000:1,d1ab3b16-5ddd-45a9-9b43-fa3312b3b39f,55dd2c1a-d863-402e-951d-ca0ae7812481
Insulin Lispro/Insulin Protamine (Equivalent to 3.5mg Insulin Lispro) 100 U/ml (equivalent to 3.5mg insulin lispro Injection,8000:1,227b3c54-b770-497d-8101-15f5e01ced15,55dd2c1a-d863-402e-951d-ca0ae7812481
Levonorgestrel (D Norgestrel) 108mg/capsule pack of 2 capsule Implant Capsule (Subdermal),8022:1,89d126c5-b257-45c8-b2ed-6232e676998f,770d6e5f-5849-4db6-9995-27a2d4106bbc
Levonorgestrel (D Norgestrel) 0.75mg Tablet,8019:1,2fadea65-57ae-4be2-b000-beafa49d7227,770d6e5f-5849-4db6-9995-27a2d4106bbc
Hydrocortisone Sodium Succinate 25mg/ampoule Powder for injection,8019:1,609605d7-99de-4051-ae7b-e51334666346,fd138752-60ad-4bc7-b8da-ce2ad5c499a1
Hydrocortisone 500mg/vail Powder for injection,8019:1,676224ff-4d3f-467f-ae06-99e6176a6e65,e10077ee-1cf9-4ae7-871c-22e06a9bfa3d
Hydrocortisone Acetate 5mg Tablet,8019:1,850f511e-2052-40fa-8066-a5f9f42ce937,58185657-0181-4321-9d67-44ea0f9fdf40
Hydrocortisone Acetate 10mg Tablet,8019:1,5074cf88-c01c-4b57-b4c2-1cf22a81fbc8,58185657-0181-4321-9d67-44ea0f9fdf40
Methyl Prednisolone Acetate 40mg/ml in 2ml ampoule injection Injection (Aqueous suspension),8019:1;8021:1,1a253d7d-1920-4c8f-91e7-e63867b8d770,2274ca36-a079-48da-9522-04790ff9ff4f
Primaquine Phosphate 1mg Tablet,8019:1,5e553372-d443-477f-a62f-ced962584569,7f8dee07-43a6-4b92-b641-c24a6ba51642
Sucralfate 1g Tablet (Scored),8010:1,47fbfe84-becc-429f-98d8-aafd9df0d314,60d8f4a3-8f90-4064-9458-533f8bba8ea0
Prednisolone 1mg Tablet,8019:1,faf07c19-b6ec-4885-b946-d13a33af78f7,a1247ab5-5103-4a2b-b64d-1de1db745560
Prednisolone 3.5mg Tablet,8019:1,f56ce033-4173-4e7c-a4b7-8f875993df27,a1247ab5-5103-4a2b-b64d-1de1db745560
Carbimazole 5mg Tablet,8019:1,8c7139df-54ad-470d-9587-5e2c76fa564f,dba01478-ecea-4299-a287-4abc84a32075
Propylthiouracil 25mg Tablet,8019:1,d12ccc7f-9071-4317-85fc-5b72d1f156ea,c423c575-cd76-4b5a-84b8-fc067279f5a3
Propylthiouracil 100mg Tablet,8019:1,e30fd0a2-992a-4daa-a838-d438895ed64c,c423c575-cd76-4b5a-84b8-fc067279f5a3
Triamcinolone Acetonide 10mg/ml in vial Injection,8021:1;8019:1,067d1d36-ab76-47d1-a5bb-c3c8fc958c3e,b5b4977a-02e1-4ae8-864b-466b83bff926
Triamcinolone Acetonide 4mg Tablet,8019:1,55f5452d-0235-43f2-8cbe-06c7a383d095,b5b4977a-02e1-4ae8-864b-466b83bff926
Isophane/NPH Insulin(HPB) 100U/ml Injection,8021:1;8031:1,52c57ee0-6130-421b-8372-c5a6e3da546b,d846572e-fd11-4c50-85ba-dcb435aef361
Metformin 500mg Tablet,8019:1,3a0f4676-cd3f-4107-9f37-72839a61984a,4dea907a-b51e-49e2-8da4-6725583de913
Metformin 850mg Tablet,8019:1,60facf2f-4eaa-4b16-998c-7692fb69c06d,4dea907a-b51e-49e2-8da4-6725583de913
Pioglitazone 15mg Tablet,8019:1,42bd6e3b-6fd1-48ee-8f9e-7410c51386ff,ba7365ab-2252-414d-8eb8-0e0345e8abf8
Pioglitazone 30mg Tablet,8019:1,d1d03250-1050-4d9f-b209-6f080eb74250,ba7365ab-2252-414d-8eb8-0e0345e8abf8
Pioglitazone 45mg Tablet,8019:1,57be998a-facd-47bb-9a38-9423db7a4dae,ba7365ab-2252-414d-8eb8-0e0345e8abf8
Rosiglitazone Meleate 1mg(1.32mg equivalent to 1mg base) Tablet,8019:1,d273d6a8-34ec-4291-b119-b57e9e0f6698,b6370e9a-64a3-4fa0-8416-458481e471f7
Rosiglitazone Meleate 2mg(1.32mg equivalent to 1mg base) Tablet,8019:1,fd96c98f-d184-416e-b8ed-cdd62024e236,b6370e9a-64a3-4fa0-8416-458481e471f7
Tolbutamide 500mg Tablet,8019:1,d7a054ea-e23a-4f3e-851e-1f6887357ca8,3edf711b-42df-4e13-ad6f-396b8a230c11
Chorionic Gonadotrophin 1500 IU Powder for injection,8013:1,25f28ac2-47cc-4110-9ee0-1c1a38f89822,da33df9b-3d1d-4bc0-8c2b-d720e3ec0597
Chorionic Gonadotrophin 5000 IU Powder for injection,8013:1,93b61e6a-a853-4bb6-af21-e65cfc31f0cf,da33df9b-3d1d-4bc0-8c2b-d720e3ec0597
Tripotassium Dicitratobismuthate 120mg/5ml Liquid,8019:1;8021:1,8ce96db6-1d8d-4489-a69a-d0182acef704,4ad2dc90-b984-494f-bfa3-a4764ee21741
Conjugated Estrogen (Equine) Tablet,8028:1,11c202c5-c524-4f06-b27c-467d1a0f6a1a,385307eb-871c-43ac-8a9c-c99263b747cd
Estradiol Valerate + Medroxyprogesterone Acetate Tablet (Biphasic),8028:1,4569a405-8045-47a7-9ad6-7f231c28e27f,92204a55-8272-4991-8429-711f4cbf25c8
Conjugated Estrogen (Equine)(Inital phase) + Medroxyprogestrone Acetate (Second phase) Tablet (Monophasic),8028:1,9a0ab6f6-3b61-4cbb-a980-d2f0da45a966,b2b12959-a4e5-4dbb-a3d9-e5bad53ff90a
Conjugated Estrogen (Equine) 625mg Vaginal Cream,8019:1,fa2111e8-4f60-4b66-a1f2-796ede8d9b84,385307eb-871c-43ac-8a9c-c99263b747cd
Conjugated Estrogen (Equine)(Inital phase) + Medroxyprogestrone Acetate (Second phase) Tablet (Biphasic),8028:1,5bf50052-4e34-4efa-8085-1013c3fe17b1,b2b12959-a4e5-4dbb-a3d9-e5bad53ff90a
Conjugated Estrogen(Equine)(Initail phase)+Nogerstrel(=Levonorgestrel)(Second phase) Tablet (Biphasic),8028:1,7907cf1a-07b0-46ea-bca2-a65cfd08d752,c2701d74-d069-411b-8e11-48a069117149
Aminocaproic Acid 100mg/ml in 1m ampoule Injection,8021:1;8019:0,bddcc713-4135-47d4-9e41-638b78dc3064,28d16b63-d8ae-4225-9a72-c9d6093e5180
Bromocriptine Mesylate 2.5mg Tablet,8019:1,c7ead39e-ba42-4216-9abd-55697162a491,5d305f8a-0ad3-47d8-ad72-531d4e6476d6
Bupivacaine 0.5% in 10ml ampoule Injection,8021:1,de7d8e2d-fde5-48a3-8376-2709b84073cb,65d1aed6-66ef-427a-b74e-2b72eccaf97f
Dinoprostone (Prostaglandin E2) 3mg Tablet (Vaginal),8019:1,7f193f22-3e9e-4a86-88e6-913d86ce3eff,68f53334-c4d9-4bdf-85cb-02ed68922564
Clomiphene Citrate 50mg Tablet,8019:1,6faac8b3-b793-4326-8327-264a8e33e681,c527a091-1472-47e4-9239-761a3a5a2823
Clotrimazole 500mg Tablet (Vaginal),8019:1,e2f7e798-a806-460b-b8fe-eef00149c002,280e2de6-13e0-41ed-a4a0-ea1b471b4005
Clotrimazole 1% Cream (Vaginal),8029:1,2e9de4a0-425f-4d6a-ba6b-8f68a404819a,280e2de6-13e0-41ed-a4a0-ea1b471b4005
Dinoprostone (Prostaglandin E2) 20mg Suppository (Vaginal),8019:1,c905ed54-7bc3-4c84-9c49-51adf0609bc1,68f53334-c4d9-4bdf-85cb-02ed68922564
Ergometrine Maleate 0.5mg Tablet,8019:1,68d44a8e-634e-43ee-b20e-4640a9411444,483ebf41-542e-4138-a2e2-05aed837e20b
Isoconazole 300mg Tablet (Vaginal),8019:1,c40e4ff6-5354-4afb-a7ad-6db7b991c376,dc28abb8-5b44-461b-a868-70852f302c08
Isoconazole 600mg Tablet (Vaginal),8019:1,a6990275-e003-4b80-8a59-230ab3202255,dc28abb8-5b44-461b-a868-70852f302c08
Magnesium Sulphate 20% in 20ml ampoule Injection,8021:1,6eefdaf8-ae76-4e54-9bc2-2fb2a4262ddc,524ed0e0-18f1-4456-8eeb-aa255890ece9
Magnesium Sulphate 500mg/ml (50%) in 10ml ampoule Injection,8019:1;8021:1,da0b964d-4bd9-468b-9e07-5f3e41731196,524ed0e0-18f1-4456-8eeb-aa255890ece9
Methylergometrine Maleate 0.2mg/ml Injection,8021:1;8019:1,09827b81-a174-4818-abef-556549915895,9902dcf6-6759-4d93-a2f0-d81a5bd330e3
Methylergometrine Maleate 0.12mg Tablet,8019:1,72ac8e33-8545-4324-8c2e-95fe5d0d2e29,9902dcf6-6759-4d93-a2f0-d81a5bd330e3
Metronidazole 500mg Tablet (Vaginal),8028:1;8019:1,4d191a1e-14e2-4668-a183-36018b2c359e,fdc15df0-53c4-4355-8253-6da000693c4f
Miconazole Nitrate 200mg Tablet (Vaginal),8019:1,54acd0a6-ec44-405c-8492-d72b09d93f56,eab7f642-b76b-4ca5-ad3a-d99a5d347e31
Miconazole Nitrate 400mg Tablet (Vaginal),8019:1,1e73dcfe-2a1e-49ab-ba2c-2a5759df8303,eab7f642-b76b-4ca5-ad3a-d99a5d347e31
"Neomycin + Polymixin B + Nystatin 35,000IU + 35,000IU + 100,000IU Tablet (Vaginal)",8028:1,d13a13da-bf8a-455c-97b0-e0f14b094632,b4269051-d6ae-4fa2-a616-3dbc60290ba8
Oestradiol Valerate 10mg/ml in 1ml ampoule Injection,8019:1;8021:1,67bc1c46-d990-4bd0-a0ca-09b07af81666,37deabf9-40a0-4cf6-99ac-b09f7e49b286
Oxytocin 5 Units/ml in0.5 and 1ml ampoule Injection,8030:1;8021:1,18e335e8-ffc9-4247-beef-f4e06850e000,fff887b5-5b18-43cf-91cd-47d9aae449b3
Oxytocin + Ergometrine Maleate 5 Units + 500mcg/ml Injection,8000:1,c479e1b3-ae17-4714-98ee-0862a4befd89,72717372-da77-431b-ab0c-49d65b633fd1
Ritodrine HCL 10mg/ml in 5ml ampoule Injection,8019:1;8021:1,eda14207-5821-42ae-b593-40f6a87332f2,7686c139-b7eb-451b-843d-bbf415d1e052
Salbutamol 0.5mg/ml in 1mlampoule Injection,8021:1;8019:1,e591a28f-b9a4-440c-9a90-c9d71599c749,6920153d-3933-4c69-8c1f-9030ddb79927
Tetracycline + Amphotericin B 100mg + 50mg Tablet (Vaginal),8028:1,18664a0c-2b13-4fe7-bae3-977d4b240840,1e606456-8b65-4bc7-a61e-d442c62e51c8
Atazanavir Sulphate 500mg Tablet,8019:1,52f0d59c-a148-4b7d-969a-59b789b9578d,d03d0ff8-45c7-408b-8214-1bde2d3eca95
"Calciiferol (Ergocalciferol/Vitamin D2) 300,000units/ml in 2ml anpoule Injection",8021:1,a12f0ab1-99d4-45cc-8ab6-e7e761a55d21,32efa0c1-61a9-40ef-ae9c-ce653de7f409
"Calciiferol (Ergocalciferol/Vitamin D2) 4000,000units/ml Oral Solution",8030:1;8009:1,bd9f85d8-a2f9-43ee-a618-39eded9739e1,32efa0c1-61a9-40ef-ae9c-ce653de7f409
"Calciiferol (Ergocalciferol/Vitamin D2) 1.25mg(50,000units) Tablet(Strong)",8019:1,d13d8d30-1e46-428d-8953-2e6014a2dddb,32efa0c1-61a9-40ef-ae9c-ce653de7f409
"Vitamin A + D 4,000 IU+ 400 IU Capsule",8003:1,f90bac21-cd0e-4dc7-8f5f-f72116c905d9,ab7629ea-5972-4a6f-88bf-1e2d96d0c40b
MultiVitamin Tablet,8028:1,fc70e295-8687-4d2d-be86-3fad07b38068,a342056c-3830-426c-aa0a-f957eb6e9baa
MultiVitamin Syrup,8021:1,bd41ed4f-224c-4dfc-a154-a5bd01c97ae1,a342056c-3830-426c-aa0a-f957eb6e9baa
Multivitamin with Minerals Tablet,8028:1,056f2da0-b580-4fb9-9eb7-4f36f06ee2ee,4ddbee43-265d-4dbb-97e5-6e8560081d15
Diclofenac Sodium 50mg Powder,8019:1,e4a9544c-51a9-4ede-899d-0d5843b6220c,ac596700-5446-4c02-81e5-cc780905662d
Folic Acid 200mcg Tablet,8017:1,d6fa4039-2f25-43fe-a7ef-46c856fce878,40a137bf-f222-433d-9926-12f85427d3e8
Folic Acid 1mg Tablet,8019:1,627ecbd1-7085-4c78-8c9a-ba7a11e2f0a5,40a137bf-f222-433d-9926-12f85427d3e8
Folic Acid 5mg Tablet,8019:1,d851d6b4-166f-4d50-b43b-90006a08875d,40a137bf-f222-433d-9926-12f85427d3e8
Menadiol Sodium Diphoshate 10mg/ml Injection,8021:1;8019:1,d703368d-e0e4-4431-8b61-1e0ac8be7a59,7c452e57-8da5-4466-be19-cb78676197b1
Menadiol Sodium Diphoshate 10mg Tablet,8019:1,2f5974ab-0340-4f46-bfe6-d4f0eb003a9a,7c452e57-8da5-4466-be19-cb78676197b1
Nicotinamide 100mg/ml in 1ml ampoule Injection,8019:1;8021:1,fb9bf51d-2b78-44a3-826f-dc140daf8c0a,52ea9e17-6c69-49b8-8b70-a224fdbbfdfe
Nicotinamide 100mg Tablet,8019:1,759f0a7a-9c5e-4aae-9672-b442ea9c9105,52ea9e17-6c69-49b8-8b70-a224fdbbfdfe
Retinoic Acid (Tretinoin) 0.05% Lotion,8029:1,f6f286c5-5421-4ccb-9bcb-4394109564f3,5419e766-1419-4dda-a37e-a539bbb5b058
Nicotinic Acid 50mg/ml in 1ml ampoule Injection,8021:1;8019:1,cf937868-45d6-4f21-958f-1a05668d24cb,9f0b0cd4-71c6-435e-b909-6e2ff23aea92
Nicotinic Acid 50mg Tablet,8019:1,b8b90e87-3fdb-4493-8ea1-1cd1955d6096,9f0b0cd4-71c6-435e-b909-6e2ff23aea92
"Vitamin A 50,000 IU Capsule",8013:1,078ae60f-953c-4e34-ba5d-d03cc8d5a1d0,98098f2e-94b6-4b77-b0e3-b958238c58d7
"Vitamin A 50,000 IU/ml Oral Solution",8021:1;8013:1,a16cd79f-65c5-4151-948a-5e5b2b597c70,98098f2e-94b6-4b77-b0e3-b958238c58d7
"Vitamin A 150,000IU/ml (Concentrate) Oral Solution",8013:1;8021:1,247aabcf-29a5-4e20-8c40-e3402c626677,98098f2e-94b6-4b77-b0e3-b958238c58d7
"Vitamin A 50,000IU Tablet",8013:1,f53ec5db-b66a-414e-8fe9-c2566d55bc8d,98098f2e-94b6-4b77-b0e3-b958238c58d7
"Vitamin A 100,000IU Tablet",8013:1,dd0f37ea-e445-4da4-818e-7e7fc74ef214,98098f2e-94b6-4b77-b0e3-b958238c58d7
"Vitamin A 200,000IU Tablet",8013:1,0bb63d4b-6fc1-4c38-8b5e-de5050a61f3b,98098f2e-94b6-4b77-b0e3-b958238c58d7
"Vitamin A 200,000IU/ml Injection",8021:1;8013:1,4d8b6917-e467-4863-8b9d-7b244245513a,98098f2e-94b6-4b77-b0e3-b958238c58d7
Ketotifen 0.25mg/ml Eye Drop,8008:1,036c3ded-85b1-4f43-84ee-6e6638737dc2,25d4ebc8-c6fd-46fc-99b4-feaa999aa5e0
Vitamin E (Tocopherol) 50mg/ml in 2ml ampoule Injection,8019:1;8021:1,e18ddbab-9fcc-4184-91fb-a307cd4fae3a,9ad2edb2-c6b5-43e4-a3af-3e8c1b66cce3
Vitamin E (Tocopherol) 100mg Tablet,8019:1,e41997b8-f430-474e-a629-838c93b902c1,9ad2edb2-c6b5-43e4-a3af-3e8c1b66cce3
Vitamin E (Tocopherol) 100mg Tablet (Chewable),8019:1,c4fa15b9-97af-48dd-8b1c-098dd8c89d8f,9ad2edb2-c6b5-43e4-a3af-3e8c1b66cce3
Tripotassium Dicitratobismuthate 120mg Tablet,8019:1,039a3fe2-1b0b-48d3-8eb6-5aee3b426ec3,4ad2dc90-b984-494f-bfa3-a4764ee21741
"Botulism Antitozin Polyvalent Types A,B,and E Injection",8000:1,eeb52309-7a77-4ac8-8ab3-c97fb4f9ac12,b4e8c4a5-01ef-4cd4-8507-c1a8360fa3dd
Cycloserine 10mg Capsule,8019:1,a421cf19-af57-4052-8ffd-9c01e7d99c04,d1eeaead-a55b-4f7a-ab58-61c6545e10b3
Cycloserine 100mg/ml Oral Solution,8009:1,4ea58b2e-f7ce-4768-be91-cd2ffeafbdc1,d1eeaead-a55b-4f7a-ab58-61c6545e10b3
Cycloserine 50mg/ml IV Infusion (Oily),8031:1,50546021-d603-48b9-8762-70c0aceb577d,d1eeaead-a55b-4f7a-ab58-61c6545e10b3
"Gas Gangrene Antitoxin, Mixed 25,000 units in 20ml Injection",8021:1,01af3914-ba22-42d1-a248-e817718aea9b,e1ecb853-0533-4aff-8079-ebbb767ebe52
"Immune Serem Globulin Human(Gmma Globulin,human) 16.5% in 2ml Injection",8021:1,f8777490-ee93-422d-99e0-8e5cf7fd0571,a32c6a49-eeb7-4606-999c-e29b9710ad19
"Immune Serem Globulin Human(Gmma Globulin,human) 16.5% in 5ml Injection",8021:1,1fe00474-910a-4ac5-b0c8-75b4d1384d20,a32c6a49-eeb7-4606-999c-e29b9710ad19
"Immune Serem Globulin Human(Gmma Globulin,human) 16.5% in 10ml Injection",8021:1,e239d784-be42-4400-8b8e-9cac57d30d9e,a32c6a49-eeb7-4606-999c-e29b9710ad19
Interferon Alpha 3 Million units/0.5ml Injection,8021:1,9bf6e77e-4dc6-40f2-a53a-ae49c2c71b0e,9ad4df0b-d0c7-4cf2-929c-8bcee89965b6
Interferon Alpha 5 Million units/0.5ml Injection,8021:1,f442f4f3-38c6-4cac-be3e-fed06bb35896,9ad4df0b-d0c7-4cf2-929c-8bcee89965b6
Interferon Alpha 10 Million units/0.5ml Injection,8021:1,f4926f8f-63a7-4d0b-89d7-5870d96cfdac,9ad4df0b-d0c7-4cf2-929c-8bcee89965b6
Interferon Gamma 3 Million untis/0.5ml Injection,8021:1,c076486f-9df5-4471-95af-2f50bb399a46,892babcb-f87d-4ca9-a22c-2e9e5a97bf61
Interferon Gamma 5 Million units/0.5ml Injection,8021:1,01c30d41-8e80-4cbf-b5b1-37dced42208d,892babcb-f87d-4ca9-a22c-2e9e5a97bf61
"Hepatitis B Vaccine,Inactivated 16.5% in 2ml Injection",8021:1,ccbd06f5-5a70-4105-b36e-9499e0031349,aef2c7f7-1db9-41d3-923e-d4c74c09fd19
"Hepatitis B Vaccine,Inactivated 16.5% in 10ml Injection",8021:1,61ec7d28-454a-4302-a2c1-124fcf4ac26b,aef2c7f7-1db9-41d3-923e-d4c74c09fd19
"Hepatitis B Vaccine, Recombinant Yeast DNA 0.5ml Injection",8000:1,6d1bc1b3-4805-44c3-a063-7afd4664556a,dabfa970-f030-4fcb-acff-1eb6268ddc95
Human Papiloma Virus Vaccine HPV6L1 20mcg+HPV11L1 40mcg+HPV16L1 20mcg+HPV18L1 2 Injection,8000:1,43e20a95-e45c-4264-8302-721a1daca041,40657a0e-6df1-424d-bd23-a261457c6fbf
Influenza Virus Vaccins Polyvalent 0.5ml Injection,8021:1,2d1bb9b7-2a48-497a-8710-81fe23baacb1,7003a43f-4014-4d64-9f15-55cd538f7ebc
Pneumeccocal Polxsaccharide Conjugate In 1ml of 2 doses Injection,8021:1;8007:1,1c1587b4-98cf-4174-bdd9-073fe211ae05,fbc54fbf-56da-48c6-b5d3-ac8bf9ad85b1
Pnemococcal Polysaccharide Vaccine 0.5ml Injection,8021:1;8031:1,b0acc1fa-142b-4f51-9ea5-17d9a363208d,a5ffea61-cd77-4c7c-a964-a4e55eecfe22
"Poliomyelitis Vaccine,Trivalent Type I,II,III 10ml Drop",8021:1,7237d555-8c4f-44d9-8e38-0dc421af7949,befb8cb7-ce7c-4c2d-b8b0-3233db550269
"Poliomyelitis Vaccine,Trivalent Type I,II,III 20ml Drop",8021:1,731ad0a9-1b0b-4c0c-8d36-111afb010143,befb8cb7-ce7c-4c2d-b8b0-3233db550269
Rabies Vaccine 100ml in vial Injection,8031:1;8021:1,d54854fa-fa17-427f-bab0-5f0337a788bc,1993cbc6-47ed-49bc-a033-4068e491911c
"Rabies Vaccine, Duck Embryo 100ml Injection",8021:1,d76983b8-d98b-4f01-b258-04e041711802,8de892ee-27c9-4557-a930-5b0fa23102ad
Scorpion Venom Antisera (Scorpion Antivenom) 0.5ml Injection,8021:1,c1a15dcb-1f86-4448-ba8a-c73d448c2732,c7aa61af-9077-4452-96e3-017344be0bc3
"Tetanus Antitoxin, Equine 3000 units Injection",8030:1,f76b8cc0-7098-4e94-acac-1ce8041ec6bd,6aafb2c0-3faa-440b-aa11-cabaadd4cead
"Tetanus Antitoxin, Equine 20,000 units Injection",8030:1,2a65823f-3ac2-4d9f-ae69-c1ee8b1d014c,6aafb2c0-3faa-440b-aa11-cabaadd4cead
Tetanus Immune Human Globulin 3000 units Injection,8000:1;8030:1,3bc5115a-a54c-4bae-b81b-eafaca89b940,e895cd41-c365-4ce8-aadc-f8db6604b93d
Tetanus Toxiod 0.5ml Injection,8021:1;8031:1,b82ffb15-05a7-48d5-8c11-bd9955f3d332,260e37de-4536-4926-8300-c099f7b637c1
Tetanus Toxiod 1ml Injection,8021:1,21209be0-7446-45de-a0ae-5df0cc4245f8,260e37de-4536-4926-8300-c099f7b637c1
Estradiol Valerate(initial phase) + Norethisterone(second phase) Tablet (Biphasic),8028:1,5b4c0ab5-0a66-40b4-a103-d7e60421a94b,d112344a-cf57-4125-a929-df123a610c21
Estradiol Valerate(initial phase) + Dydrogestrone (second) Tablet (Biphasic),8028:1,f3d60e13-3aa0-4d90-afdb-7bb083b9d2f2,cf7f3dcc-e1a4-4140-8743-87f3a583f0b0
Estradiol Valerate(initial phase) + Dydrogestrone (second) Tablet (Monophasic),8028:1,d712befd-3573-4f4a-852e-d065d4357998,cf7f3dcc-e1a4-4140-8743-87f3a583f0b0
Estradiol Valerate Tablet,8028:1,eac5bdcc-e61e-4dd4-bb12-e55fae124776,055d3ce2-04db-4786-8d78-dfe201c01414
Estradiol + Estrol + Estrone Tablet (Monophasic),8028:1,33f5df70-7531-4a09-8753-452a35fc221f,c1ed1aaf-ea4d-4c9d-ac65-ad19c2927de0
Estraiol Tablet,8028:1,55d80509-43d8-46f6-9c98-3d515dad166c,cc308550-c0b4-4027-a476-089708a02178
Estraiol 0.01% Cream (Vaginal),8029:1,9da79062-0e3b-4a39-87e4-0d312aef9a6d,cc308550-c0b4-4027-a476-089708a02178
Estraiol 500mcg Pessary (ovules),8009:1,b55c2532-8c89-4d41-89c6-3b2aa69c9abe,cc308550-c0b4-4027-a476-089708a02178
Ethinylestradiol 1mg Tablet,8019:1,2d006452-207e-4e80-85a7-3eda3686422b,018654ab-d67c-4649-9e69-93b823b27899
Ethinylestradiol 2mg Tablet,8019:1,d9c4a030-b02b-4d93-873d-027446801ff2,018654ab-d67c-4649-9e69-93b823b27899
Hydroxyprogestrone Carporate 250mg/ml in 1ml ampoule Injection,8021:1;8019:1,1bc5139e-fc5a-4c98-a85a-e2e6c89e2e0c,16b452d8-f287-46bf-b596-25ce39e4546c
Norethindrone (Norethisterone) 5mg Tablet,8019:1,d3c1c7b8-63c3-4f76-9521-e36f6928a4fe,febd3d43-7dd0-4c5b-812c-4bf60cd391a6
Serum Gonadotrophin 400IU Injection,8013:1,c22d637d-8b48-4655-8aff-5cc6a452aca0,f078e44f-eabe-4249-a51e-cd8edf624247
Serum Gonadotrophin 1000IU Injection,8013:1,41537433-7338-4e00-b479-7f7cb172f778,f078e44f-eabe-4249-a51e-cd8edf624247
Mesterolone 25mg Tablet,8019:1,b8facf7c-9245-48a6-acc6-f606ff2a9b99,074cbd19-f998-4ef0-afa8-840c97510f9f
Testosterone Propionate 10mg/ml in 1ml ampoule Injection,8019:1;8021:1,0581f1cd-e35e-418e-8c8b-c6e61555417f,4a4047d4-d976-4bd3-961f-e8a3f257805c
Testosterone Propionate 100mgin 1ml ampoule Injection,8019:1;8021:1,fc85960f-bbfe-4c21-9a28-a21293c518d5,4a4047d4-d976-4bd3-961f-e8a3f257805c
Testosterone Propionate 250mg/ml in 1ml ampoule Injection,8021:1;8019:1,0c4c8e3f-3fb3-4e19-a6a0-046ec6164b85,4a4047d4-d976-4bd3-961f-e8a3f257805c
Testosterone Propionate+Testosterone Phenayl Propionate+Testosterone Isocaproate+Testosterone Decanoate 30mg + 60mg + 60mg + 100mg Injection,8000:1,bb0e8975-54b4-4577-806a-edba296036d3,3371a57b-d7b0-45c5-8fb3-62550d4fc42e
Levonorgestrel(D Norgestrel) +Ethinylestradiol and Ferrous Fumerate 0.075mg + 0.04mg (5 Tablets) Tablet,8028:1,268fa5c0-477d-4338-b1b8-c83aed7fc01d,e6db5bd2-5b59-4df7-8a3f-3a10ffc459c6
Testosterone + Chorionic Gonadotrophin 10mg + 1000IU Injection,8000:1,5318f64e-72fb-4b70-9094-9c0a8233c482,04fec5ed-5cfa-45bc-8158-28cd0c574c41
Testosterone + Chorionic Gonadotrophin 18mg + 2000IU Injection,8000:1,ba4e6fc5-e5da-4267-b9da-99e54403ecf0,04fec5ed-5cfa-45bc-8158-28cd0c574c41
Norethindrone (Norethisterone) + Mestranol and Iron 1mg + 0.05mg Tablet,8028:1,b4846c8a-e3ed-4683-a3a3-234cd67c7a13,611b4097-4e6c-4ef0-84cb-b3c5a239277a
Lynestrenol 0.5mg Tablet,8019:1,0c332796-48bc-492c-a98b-92ebf720a98b,7f4fa17d-cf24-42e6-8352-83782208f379
Norethindrone (Norethisterone) 0.35mg Tablet,8019:1,e7b2c19b-cb07-4286-b44e-c5a6f8735f88,febd3d43-7dd0-4c5b-812c-4bf60cd391a6
Norethindrone Enanthate (Norethisterone) 200mg/ml ampoule Injection (Depot.oily),8019:1;8021:1,a33e8b8b-0774-4e06-8473-b3ca80050065,2ddaa82a-f9ef-47af-9e1a-0eb3feaa95fe
Diaphragms With Spermicide Pieces,8022:1,dbd6ac7a-ce33-4dc9-8c13-9b2c578022ae,df82cc8a-2f1a-4cd5-b55a-454bf0c6ed20
Menfegol 60mg Tablet (Foaming),8019:1,981873a0-4a66-40af-82c4-d31122aa63c4,3ed5219a-f4cf-4401-94cd-83a61b201d7a
Nonoximol Cream,8029:1,42b32a27-3f4a-4422-bbbf-9c9deccd23ce,c54c9acd-1f02-487c-be71-bbeb87b9b97e
Nonoximol Tablet (Foaming),8028:1,fb4be422-7a5e-4a68-b244-42dae71ab5bc,c54c9acd-1f02-487c-be71-bbeb87b9b97e
Nonoximol Gel,8029:1,517b6b33-4831-4586-89cb-44f4c856db12,c54c9acd-1f02-487c-be71-bbeb87b9b97e
Octoximol Cream,8025:1,5018a2cf-fc74-44d7-83b2-d633bc4fc2a4,3bf32b76-516e-4187-ad6c-ca09a434c40e
Octoximol Tablet (Foaming),8028:1,03246eb9-f8db-40f7-8b07-3a89a3012334,3bf32b76-516e-4187-ad6c-ca09a434c40e
Octoximol Gel,8029:1,c4035923-7ef0-4f82-b030-0c513ad6419f,3bf32b76-516e-4187-ad6c-ca09a434c40e
Sildenafil 25mg Tablet,8019:1,2f59e558-672e-47b2-92b1-66cd721aef60,d9e1a2b7-f410-4033-9188-b75acb8dd482
Sildenafil 50mg Tablet,8019:1,48b5a164-8e86-443c-aba9-561f649602a6,d9e1a2b7-f410-4033-9188-b75acb8dd482
Sildenafil 100mg Tablet,8019:1,28bb1001-78e5-460f-8fcc-f3e0641395fe,d9e1a2b7-f410-4033-9188-b75acb8dd482
Anticoagulant Citrate (ACD Solution) + Soduim Citrate + Citric Acid + Dextrose 1.32gm+0.44gm+1.47gm Solution,8002:1,19e20546-9879-4da7-942b-c87ed60619cc,f8ee86eb-bff4-4d1c-870b-359a7603ff68
Dicophane (DDT) 10% Dusting Powder,8009:1,706931d9-31f4-4650-93e7-363515340d21,8c051bf0-8c4b-4afd-a6bf-391cbc6c4bd1
Disulfiram 200mg Tablet,8019:1,b8e8dd49-ed85-4fc7-8c15-b1731abe0887,20ec9530-f36c-442f-8237-4c3bdeea452f
Disulfiram 250mg Tablet,8019:1,d455b234-0956-4168-907c-d3b503d3003b,20ec9530-f36c-442f-8237-4c3bdeea452f
Disulfiram 500mg Tablet,8019:1,77bd1e0b-6df2-41a5-baa9-b0407b7dae10,20ec9530-f36c-442f-8237-4c3bdeea452f
Formaldehyde 3% (w/w or v/v) Solution,8002:1,cbe2042e-d06f-4ea2-ab12-18ba75c632b2,cf86eecd-59a3-444f-aa08-efb8302e39e8
Formaldehyde 8% (w/w or v/v) Solution,8021:1,6af95ef4-0152-4cb7-9b93-43539a08230b,cf86eecd-59a3-444f-aa08-efb8302e39e8
Glutaraldehyde 2% Solution,8002:1,61fe31a8-65da-478e-9038-fc7e71a53d0b,be61c3ad-df94-4569-ba74-9fc91660884e
Gliycine Bladder Irrigation Solution 1.5% Solution,8002:1,fef0cc7e-8e62-4028-a74f-49d05730e158,9bf99039-92e8-4842-ab45-3c4bd77bebd5
Halazone 4mg Tablet,8019:1,b644068a-9ca0-4a9c-a33f-60471c34be73,889b5537-e7ac-4179-a30e-021934e34f01
Iodized Salt Powder,8009:1,f9f61b17-feca-4943-9961-b95bb58548ff,f52d367f-4e96-49c4-98bc-1184c148329f
Oxidized Cellulose Pieces,8022:1,87edb31a-d9a1-4b7b-bf62-a27ad00dbfcb,ea6e7cea-2e22-46a1-8dbc-83fb15a0b990
Saccharin Tablet,8028:1,ed555125-2a73-462c-b44e-67a7f3b66be9,a98f50f2-eefc-469c-b1f3-2a8b0190e3ac
Sodium Chloride Free Salt Powder,8010:1,e61db45e-a0b3-4435-bfdd-e6f519fe05fb,fed5f662-3e02-439a-93c6-5658085ea49a
Sorbitol Powder,8009:1,304cb38b-5506-4ffa-b693-93dda8ba5033,04563a35-069a-40bf-a2cf-4e32e149ac0a
Supportive Hepatic Preparations that Contain Essential Phospholipids and Vitamins Powder,8009:1,adb14d0c-6c46-4777-9568-de47697ff988,5044393f-7f0f-4b71-907d-03b64cbb38e4
Acetazolamide 500mg(s/r) Capsule,8019:1,46061c42-e1a0-47dc-a0a4-4c66a2e3e00c,bd0e696d-e893-436a-afd7-19005b64de37
Acetazolamide Sodium 500mg/vial Powder for injection,8019:1,ffd07247-98d1-4b0c-8ade-4d593afe7892,ce61e5c8-f954-4368-aaec-c5f436728f39
Sotalol 240mg Tablet,8019:1,a1482327-2577-4293-a813-2a5108eba310,75941bdb-8772-4831-9592-9f43bf999f03
Atrovastatin 10mg Tablet,8019:1,c8330879-1add-4520-b1e8-5749e7083a26,3bdd36e6-e6a4-49b8-845d-3612c55148f8
Sodium Tetradecyl Sulphate 3% Injection,8000:1,3fe22504-84d4-40d5-b6c6-40ff7117c0a9,fd6f85ea-acab-415d-b448-a54aae3d3868
Trichloethylene Inhalation,8002:1;8024:1,6c638746-7495-4f6b-a39c-677b7d3414d7,ab09105b-5372-4ece-a401-7bf6b1921170
Isodipine 2mg Tablet,8019:1,5d0f85f8-3914-4e59-9ef5-4a89d11875ed,e072aff8-52fc-46b0-95f1-1f7a827ee0bb
Aluminium Hydroxide + Magnesium Hydroxide (220mg + 195mg)/5ml Suspension,8002:1,8c5286dc-dd9d-4d39-a0c9-83b00f758199,be5f649f-03bb-42cc-8112-aac3e5c697c8
Esomeprazole 20mg Capsule,8019:1,211b3538-7e77-4b87-bc07-32461ab796f1,c5705a02-d72f-4583-bcc6-75123f639d72
Oxymetazoline HCL 0.05% Eye Drop,8008:1,ac65944f-c304-4031-8c48-20a6406e378e,16ae1094-348d-467b-aa3e-8fcc3eb5abd4
Polyvidone 25mg Eye Drop,8008:1;8019:1,96e41da5-cf46-4e31-85c9-93bde6fd5017,eb056e20-7b38-40ba-a994-ad8bcfe54dea
Polyvidone 50mg Eye Drop,8008:1;8019:1,bc4929ea-e91a-4e50-a497-7bcea6fa02c9,eb056e20-7b38-40ba-a994-ad8bcfe54dea
Rose Bengal 1% Eye Drop,8008:1,3429c5d7-64c8-4e2c-8158-07401635cabe,689b353b-5916-494c-944f-58bc071f052e
Sodium Cromoglycate 4% Ointment,8029:1,1f753ee6-226f-478e-b1ef-47f3499630d3,f8bf68e1-8b82-4701-bd7c-9b6aad97719f
Demecarium Bromide 0.25% Solution Eye drop,8009:1,fc57c9fb-c6bd-41b9-adc8-4b4b3dc8f81a,35fb3b34-f1f1-4efa-bfc6-c65b438d5b2a
Demecarium Bromide 0.5% Solution Eye drop,8009:1,a209eea7-0583-4713-bfe1-96b476b2f2be,35fb3b34-f1f1-4efa-bfc6-c65b438d5b2a
Demecarium Bromide 1% Solution Eye drop,8009:1,52f4523c-dc60-47b0-8091-d84065e4a5b8,35fb3b34-f1f1-4efa-bfc6-c65b438d5b2a
Dipiverfin Hydrochloride 0.1%in 15ml Solution Eye drop,8008:1;8021:1,be339b01-d4c6-4344-a380-0e2cfef6e348,b53089f4-ae0c-4917-a6a1-0e826e0c4f2c
Dorzolamide HCL 2% Eye Drop,8021:1,261ea28c-8aa0-43f1-a380-25275142f07c,ffc99aeb-98c7-4f6e-8ccc-e999af2945d0
Isoflurophate 0.025% Eye Ointment,8029:1,ed49bda8-9b29-46a4-988f-f56612f7ca4f,1a6a401b-6e77-44d4-abcd-870015994ed8
Levobunolol Hydrochloride 0.25% Solution Eye drop,8008:1,402db126-3b19-41ed-8b50-5d5dfd758410,1e19330d-a62f-47fa-8ce7-65b0ccd1a94d
Nifedipine Eye Drop,8008:1,84bae22d-7fd7-453a-9a04-7cb58a3c0434,34da515b-26d1-4df9-83e5-3201e3ed6e6a
Physostigmine Salicylate 0.25% Solution Eye drop,8008:1,83de06e8-3c31-466f-bd0e-3ecb56e19379,2ea7a80e-1690-4814-8f6d-91a9cf5f4c7c
Physostigmine Salicylate 0.5% Solution Eye drop,8008:1,c96f8d26-3208-47cf-96fc-36898e9978c1,2ea7a80e-1690-4814-8f6d-91a9cf5f4c7c
Pilocarpine HCL 2% up tp 10% Ointment,8008:1;8021:1,2b2d8bd2-2fda-421b-8c28-d0631343a501,c5c7b0b7-17ad-45a1-b033-927873629771
Timolol Maleate 0.5 % Eye Drop,8008:1,447c9ea6-da45-49de-94c1-f7bce5c21bdf,bf3c39b9-71be-45ba-ab21-e518e988df06
Chloramphenicol 0.4% Solution Eye drop,8009:1,6a5ebf5a-8ce5-42a4-9e75-31dcb6ccae61,2ebe9bfd-c1d4-414a-bbb8-48bedfb7751d
Chloramphenicol 5% Eye Ointment,8029:1,9f909d27-4d88-4d2d-89bc-96a4cbf151ba,2ebe9bfd-c1d4-414a-bbb8-48bedfb7751d
Neomycin Sulphate 2% Eye Ointment,8029:1,030a10a3-0a9e-49b4-bc13-3531d5785e97,ca47417f-8717-4c30-a14d-6bb9d41d6480
Neomycin Sulphate 0.5% Eye Ointment,8029:1,d6b6449a-5c9e-48f4-98c9-ff37ae1901db,ca47417f-8717-4c30-a14d-6bb9d41d6480
Oxytetracycline Hydrocloride 0.5% Eye Ointment,8029:1,8820799f-fed6-4e81-bced-0c2984dd9951,3da7be73-1f78-4766-9240-24aacc868e64
"Polymyxin B + Bacitracin 100,000u + 500,000u Eye Ointment",8029:1,4147f88c-4b99-4b93-8d9c-4b6cb1992b10,caf07849-ef93-4b61-af63-e925b13e6799
Rifamycin 1% Eye Drop,8008:1,b484495d-95de-442e-a6c1-b75b143680f4,61d4c288-6f01-4672-8b80-52ef1ed0a92c
Silver Nitrate 1% Eye Drop,8008:1,6a61b0b4-51de-48b1-948d-8a9239c7bc65,b6bd087d-4736-4564-af88-f9b8769aa466
Tetracaine HCL 0.5% Eye Drop,8008:1;8021:1,c6874e8c-4c16-450e-a8d3-e63acb9ab7a6,905c2f85-5053-4421-85ff-f65fb5d2cbcb
Iodoxouridine 0.1% Eye Drop,8008:1,96481e92-b06b-4920-a6fd-19c3536fdd35,4600fbc4-7cc7-425e-98de-98ee9adb9670
Iodoxouridine 0.5% Eye Ointment,8029:1,0423296f-0b6d-4afc-ac3e-4b058ccfc8f3,4600fbc4-7cc7-425e-98de-98ee9adb9670
Trifluridine 1% Eye Drop,8029:1;8008:1,c33f5503-d795-4a44-bb97-630f15f25a58,826d9705-6ecf-4c69-83c5-eed18912b055
Vidarabine 3% Eye Ointment,8029:1,f17db8f2-7a84-4d51-8898-4167a8265e1c,32008794-0ac3-4abd-86cf-d0597c252498
Natamycin 5% Eye Drop,8021:1,75235ef4-9f50-4341-bde8-e1514673cc12,4919b60e-3fa8-4212-906d-0c929bf6aa27
Diclofenac Sodium 0.1% Eye Ointment,8029:1,17f47842-383c-4097-b478-a074739c5c32,ac596700-5446-4c02-81e5-cc780905662d
Flurbiprofen 0.03% Eye Drop,8021:1,347211b7-98ce-486c-ab36-f5bd03c7153d,32ed9fdd-9795-4dea-8720-9f4e6e93908a
Prednisolone 1% Eye Drop (Suspention),8008:1,21f1317b-475c-4747-b11d-da72c6102204,a1247ab5-5103-4a2b-b64d-1de1db745560
Flucortolone Pivalate + Chloramphenicol 0.5% + 0.2% Eye Drop,8029:1,d2bf1a3a-e8c1-4299-9a2a-813d043db9e3,03875f3d-18b6-4f16-ad69-1831ee32e134
Gentamicin + Betamethasone 3mg + 1mg/ml Eye Drop,8029:1,9ba300f5-4e4e-4e2f-9624-41927f949036,69c58fee-254d-49bd-b42c-566af82f9d9b
Neomycin + Dexamethasone Phosphate 0.5% + 0.05% Eye Drop,8008:1,9f5a456e-835b-4555-890b-039b1538233e,6feb0f7a-0d98-4563-b50d-5fcdd03ccba2
Neomycin + Dexamethasone Phosphate 0.5% + 0.1% Eye Drop,8008:1,88858004-8362-48c7-9f4e-e562c3f30dc2,6feb0f7a-0d98-4563-b50d-5fcdd03ccba2
"Neomycin + Hydrocortisone + Polymixin B Sulphate 3.5mg (base) + 10mg + 10,000U/ml Eye Drop",8008:1,86750456-cc17-46ee-9d3f-f47655090caa,b211b9aa-6465-422f-b671-1a799abc7511
Atropine Sulphate 1% Eye Ointment,8010:1,963f36d4-e9e1-4671-ad9f-04da4cbf4f72,bb4318a7-9de1-40c9-bbdb-33f63c8b2bbd
Cyclopentolate Hydrochloride 0.5% Eye Drop,8029:1,bda5f9a2-07d7-41bd-8a5c-5d2b80a6cf70,c888553f-f032-447d-b636-e1372894c9e7
Cyclopentolate Hydrochloride 1% Eye Drop,8029:1,39c64e39-6e8d-42a5-a1e1-2c292992469e,c888553f-f032-447d-b636-e1372894c9e7
Cyclopentolate Hydrochloride 2% Eye Drop,8029:1,54dfc523-c8d2-4163-a898-f573997a18b0,c888553f-f032-447d-b636-e1372894c9e7
Homatropine Hydrobromide 1% Eye Drop,8029:1,9d18f866-44fe-4e27-9264-05ee4e09871f,9f57181a-ab6b-434a-a24d-0edac962f8aa
Homatropine Hydrobromide 2% Eye Drop,8029:1,0a4b0e72-20da-4a6b-869c-de37d2937b4a,9f57181a-ab6b-434a-a24d-0edac962f8aa
Hyoscine (Scopolamine) Hydrobromide 0.25% Eye Drop,8008:1,20386d91-f1ee-4f9f-8637-29bbec7780ae,c6d9589f-d912-4ddb-902c-07b10caa86fb
Phenylephrine HCL 1% Eye Drop,8008:1,9e5a08fe-7043-4438-9bed-12f9c06535a0,a80c646d-3770-4ee2-8602-f03d173c9af9
Phenylephrine HCL 2% Eye Drop,8008:1,46226064-8a05-46b5-aabd-078bacf3fe7f,a80c646d-3770-4ee2-8602-f03d173c9af9
Phenylephrine HCL 2.5% Eye Drop,8008:1,cef52563-645d-4f5b-a745-63efb0fe6267,a80c646d-3770-4ee2-8602-f03d173c9af9
Phenylephrine HCL 5% Eye Drop,8008:1,b818eb15-c4d4-48ef-953c-c04862989e64,a80c646d-3770-4ee2-8602-f03d173c9af9
Phenylephrine HCL 10% Eye Drop,8008:1,26796b3f-815b-4202-b31c-b02044f8e5eb,a80c646d-3770-4ee2-8602-f03d173c9af9
Tropicamide 1% Eye Drop,8008:1;8021:1,d040bc75-72e0-4400-901d-b6075b660f48,d0ab4bd7-f717-4434-a548-7f3384ac58a6
Bisacodyl 5mg Suppository,8019:1,a4d13005-a456-45ef-808f-a52774126171,e2f02733-fafa-409d-aab5-5989a5dee264
Bisacodyl 10mg Suppository,8019:1,e57c8b60-4f58-4f9b-ae9c-45788a98c964,e2f02733-fafa-409d-aab5-5989a5dee264
Liquid Paraffin Ointment,8029:1,702dbcc0-44f3-49b6-9ab1-6550f3175882,75af1e7b-381e-44b8-92f7-2421ec04ae39
Drotaverine 40mg Tablet,8019:1,bb83a7e4-67ec-4d27-995c-89fdd1ffe71b,85da7964-030d-4dc2-ab3f-2e45a6bda2ce
Chlorpromazine HCL 25mg/ml Drop,8029:1,d716d6ff-93b7-44ae-a533-f99245e8ada4,2562ccc8-b7ed-4fff-91ca-9fdf693a2fd1
Cimetidine 200mg Tablet (Chewable),8019:1,766306be-eb7d-4c74-bdb9-24df97899ccc,dab02802-8f52-439b-83cf-fc75faa972a9
Glycerin 1.8g Suppository,8010:1,c3e84e86-c181-4f60-97a8-ba3a26fdf262,11c22597-08c1-42b9-a413-1f6e1fad5098
Glycerin 1g Suppository,8010:1,854adcfd-568f-4f19-a6be-4fb6fcc490c0,11c22597-08c1-42b9-a413-1f6e1fad5098
Glycerin 1.36g Suppository,8010:1,195c2208-348d-423c-8141-7db97bf6c956,11c22597-08c1-42b9-a413-1f6e1fad5098
Glycerin 2g Suppository,8010:1,a6b4eb5c-1434-4006-a3f7-738e6e8074a8,11c22597-08c1-42b9-a413-1f6e1fad5098
Glycerin 2.76g Suppository,8010:1,938b2133-2983-4004-a274-2e316715a7e9,11c22597-08c1-42b9-a413-1f6e1fad5098
Meclizine HCL 12.5mg Tablet,8019:1,69a8f268-ce6c-4415-a4ac-26176a9b8af0,e8939e81-f81b-491f-a01a-f7e4a0d305c9
Metoclopramide 5mg/5ml Syrup,8019:1;8021:1,9217374a-956b-450f-9c0c-49e643ffada5,2ed8b06c-aaaa-4048-9b84-e7e0d11d25e0
Misoprostol 10mcg Tablet,8017:1,543d8be1-4e39-476b-8a0f-f600884c43b3,40d8b4f7-6c07-4e2b-98ac-12ba6f3ee387
Misoprostol 20mcg Tablet,8017:1,4d221b13-5609-4e0f-b3b4-61dab5e11dc2,40d8b4f7-6c07-4e2b-98ac-12ba6f3ee387
Nizatidine 150mg Capsule,8019:1,a755b0b3-b441-4245-9906-25fdd024770b,517e1929-8530-400e-b7f6-8632b26af551
Nizatidine 300mcg Capsule,8017:1,ff002d0e-24aa-4080-812d-91507a1923e6,517e1929-8530-400e-b7f6-8632b26af551
Ranitidine 25mg/ml in 20ml ampoule Injection,8019:1;8021:1,92221559-7691-40f5-817f-698c2bc6f5c2,a60e4760-8f72-47aa-a3d3-0de2c6aeb3c3
Hyoscine (Scopolamine) Butylbromide 10mg Tablet,8019:1,fa95926c-a251-4ab9-b682-279861daf18f,76678d90-6fe8-4844-b5e8-b73be4ff1680
Hyoscine (Scopolamine) Butylbromide 5mg/5ml Drop,8008:1,6e68aa6a-a819-422f-8bc9-dddb58a79741,76678d90-6fe8-4844-b5e8-b73be4ff1680
Propantheline Bromide 15mg Tablet,8019:1,311f85a0-181a-4744-b91f-65864c909556,e9ed45cd-0b13-460d-9a9a-5473b75de8c4
Propantheline Bromide 30mg Tablet,8019:1,43dcb34e-767b-4edd-a6b8-4d16fd49171f,e9ed45cd-0b13-460d-9a9a-5473b75de8c4
Promethazine HCL 10mg Tablet,8019:1,abe93179-180b-42a5-85aa-bc2e6afbdcf2,14328927-abfe-437c-8ff7-ffe6b3036bb8
Promethazine HCL 25mg Suppository,8019:1,5567a6be-c64f-4194-b0d3-14cba8d57067,14328927-abfe-437c-8ff7-ffe6b3036bb8
Promethazine HCL 50mg Suppository,8019:1,f37d44a4-a591-456d-a763-19c7459388ed,14328927-abfe-437c-8ff7-ffe6b3036bb8
Thiethylperazine Malate 6.5mg/ml Injection,8021:1;8019:1,230460a7-5061-4c34-8ef1-c4488c5509f1,32d23ee7-8d99-4296-bdcb-6f09a1defbc0
Thiethylperazine Malate 6.5mg Suppository,8019:1,4fa99701-43cf-4dc0-a535-8bdb81796f07,32d23ee7-8d99-4296-bdcb-6f09a1defbc0
Thiethylperazine Malate 6.5mg Tablet,8019:1,5ae732ad-2669-4096-b0ce-0a4a02cea4ac,32d23ee7-8d99-4296-bdcb-6f09a1defbc0
Psyllium Powder,8009:1,b67ba017-87fa-42e3-b844-6ec571a1384e,02e759a1-febb-42f6-86ad-3b33d38ce6d6
Senna 7.5mg Tablet,8019:1,23fbd336-9b30-43d8-b814-ef8d547de4ba,81fa196b-a6ce-4796-88d9-e37f203cabca
Diazepam 10mg/ml in 2ml ampoule Injection,8019:1;8021:1,61d30d01-b991-45d8-b309-ccebf1926ccb,5fc59931-d43d-4c30-8f95-705e681f4c1f
Metronidazole 500mg/ml Injection,8021:1;8019:1,f9313128-377a-4fb5-aab5-6e2085bb1d04,fdc15df0-53c4-4355-8253-6da000693c4f
Aluminium Hydroxide + Magnesium Hydroxide (375mg + 145mg)/5ml Suspension,8021:1,1053602e-1a1a-4597-aec3-22341ff674f9,be5f649f-03bb-42cc-8112-aac3e5c697c8
Vitamin B1 + Vitamin B6 + Vitamin B12 Tablet,8028:1,4c539f31-9023-4e09-a2a4-247024788a94,af44cfc9-6b8f-49ad-aebd-c2751697eb38
Acetylsalicylic Acid + Caffeine + Paracetamol (250mg + 65mg + 250mg) Tablet,8028:1,c5df2c26-db37-4b43-bfb6-1751db0aa37b,b6d4d1ab-2569-4df2-86d3-f236da3bff51
Diclofenac Sodium 25mg Suppository,8019:1,b3ad9d11-c821-49df-b36f-82e9d27df241,ac596700-5446-4c02-81e5-cc780905662d
Diclofenac Sodium 50mg Suppository,8019:1,5e504131-0949-4334-8718-b25d48575110,ac596700-5446-4c02-81e5-cc780905662d
Tetracaine HCL 500mg Capsule,8019:1,d53f67dd-5836-4136-be78-413330986961,905c2f85-5053-4421-85ff-f65fb5d2cbcb
Tetracaine HCL 250mg Tablet,8019:1,77ecf2d2-173e-47a7-b345-c770c9f756b8,905c2f85-5053-4421-85ff-f65fb5d2cbcb
Entecavir 0.05mg /ml Oral Solution,8009:1,01d47239-ea1e-4e2a-833e-bb53d3b6a20b,0de62454-ce44-4034-841d-6e9e99464b62
Telbivudine 600mg Tablet,8019:1,59808cec-3c9c-4fb3-afd8-2ca360938606,fd839292-8013-46ea-acf6-f831d6d70be9
Entecavir 1mg Tablet,8019:1,1480b50b-e3e0-40ea-b04c-bc57e6e4b8e1,0de62454-ce44-4034-841d-6e9e99464b62
Prednisolone 10mg/ml in 2ml ampoule Injection (Sodium),8021:1;8019:1,0c1a102e-ae4d-4a36-814b-059b490b3808,a1247ab5-5103-4a2b-b64d-1de1db745560
Prednisolone 25mg/ml in 2ml ampoule Injection (Sodium),8021:1;8019:1,9819d60c-4277-4d29-9322-96881ec4bde4,a1247ab5-5103-4a2b-b64d-1de1db745560
Ergometrine Maleate 0.5mg/ml Injection,8000:1,0cfcb13f-ad0a-4554-8754-60bbfa44b37c,483ebf41-542e-4138-a2e2-05aed837e20b
Mifeprostone 200mg Tablet,8019:1,1d69261c-e6b2-4821-a489-96eb6077de59,f2093c0f-c525-4fab-825e-4e305dd82d69
Loratadine 5mg/5ml Syrup,8019:1;8021:1,f3442d9a-7fcc-440b-883e-ccf1aaba2a18,f82a45b5-8f37-4585-bad2-4930b1ab5880
Levobunolol Hydrochloride 0.5% Solution Eye drop,8008:1,14db517a-02f1-4969-be63-f23a0db4c6e0,1e19330d-a62f-47fa-8ce7-65b0ccd1a94d
Pilocarpine Nitrate 2% 10% Eye Drop,8021:1;8008:1,0e774606-1eb9-4517-b12e-a9c15d9e4f67,fc4cb0d8-1b4f-4559-bd15-8cc5ce1aa699
Neomycin + Bacitracin 0.25% + 9.5% Powder,8009:1,6aac50bc-82ef-4a45-8a9d-eaee05fad072,58e3e1a1-ebf6-4758-96e4-bfbab94c76f6
Methoxsalen 1% Solution,8002:1,7fdcfc25-ff4e-405b-8bb8-50ed43e67986,75e6db3b-7d4b-48b9-9986-165fc64bcaff
Acitretin 10mg Capsule,8019:1,9f09fe14-8227-47b0-8339-f04c55dfcb22,7e5c7161-eb85-435c-9c59-ba14cfea00b0
Acitretin 25mg Capsule,8019:1,374af8e5-9356-4de6-9480-28404c00281a,7e5c7161-eb85-435c-9c59-ba14cfea00b0
Acitretin 50mg Capsule,8019:1,42f1d47c-3ed6-4bd7-8784-2600dc28ca6f,7e5c7161-eb85-435c-9c59-ba14cfea00b0
Etretinate 25mg Capsule,8019:1,9c8d3980-2363-4783-9129-497d8772d06e,7a8b392f-ad77-4f12-b319-befcb9f81a36
Isotretinion 10mg Capsule,8019:1,96bdd4f2-2174-449d-b161-8b7db788273d,9d40eb8f-48af-453c-b1b9-1d678dfb881f
Isotretinion 20mg Capsule,8019:1,0fc75d20-bd58-4c49-a4a2-7de540be0a48,9d40eb8f-48af-453c-b1b9-1d678dfb881f
Methoxsalen 10mg Capsule,8019:1,97b0ffd1-a3ba-48db-9d7d-4a97f0ee4682,75e6db3b-7d4b-48b9-9986-165fc64bcaff
Methoxsalen 20mg Capsule,8019:1,a05efb51-908a-46a0-8657-c1e5e6e830c0,75e6db3b-7d4b-48b9-9986-165fc64bcaff
Methoxsalen 10mg Tablet,8019:1,b5a97c05-503f-4f1e-8fda-d08c788a93bf,75e6db3b-7d4b-48b9-9986-165fc64bcaff
Methoxsalen 20mg Tablet,8019:1,e128d18a-2509-42a5-a38b-10c2ff48410a,75e6db3b-7d4b-48b9-9986-165fc64bcaff
Methoxalen + Pentosalen 0.75% + 0.25% Solution,8002:1,95e190e2-6827-4101-bada-fdad06c947a7,74b1f909-5258-489b-829c-3fa3211ff6eb
Methoxalen + Pentosalen 10mg + 5mg Tablet,8028:1,57d87b73-ce12-4e3e-a889-062b9db04f96,74b1f909-5258-489b-829c-3fa3211ff6eb
Methyl Prednisolone 4mg Tablet,8019:1,ea393337-1cfa-493a-b051-7fd853f69b1e,964a5b92-c431-4989-ab9b-58f58209a68e
Prednisolone 2mg Tablet,8019:1,21283940-c847-4372-b1cc-c81e7d5f4f21,a1247ab5-5103-4a2b-b64d-1de1db745560
Prednisolone 5 mg Tablet,8019:1,b16d9ad7-5788-498c-9efd-78b63e135ad6,a1247ab5-5103-4a2b-b64d-1de1db745560
Potassium Permanganate 50mg Tablet (for solution),8019:1,403d380e-d043-4831-abf8-2b9f25cbeb24,74511675-62cb-48ca-a60d-31fa71a52a1d
Potassium Permanganate 120mg Tablet (for solution),8019:1,10517553-db32-4c1b-ae2c-44c64c8865ee,74511675-62cb-48ca-a60d-31fa71a52a1d
Potassium Permanganate 200mg Tablet (for solution),8019:1,9e02d1f5-d8b7-401c-b309-ff895140ea0b,74511675-62cb-48ca-a60d-31fa71a52a1d
Potassium Permanganate 300mg Tablet (for solution),8019:1,823de5b8-fdcd-4c82-9873-56d9aeecb18c,74511675-62cb-48ca-a60d-31fa71a52a1d
Aluminium Chloride 20% Solution,8021:1,3b31b88b-52b3-4c79-bbbe-44be9cd2dab7,d8bf558a-f124-4585-8b0c-ac43d92babe0
Aluminium Chloride 25% Solution,8002:1,6d04ce90-9585-4707-8ef8-970a66b3662d,d8bf558a-f124-4585-8b0c-ac43d92babe0
Aminacrine (Aminoacridine) + Alantion 0.0695% + 2% Cream,8029:1,ec675fa3-3fac-4101-9c6d-a35aaa93ca02,2fe7fda6-1a49-49eb-99f2-ff5bb04de66c
Imipramine 5% Cartridges,8009:1,6d99036c-3a9e-4593-8367-c75914ec9fb8,96c5d1b0-f201-477b-a9be-d4fd152f9f14
Paraffin Guaze Dreassing Pieces,8022:1,5f3cc7f7-a7b1-43f6-af04-8ef82beb5b0a,17ebdd70-d0bf-460d-8f72-2145d16158ae
Pimecrolimus 1% Cream,8029:1,cc68d7d3-2cb5-4998-800a-752cfd559a48,7df86e71-ea68-4773-a66d-22ae52ca96bb
"BCG Vaccine 500,000 Organisms/ml in 0.1ml Injection",8021:1,94d38f4e-c744-4768-af19-1d5d78433cbc,dc63777f-026a-44f1-b05f-d0c359130a94
Azathioprine 50mg Tablet,8019:1,13d13e67-43b3-4906-96eb-f4aab1455a79,4e01aacc-8e95-407a-b17e-3d52564f0a35
Bleomycin 5mg in vial Powder for injection,8019:1,1d7f0e61-0938-4df5-8e2a-54f70d46fdef,6913747f-89c7-4bdc-992f-c155f8d103bd
Busulfan 0.5mg Tablet,8019:1,351aa1f9-4ae3-4499-81a8-4cf3cb2f967d,f14e1ca8-61ee-4809-b26f-cf1a1e31bad0
Busulfan 2mg Tablet,8019:1,cdd6b966-6242-46b2-8d9e-5e352fbc5fe8,f14e1ca8-61ee-4809-b26f-cf1a1e31bad0
Calcium Folinate (Leucovorin Calcium) 50mg Tablet,8019:1,2bbb9bb5-741d-43e8-b143-285fb3e88e51,96e77332-53e1-4aa2-bf1e-f2aba408d1f6
Capcetabine 150mg Tablet,8019:1,389fca2a-53d9-40e4-8c47-5b9969a4a548,a71f42ca-d83c-4f94-b349-fc7c8b916e97
Chlorambucil 2mg Tablet,8019:1,f615de53-e787-49bd-8d38-ea014049db80,0d2cbcab-c640-45c2-a4f0-b6dc17479391
Chlorambucil 5mg Tablet,8019:1,d34c2d47-1842-4354-871a-8d420d8cc2bf,0d2cbcab-c640-45c2-a4f0-b6dc17479391
Cisplatin 25mg Powder for injection,8019:1,d1584384-91c6-40d7-8da9-d31fdd453d77,e5749ba3-716f-486b-9055-7323d5f66a2e
Cyclophosphamide 50mg Tablet,8019:1,e58891eb-f940-4a00-83b0-82ff97f54c64,71f7e70f-5db5-4e02-a189-27ac95921843
Cytosine Arabinoside (Cytarabine) 20mg in vial Powder for injection,8019:1,ef6dd957-e7c4-402b-9498-2b35119445f3,5e542a1b-ba13-4ae9-b39f-d41c2f66f9f0
Dacarbazine 600mg Powder for injection,8019:1,446f882b-7b1d-468e-84d8-45b067ff0f1a,3bd57580-9d7c-4b10-affa-dcea51be218f
Dacarbazine 1000mg Powder for injection,8019:1,d499ba16-826f-48f8-9919-fadffe3aaceb,3bd57580-9d7c-4b10-affa-dcea51be218f
Daunomycin Hydro Chloride (Daunorubicin) 20mg in vial Powder for injection,8019:1,d3343b32-2296-4355-bc48-b8b9d6fd55cd,becff046-845e-460f-9b76-b4228b2c46ea
Etoposide 50mg Capsule,8019:1,d502cf30-9981-4dff-8723-fe8d4116564d,ef9911ee-892c-4443-8a03-0f5ef9fd869b
Etoposide 100mg Capsule,8019:1,eb410f43-6bf5-4dba-a208-c1aebe1944a3,ef9911ee-892c-4443-8a03-0f5ef9fd869b
Etoposide 20mg/ml Injection (concentrated),8031:1,cd7d6df4-a959-44f2-b677-afa45411da52,ef9911ee-892c-4443-8a03-0f5ef9fd869b
Etoposide 100mg/5ml Injection,8031:1,ec662d1b-2f50-4c28-9619-c5dcf1787f75,ef9911ee-892c-4443-8a03-0f5ef9fd869b
Filigrastin 480mcg/1.6ml Injection,8000:1,2f6533de-b64f-4d12-999b-5fd48693ffad,b531743e-b0b3-47db-a915-825cfc22e4db
Filigrastin 480mcg/0.8ml Injection,8000:1,298ab7a1-9c84-4eb2-a709-fea0e6c6e8f0,b531743e-b0b3-47db-a915-825cfc22e4db
Granisetron HCL 2mg Tablet,8019:1,98bd523a-32f0-4421-950b-cf1446ada679,afe0afab-0633-46f5-84a3-e3a8a7d2e2c4
Ibandronate 50mg Tablet,8019:1,c09faa87-4f81-44d2-a253-6a329d0bb19c,c4812bf6-ea6b-4ab9-ab93-d03d7c73a721
Mechlorethamine HCL (Nitrogen Mustard) 10mg in vial Powder for injection,8019:1,57d03b70-8d59-461a-81c4-0d4e01fb04a5,d3fc834b-b4ec-4f83-8fd7-ceaef97c90aa
Melphalan 2mg Tablet,8019:1,ff12c127-6c12-48d5-b551-2879a189619a,db5a075c-b5f8-4124-9410-af40ce142f29
Melphalan 5mg Tablet,8019:1,5b6d8b7c-07c7-497f-9b53-93da35fe54ff,db5a075c-b5f8-4124-9410-af40ce142f29
Mercaptopurine 50mg Tablet,8019:1,1e85de19-2d27-4db6-b366-ce3d8aa9b933,b806ed4e-1864-44c3-b607-72b64dfb89e3
Methotrexate 5mg Powder for injection,8019:1,4d6b6cdd-4ff7-4615-89cb-5b4b645c467f,220c7890-ef7f-4e7a-9df8-33df6c44e981
Methotrexate 50mg Powder for injection,8019:1,e61ef19b-08e8-47ba-aa75-5ad160247600,220c7890-ef7f-4e7a-9df8-33df6c44e981
Methotrexate 2.5mg Tablet,8019:1,3e2bcaa9-9f77-439e-8d29-6c2dc62a5d9d,220c7890-ef7f-4e7a-9df8-33df6c44e981
Methotrexate 10mg Tablet,8019:1,e8c0338e-22c0-4202-8217-9d109c4cb0a5,220c7890-ef7f-4e7a-9df8-33df6c44e981
Ondansetrone 4mg Tablet,8019:1,cd4da640-957d-42f0-a8e6-4459b507abe0,dd9293c3-80ba-41f7-a9f7-265b4b344a20
Ondansetrone 8mg Tablet,8019:1,e3c32578-f26e-4df4-89f9-25b30358cfc9,dd9293c3-80ba-41f7-a9f7-265b4b344a20
Ondansetrone 4mg/5ml Syrup,8021:1;8019:1,abe4976d-77c5-4bf4-b298-9dda9ad821b7,dd9293c3-80ba-41f7-a9f7-265b4b344a20
Ondansetrone 2mg/ml Injection,8019:1;8021:1,4c5988e5-725b-4362-ba86-03e61d1a10af,dd9293c3-80ba-41f7-a9f7-265b4b344a20
Ondansetrone 4mg/ml Injection,8021:1;8019:1,2c87b519-403a-4594-813e-cd38bae959fa,dd9293c3-80ba-41f7-a9f7-265b4b344a20
Ondansetrone 16mg Suppository,8019:1,cc2ca629-38ef-4f26-8aa5-803546cc7cea,dd9293c3-80ba-41f7-a9f7-265b4b344a20
Procarbazine HCL 50mg Capsule,8019:1,b5b6e974-740d-4bb3-8702-a12295cc3f3b,208922d8-38ec-449b-ae27-d515ce94c40f
Rituximab 100mg/10ml Injection,8019:1;8021:1,45d9e507-f0a9-4766-86db-07e49f62a3e4,cfba7508-3cb4-4aa7-9325-e4e70b289bd0
Tamoxifen Citrate 10mg Tablet,8019:1,0b57fead-b3ba-40bc-b054-3d170808506f,1d6413b9-65b8-4dab-a667-68a0352a17a9
Thiotepa 15mg/vial Powder for injection,8031:1;8019:1,7b3a6f23-f4b5-4a5f-940d-e4326629e8a0,5bae7976-7c5c-4c01-bc0f-ccf1e60bfa2b
Vinblastine 10mg in vial Powder for injection,8031:1;8019:1,17a1b450-a7b9-413a-aadb-2d5e132b5c59,e45439ea-311b-4625-a9da-915726ef5dbb
Vincristine Sulphate 1mg Powder for injection,8019:1;8031:1,10608b1b-5a64-4c93-b3c5-c739ceccb8ba,3c69eafc-7439-4804-8036-ca72eb3736d3
Vincristine Sulphate 5mg Powder for injection,8031:1;8019:1,05dfc000-604f-4edd-b245-8c7879ca7c4c,3c69eafc-7439-4804-8036-ca72eb3736d3
Famotidine 20mg Tablet,8019:1,1dcc37e0-3266-430b-9062-a16f3e3c5e41,f5624f21-7135-4d7b-a2d1-6831ebbe83ce
Nizatidine 25mg/ml Injection,8019:1;8021:1,61890819-9166-46aa-a0c1-73008d782a79,517e1929-8530-400e-b7f6-8632b26af551
Hyoscine (Scopolamine) Butylbromide 20mg/ml Injection,8000:1,a72af7f1-483f-4091-a2e2-919f015c7dcb,76678d90-6fe8-4844-b5e8-b73be4ff1680
Hyoscine (Scopolamine) Hydrobromide 0.6mg/ml in 1ml Ampoule Injection,8019:1;8021:1,4b9ada5e-5dfc-4a70-8531-a93db523819b,c6d9589f-d912-4ddb-902c-07b10caa86fb
Meclizine HCL 25mg Tablet,8019:1,016f124e-78b6-4d46-85d9-fe1a661f5c8b,e8939e81-f81b-491f-a01a-f7e4a0d305c9
Metoclopramide 5mg/ml in 2ml ampoule Injection,8021:1;8019:1,486a7133-23e0-4b23-a00f-9679d05b1fec,2ed8b06c-aaaa-4048-9b84-e7e0d11d25e0
Diphenoxylate HCL + Atropin Sulphate 2.5mg + 0.05mg Tablet,8028:1,4e49e05f-305c-45fd-ad61-6b03a1c6fa52,065d751f-3496-439a-8e2b-e2df9ced551b
Zinc Phosphate 20mg Tablet,8019:1,bbd4038d-1315-4ae2-b9b0-96250047bc28,5511aa97-10ec-400c-aed7-992b798d6ec2
Pancreatin 325mg Tablet,8019:1,5c7190d1-d468-428d-8393-051cb4950f55,c1461f9a-1634-4887-adfb-d4c134e3b5c6
Bismuth Subgallate Compound 2.25% + 0.875% + 1.875% + 10.75% Ointment,8029:1,296ebaf8-d829-49b8-9c2f-9efcc216bd08,143dd05c-b992-433e-a7d2-e26c0bf8eb47
Bismuth Subgallate With Hydrocortisone 2.25% + 0.875% + 1.875% + 10.75% + 0.25% + 1.25% Ointment,8019:1,2e1c4b85-ec8b-404c-af8a-dac2d895cd00,b4900ae0-1fac-4377-83f6-6d72ffb3f97c
Bismuth Subgallate With Hydrocortisone 59mg + 24mg + 49mg + 296mg + 10mg + 33mg Suppository,8027:1,712df3e1-a7b2-4a32-9541-676782176154,b4900ae0-1fac-4377-83f6-6d72ffb3f97c
Lidocaine + Aluminium Acetate + Zinc Oxide + Hydrocortisone Acetate 50mg + 35mg + 180mg + 2.5mg + Ointment,8029:1,94035fa3-b9ac-4e72-bf7d-2f48776ee27b,ef6467d2-1eb0-4a1b-a2b9-fd6f6b12bd6d
Lidocaine + Aluminium Acetate + Zinc Oxide + Hydrocortisone Acetate 60mg + 50mg + 500mg + 5mg Suppository,8027:1,0a8b87bd-3dc2-48f6-a709-8870394338f9,ef6467d2-1eb0-4a1b-a2b9-fd6f6b12bd6d
Prednisolone Caproate + Dibucaine Hydrochloride Hexachlorophene +Clemizole Undec enoate 0.19% + 0.5% + 0.5% + 1% Ointment,8029:1,87885781-d554-41de-b9cd-15aff5bd02ed,ef8108d3-6af6-4de9-9ccb-841bcbf1b7ae
Prednisolone Caproate + Dibucaine Hydrochloride Hexachlorophene +Clemizole Undec enoate 1.3mg + 1mg +2.5mg + 5mg Suppository,8027:1,5b39ecab-d5e2-489f-b1bf-ea17673f527b,ef8108d3-6af6-4de9-9ccb-841bcbf1b7ae
Fluvastatin 20mg Capsule,8019:1,ce1ce46b-10a7-44c9-aabd-91279458e1c6,18f2bf4d-dc0b-4726-be0f-593d13f68e7f
Fluvastatin 40mg Capsule,8019:1,6d9001da-8265-4157-9545-b64cccfd33b3,18f2bf4d-dc0b-4726-be0f-593d13f68e7f
Fluvastatin 80mg Tablet,8019:1,62f7d7e7-90fa-4864-869e-9638589cd65d,18f2bf4d-dc0b-4726-be0f-593d13f68e7f
Ramipril 1.25mg Capsule,8019:1,7723dd80-5159-4eff-9540-d866e7ab8cf0,8133ed0b-ab07-4740-9e4a-39d62af809a4
Diltiazem HCL 120mg Tablet,8019:1,c340c63e-c6d7-4f23-97e5-a73800df0c49,c0de0eed-55fb-44ea-8185-2e2050294685
Diltiazem HCL 90mg(s/r) Tablet,8019:1,8a58bb20-5c80-4ee5-bd63-018999e4c2c1,c0de0eed-55fb-44ea-8185-2e2050294685
Diltiazem HCL 120mg(s/r) Tablet,8019:1,d6df48d0-fce6-4411-bc10-dae2118e5917,c0de0eed-55fb-44ea-8185-2e2050294685
Captopril 50mg Tablet,8019:1,ce943ced-7dc1-4e22-a239-434f119ccb0c,2359294e-1aad-40a7-b81a-4d45f1882a7e
Alfuzosine 5mg Tablet,8019:1,2b28d882-a705-4c62-aac3-e71339ca5a33,acf86265-bf28-4989-81a8-14eb0d3c443d
Alfuzosine 10mg Tablet,8019:1,17e0ca7e-4610-4490-ba7c-cc499881a27c,acf86265-bf28-4989-81a8-14eb0d3c443d
Prazocin HCL 5mg Tablet,8019:1,f35dfc25-151d-4356-a832-79b80ef82202,c9715238-60d7-4b67-b1e0-52c42da07834
Teltorodine 4mg(m/r) Capsule,8019:1,99af091d-d9d7-4df3-925f-f3b9bbee80a6,d97206df-9181-4f01-aa38-0fff071b7e56
Teltorodine 1mg(f/c) Tablet,8019:1,ca0be49c-64d5-470a-b7f9-5f617345c289,d97206df-9181-4f01-aa38-0fff071b7e56
Teltorodine 2mg(f/c) Tablet,8019:1,7fd0f283-4014-4088-996d-84efe0275e2a,d97206df-9181-4f01-aa38-0fff071b7e56
Pethidine HCL 50mg/ml in 2ml ampoule Injection,8021:1;8019:1,84573139-90cf-4846-a798-6e4be0d48f55,28106365-a678-4741-a360-25577a248945
Acyclovir 200mg/5ml Suspension,8019:0;8021:1,8b1a81b9-a4de-4d07-9e54-e95dfa73eed4,2a2b33c9-e7c6-47ac-a236-9a97e0bb708c
Didanosine 2gm Powder for Solution,8009:1,d5668a1b-d284-44fa-9084-ba206db3b778,aed97f5d-c903-4bb8-b832-887256b255bf
Calcium Folinate 15mg Tablet,8019:1,1d1ac4d4-0115-4934-97c7-a536eb7989b5,611494e8-abc0-42d5-9c8f-7138faaa709d
Morphine Sulphate 10mg/ml Injection,8021:1;8019:1,b3d972d5-678a-4b20-b529-8d474851bb66,d6fee6ef-6daa-4212-bba0-93e563dd459a
Quinine Sulphate 300mg Tablet,8019:1,68bbea5a-85f8-420b-beb2-2d6776981500,df1f8146-317a-4b9a-804d-c72037b2d037
Nevirapine 10mg/1ml Oral Suspension,8021:1;8019:1,a3889dd9-77a9-4e1a-98b6-2dad863df837,3c300b0f-00cc-4b76-b164-0943a6e863da
Aluminium Hydroxide + Magnesium Hydroxide + Simethicon (225mg + 200mg + 50mg)/5ml Suspension,8021:1,be7e5089-e2da-4aa5-b12b-99962b7da728,7a79bd2b-c899-443c-b116-29d28218cba6
Magnesium Sulphate 50% Injection,8031:1,442ea347-22f4-4144-934e-f3b1c70d62bd,524ed0e0-18f1-4456-8eeb-aa255890ece9
Zidovudine 10mg/ml in 100ml Oral Solution,8019:1;8021:1,f855e68a-9530-4b5e-8636-0b6edb573edd,b4362318-390e-46b1-99a4-e5b007440dc6
Ceftriaxone 1gm with 10ml diluents Injection,8021:1;8019:1,f019deca-8216-4dae-8256-267df6ce5ffb,465afd31-7b55-4add-896b-19e84fd92ca2
"Nevirapine 10mg/ml, 25ml Oral Suspension",8021:1;8019:1,466f5358-50dd-47d3-b31c-2932fca5f0a4,3c300b0f-00cc-4b76-b164-0943a6e863da
Ceftriaxone 250mg Powder for injection,8019:1,8d39cb4d-4727-4de6-adb0-c1f379e44dce,465afd31-7b55-4add-896b-19e84fd92ca2
Podophylin 5% Solution (Nebulizer),8021:1,43a9bbeb-95fe-4276-ad96-f21083da43b7,f89e3108-5a39-4516-a1ba-7eb2ba62084b
Prednisolone (predin pack) for 24 weeks Capsule,8003:1,298565f6-cfac-4632-a70a-5a51daa99134,a1247ab5-5103-4a2b-b64d-1de1db745560
Halothane 1.5mg Tablet,8019:1,f34435f2-e699-4b9c-adf6-d9cbbfb7b915,1e083223-86d3-4055-be9b-1415dd2239e1
Chloroquine Phosphate 250mg Tablet,8019:1,9d2008c7-8b81-4882-96e0-94e35b1adb11,7af06b07-54b0-40e5-937e-732ff83ad523
White Petrolatum 20gm Ointment,8009:1;8010:1,33ab2594-d0f9-46fd-9f25-94fde2a073b0,e2e2fa1a-0c7f-4a7a-b719-7b9af976e688
Haloperidol 1.5mg Tablet,8019:1,4d210603-2bfc-4fc3-ad20-750580b6b0a0,7fe8db9c-b67f-480d-a57a-2912b64190c2
Strychenene Sulphate 250mg Tablet,8019:1,03d4f155-0e7b-41a8-a5a9-68b8c314f70e,fffd2f27-64d7-4fbd-84a3-b945bca45f6d
White Petrolatum Tube Ointment,8029:1,65674965-a397-46b1-a46c-9c263c41c3bc,e2e2fa1a-0c7f-4a7a-b719-7b9af976e688
RHZ (Rifampicin + Isoniazid + Pyrazinamide) (60mg+ 30mg+150mg) Tablet,8028:1,b8b96aba-6079-485a-a2ee-d79852a4a018,fb5713ac-cf70-462a-a1e7-92082180f95f
RH (Rifampicin + Isoniazid) (60mg + 30mg) Tablet,8028:1,6f29aeb0-a5d6-429a-900e-1dc2df2f8ce6,404516e3-7f4a-465d-bfec-55827d8edf36
Diphinhydramin Hcl + Ammonium Chloride 0.250gm + 2.50gm of 125ml Syrup,8021:1,b52c1785-535a-4626-b714-3ed51dc7e0f4,a85c42cd-89a6-4ac7-89fd-7aaad60ac53c
Aluminium Hydroxide + Magnesium Trisilicate 120mg + 25mg Tablet (Chewable),8028:1,bc50a766-7532-4273-9b90-7476a3c3e158,95790435-98f8-43b4-9ec4-0a76850f755b
Lidocaine HCL 2% in 50ml Injection,8021:1,02b08d6d-ad35-460a-af56-1e61c7edcf44,6bc927f7-1091-4e3c-b920-e90b3838b472
Cimetidine 100mg/ml in 2ml ampoule Injection,8021:1;8019:1,3cfde10b-71f7-4850-8e03-1d4e507cc3a5,dab02802-8f52-439b-83cf-fc75faa972a9
Theophylline + Ephedrine 11mg + 118mg Tablet,8028:1,61172f6b-989b-42f6-85ca-859f8a076099,af26be25-17c0-4c94-b007-c6564c05ca8c
Clotrimazole 200mg Tablet (Vaginal),8019:1,72857826-11e1-4e78-832a-19b2ce7597c3,280e2de6-13e0-41ed-a4a0-ea1b471b4005
"Loperamide HCL 0.769g, 370mg/ml Injection",8021:1,4ac67d62-5b66-452a-be91-30bc031a9a8c,c0655d70-9d5b-48b7-8455-1dde5125ce33
Digoxin 0.5mg/ml in 2ml Injection,8021:1;8019:1,731b97e9-c321-4944-9271-5e8877286f27,e077b72e-b6f5-4bdb-bb48-0bc2f806e3bd
Albendazole 200mg/5ml Oral Suspension,8002:0;8021:1,db20614f-e030-43db-93d8-46168b742c04,2708c578-4e6b-4e94-b127-76a35301acd0
Erythromycin 25mg/ml Suspension,8009:1,33f658a8-b146-446b-9395-ef6911d39516,cc7ca740-7522-4b76-890e-f0eb1aad2921
Erythromycin 50mg/ml Suspension,8009:1,935594ac-eca7-4954-b87c-f132716bf0cb,cc7ca740-7522-4b76-890e-f0eb1aad2921
Medroxyprogesterone Acetate 150mg/ml in 2ml vial Injection (Aqueous suspension),8021:1;8019:1,8468477e-e532-4072-84cc-56c40cf01b5d,5537975e-ce76-4306-8d58-764e240babdd
Strychenene Sulphate Powder,8010:1;8019:1,e3ef12f3-c56a-41eb-a5fe-19a52039caa4,fffd2f27-64d7-4fbd-84a3-b945bca45f6d
Magnesium Sulphate 50% in 20ml Ampoule Injection,8021:1,15b536e6-ad9f-47be-832f-1d38736ec52f,524ed0e0-18f1-4456-8eeb-aa255890ece9
Piperazine Citrate 700mg/5ml Elixir,8021:1;8019:1,e69d6cfd-c0bd-4c18-9d70-dac11205fb4f,b71ef433-1cec-41f2-b61b-c5b0b402457f
Didanosine 125mg Tablet,8019:1,b860cab7-81d3-492e-99d8-851d07fc15a8,aed97f5d-c903-4bb8-b832-887256b255bf
Didanosine 200mg Capsule,8019:1,52eb963d-af01-4e92-9cd0-7dfb87b27382,aed97f5d-c903-4bb8-b832-887256b255bf
Abacavir 60mg Tablet,8019:1,2c9c64f9-cbe7-45b5-87f9-9487d6e2a34d,81784543-73f7-486a-9d30-4e1347a3e651
Didanosine 400mg Capsule,8019:1,ac27d95e-217a-4ac3-8e14-13c218bf9773,aed97f5d-c903-4bb8-b832-887256b255bf
Didanosine 250mg Capsule,8019:1,3e33c313-7a4d-4324-b0ce-e7c25d95d044,aed97f5d-c903-4bb8-b832-887256b255bf
TT Vaccine (Adsorbed Tetanus Toxoid Vaccine) In vial of 20 doses Injection,8031:1,dc301d39-74c6-4c04-b96c-c96b239f17d9,f1da1e4f-f1ae-4479-80e3-d0fb66c85af6
TOPV (Trivalent Oral Poliomyeltis Vaccine) In 20 doses vial Injection,8031:1;8007:1,f427f6c8-d7e0-4d12-878d-5362c2602707,f964c1c6-1ba1-42dd-b2d7-79cd60f40607
Atazanavir Sulphate 300mg Capsule,8019:1,56726661-0eac-4c93-8a4a-fe62d85d0e21,d03d0ff8-45c7-408b-8214-1bde2d3eca95
BCG Vaccine In 20 infant doses Injection,8007:1,5516ba41-7b34-41d1-8520-fa5de963a359,dc63777f-026a-44f1-b05f-d0c359130a94
Didanosine 125mg Capsule,8019:1,1445d324-7588-49de-ab63-c1af80bcdf75,aed97f5d-c903-4bb8-b832-887256b255bf
Spectinomycine 2g with Solvent Powder for injection,8031:1;8010:1,71dd03c9-d384-42aa-9f45-a75617d42272,93eb27fc-a664-4bb4-af60-dcc67ad646c5
Morphine Sulphate 20mg/5ml Syrup,8021:1;8019:1,f3141d59-b131-4f41-8706-9512809d848e,d6fee6ef-6daa-4212-bba0-93e563dd459a
Iodized Oil 0.20gm Capsule,8010:1,00fc67a3-d9c2-4e0e-8472-f65044c09fb5,121788a8-43d5-43fe-8733-09a160b7de01
Chloroquine Phosphate Injection 200mg base in 5ml ampule,8021:1;8019:1,0eded9be-756c-40b0-b2ac-c1bab64f118e,7af06b07-54b0-40e5-937e-732ff83ad523
Artemether + Lumefanthrine 20mg/ml Injection,8000:1;8019:1,58774a23-fbef-4528-9bc2-759d8bc58866,61015b67-827b-4b52-a8c0-6f3a7e82b67f
Miconazole Nitrate 10mg Tablet,8019:1,64eff39a-f4ba-48d5-8985-0f25e6226de3,eab7f642-b76b-4ca5-ad3a-d99a5d347e31
Lidocaine HCL 2% in 20ml Injection,8021:1,8ea2b071-895d-4dd0-9a7c-fd833f755a9d,6bc927f7-1091-4e3c-b920-e90b3838b472
Meningities Antiserum Group C Injection,8009:1,d43ffaaf-ef6b-4097-a2ef-197cc9a4dbae,2ec73191-4efe-4de9-9ed4-fdc892219194
Yellow Fever Vaccine Injection,8009:1,68502fb9-58fc-487c-9421-e4de079554a3,94f634c4-e0c9-46ed-9321-b0aa10872c23
Meningities Vaccine in 10 dose vial with diluent Injection,8031:1,7f524b0a-7b3f-4cb5-8d25-f02eabb22a67,ee59850c-520e-4981-891c-045668f959d3
Indian Ink Solution,8021:1,c1e1d9ba-2c45-4a64-9b84-77f954f00bcf,8b0ef7bb-200c-42a3-9045-c7625ca6a259
"Aminosalicylic Acid Delayed Release granules, 4gms Solution",8019:1,66545755-4732-4a25-8b20-8f015c11641c,7dccaba5-a6de-47f0-965e-2b266b8bc07b
Ceftazidine 30ug Injection,8017:1,5c57efcf-931f-4a09-bb1c-b962ba9901d0,07a6a437-bee0-4474-a5fd-ccf68f11e5bc
Moxifloxacin 400mg Tablet,8019:1,d7ff9d8a-5c58-44e5-b9e1-962a5f5a1661,4d6b1c72-d22e-40b2-9726-f7f48f36070f
Paracetamol 500 mg Tablet,8019:1,46bf6493-7872-4158-8f4b-17f527f0bda4,cadb8343-e5ae-45f2-ab0d-4322eafb8038
Clomipramine HCL 25mg Tablet,8019:1,325f64f7-487f-43e6-8642-e29e14307f9f,f81a2f4f-ec0f-4707-9b43-d666ec12d61f
Fluphenazine Decanoate 25mg/ml in 1ml Ampoule Injection (Depot.oily),8019:1;8021:1,cfcd067f-afa7-4c53-bcd5-c79ba83f07e8,135df87b-96fd-4ae6-b100-8927db6b4b2f
Mycophenolate Mofetil 500mg Tablet,8019:1,8786c84d-7a66-4474-aa51-422aef7ca7e1,f832fba4-6142-403d-81e6-66285b2c467d
Tacrolimus 0.5mg Capsule,8019:1,9fc18384-ef04-4efa-b138-8938d7326326,99e03c97-876f-4354-aa3f-f87eb822752e
Tacrolimus 1mg Capsule,8019:1,fb9de2f2-6da1-476e-a26b-f9f85c4ab4bc,99e03c97-876f-4354-aa3f-f87eb822752e
"Vitamin D 200,000 IU Injection",8013:1,7ba6d1c2-0674-4604-8c09-aa56d3ad56c4,ec082c3c-1be3-41fa-834f-e19afc001c9b
Dextrose 5% In Water With Giving Set Injection,8021:1,b988ef66-269c-42c4-9732-5ac66f80b11f,0afe1abb-e974-4655-923c-3fdfc7623c58
Levonorgestrel(D Norgestrel) +Ethinylestradiol and Ferrous Fumerate 0.15 mg + 0.03mg +75mg Tablet,8006:1,c4493163-84e8-47cc-86c9-d577168f097c,e6db5bd2-5b59-4df7-8a3f-3a10ffc459c6
Cyclosporine A 25mg Capsule,8019:1,5348b481-1ef4-4d94-b07b-8208426ffb75,21a602a8-d5cb-4817-83d4-b3ab694752b5
Yellow Fever Vaccine in ampule of 5 does with diluent Injection,8000:1,55f7a3fa-761c-47a3-8d68-a525ae4e76de,94f634c4-e0c9-46ed-9321-b0aa10872c23
Rotavirus Live Doses,8031:1,f76f1e51-dae7-42f6-813e-116cc90d9dcb,fdab668d-5d3d-4548-85d5-f6974b899373
Prednisolone (Predin pack) for 12 weeks Tablet,8028:1,24d5800b-e9c0-4fc9-910e-6a01c0854788,a1247ab5-5103-4a2b-b64d-1de1db745560
Pandemic Influenza Vaccine H1N1 V with Daluent_,8009:1,4aacf2f7-0273-4e22-83d3-1beeec0d48e1,2d34262e-9928-4bdb-9bc0-25cb39706ab4
Dipyrone 500mg/ml in 2ml ampoule injection Injection,8019:1;8021:1,e05f6852-aa3f-4677-bcd0-8868b54443c3,6788d12f-2ddc-448a-8dd5-944d97b06ad7
"WHO Diarrhoeal Disease Kit ""Basic Module"" Comprising drugs ,renewable Supplies,equipment and documents of 86 Carton (Kit 2) Pieces",8016:1,978d4097-9bd2-4e14-a118-550140c01341,e0375c02-be80-4902-9409-95e6add748d4
Azithromycine 250mg Tablet,8019:1,2efec0e8-60bc-4331-b94e-c8151de2232c,e43478ef-51c7-459c-b267-58b9f8a41fcc
Pyrazinamide 400mg Tablet,8019:1,dd0b53c8-2778-423e-96e8-2e00c5b4a1c5,d5ae09de-b975-440c-bc8a-823a908352ac
Sodium Stibogluconate 30ml Injection,8021:1,39f83cd1-1781-42a6-b430-af660bcdddfb,eb84a070-19d4-4aa7-906d-9c1886f3b0d2
Levonorgestrel ( Jadelle ) insertion trocer of 5 pcs Implant Capsule (Subdermal),8009:1,ee486a3a-8140-4f52-b902-da2f0636c641,63a3675a-d22d-43f1-afcc-10d2edc7f323
"Anti Haemorrhoidal suppository(hydroc. 5mg, framycetine 10mg, cinchocaine 5mg, esculoside 10mg) Suppository",8027:1,72b78b87-13f8-4c17-b892-2ae3360b9b67,75d09c42-9c96-4b0d-8366-6569de192ead
Vitamin B1 + Vitamin B6 + Vitamin B12 Injection,8009:1,04f3de36-b7ae-40ad-8073-bf1698059cf6,af44cfc9-6b8f-49ad-aebd-c2751697eb38
Gentamicin Eye Drop,8029:1,e55a106b-dd67-4e90-9d6c-7935268fa37c,b6871d46-d18c-4d79-b455-9ea18c35f907
Cyclosporine A 50mg Capsule Capsule,8019:1,e0942415-a5a7-4a61-a7e1-ab74d2066662,21a602a8-d5cb-4817-83d4-b3ab694752b5
Cyclosporine A 100mg Capsule,8019:1,72c9bb7f-0a33-4805-8493-0dbe932c1538,21a602a8-d5cb-4817-83d4-b3ab694752b5
Sodium Bicarbonate 7.5% in 20ml ampoule injection Injection,8021:1,8f8dfdfe-128f-4afe-977c-6e9b08ba4c2f,351fab8e-6966-4ab1-8d4b-aa708c8f09c1
Etonorgestrol ( Implanon ) dumy rods Implant Capsule (Subdermal),8003:1,955748ac-4347-412c-8a76-0435eac73794,7d27b393-d87e-4e42-89f9-7dd1491b628d
Kanamycin Sulphate 1gm/4ml Injection,8021:1;8010:1,ee001fb4-7b14-4e72-9755-7eab2d27eca9,bb4a4dec-2f76-43f2-a5f3-9834c61c0d73
Oxytocin 10 Units/ml in 1ml ampoule injection Injection,8021:1;8030:1,6183da99-503c-44fa-a69e-286e8c7b70d8,fff887b5-5b18-43cf-91cd-47d9aae449b3
Levofloxain 250mg Tablet,8019:1,09bf7a11-634b-4502-ba3e-3c98082475b7,1cb1adb7-fb99-4c73-b699-0042e5c5c556
Metoclopramide 4mg/ml Oral Drop,8021:1,fd8b1901-55d0-4c61-9329-139f370cf707,2ed8b06c-aaaa-4048-9b84-e7e0d11d25e0
Cloxacillin Sodium 125mg/5ml Oral Suspension,8021:1;8019:1,4ab5e7ee-96e0-49c2-99d9-868348128c77,59961191-19e8-4adc-9062-c5d8268bc012
Potassium Chloride 150mg/ml in 5ml ampoule Injection,8019:1;8021:1,2cb2b426-b50e-4180-8b79-e76cdd7380eb,82228508-9ed0-4ace-b80a-3b26cf323346
Artesunate 200mg rectal Capsule,8019:1,69cda1cc-3059-46d5-9486-72473767d910,cd0b5f4c-9012-45cd-a10e-6d7c149c9981
Morphine HCL 10 mg/ml in 2ml ampoule Injection,8019:1;8021:1,4d1561ff-bec0-4222-860e-cb83d999d2e3,52545083-c8e7-4164-aea8-5c6b3541fe10
Morphine HCL 10 mg/ml in 3ml ampoule Injection,8021:1;8019:1,67d79e88-5319-4df5-b892-857c99e184fc,52545083-c8e7-4164-aea8-5c6b3541fe10
Metronidazole 100 ml Injection,8021:1,545fe5c7-45ea-4b70-8911-d3b33140eba1,fdc15df0-53c4-4355-8253-6da000693c4f
Propofol 10mg/ml in 20ml Injection,8019:1;8021:1,72d0cbc8-087f-4ffc-a8d7-b9b15a1267d8,ab8857ad-9644-4075-9e46-e6a644de41ba
Vincristine Sulphate 2mg Powder for injection,8031:1;8019:1,5692b3e0-db80-415b-9ee1-a9510984589c,3c69eafc-7439-4804-8036-ca72eb3736d3
Kanamycin Sulphate 700IU Injection,8013:1,4316b5f0-dc1b-4109-b719-210996380b0f,bb4a4dec-2f76-43f2-a5f3-9834c61c0d73
Neomycin Sulphate 750IU Injection,8010:1;8013:1,63d32b85-435b-4eb5-9e8d-0b82694c611b,ca47417f-8717-4c30-a14d-6bb9d41d6480
Ritonavir 100mg Tablet,8019:1,02b1fbfe-f966-4008-8780-633d53e1af01,880ddd9a-5898-4db2-bbc9-738c5b8195df
Bicalutamide 50mg Tablet,8019:1,7d9be9f7-66cc-497c-acfd-0de6657b37e6,ba361783-8e5b-4756-baeb-0a0e1ae49650
Ifosfamide for injection 1000mg Injection,8019:1,7b922812-60e1-4e53-9c7a-4fcc1e6ca549,3b1be442-945d-43df-b492-bf7ec7f0d8bc
Fluconazole 100mg/50ml solution for iv infusion Injection,8019:1;8021:1,f7a3fa81-dfba-47d8-9e57-15a181a43a7b,43c52bd0-d39a-41e9-a0e2-c032b98cc503
Resperidone 1mg Tablet,8019:1,b8c19ebd-586a-4354-ae45-75f9cea96c6e,2cbf56bd-f637-4fb2-a8c1-33469aebd676
Resperidone 2mg Tablet,8019:1,5ff3d5a8-133a-461f-b1b7-1ee502e3a554,2cbf56bd-f637-4fb2-a8c1-33469aebd676
Thioridazine 25mg Tablet,8019:1,39b6fa2c-c18e-4a57-b00f-19ecf1f49232,774ff812-013c-43a3-8ad2-72e5859b2053
Sodium Chloride 0.9% 5ml ampule Injection,8021:1,d00e35c4-b168-4e58-813e-62444f563ff5,8f8f2b2d-debd-49a5-bac3-752f5c81dedb
Meningities Vaccine Multi Dose Injection,8031:1,ac202c0b-77f5-49d7-a08f-2e6520b3ab04,ee59850c-520e-4981-891c-045668f959d3
Meningities Vaccine Single Dose Injection,8031:1,f86bc470-d4bc-4f5d-8578-50f3df794b2f,ee59850c-520e-4981-891c-045668f959d3
Mifeprostone + Misoprostol 200mg + 200mcg Tablet,8028:1,ada28472-8fcd-44fe-8139-6c23b056e38d,de6e384a-df36-4821-b1c7-427485ac9b67
Mesna 100mg/ml in 4ml Injection,8021:1;8019:1,50e230f8-0327-42db-83f9-badc9408a704,be7efa5e-b1d1-4d11-a454-9b799951d1eb
Tamoxifen Citrate 20mg Tablet,8019:1,0cebfecb-39dd-471c-b548-bfd87d231863,1d6413b9-65b8-4dab-a667-68a0352a17a9
Codeine Phosphate 10mg/5ml Linctus,8019:1;8002:1,485fb4f4-c27a-480b-b2e2-dc0968f2b798,71b2cfee-0482-496a-b7ff-7240f5a3be26
Folinic Acid 15mg Tablet,8019:1,3c331eb0-057e-4660-ad62-c62c9b39959f,59e5936c-b10c-4ab2-86e9-21088dd6060c
Sodium Bicarbonate 8.4% in 10ml ampoule Injection,8021:1,7c01c6d6-1381-4d79-88b3-c9d148a2544a,351fab8e-6966-4ab1-8d4b-aa708c8f09c1
Folinic Acid 10mg Tablet,8019:1,0a121752-925d-4d1f-aee4-c5d85f1d2a41,59e5936c-b10c-4ab2-86e9-21088dd6060c
Efavirenze 200mg Tablet,8019:1,d6116056-db14-45e2-8e14-2deabf845de0,88779bd3-fb05-4a4a-ad74-be05258ccea5
Artesunate 200mg Tablet,8019:1,85003cfb-bbb6-4bf4-9843-6bc950a00c46,cd0b5f4c-9012-45cd-a10e-6d7c149c9981
Ferro Zinc C Capsule,8003:1,3a2cd033-053f-43d3-ba2a-753234153681,41d03657-82a9-4542-9169-142967416dc2
Camphor 500gm Powder,8019:1,bccf0554-4d92-4e97-b3f0-db85fa190b28,4ce72888-1e90-49b0-9944-b88187b34d2c
Viscoelastic Solution,8009:1,08da277f-9ca3-4ada-a28b-f0a7ecdec3c9,094e2e8b-8e9d-40fe-bfb5-abf3de17ce2f
Bronfenc 5ml Eye Drop,8008:1;8021:1,70a07db6-f1e9-4489-a993-56a80bf0a4db,7647be3e-f7f8-43f0-9b16-a88499a5e991
Chloramphenicol 0.5% + Dexamethasone 0.1% Eye Drop,8009:1,6137a590-4295-482b-824c-2adf0107a713,2ebe9bfd-c1d4-414a-bbb8-48bedfb7751d
diluent of meningococal Injection,8009:1,ca6481cd-62b1-468d-bc2e-4aea3ed1ee2d,2533d6c1-9b80-4d08-999c-6b6d322467c0
Yellow Fever Vaccine In Ampule of 10 dose with diluent Injection,8000:1,ded541e9-20e9-4a63-80c8-8157a767c1d1,94f634c4-e0c9-46ed-9321-b0aa10872c23
Magnesium Sulphate 50% in 10ml ampoule Injection,8021:1,1abf75c8-f12c-4f91-8222-07412bd2b4e7,524ed0e0-18f1-4456-8eeb-aa255890ece9
Meglumine Antimoniate 1.5gm in 5ml Injection,8021:1;8010:1,e4493944-d5dd-4cd6-961e-472ea5e4d063,b7d00f92-e40c-4c6d-ac9d-e001becc310a
Potassium Permanganate Tablet (for solution),8028:1,bd7c0164-36af-4df6-b7be-af184f2f890a,74511675-62cb-48ca-a60d-31fa71a52a1d
Filgrastim 300mcg Injection,8017:1,3c962b56-1f31-43c1-b733-44c6cc34030f,6543a51e-5e31-4915-83ff-23f3fc53e065
BOPV(Bivalent Oral Poliomyelits Vaccine in 20doses vial oral drop,8007:1,91538fda-733d-4ece-a5fe-2f0509fb7525,8adc3a84-35f3-4168-8435-2f29e0dfd71c
Propylthiouracil 50mg Tablet (Scored),8019:1,249fb5a4-aa72-459c-bedf-66728a859cfa,c423c575-cd76-4b5a-84b8-fc067279f5a3
Atropine Sulphate 1% eye drop,8021:1;8008:1,9975ca0a-7dd3-4f09-a7aa-984fe82c69bb,bb4318a7-9de1-40c9-bbdb-33f63c8b2bbd
hydralazin hydrochloride injection 20mg/ml,8021:1;8019:1;8009:1,e841ec4e-45dc-4683-8871-b2805c02e865,8b1184f8-4d01-4407-98d5-e7d529864dd6
Thymoglobuline 25mg/5ml Injection,8019:1;8021:1,7fc423e3-fe3d-4905-8a64-6b6f5654c4b6,9452a874-ff0b-4c20-8e80-087adaffe1f2
Capecitabine 500mg Capsule,8019:1,ae64c2e3-f076-4452-9cc9-4b4e86af0c30,9d89f1e8-945e-458f-bfb9-df1a8cebe913
Addis Cure (Doxycycline 100mg + Ciprofloxacin 500mg),8016:1,ab73baed-9dd0-4c82-8b96-925e3ac76ba5,5f0add2d-c5a9-4330-92c7-8ff20001d61e
"Nystatin 100,000IU Cream",8013:1;8010:1,dd9101f2-48da-4881-ad49-5bd2ea9ed0d5,8b867d47-5d4d-41f9-9b0a-04771c4b83a6
Bleomycine sulphate 15 IU,8013:1,e12c586b-9370-41f5-b96c-3cc762967324,60df0148-5db9-45df-835b-9c035592eea4
Fludarabine 50mg inj,8031:1,3d66023b-8274-46b1-8c7f-4c1fc34a4483,f74c0c4c-8623-44f4-b39c-294ab2434bba
Carbenicillin 100 micrograms,8009:1,fe6ab126-f1d6-44c6-adef-630952a7c995,1cce67c0-1ce8-4192-b534-a48efc21eefb
Carbenicillin 100mcg,8009:1,e6dccf81-d04e-4ad6-8cb3-6c656e05bb7c,1cce67c0-1ce8-4192-b534-a48efc21eefb
carboplatine 450mg inj,8019:1,1f65c635-e528-4cef-8f7a-3dbe98db7605,ce794990-ff02-4f69-8f58-e027c61c801f
Methyl Prednisolone 500mg pawder with diluent for injection,8019:1,f10a95a3-b37a-4250-9738-1542e417c38b,964a5b92-c431-4989-ab9b-58f58209a68e
meropenem 1gm Injection,8010:1,32005cef-9b1c-49fe-abb6-a747fd4d75da,16c5a324-92cf-4a3b-8e82-96a04ff71227
meropenem 500mg Powder for injection,8019:1,9c445d87-fe7a-411f-b20f-5033a0fb0958,16c5a324-92cf-4a3b-8e82-96a04ff71227
Therap Diet Sachet F 75 102.5g,8010:1;8025:1,acd0f841-1ea5-431f-9ed0-72e0b5cb7269,24949a67-9a08-4d8e-b47f-5d9d0bb4b54c
Therap Diet Sachet F 100 114g/CAR 90,8010:1;8025:1,50f1a359-6313-4c7b-b826-8fc50b95dc78,24949a67-9a08-4d8e-b47f-5d9d0bb4b54c
Dexamethasone 4mg Tablet,8019:1,dd618e17-6ebc-4c14-88ad-d25326255e51,3e8c8a91-deb4-47aa-8d70-f6b041c1135b
Azithromycin 500mg Tablet,8019:1,ea58f9fb-4ccc-4d07-bfa8-ee4fefe1a952,3d1b75dc-804f-4f09-8a1e-46b7ae036eb0
Diclofenac Sodium 25mg Tablet,8019:1,eac574d7-eee1-4d2f-a22e-e7d2fab045d8,ac596700-5446-4c02-81e5-cc780905662d
Lorazepam 2mg/ml in 2ml Injection,8019:1;8021:1,f20fce6f-43a0-47d2-86b4-bfea2c262948,9c663c9a-3a1a-48f1-bb69-a102470e7b29
"Sodium Chloride 9% Diluent, 6 x 22ml Solution",8009:1,f9fed93d-a660-488b-82dc-931db5a518db,8f8f2b2d-debd-49a5-bac3-752f5c81dedb
Lidocaine HCL 1% in 20ml vial Injection,8021:1,82f8ebfd-4b5c-4833-893f-21d7b863f631,6bc927f7-1091-4e3c-b920-e90b3838b472
Calcium Folinate 10mg Tablet,8019:1,f118b711-5e43-4cf3-b05f-12642b3ebfab,611494e8-abc0-42d5-9c8f-7138faaa709d
Aciclovir 250mg Powder for injection,8019:1,8e6d6d4f-7390-4de0-a4d4-72af2b97b197,31a86d4d-b66e-4be6-9b36-9908646a4dc0
Bisiliximab 20mg in vial Injection,8019:1,4118194e-6825-4ad3-87b1-81489ef54daa,e91f7083-533c-47a0-96a5-957231007d57
Acarbose 50mg Tablet,8019:1,02138416-0ed3-4d49-9f31-7ae227e2bbab,5092d7b2-4bbd-4da8-b9eb-c700b4f4e036
Cyproterone Acetate 50mg Tablet,8019:1,8c2c27d8-acf6-4c2d-aacd-99b2c2034f14,57606894-ddf7-4324-8c89-97c66c07752a
Pentazocine 25mg/ml in 2ml Injection,8019:1;8021:1,c5f76b00-730c-44a8-abf6-a4b5aad406b1,3eee05ea-dd72-41a4-8343-95f94a9bb091
Nimodipine 1mg/5ml Injection,8019:1;8021:1,744d1757-4d0c-47d0-a6e4-18408d1c28b9,acf4b1ac-d7e4-46a9-a749-515a8c9a9ae3
Nimodipine 30mg Tablet,8019:1,cca610b7-f87c-4dbb-89bc-7b4f9e7bd91e,acf4b1ac-d7e4-46a9-a749-515a8c9a9ae3
Bisiprolol Fumarate 5mg Tablet,8019:1,63fac3a9-7ee8-4cf6-af49-483f5602fc01,22efeef9-db56-46d2-8ab9-c33cc5be002a
Valsartan + Hydrochlorthiazide (80mg + 12.5mg) Tablet,8028:1,75e50b2d-9176-47ef-9a3d-409df042450d,e7a30ea1-27e0-4ad0-ae94-96745ddbea7d
Atrovastatin 20mg Tablet,8019:1,71d7e523-4e52-40d1-bf85-3090d1b66b63,3bdd36e6-e6a4-49b8-845d-3612c55148f8
Irinotecan 40mg vial of injection Injection,8019:1,d056b7bc-ed52-4388-be76-f0ec731dbd02,94043534-b075-42cf-bfae-14e8c2a81d12
Vardenafil 10mg Tablet,8019:1,46d16f2f-f4a0-4dff-8d6b-77709bf06670,99dedadd-d1e7-4766-a962-1c02685a8ac6
Lamotrigine 200mg Tablet,8019:1,a4c76e14-3262-47ed-9791-877578158c1c,cab0f78c-1adb-4d76-9500-9bd8ee4ada59
Lamotrigine 50mg Tablet,8019:1,675c581a-d625-4993-9c91-24ac51530c73,cab0f78c-1adb-4d76-9500-9bd8ee4ada59
"Amoxicillin 250mg, dispersable tab",8019:1,db1b5a4b-ce96-4926-ba28-c6f5e217798a,5b40dc12-8cb2-4e18-a5ee-ef9f547dbb9f
Iron complex 100mg/ml Injection,8019:1;8021:1,073ce1ba-cb5e-4fab-91eb-317b1255e4fc,5173bb5e-9195-42e4-80ef-0220dc8bd263
Paclitaxel 100mg Injection,8019:1,86140b2c-74ba-45e1-b2e7-7519c87f25c0,f1d467f5-58e3-4d98-bd5f-0a780ab2f1f2
Sulphamethoxazole + Trimethoprim (80mg + 16mg)/5ml Injection,8021:1,5639e310-8403-4898-b5e4-dd19c5cf843c,8fc8c5d7-107d-42a6-b81e-fc017481ca58
Methotrexate 15mg/3ml Injection,8021:1;8019:1,9a23c015-93bb-4314-a386-33985fb26d2e,220c7890-ef7f-4e7a-9df8-33df6c44e981
Isoconazole + Diflucortolone (1% + 0.1%) Cream,8010:1,9c983453-f48f-4003-b5af-b0813a818888,a8169f13-8755-425f-b492-071b316dcb99
Gliclazide 30mg sustained release Tablet,8019:1,0d2bfe24-ebe6-43a7-b78b-ab1d58e939c5,e3227ed6-b26c-4459-96f8-f9f2391477a6
Ketoconazole shampo 2%,8009:1,c287ed93-719c-4f04-953b-ce037f773723,ebd9878c-2146-43d5-82b4-22733bb58f56
"L Asparaginase 10,000 IU Injection",8013:1,dc593844-cb90-4e78-9c2a-9f1492da92e2,6392ca73-ee00-458e-87f7-48e03d715099
Sodium Bicarbonate 8.4%w/v in 25ml ampoule Injection,8021:1,af4d22b6-3ff0-4347-b5e7-9a204973c9e9,351fab8e-6966-4ab1-8d4b-aa708c8f09c1
Mycophenolate Sodium 360mg Tablet,8019:1,98fc02a2-4bda-4de7-b239-a1821b306edf,025ee2ee-a7f2-410b-a1e6-5643a82bde1d
Nilotinib 200mg Capsule,8019:1,1f838ea8-cbad-48ef-aa35-884997dbebfd,50c302c2-b710-4bcb-a042-8e6e84605ee1
Rosuvastatin 5mg Tablet,8019:1,c8b45174-4143-49b1-81b3-e4bfeb09e428,aefc396b-a95b-4748-b463-3737808f10fb
Procarbazine HCL 50mg Tablet,8019:1,42ea9160-3ec0-4e53-8f8f-b13f4e2185e7,208922d8-38ec-449b-ae27-d515ce94c40f
Goserelin 10.8mg Depo Injection,8019:1,036d5595-7e32-41c8-ad6e-655e99d5ff44,5d585a8a-45dd-4b3a-b05f-379bbd474a06
Latanoprost + Timolol Maleate 0.005% + 0.5% Eye Drop,8008:1,94b8526d-7ac6-4180-ae08-ed510c74c88c,2ce284c9-a3e3-48ed-8c97-ff124a699c00
Zinc Oxide 15% Cream,8010:1,d95ff6e2-d3a0-4e2d-8a1d-e3cc6614ea67,8a9a2967-4ea8-4710-b7e6-3051a4053f8f
"Ciprofloxacin Powder, 1 gram per each unit",8010:1,b7949e02-e358-461c-8483-42a61ba7f811,f8e5dce6-bbf4-416e-9966-f08e47613771
Rosuvastatin 20mg Tablet,8019:1,2be497b4-056c-4484-8689-8dfc10573093,aefc396b-a95b-4748-b463-3737808f10fb
Ursodeoxycholic acid 250mg Capsule,8019:1,e5aaa00b-3256-4e2e-9761-00bae14722d1,5e21efc1-28d2-416a-82bf-d8f6fea4fe49
"Sulphametoxazole powder, 10 grams per each unit",8010:1,47339bd2-708c-4a44-98c1-321468b0d963,537d6277-0af1-4688-aedc-55c16fb07081
"Trimethoprim Powder, 1 gram per each unit",8009:1;8010:1,aad2594b-2c45-4de7-b0e5-81ced6a73e0f,045491d2-cfbc-4aaf-8dfc-cc8f7eb01ff6
Neostigmine 2.5mg/ml in 1ml Injection,8021:1;8019:1,4fe2f848-a71d-4edb-b604-35fb94bf87bf,bf5d44f2-ba3d-4b14-be1e-bbe1ea7a9442
Lorazepam 1mg Tablet,8019:1,64a3af17-cedd-41e8-b1dc-85021ef51651,9c663c9a-3a1a-48f1-bb69-a102470e7b29
Human Papiloma Virus Vaccine GARDASIL 0.5ml 10x1Dose vial,8009:1,1f80eb50-5ce1-4d6a-a604-e2ff097ebeda,40657a0e-6df1-424d-bd23-a261457c6fbf
"suceptibility Indole reagent droper, of 50 psc",8009:1,e8cf791d-7a36-467c-a4cc-78b2a35814d0,a87ff94d-445d-450c-8e63-9821c6a37318
Esmolol 10mg/ml Injection,8031:1,e07a9983-4a8b-47d6-aa6a-17d60875412d,8efa26b7-6cdb-47f4-8ad7-5cec04a97e89
Finasteride 5mg Tablet,8019:1,0886cbbd-27c3-47bf-aa36-ca81faa6d0e2,0afd2c75-c480-412f-b7c8-5e3484f82e2a
Flutamide 250mg Tablet,8019:1,57931ea2-443d-43d3-8c66-514aa0ad0c1d,ce4a2f6a-4003-4ff1-bfd4-314ff013a48f
Linezolide 600mg Tablet,8019:1,2fc216f2-292a-4549-9b48-8014c3b14984,d17898d6-2ecf-4e7a-9016-ab8771c38033
Labetalol Hcl 5mg/ml in 2ml Injection,8019:1;8021:1,b521bb39-a6fb-48c0-9e48-cad271bc2dca,7a70c2ed-dfa0-42fd-b924-cbb9ea78c0e1
Nifedipine 30mg Tablet,8019:1,6854df79-7ee7-41c4-8db5-37d300bac646,34da515b-26d1-4df9-83e5-3201e3ed6e6a
Paracetamol 120mg Suppository,8019:1,7d52f3e4-6b94-441f-b60e-44b14a769228,cadb8343-e5ae-45f2-ab0d-4322eafb8038
Candesartan 2mg Tablet,8019:1,ed01d226-7370-433e-8d3a-fc8bbb430962,c476b352-cc16-4319-ab13-539f66912971
Atrovastatin 40mg Tablet,8019:1,0131184e-782b-4e0b-a4a5-0e56e8a45b4d,3bdd36e6-e6a4-49b8-845d-3612c55148f8
Erythropoietin 2000IU in 1ml vial Injection,8031:1,9bfe1505-a6ab-4409-a7cc-394e012233e2,411ad0d1-1aa4-489e-bf18-3a8a06a6667b
Atenolol 25mg Tablet,8019:1,d28ac3da-c155-4f1a-9be7-6566e367f362,f80f6035-a862-476f-933c-5edad6c70e27
Isoflurane 250ml Inhalation,8021:1,2b4e1dfb-1dcc-42a7-bb37-6ee23ef15e5a,1df6c3ee-bc92-4202-a8e8-9754eba087a5
Mebeverine 135mg Tablet,8019:1,730e2941-b31c-4982-a229-d65576cfcc52,10564c88-39e5-482e-8cb2-b69309123a1f
Phenobarbitone (Phenobarrbital) Sodium 30mg/ml Injection,8021:1;8019:1,fb900c3f-7793-40d0-bb37-b1d77ebd4cd7,3f0b5c6f-95ab-4b61-bde9-d1e2d2dae321
Labetalol Hcl 100mg Tablet,8019:1,42ec3437-d97e-48ec-92f6-b2000ab55de1,7a70c2ed-dfa0-42fd-b924-cbb9ea78c0e1
Azithromycine 200mg/5ml Oral Suspension,8021:1,18291707-bd4c-4614-968d-1c3818a693e6,e43478ef-51c7-459c-b267-58b9f8a41fcc
"Ceftriaxone 250mg, powder for injection in vial",8019:1,1fee1e02-f681-448c-b02e-4e5d6d3d762b,465afd31-7b55-4add-896b-19e84fd92ca2
Etongestrel (Implanon) single rodw subdermal Implant with Applicator 68mg NXT(new generation of implanon),8009:1,c9919623-2559-4dff-9c59-09b63e073b80,c48cbfaa-2c47-4ee4-82fe-bce03cc5c838
ReSoMal 42gm sachet for 1 litre Powder,8009:1,db2146b0-e92f-48fb-8471-95e3489d2b14,3ae06f5c-e48b-42d1-a1d5-e7bcf92bb07c
Bupivacaine 5mg/ml in 10ml Injection,8021:1;8019:1,a0401a28-22a7-4742-b964-2229cfe3ddce,65d1aed6-66ef-427a-b74e-2b72eccaf97f
Paroxetine Hcl 20mg Tablet,8019:1,177e4d81-7db6-4af1-bc10-18550be17108,c2acaceb-f5fe-4f9b-9e62-c24ab537dc14
Addis Cure (Azithromycine 500mg + Ceftriazone 250mg inj. + Water for inj. 5ml + male Condom+ syringe 5ml),8016:1,482b5c89-a247-439c-b985-bc74367593af,5f0add2d-c5a9-4330-92c7-8ff20001d61e
Chloramphenicol 0.5% Eye Drop,8021:1,b4e8ab04-f6f8-498c-aaa4-10c25d7bbdc3,2ebe9bfd-c1d4-414a-bbb8-48bedfb7751d
Doxorubicin 10mg/5ml Powder for injection,8031:1,ca44caf0-4a87-4f7b-9d6a-38a802c1c6a9,87e8faa9-785e-498b-9a9d-a40f0a547abd
Morphine Sulphate 5mg/5ml Syrup,8002:1,0347b926-7731-413e-960a-1de27d235a94,d6fee6ef-6daa-4212-bba0-93e563dd459a
Bedaquiline 100mg Tablet,8019:1,13b18c0b-352b-4b27-9dfd-e68c8363c133,58832ac9-d58b-412b-9655-8cb5c86e8969
Linezolid 600mg Tablet,8019:1,342525e1-d90b-4601-9a82-c691f7252656,80edc292-3378-4f5c-8a92-063e5e879330
Tranexamic acid 500 mg Tablet,8019:1,5e508737-6023-4192-a186-71ed56ba280a,f8242119-4e03-43eb-a019-9ced3950fa57
Eyefill H.D. with IV Canula,8009:1,da5526ac-9f91-414e-9e56-fe5fbd5154f4,fc887f5a-d797-43a8-bacf-210029c50414
Lopinavir + Ritonavir (80 mg + 20 mg )/ ml Oral Solution,8021:1,62b2b527-537f-404b-a8ef-5c15bb6315ef,015b1c96-4b91-4275-944d-d68a5af07d30
Tacrolimus 2mg Capsule,8019:1,f3db2db0-d4d6-4b4e-b512-cc787f32818d,99e03c97-876f-4354-aa3f-f87eb822752e
Water Treatment and Purification 8.5mg Tablet,8028:1,051acd4f-3ee5-4a5e-a9ec-3f336a61a9b3,49f9cf77-a011-479c-8361-87cb1a6bb0aa
Water Treatment and Purification 67gm Tablet,8028:1,b0ea7532-428b-4c73-9b40-7a63423fb58a,49f9cf77-a011-479c-8361-87cb1a6bb0aa
HPV Vaccine Injection,8007:1,fdf98f0c-7489-4efa-829c-ba8e2ff7c44b,a936278e-782a-44c2-89dd-ae315eb2bae2
Stabilization Center Kit for Emergency Health and Nutrition Containing Item No 1 19 Pcs,8009:1,2502bbf4-92e3-4b9e-a2f5-e256e69c00fd,f5c785f9-e041-475a-8738-307c562ca906
Loperamide HCL 2mg Capsule,8019:1,7260a7bc-5a57-4c68-a99c-c94a77670773,c0655d70-9d5b-48b7-8455-1dde5125ce33
Lithium Carbonate 300mg Capsule,8019:1,dec3553a-813e-4f82-8a26-4bb1cb0ac18c,1e74d753-e434-431b-8216-cc86b52d86c2
Methotrexate 50mg/2ml Injection,8019:1;8021:1,2dda0305-d014-4cb9-80a0-b0b1891b209f,220c7890-ef7f-4e7a-9df8-33df6c44e981
Paclitaxel 100mg/16.7ml Injection,8019:1;8021:1,b47eea29-817c-4368-81f3-aad00aad3e41,f1d467f5-58e3-4d98-bd5f-0a780ab2f1f2
Rituximab 500mg/50ml Injection,8019:1;8021:1,44614fb6-6ccb-49fd-8047-b88c928ce7f3,cfba7508-3cb4-4aa7-9325-e4e70b289bd0
Diclofenac Sodium 1% Gel,8010:1,4e19482f-72c4-4872-bf03-797aa99e4915,ac596700-5446-4c02-81e5-cc780905662d
Gabapentine 300mg Capsule,8019:1,d770c5b4-b01a-4071-a257-8ea200a6781b,202fbbee-215b-49d3-a761-3b85add2ed95
Calcium Carbonate 1000mg Tablet,8019:1,14cb3c9c-3e92-451b-b1de-b8873361e9d7,f9b534f9-5e13-4401-88cf-1a156779e082
Atracurium Besylate 10mg Powder for injection,8019:1,1147876e-1763-44ca-a451-26cc969268f1,12d5cd76-2e69-466a-98ce-b1e57a874922
Bisoprolol 5mg Tablet,8019:1,bf71fd57-17a2-4d8e-95ea-0238a48fcf5b,79ca354b-0d57-4156-8dab-c0ec2a990675
Celecoxib 100mg Capsule,8019:1,6069df37-fa80-4499-a9af-fc7bce75b533,4829d3b7-6bef-47c5-97bc-7e2ce2f7213c
Meloxicam 15mg Tablet,8019:1,96b491d7-0c65-4a9e-a493-56d5010283f7,069ab125-11e4-420c-820c-5549870c77a7
Erythromycin 500mg Tablet,8019:1,e803b6ce-5a84-4bea-ade0-db02a6c75ef7,cc7ca740-7522-4b76-890e-f0eb1aad2921
Ferrous Sulphate 15mg/5ml Syrup,8019:1;8021:1,ee638bd6-c78f-4973-a0a8-384d1c693302,6ea4c869-f60c-4e4a-8f09-6b4cb0e8a2fd
Alphacalcidiol 0.25mcg Capsule,8017:1,0e8229f9-cbe5-4d5b-b752-88fb1a07f1fc,c93a7dee-0c51-4b9e-a0d1-653366c75964
Clotrimazole 100mg Tablet (Vaginal) with Applicator,8019:1,de01d0f1-e905-4b91-8a5b-01106a9871ec,280e2de6-13e0-41ed-a4a0-ea1b471b4005
Ferrous Sulphate 125mg/5ml Syrup,8019:1;8021:1,ea544b0f-4fa6-4500-a984-c3a2841db9fe,6ea4c869-f60c-4e4a-8f09-6b4cb0e8a2fd
Nifedipine 40mg Tablet,8019:1,7a5ec682-90cd-493c-8fbc-2ad51b5e450c,34da515b-26d1-4df9-83e5-3201e3ed6e6a
Propylthiouracil 100mg Tablet (Scored),8019:1,0fe1ac43-1715-4530-9d10-91b976547aac,c423c575-cd76-4b5a-84b8-fc067279f5a3
Labetalol Hcl 5mg/ml in 20ml Injection,8019:1;8021:1,90009db0-15b6-48f1-832f-2062ffb071a3,7a70c2ed-dfa0-42fd-b924-cbb9ea78c0e1
Abacavir + Lamivudine (600mg + 300mg) Tablet,8028:1,daf6110d-fc47-4735-997d-22a4742349ed,da4e6c78-193b-44a2-8209-7991bb3eaa07
Gentamicin 10mg/ml 2ml Injection,8019:1;8021:1,bbd3fed6-ee7a-4bf6-bd29-7e23bf216f63,b6871d46-d18c-4d79-b455-9ea18c35f907
Theophylline + Ephedrine (120mg + 11mg) Tablet,8028:1,e7f70dd3-0864-4423-a646-1d1e7cfac8bc,af26be25-17c0-4c94-b007-c6564c05ca8c
Cefpodoxime 200mg Tablet,8019:1,4cfd2b03-7c14-4c95-b880-4f37aa00096c,e216c48b-ef37-422f-bb35-f43d7f8d6926
Mitomycin C 2mg Powder for injection,8019:1,b60affcb-3f79-4188-817f-ddaae8b3869a,4d9f6fc2-faa1-450f-8d1c-5f8c71836cb9
Insulin Zinc Suspension 100IU/ml Injection,8013:1;8021:1,ff314c7b-6ef8-4c8b-b46c-28ae1d4ae850,da41b69e-caf3-4bb2-a846-7a77eaa8927b
Addis Cure (Azithromycine 500mg + Ceftriazone 250mg inj. + Water for inj. 5ml + syringe 5ml),8016:1,64648278-296e-4da7-a93e-3f2614ce8b86,5f0add2d-c5a9-4330-92c7-8ff20001d61e
Addis Cure Plus (Azithromycine 500mg + Ceftriazone 250mg inj. + Metronidazole 250mg + Water for inj. 5ml + syringe 5ml),8016:1,6ae243b1-e74e-4dfe-bf8f-a4e9eb2f5f41,1a37240c-b2c5-44fe-9257-58c36cb5a79f
"Vitamin D 300,000 IU Injection",8013:1,2fee78dd-8eb1-412b-8019-453e8c29be4b,ec082c3c-1be3-41fa-834f-e19afc001c9b
Zinc Sulphate 20mg Tablet,8019:1,b32dadea-1416-4efb-916b-f6cc72abf97c,c3751700-df60-474c-afa2-021df3f9085e
Levonorgestrel 75 mg/rod of 2rods with sterile insertion trocar Implant rods (Sub dermal) implant rods (Sub dermal),8009:1,e6f727b2-a5ff-4522-8dd7-8e3f2e7cd415,63a3675a-d22d-43f1-afcc-10d2edc7f323
Mitomycin 2 mg Powder for injection,8019:1,3aefcf0d-6e0e-445a-9094-8a31b278982a,35081999-4b75-4ea1-a73f-a792cdf2a173
Calcium Gluconate 100mg/ml 10ml Injection,8021:1;8019:1,c7276929-68b9-4e2d-9998-ff4633264167,5b63296a-4a6e-49a3-bab5-f2355e32d599
"Hepatitis B vaccine Vial of 10 Dose, with VVM",8031:1,58037c5b-243f-4146-a6f5-500983a8ce2c,3ec032f5-9409-49d2-85dc-77235accba37
Celecoxib 200mg Capsule,8019:1,67bb883c-5a59-41af-be33-5daea49fb46b,4829d3b7-6bef-47c5-97bc-7e2ce2f7213c
Cytarabine 100mg/5ml Injection,8019:1;8021:1,5324971c-8a5c-4ab5-ba2c-f56e3325a22d,78dfb465-b0ef-4b02-a53f-e591f426d343
Miconazole Nitrate 10mg muco adhesive Tablet,8028:1,e18dcfa7-d076-4113-ad38-9b9eebd72146,eab7f642-b76b-4ca5-ad3a-d99a5d347e31
Lactulose 20gm/15ml Solution,8021:1;8010:1,8217d40b-b598-428b-b3af-d29c220c15f6,3ad2bc0e-d360-42a4-8dde-9b9301c1b844
Chlorhexidine digluconate 7.1% ( which contains 4% Chlorhexidine) Gel,8010:1,ce67b158-d919-4875-945d-59f3a5a7fdb9,8ba04e24-d8b3-4990-a02b-e3a3f10d9bcc
Lactulose 10g/15ml Solution,8010:1;8021:1,4d5bf3cb-9508-4d0c-9c54-9e0509151e5d,3ad2bc0e-d360-42a4-8dde-9b9301c1b844
Vitamin D 50000IU Capsule,8013:1,c170e42a-d11c-4864-9c0a-3859213ca028,ec082c3c-1be3-41fa-834f-e19afc001c9b
Desloratadine 5mg Tablet,8019:1,8d641d05-4814-448d-a16a-00468305ac56,1bde3f8b-53eb-4484-835b-9a02ebfa731d
Entacavir 0.5mg Tablet,8019:1,66c2676d-7694-4967-b72f-593a786a66cb,65f3a841-8ead-436e-8043-69fb8cabb504
Donepezil 5mg Tablet,8019:1,684ce44a-712b-4ff0-b6a6-59d3f660c1fc,f6cd2275-4618-42fc-8624-2c40b9435171
Methyl predinisolone Sodium Succinate 500mg Injection,8019:1;8021:1,bc022750-74a5-4407-a697-f4160b1f5f3b,b7631d16-53dc-4ce9-b4e4-8be4eff047a4
Milrinone 1mg/ml Injection,8021:1;8019:1,96218841-d030-41bf-9897-1f88af22f947,4fe59005-598f-464f-8db8-f4cdc8498cfc
Naproxen 250mg Tablet,8019:1,de7fa9ed-7971-4239-980c-3bf72b3371f9,f1a55240-d216-4cc4-9cce-3d4045cfb632
Azathioprine 50mg Tablet (Film Coated),8019:1,048529ef-38a9-48c5-9c1c-f73c514d11d8,4e01aacc-8e95-407a-b17e-3d52564f0a35
Desmopressin Acetate 0.2mg Tablet,8019:1,088c1e0f-bd31-4d8f-985f-27483c4caadf,f1c79514-ce2a-483d-8ad6-a414757a5941
Irinotecan 40mg/2ml Injection,8021:1;8019:1,15f5f53d-017d-4934-9b08-0018a5870f59,94043534-b075-42cf-bfae-14e8c2a81d12
Pamidronate 30mg/10ml Injection,8021:1;8019:1,938a19ea-e6b0-41a3-b1fa-801e4915ff21,b016955b-e51b-4a2b-92c8-fd71424f1fed
Hydroxychloroquine Sulfate 200mg Tablet,8019:1,09378ba9-2414-4054-96ec-976fbe860793,75a52288-782d-49b8-914c-7c0d3b7da6c1
Letrozole 2.5mg Tablet,8019:1,95547e7c-a837-43a0-8fd2-ca7c40712959,4531310e-fe90-4c21-a061-e83213475464
Folinic Acid (Leucovorin) 50mg/5ml Injection,8000:1,70c86336-a139-42dd-8073-b5e531f6d8f3,59e5936c-b10c-4ab2-86e9-21088dd6060c
Paclitaxel 6mg/ml in 16.7ml Injection,8021:1;8019:1,70814735-dcb2-4f31-8953-6ac4e56ed555,f1d467f5-58e3-4d98-bd5f-0a780ab2f1f2
Thalidomide 100mg Capsule,8019:1,330bd4be-95c2-46bd-948b-4ab050ab0e9f,c5c9458a-d449-41c6-8a56-2cf39787c65d
Thalidomide 50mg Capsule,8019:1,b9e22cbe-96d4-4737-952b-952ad72056f2,c5c9458a-d449-41c6-8a56-2cf39787c65d
Anastrazole 1mg Capsule,8019:1,4e0871be-49c6-47d8-9e9c-557f7523b498,6bed863e-3a39-4cd6-bd29-40014d971c1f
Cyclophosphamide 100mg Tablet,8019:1,c25318a4-caa2-48ba-b71c-44e6867fd852,71f7e70f-5db5-4e02-a189-27ac95921843
Cytarabine 1000mg Injection,8019:1,149d57a0-1a53-4411-b0fc-bd0c579b53c8,78dfb465-b0ef-4b02-a53f-e591f426d343
Cytarabine 500mg Injection,8019:1,47ee7e28-1584-4e92-9316-41bd181c9942,78dfb465-b0ef-4b02-a53f-e591f426d343
Deferasirox 250mg Tablet,8019:1,4af33e06-2e68-45db-b780-7c15a2e3404e,4c50e714-1199-4c4f-a28d-8e93f0f9ab0b
Docetaxel 80mg Injection,8019:1,6b10f413-f6ff-4a68-b625-d91e1af13068,90c85456-0f8f-4b0d-b8d1-0861c5396af2
Lenalidomide 10mg Capsule,8019:1,7505eb91-159b-4fb1-89d2-09e555726882,d77606b1-2233-4183-8813-77c20a66aa81
Methotrexate 10mg Injection,8019:1,4e772ecc-46dc-42d8-9cb3-20db12a6e321,220c7890-ef7f-4e7a-9df8-33df6c44e981
Methotrexate 15mg Injection,8019:1,f176fd3d-c711-48c0-923e-53cfbd0d8ba8,220c7890-ef7f-4e7a-9df8-33df6c44e981
Methotrexate 15mg Tablet,8019:1,fbe8da9b-536a-4805-be27-961db8d9c4e4,220c7890-ef7f-4e7a-9df8-33df6c44e981
Vinorelbine 10mg Injection,8019:1;8031:1,63d9f53e-7a78-4cf0-8e5f-86b7e75ae959,6ea3cf62-cdbb-42b0-bbde-1a29c3a1985b
Vinorelbine 50mg Injection,8009:1;8019:1,31be8817-28f0-4020-8d5b-55c4e7cf2375,6ea3cf62-cdbb-42b0-bbde-1a29c3a1985b
Ondansetrone 8mg Injection,8019:1,3fc2f0e3-cf7c-4fe6-8dca-39c1660af434,dd9293c3-80ba-41f7-a9f7-265b4b344a20
Thioguanine 40mg Tablet,8019:1,2a991438-ae12-4dda-8e02-c7b640f194fe,afc920ba-6b48-48ad-bf43-6256cc0347e2
Vinblastine 100mg Injection,8019:1;8009:1,35fb8085-0594-4031-b984-774f3bb892f4,e45439ea-311b-4625-a9da-915726ef5dbb
Lomustine 100mg Injection,8019:1,2d1ce4cc-71e9-4a67-b91d-e43cf7198b62,6c71ccdf-1188-4ab7-8ae4-ccf930873ebb
Delamanid 50mg Tablet,8019:1,f9a548e8-b434-40a1-8dda-52da9265d264,c3917f9c-c478-4331-ac0e-32be72289631
Recombinant Human Erythropoietin 400IU/ml Injection,8021:1;8013:1,786c0056-4abe-4534-b390-6677e2b97ca6,13f54e4d-aa17-4633-a2c4-d125b7b1d2a0
Fluconazole 50mg/ml Injection,8009:1,6b58c99e-14d5-4b78-984e-9648a74bd833,43c52bd0-d39a-41e9-a0e2-c032b98cc503
Neomycin Sulphate 3.5mg + Polymixin B Sulphate 6000IU + Dexamethasone 0.1% eye drop Solution,8021:1;8008:1,e0cc5541-b119-4441-ad16-188c4ad1cf0f,ca47417f-8717-4c30-a14d-6bb9d41d6480
Recombinant Human Erythropoietin 4000IU/ml Injection,8013:1;8021:1,f4bd867f-46f2-4c24-97f3-4d5527a45176,13f54e4d-aa17-4633-a2c4-d125b7b1d2a0
"Cholecalciferol (Vitamin D3) 600,000 IU Injection",8013:1,d326f56d-5ac2-401b-9752-42e0edc3d78d,120bbfba-63c0-4a38-9f5e-9abaccea78cc
Econazole 1% Eye Drop,8021:1,88c965ff-2d37-4804-a167-693926fa569c,64f570ea-b7d2-4515-b8dd-e68c6d0c8602
Lactulose 3.5mg/5ml Syrup,8019:1;8021:1,d0e00e38-18fb-49b0-a0d2-643c3b9a05c3,3ad2bc0e-d360-42a4-8dde-9b9301c1b844
Ketorolac 0.4% Eye Drop,8008:1,420c0577-e0fb-40da-8195-9f53b0c1487e,35563a89-59d8-4664-95c8-77b31969a6d6
Ketorolac Tromethamine 0.01% Eye Drop,8008:1,0483ca9f-5508-4b9d-a6fb-9cd95a06655a,0b143f53-a474-44a4-adf3-26c71f2b3931
Natamycin 2% Eye Drop,8021:1,796870bc-aab7-4c38-ab07-dc0af1a927b7,4919b60e-3fa8-4212-906d-0c929bf6aa27
Ofloxacin 0.3% Eye Drop,8021:1,e1f1f2df-af66-4b28-b3a2-d8ba42c8249c,45e90830-f526-4c4b-8304-17fd74f933f7
Fluconazole 2mg/ml Injection,8009:1,80021ac4-7af1-42d8-bab2-f695bf8b62db,43c52bd0-d39a-41e9-a0e2-c032b98cc503
Prednisolone Acetate 1% Eye Drop,8021:1,ba045b75-fcdb-4442-8512-66b5730eebc8,9777a28c-dcb9-401c-8ed0-c6e4a87574a1
Oxymetazoline HCL 0.05% Nasal Drop,8008:1;8021:1,7b4ab994-8982-4b29-8cfe-3ebf4c3fbfd2,16ae1094-348d-467b-aa3e-8fcc3eb5abd4
L Thyroxine 100mcg Tablet,8017:1,6af8a322-2ce0-4035-8c4b-5a15c58d0299,1254991a-e234-493e-b552-96a624ddd3a2
Filgrastin 300mcg/0.5ml in 0.5ml Ampoule,8021:1;8017:1,86ad3233-d6db-4696-a945-066effc8ecfa,c818569c-0e72-433b-bb7d-c412b9020ef3
Sulphamethoxazole + Trimethoprim (200mg + 40mg)/5ml Suspension,8021:1,332fde81-e571-4a43-9cdd-9b7832297224,8fc8c5d7-107d-42a6-b81e-fc017481ca58
White Petrolatum Ointment,8009:1,1f4a783d-0d41-41bf-9965-3fd1a19c4178,e2e2fa1a-0c7f-4a7a-b719-7b9af976e688
Isoconazole + Diflucortolone (1% + 0.1%) Ointment,8010:1,b6298b6c-6edc-45ef-863c-f785f0d0df82,a8169f13-8755-425f-b492-071b316dcb99
Lamivudine + Stavudine (150mg+30mg) Tablet,8028:1,2f3fa167-6aec-4847-b763-006e3214ba4c,be46f474-0b80-460f-a293-b165b520aeea
"Vitamin A (Retinol) 100,000 IU Capsule",8013:1,e00125ea-148c-4f53-be6a-551a69618575,51ca2cec-2669-47ca-a294-d2605c0a3f37
Fetal Bovine Serum (FBC) Injection,8021:1,ba36cb8c-eb87-434b-87a9-549654e20a5b,81465a64-e5a0-46f0-96b3-d938219c620d
Meningococcal Conjugate Vaccine Injection,8031:1,8cce4c9f-dccd-43a0-915b-37e691517aa3,6f2dafbb-358a-4892-b1e8-d9296d1c3ad4
"Penicillin G, Benzanthin 2.4 MIU Injection",8020:1,946a1228-b242-48c5-94e8-47acc360c182,447a2a9b-5da4-490e-be4a-3da4790575fa
Ondansetrone 4mg/2ml Injection,8021:1;8019:1,cee347af-8901-423c-8d81-781604255100,dd9293c3-80ba-41f7-a9f7-265b4b344a20
Ondansetrone 8mg/4ml Injection,8019:1;8021:1,db88f997-498f-4ce4-bb4e-c4ca10e25767,dd9293c3-80ba-41f7-a9f7-265b4b344a20
Methyl Prednisolone Acetate 40mg/ml in 1ml ampoule Injection (Aqueous suspension),8019:1;8021:1,a2005958-c633-44db-a8d4-5300fc469f63,2274ca36-a079-48da-9522-04790ff9ff4f
Dorzolamide Hydrochloride + Timolol Maleate (2% + 0.5%) Eye Drop,8021:1,2d8d99de-26d1-4afb-8456-693836ad738c,ff65cad1-f500-4b58-a087-a64034a2e0fe
Latanoprost 0.00005 Eye Drop,8021:1,b9e842e1-21e3-410d-9178-9fca555c4935,e1786214-2f47-44a6-b988-c85b98f0f99f
Miconazole 1gm Powder,8010:1,9e2636b3-56d1-426b-8a12-565de0994be3,28592ce1-6abe-4e77-b64d-ad9c066c271c
Cloxacillin Sodium 250mg in Vial Powder for injection,8019:1,12d0b366-5ceb-4427-b2e0-564d69546d2d,59961191-19e8-4adc-9062-c5d8268bc012
Dextrose in Normal Saline (5% + 0.9%) Intravenous Infusion with Giving Set,8021:1,fd1a8ed3-973d-4e82-892c-03dc8fb3ce38,eb29f156-d278-4d99-84dc-669ebc4a87d1
Bortezomib 3.5mg in Vial Powder for Injection (Lyophillized),8019:1,f3c110f6-7d3c-4818-9993-6ab5fc281fb6,ec947f62-c4c2-469f-aa41-ce96cb4085fc
Cytarabine 100mg in vial Powder for Injection(Lyophilized),8019:1,6fd615d7-acb7-4d8d-9feb-54b689ca8b5d,78dfb465-b0ef-4b02-a53f-e591f426d343
Clotrimazole 10% Topical Cream,8010:1,30c65d62-6f33-4e26-97af-cfa983954e3b,280e2de6-13e0-41ed-a4a0-ea1b471b4005
Clotrimazole 2% Topical Cream,8010:1,40b78594-1b0b-4d63-ae9a-c99c89e0640d,280e2de6-13e0-41ed-a4a0-ea1b471b4005
Vitamin B Complex Preparations Tablet,8028:1,22911452-0a14-4fd0-910d-31fc26932083,1f13806f-0c50-435c-9e37-50c3e0700d08
Cefuroxime Axetil 500mg Tablet,8019:1,f45697be-31c5-4e0e-8e46-1d6c4fdcef7e,07c9a047-0d5a-4fb2-aedc-8f831bababd2
Zidovudine (Azidthymidine) (AZT) 100mg Capsule,8019:1,32250cfd-7fb8-40fd-b44d-0815c17554c4,7981dd0b-184e-4ce3-a746-64ea91228352
Griseofulvin 125mg/5ml Oral Suspension,8021:1;8019:1,21e70b7b-ce9c-4e3d-a7ed-5afffe57b56f,138b7fbe-e71b-4133-b0ac-9c922e290044
Amoxicillin 250mg/5ml Oral Suspension,8021:1;8019:0,cdb35c1b-2716-4fb8-b716-ceac9927add7,5b40dc12-8cb2-4e18-a5ee-ef9f547dbb9f
Vitamin B6 (Pyridoxine HCl) 150mg/ml in 2ml ampoule Injection,8021:1;8019:1,e3f3f3b8-8b74-4f34-b49a-0c175e4d4b50,52ccd06f-63d6-427d-b713-f02b3ed6ad8c
Ephedrine Hydrochloride 50mg/ml in 1ml ampoule Injection,8019:1;8021:1,d57d0863-7e53-41b1-89bd-6c9bbe126031,b8c4f8f3-4862-49eb-965e-df86a2c6454a
Etoposide 50mg/2ml in 2ml Ampoule Injection,8019:1;8021:1,e3540a15-54df-4dbf-bf9e-b7701cf99a78,ef9911ee-892c-4443-8a03-0f5ef9fd869b
Enoxaparine 6000IU/0.6ml in PFS Injection,8009:1,3c920b07-5b5c-49a7-887b-c8c269bea7ad,5a670e25-536b-4b9a-81e9-00f5a7549070
Artesunate 60mg/ml in 1ml Ampoule Injection,8019:1;8021:1,346e6e66-2e29-43e9-86bb-8108880d2859,cd0b5f4c-9012-45cd-a10e-6d7c149c9981
Vecuronium Bromide 10 mg in vial Powder for injection,8009:1;8019:1;8031:1,85893623-791d-467d-b774-dad96cadd34a,50523540-1f2e-4f8c-ba3e-6dc94a157dc3
Decarbazine 200mg in vial Powder for injection,8019:1,aee85194-668f-4c13-b512-48190f7ec624,0c4ace53-a3e2-4f41-b4f1-062026311842
Daunorubicin Hydrochloride 20mg in vial Powder for injection,8019:1,5cbc1854-032f-4195-98ec-8525beb322b8,c5534b56-b734-4732-a14c-542886b3b632
Cyclophosphamide 1gm in Vial Powder for injection,8019:1,3ff6b459-cc05-4d65-b79e-0d13a344fa09,71f7e70f-5db5-4e02-a189-27ac95921843
Acyclovir 500mg in Vial Powder for injection,8019:1,e4aa9482-d298-4a62-999f-c7194b94bff6,2a2b33c9-e7c6-47ac-a236-9a97e0bb708c
Miconazole 0.02 Oral Gel,8019:1,2e2c5dec-ce72-4cbf-ad52-d6259672d7e2,28592ce1-6abe-4e77-b64d-ad9c066c271c
Doxorubicin Hydrochloride 50mg in vial Powder for injection,8009:1,36852864-292b-4199-84e1-7e5619aeca86,a9c30e5d-ac51-4f6b-98f6-690aaa804d47
Oxaliplatine 50mg/10ml Powder for injection,8021:1;8019:1,3a1499c5-cb74-4187-8fc0-4992a5f7bea4,b292e482-dace-4fd6-a473-18c586eee1ad
Omeperazole 20 mg Capsule (Enclosing Enteric Coated Granules),8019:1,407ae25a-10d9-4d27-8f03-a7e1f0d74c85,e8b17ab9-dbbb-4603-b38c-4ed07fd0a230
Medroxyprogesterone Acetate 150mg/ml in 1ml vial Injection with 1ml Syringe (Aqueous suspension),8021:1;8019:1,c365b167-2620-4c7c-bf5c-935c71655ead,5537975e-ce76-4306-8d58-764e240babdd
Fluconazole + Sodium chloride (2mg + 9mg)/ml Intravenous Infusion,8021:1,951af982-3efa-4e90-b57e-03e25ae8af13,bc86215c-6513-4742-abe3-cda6984997d9
Aztreonam 1gm in Vial Powder for Injection with 3ml Solvent,8019:1,01d3f3ea-4785-410a-9a67-0007a3a8e3e9,09a85163-7723-4420-9db1-b62c1b31b7b6
Ganciclovir 500mg in Vial Powder for Intravenous Infusion,8009:1,493b89c9-023e-410a-a7ad-6b8d35314409,2fc6b04d-bd07-4af7-8143-aa69d4f374e5
Benzoic Acid + Salicylic Acid (12% + 6%) Topical Ointment,8010:1,b748edda-a21b-4bfd-8528-15b8d158660c,5489fc1d-b732-494f-8e25-f0b756298de5
Multi Bacilary (MB) Adult Rifampicin 600mg (2 Capsules) + Dapsone 100mg (28 Tablets) + Clafazimine 100mg (3 Tablets),8028:1,dfafc074-a694-45ae-993c-984db08275fa,84129a84-8e9b-4fca-8bc0-e3c9e6d87a8b
Metoprolol 25mg Tablet,8019:1,c2d400b0-21aa-456f-9c9b-31835f269712,7be90991-3e85-45f3-b871-20719a8fc9b0
Erythromycin Stearate 500mg Tablet,8019:1,5e429939-5b90-437b-a94e-7fea7c704d17,b54c1d2e-af90-4341-86a7-8474a23d416e
Sulphamethoxazole + Trimethoprim (400mg + 80mg) Tablet,8028:1,215e9bd3-0f8f-424e-8f16-e06cfe27052d,8fc8c5d7-107d-42a6-b81e-fc017481ca58
RHZ (Rifampicin + Isoniazid + Pyrazinamide) (60mg + 30mg + 150mg) Tablet,8028:1,0d2501f6-706b-4d83-8145-44056acc9c03,fb5713ac-cf70-462a-a1e7-92082180f95f
Water Treatment and Purification(Sodium Dichloroisocyanurate) 1.6gm Tablet,8028:1,e27c5aba-8ca9-4d96-9dde-9e9437718415,ffa9d0f2-2d91-49db-8b91-c4ee282edfe0
Cycloserine A 100mg Capsule,8019:1,4264cc13-4041-4708-9c5c-d37b7e183ebe,910870eb-c0f5-429e-95a9-0d832fe040b7
Aluminium Hydroxide + Magnesium Trisilicate (120mg + 250mg) Tablet (Chewable),8028:1,f2e33ced-c3a6-4deb-be0c-4b710259b7ef,95790435-98f8-43b4-9ec4-0a76850f755b
Rabies Vaccine (With VVM) Injection,8009:1,fcd8a171-8890-483a-b30d-dc69c07574a2,21f02fb5-69a9-4619-83f4-2ced44cce9a0
Lidocaine HCL 1% in 30ml Injection,8021:1,441f7bbe-387a-4d68-88ee-0b2eadda3821,6bc927f7-1091-4e3c-b920-e90b3838b472
Methyl Prednisolone 40mg/ml in 1ml ampoule Injection,8021:1;8019:1,404cabab-1a56-4872-82ae-8fc8221adf2f,964a5b92-c431-4989-ab9b-58f58209a68e
Hydrocortisone Sodium Succinate 50mg/ml in 2ml ampoule Injection,8021:1;8019:1,8ee91eed-0711-4f48-b65b-5f67acc96838,fd138752-60ad-4bc7-b8da-ce2ad5c499a1
"Bupivacaine Hydrochloride + Adrenaline (0.25% + 1:200,000)/10ml in 10ml Vial Injection",8021:1,8f7bf9b0-b3c2-4491-8041-20bc751d1633,5a788098-e29c-49c3-bc84-b975f9ae18fd
Lidocaine HCL 0.005 Injection,8009:1,907caebd-f467-44f7-95ab-4bd2b0d5238a,6bc927f7-1091-4e3c-b920-e90b3838b472
Clindamycin 150mg/ml in Ampoule Injection,8009:1;8019:1,224dc430-ad01-4140-82ee-9397fa95030b,78ac43ad-0a87-4202-9985-500cfe58368d
Chlorpromazine Hydrochloride 25mg/2ml in 2ml Ampoule Injection,8021:1;8019:1,eee57e85-bb6c-45d0-9974-91cfbae482c7,5dac6b0a-3a9d-4477-9eb7-c6fff9cb4aba
Enoxaparine 4000IU/0.4ml in PFS Injection,8009:1,b6a298dc-805f-4d54-8331-fb389e72b7c5,5a670e25-536b-4b9a-81e9-00f5a7549070
Artemether 80mg/ml in 1ml Ampoule Injection,8019:1;8021:1,e34e799a-41ae-42f9-9104-3467497071a0,f43a3209-40b9-4b55-a77a-e38006c8be40
Pilocarpine HCL 0.02 Eye Drop,8008:1,15c822ba-4ccd-40cc-827d-a108901746dd,c5c7b0b7-17ad-45a1-b033-927873629771
Acetylcholine Chloride 100mg in vial Powder for injection,8019:1,4be27bc0-1656-40e3-91a5-50bc8eedfe93,23a4d86c-e135-4f6d-8943-2d285d5602ca
Dacarbazine 200mg in vial Powder for injection,8019:1,4633c3de-e615-4055-864a-635e16b30079,3bd57580-9d7c-4b10-affa-dcea51be218f
Acetazolamide Sodium 250mg in Vial Powder for injection,8019:1,f6d23ea1-e00f-41f0-b4bc-095423ef150b,ce61e5c8-f954-4368-aaec-c5f436728f39
Cloxacillin Sodium 500mg in Vial Powder for injection,8019:1,43f3d3fe-5cf8-4b51-8692-b5c1323b25e9,59961191-19e8-4adc-9062-c5d8268bc012
WHO Diarrhoeal Disease Kit ORS Module of 1 Carton (Kit 2) Pieces,8016:1,78db130c-de8a-4544-a042-f1a76e6bb473,e0375c02-be80-4902-9409-95e6add748d4
Bromfenac Sodium 0.09% Eye drop (Solution),8021:1;8008:1,67d11e16-3c5c-4691-ba2a-a25f62a25447,915e6b34-7afe-45da-8895-cb319e87b203
Aminosalicylic Acid 4gm in Sachet Granules,8019:1,1f9e12ac-f04e-4b6b-9243-c8bd95e331fd,82ec6fbd-0ee1-4d58-9386-e62debad278e
BCG (Bacillus Calmette Guerin) Vaccine Injection with Diluent,8007:1,18413e48-4747-4fc4-9b4c-36077a1d7db7,14105e13-ed04-4d92-b2ee-7a9131bc6da2
Metronidazole 500mg/100ml Intarvenous Infusion,8019:1;8021:1,c9af37d8-3f4a-4562-af2d-635cd968a2e7,fdc15df0-53c4-4355-8253-6da000693c4f
Bleomycine sulphate 15IU in Vial Powder for Injection (Lyophillized),8013:1,60697ad3-db10-4f21-98cb-b1d68757c431,60df0148-5db9-45df-835b-9c035592eea4
"Plumpy Nut, Ready to Use Theurapeutic Food (RUTF) Paste",8025:1,ec727947-6699-445a-b0d9-9dd951e5419d,8e17bc29-cc75-42f6-904a-c581a4df8800
Salicylic Acid + Lactic Acid + Polidocanol (2gm + 0.5gm + 0.2gm) Tincture,8021:1,4783c151-8bab-4aec-b64f-4564d38032d3,93526aa8-171e-4ffa-9af3-4f9df67eed50
Pouse Baccilary (PB) Adult Rifampicin 600mg (2 Capsules) + Dapsone 100mg (28 Tablets),8028:1,1e0edabb-121f-4699-8c30-cb9af7d00336,9ddf1086-93bc-4e63-b897-940781c59042
Carbamazepine 100mg/5ml Syrup,8021:1,d089201e-9498-4409-8a3d-4d7bcd22da54,f1d50a43-5f0a-4b52-bd1d-e3c3f0976a59
Azithromycin 1gm Tablet,8010:1,02187290-7604-41d6-8157-8af6867b559d,3d1b75dc-804f-4f09-8a1e-46b7ae036eb0
Phenytoin (Diphenhydantoin) Sodium 50mg Tablet,8019:1,c2472b6a-5e06-4f38-9bb3-d323b4757631,c9c35724-00d2-4dc7-a7aa-c2380950ec8c
Diltiazem Hydrochloride 60mg Tablet,8019:1,982c9b18-726e-4a18-800e-77e6e896b4c4,f29616d2-5361-43d2-ab94-c3fbcb736b7f
RH (Rifampicin + Isoniazid) (150mg + 75mg) Tablet,8028:1,25860a42-b6b7-42f3-9593-22fb5a5b0e42,404516e3-7f4a-465d-bfec-55827d8edf36
Ethamutol + Isoniazid (EH) (400 + 150mg) Tablet,8028:1,7031a176-2737-4c3a-8d55-d8663b49a987,915e6a62-5fbd-4fe5-abcb-d13c1da2489f
Alphacalcidiol 0.5 mcg Capsule,8017:1,fa3c24f2-0bf3-477c-890c-0560b3f40df9,c93a7dee-0c51-4b9e-a0d1-653366c75964
Lopinavir + Ritonavir (80mg + 20mg)/5ml Oral Suspension,8021:1,678360c1-5e20-43fe-8056-ff105320f9ba,015b1c96-4b91-4275-944d-d68a5af07d30
Hydrocortisone Sodium Succinate 100mg in vial Injection,8019:1,91f5b20c-e90b-46c9-a066-f0345ae50a7a,fd138752-60ad-4bc7-b8da-ce2ad5c499a1
Methyl predinisolone Sodium Succinate 1gm Injection,8010:1,7f66a61f-2399-48ed-9787-e1a1f957515f,b7631d16-53dc-4ce9-b4e4-8be4eff047a4
Piperacillin + Tazobactam (4g + 500mg) in Vial Injection,8009:1,68f9a5c1-50f2-4b9f-ae04-5013465e7572,87326b53-ed93-4e5c-a81d-3eb33304f3be
Ergometrine Maleate 0.25 mg/ml in 1ml Ampoule Injection,8021:1;8019:1,7b322f93-e624-4eaf-9129-122760194d13,483ebf41-542e-4138-a2e2-05aed837e20b
Atracurium Besylate 10mg/ml in 2.5ml Ampoule Injection,8021:1;8019:1,d77826fa-61f2-45cc-9904-f664c18a2eda,12d5cd76-2e69-466a-98ce-b1e57a874922
Dobutamine 250mg/20ml in 20ml Vial Injection,8021:1;8019:1,2dbf25fc-4210-4e04-aa37-04554a9dafd4,0b0639da-0bcd-48b9-8050-15357673418b
Gentamicin 0.30% Eye/Ear drop,8021:1,fb1474bb-02fc-44b2-9f16-f75f37d99a27,b6871d46-d18c-4d79-b455-9ea18c35f907
Halothane Inhalation,8021:1,c168319b-7bb7-42aa-8a2d-a2ffd66f9851,1e083223-86d3-4055-be9b-1415dd2239e1
Cephotaxim Sodium 0.5mg in Vial Powder for injection,8019:1,2669618d-11df-44d8-ac7f-b521c92ef585,881f6a1c-847a-4e83-b5f6-2ef250eec5d7
Topotecan 4mg Injection (Lypophlized),8009:1;8019:1,9751cd36-0de3-4b9e-9ca7-a2c0f38aeab1,7172f443-2fa2-4dc1-9a57-30626cf52b62
Methotrexate 5mg/ml in 1ml ampoule Injection(Intrathecal),8019:1;8021:1,0c53737f-d500-4746-8689-8bc753c6717d,220c7890-ef7f-4e7a-9df8-33df6c44e981
Linezolide 600mg/300ml Intravenous Infusion (premixed),8019:1;8021:1,e59c1e95-7c8e-4845-ac8e-442b7142e34a,d17898d6-2ecf-4e7a-9016-ab8771c38033
Ringer's Solution Each contains Na+ 147mEq + K+ 4mEq Cl 155mEq Intravenous Infusion with Giving Set,8021:1,6ae1d992-c49a-4521-bec9-e41205f1ec0f,73727842-b459-4136-bb8a-17a4b077273a
Gliclazide 80mg Tablet (Sustained Release),8019:1,c3f3867b-eac6-49a3-bc65-ed01e6b8c784,e3227ed6-b26c-4459-96f8-f9f2391477a6
Dexamethasone 0.25% Topical Cream,8010:1,0e65f08d-b51e-4adb-936e-a23c40f8d9c8,3e8c8a91-deb4-47aa-8d70-f6b041c1135b
Povidone Iodine 0.1 Solution,8009:1;8021:1,8f47e7b5-3069-4016-a1ba-84fadfffcc74,8732a7d2-8040-4c71-8ff4-81c27cb4bac4
Ketoconazole 0.02 Ointment,8010:1,3aba1a8e-ff27-4756-bc3b-e30f0b86bc76,ebd9878c-2146-43d5-82b4-22733bb58f56
Isoniazid (INH) 100mg Tablet,8019:1,fa3353d1-baac-4cdc-a096-aef4c0e1359f,d1de79d6-28bc-4df3-a3d4-dd7693c08023
Phenobarbitone (Phenobarbital) 30mg Tablet,8019:1,862bdc32-82a8-4d5a-9ee4-20c8e307f5bd,8bc1610b-3071-4c79-a5eb-dc8efa6a10b0
Vitamin B6 (Pyridoxine HCl) 50mg Tablet,8019:1,d7473745-957b-40b1-bcb7-450b3e9b5f13,52ccd06f-63d6-427d-b713-f02b3ed6ad8c
RHZE (Rifampicin + Isoniazid + Pyrazinamide + Ethambutol) + RH (Rifampicin + Isoniazide) (150mg+75mg+400mg+275mg) of 6x28 tablets + (150mg+75mg)of 12x28 tablets Tablet,8028:1,67b3b09b-39a0-4954-ba90-ec18c9be2af4,b35753de-c787-412f-8512-040ea6479a5c
Atracurium Besylate 10mg/ml in 5ml ampoule Injection,8021:1;8019:1,1213a973-c109-495c-b959-b994617d77cb,12d5cd76-2e69-466a-98ce-b1e57a874922
Sodium Lactate (Na+ 16.7mEq + Lactate 16.7mEq) Injection,8021:1;8001:1,c3e0ed73-c67f-4150-bc16-e23e8a70d511,051e6b00-a041-4bd3-bd20-5a6ed8264126
Insulin Soluble Human 100IU/ml in 10ml Vial Injection,8013:1;8021:1,ae71565b-de8d-4201-8a54-ab736836432f,1918d434-90eb-4bc0-8bd4-7495dd666002
Cytarabine 100mg/ml in 20ml Vial Injection,8019:1;8021:1,98d51fc4-7736-42d7-b1f1-d55983300897,78dfb465-b0ef-4b02-a53f-e591f426d343
Hepatitis B vaccine 20mcg/0.5ml in 1ml Ampoule Injection,8021:1;8017:1,29283786-e180-4c0a-ac8b-05f87fc75f47,3ec032f5-9409-49d2-85dc-77235accba37
Aminophyline 250mg/10ml in 10ml Ampoule Injection,8021:1;8019:0,cf035cb9-460b-4e08-88de-d5a19bf971b6,27439d09-049d-41c2-89d8-607cb6a56c5f
Timolol + Latanaprost (0.5% + 0.005%) Eye Drop,8008:1;8021:1,e11ec8ed-b34e-4504-b721-90b51f5a1b9e,28bdffdb-1b0a-46d7-8001-ca87319befe2
Amoxicillin + Clavulanic Acid (250mg +125mg) in Vial Powder for injection,8031:1,9ef7cbee-d387-4e63-bd17-9b5e33537387,826956a6-7f84-42a8-9871-cc40aeb77cb2
Cefotaxime Sodium 0.5g in Vial Powder for injection,8019:1,27218853-6be1-4b48-b6bd-e27c34f961fa,fc6d5e84-f7f4-4566-ad52-819559065c8e
Gemcitabine 1gm in Vial Powder for injection,8009:1,8290c632-ab6c-41da-86cd-a3b31152a5b5,416ae6ba-7ec9-4cbc-a4ff-9ca3fc794671
Aztreonam 1gm in Vial Powder for injection,8019:1,e27bbb97-eae5-4c13-b868-5c524138fc7c,09a85163-7723-4420-9db1-b62c1b31b7b6
Acyclovir 250mg in Vial Powder for injection,8019:1,c59965fc-8439-476c-81de-b28098efaf39,2a2b33c9-e7c6-47ac-a236-9a97e0bb708c
Anti Thymocyte Globulin (Rabbit) 25mg in Vial Powder for injection,8019:1,6bc548ea-4275-4f53-8ceb-e89d5d8eabfc,0404349f-559c-479d-8410-6e571002b0b6
Oxytetracycline 0.005 Solution Ear Drop,8021:1;8008:1,f84e3250-7da5-42db-8c20-34267edf67f2,89a2bd08-7b57-44d5-a876-7be090f6455f
Tetracycline 0.03 Skin Ointment,8009:1;8010:1,33d3a48c-b481-428a-aeb5-f54bfa008ace,1dbc7501-d5ff-4f00-a919-f82d95d231ae
Yellow Fever Vaccine Injection (With Diluent),8007:1,43b6a4c0-9ef9-4b5a-816a-7a375e413f75,94f634c4-e0c9-46ed-9321-b0aa10872c23
Methyl Prednisolone 500mg Injection with Diluent,8019:1,17858b18-2037-4593-98d3-081eb22d2aaf,964a5b92-c431-4989-ab9b-58f58209a68e
Dextrose in Water 5% Intravenous Infusion with Giving Set,8021:1,cbebcfaa-696a-4040-b806-8487828ab427,660bc78a-49c0-4959-8a3c-3cdeea5a2ab3
Zinc Acetate 20mg Tablet (Scored & Dispersable),8019:1,ab5afbad-778a-4de5-baf6-33f0b0b5b929,cf23d95e-02fc-4835-b987-5b92a1862608
Flucinolone Acetonide 0.03% Topical Ointment,8010:1,dcceb929-28ab-40d8-b4c9-9dc133d0ad8b,ceca7250-895a-4420-a554-c6900e2bffd2
Icthamol 10% Topical Ointment,8010:1,ea0e4f5a-7b7f-44cc-8e30-216262ba0dfb,d60b8c23-7289-4ae5-98be-f08f52a097fa
Methyl Salicylate 0.25 Ointment,8010:1,4c3f95fc-3bd6-4930-ab16-02a0710e94f5,a4e13c08-44bd-4e24-95fe-2cb645b539ea
Phenobarbitone (Phenobarbital) 100mg Tablet,8019:1,cdf75128-fd0c-43ed-aa4d-7bcae7ce885c,8bc1610b-3071-4c79-a5eb-dc8efa6a10b0
Dexchloropheniramine Malate + Betamethasone (2mg + 0.25mg) Tablet,8028:1,c87bee8c-b531-446a-b22d-9d86b79f915f,e45c4787-f4a1-453a-ad35-8bd21e033120
Valganciclovir HCl 450mg Tablet,8019:1,5b1a2d95-4430-43d5-bbaa-cff16be55ffb,43f94194-a537-4041-9d27-ce831a3aed90
Vitamin E (Tocopherol) 400IU Capsule,8013:1,241cda84-7b11-4edc-9009-f9e9e9d10761,9ad2edb2-c6b5-43e4-a3af-3e8c1b66cce3
Tramadol HCl 50mg Capsule,8019:1,95a9547e-e55e-43cf-9f27-11fc2e82a934,e58b86d6-c69c-4c00-af26-04a8091ed551
Vitamin K1 (Phytomenadione) 1mg/ml in 0.5ml ampoule Injection,8021:1;8019:1,c9c89b34-6a71-4bd9-ae29-4fe6e50b2451,ff5240f2-995d-4697-8ea8-51a2e224eb18
Etoposide 100mg/5ml in 5ml Ampoule Injection,8019:1;8021:1,86b71190-d4dd-4f37-8470-241092b4ab62,ef9911ee-892c-4443-8a03-0f5ef9fd869b
Granisetron Hydrochloride 3mg/3ml in 3ml Ampoule Injection,8021:1;8019:1,f0310de9-6791-4886-8d7c-f05a2f79cf36,1d77cf90-3a55-489d-95b4-fdfdb7251333
Adenosine 3mg/ml in 2ml Ampoule Injection,8021:1;8019:0,b1ab78c0-563b-406d-b2d8-9a72e1cdf36a,8323dfbb-c45e-42b2-bb8f-17fc2b7ba2d2
Anti haemorrhoidal (Hydrocortisone + Framycetin + Cinchocaine + Esculoside) (5mg + 10mg + 5mg 10mg) Suppository,8027:1,5f94ac21-99ae-4a3c-97f4-68cd5a984b35,d9a8b420-82d6-4fe5-b805-813abcaeb925
Fluphenazine Decanoate 25 mg/ml in 2ml Ampoule Injection (Depot.oily),8021:1;8019:1,bed60a93-9c44-456b-a740-516d984be66e,135df87b-96fd-4ae6-b100-8927db6b4b2f
Tropicamide 0.01 Eye Drop,8008:1;8021:1,a0056a93-1272-4cc8-8eaa-e859c2c092f1,d0ab4bd7-f717-4434-a548-7f3384ac58a6
Oral Rehydration Salt 20.5g for 1 Littre Preparation Powder,8010:1,3b1e90de-f2ab-4950-b7f8-9d04da660e06,4bda8f8a-a2b3-47ca-91d2-a988f44eb6d2
Dacarbazine 100mg in vial Powder for injection,8019:1,92911d38-a354-4c82-b690-30b19814c1fa,3bd57580-9d7c-4b10-affa-dcea51be218f
Cytarabine 100mg in vial Powder for injection,8019:1,bc089bb0-f60d-44d4-86e1-463739077f70,78dfb465-b0ef-4b02-a53f-e591f426d343
Suxamethonium Chloride (Succinylcholine) 50 mg/ml in 10ml Vial Powder for injection,8021:1;8019:1,7659f24d-4257-4c5e-99fb-95b4f5d8277e,32a08d82-c0bf-403e-8139-7e9ae93a55d5
Fludarabine 50mg/2m in 2ml Vial Powder for injection,8019:1;8021:1,bbb69eda-1da5-4515-8b9a-7a350ed095e5,f74c0c4c-8623-44f4-b39c-294ab2434bba
Rota Virus Vaccine Oral Drop,8007:1,7fac024c-e062-4e83-88e6-b4fa70102fc0,daa35a06-5d4c-4144-89fb-183ba1d8b571
Salbutamol (Albuterol) 0.1mg/dose Aerosol (Oral Inhalation),8019:1,442c37fa-27f4-420b-88e2-ea579a3508ea,762927eb-fc0b-48d1-8eb0-65806dde36fd
Artesunate 50mg Capsule (Rectal),8019:1,ea59275e-b94c-45c7-802f-d5c7b74a7d07,cd0b5f4c-9012-45cd-a10e-6d7c149c9981
Dexamethasone + Gentamycine (0.1% + 0.3%) Eye/Ear Drops,8021:1,a0eab026-246d-4296-b919-66ad0f1b6fb7,850d9eab-fb68-4602-a501-c6464604dcb4
Artesunate 60mg/ml in 1ml Ampoule Injection with 5% Sodium Bicarbonate and 0.9% Sodium Chloride,8019:1;8021:1,08b48670-b60f-494d-bbb8-2811d96c0b29,cd0b5f4c-9012-45cd-a10e-6d7c149c9981
Sodium Chloride (Normal Saline) 0.009 Intravenous Infusion with Giving Set,8001:1,7ece065f-d4c4-4182-81e2-cfacf7418e81,48744a95-0f40-4f8d-b644-59bd12dbcea6
Sulphasalazine 500mg Tablet (enteric coated),8019:1,144e0c10-8d05-4422-bbdd-a1a8bb03b573,3efd8c0c-dd23-48e6-9460-954bf9e9783a
Etonogestrel Training Kit,8016:1,1a504142-1bd1-42d7-adf9-cbb659ab0d8b,82de6c97-1d3e-4754-b883-80068d8e840a
Methyl Prednisolone Aceponate 0.001 Ointment,8010:1,7c65721a-950e-41eb-97d7-71707f41a3d3,63d787a0-6b23-4fcf-884e-18c69bcda181
Paracetamol 125mg/5ml Syrup,8021:1;8019:1,bc6f5213-5ce8-4f87-90d3-3c21ca72d3cd,cadb8343-e5ae-45f2-ab0d-4322eafb8038
Allopurinol 100mg Tablet,8019:1,b8a431b3-c6aa-4980-886f-4d51834faad3,99c25ce2-3be3-472a-8f89-593e70a55a4d
Capecitabine 500mg Tablet,8019:1,a053c242-7e69-4676-be5d-57a974a6ef7c,9d89f1e8-945e-458f-bfb9-df1a8cebe913
Levodopa + Carbidopa (100mg + 10mg) Tablet,8028:1,2ffd0b5d-d79f-40e9-8b61-35bae2e491be,2a36d239-cfa6-4d82-ae2d-10c7e08a375b
Dexachloropheniramine Malate + Betamethasone (2mg + 0.25mg) Tablet,8028:1,0d94a5a4-fb50-46da-b70e-7879a40711ee,e78c5eb3-b8eb-4a5d-8ac9-f3d97056583c
Cyproterone Acetate + Ethinyl Estradiol (2mg + 35mcg) Tablet,8028:1,01373e45-dfe9-4ccb-9024-eb577bf052ef,325c37ff-189f-4f1b-8247-333be3efdc21
Nitrofurantoin 25mg/5ml Oral Suspension,8019:1;8021:1,cfed7e99-b662-4365-8b18-036635db211d,bbfb9e4d-c6b8-49dd-b35f-a4b4d6660419
"Lidocaine HCL + Adrenaline (2% + 1:200,000IU) in 50ml vial Injection",8021:1,017aefd8-80d4-490c-8d28-04397202a7d0,a53a5f00-a8b8-498e-9577-e30e432e8475
Noradrenaline 1mg/ml in 2ml Injection,8019:1;8021:1,db330405-d260-430b-a791-d1e00b63443d,79b77e75-c80d-404e-b6db-c4e546aeeade
Cytarabine 20mg/ml Ampoule Injection,8019:1,dcc6e0cf-9481-4ee9-8a66-82913fe43a6c,78dfb465-b0ef-4b02-a53f-e591f426d343
Fluorouracil 250mg/5ml in 5ml Ampoule Injection,8021:1;8019:1,8c86b281-850f-4393-9e4a-3beb670178ae,e8620c45-412c-4567-b2f6-4b301c296088
Albumin 250mg/ml in 100ml Injection,8021:1;8019:0,2442f543-02d0-474e-b661-fdf1192da65a,444ffe20-a823-476f-8993-17c62c241917
"L Asparaginase 5,000 IU Injection",8013:1,87ec568f-5dd3-4c47-b07a-43ee11c039b0,6392ca73-ee00-458e-87f7-48e03d715099
Protamine Sulphate 50mg/5ml Ampuole Injection,8019:1;8021:1,5b564f70-07fc-4e21-b07e-3c56adef5ea0,de4ef061-e36b-4d43-8015-af77066cf396
Lidocaine HCL 0.02 Gel,8010:1,d7f21baf-6846-4488-9f3c-0eddcfc89999,6bc927f7-1091-4e3c-b920-e90b3838b472
"Soda Lime, Carbon Dioxide Adsorbent Aerosol",8010:1,796950c9-9a0f-4fdb-b3b1-275c5b9a5fc5,be13e46a-d2f4-4e7f-8171-3779728338dd
Epirubicin Hydrochloride 50mg in vial Powder for injection,8009:1,436b3632-2324-441f-b98e-b9b2cb520a04,a43e3582-4e0d-4f37-9f35-cfd8836c8d4f
Beclometasone Dipropionate 100mcg/dose Aerosol (Oral Inhalation),8024:1,606d24c5-3313-4b12-9cd6-1fe6d5be3bd3,71cc5759-a138-45bf-a97b-4a6df15a3fe7
Proparacaine HCL 0.005 Eye drop (Solution),8021:1;8008:1,4ad02552-eff5-4044-80e4-4bb6e1c51cc7,92ed22bf-bbfa-41c2-a059-c39bcaf5c752
Hydroxy Propyl Methylcellulose 2% Eye Solution,8021:1,afa378f9-75b3-4e71-a02c-6330c382ac69,9d1fff42-62c5-435a-9fc6-01e63ddd7104
Azacitidine 100mg in vial Powder for Injection (Lyophilized),8019:1,26fc7d1d-f987-4873-9975-ade41180f20b,c98a107a-3c92-4365-8abe-b17033afdce4
Amoxicillin 125mg Tablet (Dispersible),8019:1,0fbf6581-14bb-49bc-b1ad-b971a3573017,5b40dc12-8cb2-4e18-a5ee-ef9f547dbb9f
Pantoprazole 20mg Tablet (enteric coated),8019:1,3e06d579-bee1-4ff3-bc57-63709dc5abb6,1c9c4fca-be45-4100-a591-ded1a33eada3
Gliclazide 40mg Tablet (Sustained Release),8019:1,496c1c43-c22a-4a99-b23c-d1d55d031bb4,e3227ed6-b26c-4459-96f8-f9f2391477a6
Flucinolone Acetonide 0.03% Topical Cream,8009:1,439d2912-642d-4e8a-836a-e5a942b46c20,ceca7250-895a-4420-a554-c6900e2bffd2
Crotamiton 10% Topical Cream,8010:1,3228b965-d510-408b-b922-09f91d1af38e,acfaf317-81ba-42b7-8cb7-15066654596f
Acyclovir 5% Topical Ointment,8010:1,dc4de592-a1c1-4b00-baaf-83a1774ecd7f,2a2b33c9-e7c6-47ac-a236-9a97e0bb708c
Microbiology Carbenicillin 100µg,8009:1,2b814ebd-7b62-43bc-8979-9acd19f241b8,962a978c-e104-4547-8667-536e5a28cc3d
Vitamin B6 (Pyridoxine HCl) 25 mg Tablet,8019:1,2d7c02f3-c011-4db1-a49c-0bd48449ef6d,52ccd06f-63d6-427d-b713-f02b3ed6ad8c
Methotrexate 5mg Tablet,8019:1,5fa31fb7-6bee-45b8-a30e-df1155cdc273,220c7890-ef7f-4e7a-9df8-33df6c44e981
Acyclovir 40mg/ml Oral Suspension,8021:1;8019:0,dab15c51-4c96-4629-abcb-6fa16cf697db,2a2b33c9-e7c6-47ac-a236-9a97e0bb708c
Snake Venom Antiserum Polyvalent Injection,8021:1,b440aaf7-c736-409a-a3d5-4d15fa837bf8,e29f8a4c-ec71-4d36-8b00-951f600d26f4
Bupivacaine Hydrochloride 0.25% in 20ml Vial Injection,8021:1,b4c58671-a424-43a1-8ab8-cfad8940dd30,d4dbb8da-3f9d-449b-ba72-824abce5e6b3
Granisetron Hydrochloride 1mg/3ml in 3ml Ampoule Injection,8019:1,3297393b-4a5a-419e-8a67-8df2e967c283,1d77cf90-3a55-489d-95b4-fdfdb7251333
"Vitamin D3 (Cholecalciferol) 200,000IU/ml in 1ml Ampoule Injection",8021:1;8013:1,95f2a0d8-6620-489d-acfa-f6d8fadd4b69,ab3dfdc4-c783-41c5-b3c2-6fdf6d7f9c4f
Anti Rho (D) Immune Globulin 300mcg in 2ml Vial Injection,8017:0;8021:1,8592d9b0-c753-47a8-8b5c-d48104e121f1,bebe3ea7-440c-47b1-abc8-c076de9032de
Tetrahydrozoline HCL 0.0005 Eye Drop,8008:1;8021:1,60cc384c-b6c6-4f91-85fe-ce0e68fc50d6,44a50db5-0cf5-4864-b962-258c56e29369
Dexamethasone 0.10% Eye/Ear drop,8021:1,82acca4d-faf0-47e5-86aa-7202315b77e0,3e8c8a91-deb4-47aa-8d70-f6b041c1135b
Chloramphenicol 0.50% Eye/Ear drop,8021:1,3b205774-ab75-4df4-836f-98a40ff42cb1,2ebe9bfd-c1d4-414a-bbb8-48bedfb7751d
ReSoMal 42gm for 1 littre preparation Powder,8025:1,d235c8c1-3b64-46fc-a937-75b27cc123cc,3ae06f5c-e48b-42d1-a1d5-e7bcf92bb07c
Oxaliplatine 100mg/20ml Powder for injection,8019:1;8021:1,450ce3b4-fbfd-496f-b6aa-3bb2ebb9ef0d,b292e482-dace-4fd6-a473-18c586eee1ad
Ceftriaxone 0.5g in Vial Powder for injection,8019:1,0f73c0a0-c02d-46c4-a2fd-af7b0105a890,465afd31-7b55-4add-896b-19e84fd92ca2
Cefepime 1gm in Vial Powder for injection,8019:1,b4df435b-79fd-4918-bf3e-77fa0f1f7365,9f13bef5-2ed9-4762-8d11-1d7dbbf3249e
Cyclophosphamide 500mg in Vial Powder for injection,8019:1,e3ca7c6f-734b-42b7-8876-de3283ebfe3d,71f7e70f-5db5-4e02-a189-27ac95921843
Sodium Nitroprusside 50mg/vial Powder for injection,8021:1;8019:1,ca94d247-ede4-4cb1-bfd7-b62bae35a435,32d98ab0-5d7c-449d-aeeb-9eb550f303f6
WHO Diarrhoeal Disease Kit 8.4%w/v in 25ml ampoule Pieces,8016:1,b33efc90-a6c0-471a-a7db-b8fed09f641d,e0375c02-be80-4902-9409-95e6add748d4
Ipratropium Bromide 400mcg/dose Aerosol (Oral Inhalation),8024:1,5af5dcac-f5af-4410-91e0-2a99953d4120,17052119-cb75-45af-9694-a71a94022875
Betaxolol Maleate 0.50% Eye drop (Solution),8021:1;8008:1,9b5dedcd-275f-46d6-a5bd-2836495a3443,117290ea-cb04-40ce-b16e-1e79b98a39cf
Insulin Soluble Human 100IU/ml in 10ml Vial Injection(Solution),8021:1;8013:1,c2ddf8bf-0e95-44b9-ba95-9c6551f17353,1918d434-90eb-4bc0-8bd4-7495dd666002
Ceftazidime 1g in vial Powder for Injection with Diluent,8019:1,49dca18e-7dc6-4f2f-b53e-6d5f712f3eff,a86e241c-4eb1-4110-b97d-e66353a4a18d
Dexamethasone 0.25% Topical Ointment,8010:1,89ba84ea-2ddb-4b04-802f-d25a210c8b98,3e8c8a91-deb4-47aa-8d70-f6b041c1135b
Stabilization Center Kit for Emergency Health and Nutrition,8009:1,74b97620-437b-44c5-ba03-54da0235ab32,f5c785f9-e041-475a-8738-307c562ca906
Mometasone Furoate 0.001 Cream,8010:1,5954bf03-66e0-4945-88ab-3bec697b4c4d,cb49b03f-237c-445d-95c5-6bd6fd92d989
Zinc Oxide 0.15 Cream,8010:1,68f25366-ea7a-4f71-894c-d5eb1a4d0325,8a9a2967-4ea8-4710-b7e6-3051a4053f8f
Ibuprofen 100mg/5ml Syrup,8019:1;8021:1,042147ff-f723-403d-946b-5592cf369378,bdaab1d7-2627-40a0-84cf-086b605221a3
Diphenhydramin Hydrochloride + Ammonium Chloride (250mg + 2.5gm)/5ml Syrup,8021:1,f7292f0a-c8db-4428-b6f6-bfd0c981ea98,f7a80174-242a-4ef6-b923-b800f49a3e6d
Sulphamethoxazole + Trimethoprim (100mg + 20mg) Tablet,8028:1,2a8e9780-a604-4f40-9733-8630c5ea3954,8fc8c5d7-107d-42a6-b81e-fc017481ca58
Lamivudine + Stavudine (30mg+6mg) Tablet,8028:1,b4a27260-5829-4b3e-be31-e22fab9cf726,be46f474-0b80-460f-a293-b165b520aeea
Chlordiazepoxide + Clindnium Bromide (5mg + 2.5mg) Tablet,8028:1,57b13583-9700-4bad-b501-fc109f4b7d31,df5e3a06-9708-44bd-9cba-4ce101187d1b
Danazole 100mg Capsule,8019:1,5a05ea68-c1ee-4bba-8356-6912ba75d204,f5252b83-9a89-4f44-81c0-caca8578e836
Cyclosporine A 50mg Capsule,8019:1,c83adab9-4091-48f6-9d36-860fcdfcfd07,21a602a8-d5cb-4817-83d4-b3ab694752b5
Cefuroxime 125mg/5ml Oral Suspension,8021:1,0ca10097-943d-467e-975b-fc64a977e7d5,0adfc81b-c125-4398-a711-7fc573f0fa82
Acyclovir 200mg/5ml Oral Suspension,8019:0;8021:1,5a2dd589-b73d-4927-b69d-130d55945286,2a2b33c9-e7c6-47ac-a236-9a97e0bb708c
Aluminium Hydroxide 500mg Tablet (Chewable),8019:1,32bccd96-746b-46f3-8fb9-6914ddef388b,26bdc123-0a25-4b66-beae-fb613d6a286c
Hyoscine (Scopolamine) Butylbromide 20mg/ml in 1ml ampoule Injection,8021:1;8019:1,ba00ff1e-6c68-4bb5-ace1-babfb3b8bf2c,76678d90-6fe8-4844-b5e8-b73be4ff1680
Fentanyl 0.05mg/ml in 2ml Ampoule Injection,8019:1;8021:1,3ff72a7b-76bb-4d08-a478-2ea6b7046c2d,f644047d-00f2-4e9b-9a0e-1ae40babbbc1
"Neomycin Sulphate + Hydrocortisone + Polymixin B Sulphate (3.5mg + 10mg + 10,000U)/ml Eye Drop",8010:1,dc3af52f-6e41-44a2-ac21-4c7766de8443,92a4819e-2a92-465d-a737-7fcf14fcf728
Epirubicin 50mg in vial Powder for injection,8009:1,734075a8-dd14-4c06-99f9-5bf4cf375ef3,007f4b64-fb72-42b2-9bf1-dd79e2ca81e3
Ceftazidime 0.5g in Vial Powder for injection,8019:1,f12f3a95-b16b-4786-b053-9141c79d77c0,a86e241c-4eb1-4110-b97d-e66353a4a18d
Bendamustine Hydrochloride 100mg in vial Powder for Injection (Lyophilized),8019:1,4d7f2d57-63b8-4f1e-9d4e-6e8c5ffe952e,95b77bc8-fb9c-4b10-a324-4334f5206ca7
Ceftriaxone 500mg in Vial Powder for Injection with 1% Lidocaine Hydrochloride (Intramascular),8019:1,5933f28d-4c28-4a52-b621-349e09c672f0,465afd31-7b55-4add-896b-19e84fd92ca2
Ifosfamide 3gm in Vial Powder for Injection with Mesna,8010:1,fc372e41-2e02-4f5a-86da-67f0a5fd8631,3b1be442-945d-43df-b492-bf7ec7f0d8bc
Amoxicillin 250mg Tablet (Dispersible),8019:1,1cc3efdd-df81-48da-8a02-446a26c44be8,5b40dc12-8cb2-4e18-a5ee-ef9f547dbb9f
Gliclazide 60mg Tablet (Sustained Release),8019:1,933040e1-89ed-45d8-a891-152163c8552e,e3227ed6-b26c-4459-96f8-f9f2391477a6
Permethrine 0.05 Cream,8010:1,57bd1f48-e13c-4e73-87ae-74ed2003f873,3315e017-594b-4a74-89c0-16bf0edb79b0
Permethrine 0.05 Lotion,8021:1,a6bf83cd-fba1-41a4-b193-c9662a47bcd7,3315e017-594b-4a74-89c0-16bf0edb79b0
All Trans Retinoic Acid (ATRA) 10mg Tablet,8019:1,c9f0f198-f9eb-4016-afb9-d701bc6f3d98,ea780f42-e1c4-46b3-9831-0dec6be3cb43
Prothionamide 250mg Tablet,8019:1,f9819386-dd79-43a1-8562-d2eeec249a0c,4619419d-1d7a-4e29-8a4d-7b0a40e215fb
Sulphamethoxazole + Trimethoprim (800 mg + 160 mg) Tablet,8028:1,4355462d-f615-4e77-8298-101575b452f5,8fc8c5d7-107d-42a6-b81e-fc017481ca58
Cycloserine A 250mg Capsule,8019:1,afb68116-ca05-4e56-9c74-26976372ee76,910870eb-c0f5-429e-95a9-0d832fe040b7
Cycloserine A 50mg Capsule,8019:1,fddd05fc-829d-4d5d-bb69-0f48c3bce2f5,910870eb-c0f5-429e-95a9-0d832fe040b7
Clinical Chemistry Albumin Liqucolor Injection,8009:1,a8adc399-cb89-4e03-bbeb-24bb50d8aab9,e597325e-91af-4480-adbc-ad1f2e6c12b4
Cisplatin 10mg in vial Injection,8019:1,f1324520-d9cd-4d1b-bd98-00514e457ef6,e5749ba3-716f-486b-9055-7323d5f66a2e
Vinorelbine 10mg/ml in 1ml ampoule Injection,8019:1;8021:1,d1687683-0049-4698-9b19-8deb8430d579,6ea3cf62-cdbb-42b0-bbde-1a29c3a1985b
Tetracycline HCL 2% in 2ml vial Injection,8021:1,8d51a30e-3fdc-4180-9f9f-e8444a3bf7b4,8ea48c91-d121-46aa-8d14-c8a73876df3f
Paromomycin Sulfate (Aminosidine) 375mg/ml Injection,8021:1;8019:1,01f60439-305c-4442-b7db-24f2dd624960,7a6099e5-346d-4d7a-837f-a027679bc2bc
Vitamin B6 (Pyridoxine HCl) 50mg/ml in 2ml ampoule Injection,8021:1;8019:1,db3de21f-9662-4c89-9565-7e5488d71e26,52ccd06f-63d6-427d-b713-f02b3ed6ad8c
Vitamin B1 + Vitamin B6 + Vitamin B12 (100mg + 200mg + 1000mcg) Injection,8000:1,01cf5a1a-a7a0-4dfb-bd4a-29e135cb8270,af44cfc9-6b8f-49ad-aebd-c2751697eb38
Doxorubicin Hydrochloride 10mg/5ml in 5ml Vial Injection,8019:1;8021:1,6c1207f8-2a9a-4fdb-b0e1-c2b1c28ce629,a9c30e5d-ac51-4f6b-98f6-690aaa804d47
Fluorouracil 500mg/10ml in 10ml Ampoule Injection,8021:1;8019:1,397e948a-6eec-46bd-a767-2b39577745cd,e8620c45-412c-4567-b2f6-4b301c296088
"Vitamin D3 (Cholecalciferol) 600,000IU/ml in 1ml Ampoule Injection",8021:1;8013:1,c9614aac-a5b5-4821-bbb7-0718099c98be,ab3dfdc4-c783-41c5-b3c2-6fdf6d7f9c4f
Paromomycin Sulfate (Aminosidine) 750mg/2ml Injection,8021:1;8019:1,5e137d49-6402-46b7-8e86-0ff03172d718,7a6099e5-346d-4d7a-837f-a027679bc2bc
Timolol Maletate + Dorzolamide (0.5 % + 2%) Eye Drop,8021:1;8008:1,f7b0425a-4f94-4831-8b4e-df478561d0f9,cb99666b-a901-4586-95d9-f98d36dfe6e5
Ciprofloxacin 0.30% Eye Drop,8021:1,3a56a2dd-8ec2-4bff-9f83-2f39d4ee2ef8,f8e5dce6-bbf4-416e-9966-f08e47613771
Oral Rehydration Salt 21.8gm for 1 Littre Preparation Powder,8010:1,5bfe00f4-975c-4516-a421-acb66c3da917,4bda8f8a-a2b3-47ca-91d2-a988f44eb6d2
Cyclophosphamide 200mg in vial Powder for injection,8019:1,d885bf5a-ad6d-4436-934c-1b0c7f999fb0,71f7e70f-5db5-4e02-a189-27ac95921843
Lidocaine HCL 5% in 2 ml Injection (Heavy),8021:1,44188cff-a4e4-43e9-9759-e16a0eb90cdc,6bc927f7-1091-4e3c-b920-e90b3838b472
Paracetamol 10mg/ml Intravenous Infusion,8021:1;8019:1,2ea70a77-25dd-4965-9b20-b974e2b0fac2,cadb8343-e5ae-45f2-ab0d-4322eafb8038
IUCD (Intrauterine Contraceptive Device) Long acting (CU380 A),8009:1,6010a5d0-5096-4425-9c57-9fe73f5b301d,4ef35e4d-41f7-4d0a-a968-7ca6fb242163
Citarabine 100mg in vial Powder for Injection(Intrathecal),8019:1,6eea27df-3682-4541-94fc-3bf6e5c3bb65,348cf09a-7eb8-4ea7-882a-666314b36215
Didanosine 2gm/200ml Powder for Oral Solution,8009:1,ca350947-a10e-47d0-be98-9f513dbf5ae2,aed97f5d-c903-4bb8-b832-887256b255bf
Esomeprazole 20mg Tablet (enteric coated),8019:1,68538b98-2d17-4858-8410-f380388b7050,c5705a02-d72f-4583-bcc6-75123f639d72
Nifedipine 40mg Tablet (Modified Release),8019:1,6757ca4e-fc88-4da0-9e0c-b66662c8e97f,34da515b-26d1-4df9-83e5-3201e3ed6e6a
Gentamicin 0.10% Topical Cream,8019:1,d3e92f60-5a30-414a-bf5b-153306d7bbea,b6871d46-d18c-4d79-b455-9ea18c35f907
Betametasone Valarate 0.10% Topical Cream,8010:1,d15ed8b9-3029-42b4-b60f-75917cca86b2,e9611ea3-4171-4ccc-9cb1-9a74e668396e
Betametasone Valarate 0.10% Topical Ointment,8010:1,2f196c37-a088-494b-bb2b-70909e2f01ea,e9611ea3-4171-4ccc-9cb1-9a74e668396e
Ceftriaxone 250mg in Vial Powder for injection,8019:1,f3f22790-884d-475b-9e1a-c1c10060dcdc,465afd31-7b55-4add-896b-19e84fd92ca2
Amoxicillin 500mg in Vial Powder for injection,8019:1,dd13c85e-c742-4dae-a3fe-54d86820e3bf,5b40dc12-8cb2-4e18-a5ee-ef9f547dbb9f
Lidocaine HCL 0.05 Ointment,8010:1,60c34d6c-1958-4ba7-942d-e3698e842d25,6bc927f7-1091-4e3c-b920-e90b3838b472
Zinc Oxide 0.15 Ointment,8010:1,d62e341b-4d5f-4a15-b125-9eb12004ebc3,8a9a2967-4ea8-4710-b7e6-3051a4053f8f
"Nystatin 500,000IU Cream",8013:1,6c513306-24ef-429a-a5af-2bf0389c5f44,8b867d47-5d4d-41f9-9b0a-04771c4b83a6
Resperidone 4mg Tablet,8019:1,39dd9b3c-7a31-4f1d-a29d-92af17ae3e2f,2cbf56bd-f637-4fb2-a8c1-33469aebd676
Lamivudine + Nevirapine + Zidovudine (150mg + 200mg + 300mg) Tablet,8028:1,5e53aebb-ba1e-43e6-bfb5-67a704f76bf8,b50dc483-a3ba-461b-8608-6904dd22f728
Lamivudine + Zidovudine (30mg + 60mg) Tablet,8028:1,a8188bf5-9e71-41af-9c46-e97128f62aad,caf7338c-3ee1-4e82-a4f3-4c1c4d3e1098
Lamivudine + Stavudine (60mg+12mg) Tablet,8028:1,f01aa6ec-9201-4bd1-8c2b-d947a829d19c,be46f474-0b80-460f-a293-b165b520aeea
Oseltamivir Phosphate 45mg Capsule,8019:1,2a8a732e-1cbf-4720-93b4-4ee2f6af87cc,8bf7497d-f6e7-4c85-90db-35e5d7f63a49
Amoxicillin + Clavulanic Acid (125mg + 31.25mg)/5ml Oral Suspension,8021:1,02f57bb5-5e40-49b3-a865-fd4a11c2fa5f,826956a6-7f84-42a8-9871-cc40aeb77cb2
Artemether 20mg/ml in 1ml ampoule Injection,8021:1;8019:1,4c09bfbd-9569-4238-ba8c-f5c958622605,f43a3209-40b9-4b55-a77a-e38006c8be40
Paclitaxel 300mg/50ml Injection,8019:1;8021:1,7e38e487-59b0-4ace-bc4d-08bdcbcab77b,f1d467f5-58e3-4d98-bd5f-0a780ab2f1f2
Ampicillin Sodium + Sulbactam Sodium (1g + 500mg) in Vial Injection,8031:1,6a8717c8-4227-478f-9afd-800cc492a70f,bebebdf2-40e5-48c9-9f5e-1dba1fc181ab
Verapamil HCl 2.5mg/ml in 2ml Ampoule Injection,8021:1;8019:1,4df8c8ed-84e2-4629-b35a-5bda797634ad,bb5fa4fc-a778-4df9-a236-0d8e6dc8d410
Filigrastin 300mcg/0.5ml in 0.5ml Ampoule Injection,8017:1;8021:1,60cba8d7-fecd-4174-9495-6d7857015f05,b531743e-b0b3-47db-a915-825cfc22e4db
Filgrastim 300mcg/0.5ml in 0.5ml PFS Injection,8021:1;8017:1,b811699f-fd11-4cf7-97c1-3e66f9cec930,6543a51e-5e31-4915-83ff-23f3fc53e065
Dexamethasone 4mg/ml in 1ml Ampoule Injection,8019:1;8021:1,9e997fd4-a974-47bf-8775-69c1ddb55b92,3e8c8a91-deb4-47aa-8d70-f6b041c1135b
Folinic Acid 50mg/5ml in 5ml Ampoule Injection,8021:1;8019:1,81ce6499-653d-445a-832f-c4f99843696c,59e5936c-b10c-4ab2-86e9-21088dd6060c
Goserelin Acetate 10.8mg in PFS Injection (Depot.oily),8019:1,e00650e6-edfd-46cd-91cd-b844953dcf50,ff10ee37-b116-4fc1-922a-cada885075b1
Tetracycline 0.01 Eye Ointment,8010:1;8009:1,f9351431-1bd4-4c2e-b06e-cabbeb8e9bea,1dbc7501-d5ff-4f00-a919-f82d95d231ae
Oral Rehydration Salt 20.7g for 1 Littre Preparation Powder,8010:1,812f6900-7067-4166-a6c3-560913ee4371,4bda8f8a-a2b3-47ca-91d2-a988f44eb6d2
Chloramphenicol Sodium Succinate 1g in vial Powder for injection,8010:1,a6932331-d183-4144-b9f6-9fe6c79ad34e,1741debb-e276-4f4f-9908-9c8f96f39c5c
Daunorubicin Hydrochloride 50mg in vial Powder for injection,8019:1,1311f9e8-1244-4e42-9dae-60a81a6a54d9,c5534b56-b734-4732-a14c-542886b3b632
Vinblastine Sulphate 1mg/ml in 10ml Vial Powder for injection,8019:1;8021:1,90a5b49b-ed01-4ab9-99e1-fecd142e1c2d,448920af-149f-4ee4-97fd-748227f3dc78
"WHO Diarrhoeal Disease Kit ""Kit """"Support Module"""" of 1 Carton (Kit 2)"" Pieces",8016:1,e28dfacd-cd7d-4a69-9afb-7ee3416933ad,e0375c02-be80-4902-9409-95e6add748d4
Abacavir (ABC) 20mg/ml Oral Solution,8021:0;8019:1,f8563566-c63f-4bd5-8fb8-5b45ce3fbfe6,2ee42fd9-7a22-413d-ac25-2569058e771d
Testosterone Enanthate + Testosterone Propionate (80mg + 20mg) in each ml Injection (Depot Oily),8000:1,1f5ca8ba-0f59-49d1-94e9-02cff54b3c9c,65b4d966-bf52-475f-abc9-7ae70305a21c
Metronidazole 5mg/ml Intarvenous Infusion,8019:1;8021:1,bc241950-e33f-4cbf-ac21-d3466f2ba830,fdc15df0-53c4-4355-8253-6da000693c4f
Gliclazide 30mg Tablet (Sustained Release),8019:1,af7852ff-33fd-4df5-a86f-701b0ba8f9b2,e3227ed6-b26c-4459-96f8-f9f2391477a6
Clotrimazole + Hydrocortisone (1% + 1%) Topical Cream,8010:1,7afa82e0-7697-43a7-a126-80f06a69570e,e07c8e5e-1ab9-4ba8-9bf8-a914053fead5
Metoclopramide 2mg/ml Oral Drop,8021:1;8019:1,e3452ab9-8069-4a77-8820-02daf2740324,2ed8b06c-aaaa-4048-9b84-e7e0d11d25e0
Ferrous Sulphate 75mg/0.6ml Oral Drop,8019:1,59c47195-a676-4321-90cf-cbb2cc94910c,6ea4c869-f60c-4e4a-8f09-6b4cb0e8a2fd
Lugol's Iodine for Medical Use 5% Solution,8009:1,c37461bb-5bfa-4c7c-83ad-7d925c6fd958,a391092b-1e36-4df2-b72d-e8580dbe319f
Zinc Oxide 0.15 Lotion,8021:1,d6fd3ea1-8817-4dd8-8a26-1c56bd2a4244,8a9a2967-4ea8-4710-b7e6-3051a4053f8f
Ferrous Sulphate 200mg/5ml Syrup,8021:1;8019:1,05e110ff-54bb-480d-9692-9b932d0cb0d0,6ea4c869-f60c-4e4a-8f09-6b4cb0e8a2fd
Phenytoin (Diphenhydantoin) Sodium 100mg Tablet,8019:1,fec29d42-8e92-456b-ae1c-2c277f295211,c9c35724-00d2-4dc7-a7aa-c2380950ec8c
Vitamin B6 (Pyridoxine HCl) 100mg Tablet,8019:1,232ac282-d94f-4d10-bd90-0cded0660bdf,52ccd06f-63d6-427d-b713-f02b3ed6ad8c
Vitamin C (Ascorbic Acid) 500mg Tablet,8019:1,ff18f1b5-173f-4e5a-8fb8-5aa374fa1226,52868fd0-07cf-4ddb-955b-210d212e5751
Vitamin B1 + Vitamin B6 + Vitamin B12 (100mg + 200mg + 1000mcg) Tablet,8028:1,59f320a6-5801-4961-a369-b4ea856a9c96,af44cfc9-6b8f-49ad-aebd-c2751697eb38
Lamivudine + Tenofovir (300mg + 300mg) Tablet,8028:1,e4557d32-87b2-4dde-80a4-1fad1f0e65b9,afaf2387-edf6-421e-b1e8-d66574d3261e
Alphacalcidiol 1mcg Capsule,8017:1,8d3d3158-9334-404d-b664-f92e1f927260,c93a7dee-0c51-4b9e-a0d1-653366c75964
Aluminium Hydroxide + Magnesium Trisilicate (310mg + 620mg)/5ml Oral Suspension,8021:1,efca5982-a615-4457-b267-4de59aa55a93,95790435-98f8-43b4-9ec4-0a76850f755b
"Penicillin G, Benzanthin 1.2 MIU Injection",8020:1,7bf50938-e994-4a67-a699-cd7a94c16ca5,447a2a9b-5da4-490e-be4a-3da4790575fa
Atropine Sulphate 1mg/ml in 1ml ampoule Injection,8019:1;8021:1,406dd846-ca99-45bf-8275-205271d88f17,bb4318a7-9de1-40c9-bbdb-33f63c8b2bbd
Tramadol HCl 50mg/ml in 2ml ampoule Injection,8021:1;8019:1,41de5ede-6592-499a-b4f0-a1df09d033d6,e58b86d6-c69c-4c00-af26-04a8091ed551
Pipracillin + Tazobactam (4g + 500mg) in Vial Injection,8009:1,ab855a3b-af6e-4781-9565-dfb4fed33be1,4cd6f844-a3d6-4dc2-bdc9-49dc6b69d7fb
Noradrenaline 1mg/1ml in 1ml Injection,8021:1;8019:1,59b1db9b-fbc4-45e1-bf6c-f6ddfed7068e,79b77e75-c80d-404e-b6db-c4e546aeeade
Etoposide 20mg/ml in 5ml Ampoule Injection,8021:1;8019:1,7e9d354e-2dea-43a8-b3f2-fcf785f4da5b,ef9911ee-892c-4443-8a03-0f5ef9fd869b
Zoledronic acid 4mg/5ml in 5ml Ampoule Injection,8021:1;8019:1,55b9199c-55e8-4750-a1a0-e436160e65c8,a107cbec-9c0a-4f84-8110-3629c9ca6afa
Dorzolamide Hydrochloride 2% Eye Drop,8021:1,883999fb-b9aa-459c-8d46-b044b6bb4090,2316a2ff-d159-4c61-bc09-560cf006210b
Atropine Sulphate 0.50% Eye Drop,8021:1;8008:1,cb3e608c-917a-48fd-8897-f48691ff67e6,bb4318a7-9de1-40c9-bbdb-33f63c8b2bbd
Dacarbazine 500mg in Vial Powder for injection,8019:1,affe1287-47c6-4f23-8fb4-ed7a7be421a5,3bd57580-9d7c-4b10-affa-dcea51be218f
Artesunate 200mg Capsule (Rectal),8019:1,0cf2bb23-74d7-448c-bd31-f38a6bb29152,cd0b5f4c-9012-45cd-a10e-6d7c149c9981
Fluconazole 100mg/50ml Intravenous Infusion,8019:1;8021:1,b5e7956a-6535-45f8-b1cc-929eedb6c69e,43c52bd0-d39a-41e9-a0e2-c032b98cc503
Paracetamol 1g/100ml Intravenous Infusion,8010:1;8021:1,ba1a1f1b-cacb-404c-90b5-05e096e5d630,cadb8343-e5ae-45f2-ab0d-4322eafb8038
Mannitol 20% in250ml Ampoule Intravenous Infusion,8021:1,3451858b-ac7d-458a-a75c-a729802edde7,a2c3c37c-f290-4b87-8144-3ba4cfe02e0a
Procaine Penicillin Fortified 4 MIU Powder for injection (Buffered),8013:1,585f5b32-06b5-4bd8-a7ea-fa2c59598351,b572b883-8c2a-430a-81c0-38a2fff822c8
Esomeprazole 40mg in Vial Powder for Injection with 5ml Sodium Chloride Diluent,8019:1,6e58c0c7-398e-4adc-a0b2-16aeeacf6995,c5705a02-d72f-4583-bcc6-75123f639d72
Xylometazoline HCL 0.0005 Solution (Nasal Drops),8008:1,8ef457ed-a8e4-4874-839c-83b318edb8c2,3f1d68e5-58ec-4748-bbd2-8508d558982e
Stabilizetion Centerkit for Emergency Health and Nutrition Containing Item No 1 13,8009:1,4a8dd557-38d9-4f49-9188-367003d4dc15,7fc7ddd9-1282-43af-9f1f-1ab494cdf37f
Chemical Indian Ink Solution,8021:1,95315ab5-f88a-461a-aa88-7f42c8a6316b,3a51724a-41d0-425b-ba33-9c230d8c4cf2
Nitrofurazone 0.002 Ointment,8019:1,7553486d-1ca3-4083-a297-d3d0f79b839a,9d693609-2009-40b3-82be-ac91f66f30f4
Sulphur 0.1 Ointment,8010:1,828c5cad-68c1-4836-a3a2-9bc501e0ecfb,04980b7a-7d6d-4b35-813a-acb9fc7669f9
Miconazole 0.02 Cream,8010:1,db017c87-8773-4f8c-8f38-6083c6ff28e1,28592ce1-6abe-4e77-b64d-ad9c066c271c
Lopinavir + Ritonavir (100mg + 25mg) Tablet,8028:1,32cc31d4-2505-44ba-a897-c720b484cfa0,015b1c96-4b91-4275-944d-d68a5af07d30
Prednisolone (Predin Pack) for 24 Weeks Capsule,8003:1,52144ba2-31be-4c27-9d7f-56a88b3ea9b1,993e1af7-a60f-42a9-8658-b5c2041199c2
Hydroxyurea (Hydroxycarbamide) 500mg Capsule,8019:1,e85017c6-4802-42ef-96b9-37e759e7de1f,3c4991bf-aaac-4087-9e7b-9529e84248d0
Metronidazole 5mg/ml Injection,8021:1;8019:1,a637f854-5284-4527-a76f-d82dc0fa3036,fdc15df0-53c4-4355-8253-6da000693c4f
Esmolol 10mg/ml in 10ml Ampoule Injection,8019:1;8021:1,36c578c4-d8fa-4691-94ae-c9c100e6dbdc,8efa26b7-6cdb-47f4-8ad7-5cec04a97e89
Arsenic Trioxide (ATO) 1mg/1ml in 10ml Ampoule Injection,8019:1;8021:1,9bb31185-0e8c-44cb-b327-66019ccb8662,23207458-19d7-40f3-b871-241465ff8bb1
Granisetron Hydrochloride 1mg/1ml in 1ml Ampoule Injection,8019:1;8021:1,8d586085-1401-4e8e-89b8-bc8963ca16bc,1d77cf90-3a55-489d-95b4-fdfdb7251333
Epoetin Beta (Erythropoietin) 4000units/0.3ml in PFS Injection,8031:1,cd8114b4-fcde-4f06-9529-127f1b330b65,23975095-a5ed-4b53-8aed-0ff779160c95
Gentamicin 40mg/2ml in 2ml Ampoule Injection,8021:1;8019:1,acbbcb8f-986e-4f8e-9d02-ad9ea2461a45,b6871d46-d18c-4d79-b455-9ea18c35f907
Dopamine Hydrochloride 40mg/ml in 5ml Ampoule Injection,8021:1;8019:1,b2354b73-a8c6-420e-91ad-e2581c6b90f8,a5503bd5-e489-4aa5-bdfe-6fff9dd89286
Dexamethasone 0.10% Eye Drop,8021:1,821e3cc2-3167-4f8c-8f1b-8ee55aa890cf,3e8c8a91-deb4-47aa-8d70-f6b041c1135b
Flurometholone 0.10% Eye Ointment,8021:1,7031a360-813e-45a7-8ef1-af2be4869f2f,e3bf04fc-77d3-487b-8a8e-0211be11f5e7
Ciprofloxacin 0.30% Eye/Ear drop,8021:1,7b7e06a6-ce54-436c-943a-4a5510a8ede7,f8e5dce6-bbf4-416e-9966-f08e47613771
Hydrocortisone 100mg in vial Powder for injection,8019:1,1364232e-16f2-4ecb-93a5-08ec25f36a11,e10077ee-1cf9-4ae7-871c-22e06a9bfa3d
Amoxicillin + Clavulanic Acid (500mg + 100mg) in Vial Powder for injection,8031:1,e09aa409-c0b8-4a9e-b01a-c587990a03ee,826956a6-7f84-42a8-9871-cc40aeb77cb2
Cytarabine 1000mg in Vial Powder for injection,8019:1,8a8ed0b2-a33f-4854-b14e-38a5dd02dff2,78dfb465-b0ef-4b02-a53f-e591f426d343
Vinblastine 1mg/1ml in 10ml Vial Powder for injection,8021:1;8019:1,a458af0d-5254-479b-8f99-9fec85fa83e9,e45439ea-311b-4625-a9da-915726ef5dbb
Human Chorionic Gonadotrophin (HCG) 5000IU in Vial Powder for injection,8013:1,ae2b65ef-8887-4921-a84e-41bc8dda07fe,6c85dc14-576b-46c6-a154-24e18f9f0d4c
Chloramphenicol 500mg in Vial Powder for injection,8009:1,c23e31b6-5f88-43f9-b1f4-e7912138cd37,2ebe9bfd-c1d4-414a-bbb8-48bedfb7751d
Calcium Folinate (Leucovorin Calcium) 50mg in vial Powder for injection,8019:1,9fe66415-9e3a-41c8-b06a-a19b8cb2b86e,96e77332-53e1-4aa2-bf1e-f2aba408d1f6
WHO Diarrhoeal Disease Kit Support Module of 1 Carton (Kit 1) Pieces,8016:1,774808ac-1c4b-4f5a-832f-abda865fcb91,e0375c02-be80-4902-9409-95e6add748d4
Insulin Isophane Human 100IU/ml in 10ml Vial Injection(Suspension),8013:1;8021:1,345d9b30-4a12-42f0-967a-60953e39bb5a,f48534a4-fe7e-48cb-87b4-c65143e59c47
Esomeprazole 20mg in vial Powder for Injection with 5ml Diluent,8009:1,7f7b3a67-5424-4ab8-8e30-282dc05fd8d2,c5705a02-d72f-4583-bcc6-75123f639d72
Clindamycin 1% Topical Solution,8021:1,537f93cc-01a4-450d-9150-164e852c3876,78ac43ad-0a87-4202-9985-500cfe58368d
"Plumpy Nut, Ready to Use Supplementary Food (RUSF) Paste",8025:1,9d84f842-eccf-4f9e-a17a-d6c1d6fe59cb,403bd0de-245e-4232-a0e2-1ebd7e1ab696
Multi Bacilary (MB) Child Rifampicin 450mg (2 Capsules) + Dapsone 50mg (28 Tablets) + Clofazimine 100mg (1 Tablet),8028:1,7c799555-3b94-4b96-b46e-c09433b9e5a6,a80e8821-abd6-47c4-b2b1-716d03bedaf7
Nystatin 100000 Units/ml Suspension,8021:1;8030:1,bbccb3e3-2997-40c4-bc45-cc83b804e7b1,8b867d47-5d4d-41f9-9b0a-04771c4b83a6
Mupirocin 0.02 Ointment,8010:1,04b6adc1-d500-467a-8884-fe788d7d65a5,f10746f1-6d4c-4f68-aa24-78e189028d5e
Ketoconazole 0.02 Shampoo,8009:1,a33cdafe-8924-48a2-81d5-1ca4eddf2eec,ebd9878c-2146-43d5-82b4-22733bb58f56
Ipecac 7% Syrup,8021:1,c3549b9e-10a7-49ab-b2da-79fdad8aef19,441e8f1e-daa8-4cc2-9f4b-33db54950e53
Norethindrone (Norethisterone) + Ethinylestradiol (0.5mg + 0.035mg) Tablet,8028:1,c291cbe0-85f1-4867-8378-d9e7c1c79572,63ac9240-2573-4f38-a6ec-48de55d819c9
Candesartan + Hydrochlorthiazide (16mg + 12.5mg) Tablet,8028:1,e95d3c57-8b65-4487-b163-9cb88fbec82d,6925e17a-18a3-474e-a763-783e2b3332da
Atazanavir (ATV) + Ritonavir (RTV) (300mg +100mg) Tablet,8028:1,fbb18a37-f1a4-495e-a240-a191389965b0,70914db3-750f-478d-b3c9-744109deb91b
Captopril + Hydrochlorothiazide (50mg +25mg) Tablet,8028:1,f63778d4-766f-4abc-a224-d909d73e3883,0e807d1f-a60b-440b-9120-41f0fe1fc122
Cycloserine A 25mg Capsule,8019:1,01846879-7263-44b1-a045-10c6e8ec8eab,910870eb-c0f5-429e-95a9-0d832fe040b7
Cefuroxime 125mg/ml Oral Suspension,8021:1,2e6f29e3-30c6-491f-92e0-1dd522917005,0adfc81b-c125-4398-a711-7fc573f0fa82
Cloxacillin Sodium 250mg/5ml Oral Suspension,8019:1;8021:1,4e610421-7062-4e3b-9007-7fd2c1394107,59961191-19e8-4adc-9062-c5d8268bc012
TT (Tetanus Toxoid) Vaccine Injection,8009:1,b8f43c7f-56c0-4389-8984-6adda434ca1d,5278ca92-4374-4681-8917-8cdee585afde
Vitamine B12 (Cyanocobalamine) 1000mcg/ml in 1ml ampoule Injection,8021:1;8017:1,4f5f30cf-419e-46b9-bc07-e7ab52aa606a,7b62ddf9-aabd-455f-9416-fbc477e70aab
Vitamin K1 (Phytomenadione) 10mg/ml in 1ml ampoule Injection,8019:1;8021:1,8f99f2f4-7b6b-41bc-82d4-044a3b1d615c,ff5240f2-995d-4697-8ea8-51a2e224eb18
Phenobarbitone (Phenobarbital) 200mg/ml in 1ml Injection,8019:1;8021:1,58d547e7-5d8b-45ed-bc86-a031e837bb7a,8bc1610b-3071-4c79-a5eb-dc8efa6a10b0
Flumazenil 0.1mg/ml in ml Ampoule Injection,8021:1;8019:1,f9d32703-52df-44b7-b23f-6ee2c81d3732,836ab56d-dbb6-4ef6-8987-97d4f192c447
Acetylcysteine 200mg in 10ml Ampoule Injection,8019:1;8021:0,84e2ed01-b12a-4e6c-aa52-929fc51ad73f,2f50cf93-9656-4302-b66c-6ada87258658
Cisatracurium 2mg/ml in 10 ml Ampoule Injection,8019:1;8021:1,e5da58c0-8085-45ba-9ffa-78c06e9b4ebf,ce9c30d4-b59e-434f-a3eb-123c4020ff1c
Enoxaparine 40mg/0.4ml in PFS Injection,8009:1,95996c5d-abbb-444a-9cbd-008dc433aaea,5a670e25-536b-4b9a-81e9-00f5a7549070
Ampicillin Sodium 500mg in Vial Injection,8019:1,6ea29787-fbdf-4d6d-8c7d-6d309f37bdec,c75446ca-4dd0-47f6-89e8-07af7d95a0bf
Amiodarone 50mg/ml in 3ml Ampoule Injection,8019:0;8021:1,866824d3-6c1a-4017-bfc3-f9a607492545,07d66c44-d396-4779-baad-9d92409403ef
Phenobarbitone (Phenobarbital) 360mg/120ml Elixir,8021:1;8019:1,278e169e-1ee8-4f87-84fc-b259c0aff10e,8bc1610b-3071-4c79-a5eb-dc8efa6a10b0
Oxymetazoline HCL 0.00025 Eye Drop,8021:1;8008:1,a493ffdf-4fff-48d0-9c74-89ec48cdacaf,16ae1094-348d-467b-aa3e-8fcc3eb5abd4
Fluorometholone 0.10% Eye Drop,8009:1,b336a2a4-d0d4-4cd8-a95e-f422825238de,1acdc126-cdcb-4857-bc1f-31d7b742f783
Cyclosporine A 100mg in vial Powder for injection,8019:1,950ba4dc-39af-4548-81a1-2605585cbc40,21a602a8-d5cb-4817-83d4-b3ab694752b5
Zidovudine (Azidthymidine) (AZT) 10mg/ml Oral Solution,8019:1;8021:1,e0bdadd9-53ee-40d9-9d19-395705986a1d,7981dd0b-184e-4ce3-a746-64ea91228352
Amoxicillin + Clavulanic Acid (250mg +125mg) Tablet (Film Coated),8028:1,921aad25-8924-46b8-9f61-c6af733d9bbf,826956a6-7f84-42a8-9871-cc40aeb77cb2
Neomycin Sulphate + Polymixin B Sulphate + Dexamethasone (3.5mg + 6000IU + 0.1%) Eye drop (Solution),8021:1,17019c92-b09b-478b-b534-626cc1a3e7e7,b81b450e-1c5e-4041-b4b9-4e38726d5b25
Levonorgestrel 75 mg/rod of 2rods implant rods (Sub dermal) with sterile insertion trocar,8009:1,85881995-d0c2-499b-bc2f-ebcdb54f1507,63a3675a-d22d-43f1-afcc-10d2edc7f323
Medroxyprogesterone Acetate 150mg/ml in 1ml vial Injection with 2ml Syringe (Aqueous suspension),8019:1;8021:1,1ba41072-eeb3-4b1a-9eff-c27be25e4c02,5537975e-ce76-4306-8d58-764e240babdd
Medroxyprogesterone Acetate 150mg/ml in 1ml vial Injection with 3ml Syringe (Aqueous suspension),8021:1;8019:1,2ab396c2-6e21-4266-9415-fbc408493ca5,5537975e-ce76-4306-8d58-764e240babdd
Dextrose 40% in 20ml Intravenous Infusion,8021:1,6e3b2f02-1b9d-4eb0-8deb-bbe6ce093e64,0afe1abb-e974-4655-923c-3fdfc7623c58
Streptokinase 1.5 IU Powder for Injection (Lyophilized),8013:1,d71cec49-0a67-4da5-a3a9-a0f34e3f2734,fecd99ce-220c-4777-8a1e-da2ca84f8f3a
Xylometazoline HCL 0.001 Solution (Nasal Drops),8008:1,c215064a-1476-40f8-bcba-60552a2e2b89,3f1d68e5-58ec-4748-bbd2-8508d558982e
Nifedipine 30mg Tablet (Modified Release),8019:1,4406a7f4-bca4-48a8-8d9b-1dffc67570d1,34da515b-26d1-4df9-83e5-3201e3ed6e6a
Hydrocortisone Acetate 1% Topical Ointment,8010:1,21f469c2-e91e-4e29-a0b5-a28a5e16bf63,58185657-0181-4321-9d67-44ea0f9fdf40
Pouse Baccilary (PB) Child Rifampicin 450mg (2 Capsules) + Dapsone 50mg (28 Tablets),8028:1,461df2b4-16bb-4456-b668-3b8412b2be95,a45cb23c-efe4-482f-83e4-924bb452cd51
Isoconazole 0.01 Cream,8010:1,fcc06be8-4c0a-4622-b356-5410bf00761d,dc28abb8-5b44-461b-a868-70852f302c08
Miconazole Nitrate 0.02 Cream,8010:1,7037279f-cd14-4851-8911-4766a5e3ee07,eab7f642-b76b-4ca5-ad3a-d99a5d347e31
Levonorgestrel(D Norgestrel) +Ethinylestradiol + Ferrous Fumerate (0.15mg + 0.03mg +75mg ) Tablet,8006:1,8a55e50d-48f2-44b1-b62c-1fa1377491d8,fa52a044-d978-4efa-9e35-7ae76855ccc0
Lamivudine + Nevirapine + Zidovudine (30mg + 50mg + 60mg) Tablet,8028:1,202908e3-fe8f-4e6e-a389-463ba1a7a4c4,b50dc483-a3ba-461b-8608-6904dd22f728
Levonorgestrel (D Norgestrel) 0.03mg Tablet,8019:1,e399108a-5ad6-448b-9f15-5366f666a796,770d6e5f-5849-4db6-9995-27a2d4106bbc
"Vitamin A (Retinol) 25,000 IU Capsule",8013:1,7a445f21-36f3-4a1b-acfe-0cf198c4677e,51ca2cec-2669-47ca-a294-d2605c0a3f37
"Penicillin G, Benzanthin 1MIU Injection",8020:1,61780218-640b-4b36-84f1-8ad584c517a1,447a2a9b-5da4-490e-be4a-3da4790575fa
"Tetanus Antitoxin (TAT), Equine 1,500 IU/ml in 1ml Ampoule Injection",8013:1;8021:1,671672d3-b65f-41d6-9f16-2b607142beb3,d38e66af-d044-4f9c-8216-ea5478850d66
Oxytocin 10 Units/ml in 1ml Ampoule Injection,8021:1,ee952a22-16e9-4c64-8aef-bd681ae1a6f2,fff887b5-5b18-43cf-91cd-47d9aae449b3
Hepatitis B vaccine 10mcg/0.5ml in 1ml Ampoule Injection,8017:1;8021:1,48daafc2-0ddd-441d-9969-7c0ee53addde,3ec032f5-9409-49d2-85dc-77235accba37
Fluorouracil 50mg/10ml in 10ml Ampoule Injection,8019:1,4d8cd350-7a35-4574-9e3b-fae9f7fcec6e,e8620c45-412c-4567-b2f6-4b301c296088
Goserelin Acetate 3.6mg in PFS Injection (Depot.oily),8019:1,52bf90a5-396a-4a78-973b-59c186d4a0a8,ff10ee37-b116-4fc1-922a-cada885075b1
Latanoprost + Timolol Maleate (0.005% + 0.5%) Eye Drop,8021:1,e5834058-b79f-461c-addb-c80848258f65,2ce284c9-a3e3-48ed-8c97-ff124a699c00
Timolol Maleate 0.0025 Eye Drop,8008:1;8021:1,4624ebf9-83d6-4c04-8f3a-089e088de46f,bf3c39b9-71be-45ba-ab21-e518e988df06
KY Jelly (Hydroxy Ethyl Cellulose) Gel,8010:1,1b33ee1e-4252-48bc-856c-3615006a6a95,217ceee5-0886-40f1-8bd5-d7b9e4e8d241
Doxorubicin Hydrochloride 10mg in vial Powder for injection,8009:1,3b451b91-e262-45e3-978d-cc50c825c391,a9c30e5d-ac51-4f6b-98f6-690aaa804d47
Dobutamine 250mg in Vial Powder for injection,8019:1,92e8df32-f2cf-4838-8147-c82ea933ca73,0b0639da-0bcd-48b9-8050-15357673418b
Decarbazine 500mg in Vial Powder for injection,8019:1,0bf2a3af-6b39-4c69-b562-d49ea77b8e11,0c4ace53-a3e2-4f41-b4f1-062026311842
Amphotericin B 50mg in vial Injection (Liposomal),8019:1,74e4e203-747c-45dc-b059-25c336c9756e,395d5069-e23d-49bf-9575-f8a4f42a0b92
Podophylin 0.05 Solution (Nebulizer),8021:1,c1c7c6c6-c6d3-4f2d-b8a0-4e3160b09dfb,f89e3108-5a39-4516-a1ba-7eb2ba62084b
Sodium Cromoglycate 20mg Capsules With Inhaler,8019:1;8024:1;8021:1,2dad9f5a-ea2d-44a5-848b-136cb536df9e,f8bf68e1-8b82-4701-bd7c-9b6aad97719f
Measles Virus Vaccine Injection (Live Attenuated and Freeze Dried) with Diluent,8007:1,6d9690cc-4167-4cd9-a0ee-b540101301ba,5002ee91-690d-4868-84ca-df9d3389e451
Oral Rehydration Salt 20.7gm for 1 Littre Preparation Powder (Flavored),8010:1,6f041329-2d4f-4883-aa66-3fe29306d3ec,4bda8f8a-a2b3-47ca-91d2-a988f44eb6d2
Ceftriaxone 250mg in Vial Powder for Injection with 1% Lidocaine Hydrochloride (Intramascular),8019:1,ca3ad31a-c07d-4da0-bacf-233d91d4d53c,465afd31-7b55-4add-896b-19e84fd92ca2
Betamethosone Diproprionate 0.03% Topical Cream,8010:1,98a7ec07-3f5e-42ef-af2c-3b532833a20d,5d4de0cc-c382-42b0-917a-d5649e4ec40e
Hydrocortisone Acetate 1% Topical Cream,8010:1,78f94030-36f7-42b1-bc9f-3f24e89d53ef,58185657-0181-4321-9d67-44ea0f9fdf40
Betametasone Valarate 0.25% Topical Ointment,8010:1,43758058-6664-4c49-95ab-0eba4d06f645,e9611ea3-4171-4ccc-9cb1-9a74e668396e
Icthamol 20% Topical Ointment,8010:1,3a8fb5e4-921e-4f4a-8aea-87c5bf5bad1b,d60b8c23-7289-4ae5-98be-f08f52a097fa
Benzoic Acid + Salicylic Acid (6% + 3%) Topical Ointment,8010:1,3e4f55c9-724b-4256-8a4a-7e57908cd7b7,5489fc1d-b732-494f-8e25-f0b756298de5
Liquid Paraffin Solution,8021:1,f72e38d4-0b5c-4b17-bad3-cc124028fb7c,75af1e7b-381e-44b8-92f7-2421ec04ae39
Theophylline + Ephedrine (2.24% + 0.3%) Syrup,8021:1,6e9dcdad-f4a6-4013-9c8f-61bb57b4864c,af26be25-17c0-4c94-b007-c6564c05ca8c
Phenobarbitone (Phenobarbital) 15mg Tablet,8019:1,b61a6167-e2b9-4949-bffb-fde287eca5c1,8bc1610b-3071-4c79-a5eb-dc8efa6a10b0
Erythromycin Stearate 250 mg Tablet,8019:1,d439f971-7e90-4e8c-a9c0-6f0882747cce,b54c1d2e-af90-4341-86a7-8474a23d416e
UL Cure (Benzanthine penicillin + Ciprofloxacillin + Acyclovir + Water for injection + Syringe) (2.4MIU + 500mg + 400mg + 10ml + 5ml) Tablet,8016:1,60923a17-5977-476b-a5b1-15366e3024da,8d63f7af-8f89-4cb6-ac24-c8d99353e0bf
Lopinavir + Ritonavir (200mg + 50mg) Tablet,8028:1,eea825fc-953b-49b3-aace-01e4e999ce5f,015b1c96-4b91-4275-944d-d68a5af07d30
Bupivacaine Hydrochloride 0.5% in 10ml ampoule Injection,8021:1,df7ce6f9-8d13-427f-8cf7-c04a4a9a7bf7,d4dbb8da-3f9d-449b-ba72-824abce5e6b3
Phenobarbitone (Phenobarbital) 100mg/ml Injection,8019:1;8021:1,ae7ab275-a282-49fd-87c8-815129821007,8bc1610b-3071-4c79-a5eb-dc8efa6a10b0
Vitamin B1 (Thiamine HCl) 50mg/ml in 2ml ampoule Injection,8019:1;8021:1,9ce97146-f817-476e-be75-cb9006d6d089,685c4cc0-5e83-43a7-9f91-4d21b14a6925
Pipracillin + Tazobactam (2g + 250mg) in Vial Injection,8009:1,c59f83c3-b4f7-4f6e-a950-39561396e966,4cd6f844-a3d6-4dc2-bdc9-49dc6b69d7fb
Ampicillin Sodium 250mg in Vial Injection,8019:1,6e35f61e-3b1d-4216-9170-ff711e27d33b,c75446ca-4dd0-47f6-89e8-07af7d95a0bf
Microbiology Ceftazidine 30µg Injection,8009:1,0fb38e9f-df69-4d1e-acca-69dc23b3b915,b01f7596-4c0a-4843-9696-184f94bb1b26
Filgrastim 300mcg/0.5ml in 0.5ml Ampoule Injection,8021:1;8017:1,61d87bf5-7b7c-4b75-a430-58ee02f4ec23,6543a51e-5e31-4915-83ff-23f3fc53e065
Omeperazole 4mg/ml in 10ml Injection,8019:1;8021:1,78f430d8-7436-4f17-9bf0-bcc14f287570,e8b17ab9-dbbb-4603-b38c-4ed07fd0a230
Theophylline + Ephedrine (6mg + 30mg) each in 5ml Elixir,8002:1,df8b9564-3086-4e46-8421-54731c5d0da4,af26be25-17c0-4c94-b007-c6564c05ca8c
Lidocaine HCL 10% in 80gm Spray,8010:1,8d1a2dea-c542-421b-a7dc-c8819ff86f72,6bc927f7-1091-4e3c-b920-e90b3838b472
Tetracycline HCL 0.005 Eye Drop,8008:1,ed0071ba-b0a6-4f19-9896-b75b6edd272b,8ea48c91-d121-46aa-8d14-c8a73876df3f
Pilocarpine HCL 0.04 Eye Drop,8008:1;8021:1,96a63983-3bab-438c-aeff-e8456b6a4ec8,c5c7b0b7-17ad-45a1-b033-927873629771
Ceftazidime 1g in vial Powder for injection,8019:1,80e89027-5485-4b66-ab25-713533f84152,a86e241c-4eb1-4110-b97d-e66353a4a18d
Miconazole Nitrate 0.02 Cream (Vaginal),8010:1,6f2afe6c-9365-4c9c-bb77-fffab9cf1b1c,eab7f642-b76b-4ca5-ad3a-d99a5d347e31
Sodium Cromoglycate 0.02 Eye drop (Solution),8008:1;8021:1,1695866f-23da-4424-9887-a775028b85e8,f8bf68e1-8b82-4701-bd7c-9b6aad97719f
Anti Rho (D) Immune Globulin 300mcg in 2ml Vial Injection with 0.9% Sodium Chloride,8021:1;8017:0,82854118-534b-4bc7-969d-ce9ff1800789,bebe3ea7-440c-47b1-abc8-c076de9032de
Ceftriaxone 1g in vial Powder for Injection with 1% Lidocaine Hydrochloride in 3.5ml,8019:1,5654b9ff-8793-4cae-9844-e3b55b8bd228,465afd31-7b55-4add-896b-19e84fd92ca2
Clotrimazole 1% Solution (Ear Drop),8008:1;8021:1,ffcf2c62-34a4-4dc8-b2e3-ed0cc335bd29,280e2de6-13e0-41ed-a4a0-ea1b471b4005
Betamethosone Diproprionate 0.05% Topical Cream,8019:1,235de89b-a782-4139-baf8-ab5abd9301f1,5d4de0cc-c382-42b0-917a-d5649e4ec40e
Metronidazole + Miconazole (750mg + 200mg) Vaginal Pessary (ovules),8009:1,7051d37e-917e-407d-885f-d7fba36325f8,0b81a796-f92d-4de6-92c7-868a6ec9bf1c
Vitamin B Complex Preparations Syrup,8021:1,f7af62f8-7faa-466a-ae1f-2bbbee671642,1f13806f-0c50-435c-9e37-50c3e0700d08
Minoxidil 5% Lotion,8021:1,ec716afd-e81a-4f00-ad2e-76a5ec2f0dc2,9ca8a5a1-56c8-43fc-a22c-36e13413c2cf
Calcium Polystyrene Sulphonate 15mg Powder,8019:1,106bc026-9f48-4864-b466-e90bd595ee61,c8bba766-410d-4a73-8f5c-e77dfb0a1f34
Calcium Folinate (Leucovorin Calcium) 10mg/ml in 30ml Vial Injection,8021:1;8019:1,c5159208-d815-42e7-b03b-ab7c5c0c75bf,96e77332-53e1-4aa2-bf1e-f2aba408d1f6
Calcium Folinate (Leucovorin Calcium) 10mg/ml in 10ml Ampoule Injection,8019:1;8021:1,0c32c116-572d-46a4-8fb3-9fffc4c5c2be,96e77332-53e1-4aa2-bf1e-f2aba408d1f6
Folinic Acid 10mg/ml in 10ml Vial Injection,8019:1;8021:1,29608a27-3980-4015-9adc-7d3dbdd1f6d0,59e5936c-b10c-4ab2-86e9-21088dd6060c
Cefazolin Sodium 1gm Injection,8019:1,677de65c-a725-4241-a29b-e2e01da162c9,68acb793-8f26-4466-a1c3-8688fe987ee5
Dextran 70 + Hypromellose (Natural Tear) (0.1% + 0.3%) Eye Drop,8021:1,87abf7de-0c04-4492-beac-c068cc3ab188,893459f2-f938-4fee-837e-d7079236511c
Ferrous Fumarate + Folic Acid + Cyanocobalamine + Cuppric Sulphate + Manganese Sulphate (200mg + 30mcg + 1.5mg + 2.5mg + 2.5mg) Syrup,8021:1,4c732b12-39d0-4c2c-890f-fe6321e3df69,f6b7471a-0837-438b-b48e-27ed2a7243d6
Naltrexone Hydrochloride 380mg Injection with Diluent,8019:1,fa5ab5ad-eff8-4370-a178-e94b65635297,20cbed50-a0d9-4352-8424-7d63bc395346
Pantoprazole 40mg Tablet (enteric coated),8019:1,2802de50-2444-4bbb-a5ef-5e3ec6b4d008,1c9c4fca-be45-4100-a591-ded1a33eada3
Spironolactone 50mg Tablet,8019:1,866017bc-1536-417a-b6ba-5bc8bb8bbe4f,b45f7749-ca48-4714-ba83-4ef552bd8544
Sotalol 40mg Tablet,8019:1,18cb544d-ddf4-49ff-a126-031b780df61d,75941bdb-8772-4831-9592-9f43bf999f03
Sofosbuvir 400mg Tablet,8019:1,375a0185-2cb7-48e9-94bd-c523f333ab5c,ef8c2a1e-e6a3-4e29-bcaf-04cc2a55c946
Betamethasone valerate 0.1% Ointment,8019:1,5fceed0b-b6cb-422a-9273-67fb27ddb859,8e0b1497-3b4d-444a-aa98-bd27cd175136
Ranitidine 25mg/ml in 2ml ampoule Injection,8019:1;8021:1,dc19874c-d496-4e91-9cfd-e5e86b0bb5d7,a60e4760-8f72-47aa-a3d3-0de2c6aeb3c3
Water Treatment and Purification 67mg Tablet,8028:1,e8fbfc21-152f-486b-8802-c9c212dc25d6,49f9cf77-a011-479c-8361-87cb1a6bb0aa
Cefuroxime 750mg/ml in 1ml Injection,8021:1,f1401e87-d820-4e18-ac9a-8e2478ad0f7e,0adfc81b-c125-4398-a711-7fc573f0fa82
Cytarabine 100mg/ml in 5ml ampoule Injection,8021:1;8019:1,dab1156f-64ad-42b8-a500-a5c4be0a201e,78dfb465-b0ef-4b02-a53f-e591f426d343
Carmustine 100mg Powder for injection,8019:1,7fcc127f-67e8-4829-9ad2-6735e0a1e1da,d35297df-fa3e-4b89-9fd2-e993ba1d8b28
Phenobarbitone (Phenobarbital) 120mg/ml Injection,8019:1;8021:1,a1e7b0e4-34d3-4456-8eab-37ca0d23ec50,8bc1610b-3071-4c79-a5eb-dc8efa6a10b0
Fluconazole 400mg Capsule,8019:1,2a01ec3b-d34a-40b6-8ec3-7b925e25fc5b,43c52bd0-d39a-41e9-a0e2-c032b98cc503
Noradrenaline 8mg/ml Injection,8021:1;8019:1,8bfd15ab-0c17-41c7-9794-d2b8d4a57380,79b77e75-c80d-404e-b6db-c4e546aeeade
L Asparaginase 6000IU Injection,8013:1,c4b18ab4-dc67-468c-93a7-fe07a8d8cc19,6392ca73-ee00-458e-87f7-48e03d715099
L Asparaginase 2000IU Injection,8013:1,70a86cfc-79b3-47f7-8056-f7b8ad179d88,6392ca73-ee00-458e-87f7-48e03d715099
Folinic Acid 15mg/ml Injection,8000:1,28285f55-049d-4b39-82bd-66b26bf6162d,59e5936c-b10c-4ab2-86e9-21088dd6060c
Cytarabine 100mg/ml in 10ml Ampoule Injection,8019:1;8021:1,70b5dc77-0270-42c7-9ba0-813e04f05d0c,78dfb465-b0ef-4b02-a53f-e591f426d343
Vitamine B12 (Cyanocobalamine) 100mcg/ml in 1ml ampoule Injection,8017:1;8021:1,bf75460e-57c2-4a14-b5bc-3df3f4438778,7b62ddf9-aabd-455f-9416-fbc477e70aab
RH (Rifampicin + Isoniazid) 75mg + 50mg Tablet,8028:1,cf117c75-4962-46e4-9bc2-cec3042fe153,404516e3-7f4a-465d-bfec-55827d8edf36
RHZ (Rifampicin + Isoniazid + Pyrazinamide) 75mg + 50mg + 150mg Tablet,8028:1,009d3529-9cd8-4d96-81a7-3c2b84969fcc,fb5713ac-cf70-462a-a1e7-92082180f95f
Sodium Valproate 500mg Tablet (Sustained Release),8019:1,1a83090f-f019-436e-bc9f-5864b1bd4065,a06f9277-de8e-42c6-8636-07da85dd8f9f
Cefazolin Sodium 1gm Injection with Diluent,8019:1,24175be2-df6a-44f8-9156-746430c453cb,68acb793-8f26-4466-a1c3-8688fe987ee5
Leucovorin Calcium 500mg Injection,8019:1,8d6bce11-061b-48c5-9ff3-17be31517e31,305e28ed-4c85-42ad-853e-af97955587d4
Atracurium Besylate 10mg/5ml in 5ml Vial Injection with Diluent,8019:1;8021:1,99342a0a-2758-4efd-bb7d-a0a8c719d07a,12d5cd76-2e69-466a-98ce-b1e57a874922
Cefuroxime 250mg Tablet,8019:1,fa770195-abeb-49ec-9d2a-8fa66a835962,0adfc81b-c125-4398-a711-7fc573f0fa82
Miconazole 20mg/ml Oral Gel,8010:1;8021:1,67e0621e-a3a0-419d-bb8d-c048c946f37e,28592ce1-6abe-4e77-b64d-ad9c066c271c
Calcium Polystyrene Sulphonate 15gm Powder,8019:1,9577be47-d07d-41c4-afb3-432e64bff8ce,c8bba766-410d-4a73-8f5c-e77dfb0a1f34
Chlorhexidine gluconate + Cetrmide 1.5% + 15% w/v Solution,8021:1,41fd5164-8d80-4432-9705-c2980676edc7,d4e01c6f-40ec-4165-a124-b31a4e3c73bf
Pantoprazole 40mg Capsule,8019:1,70368793-3637-4216-bea3-fd2346a5ad29,1c9c4fca-be45-4100-a591-ded1a33eada3
Water Treatment and Purification 2.5gm Powder,8025:1,8ae77a12-979f-46c3-a748-9fb5cb2b5fb7,49f9cf77-a011-479c-8361-87cb1a6bb0aa
Misoprostol 25mcg Tablet,8017:1,1b80c06f-c56b-4132-8e7e-279e4e632d0e,40d8b4f7-6c07-4e2b-98ac-12ba6f3ee387
Aceclofenac 100mg Tablet,8019:1,c0f2e1a4-05d5-44ce-b03d-e197604fd866,41cefa8e-3dbc-4f2e-ae4e-06104f37eb55
Rabeprazole 20mg Tablet,8019:1,6881f5fc-ea2b-41d4-bc78-daace49df4ed,a45cde8f-c4b3-49f0-b166-6d6ba6c4b4d9
Paracetamol + Pseudoephedrine + Chlorpheniramine (325mg + 15mg + 1mg) Tablet,8028:1,a1141c45-1a5d-4fd9-8842-d1fb3cc6f43e,eb03bb1a-a669-46ae-9b3f-693c9a338283
Levodopa + Carbidopa (100mg + 25mg) Tablet,8028:1,6e49dc57-3efb-462a-8aad-07b56025a7b8,2a36d239-cfa6-4d82-ae2d-10c7e08a375b
Ferrous Sulphate 325mg Tablet,8019:1,18965304-e907-49da-81fa-2a46d52b3fb8,6ea4c869-f60c-4e4a-8f09-6b4cb0e8a2fd
Chlorhexidine gluconate 0.12% Oral Solution,8021:1,bb6695e6-6758-4f72-b836-f693c3f2d794,e90f1e86-c852-476b-93ed-f5ad4fc13509
Zinc ORS co pack 2 sachets ORS 20.5mg/ml + 10 Zn 20mg dispersible tab,8009:1,d5b191f8-af9e-404a-b1bc-a2d676f92a08,de3f5e9f-2ea6-4026-a543-7cf21daab855
Silver nitrate pencilin 40% for single use,8009:1,bf1fed59-fbbe-42f0-87e1-457042cfcd8b,9b2bf7c6-4cd2-4f1a-b348-536cb8f3014b
Ferrous Fumerate + Folic acid + Copper sulphate +Manganese sulphate (200mg + 1.5mg + 2.5mg + 2.5mg) Syrup,8021:1,a4dc5b0d-6ba2-4518-8bb6-75c36faf9b54,03a5c81e-bc34-4d6e-a77d-19d3abc33cec
Oxcarbazepine 300mg Tablet,8019:1,699074d2-777b-477d-a56c-9ce9a337d88c,9c08e73f-21d8-465b-98dc-4f5599159b15
Abacavir (ABC) + Lamivudine (3TC) (120mg + 60mg) Tablet,8028:1,f7d2f54f-5bc3-4e9b-85d9-ab3e8ddb5906,e546d9f0-73f8-491a-84d7-047f6313184f
Darunavir (DRV) 600mg Tablet,8019:1,8a224cfd-2ed9-492f-98cc-099dd1f7b1c7,9093db7a-5141-443c-97ce-c9d3d98d8530
Darunavir (DRV) 75mg Tablet,8019:1,b49de48a-cc35-4934-a9d3-9ee1b89e9af8,9093db7a-5141-443c-97ce-c9d3d98d8530
Lamivudine (3TC) + Dolutegravir (DTG) + Tenofovir (TDF) (300mg + 50mg + 300mg) Tablet,8028:1,a8575770-066f-47ac-ac7c-d2a5ffb79a4b,d937bd63-de3e-4407-a005-4dfaa905100d
Lamivudine + Efavirenz +Tenofovir (300mg + 400mg + 300mg) Tablet,8028:1,117621d1-3bce-41f5-9313-734119ff2b54,034219bf-5eb8-4e23-bf76-81330a072a84
Lopinavir + Ritonavir (40mg + 10mg) Capsule,8003:1,1649eb55-9510-470b-a54f-dd8edd7d81c3,015b1c96-4b91-4275-944d-d68a5af07d30
Raltegravir (RAL) 100mg Tablet,8019:1,c7027072-21de-4eff-a291-b8b1185d9977,71ccf551-b021-434c-bb5c-dec4cffc5f40
Ritonavir (RTV) 100mg Tablet,8019:1,345e6af8-b094-45b5-b4b5-d5a4c067f1c3,d2cb3932-1696-44bc-8d93-158b31b5ff0a
Ritonavir (RTV) 80mg/ml Suspension,8019:1;8021:1,965c370e-da02-4486-adff-e6f5eb22d0c4,d2cb3932-1696-44bc-8d93-158b31b5ff0a
Dolutegravir (DTG) 50mg Tablet,8019:1,a4149ea1-efc0-4e5b-99c7-bb9a7fb6cbb9,0d382b80-1751-49de-9f02-84cfd90302fb
Daclatasvir 30mg Tablet,8019:1,d37d648a-2338-4eee-ad7e-0d7f3a9a1b8d,708a55eb-3907-4a94-adb5-f85833d8886a
Oseltamivir Phosphate 30mg Capsule,8019:1,9dccd7ff-670f-422d-8b19-a01b49ebf625,8bf7497d-f6e7-4c85-90db-35e5d7f63a49
Lidocaine HCL + Dextrose (53.3mg/ml + 75mg/ml) in 2ml Injection,8021:1,9c17dd90-26a0-4b97-91f5-78b04e54daf5,d60ffc38-959c-4403-8572-cf2e9b048e38
Monovalent Oral Polio Vaccine (mOPV2) Oral Drop,8008:1,6e7d967e-d993-4d6e-81ba-dd15a36e0c19,1ee6e121-7e1a-45bb-a9cd-e4dcc4156615
Artemether + Lumefanthrine 20mg+120mg (6x1) Tablet (Dispersible),8028:1,be2b560c-b221-4e05-b128-6381dba9120c,61015b67-827b-4b52-a8c0-6f3a7e82b67f
Artemether + Lumefanthrine 20mg+120mg (6x2) Tablet (Dispersible),8028:1,53eae3ec-00ea-453e-b2a5-7d6b3478e90d,61015b67-827b-4b52-a8c0-6f3a7e82b67f
Amilodipine 2.5mg Tablet,8019:1,13e33dcb-8149-4d41-ab0f-7f647625c587,29bce6cf-58fd-420a-bdf9-825ec4c5dd81
Ketamine HCL 10 mg/ml in 20 ml Ampoule Injection,8021:1;8019:1,95601583-69fc-49b3-a7da-68d75d9ddcb0,03ed05d5-a7cd-44b5-bcdd-a5760ea803c2
Ketamine HCL 50 mg/ml in 10ml Ampoule Injection,8019:1;8021:1,54a8d8e3-334b-474f-9493-01a858befc73,03ed05d5-a7cd-44b5-bcdd-a5760ea803c2
Chemical Sodium Acetate,8010:1,117d6f88-4134-4421-8d88-022a1a548fb2,4ff2dba4-9b3e-4363-a8fc-7e0800b17a28
"Chemical Soda Lime, Carbon Dioxide Adsorbent",8010:1,168827f2-593d-43cf-aae9-1cad8319e8dd,c24fad1b-68a9-4608-b3b4-f6dca092146a
Microbiology Streptomycin 10µg Disc 10% in 80gm Spray,8010:1,d8b33e5c-de68-4efb-be44-ba578c9a97b2,aeb07599-8261-42cf-84b4-478f7d0d321c
"Lidocaine HCL + Adrenaline (2% + 1:100,000IU) in 50ml vial Injection",8021:1,5f22e12f-6ccf-4b32-b065-99edf62c459f,a53a5f00-a8b8-498e-9577-e30e432e8475
Lidocaine HCL + Dextrose (5% + 7.5%) in 2ml Injection,8021:1,7eba2b10-061c-4410-a5e6-5ba9cf0a302d,d60ffc38-959c-4403-8572-cf2e9b048e38
Lidocaine HCL 10.7mg/ml Injection without Preservative,8019:1;8021:1,0391fce1-d67d-440a-848a-a5a495fadea9,6bc927f7-1091-4e3c-b920-e90b3838b472
"Lidocaine HCL + Adrenaline (2%+1:200,000IU) in 20ml vial Injection",8021:1,0dcdc5e7-f5fb-404c-9fd9-12a1f2ea6ec3,a53a5f00-a8b8-498e-9577-e30e432e8475
Bupivacaine Hydrochloride 0.2% in 10ml Vial Injection (Epidural),8021:1,0b6af92f-56cf-43fc-961e-d5e9c751acfa,d4dbb8da-3f9d-449b-ba72-824abce5e6b3
Lidocain Hcl 2% in 5ml Vial Injection,8021:1,5e6c7b6c-2342-4dc5-9aa5-814fd13d0699,cee25bd7-4132-4d75-ae89-a45154a11ec3
Bupivacaine HCL 0.75% in 2ml Injection,8021:1,12b3658e-57ae-4e5f-8d5e-fab38cc88eba,14b6ba96-400f-4292-8e23-584a4f2d30dc
Microbiology Imipenem 10ug 10mg/5ml in 5ml Vial Injection with Diluent,8021:1;8019:1,e7c18a6b-512f-4301-910c-ca30bd8c0ef2,d587c82a-276e-4373-845c-c52f0aef89d2
Valganciclovir 400mg Tablet,8019:1,30837735-4584-4ae6-b3e4-12d0349409d3,9785b64d-c420-46fb-b067-ae0ce81ea81a
Talc Dusting Powder,8009:1;8010:1,09946de9-cc52-4a9f-bc1d-9542614ace87,bbd80603-807f-4cf7-8723-90c60ca02d70
meropenem 1gm Powder for injection,8010:1,20140b68-2025-4e77-b4b6-ae52abdc7b89,16c5a324-92cf-4a3b-8e82-96a04ff71227
UL Cure (Benzanthine penicillin + Ciprofloxacillin + Acyclovir) (2.4MIU + 500mg + 400mg + 10ml + 5ml) Tablet,8016:1,72406bf3-0b64-4361-aea2-ed3c5d212e70,e7aea33a-e35f-4e49-a040-5dc9ca3ffe28
UL Cure (Benzanthine penicillin + Ciprofloxacillin + Acyclovir + Water for injection + Syringe + Male Condom) (2.4MIU + 500mg + 400mg + 10ml + 5ml + 8each) Tablet,8016:1,cdca4d2b-39ef-4a08-9e74-633a36cf35b1,6a5fc3a4-690a-48cb-9e30-f0694115a083
Imipenem + Cilastatin (500mg + 500mg) in Vial Powder for injection,8031:1,df4f25e6-991c-463d-af8d-0254b805b653,d91b01da-eac6-4cce-8cd9-32664e51e031
Amoxicillin + Clavulanic Acid (125mg + 31.25mg) Tablet,8028:1,67316acd-7850-42e7-a3e4-0110445152d1,826956a6-7f84-42a8-9871-cc40aeb77cb2
Addis Cure Plus (Azithromycine + Ceftriaxone + Metronidazole + Water for injection + Male Condom + Syringe ) (500mg + 250mg in Vial + 250mg + 5ml + 6each + 5ml),8016:1,cf3acf07-fe78-4840-b727-ada041b5fae5,2677ae0f-c446-4b3f-aaba-9c60d65e1fab
Azithromycin 1200mg Powder for Suspension,8019:1,4b5d9d0c-7e88-4c04-b41e-48ffbe8c44e8,3d1b75dc-804f-4f09-8a1e-46b7ae036eb0
Cefazoline 500mg Injection,8019:1,f7b5c738-3d38-42c6-af78-c5097ac31a50,2bb6db8f-c1c7-43c1-8afd-c8353e52cc10
Cefazoline 500mg Injection with Diluent,8019:1,deb8f00f-6ba3-4e65-aa6a-3d1ae59294f4,2bb6db8f-c1c7-43c1-8afd-c8353e52cc10
Gentamicin 40mg/ml in 2ml Ampoule Injection,8021:1;8019:1,c042ecca-ff22-4abf-90c9-a383eda58170,b6871d46-d18c-4d79-b455-9ea18c35f907
Amoxicillin + Clavulanic Acid (250mg + 62.5mg) Tablet,8028:1,3f92fde7-b882-4651-a125-3a68371a0cd4,826956a6-7f84-42a8-9871-cc40aeb77cb2
Amoxicillin + Clavulanic Acid (250mg + 125mg) Tablet,8028:1,eac10da2-717c-4856-8995-7fbc3e477b11,826956a6-7f84-42a8-9871-cc40aeb77cb2
Amoxicillin + Clavulanic Acid (250mg +125mg) Tablet,8028:1,2fc99460-cfb3-45ac-96f6-8a2c77fd0e8a,826956a6-7f84-42a8-9871-cc40aeb77cb2
Amoxicillin + Clavulanic Acid (250mg + 125mg) in Vial Tablet,8028:1,6971a864-a33e-4e07-8a1a-35924f6d6ee5,826956a6-7f84-42a8-9871-cc40aeb77cb2
Amoxicillin + Clavulanic Acid (1gm + 200mg) in vial Powder for injection,8031:1,0e7f5226-4abc-46b3-9b77-4ac3509ac9da,826956a6-7f84-42a8-9871-cc40aeb77cb2
Ampicillin Sodium 1gm in Vial Injection,8019:1,33ad7711-8bc3-4b79-aa91-d4d44e1cf00d,c75446ca-4dd0-47f6-89e8-07af7d95a0bf
Microbiology Carbepenicillin 100µg Disc 100µg,8009:1,bbbd952b-0646-4f3c-8733-9f894a3d532c,21f09696-d47f-4c5f-ba62-9b7858f10010
Amoxicillin + Clavulanic Acid (500mg + 125mg) Tablet,8028:1,ce400877-737b-4e5a-a705-efb4a069783a,826956a6-7f84-42a8-9871-cc40aeb77cb2
Addis Cure (Azithromycine + Ceftriaxone + Water for injection + Male Condom + Syringe ) (500mg + 250mg in Vial + 5ml + 6each +5ml),8016:1,f115dd73-1ba4-4582-8a7c-d795b392a2f6,12d98dac-f501-4770-a4b6-983b3fa460da
Amoxicillin + Clavulanic Acid (200mg + 28.5mg)/5ml Oral Suspension,8021:1,daa89a1a-e00a-4b35-9707-c551e1a51cc0,826956a6-7f84-42a8-9871-cc40aeb77cb2
Amoxicillin + Clavulanic Acid (875mg + 125mg) Tablet,8028:1,4a1cd566-0e0f-49ca-8ad1-ef2d3de0437f,826956a6-7f84-42a8-9871-cc40aeb77cb2
Amoxicillin 125mg/5ml Oral Suspension,8021:1;8019:0,ffcb3e36-70cc-4543-a95a-21a929e1dcbd,5b40dc12-8cb2-4e18-a5ee-ef9f547dbb9f
Amoxicillin + Clavulanic Acid (250mg + 125mg) Oral Suspension,8021:1,bb8995c0-1c5c-4db2-9e52-de0a810bf6dc,826956a6-7f84-42a8-9871-cc40aeb77cb2
Amoxicillin + Clavulanic Acid (125mg + 31.5mg) Tablet (Chewable),8028:1,a372999b-be78-47a1-8346-dfa98f029cf5,826956a6-7f84-42a8-9871-cc40aeb77cb2
Cefotaxime Sodium 1g in vial Powder for Injection with Diluent,8019:1,417fe2ae-40c5-44d8-907e-c1c0a0aefb05,fc6d5e84-f7f4-4566-ad52-819559065c8e
Ceftriaxone 1g in vial Powder for Injection with Diluent,8019:1,b922f70c-73e8-41b4-9ced-7e9dfe21add7,465afd31-7b55-4add-896b-19e84fd92ca2
Microbiology Ceftriaxone 30µg Disc 30µg Injection,8009:1,c26c583f-ab74-449f-9169-7f5be748b074,ca0e2df7-ed26-4884-9de8-23bc4cccec87
Spectinomycine 2gm/Vial Powder for Injection with Diluent,8031:1;8010:1,81725c42-b2a9-4615-81d6-7ad1e78cd7d0,93eb27fc-a664-4bb4-af60-dcc67ad646c5
Azithromycine 1200mg in 30ml Bottle Powder for Suspension,8019:1,6bcf61fc-6443-4c79-8d52-f011af7ef1a0,e43478ef-51c7-459c-b267-58b9f8a41fcc
ICCM Non Malarious Kit for Health Post (Item No. 1 5),8016:1,5b0f5def-bf4e-4e33-9ec0-bfee61f38aa9,ef3e0898-f356-4ee3-abcf-c321b3562c59
ICCM Non Malarious Kit for Health Post (Item No. 1 4),8016:1,068c3caf-6d89-45ef-abb8-0da990e912a8,ef3e0898-f356-4ee3-abcf-c321b3562c59
Ceftriaxone 0.5g in Vial Powder for Injection with Diluent,8019:1,8a7edd7e-7710-4af2-a99f-e73484bbd571,465afd31-7b55-4add-896b-19e84fd92ca2
Ceftriaxone 1gm in Vial Injection,8019:1,5de458dd-8fd6-4562-9d27-97be40063414,465afd31-7b55-4add-896b-19e84fd92ca2
Ciprofloxacin 2mg/ml in 100ml Intravenous Infusion (as lactate),8019:1;8021:1,9953e82b-fa2b-4468-9bfc-5e3a063062f6,f8e5dce6-bbf4-416e-9966-f08e47613771
Imipenem 500mg Powder for injection,8019:1,ecb5067c-c05f-4dc9-8b6a-3ca2e1b72808,b7b0215b-817d-425d-bbff-5e54cae9577f
Cefepime 1gm in Vial Powder for Injection with Diluent,8019:1,c00650cc-3874-443b-b265-b87240c2e15c,9f13bef5-2ed9-4762-8d11-1d7dbbf3249e
Chloramphenicol 250mg Capsule,8019:1,28344ac4-03e6-450b-87bb-96c81f2b3511,2ebe9bfd-c1d4-414a-bbb8-48bedfb7751d
Ciprofloxacin 2mg/ml in 100ml Intravenous Infusion,8021:1;8019:1,46881900-fc5f-462f-a30e-4107e49f363b,f8e5dce6-bbf4-416e-9966-f08e47613771
Erythromycin 125mg/5ml Oral Suspension,8021:1,1da12882-8142-47b8-9ddd-c8c3b9e1c75c,cc7ca740-7522-4b76-890e-f0eb1aad2921
Sulphamethoxazole + Trimethoprim (400mg + 80mg)/5ml Injection,8021:1,2c318abf-8183-4f0f-8fb4-35f5db8ff18b,8fc8c5d7-107d-42a6-b81e-fc017481ca58
Cefotaxime Sodium 0.5g in Vial Powder for Injection with Diluent,8019:1,86344afe-ef6a-4289-bc06-e4789d201a47,fc6d5e84-f7f4-4566-ad52-819559065c8e
RHZE (Rifampicin + Isoniazid + Pyrazinamide + Ethambutol) (150mg + 75mg + 400mg + 275mg) Tablet,8028:1,47b4972e-e5f2-42bd-be0e-945d4cd42976,9171eff3-9796-4511-bef8-5f160f3147b3
EH(Ethamutol + Isoniazid) (400mg + 150mg) Tablet,8028:1,9cea4503-f3b1-493b-9f21-7b793f7e2fad,30b42f3a-0695-462f-a6ec-5e45685cd0a8
RHZE (Rifampicin + Isoniazid + Pyrazinamide + Ethambutol) + RH (Rifampicin + Isoniazide) (150mg +75mg + 400mg + 275mg) of 6x28 tablets + (150mg + 75mg)of 12x28 tablets Tablet,8028:1,31e02e77-4b8d-442d-88a6-71e80e7bcf1d,b35753de-c787-412f-8512-040ea6479a5c
Microbiology Bacitracin (BC) 10unit 100mg/50ml Intravenous Infusion,8019:1;8021:1,74a2816a-da09-488c-a252-6e5888f84759,fdee2a3e-f748-4611-b291-b03640f8f4dc
Gauze Bandage 12.5cmx5cm 100mg/50ml Intravenous Infusion,8021:1,d3eddf38-1a5c-4b90-a0d2-7dfefd4db222,4f57e2dd-34a3-4a62-a28b-27055afefd5d
Miconazole Nitrate 400mg Tablet,8019:1,69ba5db2-4fca-4c66-af86-6b650b5dd221,eab7f642-b76b-4ca5-ad3a-d99a5d347e31
Fluconazole 2mg Intravenous Infusion,8019:1,e5921073-7edb-4786-88ff-43373316149f,43c52bd0-d39a-41e9-a0e2-c032b98cc503
Lamivudine + Zidovudine (150mg + 300mg) Tablet,8028:1,02a0603e-8e44-4dc6-94f4-5849ea2a6b71,caf7338c-3ee1-4e82-a4f3-4c1c4d3e1098
Meningococcal A Conjugate Vaccine Injection,8007:1,05ec263e-758d-4e0c-b460-834c0dfdd125,e399278d-ad3d-4d7e-a9d5-3c0e88014fc6
Zidovudine (AZT) 300mg Tablet,8019:1,40729241-e337-422a-9626-992c1db05526,b9bdab32-1781-47fb-9e9f-649eab2cf69c
Lopinavir + Ritonavir (133.3mg + 33.3mg) Capsule,8003:1,ed29148e-7e3e-4367-81f8-4c0aed2995ef,015b1c96-4b91-4275-944d-d68a5af07d30
Lamivudine + Efavirenz +Tenofovir (300mg + 600mg + 300mg) Tablet,8028:1,007cf421-0dcf-469d-9395-5815ef304491,034219bf-5eb8-4e23-bf76-81330a072a84
BOPV (Bivalent Oral Polio) Vaccine Oral Drop,8007:1,b719a433-a2a5-40bd-b17a-2d0a42335a3d,1c29a847-75f6-4222-a431-7e99074beca9
Meningococcal ACW135 Conjugate Vaccine Injection,8007:1,a0632001-10e1-4354-89f1-b23470aa324f,16ede66c-9517-4cd3-a1df-25bbcb9a3fb3
Abacavir + Lamivudine (60mg + 30mg) Tablet,8028:1,c474e321-9d2d-4ed0-96bc-8888e2f11484,da4e6c78-193b-44a2-8209-7991bb3eaa07
Nevirapine 10mg/ml Oral Suspension,8019:1;8021:1,d07b8b10-ca06-4780-b6c2-790cab0b79af,3c300b0f-00cc-4b76-b164-0943a6e863da
Zidovudine 10mg/ml Oral Solution,8019:1;8021:1,036b02d9-38b4-4c32-9fa9-16ce76709ef2,b4362318-390e-46b1-99a4-e5b007440dc6
Sulfadoxine + Pyrimethamine (500mg + 25mg) in 2.5 ml Ampoule Injection,8021:1,27f8928b-6471-410c-bc62-0ee515cccf64,8e2494d7-5248-4eed-8c14-566a7a88ea32
ICCM Malarious Kit for Health Post ( Item No. 1 10),8016:1,d994d3de-ec34-480d-951a-dfacdd9dbf74,d87ebab2-3c22-4da3-8bda-fa74b228f6fd
Chloroquine Phosphate 50mg/ml in 5ml Ampoule Injection,8021:1;8019:1,b8647c36-24a8-477d-aa46-850e09e79beb,7af06b07-54b0-40e5-937e-732ff83ad523
Artemether + Lumefanthrine 20mg + 120mg (6x2) Tablet,8028:1,7700d8b9-37fb-458d-982e-484acdc29987,61015b67-827b-4b52-a8c0-6f3a7e82b67f
Artemether + Lumefanthrine 20mg + 120mg (6x3) Tablet,8028:1,7c756377-f6d4-4ab2-9011-8601c9c1ae4e,61015b67-827b-4b52-a8c0-6f3a7e82b67f
Artemether + Lumefanthrine 20mg + 120mg (6x4) Tablet,8028:1,e5b63c40-4a58-4026-97ae-1d095cca2d3e,61015b67-827b-4b52-a8c0-6f3a7e82b67f
Albendazole 200mg/5ml Suspension,8021:1;8019:0,3b842996-1d64-4377-adc3-96957baef621,2708c578-4e6b-4e94-b127-76a35301acd0
RHZE (Rifampicin + Isoniazid + Pyrazinamide + Ethambutol) + RH (Rifampicin + Isoniazide) (150mg + 75mg + 400mg + 275mg) of 6x28 tablets + (150mg+75mg) of 12x28 tablets Tablet,8028:1,6ac9f57f-5946-40e6-b836-fdebd892b559,b35753de-c787-412f-8512-040ea6479a5c
Meglumine amidotrizoate+Nitro amidotrizoate (660mg + 100mg)/ml in 20ml Injection,8021:1,3168a5ea-009e-4479-ad30-67f12085f97f,0bc04005-054f-4841-bd6d-62e4981fc8d9
Measuring Tape 1.5m 1.5gm in 5ml Injection,8010:1;8021:1,e58dc534-ca93-45f6-8bcb-ae878ecb5ae3,ab14c574-800e-4771-a4c2-6558bc30d146
Ledipasvir + Sofosbuvir (90mg + 400mg) Tablet,8028:1,a86b506c-7080-49c0-a421-2889f2fb85e0,d710cee5-dd89-4d0c-be1f-fbf61071c7ac
Flucinolone Acetonide 0.00025 Topical Cream,8009:1,0a07fcce-930c-47cd-8c9f-96c3c3f41016,ceca7250-895a-4420-a554-c6900e2bffd2
Carboplatin 10mg/ml in 45ml Injection,8019:1;8021:1,4226d073-3117-4296-9452-7586796c7f48,102fa5e2-6c4f-4e65-ba5f-74de7cb056a6
Ephedrine Sulphate 50mg/ml in 1ml Vial Injection,8019:1;8021:1,dd266748-c643-4f5e-8180-d1840b322d43,95edb2e4-4cb4-4e01-b160-6e739c4bf06b
Artemether + Lumefanthrine 20mg + 120mg (6x1) Tablet,8028:1,6e6c78fd-3e2c-42ca-a2f2-c88b3d4c2b42,61015b67-827b-4b52-a8c0-6f3a7e82b67f
carboplatine 150mg /15ml Injection,8021:1,5116dca2-7cf5-4edb-91da-087339d1f718,ce794990-ff02-4f69-8f58-e027c61c801f
"Microbiology Clindamycin 10µg Disc 10,000 IU Injection",8013:1,aad965d9-4ac5-470e-8948-6f56165ce201,494d0ffe-3762-4cdf-aa03-1eabbd8fec5e
Chemical Hydrochloric Acid Concentrated 37% Solution 360mg Tablet,8019:1,07432841-e0f1-4bec-b6a3-dcdc18c6549d,b3a8cb86-739b-4182-bdc2-fcd2a9e006e6
Irinotecan HCl 100mg/5ml Injection,8019:1;8021:1,5ff460eb-179a-4045-9f3b-5d5d2bb87192,5cc8723f-0933-4f93-84c5-2f59de06add0
Alfacalcidol 0.25mcg Capsule,8017:1,1e26cf36-5164-4a67-ad0a-adc4a800c07a,eb3ff4db-58a8-48ad-86a4-2500d040d8fa
Calcium Folinate 10mg/ml in 3ml Ampoule Injection,8019:1;8021:1,5e52c7d8-a037-4dcc-8741-2c55defd822e,611494e8-abc0-42d5-9c8f-7138faaa709d
Actinomycin D (Dactinomycin) 0.5mg in Vial Powder for injection,8019:1,4acf67b6-34e5-4d6d-b8b6-c7dd272da2ef,fccce593-0fdd-4d39-b501-e124921dbc00
Ifosfamide 1gm in Vial Powder for Injection with Mesna,8010:1,4b1b46df-c1ef-49fd-ba6d-8e59e0144e59,3b1be442-945d-43df-b492-bf7ec7f0d8bc
Ifosfamide 2gm in Vial Powder for Injection with Mesna,8010:1,4b3cef51-1c2c-409a-afc0-3ec6babb17e5,3b1be442-945d-43df-b492-bf7ec7f0d8bc
Methotrexate 15mg/ml in 2ml ampoule Injection (Intrathecal),8021:1;8019:1,e45fa674-74ec-4a26-bf72-c9b51b2e05ab,220c7890-ef7f-4e7a-9df8-33df6c44e981
Naso Gastric Tube Sterile 10CH 1000mg in Vial Powder for injection,8019:1,a2702ec7-6f0b-48c1-8015-e7d9d1535680,f59e930f-89c5-413d-a425-86cd7188547f
Cytarabine 500mg in 25ml Vial Injection,8021:1,4f0a933f-bacf-4733-b7d8-03487825e780,78dfb465-b0ef-4b02-a53f-e591f426d343
Docetaxel 80mg in Vial Powder for injection,8019:1,b083a3b2-445d-4a5a-abf5-05ecba0d4aa1,90c85456-0f8f-4b0d-b8d1-0861c5396af2
Microbiology Bacitracin (BC) 10unit 10mg/ml in 10ml Ampoule Injection,8021:1,e949d79c-d157-42b1-ae28-d5cf1bd80f2a,fdee2a3e-f748-4611-b291-b03640f8f4dc
Cytarabine 100mg in 5ml Ampoule Injection,8019:1;8021:1,c26f3307-963d-4013-959b-525d506ea940,78dfb465-b0ef-4b02-a53f-e591f426d343
Cisplatin 1mg/ml in 50ml Intravenous Infusion,8021:1;8019:1,60421776-4d49-4bde-83f4-20917885f1a1,e5749ba3-716f-486b-9055-7323d5f66a2e
Ifosfamide 1gm in Vial Powder for injection,8010:1,3d983ef9-12ab-41e0-8b6b-836571964dd8,3b1be442-945d-43df-b492-bf7ec7f0d8bc
Anastrazole 1mg Tablet,8019:1,4f6f6bab-2491-49b9-a9ed-de5947a8e56b,6bed863e-3a39-4cd6-bd29-40014d971c1f
Doxorubicin Hydrochloride 50mg/25ml in 25ml Vial Injection,8021:1;8019:1,991f942c-87dd-4197-8929-8a64a3f2b526,a9c30e5d-ac51-4f6b-98f6-690aaa804d47
Leucovorin Calcium 7.5mg/ml in 4ml Vial Injection,8021:1;8019:1,c9585851-ade3-48a2-873e-f5b27d8d727a,305e28ed-4c85-42ad-853e-af97955587d4
Methotrexate 25mg/ml in 2ml Powder for injection,8021:1;8019:1,4321cc18-179a-4ca5-8a04-c90854181cd2,220c7890-ef7f-4e7a-9df8-33df6c44e981
Methotrexate 100mg/ml in 10ml Injection,8021:1;8019:1,082de7ce-3462-406c-8f59-051c8c33a284,220c7890-ef7f-4e7a-9df8-33df6c44e981
Methotrexate 5mg/ml in 1ml ampoule Injection (Intrathecal),8021:1;8019:1,43c04f23-1ad0-4805-96a1-fd39d10f80d4,220c7890-ef7f-4e7a-9df8-33df6c44e981
Ferrous sulphate + Zinc Sulphate + Ascorbic Acid (18mg + 16.4mg + 72mg) Capsule,8003:1,107bc97e-fe5a-4ef9-b399-d23633a308d6,eba1785b-e1df-4856-b23e-c518acd9444e
Aminosalicylic Acid 4gm in Sachet Granules (Delayed Release),8019:1,63e52305-6b8b-4aa7-bb74-eec0881ee631,82ec6fbd-0ee1-4d58-9386-e62debad278e
Acetylsalicylic Acid 100mg Tablet (enteric coated),8019:1,eb51fa3f-9c8c-44b3-b455-e813b0fc0a40,847859d5-9b17-401e-8ad7-d206dc581c86
Ferrous Sulphate + Folic Acid (150mg + 0.5mg) Tablet (enteric coated),8028:1,88b82c2c-869c-43aa-b5d9-da376ffae671,f8f7a0bc-6044-4e07-9f67-631a9ee03482
Ferrous Sulphate + Folic Acid (200mg + 0.4mg) Tablet (enteric coated),8028:1,d84569b7-1754-4316-84d6-ab5acc0f4fa6,f8f7a0bc-6044-4e07-9f67-631a9ee03482
Heparin Sulphate 5000IU/ml in 1ml Ampoule Injection,8013:1;8021:1,3c9970c8-2d5d-49c4-9980-a5f8d953e659,ae745398-1b32-4445-a71b-19cf95f6b827
Ferrous + Folic Acid (60mg + 400mcg) Tablet,8028:1,2bdbb90c-36c4-4fb6-ac02-81aba4794625,78a985d0-a6c6-438e-be9c-c57c2fd37de8
Ferrous Sulphate + Folic Acid (150mg + 0.5mg) Capsule,8003:1,d4e8a5bf-c762-4367-bbea-88fe07914abe,f8f7a0bc-6044-4e07-9f67-631a9ee03482
Erythropoietin Alpha 4000IU/ml in Vial Injection,8009:1,072fd37f-e1fb-4db4-b77e-10c8a563f1b0,65e5bd9e-7eb8-4c1b-b501-1208fd4aca50
Erythropoietin Alpha 2000IU/0.5ml in Vial Injection,8009:1,ed9663d0-24d5-44c3-8c81-c5f3a32cb313,65e5bd9e-7eb8-4c1b-b501-1208fd4aca50
Ferrous Sulphate + Folic Acid (60mg + 400mcg) Tablet,8028:1,e10b73c1-2c80-429f-93d8-216c2a8cfdd3,f8f7a0bc-6044-4e07-9f67-631a9ee03482
Ferrous Sulphate + Folic Acid (200mg + 0.4mg) Tablet,8028:1,3f09efa4-382a-4960-9ca0-23445af3c424,f8f7a0bc-6044-4e07-9f67-631a9ee03482
Folinic Acid 15mg/ml in Ampoule Injection,8009:1,e8c35fa2-3e3b-42db-8651-4dcef2b7c830,59e5936c-b10c-4ab2-86e9-21088dd6060c
Albumin (Human) 50mg/ml Injection,8019:1;8021:0,7713e2d7-896f-4253-b1f4-4f081f26723c,f701a27f-6505-4c9b-9863-64f5efbb1e91
Iron Sucrose 100mg/5ml Injection,8021:1;8019:1,146f5d56-9118-4804-ab85-04b87eb64175,ebcfd999-bc19-413b-b0cf-40872db6aa7e
Albumin (Human) 20% in 50ml Vial Injection,8021:1;8019:0,8cc80a10-8b5f-4aab-ae6c-ad686f021462,f701a27f-6505-4c9b-9863-64f5efbb1e91
Albumin 20% Salt Free Solution Injection,8021:0;8019:1,5968c8af-90be-4e9a-94c3-f38b6a39db5c,444ffe20-a823-476f-8993-17c62c241917
Enalapril Maleate + Hydrochlorthiazide (10mg + 25mg) Tablet,8028:1,475bb641-0345-4014-8818-996a14d67143,8a15bb44-95a8-4ba3-831a-c523a9a3caa1
Chemical Gram's Iodine 0.33% Solution 0.25mg Tablet,8019:1,7523f6b7-9840-4446-8dcf-e02c4f58b5fc,3b44dd1f-315d-4a28-a670-895d3159350e
Chemical Methylene Blue 0.5 % Solution 0.25mg Tablet,8019:1,04771167-eb3c-4f5b-8bf3-2e24294c7934,438e78ba-7cc0-49a3-a35b-89e213a020ce
Lidocaine HCL 10mg/ml in 20ml Ampoule Injection,8019:1;8021:1,70a90b69-d958-455d-a981-18ed955fa764,6bc927f7-1091-4e3c-b920-e90b3838b472
Gauze Bandage 12.5cmx5cm 10mg/ml in 10ml Ampoule Injection,8009:1,4540b0f0-ae9b-472d-a137-aa8c62d78811,4f57e2dd-34a3-4a62-a28b-27055afefd5d
Polygeline + Na+ + K+ + Ca++ + Cl Solution 4% in 500ml Injection,8001:1,985ee294-fca8-40a3-86a6-7af12e3c3cb3,8b2c5066-e296-4810-be0f-4a3694fc97ea
Chemical Formalin 10% Solution 10% Topical Cream,8019:1,605f06c4-7cd4-447e-930f-8b4206337d50,cb4ec303-c31a-468f-bb39-347b49112d36
Benzoic Acid + Salicylic Acid (12% + 6%) Ointment,8009:1,92a7d36a-f297-4a92-8afd-b0a0b1d9febc,5489fc1d-b732-494f-8e25-f0b756298de5
Chemical Carbol Fuchsin (Basic Fuchsin) 0.30% Solution 0.1 Ointment,8010:1,583fb7c6-fbe7-45fc-87a1-762b7e4bb2d0,f08b45ae-bcde-42e8-ad7e-3080b7c55ca1
Chemical Wright Stain 0.30% Solution 0.1 Ointment,8010:1,8bc12ccf-147a-4439-8f68-4434157cb45b,8c36f228-bec7-410d-83fa-d2624813481a
Chemical Carbol Fuchsin (Basic Fuchsin) 0.30% Solution 0.1 Solution,8021:1,cc99bbe0-57e4-4c9f-a8d3-21b85037651a,f08b45ae-bcde-42e8-ad7e-3080b7c55ca1
Chemical Hydrochloric Acid 0.1N Solution 0.1 Solution,8009:1,4ad59b43-2c9a-4bb1-ab9a-42a7f9598607,c8f935a9-e5a2-493b-b3ba-49e59c931433
Chemical Carbol Fuchsin (Basic Fuchsin) 0.30% Solution 0.25 Ointment,8010:1,75887c11-c662-4bc8-92da-3701b00e3de4,f08b45ae-bcde-42e8-ad7e-3080b7c55ca1
Chemical Wright Stain 0.30% Solution 0.25 Ointment,8010:1,b8e0cce7-6bcb-4442-8940-bbccb5de71f1,8c36f228-bec7-410d-83fa-d2624813481a
Chemical Propoxure Wp 50% 5% Solution,8021:1,addb6821-93de-45a9-a71b-81421b060a55,468a9445-6f0a-4a1b-ba57-efcb92a3a5eb
"Pasteur Pipette 5.8ml,Non Graduated 5% Solution",8021:1,275b56a2-4a63-49e1-8f2a-53961f58bdb7,d0b16840-e1b4-4099-bb8e-f907874c2a58
Microbiology Imipenem 10ug 100IU/ml in 10ml Vial Injection(Solution),8021:1;8013:1,a3b0c99f-0053-43ee-9df1-02d91a0de22c,d587c82a-276e-4373-845c-c52f0aef89d2
Insulin Isophane Human 100Units/ml in 10ml Vial Injection (Solution),8030:1;8021:1,1cc7b319-40df-4c85-8b0f-051f1b710a9e,f48534a4-fe7e-48cb-87b4-c65143e59c47
Etonogestrel Placebo Capsule (Subdermal Implant),8009:1,245cf30a-8f01-407e-a4e3-1057926b58f3,55a2f9a7-e5aa-4131-9864-06ff47565a47
Insuline Isophane Biphasic (Soluble/Isophane Mixture) (30 + 70)IU/ml in 10ml Vial Injection (Suspension),8013:1;8021:1,959d272f-d634-4ab1-b653-966f833058fa,edcde4d9-6f65-4355-ad25-4a9a0937d70f
Microbiology Streptomycin 10ug Disc 100IU/ml in 10ml Vial Injection(Suspension),8021:1;8013:1,e4868cbc-3bda-41a7-983d-87bb005a88cd,6b7e97f0-0e2d-48be-a033-5494c589ee83
Levonorgestrel (Jadelle) 75mg/rod of 2 rods implant rods (Sub dermal) with sterile insertion trocar,8009:1,e814eb5d-10af-4834-bab7-39aaae66b184,85e6260d-e819-48ba-9da3-e5be01d4d905
Levonorgestrel (D Norgestrel) 75mg/rod of 2 rods implant rods (Sub dermal) with sterile insertion trocar,8009:1,aa41b7dd-985a-4707-9d6b-c26f33188d68,770d6e5f-5849-4db6-9995-27a2d4106bbc
Etonogestrel (Implanol) 68mg Capsule (Subdermal Implant) Next Generation,8009:1,f1ae0cb7-921c-4343-bb48-eda57656edc7,7c819eae-90e5-4747-a60b-9a820ac394be
Etonogestrel 68mg Capsule (Subdermal Implant),8009:1,1fdae543-fc9c-43cb-a2a9-e769a3674b09,7729b519-63d1-4f26-9fb7-5333c4e8970c
Microbiology Amoxicillin + Clavulanic Acid 10 20µg Disc 100000 Units/ml Suspension,8021:1,4113b272-030a-4dab-b43e-91abf4465151,62569a7a-5bf7-4867-a318-42181d6648d0
Chemical Carbol Fuchsin (Basic Fuchsin) 1% Solution 1% Eye Drop,8008:1;8021:1,c17dba91-83ed-42e9-a608-c343ad455bf1,02e4f7e8-d278-411e-b4e0-d0f22df2bf2e
"Blood Collecting Bag, Single CPDA Anticoagulant 350ml 310mg + 620mg in 5 ml Suspension",8021:1,39086093-217c-4caa-9759-e25f823bc057,28402e7d-7527-469c-8996-c54cf220013e
Aluminium Hydroxide + Magnesium Trisilicate (250mg + 500mg) Tablet (Chewable),8028:1,0b0abbb8-08e2-48c1-9ff2-402c200de363,95790435-98f8-43b4-9ec4-0a76850f755b
Sodium Bicarbonate 8.4% in 25ml ampoule Injection,8021:1,b1999213-d4e7-423b-8b92-6014e18cb5a4,351fab8e-6966-4ab1-8d4b-aa708c8f09c1
Esomeprazole 40mg Tablet (enteric coated),8019:1,b5e1fa32-c311-4ecb-b325-fe0efdd8db01,c5705a02-d72f-4583-bcc6-75123f639d72
Famotidine 10mg/ml in 2ml Vial Injection,8021:1;8019:1,a57dc75c-d4f2-4e23-a82d-b55cb797862c,f5624f21-7135-4d7b-a2d1-6831ebbe83ce
Esomeprazole 40mg/5ml in Vial Injection (Lypophlized),8009:1,aeceff58-97d5-47bf-90c7-df10a5b8401f,c5705a02-d72f-4583-bcc6-75123f639d72
Metoclopramide 4mg/ml Drop,8019:1;8021:1,bead7a5c-3e4a-4051-83fa-d9ec62630e26,2ed8b06c-aaaa-4048-9b84-e7e0d11d25e0
Hydrocortisone + Cinchocaine HCL (5gm + 5mg) Suppository,8027:1,24524e0c-d434-4527-8c40-fd1fe0f1bb90,7101d61a-cbad-4f76-b892-b2ab885c1be1
Lactulose 3.5gm/15ml Syrup,8021:1;8019:1,c1feffe9-4ccc-4c7b-a39a-5370b3d0cf2c,3ad2bc0e-d360-42a4-8dde-9b9301c1b844
Sodium Bicarbonate 7.5% in 50ml Ampoule Injection,8021:1,df29098e-a501-4518-b58c-794a67713bd6,351fab8e-6966-4ab1-8d4b-aa708c8f09c1
Anti haemorrhoidal (Betamethasone Valerate + Phenylephrine HCl + Lidocaine HCl) (0.5mg + 1mg + 25mg) Ointment,8010:1,096b7837-a512-420c-99b8-2a0eeb4ca838,1a730205-0325-4f45-8bd7-1e0c96fd58cf
Hydrocortisone + Cinchocaine HCL (500mg + 500mg) Cream,8010:1,7ee9e381-bf0f-4007-87fa-a5dcf54f98e1,7101d61a-cbad-4f76-b892-b2ab885c1be1
ICCM Malarious Kit for Health Post Carton No. 1 (Item No. 1 13),8009:1,211f6a68-9de2-4963-9b96-f3713308f357,d87ebab2-3c22-4da3-8bda-fa74b228f6fd
ICCM Non Malarious Kit for Health Post (item No. 1 8),8016:1,c8009071-56bf-45e1-9110-94c7ebdb7de7,ef3e0898-f356-4ee3-abcf-c321b3562c59
ICCM Malarious Kit for Health Post (item No. 1 12),8009:1,257d30f4-2c73-462d-ac17-c9470df28abd,d87ebab2-3c22-4da3-8bda-fa74b228f6fd
ICCM Malarious Kit For Health Post (Item No1 11),8009:1,f65febd2-ebb6-4cc2-9f6e-c335c83516d6,d87ebab2-3c22-4da3-8bda-fa74b228f6fd
ICCM Non Malarious Kit for Health Post (Item No. 1 6),8009:1,fb064fc9-c246-456d-bb2f-b9df8c558a62,ef3e0898-f356-4ee3-abcf-c321b3562c59
Chemical Zinc Oxide and Eugenol Liquid Powder,8016:1,4b732d31-89ee-4935-8407-7f660f60fc73,1da70bba-cf83-4857-bfc4-8e3d52c06cda
Meningococcal A+C Conjugate Vaccine Injection,8007:1,3ab80421-2d03-468a-b906-648c01b6b713,d2b69643-e1eb-4327-bfc6-67f4aeab7db7
TOPV (Trivalent Oral Polio Vaccine) Oral Drop,8009:1,ccdd276a-c421-4954-af70-9bacdfd5750e,4d57a908-4181-4851-8628-7a6360dd4932
MOPV (Monovalent Oral Polio vaccine) Injection,8007:1,e66312d7-fdb9-4869-8f70-2a1d2cdf6726,e87d8f3e-af6b-434e-b6e1-5e95aaa98e3a
Microbiology Imipenem 10µg Disc 10.8mg in PFS Injection (Depot.oily),8009:1,dcc8ca06-eef2-4772-aa6d-1309e957e4f5,08677abe-ab32-4cc4-b364-b8c9dac8205a
Cytarabine 50mg/ml Injection,8000:1,8153f071-2f0c-4170-96b8-4fc5a039f3b0,78dfb465-b0ef-4b02-a53f-e591f426d343
Microbiology Streptomycin 10ug Disc 10mg/5ml in 5ml Vial Injection,8021:1;8019:1,7c878a72-e43c-4ab5-8377-1d5482703649,6b7e97f0-0e2d-48be-a033-5494c589ee83
Methotrexate 10mg/ml in 2ml ampoule Injection (Intrathecal),8021:1;8019:1,03626a56-b6e7-44a2-b82d-ee3f37762eeb,220c7890-ef7f-4e7a-9df8-33df6c44e981
Pneumeccocal Conjugate Vaccine (13 Valent) Injection (Polysaccharide),8007:1,1b4d8219-89a3-41fc-9a50-663e7aa7efa5,56b00f2e-0108-4d3e-b726-a3c062691da4
Hepatitis B virus Vaccine Injection,8009:1,bed209ad-45a3-445c-b9d9-1d0496ffb4e7,758d8af2-1253-440c-af65-d4c6bf18aebc
Pentavalent (DTP Hib Hep) Vaccine Injection,8007:1,ac399a32-1e3b-4245-b496-9018b729fb74,5104a2b3-4be6-4eca-ae31-cac39228b1ef
"Therapeutic Spread, Sachet 92g/CAR 150",8009:1,df9c86e4-543a-400d-a375-08f9561097d2,aff2d420-e3c7-4bb8-8dd4-bcd82f59616d
Ultrasound Jel,8009:1,9ad87eae-4518-4d85-a8ae-0f1696eb2959,df9f789f-6388-4861-aecf-b7ebb4d244ea
Alfacalcidol 0.5 mcg Capsule,8017:1,8884d65b-0c17-42d7-8c65-df87dc8a1ea4,eb3ff4db-58a8-48ad-86a4-2500d040d8fa
IPV (Inactivated Polio Vaccine) Injection,8007:1,885e91e7-3731-417f-adb0-5cb1b4dc2d4a,802338ce-717e-4547-857c-b4bb65b34a65
Human Papillomavirus (HPV) Vacine Injection,8007:1,c8751109-b7e9-4841-91f2-7e952cebee0a,d65f4f1b-43a4-485c-906a-07d44a0acc98
Epoetin 4000Unit in Vial Injection,8009:1,3e8a6c9d-6bd3-4067-8a62-0c6c107688c0,f38c0cc2-1af1-427c-b59a-ac40c840a6d1
Vancomycine 1gm in Vial Injection,8021:1;8010:1;8031:1,90eeb0d3-8a93-4bac-ab05-219b754194d4,549432da-d1a5-42ca-9937-8b78fc8ee372
Urea 0.4 Solution,8009:1,e6461cc5-1e91-4eb7-a070-e493ec429c0d,a87e1f2c-4e3c-4720-a10f-0b935ec2be46
Diclofenac Sodium 25mg Tablet (enteric coated),8019:1,d37e1f84-99ba-493b-8aba-0c9165a50ed7,ac596700-5446-4c02-81e5-cc780905662d
Cisatracurium 5mg/ml in 30ml Intravenous Infusion,8019:1;8021:1,0a2646ce-ba06-4a58-b33f-2018d6f32813,ce9c30d4-b59e-434f-a3eb-123c4020ff1c
Ergometrine Tertrate + Caffeine (1mg + 100mg) Tablet,8028:1,33d1901a-9a27-416a-a63c-aaad6af802be,9d97e714-a070-4b70-beda-fda3f0c2efaa
Chlorpromazine HCL 25mg/ml in 1ml Ampoule Injection,8021:1;8019:1,080499eb-a025-4182-b510-5413f93bacdd,2562ccc8-b7ed-4fff-91ca-9fdf693a2fd1
Phenytoin (Diphenhydantoin) Sodium 250mg in Vial Powder for injection,8019:1;8009:1;8031:1,65608a71-3448-47fd-8b23-7b2aad4b1997,c9c35724-00d2-4dc7-a7aa-c2380950ec8c
Drotaverine 40mg/ml in 2ml Ampoule Injection,8021:1;8019:1,29d7fef6-5351-4be6-b8b5-0e1ae1dd418c,85da7964-030d-4dc2-ab3f-2e45a6bda2ce
Levodopa + Carbidopa (250mg + 25mg) Tablet,8028:1,fa03ab92-7c46-41c6-9316-bd1bf9ac5e8e,2a36d239-cfa6-4d82-ae2d-10c7e08a375b
Ergotamine tartrate + Caffeine (1mg + 100mg) Tablet,8028:1,587df3aa-44b1-4b54-a1c8-734f461d0cc5,8902077e-556a-4b9b-b347-dd39113b997f
Chemical Malachite Green 0.5%w/v Powder 0.25 mg/ml in 1ml Ampoule Injection,8019:1;8021:1,fc6f694c-4c75-4c00-96dc-c6de78e8c93b,5aecfe90-eb33-4eea-9373-02e103030c32
Microbiology Gentamyicin 10µg Disc 10 Units/ml in 1ml Ampoule Injection,8021:1;8030:1,4a5df30f-eed5-405c-948a-542c461adf44,99e84091-cd45-43e5-b7c1-bb0898bc0087
Microbiology Norfloxacin 10µg Disc 10 Units/ml in 1ml Ampoule Injection,8021:1;8030:1,45fa234f-4dac-4ebe-9a8e-491705d68034,c7804b57-80b5-4a64-b698-016a5da83300
Microbiology Furazolidone 10µg Disc 10 Units/ml in 1ml Ampoule Injection,8021:1;8030:1,c0757035-66a6-47f1-986b-38bd974b9e5d,0c50840a-8e14-4eaf-b300-61e3a2a5e274
Microbiology Tobramycin 10µg Disc 10 Units/ml in 1ml Ampoule Injection,8021:1;8030:1,1f540899-d57e-4f1d-a0b9-4eb7a229709b,c46ea9e4-9177-4eeb-bcdb-14da85c8cc24
Microbiology Penicillin G 10µg Disc 10 Units/ml in 1ml Ampoule Injection,8030:1;8021:1,5f45d37e-a425-450a-9afe-1905d32d7665,678d8e42-7685-48e3-a7c9-1bee84e164bb
Chloramphenicol + Dexamethasone (0.5% + 0.1%) Eye Drop,8021:1,23905ba7-77a4-4f66-897f-685f7e33041f,465e6f2a-1523-481a-8382-b00c7ec2e665
Chemical White Blood Cells Diluting Fluid (Glacial Acitic Acid) 2% Solution 2% Eye Drop,8021:1;8008:1,2aad931e-2842-4100-8125-6a189b765e70,546f29f0-027f-4cad-b9c3-71b24c934c95
Timolol Maleate 0.50% Eye Drop,8021:1;8008:1,a5b604e6-2203-4dbe-8b9c-371ab69a4c58,bf3c39b9-71be-45ba-ab21-e518e988df06
Tobramycin 0.03 Eye Drop,8021:1;8008:1,eea74bc6-1758-4bc9-8c0d-a830c0223154,0c86bc72-4cba-443b-95a4-8603c5b26992
Chemical Malachite Green 0.5%w/v Powder 0.30% Eye/Ear drop,8008:1;8021:1,b01b600d-ce23-4d8f-a18d-5a884093edc7,5aecfe90-eb33-4eea-9373-02e103030c32
Chloramphenicol 5% Eye Drop,8021:1,d16a37a0-2a7f-47a3-9a24-00355db6c790,2ebe9bfd-c1d4-414a-bbb8-48bedfb7751d
Chemical Malachite Green 0.5%w/v Powder 0.10% Eye/Ear drop,8008:1;8021:1,c1d959f9-8271-402b-916e-95d5c986f6c1,5aecfe90-eb33-4eea-9373-02e103030c32
Oxytetracycline HCL + Hydrocortisone Acetate (5mg + 15mg + 10.000 Units)/ml Eye/Ear drop,8021:1;8008:1,b38e981a-10b8-438c-86ca-13ed783d2ef9,051cbb47-a1d8-420c-bfd8-61bf6f020b02
"Oxytetracycline HCl + Hydrocortisone Acetate + Polymixin B Sulphate 10mg + 5mg +10,000U/ml in each ml susp Eye/Ear drop",8021:1;8008:1,dceed0f4-f5c1-425d-b088-c39968f87d8c,4833407b-d41f-491b-9a8c-5baff9983409
Oxymetazoline HCL 0.0025 Eye Drop,8021:1;8008:1,73876438-603f-4f05-8316-5af575424fb4,16ae1094-348d-467b-aa3e-8fcc3eb5abd4
Chemical Hydrochloric Acid 0.1N Solution 0.09% Eye drop (Solution),8021:1;8008:1,7a9cd5ff-30e6-4604-8de5-3cf7529c2351,c8f935a9-e5a2-493b-b3ba-49e59c931433
Natural tear 10ml Eye Drop,8021:1,266b90d5-7a04-4272-ac87-a85daaf9b43f,b7995cb5-2d6d-4b0f-ac6a-feb70acbd976
Dextromethorphan Hydrobromide + Potassium Guaiacol (0.3 + 7.6mg) Syrup,8021:1,ae355242-35e1-4031-9124-d03e3b3c04f2,c91343cf-0f53-4b2c-8eaa-b0b562013ed5
Dextromethorphan Hydrobromide + Potassium Guaiacol 15mg + 380mg Syrup,8021:1,d1a7143d-8ca6-4b23-b18e-ad988b38694b,c91343cf-0f53-4b2c-8eaa-b0b562013ed5
Diphenhydramin +SodiumCitrate +Ammonium Chloride (12.5mg +60mg +130mg)/5ml Syrup,8009:1,76de8252-e7cf-4ef0-b29a-f629856a125e,bf8a8328-4934-4c51-8106-3bf56acce758
Diphenhydramin +Sodium Citrate +Ammonium Chloride (12.5mg + 60mg + 130mg)/5ml Syrup,8021:1,046cc50b-6205-403f-ae01-bd9098d0a2d4,19b77325-43d5-4524-bd3a-15d3b181b256
Ephedrine HCL+ Potassium Guanaclosulphate (11.5mg + 380mg) Elixir,8021:1,346abec0-edd0-4292-9990-f324e7a1c129,38cf52f9-428b-4cb1-9cb2-cd7ce4a2c1a6
Alfacalcidol 0.25mcg Tablet,8017:1,d12ce593-c7a8-465d-ab33-f7f093f4645b,eb3ff4db-58a8-48ad-86a4-2500d040d8fa
Alfacalcidol 1mcg Capsule,8017:1,e74c31af-617e-4200-a2fb-7b657523faa3,eb3ff4db-58a8-48ad-86a4-2500d040d8fa
"Vitamin D3 (Cholecalciferol) 600,000 IU Injection",8013:1,7eb6e468-7ba3-41c8-8ee8-d62fdb417217,ab3dfdc4-c783-41c5-b3c2-6fdf6d7f9c4f
Iron complex 50mg/ml Injection,8019:1;8021:1,132fdfa4-90df-421b-ad5b-20fe7054e1b3,5173bb5e-9195-42e4-80ef-0220dc8bd263
Ferrous Fumarate + Folic Acid + Cyanocobalamine + Cuppric Sulphate + Manganese Sulphate (200mg + 1.5mg + 30mcg + 2.5mg + 2.5mg) Syrup,8021:1,c27acb5d-48c9-450a-b2ba-61c444463586,f6b7471a-0837-438b-b48e-27ed2a7243d6
Calcium Folinate 10mg/ml in 5ml ampoule Injection,8021:1;8019:1,d9bef6dd-96f7-4579-b2b5-8bd3ce850608,611494e8-abc0-42d5-9c8f-7138faaa709d
Sodium Bicarbonate 7.5% in 20ml Ampoule Injection,8021:1,48806f3b-3b20-43c3-a0ad-d85dfa675afc,351fab8e-6966-4ab1-8d4b-aa708c8f09c1
Chemical Acetone Alcohol 50% Solution 5% Intravenous Infusion with Giving Set,8009:1,ee0f488a-3ef0-409e-b740-b3b17b215567,3b71200a-c6d0-41eb-986a-2a84c9320b6d
Ringer’s Lactate Solution Each contains; K+ 5.4mEq + Na+ 130.7mEq + Ca++ Intravenous Infusion with Giving Set,8021:1,955105bb-f783-41c9-97da-4273f6799c20,d2a8aac5-7ddc-46d3-9e74-35dc6ee1aa65
Magnesium Oxide 400mg Capsule,8019:1,586bc090-acd6-4c55-96cc-aa0f2799b3f2,cfe63ef7-062a-4e01-80dc-c4fef4ee6402
Ceftriaxone 0.5gm in vial Injection with Diluent,8019:1,f020620f-1ba3-45f4-9b9a-abbeadaea664,465afd31-7b55-4add-896b-19e84fd92ca2
Chemical Gram's Iodine 0.33% Solution 0.250gm + 2.50gm of 125ml Syrup,8021:1,d1bb8151-4700-42aa-82b1-1d9eaad6c39b,3b44dd1f-315d-4a28-a670-895d3159350e
ICCM Malarious Kit for Health Post (item No. 1 14),8016:1,29285363-d8a5-4b29-bb47-28d1ac8c5828,d87ebab2-3c22-4da3-8bda-fa74b228f6fd
Ephedrine HCL+ Potassium Guanaclosulphate (230mg + 7.6gm) Elixir,8021:1,7b988e47-6da2-4d2f-a17c-c6d8d4b5af74,38cf52f9-428b-4cb1-9cb2-cd7ce4a2c1a6
Diphenhydramin + Ammonium Chloride + Ephedrine (10mg + 125mg + 10mg) Syrup,8021:1,677f4c0a-3bde-4f49-afc5-5600395dc72d,f28079c7-00da-4129-b86e-83a24b2a7aaf
Calcium 500gm Tablet,8019:1,cdc2f317-e70a-4f69-9f3c-0b0febcadd68,739c6875-6417-4ebf-b430-dee253ded64b
Vinblastine Sulphate 1mg/1ml in 10ml Vial Injection,8021:1;8019:1,548c5a62-9473-4c26-a586-2ffaeead9a0e,448920af-149f-4ee4-97fd-748227f3dc78
Cephazolin Sodium 1gm Injection with Diluent,8019:1,d06facad-dea0-4ded-8f96-8d4bf9fb7c33,936bbbb9-3de4-44c3-86b3-94b5898bda04
Decitabine 50mg in vial Injection,8019:1,905e9b3d-2c19-4d3b-b817-e7fee9d0f1f0,28dc5ef4-25e4-448d-8f77-fc41d81a1fff
Hydroxyurea (Hydroxycarbamide) 500mg Tablet,8019:1,fc4afd86-1bf3-418b-b067-b4cb39d5131b,3c4991bf-aaac-4087-9e7b-9529e84248d0
Methotrexate 5mg/ml in 2ml Injection (Intrathecal),8019:1;8021:1,4d9c3de7-0c18-4e4d-ab40-338448898c7a,220c7890-ef7f-4e7a-9df8-33df6c44e981
Abacavir (ABC) + Lamivudine (3TC) (120mg + 60mg) Tablet (Dispersible),8028:1,feea11e5-0df6-42e9-b44c-db43af4237e6,e546d9f0-73f8-491a-84d7-047f6313184f
Benztropine Mesylate 1mg/ml in 2ml ampoule Injection,8021:1;8019:1,d823b9a6-33cb-4c69-abdb-1eeabf21d47b,19d88751-898a-43fe-a02a-7ec4f58f9b29
Castor Oil Oral Solution,8021:1,bbb14393-bf9b-40d3-91c6-6056abcd612b,1abb5a9f-b37c-4f81-a3c8-d556f2eec70d
Granisetron HCL 1mg Tablet,8019:1,da69e29e-6262-457a-89c3-5e30039c6a47,afe0afab-0633-46f5-84a3-e3a8a7d2e2c4
Anagrelide HCL 0.5mg Capsule,8019:1,7c46cb88-656a-4c0f-a2fd-419809d5cbce,ca4e1493-26ae-4da3-acfb-1092b431b7c0
Methotrexate 25mg/ml in 10ml ampoule Injection,8019:1;8021:1,3bcb97f5-9480-43e4-b7b5-fed84b6822fa,220c7890-ef7f-4e7a-9df8-33df6c44e981
Imatinib Mesylate 400mg Tablet,8019:1,0a32ff64-cb90-4be5-9606-329826087f4c,51dd1a3c-601c-4755-907a-18028e7db64a
Imatinib Mesylate 100mg Tablet,8019:1,4d1939c9-1b8b-4ab8-ad49-72adacf87155,51dd1a3c-601c-4755-907a-18028e7db64a
Temozolomide 180mg Capsule,8019:1,64ed7630-8dbe-4a82-9beb-7dc85caaf4c0,f22e52ee-c7c5-459f-8214-f1332368446d
Temozolomide 250mg Capsule,8019:1,46eb834e-4c9c-44ab-8c3d-08bcc86e36e5,f22e52ee-c7c5-459f-8214-f1332368446d
Temozolomide 20mg Capsule,8019:1,19aabc2b-98a8-471c-8f93-4705f9ef8f5b,f22e52ee-c7c5-459f-8214-f1332368446d
Temozolomide 140mg Capsule,8019:1,ac46b352-c546-404c-b952-2203f1d60e0b,f22e52ee-c7c5-459f-8214-f1332368446d
Temozolomide 5mg Capsule,8019:1,bf9cd3c3-8d71-4d1a-bdcc-f0b59785962b,f22e52ee-c7c5-459f-8214-f1332368446d
Temozolomide 100mg Capsule,8019:1,25754910-015d-42fd-be5e-a7eb0ade7c6d,f22e52ee-c7c5-459f-8214-f1332368446d
Metformin 1gm Tablet,8010:1,93450592-8df2-4a16-abc9-d2bf847b7ecd,4dea907a-b51e-49e2-8da4-6725583de913
Tranexamic acid 100mg/ml in 5ml ampoule Injection,8019:1;8021:1,93e1e4f1-bfdf-47d6-826b-68e6787602f4,f8242119-4e03-43eb-a019-9ced3950fa57
Cycloserine A 125mg Capsule,8019:1,0ad90a36-447a-432c-924c-7ae20f2f2554,910870eb-c0f5-429e-95a9-0d832fe040b7
Ethambutol 100mg Tablet (Dispersible),8019:1,0c761d7c-6afd-4244-9579-fdae0d463ea0,08cbc7c8-9d09-4718-8689-df2a8be940f2
Ethionamide 125mg Tablet (Dispersible),8019:1,dbeeeb8f-db60-4f61-9ab3-225e9f12c4e4,89d09f4f-c401-4cc3-83ba-dd299962ce7b
Levofloxain 100mg Tablet (Dispersible),8019:1,98681ea5-5475-4382-939f-ac576370b179,1cb1adb7-fb99-4c73-b699-0042e5c5c556
Moxifloxacin 100mg Tablet (Dispersible),8019:1,b4ed2c40-a979-4bfe-92a9-0af7cdf8ac73,4d6b1c72-d22e-40b2-9726-f7f48f36070f
Pyrazinamide 150mg Tablet (Dispersible),8019:1,672e464e-8ee1-4633-8ff0-09d46fd0f22f,d5ae09de-b975-440c-bc8a-823a908352ac
Thymoglobuline (Anti thymocyte Globulin Rabbit) 25mg in Vial Injection,8031:1;8019:1;8009:1,01b1220b-b05f-4cd2-b4c2-f69c32ba1d2b,91f0f3ed-fab4-451f-8b50-a9977cc7f66e
Bupivacaine 0.5% in 4ml Ampoule Injection,8021:1,40c80c8f-8740-4fe2-918c-ac55d1c419f2,65d1aed6-66ef-427a-b74e-2b72eccaf97f
Pegfilgrastim 6mg in 0.6ml PFS Injection,8019:1;8021:1,e7e0c4af-02c2-470c-8549-3cf6ef3d1550,ddd1c34a-522f-4322-bec8-07517d46bff5
Artesunate 100mg Suppository,8019:1,2e79214b-8798-4152-b914-11d04c77bb0d,cd0b5f4c-9012-45cd-a10e-6d7c149c9981
Oral Cholera Vaccine (OCV),8007:1,022d5f64-3c89-48b0-b5c0-55b65be22324,a297a0a7-867a-4281-bb9a-1065ce2c131b
Glucose hyperton injection 50% 50%,8031:1,258cda4a-cbdb-4d08-87c3-5071850c6687,90c2ab5c-ef50-482a-8b6c-91ac31c31f66
Glucose hyperton injection 50% 50ml,8031:1,6e70e61a-c90f-4072-8583-f5a4bbf352ac,90c2ab5c-ef50-482a-8b6c-91ac31c31f66
Gemcitabine Hydrochloride 38mg/ml in 26.3ml vial Injection,8019:1;8021:1,249e0cea-e817-4ecd-90aa-416162744485,65c5ca53-5fbc-4361-b91d-aed6c60f5271
Etonogestrel 68mg NXT Generation with full Insertion Accessory in Kit Capsule (Subdermal Implant),8009:1,acc7f9ed-5daa-492b-9a00-7ba93bbd5a67,7729b519-63d1-4f26-9fb7-5333c4e8970c
Amikacin 500mg/ml in 2ml Ampoule Injection,8019:0;8021:1,8cc4df58-9efa-48e7-8b5f-49f65466aa20,342afac5-ae06-4a1e-a80a-5ea2d5f61507
Acyclovir 500mg Powder for Injection (Lyophilized),8019:1,e00f594c-c664-4d87-8784-88a123b349b5,2a2b33c9-e7c6-47ac-a236-9a97e0bb708c
Clofazimine 100mg Tablet,8019:1,939e563b-ce47-43ac-8510-cb6704a2d224,171e65ac-c05f-4213-a468-fdeabf007709
Cefixime 400mg Capsule,8019:1,28ab5068-48b7-463c-ba57-8181575f5a9e,a99028bd-b66c-435a-bc5e-7e6b028f15bf
Dexamethasone 4mg/ml in 2ml Ampoule Injection,8019:1,59366192-bf9d-440a-b46f-ada4d77ac30c,3e8c8a91-deb4-47aa-8d70-f6b041c1135b
Mycophenolate Mofetil 250mg Capsule,8019:1,954b0b88-0275-44b0-93eb-d369e25ccd54,f832fba4-6142-403d-81e6-66285b2c467d
Heparin Sodium 5000IU/ml in 5ml Ampoule Injection,8013:1;8021:1,646ae58c-d969-4c07-ae0f-5f4ec5841e39,b4a95219-85f8-4e43-9c46-e161f48637e5
Betamethosone Diproprionate 0.05% Ointment,8009:1,c176078f-4c5d-40e8-9d76-69af533a8cfa,5d4de0cc-c382-42b0-917a-d5649e4ec40e
Hydroxyethyl Cellulose Gel,8010:1,6d5add4c-6950-4114-afd1-e25287686588,19cebe68-2438-4fea-9631-d03755686fd0
Methyl Prednisolone 1gm in Vial Injection,8021:1;8010:1,dc033a50-c11b-446f-83bd-112385fefb20,964a5b92-c431-4989-ab9b-58f58209a68e
Milrinone Lactate 1mg/ml in 10ml Vial Injection,8021:1;8019:1,5c9b3bc2-3ac3-468d-83cf-e91327e92103,25b89054-b0cf-4569-bbe6-04bc7735d5cc
Oxaliplatin 50mg/10ml in 10ml Vial Injection,8019:1;8021:1,0489cf76-9efd-4ac7-aab3-eb00ac670d7c,b99cc82c-716e-4bb1-95c4-0c6debc8fadc
Mesalamine 1.2gm Tablet (Modified Release),8010:1,5dda22ea-83de-4359-b834-530e4ad80deb,49f94500-2c32-4875-946c-27adfbddf482
Medroxyprogesterone Acetate 150mg/ml in 1ml vial Injection with 3ml Syringe 21G needle (Aqueous suspension),8019:1;8021:1,6c415cf0-9764-402a-9381-6aeb0339e83d,5537975e-ce76-4306-8d58-764e240babdd
Td (Adsorbed Tetanus and Diphtheria) Vaccine in Vial Injection,8031:1;8007:1,34678dcc-574a-4a5c-b108-4f3fa75ee1d5,367cdcc1-f12c-4ca8-8d5c-a5c4ff9bf15e
Darunavir (DRV) 150mg Tablet,8019:1,c6ff9832-e5ef-4c57-912a-0cb061807f88,9093db7a-5141-443c-97ce-c9d3d98d8530
Ranitidine 50mg/2ml in 2ml Ampoule Injection,8019:1;8021:1,e871a3d6-034b-4a61-85b6-341353dbe504,a60e4760-8f72-47aa-a3d3-0de2c6aeb3c3
Doxorubicin Hydrochloride 50mg in 30ml Vial Injection,8019:1;8021:1,06bd50d6-fca9-4986-8c38-df6aa40c90b5,a9c30e5d-ac51-4f6b-98f6-690aaa804d47
Ceftriaxone 250mg in Vial Powder for Injection with 5ml Diluent,8021:1;8019:1,e7bf40b8-c94a-4089-8b5b-b01c2f987d3f,465afd31-7b55-4add-896b-19e84fd92ca2
Oxytetracycline HCl + Hydrocortisone Acetate + Polymixin B Sulphate 5mg+15mg+ 10.000 Units in each ml Eye/Ear drop,8021:1;8008:1,9c2087cb-2cf9-42ec-ad47-b8222e72ee62,4833407b-d41f-491b-9a8c-5baff9983409
Rifapentine 150mg Tablet,8019:1,e14f462b-121d-4f6b-bc4c-c6a9ac01b777,9e8b0efb-573e-4de1-b91a-eee475c384ca
Calcium Acetate 500mg Tablet,8019:1,3f471a7b-8415-4eba-bf00-75bfd2662fef,7d84f5ef-2c00-4895-8c9b-4c71e7cf0cda
Prednisolone Caproate + Cinchocaine Hydrochloride (1.3mg + 1.0mg) Suppository,8009:1,35d931fb-2725-4273-ae0c-9ecc1efeb2d9,49517d5a-62d1-433e-abe7-af7c63662a20
Docetaxel 20mg in 4ml Vial Powder for injection,8019:1;8021:1;8031:1,2d9d3109-188c-4f32-a1b0-35ac82241f47,90c85456-0f8f-4b0d-b8d1-0861c5396af2
Montelukast 10mg Tablet,8019:1,e36967a0-70d9-47d2-abb8-6d6d42f3e8f4,e4f851fe-4e7e-4f96-8df4-8ff004728ee6
Lidocain 2% W/V Injection in 30ml,8021:1,a176985b-e6b5-48c7-8a52-df51da80da2c,e4676706-b175-4279-a5a2-a2ef1062f6f5
carboplatine 500mg Tablet,8019:1,bc7da4ca-854c-4512-800c-5c8ee5a89dc6,ce794990-ff02-4f69-8f58-e027c61c801f
Miconazole 40gm Oral Gel,8010:1,b2cd74f2-99ff-4461-b758-a98937e52dbb,28592ce1-6abe-4e77-b64d-ad9c066c271c
Carbamazepine 2% Suspension,8021:1,d64f39a5-2ee2-49cf-bbd9-41ce9c429d5c,f1d50a43-5f0a-4b52-bd1d-e3c3f0976a59
Anti haemorrhoidal oint w/applicator(Betametasone Valarate + Phenylephrine HCl + Lidocaine HCl) 0.5mg+1mg+25mg Ointment,8010:1,553fa082-ef36-4226-9c6b-14f41607edd7,c8479cea-7f84-471d-a277-d24c0a824a09
Chlorpromazine HCL 25mg/ml in 2ml Injection,8019:1;8021:1,969a8894-b745-490c-aeee-36c23ec4e708,2562ccc8-b7ed-4fff-91ca-9fdf693a2fd1
Sertraline Hcl 50mg Tablet,8019:1,efe1f1ca-96de-46ce-bef2-20ce8b5a192c,f1fb952e-b21d-44ed-b774-b76abd6f1bdb
Ritonavir (RTV) 25mg Tablet,8019:1,25062f4f-b39d-4704-bc60-ccad8520b65c,d2cb3932-1696-44bc-8d93-158b31b5ff0a
Hydroxyethyl Cellulose Lubricant sterile Gel,8010:1,2b83a750-e0a4-45dc-a176-7a08eaebc24d,19cebe68-2438-4fea-9631-d03755686fd0
Atorvastatin 40mg Tablet,8019:1,490e6c3e-3fb6-4725-a5b1-358d3f2c1fbc,a1412e6d-6336-4bf1-9aed-97cf72886b68
Ferric Ammonium Citrate + Folic Acid + Cyanocobalamin + Cupric Sulfate + Manganese Sulfate (160mg + 0.5mg + 7.5mcg + 30mcg + 30mcg)/5ml Syrup,8021:1,ba8c4e38-05f4-417f-b21a-8379360cae4f,49cbe97c-8547-4d73-b5c2-9398964ed41e
Aluminium Hydroxide + Magnesium Hydroxide + Simethicon + Sodium Alginate (125mg+250mg+50mg+100mg)/5ml Suspension,8021:1,9672c704-24d7-48d1-b0dd-fb48ad746af1,8f94831f-5f41-432e-ba48-41236a8381b8
Rifapentine + Isoniazid (300mg + 300mg) Tablet,8028:1,770d070b-2d8b-4c11-9a87-7410a7569db5,b4b351a8-f840-4fce-bed8-718ff3c5acdf
Polyvalent Anti Venom Injection,8031:1,dd876270-3126-4658-9a47-3970e9542541,4bbcba55-1337-4160-b0d9-e2f0b0a3f39e
Danazole 50mg Capsule,8019:1,16e3fbe2-30a7-4a6e-b7be-898e1db2760d,f5252b83-9a89-4f44-81c0-caca8578e836
COVID 19 Vaccine Solution(With out VVM) Injection,8007:1,fabcf194-da07-48d2-a7e3-75f9a9c09999,53c1b274-6761-47ac-830d-0546bcad4ed1
Vitamin B1 + Vitamin B6 + Vitamin B12 (100mg + 100mg +1000mcg) Injection,8009:1,e645e3f3-ede0-418e-bb23-234cf8e2f05f,af44cfc9-6b8f-49ad-aebd-c2751697eb38
Tamsulosin 0.4mg Tablet,8019:1,b9db3ef8-7ae1-44af-9e1b-7dc6e6e5500d,181aae70-3e21-41aa-b010-0414d90507b6
COVID 19 Vaccine Suspension (With out VVM) Injection,8007:1,60686f3d-f3cb-4fc8-ac30-471be4daaf1c,ddcb3a6e-713b-4786-bf09-cd6be32617a7
Gentamicin 0.30% Eye Drop,8021:1,5ee6f8b5-1cfa-41ce-a8a2-0baf24d2d598,b6871d46-d18c-4d79-b455-9ea18c35f907
sofosbuvir (SOF) + Daclatasvir(DCV) (400mg + 60mg) Tablet,8028:1,04add881-b0d1-4fdb-8c2d-0a988b30f0b0,6e6be090-6159-4655-bb4c-1206d506b46a
Dolutegravir (DTG) 10mg Tablet (Dispersible),8019:1,ced52cdf-f24c-4740-96fc-b5c8fb133964,0d382b80-1751-49de-9f02-84cfd90302fb
Novel Oral Polio vaccine type 2 Oral Drop,8007:1,8f840152-63fc-433d-8fb2-d4ac8d863968,d549e17b-d35c-487f-b45a-1ecf6895111d
Potassium Chloride 100mg/ml in 10ml Ampoule Injection,8021:1;8019:1,2bdd4f49-d4d9-47e2-a343-12f8f4b0acf7,82228508-9ed0-4ace-b80a-3b26cf323346
"Penicillin G, Sodium Crystalline 5MIU Injection",8020:1,054fa9de-09ac-457d-8dbc-c36b22c68ecd,9f28af97-d16b-4bf6-bcf4-8eb39dc01654
Paracetamol 100mg Suppository,8019:1,dba4967a-fd13-42bc-ad14-60ecca232efe,cadb8343-e5ae-45f2-ab0d-4322eafb8038
Bisacodyl 10mg Tablet,8019:1,f4192693-68a8-4ea8-bd5c-20980b1833b7,e2f02733-fafa-409d-aab5-5989a5dee264
Activated Charcoal 125mg Tablet,8019:1,bc81e8fb-6d53-4813-8ef2-75e6fbadadb5,6d8cbc35-6824-4bf3-abe3-c00a1182afb2
Metronidazole 200mg/5ml Oral Suspension,8021:1;8019:1,e7ee2d08-2207-4caf-bcac-5a1206e379c2,fdc15df0-53c4-4355-8253-6da000693c4f
Tramadol HCl 100 mg/5 ml Syrup,8021:1;8019:1,68d21c6c-7db8-4e49-80f9-d019f37993a1,e58b86d6-c69c-4c00-af26-04a8091ed551
Vitamin C (Ascorbic Acid) 250mg Tablet,8019:1,6e2c03c6-6af1-4966-9af3-4c6f42247c8c,52868fd0-07cf-4ddb-955b-210d212e5751
Vitamin B1 (Thiamine HCl) 100mg Tablet,8019:1,a267e683-907d-4dae-b0bc-36a53811619e,685c4cc0-5e83-43a7-9f91-4d21b14a6925
Amlodipine 2mg Tablet,8019:1,64f4f1cf-19ed-4e75-a459-9ba98c58eb21,a5fe81c9-9f03-45cc-aa91-68b1e91236da
Vitamin K1 (Phytomenadione) 1mg/1ml in 1ml Ampoule Injection,8021:1;8019:1,695f24b3-297d-452d-833f-aa6400edb1e0,ff5240f2-995d-4697-8ea8-51a2e224eb18
Vitamin B1 (Thiamine HCl) 50mg Tablet,8019:1,09cb5443-c577-4719-987d-d90a13d7a4b7,685c4cc0-5e83-43a7-9f91-4d21b14a6925
Ibuprofen 40mg/ml Syrup,8019:1;8021:1,8b63460e-949e-4333-8b56-be0c1299570e,bdaab1d7-2627-40a0-84cf-086b605221a3
Insulin Glargine 100iu/ml in 3ml Injection (Solution),8021:1;8013:1,bf86aae7-f7be-4518-8ff9-54b8aed25e7f,2b598736-bffc-4781-9741-fabd3fd369df
Amlodipine 4mg Tablet,8019:1,bc7b0a33-42b4-4b23-840e-2b4e69969e3a,a5fe81c9-9f03-45cc-aa91-68b1e91236da
ReSoMal 84gm Powder,8010:1,7f59bf1c-307c-4438-9f72-a5aa7645bae2,3ae06f5c-e48b-42d1-a1d5-e7bcf92bb07c
Cefixime 100mg/5ml Powder for Suspension,8021:1,044fdfab-01b6-4867-b8bf-9aecb061c7bd,a99028bd-b66c-435a-bc5e-7e6b028f15bf
Lisinopril + Amlodipine (20mg + 10mg) Tablet,8028:1,be2e399b-201e-4146-a8cf-c265226705b5,f1a551c4-eb3a-44c6-bda6-6e6a24ad1ae0
Lisinopril + Amlodipine (20mg + 5mg) Tablet,8028:1,5061e2af-7fab-49e8-ad70-ad19806ebeb6,f1a551c4-eb3a-44c6-bda6-6e6a24ad1ae0
Zinc ORS Co Pack 2 sachets ORS 21.8mg/ml + 10 Zn 20mg dispersible tab Oral Solution,8009:1,ca86fc36-3933-4a28-8367-d4878420e193,de3f5e9f-2ea6-4026-a543-7cf21daab855
Bedaquiline 20 mg Tablet,8019:1,f90ffb85-f17a-4068-b363-ee8ba97ef983,58832ac9-d58b-412b-9655-8cb5c86e8969
Phenytoin (Diphenhydantoin) Sodium 250mg per 5ml vial liquid Injection,8021:1;8019:1,bc6fbe1c-bca3-4fab-8ba2-a0b98b892376,c9c35724-00d2-4dc7-a7aa-c2380950ec8c
Zinc ORS Co Pack 2 sachets ORS 20.7mg/ml + 10 Zn 20mg dispersible tab,8009:1,d7984f72-e721-4166-afb7-3637e72e1509,de3f5e9f-2ea6-4026-a543-7cf21daab855
Labetalol 100mg/20ml in 20ml vial Injection,8019:1;8021:1,de665113-9527-41e8-877b-be82fe4d0dff,57ee2e86-d8e0-4aa0-8979-aa1441c9f97f
ORS(Sodium chloride + Trisodium Citrate dehydrate + potassium chloride +Glucose) (3.5g +2.9mg+1.5mg+20mg) Powder,8025:1,bb5dd058-196d-446c-8946-1724417cd73c,4b0bfd0e-a2f0-40cf-a4bf-d7661ff1e088
Esomeprazole 40mg Capsule,8019:1,e2060696-4b42-44ab-b8ab-285129fb0ff3,c5705a02-d72f-4583-bcc6-75123f639d72
Tranexamic acid 100mg/ml in 10ml Ampoule Injection,8019:1;8021:1,8f76f212-bd41-4d66-8b4f-d199ab0d224a,f8242119-4e03-43eb-a019-9ced3950fa57
Rabies vaccine inactivated ( freeze dried) 2.5IU/ml 1ml 1 dose vial with diluent ampule injection,8021:1;8013:1,93d48a50-a328-4934-b402-6a098d761d5e,254d96d6-1f93-4bfd-9c90-3cfd2dd28508
Delamanid 25mg Tablet (Dispersible),8019:1,9407fb9d-795a-485e-b5af-8b0d328a44bf,c3917f9c-c478-4331-ac0e-32be72289631
"Chlorhexidine 40% gel, W/W",8009:1,61a586c1-93c1-4e60-9c49-011c688c4f9c,9a614379-580e-43d1-83d1-b4dd5ae3eb2f
Lamivudine (3TC) + Dolutegravir (DTG) + Tenofovir (TDF) (300mg +50mg+300mg) of 30 tablet Tablet,8028:1,254b0054-020f-4f60-823c-3ca5d0f0da93,d937bd63-de3e-4407-a005-4dfaa905100d
Ringer’s Lactate Solution Each contains Na+ 147mEq + K+ 4mEq Cl 155mEq Intarvenous Infusion,8021:1,08156821-4045-4b89-b74d-d2eeb436c5b2,d2a8aac5-7ddc-46d3-9e74-35dc6ee1aa65
Lamivudine (3TC) + Dolutegravir (DTG) + Tenofovir (TDF) (300mg +50mg+300mg) of 90 tablet,8028:1,026f13fd-99de-48fd-8730-eecebf4a625b,d937bd63-de3e-4407-a005-4dfaa905100d
Lamivudine (3TC) + Dolutegravir (DTG) + Tenofovir (TDF) (300mg +50mg+300mg) of 180 tablet,8028:1,2ecb2dc5-7b8a-4878-8c63-2a197b00b65c,d937bd63-de3e-4407-a005-4dfaa905100d
Carboplatin 450mg /45ml in Vial Injection,8021:1,d7abb0f3-ec55-446c-9e25-cc719c9472eb,102fa5e2-6c4f-4e65-ba5f-74de7cb056a6
All Trans Retinoic Acid (ATRA) 10mg Capsule,8019:1,e23552e8-78d1-4fbd-ba17-d427985cec60,ea780f42-e1c4-46b3-9831-0dec6be3cb43
Hydrocortisone Sodium Succinate 100mg Powder for injection,8019:1,fe989f09-3729-433a-a946-f31db9d9c9cc,fd138752-60ad-4bc7-b8da-ce2ad5c499a1
Hydrocortisone Sodium Succinate 50mg/ml Powder for injection,8009:1,a81febca-e3db-4be6-93de-0d7466bd73d9,fd138752-60ad-4bc7-b8da-ce2ad5c499a1
Chlorpheniramine Maleate 10mg/ml solution for injection Injection,8021:1,055047f7-eaba-4d5f-94e8-bd5cd42b699f,a2c2ad6a-2932-4981-9b7b-cfbec301720c
Desloratadine 0.5 mg/mL Syrup,8019:1,1b9bcd7b-bad4-4967-afb7-f67ce12df355,1bde3f8b-53eb-4484-835b-9a02ebfa731d
Ciprofloxacin + Dexamethasone 0.3% + 0.1% Eye Drop,8009:1,1920f029-3710-4877-abbb-ed90cb1102d4,dd5c3402-00eb-49f1-918b-f41a567530e1
Flucytosine 500mg Tablet,8019:1,17e30f26-9a8a-4a13-b153-c80f516fa701,fa76c3ea-ad4b-4be1-a312-85c37f48e160
Metoprolol succinate 25mg Tablet,8019:1,9667c7fa-9adf-48e3-8c01-2a4ed6340ffb,89461fea-4f6d-4735-a9c1-0c27312d0af2
Metoprolol succinate 50mg Tablet,8019:1,f56d4ccd-ef96-4e17-99f7-6cc5645b8e5d,89461fea-4f6d-4735-a9c1-0c27312d0af2
Clindamycin 1% of 20gm Gel,8010:1,05e8301f-7223-4eb3-b804-20f8518ea362,78ac43ad-0a87-4202-9985-500cfe58368d
Pretomanid 200mg Tablet,8019:1,6930fb81-304d-4896-8a29-c0a1c9444d2b,b2da0bfc-f818-4fe9-88c3-fd21b6623187
Clofazimine 50mg Tablet,8019:1,691f8a46-33de-40d9-9de9-3e125a5d6f86,171e65ac-c05f-4213-a468-fdeabf007709
Beclomethasone 0.05mg/ds 200ds Oral inhalation,8024:1,0d8f27cd-248a-473e-88fc-1ac1966bd5d1,80fd74d0-e18e-4168-94aa-1485bf440953
Isoniazid (INH) 100mg dispersible tablet,8019:1,a74e5aff-b935-49d2-9745-c034814554d4,d1de79d6-28bc-4df3-a3d4-dd7693c08023
Glycerin 1.2gm Suppository,8010:1,0075c278-deb1-44ef-8739-4282ea941c7d,11c22597-08c1-42b9-a413-1f6e1fad5098
Linezolide 150mg dispersible tablet,8019:1,27b52c77-ee50-4b8c-aa6b-d10ca8fc5389,d17898d6-2ecf-4e7a-9016-ab8771c38033
Nirmatrelvir + Ritonavir 150mg + 100mg Tablet,8028:1,b122b601-933e-486d-af3c-a992f4cd5a60,93e77849-f155-4301-9f3e-74053c56b500
Quetiapine 200mg Tablet,8019:1,ec58b33b-92d8-40fd-9d22-a8955ffe7cf3,69ccd6c9-b365-4d70-a7d4-df36e84b6169
Metformin HCL + Glibenclamide (500mg + 5mg) Tablet,8028:1,ba88d4b2-44f3-423a-aede-6b6f0b8a0b00,0b6d9f5d-816b-44d9-8cfc-9163201c49c3
Metformin 750mg Tablet,8019:1,8bbc14e1-1cab-42f6-8380-8ffb17b3a093,4dea907a-b51e-49e2-8da4-6725583de913
Phenobarbitone (Phenobarbital) 60mg Tablet,8019:1,5fc915e9-8ec4-4eab-a398-3ecc1cda2f3b,8bc1610b-3071-4c79-a5eb-dc8efa6a10b0
Metformin HCL + Glibenclamide (500mg + 2mg) Tablet,8028:1,7244c074-e700-428d-a299-8fe85bec9a82,0b6d9f5d-816b-44d9-8cfc-9163201c49c3
Hydrochlorothiazide 50mg Tablet,8019:1,3b32d3ec-44d3-4827-afd4-c294ca42b71f,ba89d6b3-853b-44b1-8b2b-621898ceb6fe
Pregabalin 75mg Capsule,8019:1,69d7135c-1b4e-4282-8840-8172720d3e7b,c5f261a1-aa65-477e-9f76-103f1fce4f8c
Bisoprolol 10mg Tablet,8019:1,aea55b6f-cf03-43da-ba8e-c6684c21d308,79ca354b-0d57-4156-8dab-c0ec2a990675
Bisoprolol 2.5mg Tablet,8019:1,12d626a0-aa5c-404c-a47a-18cf94f4d9c3,79ca354b-0d57-4156-8dab-c0ec2a990675
Secnidazole 500mg Tablet,8019:1,9c01a2b0-79b6-4ff3-b2a9-2fbdd4c9a9c4,9b44358a-88d2-4466-acdd-4a48a3896a93
Metformin HCL + Glimepiride (500mg + 2mg) Tablet,8028:1,553e9181-d66b-4d43-8318-46cb13d49c9d,2de54e95-e537-4cca-ab18-ec87b847552e
Metformin HCL + Glimepiride (500mg + 1mg) Tablet,8028:1,bf859729-0c57-4ced-9352-d22e4b224d64,2de54e95-e537-4cca-ab18-ec87b847552e
Medroxyprogesterone Acetate 104 mg/0.65 mL subcutaneous injection with pre filled syringe,8019:1;8021:1,17ddafaf-37d0-426b-8248-559ddd8a72f6,5537975e-ce76-4306-8d58-764e240babdd
