Uuid,Void/Retire,Concept,Member,Member Type,Sort Weight
0d3b0f34-7db2-49e1-8083-3e48c9c6b4b4,,Medical Supply Items,Condoms (Male),CONCEPT-SET,
ac53c992-b573-4011-b841-544b1815020a,,Medical Supply Items,Absorbable Gelatin Sponge,CONCEPT-SET,
76642762-653c-4a2d-9b89-62902191e850,,Medical Supply Items,Condoms (Female),CONCEPT-SET,
a41483b7-746e-498c-9cd3-a6130e3fa87f,,Medical Supply Items,Centrifuge Tube 50ml,CONCEPT-SET,
997bc6d7-e045-437a-8c82-5b21702ed8f8,,Medical Supply Items,Pipette Multi Channel,CONCEPT-SET,
7a8c8422-4eaf-4f2c-a2b2-e3364039e194,,Medical Supply Items,Thermal Paper,CONCEPT-SET,
cea48348-0730-4b61-8f11-320d93663da4,,Medical Supply Items,"Pasteur Pipette 3 ml, graduated",CONCEPT-SET,
5ee0b0f6-35e8-4a57-b01f-8eef483337f2,,Medical Supply Items,Urine Collecting Bag Pieces,CONCEPT-SET,
ccd9d6db-bf1a-4722-8fee-be514ee6e364,,Medical Supply Items,Apron Cotton,CONCEPT-SET,
e7545802-8f65-471e-9262-5977793b81ee,,Medical Supply Items,Disposable Syringe 2ml with needle 21G,CONCEPT-SET,
718c9fac-7a0f-4f08-9172-f45a5e57d239,,Medical Supply Items,Disposable Syringe 5ml with needle 21G,CONCEPT-SET,
5fc2b10a-9813-4069-b34e-03cd1b7d1cf5,,Medical Supply Items,Examination Glove Latex Medium Size,CONCEPT-SET,
a4670c0b-398e-4951-8202-87fdfbf0bdd8,,Medical Supply Items,Gauze Bandage 7.5cm x 5m,CONCEPT-SET,
0b65bfc0-1e93-491d-a888-95417ba2f350,,Medical Supply Items,Incinerator Plastic Bin of 22 Liter,CONCEPT-SET,
07e17197-6085-43c5-a92b-ead9e8f3dccd,,Medical Supply Items,Safety Box,CONCEPT-SET,
cfab6e6e-20bc-4047-a893-ad879e78eb9d,,Medical Supply Items,Surgical Glove Sterial Latex No. 7.5,CONCEPT-SET,
a1a1fc1a-31a3-4199-9ea2-42237255e3d9,,Medical Supply Items,Biohazard Bags 8x12,CONCEPT-SET,
4800a676-76d9-4bb4-9ea8-46cfdd3041ab,,Medical Supply Items,Heavy Duty Glove large,CONCEPT-SET,
6dceaa18-dbcd-47cc-8a2c-7d61f51743d3,,Medical Supply Items,Plastic Sheet Drawer 20m,CONCEPT-SET,
496f4e93-3ce8-4033-ae9b-61f962263a40,,Medical Supply Items,Biohazard Bags,CONCEPT-SET,
215d83c0-6133-4463-b466-f5a8c86a2c54,,Medical Supply Items,Eye Goggle,CONCEPT-SET,
be49525c-68f9-42cb-abac-9645710e8b0f,,Medical Supply Items,Face Mask Surgical,CONCEPT-SET,
76c0b480-af19-4e79-a9f3-93359ca20726,,Medical Supply Items,Auto Disposable Syringe 2ml with Needle 21G of 100,CONCEPT-SET,
7b8d741e-80b9-49aa-a14c-48b5f07a2cda,,Medical Supply Items,Toilet Tisue 100gm,CONCEPT-SET,
7f35e57a-df45-4e72-96f4-4b055f7392ab,,Medical Supply Items,Umblical Medium size,CONCEPT-SET,
23ca58e6-778a-4c63-a2cc-3f51bad41c1b,,Medical Supply Items,Community Home Based Care Bag,CONCEPT-SET,
e7b112da-7974-4269-b736-4f47cbc52b09,,Medical Supply Items,Adhesive Cover (Optical ),CONCEPT-SET,
70ce4684-b67e-4156-b388-29bc947e2ab2,,Medical Supply Items,Micro Tube Centrifuge 1.5ml Sterial,CONCEPT-SET,
7b4e0386-79ad-4a58-b692-e4f249fd7a24,,Medical Supply Items,Combitip Plus Adapter 25ml,CONCEPT-SET,
24571a8e-6ece-47b6-9788-19a489cb3e87,,Medical Supply Items,Apron Plastic Reusable Autoclavable blue,CONCEPT-SET,
cea60227-4f22-4f99-9b06-059907f5b914,,Medical Supply Items,Probe Cleaning Filter,CONCEPT-SET,
368a1305-6cd7-4f58-8e5c-42f279321687,,Medical Supply Items,Cryogenic Vial Of 450,CONCEPT-SET,
d61a6b72-4a9d-4c9d-beac-595bdbf3b4ea,,Medical Supply Items,Syringe(AD) 5ml with needle 21G,CONCEPT-SET,
ece1f13c-22f1-481d-9fa2-282b4a9a4f91,,Medical Supply Items,Condoms Male Latex length 180mm width 53mm,CONCEPT-SET,
85195bfe-3a7a-4601-b529-13602dcfa937,,Medical Supply Items,Biohazard Bags Yellow 255 X 355mm,CONCEPT-SET,
06ad99dd-57aa-4f94-bb57-24ac252562da,,Medical Supply Items,Infusion Giving Set,CONCEPT-SET,
deb0154e-d262-487d-bc85-d6732627432f,,Medical Supply Items,Torniquate Rubber,CONCEPT-SET,
b4531469-420c-4277-99b4-dba610d7fd6e,,Medical Supply Items,Examination Glove Latex Large Size,CONCEPT-SET,
7830738d-4823-466a-b7be-943fdc5c1a9b,,Medical Supply Items,Lab Marker Extra Fine Tips,CONCEPT-SET,
62d8c2f8-2f41-4396-8aa3-e74902be6b53,,Medical Supply Items,BD Syringe 5ml with out needle 21G,CONCEPT-SET,
27386433-6327-424d-b409-242faa91bc9c,,Medical Supply Items,Plastic Table Sheet 20 meter,CONCEPT-SET,
7f41f610-7493-4578-b03d-0c2c7c023ab2,,Medical Supply Items,Disposable Syringe 10ml without Needle,CONCEPT-SET,
2f511c7d-5e6d-4d1b-ac9e-4e2e02209d4c,,Medical Supply Items,BD Vacutainer Needle 21 G,CONCEPT-SET,
e2eda51a-8c4a-4a2d-afd3-5aded1d82680,,Medical Supply Items,Hemocytometer,CONCEPT-SET,
4b194414-d1a0-4151-b973-c2488638b4af,,Medical Supply Items,Hygrometer,CONCEPT-SET,
b2f65428-2d54-4b7c-ad74-4b4527c0281a,,Medical Supply Items,Laboratory Consumable Bundle,CONCEPT-SET,
4eb302d7-13b9-4221-9fe3-6cfed90817b8,,Medical Supply Items,"Blood Collection Tube K3 EDTA, 3ml",CONCEPT-SET,
630e4bc5-8d8d-4bad-9186-b5328f242191,,Medical Supply Items,Cotton (Sanitary),CONCEPT-SET,
1917b380-8e36-468a-92a0-545b0aeeffcc,,Medical Supply Items,Tube Culture NS 12X75mm,CONCEPT-SET,
0cf538c2-df01-4452-851d-4423e772207c,,Medical Supply Items,Round Bottom 12 x 75 mm,CONCEPT-SET,
10a60172-c747-4281-a229-b84df4fe6054,,Medical Supply Items,Combitip Plus Sterile 25 ml,CONCEPT-SET,
c5283253-ffe1-4c10-910e-2bf3dc9a8db8,,Medical Supply Items,Combitip Plus Sterile 10 ml,CONCEPT-SET,
757ebff5-f5d5-4bdb-b185-469575f90467,,Medical Supply Items,"Disposable Syringe 2ml with needle, 22G",CONCEPT-SET,
9b8d7da5-07a8-468f-9895-74586e53097c,,Medical Supply Items,Disposable Syringe 5ml with needle,CONCEPT-SET,
552f25c8-6d8e-4228-9257-692fb0b6aa1c,,Medical Supply Items,Adhesive Plaster Zinc Oxide Size 7.5cm X 10m,CONCEPT-SET,
1c01c29b-f263-4b50-bf3f-d6a48aa79af4,,Medical Supply Items,Adhesive Plaster Zinc Oxide Size 5cm X 10m,CONCEPT-SET,
39207d5a-cdce-4577-aee6-a3c47ebea0e6,,Medical Supply Items,Applicator Wooden Stick 15cm Long x diam. 2.5mm with Cotton,CONCEPT-SET,
ab9a1007-57f9-4d15-ac81-e58a84ead7f9,,Medical Supply Items,Apron Plastic Protection Against Chemicals Resistant To Most Acids Adult Size,CONCEPT-SET,
9e590fe8-b120-47e2-81ee-442a5ab81bf3,,Medical Supply Items,Cannula Intravenous Set (IV Cannula) 24G,CONCEPT-SET,
b6e2e3c9-2d45-4acc-a62c-03ea1367c426,,Medical Supply Items,Cannula Intravenous Set (IV Cannula) 22G,CONCEPT-SET,
7e0a8a5b-1187-40c0-ad0a-ef4c5fa8f55d,,Medical Supply Items,Cannula Intravenous Set (IV Cannula) 20G,CONCEPT-SET,
93fd24f4-4127-4db8-9f04-712d0e4af883,,Medical Supply Items,Cannula Intravenous Set (IV Cannula) 18G,CONCEPT-SET,
3836852b-482b-46bd-883d-fe8625c1ae71,,Medical Supply Items,"Disposable Syringe 3 parts , 10ml with 21G needle",CONCEPT-SET,
ef515fc4-c61f-4036-853f-3201e22d1414,,Medical Supply Items,"Disposable Syringe 3 parts , 3ml with 21G needle",CONCEPT-SET,
52e21585-f291-4505-9677-dc37200fe341,,Medical Supply Items,"Disposable Syringe 3 parts , 5ml with 20G needle",CONCEPT-SET,
067ece99-4dc2-4ddb-97ec-a965cc819d8a,,Medical Supply Items,"Disposable Syringe 3 parts , 5ml with 21G needle",CONCEPT-SET,
bba0f316-3ccb-4d7e-9e66-9131bc3e580c,,Medical Supply Items,Tongue Depressor wooden,CONCEPT-SET,
86deabe0-54b7-4c5f-b2ee-bf05e8402af7,,Medical Supply Items,Torniquate of double belt,CONCEPT-SET,
f1fabaaf-e9d3-4c1d-914c-f78a9021b46b,,Medical Supply Items,Triangular Bandage size 96*96*136cm,CONCEPT-SET,
c32666fb-b589-43e5-9f24-0c385fb92fee,,Medical Supply Items,Centrifuge Tube Glass Graduated 15ml,CONCEPT-SET,
134d055d-4c02-4533-b68c-c9cfa019e87f,,Medical Supply Items,Examination Glove latex non sterile Large,CONCEPT-SET,
aecdb9e5-6751-4ea3-ab35-e374f2563ce3,,Medical Supply Items,Gauze Bandage 10cm x 5m,CONCEPT-SET,
9d4f2e3a-f140-4e87-843b-46a5dffd2385,,Medical Supply Items,Ear Syringe 100ml metal complete in set stainless steel,CONCEPT-SET,
52dd6a1b-2b75-41ba-b5b3-8e3e050cae37,,Medical Supply Items,Gauze Bandage B/P Mesh 28 x 24 size 7.5cm x 5m,CONCEPT-SET,
9b83f6f1-af9f-4979-8e7c-08a8f9e0025f,,Medical Supply Items,Gauze Bandage B/P Mesh 28 x 24 size 12.5cm x 5m,CONCEPT-SET,
34223829-0596-4135-9d26-24df3ce0cf64,,Medical Supply Items,Gauze Surgical 90cm x 100m,CONCEPT-SET,
3615ca25-0fe0-4c9d-b1ae-e2a25b08869f,,Medical Supply Items,Heavy Duty Glove Rubber Resistance to Chemical (Large) Size,CONCEPT-SET,
75149067-4e73-4f99-a09a-59f9b65d9041,,Medical Supply Items,"Insulin Syringe ,100iu/ml, 1ml with 29G needle, disposable",CONCEPT-SET,
8516de83-f75b-429e-b16e-aff85948f335,,Medical Supply Items,Examination Glove Latex disposable Non Sterile Medium size,CONCEPT-SET,
e212d933-1cd8-4727-9e66-7bd918f4c39a,,Medical Supply Items,Surgical Glove sterile Latex No. 7,CONCEPT-SET,
40f76825-b90b-41e3-9656-e09d1460e570,,Medical Supply Items,Paraffin Gauze 10cm x 10cm,CONCEPT-SET,
43be346f-b855-417d-bb3f-5163d5cdcd88,,Medical Supply Items,Plaster Of Paris (P.O.P) 10cm x 3m,CONCEPT-SET,
616f1048-16ab-41c8-ae0b-cae5a12ef3bd,,Medical Supply Items,Plaster Of Paris (P.O.P) 15cm x 3m,CONCEPT-SET,
a62e5148-b450-4f47-bd27-6c6fd5fda08e,,Medical Supply Items,Plaster Of Paris (P.O.P) 15 cm x 3m,CONCEPT-SET,
fc4fc5db-caf7-4fc5-ad56-2c8f7c6fa5c0,,Medical Supply Items,Suction Catheter transparent with funnel silconized adult size(Sterile) for single use,CONCEPT-SET,
40ab6eb4-b405-4918-b85f-a752d34abdd1,,Medical Supply Items,Silconized Cannula with 30cm extension tube steile 23chg of 100's,CONCEPT-SET,
6722ea21-02e6-4a18-8ec8-e2f475a0d04e,,Medical Supply Items,Silconized Cannula with 30cm extension tube steile 25chg of 100's,CONCEPT-SET,
9fb1bd62-1f61-4af7-808d-b04f40e32857,,Medical Supply Items,Umblical Clamp 5.3cm Sterile,CONCEPT-SET,
4e39fde2-64ec-43e5-820a-ca163397853b,,Medical Supply Items,Centrifuge Tube ungraduated Xonical,CONCEPT-SET,
80802eb3-757d-422f-9eed-e401b0aec499,,Medical Supply Items,"Centrifuge Tube round bottom ,ungraduated 1.2mm x 100 x 16mm",CONCEPT-SET,
cb959300-61ff-4ffd-86a1-da488d7988a5,,Medical Supply Items,Blood Collecting Bag,CONCEPT-SET,
d4c50a0b-12a0-4142-879e-d812eafd2cf7,,Medical Supply Items,Apron Plastics,CONCEPT-SET,
b670fbe1-f717-4cbe-bc6d-042f383c9932,,Medical Supply Items,Cannula Intravenous Set (IV Cannula) 16G,CONCEPT-SET,
7720f0c0-fde0-4a34-b8e5-c88b562b0feb,,Medical Supply Items,Sheets Vinyl size 18cmx91cm,CONCEPT-SET,
9e23e6de-fbb3-4e28-86a6-6450d068941d,,Medical Supply Items,Scalp Vein Winged Infusion Set 23G,CONCEPT-SET,
62fc6d12-b3ca-443f-a363-56c220c9a22c,,Medical Supply Items,Scalp Vein Winged Infusion Set 25G,CONCEPT-SET,
f4f5addf-4c07-4518-9504-1e654dc97a68,,Medical Supply Items,Surgical Glove No.7.5,CONCEPT-SET,
1f2509a3-29da-491c-a424-e6355cee1783,,Medical Supply Items,Gauze Dress 3x4.1 yrd Non sterile Roll,CONCEPT-SET,
68b36966-005c-4bb1-bf2c-1ac763455f92,,Medical Supply Items,Humidity Indicating Cards,CONCEPT-SET,
c66272af-0118-4494-9a21-85f640607518,,Medical Supply Items,Aluminum Foil 37.5 (Diamond),CONCEPT-SET,
1e315f89-e519-42ca-830d-b5b1e2d74c1d,,Medical Supply Items,BD Microtainer Tube K2EDTA 250 500 µl.,CONCEPT-SET,
9eaeea03-4194-4836-a0c8-574dda3a41d9,,Medical Supply Items,Absorbent Underpads,CONCEPT-SET,
00faed3a-65ca-40bd-9213-b1d268bba591,,Medical Supply Items,Bottle and Cap (EV 431),CONCEPT-SET,
2609a684-2de8-40c4-906f-86d1484cdaae,,Medical Supply Items,Disposable Syringe 10ml with Needle,CONCEPT-SET,
9467b8ea-5191-4bd9-8943-72c88fa70ba1,,Medical Supply Items,"Gauze Swab 10cmx 10cm , 6 plys sterial",CONCEPT-SET,
4ec6f12a-c052-43d7-92fe-7a7749bd605c,,Medical Supply Items,Gauze Bandage 18cm x 5m mesh 28 x 24,CONCEPT-SET,
86aaf64a-06cd-43c6-bd25-c82e5ee47a96,,Medical Supply Items,Sharp Container,CONCEPT-SET,
e8caa2d7-c73e-4360-b17a-693336df0559,,Medical Supply Items,Lense Cleancing Tissue,CONCEPT-SET,
b36eebc2-b8b5-4dc7-b228-2e446e632c4b,,Medical Supply Items,Adhesive Tape 5cmx9cm,CONCEPT-SET,
d6b93f9a-9c5f-4f80-b9a7-34c22f3449d3,,Medical Supply Items,Pasteur Pipette 3 ml,CONCEPT-SET,
9a0666cf-80c3-477f-9487-34f4f4c6f70a,,Medical Supply Items,"Cat Gut Chromic 3.5 (2/0), 75 cm HR 38 1/2 C.R.B 38mm heavy needle 334",CONCEPT-SET,
21c3e1a5-d800-4ce2-94ca-cfadc94a2638,,Medical Supply Items,Biohazard Bags 24x36 of 200,CONCEPT-SET,
ee360143-af94-489e-becf-485bb625043b,,Medical Supply Items,Auto Disposable Syringe 10ml with needle 21G,CONCEPT-SET,
04d6c130-c53b-460d-9e75-cdaf660ef9ea,,Medical Supply Items,Sputem Cup,CONCEPT-SET,
73a1b8a9-4f32-4aa5-bd5f-35a4850ba37c,,Medical Supply Items,Microscope Slide 76mm x 26mm of 50,CONCEPT-SET,
d4c768b0-8a74-4243-a1db-a182ae05c917,,Medical Supply Items,"Blood Lancets, Disposable Sterile",CONCEPT-SET,
1452995c-8b76-45ed-ae9f-67fdcc4d5d2a,,Medical Supply Items,Asucryl Synthetic Absorbable Braided Violet (PGA) 2/0 75cm on TS27 3/8C Rev.cutting 27mm 4575,CONCEPT-SET,
0d9157a1-120f-48a7-87be-6a54fb314642,,Medical Supply Items,"Polyamide Monofilament Gauge 0.2 (10/0) 30cm TRM 5 curved, 5mm long R>B. (taper) 100microns, micropoint 543360 dozen",CONCEPT-SET,
f140d2cf-f109-452e-bea8-c6c8713fcd42,,Medical Supply Items,Infant Feeding Tube No.8,CONCEPT-SET,
19a137b0-4d0e-486f-85d4-a4e3e65b827c,,Medical Supply Items,Rectal Catheter No. 28,CONCEPT-SET,
b24d56c6-7ab5-4506-8c26-10378b2db83f,,Medical Supply Items,Rectal Catheter No. 30,CONCEPT-SET,
fad04604-38f8-4d13-a032-753bed60d34c,,Medical Supply Items,Suction Catheter No.6,CONCEPT-SET,
b9e026d3-ce6e-4b5f-9d2f-7ef6ed3416e2,,Medical Supply Items,Suction Catheter No.8,CONCEPT-SET,
7ac98fb5-1873-4868-9c26-de4465564f59,,Medical Supply Items,Suction Catheter with Xroline No.28,CONCEPT-SET,
bf040dfe-ff53-4be5-ac5d-b3653cdca5e4,,Medical Supply Items,Suction Catheter with Xroline No.4,CONCEPT-SET,
1d61359b-2e70-4bab-864d-468a278ab044,,Medical Supply Items,Suction Catheter with Xroline No.6,CONCEPT-SET,
db2f43f1-cbbd-4edf-b12d-408756ca83bc,,Medical Supply Items,Suction Catheter with Xroline No.8,CONCEPT-SET,
1c53f823-b21d-48fd-8352-d92f9ae77368,,Medical Supply Items,Suction Catheter with Xroline No.23,CONCEPT-SET,
53fdfbb7-21e5-41af-a233-67d57d559c71,,Medical Supply Items,Disposable Syringe 50ml with Needle,CONCEPT-SET,
be981040-b240-44eb-a9bc-6ea499c00499,,Medical Supply Items,Gauze Bandage 5cm x 5m,CONCEPT-SET,
26c68c6b-ae00-4af8-ad16-3ae3ae5cd333,,Medical Supply Items,Surge Protector,CONCEPT-SET,
020d7dc6-a44b-437a-849b-b959d59dc872,,Medical Supply Items,Auto Disposable Syringe 1ml with needle,CONCEPT-SET,
d93942d1-821b-4034-bf15-20f08f46cc3f,,Medical Supply Items,Gauze Non Sterile 90cm x 90m,CONCEPT-SET,
5ce24105-f2d5-4496-aef9-0ea4d83ba27f,,Medical Supply Items,Dental Needle Steralized 0.4 x42mm,CONCEPT-SET,
2438e8e3-0a88-4046-b5ea-8c869bfb510a,,Medical Supply Items,Goggles For Delivery Room,CONCEPT-SET,
7594670b-541d-47da-9e66-3e601b292875,,Medical Supply Items,Sample Cups For Humastar 80,CONCEPT-SET,
4b85128b-061a-4700-9c80-b835e4f38297,,Medical Supply Items,Auto Disposable Syringe 5ML detachable needle 23G,CONCEPT-SET,
18732c9b-f1b3-49b0-9f6a-19c2b4046e14,,Medical Supply Items,"Surgical Glove Sterile, Latex No 6.5",CONCEPT-SET,
5050226c-3909-4dec-a48d-3f6d86193568,,Medical Supply Items,Cat Gut Chromic 3.0(3/0) 75cm on 18 20mm 1/2circle Round Bodied Needle 2234,CONCEPT-SET,
d7f1535e-b346-462b-91dc-59aca2092f11,,Medical Supply Items,Cover Slide 22x22mm Thickness 13 mm,CONCEPT-SET,
c0a36af1-f732-49ff-ab9c-0207191ad3c2,,Medical Supply Items,Disposable Syringe 1ml,CONCEPT-SET,
7bc9c34c-54cd-4057-8ebd-1bea4c1cfac1,,Medical Supply Items,BD Syringe 1ml,CONCEPT-SET,
bc595884-193b-4b36-a393-663e3f345d72,,Medical Supply Items,Mosquito Bednet 160x180x150,CONCEPT-SET,
a4d3e195-0a3d-49c6-a27d-96a0918401aa,,Medical Supply Items,Water Proof Plaster,CONCEPT-SET,
dad895a5-8bde-4b91-abfb-61e9de359ca7,,Medical Supply Items,Recording Galss Strying 2ml,CONCEPT-SET,
49b8af61-323f-4adb-8d64-77c2692c013d,,Medical Supply Items,Endotracheal Tube sterile CH 9,CONCEPT-SET,
b5218eb1-9c52-4a09-82c1-401cdfa496e9,,Medical Supply Items,"Gauze Swab 19cm x15cm, 40/40""",CONCEPT-SET,
47527e43-1f53-4919-b336-e1c9515b4d52,,Medical Supply Items,"Ambu Bag pedaiatrics, silicon Rubber",CONCEPT-SET,
f54fbf2a-eb10-4def-8de5-5f8a89932042,,Medical Supply Items,Ambu Bag Adult Large,CONCEPT-SET,
7d5b51a1-1ae1-439f-ad5a-d04cb26bb39d,,Medical Supply Items,Simpson Obstetric Forceps 30cc ss,CONCEPT-SET,
6069af8e-5baf-4bb4-bcfd-96d8ab907cce,,Medical Supply Items,Measuring Tape Flexable 1.5m Vinyl Coated Fibregl,CONCEPT-SET,
8e990a59-be37-47d4-ae40-46e9d24eb82d,,Medical Supply Items,Zinc Oxide Plaster 7.5cm x 5,CONCEPT-SET,
b9c3391c-c511-4079-8036-996c1f1aba37,,Medical Supply Items,Pasteur Pipette Non Ggraduated,CONCEPT-SET,
473bfb36-53b8-4169-a03b-d1f138d764f3,,Medical Supply Items,Biohazard Bags Autoclave 38x48,CONCEPT-SET,
2f485c54-8355-4338-a50c-6454fefc2961,,Medical Supply Items,Insulin Syringe 0.3ml 100ul/ml i think its 0.1ml,CONCEPT-SET,
1ff6cb50-69e5-42d0-8959-87d7d83e2411,,Medical Supply Items,Auto Disposable Syringe 0.5ml with Fixed needle 23 G,CONCEPT-SET,
acec45c4-f2a8-4fc8-847d-965821fcb8a8,,Medical Supply Items,Torniquate,CONCEPT-SET,
12c8f4fb-f350-4850-9509-13026ac1d5f2,,Medical Supply Items,Sputem Cup Stainless steel 60ml,CONCEPT-SET,
d9f32172-c614-4b24-bb22-aac5763663d3,,Medical Supply Items,Mop Scuizer,CONCEPT-SET,
01a7e4cd-f633-4a06-9025-42c7ba0fcf3e,,Medical Supply Items,Self Adhering Label Tape Yellow,CONCEPT-SET,
6459593e-e96f-4b80-98e7-757034dc3305,,Medical Supply Items,Plastic Bed Sheet,CONCEPT-SET,
1a8ceab6-98e3-4458-84b5-d6d5a22e0190,,Medical Supply Items,"Insulin Syringe For single use, 0.1ml ,8mm/30G,U 100, Eng+4 Nordic languages",CONCEPT-SET,
32d5c664-6f85-49f7-a0ad-100dfa620e76,,Medical Supply Items,"Insulin Syringe For single use, 0.3ml ,6mm/30G,U 100 Euro languages",CONCEPT-SET,
6424c1a2-fc1f-4038-a0f5-b77b2b1ab4b0,,Medical Supply Items,Superpath Preservative Fluid,CONCEPT-SET,
4ee08816-6537-4df9-8fca-d43fc9b3a391,,Medical Supply Items,Cryogenic Vial 1.5ml (Nuc Tube),CONCEPT-SET,
5c0ca62d-d438-4e87-8e02-0435b285eed6,,Medical Supply Items,Absorbent Pad With Plastic Backing 17x24 Inch,CONCEPT-SET,
3e48195f-6ce4-4d2b-8fd4-1c2ae5f4acd6,,Medical Supply Items,Catheter Metal Femail 15.5cm Channel 12,CONCEPT-SET,
a74c3edd-013f-4321-a81f-9092e6944f33,,Medical Supply Items,Disposable Syringe 2ml Without Needle,CONCEPT-SET,
47fe4e91-9fd5-4bb0-bb30-39ca5169ad38,,Medical Supply Items,Self Adhering Label Tape Red,CONCEPT-SET,
bc49c378-1989-4249-bb61-0daee3faabed,,Medical Supply Items,Self Adhering Label Tape blue,CONCEPT-SET,
43394e22-ffbe-4d5a-af92-4d2126192f44,,Medical Supply Items,Microscope Slide 25x75mm,CONCEPT-SET,
df469c2b-160a-496d-b5ea-bb63557db561,,Medical Supply Items,"BD Vacutainer Tubes PLK2 E 4ml,7.2mg plus",CONCEPT-SET,
0533c09e-9dbf-4c04-813b-7afca277454a,,Medical Supply Items,Marker,CONCEPT-SET,
47c2b540-919f-4ee0-9030-0a64953b23b6,,Medical Supply Items,Pipette Tips 200UL White,CONCEPT-SET,
f3625a0a-33f8-4141-96f9-ec1a53f4c523,,Medical Supply Items,"Urine Collecting Bag 1500 ml, sterilized",CONCEPT-SET,
3e84d5b4-32d8-47b9-a3dc-c876716d3c91,,Medical Supply Items,Syringe(AD) 1ml,CONCEPT-SET,
6e47c11b-2658-473c-9e36-a7db145bf868,,Medical Supply Items,Combitip Plus 25ml,CONCEPT-SET,
45a7cde5-6ffd-4d94-9896-f653c4721bd7,,Medical Supply Items,Ear Syringe 65ml Rubber,CONCEPT-SET,
efe56697-25d7-4239-884c-c40e59d175d6,,Medical Supply Items,Infectious Waste Container,CONCEPT-SET,
1e321839-a06b-4aea-a4d9-34b11252d0a0,,Medical Supply Items,Dental Needle 27g long,CONCEPT-SET,
2f143bec-136c-4c77-bd86-d6cd58e10164,,Medical Supply Items,Stool Specimen Container Disposable of Polypropylene with Cover,CONCEPT-SET,
1c28495a-8fd0-4d57-85f5-cba3d8ce8139,,Medical Supply Items,Face Shield Guardall,CONCEPT-SET,
0363f072-b4f8-42a7-af17-402c363b5395,,Medical Supply Items,BD Vacutainer Needle Safe Lock 23G,CONCEPT-SET,
38a9ff72-4d08-493d-8d30-8573e7ed2163,,Medical Supply Items,Gauze Bandage 8cm x 5cm,CONCEPT-SET,
ac94d9aa-15e9-439a-bb86-50e33460a04f,,Medical Supply Items,Gauze Bandage 10cm x 300cm,CONCEPT-SET,
acdb92c9-e0ec-4dad-93e9-489652b84b59,,Medical Supply Items,Hypoallergenes Klebevies 15cmx10m,CONCEPT-SET,
4f8df4fd-d934-48be-9c89-fc694a2990e4,,Medical Supply Items,MC3 A ECG SCOPE,CONCEPT-SET,
490104d2-7e2f-4e91-9b89-5622b02db8f0,,Medical Supply Items,MC3 ECG SCOPE,CONCEPT-SET,
6563e9bb-6381-4d89-bebf-f1eb7892c9c6,,Medical Supply Items,New Emergency Health Kit Supply 2 Equipment,CONCEPT-SET,
d9cace86-49f8-4c90-8164-a0638c79891e,,Medical Supply Items,Pipette,CONCEPT-SET,
20622542-3d54-4db2-81d4-fa0d139791a7,,Medical Supply Items,Vacume Jar,CONCEPT-SET,
570d00f3-4e0d-4ece-a1a8-69d0600ac687,,Medical Supply Items,Adhesive Plaster Zinc Oxide 5cmx5cm,CONCEPT-SET,
77e414d3-39bb-4665-830b-81c8ae547cf7,,Medical Supply Items,Cotton Absorbant 500gm of 20 rolls,CONCEPT-SET,
d736aef5-0299-4087-967c-bac5464d45e1,,Medical Supply Items,"Gauze Pad,12ply",CONCEPT-SET,
1d5e9094-64eb-4524-995f-ec7d6c4a41b1,,Medical Supply Items,Demo Implants,CONCEPT-SET,
67c30b8c-5884-4ac6-a7d4-029ae2a74c80,,Medical Supply Items,Umblical Cord Tie 3mmx50 Metter,CONCEPT-SET,
6dfa5dc8-19cf-43b5-8e19-446783c6caff,,Medical Supply Items,Metal looks like syringe,CONCEPT-SET,
7824aaf8-4cd8-43e5-9a73-c84b1608b344,,Medical Supply Items,Over All,CONCEPT-SET,
cbc0306d-3c03-4b7e-b13e-844b5b2cd7dd,,Medical Supply Items,Safety Goggles,CONCEPT-SET,
ecb99d0d-14a3-4f27-9d19-c8f6b0e4a3e6,,Medical Supply Items,Helmet,CONCEPT-SET,
2b47f2e7-ca79-44e7-86d3-4eaf65e12d3c,,Medical Supply Items,Glove,CONCEPT-SET,
6677eaf4-138d-44ec-bf49-b31c4429c075,,Medical Supply Items,Chemical Mask Double filter,CONCEPT-SET,
80ee00f7-2a25-4049-9329-1ee97331d4b6,,Medical Supply Items,Jar for pick up forceps,CONCEPT-SET,
003302a1-976e-48c1-9db1-762cd6241969,,Medical Supply Items,Rectal Catheter No.16,CONCEPT-SET,
6d3da39f-281a-4e87-b66f-f5ef9b20cb93,,Medical Supply Items,Drugs And Medical Supplies for health post ( eight different items ),CONCEPT-SET,
b9350f44-262c-4c0e-8d75-da836eebadfb,,Medical Supply Items,Gauze Bandage 4m long,CONCEPT-SET,
76ba04f1-1221-4702-900a-875e618d2c90,,Medical Supply Items,Catheter Metal for female 14cm,CONCEPT-SET,
20ecd917-b240-42fe-adde-572c1329b547,,Medical Supply Items,IV Sets For Blood Bag,CONCEPT-SET,
324875e5-cfb9-4a4e-ba22-88ba0e3da048,,Medical Supply Items,Oral Cleap 1ml,CONCEPT-SET,
7a0e1324-fe47-4d97-87c7-5a4c27273028,,Medical Supply Items,Gauze Surgical 90cmx100 yds,CONCEPT-SET,
40965076-1c7e-4871-9752-974471fa79f7,,Medical Supply Items,BD Syringe 5ml with needle 21G,CONCEPT-SET,
fff0eee0-23ad-4662-8194-8be3df10bcc3,,Medical Supply Items,Blood Transfusion Set,CONCEPT-SET,
2a54c9ad-4eb1-426f-854e-c8b2be554f54,,Medical Supply Items,Face Mask Pediatric,CONCEPT-SET,
853db995-3a67-4d0f-9e84-a65c411c2b17,,Medical Supply Items,Pipette Adjustable 1 100ml,CONCEPT-SET,
4db915d4-816b-4272-bc1e-453ea027a2de,,Medical Supply Items,Absorbent Pad with plastic backing 17x19 inch white green diapers 300piecs VWR international LLC,CONCEPT-SET,
66e2fe21-63e2-4b46-87af-7179dced7ad9,,Medical Supply Items,Auto Disposable Syringe 0.05ml with Needle,CONCEPT-SET,
08cae363-5e7c-48e6-a062-74daaeed4d4e,,Medical Supply Items,Disposable Insulin Syringe 30G and 8 mm fixed needle,CONCEPT-SET,
5416ef8d-d3e7-4b70-bc38-2dc0cf38203a,,Medical Supply Items,Plastic Sheet Drawer 1x1 Meter,CONCEPT-SET,
50523daa-c20b-45e9-bacc-39b7316746f6,,Medical Supply Items,Naso Gastric Tube Pediatric size 5,CONCEPT-SET,
30e0c269-f26c-4124-9e60-f71e45ed75bc,,Medical Supply Items,Suction Tube Disposable,CONCEPT-SET,
91cc9e92-4394-460e-b2ef-e7193581cc6e,,Medical Supply Items,Suction Catheter transparent with funnel silconized infant size (Sterile) for single use,CONCEPT-SET,
30b884af-eb8d-4566-a04c-fe1cb0271974,,Medical Supply Items,Soap 200 230gm,CONCEPT-SET,
72d984d0-e153-4794-b808-3de7c1fd24fb,,Medical Supply Items,"Steel Wire, Softdia 0.2mm 10m",CONCEPT-SET,
40b157c6-e1b9-4884-857b-557c79035fa5,,Medical Supply Items,"Steel Wire, Softdia 0.3mm 10m,",CONCEPT-SET,
05c16398-3cb1-466b-9581-69885205fc76,,Medical Supply Items,VWR Sterile Aerosol Pipete tip 1 1000UL of 576,CONCEPT-SET,
5c5296e9-0bce-4244-9f2e-113e3a9a2bd2,,Medical Supply Items,VWR Sterile Aerosol Pipete tip 1 200UL of 960,CONCEPT-SET,
d1fa82d6-c70a-425c-9174-8764d709ea82,,Medical Supply Items,"Sulture nonabs,DEC3,need 3/8 30mm trl/box36",CONCEPT-SET,
eab2c520-afd3-4f4f-893b-aa4e92e4023a,,Medical Supply Items,"Flow Splitters Four way 2 LPM capacity ub 1/8 LPM increments, 90189099",CONCEPT-SET,
099c644f-a9ab-4b07-a7ac-c72c6af7b859,,Medical Supply Items,Nasal Prongs,CONCEPT-SET,
bf23fdec-5587-47f7-bc8f-f4112ea47cd5,,Medical Supply Items,Nasal Prongs Oxygen Child,CONCEPT-SET,
cfd04930-643c-4b1e-a34c-91854b5d0a86,,Medical Supply Items,Vacume Tube 10ml,CONCEPT-SET,
5d6a9df9-623d-4b5f-9d93-0e9deea28235,,Medical Supply Items,Vacume Tube 8ml,CONCEPT-SET,
628abcfd-b1eb-474e-a474-938e1a264900,,Medical Supply Items,"Gauze Swab 10cmx 10cm , 8 plysx10pc/bag sterial",CONCEPT-SET,
9bade5bf-eb12-4747-a245-5f8e6a9d9124,,Medical Supply Items,BIttke HDPE Square Jug 4L 4Pcs,CONCEPT-SET,
a8a00aa8-6205-4b83-bdf4-80bd8ddceb0f,,Medical Supply Items,Hemocytometer Improved Neubauer,CONCEPT-SET,
0f40e223-424d-4364-b882-7af3e208aad0,,Medical Supply Items,Aluminum Foil,CONCEPT-SET,
b77df9ff-e57a-4d33-ac41-2b1009908546,,Medical Supply Items,"Microtube 1.5ml sterile screw cap with O RING, PP.",CONCEPT-SET,
8bbffb7b-fd79-46ce-b763-7243fffa7813,,Medical Supply Items,Apron Plastics Standard Size,CONCEPT-SET,
b6efc2da-ba8f-4f72-9123-43b1d59556d7,,Medical Supply Items,Doppler Foetal Scope KDM 100,CONCEPT-SET,
61e55742-7180-4df4-b01f-254513f550e8,,Medical Supply Items,Length Board,CONCEPT-SET,
e03439d0-0089-4b4e-b803-76253f32f0a1,,Medical Supply Items,PIMA Bead Standard,CONCEPT-SET,
c178dcad-7ed5-43d9-9558-ea83262fa92a,,Medical Supply Items,Pima Analyser,CONCEPT-SET,
eff499f1-40f8-45df-a59a-32acc9ea4e10,,Medical Supply Items,"Urine Catheter Female ,16cm, Stainless steel",CONCEPT-SET,
27be0f63-98d0-4d6d-938f-6abb97aa0894,,Medical Supply Items,Metal Syring (Recording Glass Syringe),CONCEPT-SET,
542c0eb1-b8cf-478c-afc3-b15edf8a68be,,Medical Supply Items,Metal Catheter,CONCEPT-SET,
a743161b-b9e6-47f0-9f6d-7e9a1776e5e9,,Medical Supply Items,Dental Needle,CONCEPT-SET,
15e99f3d-939c-4417-941d-98943634ef70,,Medical Supply Items,Auto Disposable Syringe 0.5ml blister packed 23G,CONCEPT-SET,
756446aa-88cc-45d5-a682-d21ae004ef70,,Medical Supply Items,Screw Driver With Screw Holding Sleeve 2.5mm,CONCEPT-SET,
0a539212-4959-4807-b439-572c7ab874ee,,Medical Supply Items,Cohen Universal Extracting Forceps American Pat.,CONCEPT-SET,
f352580e-531b-4fc6-982e-ca87625af76f,,Medical Supply Items,Seldin Root Elevator Fig 1L,CONCEPT-SET,
1a746057-2496-4ee1-acb3-05c8c3309acf,,Medical Supply Items,Sanitary Towel with sticker,CONCEPT-SET,
ba113c58-389a-4ff1-a212-fd709491285d,,Medical Supply Items,Adhesive Sticky Mat 25.5X45 40 Sheet,CONCEPT-SET,
e1c490bc-51ee-4f5b-9333-5b3026496a9c,,Medical Supply Items,"Disposable Syringe (Sterile) 3 Parts, 50ml Luer fitting with 21G 1 & 1/2 Needle",CONCEPT-SET,
a27ec2b1-6ed3-4382-9ea8-da15eeade917,,Medical Supply Items,"Disposable Syringe (Sterile) 3 Parts, 10ml Luer fitting with 21G 1& 1/2 Needle",CONCEPT-SET,
b4be1662-2ac7-4f3d-85b3-6d82d2963975,,Medical Supply Items,Pipette Different Size,CONCEPT-SET,
eb21c696-4caf-4ce9-a994-e36c95b62d7b,,Medical Supply Items,Combitip Plus 28ml,CONCEPT-SET,
24307735-6f9f-4730-9938-df4df9d8b675,,Medical Supply Items,Combitip Plus 10ml,CONCEPT-SET,
42b84230-3ac7-4f7c-ad51-1471d74d381a,,Medical Supply Items,Combitip Plus Adapter 28ml,CONCEPT-SET,
5f5891cf-88f6-45e5-9a3d-0768143afb0a,,Medical Supply Items,Gauze Bandage 10cm x 4m,CONCEPT-SET,
d2189e56-5331-4603-baae-99f6cd1852d3,,Medical Supply Items,Aladin Brass Flue 23E60,CONCEPT-SET,
0413ad13-2ce0-40ab-a0a1-9267715f060e,,Medical Supply Items,Centrifuge Tube 5ml,CONCEPT-SET,
4aac0c8e-fa49-4375-b1ee-d2f3dfdb7b99,,Medical Supply Items,Microscope Lamp,CONCEPT-SET,
dd00f427-3bcb-4b46-a0c1-3e56d14a5cda,,Medical Supply Items,Spatula wooden,CONCEPT-SET,
3e9e601a-9fb5-4e2d-bc42-864661cff714,,Medical Supply Items,Infusomat space,CONCEPT-SET,
f4d8f4e7-a415-4a3f-abd4-3d238e5181d0,,Medical Supply Items,Empty kit bag,CONCEPT-SET,
52dcd123-1a26-485f-826c-f4de214a81b6,,Medical Supply Items,Tray dressing kidney dish small 20cm,CONCEPT-SET,
fd75c3f3-58de-4e8d-9257-0a87838e20cb,,Medical Supply Items,Tag For Refrigerator,CONCEPT-SET,
326bd58c-6d48-404b-8e1e-74ea6c0dd1f0,,Medical Supply Items,Face Mask,CONCEPT-SET,
8acc0063-dc6e-4e23-9a80-92f51ae5b02a,,Medical Supply Items,Labsoaker STD 18INX20IN MA,CONCEPT-SET,
6ce927fc-c3c1-4866-a9be-88294ce7655b,,Medical Supply Items,Filter Paper Qualitative Whatman type grade 1 diameter 90mm,CONCEPT-SET,
0b34c070-18c7-4c0f-9c7f-0d43f1997de0,,Medical Supply Items,Eye Goggle plastic,CONCEPT-SET,
a4405310-827c-4934-964f-30ac936172e9,,Medical Supply Items,Starting Device 1/4HP,CONCEPT-SET,
939d7c7c-e334-4e31-a164-1671948f6d31,,Medical Supply Items,Starting Device 1/4 Vestfrost MK304,CONCEPT-SET,
f11f396c-4855-4f44-93c3-9a93877db084,,Medical Supply Items,Starting Device 1/3HP,CONCEPT-SET,
465378ad-8714-47d2-afa9-f2eacf1ca46a,,Medical Supply Items,Storage Bag For Specimen,CONCEPT-SET,
7724206f-a056-4dcc-9218-3e791266387d,,Medical Supply Items,ESR pipete,CONCEPT-SET,
7cda7134-766b-46a9-92f7-4795d614b4c4,,Medical Supply Items,Disposable Syringe 3ml with Needle,CONCEPT-SET,
0c14e2ad-df0b-461c-a042-7d6cbfdb55a1,,Medical Supply Items,Auto Disposable Syringe 0.5ml,CONCEPT-SET,
91835864-ba65-43f3-a288-04216c54ccff,,Medical Supply Items,Starting Device 117U6015,CONCEPT-SET,
85fd87a7-d7c7-42d0-a2e9-4a4d7a604095,,Medical Supply Items,Fan Jamican KF 1225B1MR R,CONCEPT-SET,
dd62fd70-8ada-4a89-94b6-e2caaf500493,,Medical Supply Items,Microscope Slide frosted ended,CONCEPT-SET,
def2cf78-c52f-4496-b7d9-86a469568c16,,Medical Supply Items,PIMA printer paper I,CONCEPT-SET,
7794a36e-4c2b-4a42-84e6-c87431961cad,,Medical Supply Items,pill cutter with pill grip,CONCEPT-SET,
465ab037-636c-4848-a176-c96b9da32cc7,,Medical Supply Items,Palpation moduel for Leopolds,CONCEPT-SET,
3259ef55-aac2-4b5c-84c8-56d17c926caa,,Medical Supply Items,Spinal injection simulator,CONCEPT-SET,
fe5289e9-b2b5-4ccd-947b-d71a7960033e,,Medical Supply Items,"coverall,w/hood,type 4,tight clothing,large(176 182cm)",CONCEPT-SET,
a5d9a7e9-e910-4094-8d69-47873bcd4fb6,,Medical Supply Items,"coverall,w/hood,type 4,tight clothing,x large(182 188cm)",CONCEPT-SET,
f12fd30c-d7b1-4347-92b6-76eb36e4b336,,Medical Supply Items,"coverall,w/hood,type 4,tight clothing,mediuml(170 176cm)",CONCEPT-SET,
3f6bf72f-4dfb-4161-80b0-7d4479f5fec0,,Medical Supply Items,"coverall,w/hood,type 4,tight clothing,small(164 170cm)",CONCEPT-SET,
a1c3349f-930c-4e46-9d36-0039ea5b5c77,,Medical Supply Items,NTC Thermister Temperature Probes 15m,CONCEPT-SET,
7a5541e2-9c49-4146-9819-fa328d12520d,,Medical Supply Items,Bandage Triangular 96x96x136cm,CONCEPT-SET,
48b223fe-7935-4082-b499-7d0b1aa7c41e,,Medical Supply Items,Glass Volumetric Transfer Pipette Capacity 10ml,CONCEPT-SET,
453d73b2-c2da-4e52-922f-7813d5592051,,Medical Supply Items,"Conical Centrifuge Tubes Sterile,disposable,15ml",CONCEPT-SET,
e7f0e59b-1e45-4455-8d94-2dd35198ba09,,Medical Supply Items,Endotracheal Tube Uncuffed,CONCEPT-SET,
8e571885-06c0-4ad0-b1d9-a4595f066242,,Medical Supply Items,Slides of Microbiologicaly Prepared of Different Size,CONCEPT-SET,
9687b9cd-5ec6-4dea-a1ce-ba2ee00f4ac3,,Medical Supply Items,Specific Gravity Measuring Device Manual,CONCEPT-SET,
c5987593-19b4-40a2-a70a-0f3034b3143d,,Medical Supply Items,Naso Gastric Tube Adult,CONCEPT-SET,
2994c43b-b15e-44c8-bff8-9486356dd9b7,,Medical Supply Items,Naso Gastric Tube Pediatrics,CONCEPT-SET,
8ff0f765-ba74-442d-bc97-93fc7a595114,,Medical Supply Items,Manual sucker,CONCEPT-SET,
2ac308c4-c5c6-4145-8591-4d0d3c678bda,,Medical Supply Items,Micropipette tips 100 1000 microliter,CONCEPT-SET,
32470aa4-9531-452e-bb84-34f8060fdc96,,Medical Supply Items,Female Pelvic Examination Training Model,CONCEPT-SET,
8c4e7ca3-205c-4bf5-8d76-4c5eea0385ab,,Medical Supply Items,Adult Manikin Male,CONCEPT-SET,
a1d2f631-acb0-4f0a-87fb-4c31d23dcfbb,,Medical Supply Items,Adult Manikin Female,CONCEPT-SET,
e8627cd6-ff75-4ca7-bf71-da3b3c9a16bc,,Medical Supply Items,Simulation Model Lumbar Puncture,CONCEPT-SET,
fdaf736e-12cb-4ebe-87ac-6fdc5ce81b41,,Medical Supply Items,Membrane box (4 unit) D711 for ABL7XX/8XX,CONCEPT-SET,
9cf8bd1d-0d8b-43cf-8853-6f1b0d5edb10,,Medical Supply Items,Membrane box (4 Units) D722 K For ABL7XX/8XX,CONCEPT-SET,
a3982140-5f51-4ca3-b0f1-39db646e56d7,,Medical Supply Items,Membrane box (4 Units) D733 Ca For ABL7XX/8xx,CONCEPT-SET,
f83570b6-138b-40d5-b9a6-d07da0ba91c6,,Medical Supply Items,Membrane box (4 unit) D788 PCO2 for ABL7xx/8xx,CONCEPT-SET,
e4987148-42a5-446f-8e1d-4996992939b1,,Medical Supply Items,Membrane box (4 Units) D7077 Lac For ABL7XX/8XX,CONCEPT-SET,
b325b156-b8f0-42ce-bf81-5accdcfd9d28,,Medical Supply Items,Membrane box (4unit) D799 PO2 for ABL7XX/8XX,CONCEPT-SET,
9aa5c4b2-4f8e-4592-830d-c9551454ed62,,Medical Supply Items,Autocheck 5+ level 2 yellow box of 30 ampoules. for AB7XX/8XX S7745,CONCEPT-SET,
9abfd21f-0fd5-4e7d-9003-4955e3a931b7,,Medical Supply Items,Autocheck 5+ level 4 Green box of 30 ampoules S7765,CONCEPT-SET,
c269aabe-4fc5-4da9-a5e1-f38f55bc67ee,,Medical Supply Items,Membrane box (4unit) D744 Cl for ABL7XX/8XX,CONCEPT-SET,
8c5af350-1cd4-4c54-b9f1-07a6402598db,,Medical Supply Items,Contour Comparator Disc Nitrite 0 0.4mg/l N,CONCEPT-SET,
183cc0c2-15f2-4c9f-96b0-b7c121c0dca9,,Medical Supply Items,Contour Comparator Disc Ammonia 0 0.1mg/l N,CONCEPT-SET,
04c26646-46ab-4ad6-a684-79dc9aedbe1c,,Medical Supply Items,Contour Comparator Disc Nitrite 0 15mg/l N,CONCEPT-SET,
fdee2725-e7d2-40b6-b13b-caa91d2dc3e4,,Medical Supply Items,Contour Comparator Disc Fluoride 0 1.5mg/l F,CONCEPT-SET,
9426bf0b-ee02-487a-991f-3690452b379c,,Medical Supply Items,Membrane box (4 unit) D755 Na for ABL7XX/8XX,CONCEPT-SET,
4798cfbd-ac66-47ef-a7e2-19570818862b,,Medical Supply Items,Custodiol Bags E6*1000ml,CONCEPT-SET,
a17d82b6-edca-4a1e-8e3a-af08aacebc42,,Medical Supply Items,ENDOPATH dextrus seal cap Assembly with Accessorie,CONCEPT-SET,
f725e39c-6b9b-4fc7-8fda-6ce5bdfbab3e,,Medical Supply Items,Pipette 10ml,CONCEPT-SET,
373748e4-3c54-4da5-8aab-fffa25f1678f,,Medical Supply Items,"Umblical catheter,",CONCEPT-SET,
85c5b89d-2d0e-48cf-9455-2a2afa77eb02,,Medical Supply Items,Endotracheal Tube Adult and pediatric of 100,CONCEPT-SET,
fec87553-145d-4046-85e0-6f5f31e60d3a,,Medical Supply Items,"Book,Malnutriton Screen regist.english",CONCEPT-SET,
602259a2-e5d3-4a02-a047-45d950010fe0,,Medical Supply Items,"TFP Multi chart,A3",CONCEPT-SET,
0004932d-3c46-402f-bfdb-cdeda2d82357,,Medical Supply Items,Ice Blocks,CONCEPT-SET,
5634ad8f-57eb-4e6e-93e4-3215e6f57c13,,Medical Supply Items,Flex cable,CONCEPT-SET,
ef34b26a-517d-438e-b9ea-69eecc5aa087,,Medical Supply Items,OTP Record card English,CONCEPT-SET,
3d397204-6421-42cc-b6fd-1ab0087ae025,,Medical Supply Items,Insertion accessory Kit for Implanon,CONCEPT-SET,
03f3f6b9-ac0e-4230-999e-c9e5cb1295d9,,Medical Supply Items,Gauze Surgical 90cmx100m mesh size 19x15,CONCEPT-SET,
fd7f906b-15ae-47f0-8003-77fe07f46b47,,Medical Supply Items,Adult hose,CONCEPT-SET,
999c515d-9d48-4d6d-85c9-5cc930b5fa68,,Medical Supply Items,Diasaf Plus Filter,CONCEPT-SET,
9eb36d62-76b5-479a-bdbb-af8fcad48145,,Medical Supply Items,Starting Device 117U6000,CONCEPT-SET,
023ec4dd-5674-4911-aa84-61f5d82f0aae,,Medical Supply Items,Starting Device 103N0021 (PTC),CONCEPT-SET,
9fc7aec0-1f0b-4999-beb9-a1580ecc6a4d,,Medical Supply Items,Sling For Use 100% cotton,CONCEPT-SET,
663d1a37-5f3d-4c17-817c-d2d8a933ae73,,Medical Supply Items,Insertion/removal accessories for implanol For 25 insertion/removal procedures,CONCEPT-SET,
9daa520c-2fb8-4ce9-8945-f5120a6b9cee,,Medical Supply Items,Sterile polyester fiber tipped applicators swabs in paper,CONCEPT-SET,
4fea731f-f3a9-4962-af4b-9de21b59f0a5,,Medical Supply Items,Compressor MTZ28 JC4A VE/R404a,CONCEPT-SET,
169c2a97-e8ad-44d9-b16d-3b5b6824ec81,,Medical Supply Items,Fan Evaporator HBN 150 (18W),CONCEPT-SET,
3d16fea7-72ea-4eaf-9185-463ce947d315,,Medical Supply Items,Mid Upper Arm Circumference(MUAC) measuring tape Adult,CONCEPT-SET,
5b8b9a0c-8626-49c0-ab6c-a410afec28d3,,Medical Supply Items,"Weighing trousers for use with spring scales.one size,pack of 5 pieces in carry bag",CONCEPT-SET,
1d533b78-0a2e-4a96-9136-db9d90f8bb68,,Medical Supply Items,Autoclave indicater tape 19mmx50m,CONCEPT-SET,
7045f533-6b67-42b6-9e87-77b68611846b,,Medical Supply Items,Cat Gut Chromic gauge 3.0 (3/0) 75cm on 25mm 1/2 circle round bodied needle,CONCEPT-SET,
bc00af1c-45e1-49d7-b3d2-541a8bd29e82,,Medical Supply Items,Polyglycolic acid absorbable braided violet gauge 0.7 (6/0) 30cm on 12mm 1/2 circle cutting taper needle,CONCEPT-SET,
dad5c07f-4e7f-4eb0-84fe-1301e4f0832f,,Medical Supply Items,Syringe 1ml,CONCEPT-SET,
12f9eefb-7102-46bb-b67d-c5b951da13bb,,Medical Supply Items,Polyglycolic acid absorbable braided violet gauge 1.5 (4/0) 75cm on 15mm 1/2 circle reverse cutting taper needle,CONCEPT-SET,
71eae3d0-6870-4437-8852-ebc8cd52b166,,Medical Supply Items,Low Nitrogen Weighing Paper,CONCEPT-SET,
eaa1d1a9-c4e7-448a-8b0b-11407827eaf0,,Medical Supply Items,"Battery 6v 4PVV280 Sealed gel non hazardous C100h=279Ah, C10h=224Ah",CONCEPT-SET,
62f1f991-faa4-4820-bc44-dd2131032ea2,,Medical Supply Items,Insertion Accessories Kit for Implanol 64 Insertion/removal Procedure,CONCEPT-SET,
6eb4225e-352a-4050-aeda-cce5044a6702,,Medical Supply Items,Stove Kerosine,CONCEPT-SET,
7735faee-486d-48d4-9a56-651dccb7525b,,Medical Supply Items,"Switch Low Pressure, HBN 150",CONCEPT-SET,
fe17c976-7995-4f25-bd14-17dd662c19b5,,Medical Supply Items,Spring Spacer,CONCEPT-SET,
1f4769cb-114b-4566-aa6e-87dc9adc3f50,,Medical Supply Items,Cannula Intravenous Set 18G,CONCEPT-SET,
bf02e479-93ea-4762-a497-dafb2393bbf7,,Medical Supply Items,Cannula Intravenous Set 22G,CONCEPT-SET,
1461f7eb-decb-4f37-bf70-6b1e2171e352,,Medical Supply Items,"Conical Flask Erlenmeger Borosilicate Glass 3.3, with Printed Graduation 200ml",CONCEPT-SET,
cc5232b4-8557-4d6b-85ec-58cd5a453f77,,Medical Supply Items,Scalp Vein Winged Infusion Set 21G,CONCEPT-SET,
84413cf3-6df6-4168-91e7-12002efc3238,,Medical Supply Items,Syringe (Disposable) 2ml with needle 21G,CONCEPT-SET,
5917158d-1871-4582-a733-d9b9c32a6ecc,,Medical Supply Items,Glove Examination Latex Non Powdered large,CONCEPT-SET,
358ebbd4-918c-4bd9-82b9-193259862c66,,Medical Supply Items,Glove Heavy Duty Latex (Disposable) large,CONCEPT-SET,
1bd23e62-545b-40c8-a4f0-5b73f522e3a6,,Medical Supply Items,"Conical Flask Erlenmeger Borosilicate Glass 3.3, with Printed Graduation 150ml",CONCEPT-SET,
ba7a3ada-a6d2-4a74-b68a-260c01d7e8ad,,Medical Supply Items,Syringe Insulin (Disposable) 1ml on 8mm with Fixed Needle 30G,CONCEPT-SET,
fc7f415a-4844-45cb-8165-8a28fc6cf1cb,,Medical Supply Items,Colostomy Bag Adhesive Regulator Closed 25cmx14cm 30mm Opening,CONCEPT-SET,
9678a4e8-941e-47d2-b235-d5dc1619515c,,Medical Supply Items,Syringe (Disposable) 2ml with Needle 22G,CONCEPT-SET,
8a3d82c0-2fe6-4ef6-9928-d2d173ee3676,,Medical Supply Items,Boots 38 Size,CONCEPT-SET,
8feab557-f7a0-4db1-ac71-1f45b47315b8,,Medical Supply Items,Gauze Bandage 5cmx5m,CONCEPT-SET,
90cb65a3-0b9a-49e1-a687-44dd15775f13,,Medical Supply Items,Door Curtain PVC TKA 900X2000cm,CONCEPT-SET,
b976989e-c811-4b69-9573-d0ea7abce39a,,Medical Supply Items,Polyamide Monofilament Gauge 0.2(10/0) 38cm in 64mm spatula Double Armed Needle,CONCEPT-SET,
ba33476b-8628-4961-b322-cab9e17e5e64,,Medical Supply Items,Mersilk Braided Black Gauge 2.0(3/0) 75cm on 35mm 1/2 Circle Round Bodied Needle,CONCEPT-SET,
669c77ea-40b6-46a2-a28a-7c824d011e72,,Medical Supply Items,Cat Gut Chromic Gauge 3.0(3/0) 75cm on 20mm 1/2 Circle Round Bodied Needle,CONCEPT-SET,
c3547530-927d-4006-a1bc-dfb7defc9f3d,,Medical Supply Items,Polyamide Monofilament Gauge 3.5(2/0) 75cm on 27mm 1/2 circle round bodied Spatula double Armed Needle,CONCEPT-SET,
1c805f9c-0d5c-47df-9282-909da0e7f9b2,,Medical Supply Items,Mersilk Braided Black Gauge 4.0(1) 40cm on 40mm 1/2 Circle Round Bodied Needle,CONCEPT-SET,
45b68b79-1ea2-4eca-a868-236b0aad2668,,Medical Supply Items,Surgical Scalpel Blade No.20,CONCEPT-SET,
0f4a4cb9-8491-4a92-8d47-5142149e98ed,,Medical Supply Items,Implanon Arm Models + Extra Skin,CONCEPT-SET,
9db1f521-c7d9-4b6c-81a3-93cc790cc40b,,Medical Supply Items,"Resuscitation Set used for Neonatal, Pediatric & Adult Providing 02 Inhalation",CONCEPT-SET,
f7202b7b-5ac3-4987-a5c2-11e0adbe56a2,,Medical Supply Items,Syringe(AD) 0.5ml,CONCEPT-SET,
32b1fa05-89fe-4ac2-81ce-e0855ae37ba6,,Medical Supply Items,Cannula Intravenous Set 24G,CONCEPT-SET,
feac7314-4ddc-4700-b62c-d1a706491107,,Medical Supply Items,Umbrella Medium,CONCEPT-SET,
88b77580-7944-4970-bd6d-be4397a08864,,Medical Supply Items,Syringe(AD) 1ml with Needle 23G,CONCEPT-SET,
d58b5b3c-83d0-4c54-965c-10bf5e85715c,,Medical Supply Items,Catheter Foley Silconized Latex Two Ways 30 50ml Balloon 20CH,CONCEPT-SET,
7d58ee56-9b65-428c-a4b8-d2bcc3a50d6b,,Medical Supply Items,Catheter Foley Silconized Latex Three Ways 30 50ml Balloon 22CH,CONCEPT-SET,
e805831d-51a8-4ac3-8d7e-566e443fcce6,,Medical Supply Items,Catheter Foley Silconized Latex Two Ways 3 5ml Balloon 8CH,CONCEPT-SET,
5432c223-b996-43de-8684-663ff6a5a123,,Medical Supply Items,Endotracheal Tube 4CH,CONCEPT-SET,
ae97fc0e-2266-493a-b812-3fcc2f31ea48,,Medical Supply Items,Catheter Foley Silconized Latex Two Ways 5 15ml Balloon 12CH,CONCEPT-SET,
062ce635-8010-42e1-9872-db82a9a7783f,,Medical Supply Items,Catheter Foley Silconized Latex Three Ways 5 15ml Balloon 14CH,CONCEPT-SET,
46f6ab2a-6bf1-42f6-9873-58797d0ec890,,Medical Supply Items,Endotracheal Tube 7CH,CONCEPT-SET,
8611b4e8-12be-4397-a401-836b7e36c665,,Medical Supply Items,Polyglycolic acid absorbable braided violet Gauge 1.5(4/0) 75cm on 15mm 1/2 Circle Reverse cutting needle,CONCEPT-SET,
142a79b7-b0cd-42cf-bef4-df306e17a227,,Medical Supply Items,Mersilk Braided Black Gauge 2.0(3/0) 75cm on 18mm 1/2 Circle Round Bodied Needle,CONCEPT-SET,
432bf49d-aab9-47df-adf8-30f6b73b8ad6,,Medical Supply Items,Mersilk Braided Black Gauge 2.0(3/0) 75cm on 20mm 1/2 Circle Round Bodied Needle,CONCEPT-SET,
b8fd280e-7c56-4ae8-8606-6cb4dcab9f71,,Medical Supply Items,Polyglycolic acid absorbable braided violet Gauge 3.0(2/0) 75cm on 27 mm 3/8 circle reverse cutting Needle,CONCEPT-SET,
b4fe9593-17eb-4d37-93d1-8e1e20691145,,Medical Supply Items,Polyglycolic acid absorbable braided violet Gauge 3.0(2/0) 75cm on 27mm 3/8 Circle Reverse Cutting Needle,CONCEPT-SET,
93a10c2e-3b46-4d94-a328-da84453de5f5,,Medical Supply Items,Poly Diaxone Monofilament Violet Gauge 3.5(0) 70cm on 40mm 1/2 circle round bodied taper needle,CONCEPT-SET,
827e8224-a912-429d-a9a1-36c96e97fdd3,,Medical Supply Items,Polyglycolic acid absorbable braided violet Gauge 4.0(1) 75cm on 45mm 1/2 Circle revers cutting Needle,CONCEPT-SET,
9230c1ab-b437-4ac4-901c-063eb9b47dd7,,Medical Supply Items,Cat Gut Chromic Gauge 5.0(1) 75cm on 40mm 1/2 Circle Round Bodied Needle,CONCEPT-SET,
ca26088f-bad6-408d-817d-049c5a73de07,,Medical Supply Items,Plastic Mop,CONCEPT-SET,
c633a0f2-7ecd-4d9c-995d-74247e98bb0d,,Medical Supply Items,Prescription Pads (Psychotropic),CONCEPT-SET,
85b59705-e464-49d0-bc4f-844e16e24750,,Medical Supply Items,True RMS Voltage Sensor/ Transmitter for 3 Phase Line,CONCEPT-SET,
04a65ea8-9c19-4bff-b60b-2c9f11e820f7,,Medical Supply Items,PCB board,CONCEPT-SET,
687888ee-6fda-468e-b219-a0b3f1eb88c7,,Medical Supply Items,Syringe(AD) 1ml with needle,CONCEPT-SET,
977b3561-81b2-4307-b43b-e51e114777f4,,Medical Supply Items,"Conical Flask Erlenmeger Borosilicate Glass 3.3, with Printed Graduation 300ml",CONCEPT-SET,
da0d183b-4ad4-406e-b17e-150c79a39f48,,Medical Supply Items,Towel for New Born 100% Cotton 70x140 cm,CONCEPT-SET,
996c6087-e75e-4b46-a022-517e6f4c98bc,,Medical Supply Items,Single Channel Plastic Adapter (EV526),CONCEPT-SET,
8ff1f77a-a7b9-41f6-868b-8d417c302a82,,Medical Supply Items,"Dental Needle 21mm, 27G",CONCEPT-SET,
801a50f6-a879-4846-a63d-daea9bde5850,,Medical Supply Items,Catheter Foley Silconized Latex Two Ways 30 50ml Balloon 14CH,CONCEPT-SET,
5d0baf9d-d389-460b-b02a-143f14f42630,,Medical Supply Items,Catheter Foley Silconized Latex Three Ways 30 50ml Balloon 16CH,CONCEPT-SET,
550a9138-32b6-473e-985e-d18675bdaa5f,,Medical Supply Items,Boots for Delivery 37 Size,CONCEPT-SET,
4ea0a3cd-86c4-480c-8894-6c9b14720ebc,,Medical Supply Items,Syringe (Disposable) 3ml with Needle 21G,CONCEPT-SET,
5e41886e-c1e4-4311-aad7-f57d760f8e4c,,Medical Supply Items,Endotracheal Tube 4.5CH,CONCEPT-SET,
7edd1ba2-be7f-4d60-bff0-659c2a1f715c,,Medical Supply Items,Endotracheal Tube 6.5CH,CONCEPT-SET,
3e6a5b82-20cb-4720-9db1-b3c84ca879b3,,Medical Supply Items,Endotracheal Tube 6CH,CONCEPT-SET,
09de7185-06fd-4bf3-8d7e-9aeef462bbf8,,Medical Supply Items,Polyglycolic acid absorbable braided violet Gauge 0.7(6/0) 30 cm on 12 mm 3/8 circle cutting tapper needle,CONCEPT-SET,
806c0097-9867-4950-830a-3b20c5aedc5d,,Medical Supply Items,Polyglycolic acid absorbable braided violet Gauge 0.7(6/0) 30cm on 12mm 1/2 Circle Cutting Taper Needle,CONCEPT-SET,
f791e7c2-e0ac-44e9-aa5e-9af9c3de9f23,,Medical Supply Items,Polyglycolic acid absorbable braided violet Gauge 1(4) 75cm on 45mm 1/2 Circle cutting taper needle,CONCEPT-SET,
0df026dd-af64-4e00-9f85-b892e5ae35d1,,Medical Supply Items,Mersilk Braided Black Gauge 1.5(4/0) 75cm on 20mm 1/2 Circle Round Bodied Needle,CONCEPT-SET,
12cdff2d-838b-4f6b-96b8-cec0eb296317,,Medical Supply Items,Mersilk Braided Black Gauge 1.5(4/0) 75cm on 24mm 1/2 Circle Reverse Cutting Needle,CONCEPT-SET,
bcb9c41e-cc70-4a45-ad61-8d38bf5137dd,,Medical Supply Items,Mersilk Braided Black Gauge 2.0(3/0) 75cm on 24mm 1/2 Circle Reverse Cutting Needle,CONCEPT-SET,
8a854076-0ee4-439e-9fe8-d974f798182b,,Medical Supply Items,Mersilk Braided Black Gauge 3.5(0) 75cm on 27mm 1/2 Circle Reverse Cutting Needle,CONCEPT-SET,
7dadaaa3-ce24-4a81-9740-27a02ae8bbe7,,Medical Supply Items,Mersilk Braided Black Gauge 3.5(0) 75cm on 30mm 1/2 Circle Round Bodied Needle,CONCEPT-SET,
3cc2f8b9-1b91-4611-b01d-7fd15c863553,,Medical Supply Items,Cat Gut Chromic Gauge 4.0(0) 75cm on 38mm 1/2 Circle Reverse Cutting Needle,CONCEPT-SET,
05548011-2e26-4d49-a3a6-4f30bdab8235,,Medical Supply Items,Mersilk Braided Black Gauge 6.0(3) 75cm on 38mm 1/2 Circle Reverse Cutting Needle,CONCEPT-SET,
d1939aa0-c4e9-4021-b1ee-e39d8adb199e,,Medical Supply Items,Boots,CONCEPT-SET,
ac1c5f6b-e70f-48d8-8a11-b8befadc4731,,Medical Supply Items,Thermostatic Valve R22,CONCEPT-SET,
21cd8147-836c-4b8f-be23-383db1fa6658,,Medical Supply Items,Tourniquet Plastic,CONCEPT-SET,
ac155787-47bd-433e-acae-4b19958236bd,,Medical Supply Items,Towel Sanitory with Sticker,CONCEPT-SET,
603a1d59-9673-499b-a049-b9819c1ed3f8,,Medical Supply Items,Glass Volumetric Transfer Pipette 100ml,CONCEPT-SET,
e3e479c8-d228-4e74-a9d8-48f2b6101001,,Medical Supply Items,Glass Volumetric Transfer Pipette 25ml,CONCEPT-SET,
9d81a1af-f538-42d9-a1f6-3dddc65191db,,Medical Supply Items,Glove Latex Sterile Elbow length Medium,CONCEPT-SET,
96991aa5-6318-4046-91ed-5612501e41c2,,Medical Supply Items,Scissors Bl Blaster OB 14.5cm,CONCEPT-SET,
22028e9b-1ff4-4892-932f-0644df1d002c,,Medical Supply Items,Applicator Stick Wooden with Cotton Tip 150x2.2mm,CONCEPT-SET,
23a53d1d-4ce3-45d3-b0ca-1798b7bdf0e3,,Medical Supply Items,Rectal Tube Rubber With Terminal Size 20CH,CONCEPT-SET,
6baa3846-d96e-4276-823b-ac5559407e46,,Medical Supply Items,Syringe (Disposable) 20ml with Needle 21G,CONCEPT-SET,
ef3ccf54-99e6-4c6f-8b52-701c9ea4bc30,,Medical Supply Items,"Dental Needle 31mm, 27G",CONCEPT-SET,
eca7c943-c269-4ce2-88dc-0b25b87874ba,,Medical Supply Items,Endotracheal Tube 3CH,CONCEPT-SET,
573dc263-99a2-4352-b915-84f90b3258d3,,Medical Supply Items,Endotracheal Tube 5CH,CONCEPT-SET,
7f82c350-c631-4cfd-a38d-52b8f8833a21,,Medical Supply Items,Adhesive Plaster Zinc Oxide 7.5cmx5m,CONCEPT-SET,
57204459-26f2-46ea-82a2-8e8fac23f5f2,,Medical Supply Items,Polyglycolic acid absorbable braided violet Gauge 2.0(3/0) 75cm on 30mm 1/2 Circle Reverse Cutting,CONCEPT-SET,
21ad56db-db6c-4d58-b5f1-484ac66e0cbb,,Medical Supply Items,Cat Gut Chromic Gauge 2.0(4/0) 75cm on 15mm 1/2 Circle Round Bodied Needle,CONCEPT-SET,
52821ddd-0ce0-4c76-934e-d1256f6eacc7,,Medical Supply Items,Cat Gut Chromic Gauge 4.0(0) 75cm on 30mm 1/2 Circle Round Bodied Needle,CONCEPT-SET,
f02c0883-7498-4d3b-9738-36295e81428e,,Medical Supply Items,Mask N95,CONCEPT-SET,
67c7b0d1-ce94-4fbb-a734-3e26e4ea3d1a,,Medical Supply Items,Plaster Of Paris (P.O.P) 15cmx3m,CONCEPT-SET,
88c89ded-48de-4f00-964f-478550aae936,,Medical Supply Items,Catheter Suction Silconized with Funnel 16CH,CONCEPT-SET,
a96cc0a2-c384-4a3a-a020-e303581195ca,,Medical Supply Items,Catheter Condom Latex Medium 28mm,CONCEPT-SET,
e1d22720-1bcc-4391-8b8f-229192116bac,,Medical Supply Items,Boots 41 Size,CONCEPT-SET,
aef49f13-d7d6-499a-96a6-b0e787210f25,,Medical Supply Items,Polyamide Monofilament Gauge 0.3(9/0) 38cm 64mm Spatula Double Armed Round Bodied Needle,CONCEPT-SET,
949da2b3-c82c-49c3-94d9-117f6a299526,,Medical Supply Items,Polyglycolic acid absorbable braided violet Gauge 2.0(3/0) 75cm on 19mm reverse cutting Needle,CONCEPT-SET,
061056b7-15b5-47c1-84ce-ee0de48594f5,,Medical Supply Items,Polyglycolic acid absorbable braided violet Gauge 2.0(3/0) 75cm on 26mm 1/2 Circle Reverse Cutting Needle,CONCEPT-SET,
cc3f20ff-49ce-4894-94a2-3cb2ddf0197e,,Medical Supply Items,Mersilk Braided Black Gauge 3.0(2/0) 75cm on 24mm 1/2 Circle Reverse Cutting Needle,CONCEPT-SET,
7409cc94-a5a8-4711-b7e4-977ded0928ba,,Medical Supply Items,Polyglycolic acid absorbable braided violet Gauge 3.5(0) 75cm on 50mm 1/2 Circle Round Bodied needle,CONCEPT-SET,
01517b86-ba76-43f3-8805-fa0ad93c2d56,,Medical Supply Items,Cat Gut Chromic Gauge 3.5(2/0) 75cm on 27mm 1/2 Circle Round Bodied Needle,CONCEPT-SET,
6a8bc68e-2237-4685-9e5f-4bb9616ee5d4,,Medical Supply Items,Mersilk Braided Black Gauge 4.0(1) 75cm on 35mm 1/2 Circle Reverse Cutting Needle,CONCEPT-SET,
093053d9-f9ea-47c5-83cb-d1561abd197f,,Medical Supply Items,Cat Gut Chromic Gauge 6.5(3) 75cm on 48mm 1/2 Circle Round Bodied Needle,CONCEPT-SET,
3ff8b6a1-3311-498b-b16c-f55bc6c4a5f2,,Medical Supply Items,Polyglycolic acid absorbable braided violet Guage 1.5(4/0) 75cm on 17mm 1/2 Circle Round Bodied Needle,CONCEPT-SET,
d77fe950-893f-4ac1-890c-f9eda7d17a6f,,Medical Supply Items,Polyglycolic acid absorbable braided violet Guage 3.0(2/0) 70cm on 30mm 3/8 Circle Reverse Cutting Needle,CONCEPT-SET,
13a99306-a94e-4011-954a-50afff6cac5f,,Medical Supply Items,Glove Surgical Latex Sterile No. 6.5,CONCEPT-SET,
eee95e35-2bc5-4222-a241-daa443e424dc,,Medical Supply Items,Glove Surgical Latex Sterile No. 8,CONCEPT-SET,
08f744ea-fd36-4193-8af9-f8c612358991,,Medical Supply Items,Catheter Metal,CONCEPT-SET,
ead03bb4-8dcf-410f-9c90-a351b21ca09d,,Medical Supply Items,"Battery 6v 6PVV420 Sealed gel non hazardous (C100h=421Ah, C10h=338Ah)",CONCEPT-SET,
ee9dcaba-4edb-4e9e-86b9-db94999bd55a,,Medical Supply Items,Jar Plastic,CONCEPT-SET,
afe3400d-e7d6-40a8-a0a9-8f2e17a098f9,,Medical Supply Items,Gauze Paraffin Sterile with Case 10cm x 10cm,CONCEPT-SET,
331a00e9-f74e-4647-98af-b8a89ee0bb6c,,Medical Supply Items,"Conical Flask Erlenmeger Borosilicate Glass 3.3, with Printed Graduation 50ml",CONCEPT-SET,
68ab5c0a-8f73-4b3f-ba97-746c4699d3ac,,Medical Supply Items,Oropharyngeal Airway (Guedel) Sterile 60mm,CONCEPT-SET,
846daf8d-efe0-4728-b7dd-e4c1b18311fa,,Medical Supply Items,Syringe (Disposable) 5ml with needle 21G,CONCEPT-SET,
c7794415-3bc9-4f71-bea9-b270e511077d,,Medical Supply Items,Measuring Tape 1.5m,CONCEPT-SET,
057c9f3d-0637-4fd6-9851-c5862a3208de,,Medical Supply Items,Catheter Suction Silconized with Funnel 14CH,CONCEPT-SET,
870a10c1-48b2-44c8-8746-0c8c95b597bd,,Medical Supply Items,Catheter Suction Transparent with Funnel Silco Sterile 22CH,CONCEPT-SET,
da87ae6b-1c89-4693-a035-10c933c470ef,,Medical Supply Items,Endotracheal Tube 3.5CH,CONCEPT-SET,
1effec53-f3ba-46c6-96ad-c64de51ec6c4,,Medical Supply Items,Boots 40 Size,CONCEPT-SET,
9a408de5-4bf1-46b8-ac7e-978fad70707a,,Medical Supply Items,Endotracheal Tube 8CH,CONCEPT-SET,
f32bb56e-010d-4d22-ba39-d3fafc0e5249,,Medical Supply Items,Polyamide Monofilament Gauge 0.2(10/0) 30cm on 5mm 3/8 Circle Spatula Double Armed Needle,CONCEPT-SET,
cd76ca68-1fdb-44bb-b2da-0e59ac665a4a,,Medical Supply Items,Polyamide Monofilament Gauge 0.2(10/0) 64cm on 6mm 3/8 Circle spatula double armed Needle,CONCEPT-SET,
403e4b89-0452-437a-9064-a8ca5f1f894c,,Medical Supply Items,Poly Diaxone Monofilament Violet Gauge 2.0(3/0)70cm on 40mm 1/2 circle Round bodied taper needle,CONCEPT-SET,
df65fb3f-9cdd-4e0a-b41b-f776b6e05184,,Medical Supply Items,Mersilk Braided Black Gauge 3.0(2/0) 100cm on 35mm 3/8 Circle Reverse Cutting Needle,CONCEPT-SET,
12625586-973e-4a32-8ecf-5ca6a537766f,,Medical Supply Items,Cat Gut Chromic Gauge 3.0(3/0) 70cm on 25mm 1/2 Circle Round Bodied Needle,CONCEPT-SET,
f9a64166-a53b-4cd9-ae2f-b55005ed936b,,Medical Supply Items,Cat Gut Chromic Gauge 3.0(3/0) 75cm on 30mm 1/2 Circle Round Bodied Needle,CONCEPT-SET,
d0515b2b-42bf-4248-a1b6-3e56b825ae3a,,Medical Supply Items,Mersilk Braided Black Gauge 4.0(1) 75cm on 30mm 1/2 circle reverse cutting needle,CONCEPT-SET,
0b651413-8c72-464b-a2f7-1a493a535ab3,,Medical Supply Items,Cat Gut Chromic Gauge 6.0(2) 75cm on 45mm 1/2 Circle Round Bodied Needle,CONCEPT-SET,
376a8b08-3dbb-4a71-a650-b9a258674612,,Medical Supply Items,Surgical Scalpel Blade No.22,CONCEPT-SET,
f0687966-46c3-4010-a514-762794befecb,,Medical Supply Items,Compressor HSTcomplet R134a 5G FR 8,CONCEPT-SET,
b9a32bd2-cf84-47a7-9292-b925fbfff6f3,,Medical Supply Items,Apron Plastic Reusable Autoclavable White,CONCEPT-SET,
329d7818-1c75-4c5a-b563-526cc03c9340,,Medical Supply Items,Retractor Set (ROUX) Double Ended Set of 3,CONCEPT-SET,
7640442d-80fe-44b7-9f07-ab1da97a2e4c,,Medical Supply Items,Solar Direct Device Spare Kit,CONCEPT-SET,
5ccf8dcd-7bdc-4929-9b01-94adf864b52d,,Medical Supply Items,Urine Container Sterile Screw Caped with Label,CONCEPT-SET,
77c6fa60-eba5-48db-9518-fdc7be87c252,,Medical Supply Items,"Conical Flask Erlenmeger Borosilicate Glass 3.3, with Printed Graduation 250ml",CONCEPT-SET,
81f16f36-33c5-4f34-94bd-e02533943044,,Medical Supply Items,Flask Heat and Chemical Resistant 250ml,CONCEPT-SET,
32946824-f1ed-404f-b3b4-a4a070f56c85,,Medical Supply Items,Cotton Absorbent Wool 500gm,CONCEPT-SET,
3488021e-55c5-4553-979a-acdc8dde7bd9,,Medical Supply Items,Syringe(AD) 0.05ml with Needle 26G,CONCEPT-SET,
68e9c5bb-58ef-49c7-a15a-51dd71bb6573,,Medical Supply Items,Rectal Tube Rubber With Terminal Size 28CH,CONCEPT-SET,
758bd4d8-43b9-447d-a825-bc13deef8100,,Medical Supply Items,Boots 37 Size,CONCEPT-SET,
1a212bf0-6fb8-46ee-8131-d16deaa3f3dc,,Medical Supply Items,Catheter Foley Silconized Latex Two Ways 5 15ml Balloon 14CH,CONCEPT-SET,
97b7c483-befa-469b-9086-3b81626eb176,,Medical Supply Items,Catheter Foley Silconized Latex Three Ways 5 15ml Balloon 8CH,CONCEPT-SET,
8c98f876-fe93-4ea5-9299-46f838bbd2aa,,Medical Supply Items,Endotracheal Tube 8.5CH,CONCEPT-SET,
8904d4d1-6495-4053-95be-a54fa2e39f9f,,Medical Supply Items,Polyglycolic acid absorbable braided violet Gauge 1.5(4/0) 75cm on 15mm 1/2 Circle Reverse Cutting Taper Needle,CONCEPT-SET,
20e0dc0e-9aab-405a-bff4-43ae182c02d0,,Medical Supply Items,Mersilk Braided Black Gauge 2.0(3/0) 75cm on 25mm 1/2 Circle Reverse Cutting Needle,CONCEPT-SET,
0cf2a1a7-6f62-428b-bc1a-562bfcebc55f,,Medical Supply Items,Polyglycolic acid absorbable braided violet Gauge 3.0(2/0) 75cm on 35mm 1/2 Circle Round Bodied Needle,CONCEPT-SET,
3f233ba0-1c4b-4026-9930-d441a0dee8c7,,Medical Supply Items,Polyamide Monofilament Gauge 3.5(0) 75cm on 25mm 1/2 Circle Round Bodied Needle,CONCEPT-SET,
c4684667-4262-402d-8b1c-73eb3c893d58,,Medical Supply Items,Cat Gut Chromic Gauge 5.0(1) 75cm on 30mm 1/2 Circle Round Bodied Needle,CONCEPT-SET,
3274bb96-5cad-4eb6-8b5f-08afc83f03b0,,Medical Supply Items,Cat Gut Chromic Gauge 5.0(1) 75cm on 48mm 1/2 Circle Round Bodied Needle,CONCEPT-SET,
eb90746b-e47a-4c72-a520-2ea6fab73a7c,,Medical Supply Items,Polyglycolic acid absorbable braided violet Gauge 5.0(2) 75cm on 50mm 1/2 Circle round Bodied needle,CONCEPT-SET,
7b2ccff9-2466-41c5-8c8f-3c8fcc522b4f,,Medical Supply Items,Handi Vac Complete Set (EV 500),CONCEPT-SET,
1d43534f-5715-4feb-b133-8af11e57c053,,Medical Supply Items,Resuscitation Trolley,CONCEPT-SET,
9c272146-3a35-4f89-b354-15acbfb7da67,,Medical Supply Items,Shoecover Non Skid,CONCEPT-SET,
41ed9016-ba00-4b6f-94f4-7ad8a6df4aa7,,Medical Supply Items,Glass Volumetric Transfer Pipette 10ml,CONCEPT-SET,
316e1775-b117-42d4-beab-9c83ff009990,,Medical Supply Items,Syringe (Disposable) 10ml with needle 21G,CONCEPT-SET,
515a0967-0396-4675-88d9-1b9b4f6122d0,,Medical Supply Items,New Born Bag and Mask 500ml,CONCEPT-SET,
73eea3b4-2e33-4301-8921-ad59f9b859f2,,Medical Supply Items,Bucket With Hand Washing Outlet 30 Littre,CONCEPT-SET,
fe2d1a76-52d9-4613-830d-9ab2d9af765e,,Medical Supply Items,Catheter Foley Silconized Latex Three Ways 30 50ml Balloon 12CH,CONCEPT-SET,
a5b1be9b-cef5-4ed7-9944-ba0210df15d7,,Medical Supply Items,Catheter Foley Silconized Latex Two Ways 30 50ml Balloon 16CH,CONCEPT-SET,
2bcfbd9e-c667-4f1e-ab1e-37a14af917a0,,Medical Supply Items,Catheter Foley Silconized Latex Three Ways 30 50ml Balloon 18CH,CONCEPT-SET,
8cf38261-e800-4814-b2be-d1d5035a8f75,,Medical Supply Items,Catheter Foley Silconized Latex Two Ways 30 50ml Balloon 22CH,CONCEPT-SET,
c276bb80-e686-45e3-8789-d52ce74b03d0,,Medical Supply Items,Catheter Foley Silconized Latex Three Ways 30 50ml Balloon 24CH,CONCEPT-SET,
e2b19eb7-153a-4aa4-8a23-ca2ed476d0e7,,Medical Supply Items,Syringe (Disposable) 3ml with Needle 23G,CONCEPT-SET,
9547c093-161e-4eaf-9177-a60405418cc6,,Medical Supply Items,Catheter Suction Silconized with Funnel 8CH,CONCEPT-SET,
9adac18c-7838-4f63-865d-205b20e2726f,,Medical Supply Items,Polyglycolic acid absorbable braided violet Gauge 0.7(6/0) 30m on 12mm 1/2 circle cutting taper needle,CONCEPT-SET,
46a3ccfc-f361-4429-8762-654a21d4529e,,Medical Supply Items,Polyglycolic acid absorbable braided violet Gauge 1.0(5/0) 45cm on 13mm 1/2 Circle Round Bodied Needle,CONCEPT-SET,
f4de00c4-fa20-43d7-8ebe-fddda0914a88,,Medical Supply Items,Polyglycolic acid absorbable braided violet Gauge 1.0(5/0)75cm 0n 45mm 1/2 circle cutting taper needle,CONCEPT-SET,
6feb5178-dbe6-4bbb-aedf-4c5c98daf7a0,,Medical Supply Items,Mersilk Braided Black Gauge 1.5(4/0) 75cm with 1/2 Circle Round Bodied Needle,CONCEPT-SET,
fbe7b4b0-0ae0-4aa4-98ca-0b905eeb6e74,,Medical Supply Items,Mersilk Braided Black Gauge 2.0(3) 75cm on 35mm 1/2 Circle Reverse Cutting Needle,CONCEPT-SET,
920d3ba2-1577-4cc2-bdd6-f3924083ab42,,Medical Supply Items,Mersilk Braided Black Gauge 2.0(3/0) 75cm on 26mm 1/2 Circle Reverse Cutting Needle,CONCEPT-SET,
6341093d-1d49-49dd-8103-9a7c2adf89df,,Medical Supply Items,Mersilk Braided Black Gauge 3.5(0) 75cm on 32mm 1/2 circle Reverse Cutting Needle,CONCEPT-SET,
7e1031cd-a577-4af0-9208-06f60c939fd6,,Medical Supply Items,Polyglycolic acid absorbable braided violet Gauge 4.0(1) 75cm on 45mm 1/2 Circle Cutting Taper Heavy Needle,CONCEPT-SET,
50e03d54-b98a-418e-b0bf-d8de145141e7,,Medical Supply Items,Mersilk Braided Black Gauge 6.0(3) 75cm on 40mm 1/2 Circle Round Bodied Needle,CONCEPT-SET,
54cb92a2-408d-4006-ba49-3b2152d92082,,Medical Supply Items,Glove Gynecological Examination,CONCEPT-SET,
a4302168-3d05-4f70-8f84-c7026c479a27,,Medical Supply Items,Torch with Metal Plastic Linkage,CONCEPT-SET,
e1ac45f1-4fb9-47f8-b440-450d13a0429f,,Medical Supply Items,Tourniquet Rubber,CONCEPT-SET,
cb43b370-d30e-452f-88c2-8ffaebc9a5dd,,Medical Supply Items,Solar LED Light,CONCEPT-SET,
0bcff174-b355-45e7-aad3-0453df1b81b3,,Medical Supply Items,Pad Absorbent (Diaper) with Plastic Backing White 17x24 Inch,CONCEPT-SET,
65797c14-dcb7-48ad-a6f3-ddbde4a9b27b,,Medical Supply Items,Optical lense cleaner 30ml Bottle,CONCEPT-SET,
7a1c9ece-7e8f-4aff-a6dd-60ca65704627,,Medical Supply Items,Biohazard Bags Disposable 37x48inch,CONCEPT-SET,
b4e04d81-5474-4c4f-b433-07b257d8ab49,,Medical Supply Items,Syringe (Disposable) 50ml with Needle 21G,CONCEPT-SET,
f0c17da5-69ea-4666-9486-52248b68f30c,,Medical Supply Items,Syringe (Disposable) 5ml with Needle 20G,CONCEPT-SET,
a4c9c0aa-355a-4110-8441-f56aceb42b84,,Medical Supply Items,Polyglycolic acid absorbable braided violet Gauge 0.4(8/0) 45cm on 8mm 1/2 Circle Round Bodied Taper Needle,CONCEPT-SET,
86512f0a-1aef-4e18-84c6-8b5011d624dc,,Medical Supply Items,Polyglycolic acid absorbable braided violet Gauge 0.7(6/0) 30cm on 12mm 1/2 Circle cutting Tapper Needle,CONCEPT-SET,
dbe2c2a4-85dc-45a7-b132-8d57441d37b2,,Medical Supply Items,Mersilk Braided Black Gauge 1.5(4/0) 75cm on 17mm 3/8 Circle Reverse Cutting Needle,CONCEPT-SET,
1ea49d6e-8380-43ae-8fbc-23d07ac703ad,,Medical Supply Items,Mersilk Braided Black Gauge 1.5(4/0) 75cm on 18mm 1/2 Circle Reverse Cutting Needle,CONCEPT-SET,
07f58720-3bfc-4a44-b40a-6182c187bd48,,Medical Supply Items,Polyglycolic acid absorbable braided violet Gauge 2.0(3/0)75cm on 26mm 1/2 circle rounded bodied needle,CONCEPT-SET,
e224ecbe-6f07-47ae-af67-a372fa3499a4,,Medical Supply Items,Cat Gut Chromic Gauge 2.0(4/0) 75cm on 19mm 1/2 Circle Reverse Cutting Needle,CONCEPT-SET,
f1766ee5-0aba-48c1-ad5b-62ce64e3efdb,,Medical Supply Items,Mersilk Braided Black Gauge 3.0(2/0) 75cmon 24mm 1/2 Circle Reverse Cutting Needle,CONCEPT-SET,
c0c43699-d6a9-4984-acb9-630eefbda950,,Medical Supply Items,Mersilk Braided Black Gauge 3.0(2/0)75cm on 35mm 1/2 Circle Reverse Cutting Needle,CONCEPT-SET,
2cad5422-04ba-4e88-8578-21dd7196600a,,Medical Supply Items,Cat Gut Chromic Gauge 4.0(0) 75cm on 32mm 1/2 Circle Round Bodied Needle,CONCEPT-SET,
45e8e08a-0ad0-4af5-bd20-b1392796957a,,Medical Supply Items,Cat Gut Chromic Gauge 4.0(0) 75cm on 38mm 1/2 Circle Round Bodied Needle,CONCEPT-SET,
89c6774f-d70e-4c7a-9efd-da95fd0c505e,,Medical Supply Items,Poly Diaxone Monofilament Violet Gauge 4.0(1) 90cm on 40mm 1/2 circle round bodied taper needle,CONCEPT-SET,
34ef1b9f-b567-4134-bf78-fd12e205fbd7,,Medical Supply Items,Mersilk Braided Black Gauge 5.0(2) 75cm on 40mm 1/2 Circle Reverse Cutting Needle,CONCEPT-SET,
3afc4a20-4aa0-4e08-a905-9f160dafb681,,Medical Supply Items,Physical PressureTransducer,CONCEPT-SET,
b4a154d6-a5d0-47c0-94f6-f9b2412addc1,,Medical Supply Items,Thermostatic Valve R4O4,CONCEPT-SET,
85a59a44-66a4-469b-85a3-978226f7d9ed,,Medical Supply Items,Glove Surgical Latex Sterile No.7.5,CONCEPT-SET,
98d586aa-c0bd-4cf4-ab9f-11e92c46c843,,Medical Supply Items,Syringe(AD) 0.5ml with Needle 23G,CONCEPT-SET,
c865e835-2e40-49ab-b5b9-fe77316b8a83,,Medical Supply Items,Parafilm flexable water tight filmto seal laboratory containers 10cmx38m,CONCEPT-SET,
ac6904ec-b1a3-48d3-b586-f0533f0179aa,,Medical Supply Items,Catheter Suction Transparent with Funnel Silco Sterile 16CH,CONCEPT-SET,
fd94945b-5787-4668-bb37-8715872304a9,,Medical Supply Items,Endobranchial Tube Right 35CH,CONCEPT-SET,
9f7e1afe-587c-448b-b8a8-7506d2c7a2ea,,Medical Supply Items,Endobranchial Tube Left 39CH,CONCEPT-SET,
ef4367d1-47b7-47db-95e4-bbbb8f044274,,Medical Supply Items,Boots 42 Size,CONCEPT-SET,
8ec5a28e-e5a5-4b29-a926-7ce220804ab7,,Medical Supply Items,Catheter Suction Transparent with Funnel Silco Sterile 6CH,CONCEPT-SET,
a76b4f92-ff59-4d6f-828b-2a9cb14823de,,Medical Supply Items,Mersilk Braided Black Gauge 1.5(4/0) 100cm on 40mm 1/2 Circle Reverse Cutting Needle,CONCEPT-SET,
0f6246ab-9162-4092-b525-ed2158f36b25,,Medical Supply Items,Polyglycolic acid absorbable braided violet Gauge 2.0(3/0) 75cm on 27mm 1/2 Circle revers Cutting needle,CONCEPT-SET,
e53e4097-5170-4eca-a121-d9d0131dc756,,Medical Supply Items,Mersilk Braided Black Gauge 3.0(2/0) 75cm on 24mm 1/2 Cicle reverse cutting Needle,CONCEPT-SET,
0fdc97bc-c81a-4423-b0f8-b8b24e33716d,,Medical Supply Items,Mersilk Braided Black Gauge 3.0(2/0) 75cm on 35mm 1/2 Circle Round Bodied Needle,CONCEPT-SET,
e1b980c0-954a-4126-8654-27605c85be7e,,Medical Supply Items,Cat Gut Chromic Gauge 3.5(2/0) 70cm on 26mm 1/2 Circle Round Bodied Needle,CONCEPT-SET,
2af4501a-31e7-4081-b902-853cbba89212,,Medical Supply Items,Cat Gut Chromic Gauge 3.5(2/0) 75cm on 45mm 1/2 Circle Cutting Taper Needle,CONCEPT-SET,
d3972781-2427-49d5-b26d-8adbebe06903,,Medical Supply Items,Mersilk Braided Black Gauge 5.0(2) 75cm on 38mm 1/2 Circle Reverse Cutting Needle,CONCEPT-SET,
19d43767-f776-4499-821b-7e9e4989bd92,,Medical Supply Items,Filter Paper Qualitative Whatman Grade 1 Diameter 150mm,CONCEPT-SET,
9429b5cd-8c01-46d7-923f-8af489628b8f,,Medical Supply Items,Polyglycolic acid absorbable braided violet Guage 2.0(3/0) 70cm on 22mm 1/2 Circle Reverse Cutting Needle,CONCEPT-SET,
85485073-5e79-42c5-9a0f-7109889683f2,,Medical Supply Items,Polyglycolic acid absorbable braided violet Guage 3.0(2/0) 75cm on 36mm 1/2 Circle Round Bodied Needle,CONCEPT-SET,
d8b3805f-86b7-4c96-8470-dfb5aecbd2da,,Medical Supply Items,Autocheck 5+ level 1 Red Box of 30 Ampoules for ABL7XX/8XX S7735,CONCEPT-SET,
5904d901-0fd5-4e9a-ba39-d1db6e87437e,,Medical Supply Items,Glove Surgical Latex Sterile No. 7,CONCEPT-SET,
5ce91d41-d02b-437d-8fe4-ab57a51aa65b,,Medical Supply Items,Diallser/Filter,CONCEPT-SET,
a4a9aa16-966a-4044-bfd9-ec7ca46dfa79,,Medical Supply Items,Syringe(AD) 0.05ml,CONCEPT-SET,
96196d6c-f4d0-43b9-b27a-01a60045ae10,,Medical Supply Items,Urine Collecting Bag PVC Latex Product 1000ml,CONCEPT-SET,
63fc552b-89fe-4f5a-bc99-6fb2598b6ff3,,Medical Supply Items,Starting Condenser (117U5015) 117U5015,CONCEPT-SET,
53b1e058-0df8-40dd-a91b-38ba6aae0997,,Medical Supply Items,"Drill Bit Round Shaft 12.7mm, 85/70mm",CONCEPT-SET,
b3aebca5-07c1-447f-90bd-49fd27345200,,Medical Supply Items,Catheter Suction Transparent with Funnel Silco Sterile 14CH,CONCEPT-SET,
47ccac8c-4534-4de1-a5e6-6bae0079172b,,Medical Supply Items,First Aid Water Proof Plaster 19mmx72mm,CONCEPT-SET,
65fc29e0-04ac-4927-abde-fe232e57d183,,Medical Supply Items,Syringe Insulin (Disposable) 1ml on 6mm with Fixed Needle 30G,CONCEPT-SET,
77c4f872-0b4b-4823-956a-55f3bae3c49f,,Medical Supply Items,Endotracheal Tube 5.5CH,CONCEPT-SET,
3a37f16d-bba0-4fe8-b110-f128adbd34f2,,Medical Supply Items,Oropharyngeal Airway (Guedel) Sterile 90mm,CONCEPT-SET,
b7462cff-fb61-45cc-aff8-fd5eb03ed45d,,Medical Supply Items,Polyamide Monofilament Gauge 0.2(10/0) 38cm on 64mm spatula Double Armed Needle,CONCEPT-SET,
097f4395-9fb8-49b7-b8f8-e066b1c678d8,,Medical Supply Items,Polyamide Monofilament Gauge 0.3(9/0) 30cm on 5mm 1/3 circle Round bodied Spatula Double Armed Needle,CONCEPT-SET,
7e8d42db-944f-4183-90f1-fb6a7def4521,,Medical Supply Items,Mersilk Braided Black Gauge 3.0(2/0) 100cm on 42mm 1/2 Circle Reverse Cutting Needle,CONCEPT-SET,
bae3f39e-08ea-4993-b5f0-6f8226b7beb8,,Medical Supply Items,Mersilk Braided Black Gauge 3.0(2/0) 75cm on 24mm 1/2 Cicle Reverse Cutting Needle,CONCEPT-SET,
0aa6df72-1960-4af4-a0df-e363f048afde,,Medical Supply Items,Cat Gut Chromic Gauge 3.0(3/0) 70cm on 26mm 1/2 Circle Round Bodied Needle,CONCEPT-SET,
b7267947-e1ba-4a01-bcac-87ccad6aeaca,,Medical Supply Items,Cat Gut Chromic Gauge 3.0(3/0) 75cm on 32mm 1/2 Circle Round Bodied Needle,CONCEPT-SET,
b0389f1f-66e8-4c14-b848-4e6d354f00f5,,Medical Supply Items,Mersilk Braided Black Gauge 4.0(1) 75cm 35mm 1/2 Circle reverse cutting needle,CONCEPT-SET,
23e9c4f8-bc94-49ca-8bde-2c7829473213,,Medical Supply Items,Mersilk Braided Black Gauge 4.0(1) 75cm on 30mm 1/2 Circle Round Bodied Needle,CONCEPT-SET,
0af0cf62-e7f9-408e-b7c7-b411420ba64b,,Medical Supply Items,Cat Gut Chromic Gauge 6.0(2) 75cm on 35mm 1/2 Circle Round Bodied Needle,CONCEPT-SET,
22789ac4-e6c3-4250-86b1-b273ed80f245,,Medical Supply Items,Cat Gut Chromic Gauge 7.0(3) 75cm on 50mm 1/2 Circle Round Bodied Needle,CONCEPT-SET,
61dff212-e175-4b1b-aee6-cfef670c3be9,,Medical Supply Items,Surgical Scalpel Blade No.24,CONCEPT-SET,
e49dc67c-0fd6-4af8-a1da-5fadaaef052c,,Medical Supply Items,Endotracheal Tube Cuffed,CONCEPT-SET,
d7a63b9e-fadb-4354-979b-265cbbf739bd,,Medical Supply Items,"Oropharyngeal Airway (Guedel) Sterile conisting of neonatal, pediatrics, child adolescent, adult, large adult Set",CONCEPT-SET,
1eda34c9-f06d-4559-b303-5ddd6b19c6d5,,Medical Supply Items,"Switch High Pressure, HBN 150",CONCEPT-SET,
222b6073-eb9a-4150-ae80-1455d91a6c39,,Medical Supply Items,Cotton Absorbent Wool 100gm,CONCEPT-SET,
848795a3-4108-491e-acfb-af7f0cdb2617,,Medical Supply Items,Spare Wick 150mm,CONCEPT-SET,
7c8199df-1777-4813-8ccf-0016caec9b0b,,Medical Supply Items,Urine Collecting Bag PVC Latex Product 2000ml,CONCEPT-SET,
73d89715-f9a4-4e1d-ab03-bc00807ed434,,Medical Supply Items,Syringe (Disposable) 2ml with Needle,CONCEPT-SET,
39ead764-7b27-4d3f-a3c8-d73893f31464,,Medical Supply Items,Glass Volumetric Transfer Pipette 50ml,CONCEPT-SET,
72e01690-7457-4daf-a35a-a147e22c33db,,Medical Supply Items,Catheter Foley Silconized Latex Two Ways 3 5ml Balloon 10CH,CONCEPT-SET,
6defa217-0786-4053-bc96-87e03f5ab64d,,Medical Supply Items,Catheter Foley Silconized Latex Two Ways 5 15ml Balloon 10CH,CONCEPT-SET,
cfa62929-ba83-4270-9c5a-911dd936eb9f,,Medical Supply Items,Catheter Foley Silconized Latex Three Ways 5 15ml Balloon 12CH,CONCEPT-SET,
d980280d-a880-4ce4-b83a-9deb94f33524,,Medical Supply Items,Catheter Foley Silconized Latex Two Ways 5 15ml Balloon 8CH,CONCEPT-SET,
19639afb-d0c7-4824-81f5-8a27ed1eda10,,Medical Supply Items,Apron Plastic Protection Against Most Chemicals 80x120cm,CONCEPT-SET,
5fe6a395-a53b-4df2-8596-c3fd65fdb1fd,,Medical Supply Items,Polyglycolic acid absorbable braided violet Gauge 1.5(4/0) 75cm on 15mm 1/2 circle reverse cutting needle,CONCEPT-SET,
a2fd47f8-5b23-4685-a916-08a69de52dbe,,Medical Supply Items,Polyglycolic acid absorbable braided violet Gauge 1.5(4/0) 75cm on 15mm 1/2 Reverse Cutting Taper Needle,CONCEPT-SET,
62569187-4366-4068-a767-8476143b72a7,,Medical Supply Items,Polyglycolic acid absorbable braided violet Gauge 3.0(2/0) 75cm on 36mm 1/2 circle round bodied Tapper needle,CONCEPT-SET,
bc4498be-f1da-43eb-a328-769dc562436f,,Medical Supply Items,Mersilk Braided Black Gauge 4(1) 75cm on 19mm 1/2 Circle Reverse Cutting Needle,CONCEPT-SET,
9a5e0478-a198-461d-9026-d396464b3322,,Medical Supply Items,Cat Gut Chromic Gauge 5.0(1) 75cm on 38mm 1/2 Circle Round Bodied Needle,CONCEPT-SET,
4888aaad-2013-46e5-9f8c-5041ccfa247c,,Medical Supply Items,Cat Gut Chromic Gauge 5.0(1) 75cm on 50mm 1/2 Circle Round Bodied Needle,CONCEPT-SET,
2a020490-1afa-488b-b80a-651d103a3b0f,,Medical Supply Items,Polyglycolic acid absorbable braided violet Gauge 5.0(2) 75cm on 40mm 1/2 circle cutting tapper needle,CONCEPT-SET,
067f0827-393f-4e84-ab7d-89f315cd5ee9,,Medical Supply Items,Surgical Scalpel Blade No.10,CONCEPT-SET,
136497b6-e2b1-4679-811c-0d94d4824b8d,,Medical Supply Items,Peritoneal Biopsy Needle,CONCEPT-SET,
cef76db3-f62b-49da-a9f3-3fa0139aa44b,,Medical Supply Items,Resuscitator Bag (Ambu Bag),CONCEPT-SET,
303745c1-aa70-4feb-af72-feb7690faf17,,Medical Supply Items,Syringe(AD) 2ml with needle 21G,CONCEPT-SET,
00d1b993-8123-4748-bac1-fe20d93ac542,,Medical Supply Items,New Emergency Health Kit Supply 1 Equipment,CONCEPT-SET,
fc115ccd-9c32-4a23-b446-0909e54ff606,,Medical Supply Items,Gauze Bandage 10cmx4m,CONCEPT-SET,
138f0169-4b2e-4bf8-a644-2271ff395c75,,Medical Supply Items,Catheter Foley Silconized Latex Two Ways 30 50ml Balloon 12CH,CONCEPT-SET,
d201c84d-1b1d-4082-8a9c-77542ecf88f6,,Medical Supply Items,Catheter Foley Silconized Latex Three Ways 30 50ml Balloon 14CH,CONCEPT-SET,
9bd0afa0-2f72-4f3d-8f62-a95a0404dd8a,,Medical Supply Items,Catheter Foley Silconized Latex Two Ways 30 50ml Balloon 18CH,CONCEPT-SET,
091872be-344e-4d6b-bea4-472fd53c390a,,Medical Supply Items,Catheter Foley Silconized Latex Three Ways 30 50ml Balloon 20CH,CONCEPT-SET,
078d9f9c-ebb0-483d-892f-91ba611bba0c,,Medical Supply Items,Boots for Delivery 38 Size,CONCEPT-SET,
796c155c-3523-4b81-ac48-2b7a310fa3dc,,Medical Supply Items,Starting Device 4 Jan,CONCEPT-SET,
7aa6549f-1c96-4c0e-9265-00d308b03498,,Medical Supply Items,Catheter Suction 6CH,CONCEPT-SET,
7f6382b8-8005-4f2f-9b39-40b3d8d6e4d1,,Medical Supply Items,Endotracheal Tube 7.5CH,CONCEPT-SET,
5ce32fc1-049d-430f-b5e9-35a072b2537a,,Medical Supply Items,Triangular Bandage 96cmx96cmx136cm,CONCEPT-SET,
f12eff12-112f-4512-8f03-357f78881b79,,Medical Supply Items,Polyglycolic acid absorbable braided violet Gauge 1.0(5/0) 75cm on 45mm 1/2 circle cutting taper Needle,CONCEPT-SET,
4ad40522-6263-419e-80e1-9fae65adc2c3,,Medical Supply Items,Mersilk Braided Black Gauge 2.0(3/0) 100cm on 35mm 3/8 Circle Reverse Cutting Needle,CONCEPT-SET,
e0497593-f86f-4a17-9120-b998e057c0d8,,Medical Supply Items,Polyglycolic acid absorbable braided violet Gauge 3.0(2/0) 75cm on 26mm 3/8 Circle Reverse cutting needle,CONCEPT-SET,
bcc3087a-8e36-4f84-97b0-749df2ddbbc1,,Medical Supply Items,Polyglycolic acid absorbable braided violet Gauge 3.0(2/0) 75cm on 27mm 1/2 Circle Reverse Cutting Needle,CONCEPT-SET,
9854d20f-7bb5-4b18-8a71-f5a58d26ea49,,Medical Supply Items,Polyglycolic acid absorbable braided violet Gauge 3.0(2/0) 75cm on 34mm 1/2 circle round bodied needle,CONCEPT-SET,
bdb5c8e0-8cba-4845-b143-b18b63df9314,,Medical Supply Items,Polyglycolic acid absorbable braided violet Gauge 4.0(1) 75cm on 45mm 1/2 Circle cutting taper needle,CONCEPT-SET,
64458017-77af-48db-91a2-3072c9a8b7f0,,Medical Supply Items,Polyamide Monofilament Gauge 5.0(2) 90cm on 50mm 1/2 Circle Round Bodied Needle,CONCEPT-SET,
5ffe6ee5-ab54-4cca-bebd-a67a6d516d1a,,Medical Supply Items,Prescription Pad (Narcotic ),CONCEPT-SET,
ca1d8349-f536-410f-87b1-b784e5acdc24,,Medical Supply Items,Towel for New Born 100% Cotton,CONCEPT-SET,
ab2788d3-a954-4e36-a995-ef5f208c1b65,,Medical Supply Items,"Conical Flask Erlenmeger Borosilicate Glass 3.3, with Printed Graduation 100ml",CONCEPT-SET,
738e583c-31a7-453e-b249-fe43689460d2,,Medical Supply Items,Cannula Intravenous Set 20G,CONCEPT-SET,
dcf9120f-051d-476d-bbdf-704af6ffb557,,Medical Supply Items,Rectal Tube Rubber With Terminal Size 24CH,CONCEPT-SET,
b67fe6fa-57d8-443c-acae-047241f2788f,,Medical Supply Items,Syringe (Disposable) 3ml with Needle 20G,CONCEPT-SET,
ba0cd9b5-65e3-4ac6-a567-9b28f0fdb815,,Medical Supply Items,Catheter Suction Transparent with Funnel Silco Sterile 8CH,CONCEPT-SET,
287e9379-c2d4-4a81-930c-5512d9687c50,,Medical Supply Items,Polyglycolic acid absorbable braided violet Gauge 0.4(8/0) 45cm on 8mm 3/8 Circle Round Bodied taper needle,CONCEPT-SET,
494d0f48-0c09-4a6e-b7d4-fc88abbef201,,Medical Supply Items,Mersilk Braided Black Gauge 1.5(4/0) 75cm on 17mm 1/2 Circle reverse cutting Needle,CONCEPT-SET,
81af98bb-876e-45fe-ad57-b9996b4b9ac1,,Medical Supply Items,Mersilk Braided Black Gauge 1.5(4/0) 75cm on 19mm 1/2 Circle Reverse Cutting Needle,CONCEPT-SET,
985adbae-e688-42f4-a26d-6fed2cfbaf0a,,Medical Supply Items,Mersilk Braided Black Gauge 1.5(4/0) 75cm on 24mm 1/2 Cicle Round Bodied Needle,CONCEPT-SET,
d9ca6a03-20f3-4645-80d2-86ec1cbbb601,,Medical Supply Items,Cat Gut Chromic Gauge 2.0(4/0) 75cm on 38mm 1/2 Circle Reverse Cutting Needle,CONCEPT-SET,
d2920375-786c-4f59-a090-abca0e46b4c6,,Medical Supply Items,Poly Diaxone Monofilament Violet Gauge 3.0(2/0)70cm on 31mm 1/2 circle round bodied taper needle,CONCEPT-SET,
dc429b8a-8f52-461f-8e97-8a72e4a4883c,,Medical Supply Items,Mersilk Braided Black Gauge 3.5(0) 75cm 30mm 1/2 Circle Round Bodied Needle,CONCEPT-SET,
253fafee-3fbb-42c4-8952-3e7bbe0e4729,,Medical Supply Items,Mersilk Braided Black Gauge 3.5(0) 75cm on 28mm 1/2 circle round bodied needle,CONCEPT-SET,
192edcbc-5f6a-41c6-b11a-507b3fa4680d,,Medical Supply Items,Cat Gut Chromic Gauge 4.0(0) 75cm on 20mm 1/2 Circle Round Bodied Needle,CONCEPT-SET,
b6991105-0a13-49d2-b96f-8035fac477db,,Medical Supply Items,Cat Gut Chromic Gauge 4.0(0) 75cm on 38mm 1/2 Circle Reverse Cutting Bodied Needle,CONCEPT-SET,
53a3f196-483c-4eaa-acd5-9c8725b7d7a6,,Medical Supply Items,Cat Gut Chromic Gauge 4.0(0) 75cm on 40mm 1/2 Circle Round Bodied Needle,CONCEPT-SET,
df39f836-4d66-4e28-89f1-8a2eb16ef860,,Medical Supply Items,Poly Diaxone Monofilament Violet Gauge 5.0(2) 90cm on 40mm 1/2 circle round bodied taper needle,CONCEPT-SET,
3e8c400b-f308-49df-9d0d-0942554ff29b,,Medical Supply Items,Pillcater with Box,CONCEPT-SET,
1bed1d17-8d14-4c59-9832-be4c70e817ad,,Medical Supply Items,Thermostatic Valve Orifice,CONCEPT-SET,
60ed0f0a-2053-4bd0-9b7f-be578be097d9,,Medical Supply Items,Three way valve Luer with caps,CONCEPT-SET,
bda6d098-98e3-4f34-91ec-ec1871741d98,,Medical Supply Items,Tourniquet of Double Belt,CONCEPT-SET,
6d8372ae-7b42-470a-a8e2-1795296c55ad,,Medical Supply Items,Cannula Intravenous Set 16G,CONCEPT-SET,
2c65cf8a-7d66-4b14-b541-aca0f7c29c5b,,Medical Supply Items,Glove Examination Latex Non Powdered Medium,CONCEPT-SET,
5fbdcf06-7bbb-4ddf-b1c2-fa88a2c6a5bd,,Medical Supply Items,Glove Heavy Duty Latex (Disposable) Medium,CONCEPT-SET,
77efb5f7-bbfe-4654-9384-2ad7abc136bd,,Medical Supply Items,Glove Examination Latex Non Powdered small,CONCEPT-SET,
a1f921b3-4bd4-4edc-8078-99a4a9fae47c,,Medical Supply Items,"Sling For Use with Scale 0145555, 0557000",CONCEPT-SET,
f55a36ef-3927-4813-b7af-55fde661e52f,,Medical Supply Items,Oropharyngeal Airway (Guedel) Sterile 120mm,CONCEPT-SET,
7734008d-7511-41f0-972f-c99e38ad1ddb,,Medical Supply Items,Syringe (Disposable) 20ml with Needle 20G,CONCEPT-SET,
d0fc51ff-2482-4a69-be71-520aa02bf12d,,Medical Supply Items,Rectal Tube Rubber With Terminal Size 30CH,CONCEPT-SET,
b1b4337f-4c7a-44d8-8087-f9164bc3e45c,,Medical Supply Items,Starting Device 3 Jan,CONCEPT-SET,
04f0d663-2758-472b-b5c6-1994f28e1870,,Medical Supply Items,Mersilk Braided Black Gauge 1.5(4/0) 75 cm on 24 mm 3/8 Circle Reverse Cutting Needle,CONCEPT-SET,
eb9afc4d-6fd1-4bbc-bb25-f0fa142463e6,,Medical Supply Items,Polyglycolic acid absorbable braided violet Gauge 2.0(3/0) 75cm on 27mm 1/2 Circle Reverse Cutting Needle,CONCEPT-SET,
1dc03350-42d9-4c40-9831-76f1a69b543d,,Medical Supply Items,Polyglycolic acid absorbable braided violet Gauge 2.0(3/0) 75cm on 35mm 1/2 round bodied Needle,CONCEPT-SET,
12801216-7f4b-4042-a2af-8fc1af7082a8,,Medical Supply Items,Poly Diaxone Monofilament Violet Gauge 3.0(2/0) 70cm on 31mm 1/2 circle round bodied taper needle,CONCEPT-SET,
8806e332-5d43-41ba-b171-d778816ddbf2,,Medical Supply Items,Mersilk Braided Black Gauge 3.0(2/0) 75cm on 27mm 1/2 Circle Reverse Cutting Needle,CONCEPT-SET,
df9ba1dc-d2ae-42fc-91ac-0f66254f769b,,Medical Supply Items,Mersilk Braided Black Gauge 3.0(2/0) 75cm on 33mm 1/2 Circle Round Bodied Needle,CONCEPT-SET,
ea52f9c1-db95-4ae3-b1bc-284b11821f33,,Medical Supply Items,Mersilk Braided Black Gauge 3.0(2/0) on 75cm on 17mm 1/2 Circle Reverse Cutting Needle,CONCEPT-SET,
baa5f18f-230c-43c6-a97c-069c10f5038b,,Medical Supply Items,Cat Gut Chromic Gauge 3.5(2/0) 75cm on 38mm 1/2 Circle Round Bodied Needle,CONCEPT-SET,
cf4c34d8-45a6-4e26-be1f-a188b460874e,,Medical Supply Items,Cat Gut Chromic Gauge 3.5(2/0) 75cm on 45mm 1/2 Circle Round Bodied Needle,CONCEPT-SET,
937b4a45-6075-41e2-b3ef-d86017bd34cf,,Medical Supply Items,Polyglycolic acid absorbable braided violet Guage 3.5(0)75cm on 48mm 1/2c Round Bodied Needle,CONCEPT-SET,
ec5722c7-13b1-4b3b-8bb6-8fe65e7e3633,,Medical Supply Items,Autocheck 5+ level 3 Blue Box of 30 Ampules for ABL7XX/8XX S7755,CONCEPT-SET,
0bb1d34b-8c06-4970-b321-3dc79b862d87,,Medical Supply Items,Glove Surgical Latex Sterile No. 7.5,CONCEPT-SET,
3b442da6-33fa-43de-9f45-f2e648f83f3d,,Medical Supply Items,Pediatric hose set,CONCEPT-SET,
737724ea-9250-40a8-a199-b780a6d3ef8c,,Medical Supply Items,Phase Reverser with Failure Control,CONCEPT-SET,
d63fe1f4-75b8-4d19-b628-653ecb2f3507,,Medical Supply Items,Sheeting PVC 100x100cm,CONCEPT-SET,
e42ee745-11a6-4deb-a160-12d5812830b2,,Medical Supply Items,Blood Collecting Bag CPDA1 Anticoagulant Triple 450ml,CONCEPT-SET,
2b4a7dbe-2a81-4b5c-895e-2b6df9ae72e1,,Medical Supply Items,"Conical Flask Erlenmeger Borosilicate Glass 3.3, with Printed Graduation 500ml",CONCEPT-SET,
7b56d8c8-3c48-4962-b8bd-ce9ba055693a,,Medical Supply Items,Flask Heat and Chemical Resistant 500ml,CONCEPT-SET,
c080ea4f-b249-4889-adb7-ac2b6e91b7ac,,Medical Supply Items,Glass Volumetric Transfer Pipette 5ml,CONCEPT-SET,
d4b55195-9668-4411-b820-79847ed27c32,,Medical Supply Items,Resuscitator Bag (Ambu Bag) Adult,CONCEPT-SET,
b5cb6bd3-f407-4226-92f1-fb18ba65acce,,Medical Supply Items,Universal Bottle or sputum Screw Capped for sputum Screw Capped,CONCEPT-SET,
26d1cee6-ad8f-4417-8726-e490ba7e293e,,Medical Supply Items,Measuring Tape 2m,CONCEPT-SET,
e11df8e7-5b8f-4ad4-ba08-bd50ecd6a8e9,,Medical Supply Items,Syringe(AD) 5ml with Needle 23G,CONCEPT-SET,
314564d8-79ff-4530-b208-81cbd7f35631,,Medical Supply Items,Polyamide Monofilament Gauge 0.2(10/0) 60cm on 6mm1/3 Circle Spatula Double Armed Needle,CONCEPT-SET,
a6b76030-8cc3-4e2b-af86-fc92665577ac,,Medical Supply Items,Polyamide Monofilament Gauge 0.3(9/0) 30cm on 6mm 3/8 Circle round Bodied Spatula Double Armed Needle,CONCEPT-SET,
b7742c46-fca8-4f24-8867-98936101e089,,Medical Supply Items,Polyglycolic acid absorbable braided violet Gauge 2.0(3/0) 75cm on 19mm 3/8 Circle Reverse Cutting Needle,CONCEPT-SET,
6e584614-d3d3-4b71-9606-a365da074f2f,,Medical Supply Items,Mersilk Braided Black Gauge 3.0(2/0) 75cm on 20mm 1/2 Circle Round Bodied Needle,CONCEPT-SET,
45611e07-4be2-4019-a462-1589a8e93833,,Medical Supply Items,Cat Gut Chromic Gauge 3.5(2/0) 70cm on 45mm 1/2 Circle Cutting Taper Needle,CONCEPT-SET,
21176120-cf3f-437b-87c8-135238319235,,Medical Supply Items,Poly Diaxone Monofilament Violet Gauge 4.0(1) 50cm on 48mm 1/2 circle round bodied taper needle,CONCEPT-SET,
7164fa9d-504f-45e9-b516-c0a08f95cab9,,Medical Supply Items,Mersilk Braided Black Gauge 4.0(1) 75cm on 22mm 3/8 Circle Reverse Cutting 22mm,CONCEPT-SET,
f8cbb9fe-c392-48ba-ba13-78e2b5eadc96,,Medical Supply Items,Mersilk Braided Black Gauge 4.0(1) 75cm on 32mm 1/2 Circle Round Bodied Needle,CONCEPT-SET,
6a88cee6-501b-485a-86b0-e751fdd8d91e,,Medical Supply Items,Cat Gut Chromic Gauge 6.0(2) 75cm on 37mm 1/2 Circle Round Bodied Needle,CONCEPT-SET,
4002c4e2-a193-4bb8-83b3-91b76e353d52,,Medical Supply Items,Filter Paper Qualitative Whatman Grade 1 Diameter 90mm,CONCEPT-SET,
da094238-a26d-4ecf-a09f-b89998fd212a,,Medical Supply Items,Multipette automatic 5 positions,CONCEPT-SET,
a68fd38f-bc5b-4da2-8fe7-4711688be43b,,Medical Supply Items,Measuring Apparatus Pediatric Wooden 131cm,CONCEPT-SET,
1f659e34-2720-4c97-989a-8376a063c03c,,Medical Supply Items,Vacutainer Blood Collection Tube with vacuum red top 10ml,CONCEPT-SET,
41a3e53e-9f4b-47f6-a5c0-f2d1046a961a,,Medical Supply Items,Capillary tube hematocrite heparinized,CONCEPT-SET,
28eb0e3c-c670-4b12-89cc-fb6417893b0a,,Medical Supply Items,Conical Centrifuge Tubes 50ml,CONCEPT-SET,
352f9c3f-7b59-49df-b3d3-b79e9bf1404f,,Medical Supply Items,Blood Collecting Bag CPDA1 Anticoagulant Single 250 ml,CONCEPT-SET,
c428b2e1-ac4c-40b6-aeb8-63fd0e9f2781,,Medical Supply Items,Applicator Wooden Stick with out Cotton Tip 15cm x 2.5mm,CONCEPT-SET,
49098fa5-bb21-495b-8eef-d02e8800a023,,Medical Supply Items,Applicator Stick Wooden with Cotton Tip 15cm x 2.2mm,CONCEPT-SET,
74235cdf-539a-418e-8761-c06e28db2449,,Medical Supply Items,Cat Gut Chromic Gauge 4.0(0) 75cm on 48mm 1/2 circle Round Bodied Needle,CONCEPT-SET,
f36e0277-e907-4dce-a172-292479099949,,Medical Supply Items,Mersilk Braided Black Gauge 2.0 (3/0) 75cm on 17mm 1/2 Circle Round Bodied Needle,CONCEPT-SET,
e6b01c4d-dc95-483e-8e42-42d60bcbed06,,Medical Supply Items,Mersilk Braided Black Gauge 2.0(3/0) 75cm on 27mm 1/2 Circle Reverse Cutting Needle,CONCEPT-SET,
b586863b-173c-42cf-9db4-db7502808148,,Medical Supply Items,Mersilk Braided Black Gauge 2.0 (3/0) 75cm on 17mm 1/2 Circle Reverse Cutting Needle,CONCEPT-SET,
a5b61d68-3e2e-4612-bc4b-054724834b55,,Medical Supply Items,Mersilk Braided Black Gauge 1.0 (4/0) 75cm on 19mm 1/2 Circle Reverse Cutting Needle,CONCEPT-SET,
91db94be-e701-4433-8d96-0751a0f04cfa,,Medical Supply Items,Polyglycolic acid absorbable braided violet Gauge 2.0 (3/0) 75cm on 36mm 1/2 Circle Round Bodied Needle,CONCEPT-SET,
f24a7ca5-d23a-40af-8b2e-eced20b9bc35,,Medical Supply Items,Mersilk Braided Black Gauge 3.5(0) 75cm on 27mm 1/2 Circle Round Bodied Needle,CONCEPT-SET,
160a7f71-7f52-4824-b139-65a4f7b24a17,,Medical Supply Items,Polyamide Monofilament Gauge 0.3 (9/0) 13 cm on 64mm Spatula Double Armed Round Bodied Needle,CONCEPT-SET,
f0618a22-6c33-4fd1-90cf-2743a06f3b37,,Medical Supply Items,Drainage Chest Tube 18FG,CONCEPT-SET,
8699a22b-486d-4f12-89a6-1ae5c2504f22,,Medical Supply Items,Catheter Condom Latex Medium 25mm,CONCEPT-SET,
e8745527-d48f-4626-8427-fa59f00541d7,,Medical Supply Items,Catheter Foley Silconized Latex Two Ways 30 50ml Balloon 24CH,CONCEPT-SET,
2361a5e8-c7cd-427e-b53c-83e55b502ab0,,Medical Supply Items,Catheter Foley Silconized Latex Three Ways 5 15ml Balloon 6CH,CONCEPT-SET,
ce6f436f-8be6-4ec4-ba3f-881b5934503a,,Medical Supply Items,Catheter Foley Silconized Latex Three Ways 5 15ml Balloon 4CH,CONCEPT-SET,
d376eb07-38ad-46a9-b3fd-48722ab3a7fb,,Medical Supply Items,Catheter Foley Silconized Latex Two Ways 5 15ml Balloon 6CH,CONCEPT-SET,
37654e3d-3d61-449d-b0fe-43d62aa62796,,Medical Supply Items,Catheter Foley Silconized Latex Two Ways 5 15ml Balloon 4CH,CONCEPT-SET,
6fc4c248-f01d-4e87-b75f-9042be1d3ea6,,Medical Supply Items,Scalp Vein Winged Infusion Set 29G,CONCEPT-SET,
8f1278c8-3639-4339-8860-9e19e5ce39a8,,Medical Supply Items,Cat Gut Chromic Gauge 7.0(3) 75cm on 48mm 1/2 Circle Round Bodied Needle,CONCEPT-SET,
a27dd588-3619-4c04-ab96-b40a3029c4fd,,Medical Supply Items,Biohazard Bags Disposable Red,CONCEPT-SET,
cb7008b5-98f8-4d70-8dd1-d49842567fb2,,Medical Supply Items,Biohazard Bags Disposable Yellow,CONCEPT-SET,
d7bd99a4-10bd-493e-8dfc-70a927d244c8,,Medical Supply Items,Biohazard Bags Disposable Black,CONCEPT-SET,
af162907-7aeb-498e-8f56-ef841aebda65,,Medical Supply Items,Pasteur pipette glass,CONCEPT-SET,
e7afc9f0-2eb0-48ac-ae4f-4237aba1b606,,Medical Supply Items,"Tourniquet for adult,ABS auto lock buckle,size 25x450x6mm,blue color.",CONCEPT-SET,
4c9044fd-b99e-4a95-b0fb-86e942d15cf4,,Medical Supply Items,Cat Gut Chromic Gauge 3.0(3/0) 75cm on 25mm 1/2 Circle Reverse Cutting Needle,CONCEPT-SET,
35e18a74-3625-459e-abcf-4d7d503ffc47,,Medical Supply Items,Cat Gut Chromic Gauge 3.5(0) 75cm on 27mm 1/2 Circle Reverse Cutting Needle,CONCEPT-SET,
2c9b9ecb-f907-422a-9147-393ba2446d22,,Medical Supply Items,Cat Gut Chromic Gauge 4.0(0) 75cm on 30mm 1/2 Circle Reverse Cutting Needle,CONCEPT-SET,
57d6b08b-1810-42c3-b61a-010976b11824,,Medical Supply Items,Cat Gut Chromic Gauge 5.0(1) 75cm on 48mm 1/2 Circle Reverse Cutting Needle,CONCEPT-SET,
d33a8946-86d6-43b2-bd0d-8deb1ce5ad6e,,Medical Supply Items,Cat Gut Chromic Gauge 6.0(2) 75cm on 35mm 1/2 Circle Reverse Cutting Needle,CONCEPT-SET,
c0510eee-b7ef-4fc6-8c06-0f7ce63a0f1e,,Medical Supply Items,Cat Gut Chromic Gauge 7.0(3) 75cm on 48mm 1/2 Circle Reverse Cutting Needle,CONCEPT-SET,
a5d5b72d-d848-4fe7-ac34-aec50c5ee991,,Medical Supply Items,Glove Surgical Latex Sterile Powder Free No. 6.5,CONCEPT-SET,
d262c1e5-95b5-4ec6-899d-0d648a796ac0,,Medical Supply Items,Glove Surgical Latex Sterile Powder Free No. 7,CONCEPT-SET,
f15f67a9-381b-4c19-936a-ccf9ffab8092,,Medical Supply Items,Glove Surgical Latex Sterile Powder Free No. 7.5,CONCEPT-SET,
3028a9af-6960-4aab-9555-85a5a4ddb052,,Medical Supply Items,Glove Surgical Latex Sterile Powder Free No. 8,CONCEPT-SET,
ba73429a-193a-4690-af7f-a75ce25ef851,,Medical Supply Items,"Specimen container 4 oz,graduated in ml,sterile,transluecent polypropylene,full turn screw thread,leak resistant seal,individually wrapped",CONCEPT-SET,
baed2fb3-2ffd-4753-a2fa-40f7573924e6,,Medical Supply Items,Ultrasound Paper,CONCEPT-SET,
33f31025-04b4-42fc-91b1-a685c996d1a1,,Medical Supply Items,Cat Gut Chromic Gauge 4.0(0) 150cm on 30mm 1/2 Circle Round Bodied Needle,CONCEPT-SET,
aa6fbbee-3e6d-4cd5-8278-ed8180e124ae,,Medical Supply Items,Cannula Intravenous Set External Diameter 1.3mm Length 45mm 16G,CONCEPT-SET,
ff699d24-4432-439a-a2cc-9a0de6007f9a,,Medical Supply Items,Ultrasound Paper 110mm width x 20meter length,CONCEPT-SET,
f5b4fc3c-407c-462f-bb97-a568df7fa352,,Medical Supply Items,Filter Paper Qualitative Whatman Grade 1 Diameter 150mm with pore size 11µm,CONCEPT-SET,
6c4dcdba-d49d-468a-8c97-22b802036f36,,Medical Supply Items,Catheter Foley Silconized Latex Three Ways 5 15ml Balloon 10CH,CONCEPT-SET,
921e96ad-15dd-4f42-9fe9-410dd34fe061,,Medical Supply Items,Cannula Intravenous Set external diameter 1.1mm length 32mm 20G,CONCEPT-SET,
9d0f0419-d837-4e6e-9e48-cfa92ee0ebc8,,Medical Supply Items,Cannula Intravenous Set external diameter 0.9mm length 25mm 22G,CONCEPT-SET,
05cd133e-c9e1-45a2-86cd-8b546f2c1de6,,Medical Supply Items,Cannula Intravenous Set external diameter 0.7mm length 19mm 24G,CONCEPT-SET,
2bf439a7-7d28-4a30-865b-9c383f2537ab,,Medical Supply Items,Cannula Intravenous Set external diameter 1.3mm length 45mm 18G,CONCEPT-SET,
b1915878-fa40-40ba-9dd2-a423b82ff53d,,Medical Supply Items,Adhesive Plaster Zinc Oxide 12.5cmx10m,CONCEPT-SET,
646721f1-541f-47cc-b14f-119a8667d448,,Medical Supply Items,Endotracheal Tube sterile CH 3.5 cuffed,CONCEPT-SET,
6cfdb08f-b99d-4920-a49c-6178cbb425bd,,Medical Supply Items,Endotracheal Tube sterile CH 4 cuffed,CONCEPT-SET,
5f328eef-3002-42ec-acdc-60580f11b641,,Medical Supply Items,Endotracheal Tube sterile CH 4.5 cuffed,CONCEPT-SET,
4057053a-6e06-42e4-98ec-b8fb9f8533fa,,Medical Supply Items,Endotracheal Tube sterile CH 5 cuffed,CONCEPT-SET,
f1012bf9-2f3a-4d8a-89f1-15d3bc5dbb28,,Medical Supply Items,Endotracheal Tube sterile CH 6.5 cuffed,CONCEPT-SET,
c306aca3-5867-4335-a59d-e90a044e8434,,Medical Supply Items,Endotracheal Tube sterile CH 8 cuffed,CONCEPT-SET,
d2df4345-e484-457a-a3d4-6ddb8cd86114,,Medical Supply Items,"Scalp Vein Winged Infusion Set with luer adapter 21G, 0.75 inch(19mm) needle, 7 inch(178mm) tubing",CONCEPT-SET,
40c0e7bf-d995-4745-aa31-4ee77605bddc,,Medical Supply Items,"Syringe (Disposable) (Sterile) 3 Parts, 20ml Luer fitting with 21G Needle",CONCEPT-SET,
b7af7093-6025-4603-bad2-ab52039ef5c0,,Medical Supply Items,"Syringe (Disposable) (Sterile) 3 Parts, 3ml Luer fitting with 21G Needle",CONCEPT-SET,
3fe75f71-340b-4c40-bca1-d1c153b2069e,,Medical Supply Items,"Syringe (Disposable) (Sterile) 3 Parts, 3ml Luer fitting with 23G Needle",CONCEPT-SET,
79b21fe5-3ad9-4355-a68e-d840751fbf18,,Medical Supply Items,"Syringe (Disposable) (Sterile) 3 Parts, 50ml Luer fitting with 21G Needle",CONCEPT-SET,
77ad0c10-d7fe-45e7-97f3-7d5d1640acaa,,Medical Supply Items,"Syringe (Disposable) (Sterile) 3 Parts, 5ml Luer fitting with 23G Needle",CONCEPT-SET,
db2ee09e-9b1f-4bc3-959f-639ceee85b74,,Medical Supply Items,"Gauze Swab 10cmx10cm, 8plys sterile",CONCEPT-SET,
24f79d7d-a425-4023-a9f9-66c9e5e13cb7,,Medical Supply Items,"Colostomy Bag Adhesive Regulator Closed 30mm Opening, adult opec medium",CONCEPT-SET,
efaf1493-28a7-4112-9bc8-e0a5c954034a,,Medical Supply Items,Colostomy Bag Adhesive Regulator Closed 30mm Opening pediatric,CONCEPT-SET,
fadae1cc-aa3e-4847-bb39-aa88b9f0051a,,Medical Supply Items,Mersilk Braided Black Gauge 3.5(0) 75cm on 32mm 1/2 circle cutting tapper Needle,CONCEPT-SET,
960ba141-bf2e-47f9-97a3-85014bb22a5e,,Medical Supply Items,Catheter Suction 14CH,CONCEPT-SET,
f3d83ede-ca7d-4039-ad34-0426419e33c0,,Medical Supply Items,Catheter Suction 8CH,CONCEPT-SET,
df32300d-8bba-4faf-b857-5a2e97e2a82f,,Medical Supply Items,Catheter Suction 16CH,CONCEPT-SET,
dc151b1d-88b9-4955-8186-1936af4500bd,,Medical Supply Items,Tissue Paper 10cm x 15cm,CONCEPT-SET,
2939e158-95f7-4915-9c81-7c66bf5b5fb7,,Medical Supply Items,Tissue Paper for Lense Cleaning,CONCEPT-SET,
f1b0664d-fb6d-4102-a7c3-0cbb78d80267,,Medical Supply Items,Socket Outlet,CONCEPT-SET,
699fa749-ada5-445a-a7fb-c8f3c47f0239,,Medical Supply Items,"Abbott 2000/COBAS Absorbent Underpad, 60x40 Inches",CONCEPT-SET,
89df73e6-f70e-41ec-8c52-55fa25360bfa,,Medical Supply Items,Measuring Tape 1m,CONCEPT-SET,
56e845f4-b220-4a83-88f0-45aadbc18b72,,Medical Supply Items,Oropharyngeal Air Way,CONCEPT-SET,
01d9596a-8b78-45ac-9428-500061e6a3d9,,Medical Supply Items,Oxygen Nasal Catheter (Prongs) Pediatric,CONCEPT-SET,
e0c98e96-506e-47dd-a148-713649af4def,,Medical Supply Items,Lumbar Puncture Needle,CONCEPT-SET,
fb4e9271-63b9-4d48-ac80-22967d963eca,,Medical Supply Items,Adult Cardio Pulmonary Resuscitation Defibrillation Manikin,CONCEPT-SET,
938fb48e-d8ac-452d-8ce0-68e192a4a6be,,Medical Supply Items,Female Uretheral/Suprapubic Catheterization Trainer,CONCEPT-SET,
d8da9875-fbbf-4d0b-8159-fe30761fe674,,Medical Supply Items,Microbiology Bile Esculin Agar,CONCEPT-SET,
139cb32b-85b9-4913-bbb4-a32335160b4f,,Medical Supply Items,Membrane Filtration Unit,CONCEPT-SET,
ce64540c-4a69-4580-9ccf-ed5015ed9127,,Medical Supply Items,Umblical Cord Tie 6mm x 24.5m,CONCEPT-SET,
25c6fb68-0e2c-41cf-a046-58ff0c594c91,,Medical Supply Items,Disposable Pressure measure,CONCEPT-SET,
6c216e38-9f4b-476d-a6cb-9c58feb51860,,Medical Supply Items,"Booklet Exercise and Manual,CBNC Amharic Exercise and Manual,CBNC Amharic",CONCEPT-SET,
496ab5ac-3390-4641-99d3-0a9c479a8e82,,Medical Supply Items,Sterican single use dental needle G25,CONCEPT-SET,
0ee44778-9702-427f-9615-c73d4fb5b5f9,,Medical Supply Items,Sterican dental hypodermic needle G27,CONCEPT-SET,
b4be47f0-36ad-49b7-9ded-96aca9d28f20,,Medical Supply Items,"Goggle Safety HO;Yga Laser,27750095",CONCEPT-SET,
171e9662-67c8-43e0-a38e-eaffb9841f8c,,Medical Supply Items,Insertion Accessories Kit for Implanol 25 Insertion/removal Procedure kit for 25 implanons,CONCEPT-SET,
00ca8ba2-9294-4562-8c24-c8d6b7f55d90,,Medical Supply Items,Autoclave Indicator Tape 1.9cm x 50m,CONCEPT-SET,
cbdd11d1-3fd1-4a92-8935-e905bb717b58,,Medical Supply Items,Pipette Class A 5ml,CONCEPT-SET,
d36e3070-bb64-4297-99ba-44a49930ce66,,Medical Supply Items,Pipette Class A 10ml,CONCEPT-SET,
1d77cd34-d31c-479b-9d82-118906840594,,Medical Supply Items,IV Training Arm Infant,CONCEPT-SET,
55406038-4e7a-465a-9ebd-a773e0ba39bb,,Medical Supply Items,PIMA CD4 Cartridge,CONCEPT-SET,
e1efc7ca-a7d6-48c4-a341-0f7a0649d756,,Medical Supply Items,Blood Lancet,CONCEPT-SET,
d02f6755-c1ba-4827-9560-92ab81a8bf82,,Medical Supply Items,Clinical Chemistry Lactate Dehydrogenase (LDH),CONCEPT-SET,
0f6dfd09-9b60-4faa-ae2a-161d2ef15df3,,Medical Supply Items,"FACSCalibur Falcon Tubel, 5ml",CONCEPT-SET,
d66c1f5a-5a82-4aef-8377-9bd9fd97a968,,Medical Supply Items,Catheter Umblical,CONCEPT-SET,
2d33ef6b-654d-435a-b1cf-70e025b15fb2,,Medical Supply Items,Paster Pipette Sterile 3.5 ml Capacity,CONCEPT-SET,
8e95a2e7-59aa-48cb-8b78-cc97e8aa40d1,,Medical Supply Items,"Abbott 2000/COBAS Absorbent Underpad, 17x24 Inches",CONCEPT-SET,
e5f5c47b-7411-4133-b214-77384444fabc,,Medical Supply Items,"Abbott 2000/COBAS Shoe Cover, Disposable",CONCEPT-SET,
b7e2449c-11a0-4de5-b69f-4df820897c19,,Medical Supply Items,"Abbott 2000/COBAS Aerosol Resistant Pipette Tips, 1000ul",CONCEPT-SET,
62255ba8-e994-4396-9f84-8c9fd9c90f4a,,Medical Supply Items,"Abbott 2000/COBAS Aerosol Resistant Pipette Tips, 200ul",CONCEPT-SET,
a07804ac-c2cc-4e8c-a24e-c1cc40cbeead,,Medical Supply Items,"Abbott 2000/COBAS Falcon Tube, 50ml",CONCEPT-SET,
55d3ce88-dffb-498e-8969-d5998a0f6242,,Medical Supply Items,Vacutainer Needle Multiple Blood Sampling,CONCEPT-SET,
0d3346ef-7b88-48a1-9280-c45cd466ac39,,Medical Supply Items,"Test Tube, Polypropylene",CONCEPT-SET,
42a26776-cde8-468f-9466-92e7a6d157af,,Medical Supply Items,"Microtainer Tube, k2EDTA 250 500 ul",CONCEPT-SET,
50a76a26-a4a6-450e-9519-2ee368df36b4,,Medical Supply Items,FACSCount Thermal Paper,CONCEPT-SET,
003bc29f-accd-4a99-937a-975a446fc56e,,Medical Supply Items,Dental Needle 27G,CONCEPT-SET,
c70594b2-48f4-45e3-a45d-e6aeec4717ec,,Medical Supply Items,Bandage Elastic 8cm x 4m,CONCEPT-SET,
2df289fa-7676-4099-a3dd-df88300057fa,,Medical Supply Items,Talc Dusting Powder,CONCEPT-SET,
1ae64f64-3611-4d16-811a-3388394f29a5,,Medical Supply Items,Cotton Elastic Bandage 8cm x 5m,CONCEPT-SET,
03302ea9-b069-424d-bb98-b2053183fd07,,Medical Supply Items,Sharps Container 5L,CONCEPT-SET,
a4708d8a-5d31-45d8-86f7-ce9314c02f63,,Medical Supply Items,Vacutatiner Needle Holder,CONCEPT-SET,
6affcab7-99d0-4427-b330-1f4184facb4a,,Medical Supply Items,"Abbott 2000/COBAS Pipette Transfer Sterile, 5.8ml",CONCEPT-SET,
12d28273-445a-4e09-b46d-fafcafe72771,,Medical Supply Items,Plaster Of Paris (P.O.P) 7cm x 3m,CONCEPT-SET,
ed2ac231-2e8d-48f9-9db3-790a176a3b39,,Medical Supply Items,Adhesive Plaster Zinc Oxide 7.5cm x 10m,CONCEPT-SET,
bc50e3c6-9937-49f1-bcca-c587cab0aa0b,,Medical Supply Items,Adhesive Plaster Zinc oxide (19x72mm + 25x72mm) (12 + 8) pices,CONCEPT-SET,
0a566050-c8f2-4d89-89cb-7e3ed3a0e4da,,Medical Supply Items,Gauze Absorbent Cotton 8cm x 4m,CONCEPT-SET,
89a5e6f9-7e21-49a7-acd9-4053d7a10748,,Medical Supply Items,Adhesive Plaster Zinc Oxide 12.5cm x 10cm,CONCEPT-SET,
4d12be97-faed-4edf-aadd-d2b2d22a5ed0,,Medical Supply Items,Polyglycolic acid absorbable braided violet,CONCEPT-SET,
303ff8b7-6b08-4a3a-829e-0d63bef34af4,,Medical Supply Items,Adhesive Plaster Zinc Oxide 12.5cm x 10m,CONCEPT-SET,
847bdc98-61c3-4e33-b68d-32c2320d51c3,,Medical Supply Items,Gauze Bandage 18.5cm x 5m,CONCEPT-SET,
93d5cc6a-6b15-4474-b393-61b4a0b6a143,,Medical Supply Items,Bandage Elastic 7.5cm x 5m,CONCEPT-SET,
21b699b7-b14a-4fe5-823b-98e615dd0930,,Medical Supply Items,Gauze Bandage 18cm x 5m,CONCEPT-SET,
9304b2c6-fc4a-44d8-82c5-502d8de79059,,Medical Supply Items,Label Tape Self Adhesive Yellow,CONCEPT-SET,
e0ea0f2f-c64a-43a5-a5ea-c6e4728c578b,,Medical Supply Items,Label Tape Self Adhesive Red,CONCEPT-SET,
5d79466a-c365-4e0b-bc4b-01f9f6233543,,Medical Supply Items,Label Tape Self Adhesive blue,CONCEPT-SET,
095c5e61-5eae-46dc-a571-3416a24f3fe4,,Medical Supply Items,Bandage Elastic 8cm x 5m,CONCEPT-SET,
3e411641-c292-43e3-b34c-2459fb14ba2c,,Medical Supply Items,"Bandage Elastic 3""x6YD",CONCEPT-SET,
379921b6-0675-450b-8e86-7e91f13ea7d6,,Medical Supply Items,"Applicator Cotton Tipped, Non Sterile Non Steril 6''",CONCEPT-SET,
dce21afc-4ff6-4079-b356-8c3e4abb4d60,,Medical Supply Items,Bandage Elastic 3X5yd,CONCEPT-SET,
38df66a0-2a89-46bb-963e-fabbf70171ee,,Medical Supply Items,Abbott VL/EID m2000 Optical Adhesive Cover,CONCEPT-SET,
ab453713-a726-4550-86bc-dc99b27049bf,,Medical Supply Items,Gauze Surgical 90cm x 90m,CONCEPT-SET,
5f82a9a7-07d7-414a-85b5-0bc1c08cc68a,,Medical Supply Items,Adhesive Tape 5cm x 9m,CONCEPT-SET,
488cd315-ceb9-4741-a1db-8476d659510c,,Medical Supply Items,Gauze Bandage 12.5cm x 5m,CONCEPT-SET,
891be70a-e4b3-477c-b501-b878148cc1c8,,Medical Supply Items,Gauze Bandage 12.5cmx5cm,CONCEPT-SET,
26fe1917-b291-440a-8599-faf55771ed0b,,Medical Supply Items,Bandage Elastic 4cm x 8m,CONCEPT-SET,
c22921ec-4a96-4087-b822-f3fbac992f0f,,Medical Supply Items,Pad Absorbent under layer blue polyethylene film with white non woven,CONCEPT-SET,
f16ef2f9-2a50-4a2d-b10b-64a1b4a00435,,Medical Supply Items,plastic Bag (Laundary) 25x35inch,CONCEPT-SET,
ea790fe7-c14b-465a-8044-ccd88ebc6e5d,,Medical Supply Items,Plastic Tote Boxe,CONCEPT-SET,
5f00068a-7adf-4975-8294-0bceccd09e4e,,Medical Supply Items,"Abbott 2000/COBAS Absorbent Underpad, 20x36 Inches",CONCEPT-SET,
494c9208-1adf-4502-b5b5-27f36c9c0d6d,,Medical Supply Items,"Blood Collecting Bag Triple CPDAI Anticoagulant, 450ml",CONCEPT-SET,
42c03b1f-c658-470b-bd5c-ee08579402b4,,Medical Supply Items,Goggle Safety,CONCEPT-SET,
6dc3a2c4-9d26-4510-b41b-ca2ee0eb1a0c,,Medical Supply Items,Pipet Transfer,CONCEPT-SET,
b8e1755e-475d-4b3e-bc6e-cc22002b94c1,,Medical Supply Items,"BD Facs Count Multi Check CD4,High,Control",CONCEPT-SET,
ab3ed541-b333-4f75-ab1c-574a4324442b,,Medical Supply Items,"Abbott 2000/COBAS Aerosol Resistant Pipette Tips, 200ul 200ul",CONCEPT-SET,
1106a49e-3887-4c38-893e-6c0f7f7d1398,,Medical Supply Items,"Abbott 2000/COBAS Aerosol Resistant Pipette Tips, 1000ul 1000ul",CONCEPT-SET,
3a4f61d4-0592-4db9-b1f9-bb9a998fd1c9,,Medical Supply Items,Dropping Bottle with Ground Glass Stopper 50ml,CONCEPT-SET,
29d8cdb3-4059-4293-9fd7-d7b1cf28e678,,Medical Supply Items,Vacutainer Tube Without Needle 10ml,CONCEPT-SET,
01317e13-7d0c-4199-9b80-2b3636c24f40,,Medical Supply Items,Microscope Slide,CONCEPT-SET,
78d786ac-3a9f-4c56-a476-b1a6f3251111,,Medical Supply Items,"Boots Rubber, Bleach Resistant 38 Size",CONCEPT-SET,
efebc79e-6ec1-41d2-a5b6-55459a0046cb,,Medical Supply Items,"Boots Rubber, Bleach Resistant 39 Size",CONCEPT-SET,
aff53900-5cf0-4bc6-b865-c524bd4b62ac,,Medical Supply Items,"Boots Rubber, Bleach Resistant 40 Size",CONCEPT-SET,
86d73a90-1fc0-4e0b-a82d-e21d679de6f1,,Medical Supply Items,"Boots Rubber, Bleach Resistant 41 Size",CONCEPT-SET,
8ee7026e-5231-4809-8b97-1d8282c1a324,,Medical Supply Items,"Boots Rubber, Bleach Resistant 42 Size",CONCEPT-SET,
8d69343a-5f6f-4229-9d11-698fa8754abf,,Medical Supply Items,Xpert MTB/RIF,CONCEPT-SET,
00d49292-91b4-49b6-84ff-4fa47fea7640,,Medical Supply Items,"""Glass Graduated Pipette "" 2ml,0.02ml",CONCEPT-SET,
7a355fcf-28af-4003-8f1f-937ca065d942,,Medical Supply Items,"""Glass Graduated Pipette "" 5ml,0.05ml",CONCEPT-SET,
90afd816-a1b5-4ae3-93de-1d1057e4dbd7,,Medical Supply Items,"""Glass Graduated Pipette "" 10ml,0.1ml",CONCEPT-SET,
c67e7bac-41e5-4edc-a678-c0730f46c8d7,,Medical Supply Items,"Blue Tips, Micropippette, 1000µl",CONCEPT-SET,
86ca29fe-7fb9-4541-8939-8822e3efd791,,Medical Supply Items,White Blood Cell (WBC) Thoma Pipette,CONCEPT-SET,
fcd819e8-f573-4f65-9a3c-4f96f84e760c,,Medical Supply Items,Sysmex Kx21N Thermal paper,CONCEPT-SET,
28864384-1984-4a4c-b1ce-c3ed68a5b6cc,,Medical Supply Items,Bottle plastic Baby 150ml,CONCEPT-SET,
740c1ec8-f9a0-481e-af44-ba0df11c55c5,,Medical Supply Items,Paster Pipette Non Sterile 7.5 ml Capacity,CONCEPT-SET,
76ee4864-a01c-4d98-aa6e-5f3ad3db1ea6,,Medical Supply Items,"Abbott 2000/COBAS Absorbent Underpad, 16x24 Inches",CONCEPT-SET,
8d9b29f7-42cd-490d-9320-d57211ac3d0d,,Medical Supply Items,Catheter Suction Silconized with Funnel 22CH,CONCEPT-SET,
a82f0963-5877-4eab-abc9-5f72a36b3307,,Medical Supply Items,Tissue Paper for Lense Cleaning 10cm x 15cm,CONCEPT-SET,
ec5b6d39-f04b-42e9-b5c8-1c2ede2de74e,,Medical Supply Items,"Blood Collecting Tube Plasma Preparation Tube, K2 EDTA+Polymergel, 5ml",CONCEPT-SET,
51690c7c-1897-4adf-be41-2a5dbb4ad3d1,,Medical Supply Items,Glove Examination Powder Free Nitrile Non Sterile Medium,CONCEPT-SET,
01e3f287-b8fa-4c12-b052-1fd32e97f2b9,,Medical Supply Items,Microscope Slide Frosted,CONCEPT-SET,
41a3ec2e-613e-44cc-b422-3e0572e230ad,,Medical Supply Items,"Lab Coat, Blue, Large, Disposable",CONCEPT-SET,
eb5c4437-e0f5-4265-9249-17028c9290f8,,Medical Supply Items,"Lab Coat, White, Medium, Disposable",CONCEPT-SET,
94899b8e-aa4f-49c0-8bc8-ad19869fc1e8,,Medical Supply Items,Abbott 2000/COBAS Lint Free Cloth,CONCEPT-SET,
34137ec5-a199-49ed-8f4e-c7853a044f3a,,Medical Supply Items,"Chemical Mask, Disposable, Adult size disposable Adult size",CONCEPT-SET,
dcdbee8b-de60-4a9b-baa6-943bb3f8dacb,,Medical Supply Items,Vacutainer Blood Collection Tube with vacuum red top,CONCEPT-SET,
10f3d911-e826-4ee6-8774-49f7641c1dfe,,Medical Supply Items,Vacutainer serum separator tube with yellow top,CONCEPT-SET,
003b7315-6c35-41e2-b1dc-facf6ef7db5e,,Medical Supply Items,Spirit lamp glass type with wick for alcohol,CONCEPT-SET,
06cca5ec-efb2-47af-9892-4ebb059eb5b1,,Medical Supply Items,"Sputum Cup, Plastic with Screw Cap",CONCEPT-SET,
1ce06487-f692-48ee-8004-aa2b7c95d048,,Medical Supply Items,Endotracheal Tube Steriel Cuffed 3CH,CONCEPT-SET,
d2e90f6b-d485-4b48-aed0-78e486db68f4,,Medical Supply Items,"Pump Breast, Manual 30ml",CONCEPT-SET,
06357cc0-0e94-4b73-8dba-d89f56bb81dc,,Medical Supply Items,Serology Filariasis Test Strip,CONCEPT-SET,
ba86c901-d322-4ebb-98ba-dbb0f590a9ad,,Medical Supply Items,"Test tube glass, heat and chemical resistant",CONCEPT-SET,
f0bb2136-4bf8-495b-b0ea-57dea063a5ee,,Medical Supply Items,"Abbott 2000/COBAS Pipette Transfer Sterile, 3ml",CONCEPT-SET,
8d44a5d2-4d5b-46c7-a1db-8c40258827a9,,Medical Supply Items,"Capillary Tube, Ethylene Diamine Tetra Acetic Acid (EDTA), 75mm Length, 1.1 1.2mm Internal Diameter, 1.5 1.6mm Outside Diameter",CONCEPT-SET,
cd6a9826-dd75-46ed-a68b-e66a2fc98ad3,,Medical Supply Items,"Blood Collecting Tube Serum Separator, 5ml With Clot Activator Gel 5ml",CONCEPT-SET,
f8e7f5e9-216e-41cc-b731-23ab411ad1f3,,Medical Supply Items,"Blood Collecting Tube PL K2 EDTA, 4ml",CONCEPT-SET,
e2293af8-7e73-4d1c-a1d4-2517bded258c,,Medical Supply Items,"Blood Collecting Tube Serum Separator, 10ml",CONCEPT-SET,
2a9ccc84-39b8-44b0-b2e5-d01221a6b56e,,Medical Supply Items,"Blood Collecting Tube Serum Separator, 5ml",CONCEPT-SET,
8472f4ce-36fc-4e31-9a7f-e1e621a089af,,Medical Supply Items,"Vacutainer Needle Multiple Blood Sampling, 21G",CONCEPT-SET,
e07efe49-940a-478b-bf13-628f57c69ad6,,Medical Supply Items,"Cover Slide, 22mm X 22mm, 0.13 Depth",CONCEPT-SET,
8c00b189-0fe9-44c4-aade-addb1a6a6787,,Medical Supply Items,X ray Film Developer to Make 10 Liters,CONCEPT-SET,
6f4286a3-0507-4a25-be9d-0d34e4f4e97e,,Medical Supply Items,Condom Male Latex 180mm x 53mm,CONCEPT-SET,
dcb4e58f-e553-443d-8a39-b93ab746b52d,,Medical Supply Items,Oxygen Nasal Catheter (Prongs) Adult,CONCEPT-SET,
d50f1674-0310-49a5-8ae9-96212742da6a,,Medical Supply Items,"Sputum Cup, Plastic, Screw Cap, 50ml",CONCEPT-SET,
046cbf38-9de2-4805-b80b-06012a5e2b3c,,Medical Supply Items,Hypodermic Needle 12G,CONCEPT-SET,
5d40a567-f097-4b2a-8cc1-f955eda16f8f,,Medical Supply Items,Hypodermic Needle 30G,CONCEPT-SET,
0b8e658b-316c-4cac-a5b3-fbc2a2ae14a9,,Medical Supply Items,Face Mask Standard Adult Size,CONCEPT-SET,
b3e5e78f-d624-42ee-811f-4a0f093349be,,Medical Supply Items,Goggle Safety clean lens perfoared fram to provide excellent ventilation and reduced fogging,CONCEPT-SET,
c49aad17-34b0-4c52-9a52-2b471a3318d7,,Medical Supply Items,Printer Paper,CONCEPT-SET,
62de4b6c-9d78-4565-a4ca-c474b58ee4af,,Medical Supply Items,Oxygen Nasal Catheter (Prongs) Child,CONCEPT-SET,
4f43bc99-86c2-4e71-ae5a-a3b0a7fb99d6,,Medical Supply Items,Stove Single Burner Kerosene Heated Silent Type 1.5L,CONCEPT-SET,
7c51fb0e-10c6-4625-bf9d-61f98bdcabf2,,Medical Supply Items,Incinerator Plastic Bin 22L,CONCEPT-SET,
b2b400c1-b61c-4694-925a-22a652cad0b9,,Medical Supply Items,Hypodermic Needle 16G,CONCEPT-SET,
d54fb036-b17d-4f8b-aac7-0625396bbca4,,Medical Supply Items,Bednet Mosquito Replant 160x180x150,CONCEPT-SET,
fecd6616-f74c-4e8d-932b-047cd2f2d167,,Medical Supply Items,"Yellow Tips, Micropippette, 100µl",CONCEPT-SET,
85263b0e-bcae-4c9f-988f-b59adcc764a0,,Medical Supply Items,Hypodermic Needle 23G,CONCEPT-SET,
52d10fb6-9a76-4854-a81b-73b6d8015df1,,Medical Supply Items,Hypodermic Needle 20G,CONCEPT-SET,
7399a10b-77c8-4b81-a289-edd2cd4d2661,,Medical Supply Items,"Catheter Nasal Oxygen, Adult",CONCEPT-SET,
89eda12f-06dc-4452-86bb-fe3593f60810,,Medical Supply Items,"Catheter Nasal Oxygen, Paediatric",CONCEPT-SET,
cef73605-3db3-445f-8f9b-6662b7d6433b,,Medical Supply Items,Sharp Container 5L,CONCEPT-SET,
c2239252-9730-4b94-98c8-b589f06f1a3b,,Medical Supply Items,Sharp Container 8L,CONCEPT-SET,
8c120694-bd47-447d-b178-d43929d691fb,,Medical Supply Items,Naso Gastric Tube Sterile 15CH,CONCEPT-SET,
fe0bc2a8-ec81-4fc2-a849-509da808e98c,,Medical Supply Items,Tongue Depressor (Spatula) wooden,CONCEPT-SET,
93065385-0399-423c-a62c-40907b4aa589,,Medical Supply Items,Naso Gastric Tube Sterile 4CH,CONCEPT-SET,
b5dbcf2f-33bd-4452-9a78-dbd6f0d41d1a,,Medical Supply Items,"Bulb Syringe, Baby",CONCEPT-SET,
1ababe2b-36a5-4169-b78e-00a4d1cc640b,,Medical Supply Items,Implanol Insertion Accessories Kit for 20 Insertion/removal Procedure kit for 20 implanons,CONCEPT-SET,
7a1386bf-05f7-4d27-8066-94c090ec5b3c,,Medical Supply Items,"Abbott 2000/COBAS Absorbent Underpad, 20x24 Inches",CONCEPT-SET,
0c29bcf7-e6eb-4b6a-8889-5ff450401204,,Medical Supply Items,Aluminum Foil (Diamond),CONCEPT-SET,
10201ce9-0faf-4d0b-87c7-91f6e9d42e97,,Medical Supply Items,Catheter Suction transparent with funnel silconized infant size (Sterile) for single use,CONCEPT-SET,
1891b3e8-eb9f-450a-b149-2b7b4c20a6ef,,Medical Supply Items,Catheter Suction transparent with funnel silconized adult size(Sterile) for single use,CONCEPT-SET,
4273589a-af3a-4c38-a24b-9cd97b1b9804,,Medical Supply Items,Autoclave Indicator Tape 1.9cm x 55cm,CONCEPT-SET,
32c7bb59-96c1-4106-918d-994ded4d67d8,,Medical Supply Items,"Blood Lancet, Disposable, Sterile",CONCEPT-SET,
3a179929-eab5-451d-9ccf-e8656196991e,,Medical Supply Items,Umblical Cord Tie 3mm x 50m,CONCEPT-SET,
88f87a24-13d1-4577-8525-234bc9f68551,,Medical Supply Items,Microscope Slide holder for 100 slides,CONCEPT-SET,
ed1db058-2252-419c-b6e1-54d170f3e52b,,Medical Supply Items,Microscope Slide holder for 32 slides,CONCEPT-SET,
11c4d9de-5529-4065-a674-6ec43862e51c,,Medical Supply Items,Naso Gastric Tube Sterile 10CH,CONCEPT-SET,
7d56c32c-854b-4a8e-ba4f-6aa4bbef62ff,,Medical Supply Items,Endotracheal Tube Steriel Cuffed 5.5CH,CONCEPT-SET,
24c6059c-3104-4a80-baa8-670f908f4a4f,,Medical Supply Items,Endotracheal Tube Steriel Cuffed 7CH,CONCEPT-SET,
37e88f9b-e442-41b5-8b45-2db604afa404,,Medical Supply Items,Endotracheal Tube Steriel Cuffed 7.5CH,CONCEPT-SET,
d2e419ae-560c-433f-9cac-1973815b3420,,Medical Supply Items,Endotracheal Tube Sterile Cuffed 8.5CH,CONCEPT-SET,
91d90ba6-14c1-4374-8454-6f6acb6338ad,,Medical Supply Items,Mid Upper Arm Circumference(MUAC) measuring tape Children,CONCEPT-SET,
74eb630b-5216-4ddf-819d-3dce29ed61a7,,Medical Supply Items,Glove Examination Powder Free Nitrile Non Sterile Small,CONCEPT-SET,
ade7a6ff-8e14-4319-b554-56074f25d680,,Medical Supply Items,Mersilk Braided Black Gauge 1.5 (4/0) 75cm on 19mm 1/2 Circle Reverse Cutting Needle,CONCEPT-SET,
ae3a18a1-4b0a-4418-8b58-d36ecff0ce33,,Medical Supply Items,Mersilk Braided Black Gauge 3.5 (0) 75cm on 27mm 1/2 Circle Reverse Cutting Needle,CONCEPT-SET,
d8623f25-4a03-4d2a-9fba-f9a1540c58bf,,Medical Supply Items,"Colostomy Bag, Adhesive, Regulator Closed 30mm Opening",CONCEPT-SET,
4eaf1769-6921-4499-90c8-384994dad5db,,Medical Supply Items,"Blood Collecting Bag Single CPDA Anticoagulant, 450ml",CONCEPT-SET,
f223a254-8fd3-43b4-9942-1c80fa97ce42,,Medical Supply Items,Blood Collecting Bag CPDA1 Anticoagulant Single 450ml,CONCEPT-SET,
f35267a5-ca83-470a-885a-6f6d8ed417c1,,Medical Supply Items,"Blood Collecting Bag, Single CPDA Anticoagulant 350ml",CONCEPT-SET,
897d6a50-f4c2-46a6-af12-ad378e4fa0c4,,Medical Supply Items,Microscope Slide Box,CONCEPT-SET,
b4871595-7240-4b3b-b3ef-c8b183cfee2f,,Medical Supply Items,Catheter Suction Silconized with Funnel 6CH,CONCEPT-SET,
9d83dcdb-8d2c-437c-a2e2-126592f04ae3,,Medical Supply Items,Polyamide Monofilament Gauge 0.2 (10/0) 30cm on 5mm Circle Spatula Double Armed Needle,CONCEPT-SET,
4e5ee3d3-c137-4804-8837-f3c2d7ad71de,,Medical Supply Items,Polyglycolic acid absorbable braided violet Gauge 0.5(7/0) 45cm on 13mm 1/2 Circle Round Bodied taper needle,CONCEPT-SET,
f6a53bce-7751-4350-bc0c-94a30d03ce28,,Medical Supply Items,Blood Collection Set Infussion 3/4x23G,CONCEPT-SET,
debc0fa3-d30b-4cbd-9467-f30149eab3a2,,Medical Supply Items,Glove Examination Powder Free Nitrile Non Sterile Large,CONCEPT-SET,
42681cef-d016-42d5-9db6-8359706d3d09,,Medical Supply Items,Naso Gastric Tube Sterile 12CH,CONCEPT-SET,
ef80843e-0001-453f-8f61-d560f4d4900d,,Medical Supply Items,Naso Gastric Tube Sterile 14CH,CONCEPT-SET,
20219179-834d-4e77-8782-a98b2ae113b8,,Medical Supply Items,Naso Gastric Tube Sterile 16CH,CONCEPT-SET,
666da557-2dbd-414e-8feb-5e7ccd24f8c8,,Medical Supply Items,Naso Gastric Tube Sterile 18CH,CONCEPT-SET,
17eb8695-a235-43ef-a50c-2647c77305ec,,Medical Supply Items,Naso Gastric Tube Sterile 6CH,CONCEPT-SET,
1ef83602-0a00-4adf-bb56-0b886d9814c3,,Medical Supply Items,Naso Gastric Tube Sterile 8CH,CONCEPT-SET,
439b210a-168a-4b30-864d-e4e1c7f1fbc2,,Medical Supply Items,Surgical Scalpel Blade No.11,CONCEPT-SET,
f74fe970-c965-4aa6-af0a-5ca744ab4c95,,Medical Supply Items,Surgical Scalpel Blade No.12,CONCEPT-SET,
cd073ad8-2643-405d-8974-2f182eb20d1c,,Medical Supply Items,Surgical Scalpel Blade No.15,CONCEPT-SET,
294bc00e-51ee-495a-9fbf-6aaecaa76508,,Medical Supply Items,Surgical Scalpel Blade No.23,CONCEPT-SET,
bf1df906-0e5e-474c-83d3-bc8425846237,,Medical Supply Items,"Paster Pipette Sterile 5.8 ml Capacity, Non graduated",CONCEPT-SET,
bfdfcfb4-a3f1-4ead-b742-a4246a2ff7d9,,Medical Supply Items,Microbiology Oxacillin 1µg Disc,CONCEPT-SET,
70266548-b6e7-40ea-9465-bf2c646869f7,,Medical Supply Items,Sputum Cup 60ml,CONCEPT-SET,
7b2e29d5-f937-42af-beb9-7b19a0123fa3,,Medical Supply Items,Spatula,CONCEPT-SET,
fd1d6079-1bab-4a26-b165-975beec248e4,,Medical Supply Items,Pipette 5ml,CONCEPT-SET,
92ce76e7-b427-4c20-8763-916dff4f8ebd,,Medical Supply Items,Pipette 15ml,CONCEPT-SET,
643ac5c2-7b4f-4d00-875a-321d418b4b11,,Medical Supply Items,Pipette 25ml,CONCEPT-SET,
65b62cb2-8b80-4cb5-8096-56b46885d796,,Medical Supply Items,Pipette 50ml,CONCEPT-SET,
0389889e-2de5-4bd3-af4f-f146a41e6d36,,Medical Supply Items,Apron Plastic Reusable Autoclavable Medium White,CONCEPT-SET,
16ae88aa-fbf0-48e8-9660-948072bc3b11,,Medical Supply Items,Cryobox (Vial box) 9 x 9 Array 1.0/2.0ml,CONCEPT-SET,
50fe8e7a-96f2-4d7f-a589-e4a0cd55199d,,Medical Supply Items,Conical Centrifuge Tubes 15ml,CONCEPT-SET,
cfb26201-56e7-46ec-8c1b-eeafa2a53473,,Medical Supply Items,Wash Bottle Plastic 500ml,CONCEPT-SET,
32086102-5b80-4f97-ad98-5c3067fd4926,,Medical Supply Items,"Pipette Serological,Disposabel,streile,graduated,clear,polystyrene 25ml",CONCEPT-SET,
faf54dbd-7f48-4586-93dd-459603e49d4c,,Medical Supply Items,PIMA Finger Stick Sample Collection Kit,CONCEPT-SET,
9f553d05-805e-47e7-a860-11d48fb9ebef,,Medical Supply Items,Blood Collecting Bag CPDA1 Anticoagulant Single 350ml,CONCEPT-SET,
12fda954-a015-47e7-982a-00e08b5e4363,,Medical Supply Items,Blood Collecting Bag CPDA1 Anticoagulant Quadruple 450ml,CONCEPT-SET,
6a729dff-70b2-48c0-9d60-b08a3c82178e,,Medical Supply Items,Cryogenic Vial Screw Cap Round Bottom Self Standing 1.8ml,CONCEPT-SET,
8349957e-8aed-4b1f-bbf9-e116de7d908b,,Medical Supply Items,Microscope Cover Glass 18mm x 18mm,CONCEPT-SET,
0b7c0423-a4b9-42f0-9413-83a6b4cd7d16,,Medical Supply Items,Microscope Cover Glass 20mm x 20mm,CONCEPT-SET,
aa7a3320-4760-4c4e-bddc-9a2db1327f72,,Medical Supply Items,Microscope Cover Glass 22mm x 22mm,CONCEPT-SET,
22d40a8f-0abf-49a8-a608-15b64e75f3b1,,Medical Supply Items,"Paster Pipette Sterile 3.5 ml Capacity, Graduated",CONCEPT-SET,
ba4fcffa-9d7e-404c-a4ec-31af18096271,,Medical Supply Items,Biohazard Bag Autoclaveable 8.5'' x11'',CONCEPT-SET,
9d599e64-0075-478f-ac2e-eec841695b83,,Medical Supply Items,Micro Pipette Tips,CONCEPT-SET,
5bd55f3e-c61e-40c8-88dc-4e81365de0c1,,Medical Supply Items,Pipette Tips Blue 1000ul,CONCEPT-SET,
afc9eabe-3804-4982-91c2-87f4c5fd59b0,,Medical Supply Items,Jug HDPE 3.8Liters,CONCEPT-SET,
655891cb-5425-4abe-80a9-44b8ae9995c3,,Medical Supply Items,"Sputum Cup, Plastic, Screw Cap, 60ml",CONCEPT-SET,
c887065a-e301-4cbf-ad6f-a92d3a9b305d,,Medical Supply Items,"Sputum Cup, Stainless Steel, 100ml",CONCEPT-SET,
01eb1ea2-e51d-4f46-a6b1-cbce09d0c230,,Medical Supply Items,Vacuum Jar,CONCEPT-SET,
7497c057-d248-4e1e-89f7-7c3eae66d5f2,,Medical Supply Items,Stove Kerosine 1L,CONCEPT-SET,
6d9d1382-cc48-47fc-b570-1a51870871d0,,Medical Supply Items,Biohazard Bags Disposable 37 X 48cm,CONCEPT-SET,
d8f3528e-95c9-44ad-869c-4495fd73fbb6,,Medical Supply Items,Micro Pipette Tips 200microliter Yellow,CONCEPT-SET,
450ff72f-67d8-4a3e-a2f8-011613348dd7,,Medical Supply Items,Cryobox (Vial box) 10x10 Array 1.0/1.5ml,CONCEPT-SET,
192e3239-f2ff-43bb-9226-ea2b7898f660,,Medical Supply Items,Pipet Transfer 5.8ml,CONCEPT-SET,
04ba2971-0e75-41a3-ace4-2fc854ce2f86,,Medical Supply Items,Cryobox (Vial box) 9 x 9 Array 1.0/1.5ml,CONCEPT-SET,
6d78d753-6e68-4602-98d3-f98b82ddaad4,,Medical Supply Items,Sample Cups 0.8ml,CONCEPT-SET,
52f504b0-915d-4c64-8292-0cc893432d5c,,Medical Supply Items,Battery for Genexpert UPS 3000 VA,CONCEPT-SET,
d3a2e0cb-af8a-4255-8548-3e6bedd2e316,,Medical Supply Items,BD Microtainer Tube,CONCEPT-SET,
405a3d75-1b1d-40cb-a007-e88f5cbb13db,,Medical Supply Items,"Specimen Container Stool, Disposable, Polypropylene with Cover",CONCEPT-SET,
c7ca94f0-5c01-4101-985d-42a3e5405bf8,,Medical Supply Items,Helmet (Hard Hat),CONCEPT-SET,
e3fc182f-0d5d-4bec-a023-746ed18d3d5f,,Medical Supply Items,"Chemical Mask, Double Filter, Adult size",CONCEPT-SET,
226a58eb-ec38-42b4-8bd5-d8d8d00d8e0c,,Medical Supply Items,Glaucoma Surgery,CONCEPT-SET,
157a50af-ff6e-49c9-adb2-2c8967352d45,,Medical Supply Items,Proximath Disposable Releadabel Linear Vascular stapler 30mm,CONCEPT-SET,
9c82f899-1c18-460a-8544-d913954b53b8,,Medical Supply Items,Mersilk Black Braided Black Gauge 3.0 (2/0) 75cm on 35mm 1/2 Circle Reverse Cutting Needle,CONCEPT-SET,
058cf510-20b8-4cb7-8995-318de2cd4499,,Medical Supply Items,Polyglycolic acid absorbable braided violet Gauge 0.4(8/0) 45cm on 8mm 1/2 Circle Round Rodied Taper Needle,CONCEPT-SET,
85363ed2-c58b-425e-8040-e245c9c0cb55,,Medical Supply Items,Polyamide Monofilament Gauge 0.3 (9/0) 64cm on 6mm 1/3 Circle Spatula Double Armed Rounded Needle,CONCEPT-SET,
9d4c9ea7-22cf-44b4-b682-0a3cce3767b5,,Medical Supply Items,Polyamide Monofilament Gauge 0.2 (10/0) 64cm on 6mm 1/3 Circle Spatula Double Armed Rounded Needle,CONCEPT-SET,
a5b41cb4-9259-4637-87b1-181fd1b394a7,,Medical Supply Items,Mersilk Black Braided Black Gauge 1.5 (4/0) 75cm on 22mm 3/8 Circle Reverse Cutting Needle,CONCEPT-SET,
e2d77dbe-bd00-41b4-a8b4-c138c4e9e8aa,,Medical Supply Items,Mersilk Black Braided Black Gauge 1.5 (4/0) 75cm on 20mm 1/2 Circle Round Bodied Needle,CONCEPT-SET,
250d9b9a-2c6c-430d-a6a3-b30a0eab74a7,,Medical Supply Items,Polyamide Monofilament Gauge 3.0(2/0 ) 90cm on 40mm 1/2 Circle Round Bodied Needle,CONCEPT-SET,
ebc7b87f-e1c2-4895-9733-747f02f8d30b,,Medical Supply Items,Polyglycolic acid absorbable braided violet Guage 5.0(2) 75cm on 48mm 1/2 Circle Round Bodied Needle,CONCEPT-SET,
507f54c3-d144-4a57-8efa-e59102573d58,,Medical Supply Items,Polyglycolic acid absorbable braided violet Guage 4.0(1) 75cm on 40mm 1/2 Circle Cutting Taper Needle,CONCEPT-SET,
21f5ffab-5bb2-4ab0-9a76-994f6bf54d7d,,Medical Supply Items,Gauze Swab 10cm x 10cm,CONCEPT-SET,
3541a726-7d84-47d6-9150-c2bc6fa0558c,,Medical Supply Items,Mersilk Braided Black Gauge 4.0(1) 75cm on 38mm 1/2 Circle Round Bodied Needle,CONCEPT-SET,
81f0362b-51b5-4353-b8bb-013182469e59,,Medical Supply Items,Polyamide Monofilament Gauge 0.3(9/0) 38cm on 64mm Spatula Double Armed Round Bodied Needle,CONCEPT-SET,
bba8104e-8442-4896-9519-ca2bdc128552,,Medical Supply Items,"Mersilk Black Braided Black Gauge 1.5(4/0), 75cm on 17mm 3/8 Reverse Cutting Needle",CONCEPT-SET,
b4d55f64-adb6-4039-bcd3-6d22f943ea4e,,Medical Supply Items,Polyglycolic acid absorbable braided violet Gauge 5.0(2) 75 cm on 50mm1/2 circle Round Bodied Needle,CONCEPT-SET,
7c24c546-8f87-4bf6-bfb4-32c766073bc8,,Medical Supply Items,Polyglycolic acid absorbable braided violet Gauge 4.0(1) 45cm on 8mm 3/8 Round Bodied Needle,CONCEPT-SET,
8b81b53f-baec-4ed7-b7f0-d1d6a5624d93,,Medical Supply Items,"Polyglycolic acid absorbable braided violet Guage 2.0(3/0)75cm on 26mm, Reverse Cutting Tapper Needle",CONCEPT-SET,
c66b7d8b-9726-4567-994e-146e207a01c1,,Medical Supply Items,Polyglycolic acid absorbable braided violet Guage 4.0(1)75cm on 40mm 1/2 Circle Cutting Tapper Needle,CONCEPT-SET,
7055663c-2d8a-4649-b6a4-032c66c4dd23,,Medical Supply Items,Polyamide Monofilament Gauge 0.3(9/0)13cm on 64mm Spatula Double Armed Round Bodied Needle,CONCEPT-SET,
d448834e-2f08-45c7-a55c-55caa9edbd91,,Medical Supply Items,Polyglycolic acid absorbable braided violet Gauge 0.7(6/0) 30cm on 12mm 1/2 Circle Cutting aper Needle,CONCEPT-SET,
fa8f4744-fb0f-429c-b750-48cf0184a666,,Medical Supply Items,Mersilk Braided Black Gauge 3.0(2/0) 75cm on 26mm 1/2 Circle Reverse Cutting Needle,CONCEPT-SET,
f348d5f1-8710-4128-b3d9-61f021ac9efe,,Medical Supply Items,Ploypropylene Monofilament Braided Gauge 1.5(4/0) 90cm on 17mm 1/2 Circle Cutting Double Needle,CONCEPT-SET,
526a58dc-443b-4e91-bddb-bc46c67016d4,,Medical Supply Items,Ploypropylene Monofilament Braided Gauge 1.5(4/0) 90cm on 20mm 1/2 Circle round bodied double needle,CONCEPT-SET,
af3d8b9c-a159-4203-b74b-edf5dc6406e4,,Medical Supply Items,Ploypropylene Monofilament Braided Gauge 1.5(4/0) 90cm on 26cm 1/2 circle round bodied double needle,CONCEPT-SET,
416fca84-5c86-41f9-93af-4023c4437632,,Medical Supply Items,Poly Diaxone Monofilament Violet Gauge 5.0(2) 90cm on 40mm 1/2 Circle Round Bodied Taper Needle,CONCEPT-SET,
9855b1b9-6903-4e9f-b7a6-1d8b7052e87b,,Medical Supply Items,Mersilk Braided Black Gauge 3.0(2/0) 100cm on 45mm 1/2 Circle Reverse Cutting Needle,CONCEPT-SET,
92a42ae8-7588-452f-a0a0-a0ef40e8d534,,Medical Supply Items,Prevention Package (Tape Vrrier VF 42 Printed Barrier Bags 3*8 OD),CONCEPT-SET,
dd9f020e-1b50-4cb2-b2f7-87aa03f335bd,,Medical Supply Items,Sharp Container 22.5L,CONCEPT-SET,
c8662d35-4cb6-4592-8b24-da0c98ab920a,,Medical Supply Items,Mersilk Braided Black Gauge 3.0(2/0) 100cm on 24 mm 1/2 Circle Reverse Cutting Needle,CONCEPT-SET,
f5f7011f-d92f-4e45-b4fd-c5079f0e06d2,,Medical Supply Items,Meri Silk Black Gauge 3.0 (2/0) 75cm on 35mm 1/2 Circle Round Bodied Needle,CONCEPT-SET,
9e29b801-db84-42e2-965f-ce946f6ddd31,,Medical Supply Items,Biohazard Bag Autoclaveable 24x36 Inch,CONCEPT-SET,
749d1653-c96f-49ec-8aee-c89f28aad40b,,Medical Supply Items,Endotracheal Tube Steriel Cuffed 6CH,CONCEPT-SET,
be28167c-16a2-4358-ac06-5c42251e3da0,,Medical Supply Items,Catheter Ureteral 10CH,CONCEPT-SET,
54f92a26-f245-45c2-812a-c45b0e969d78,,Medical Supply Items,Catheter Ureteral 14CH,CONCEPT-SET,
c61d01a5-5f70-4bd7-ae28-997b05d31a5d,,Medical Supply Items,Catheter Ureteral 18CH,CONCEPT-SET,
7446cd4d-a02d-48af-b6c5-aba615293886,,Medical Supply Items,Catheter Ureteral 22CH,CONCEPT-SET,
bab546ce-968c-4174-badf-59bc0b6c2501,,Medical Supply Items,Catheter Ureteral 24CH,CONCEPT-SET,
39fd3223-01b1-45fa-af49-1d3c64fac250,,Medical Supply Items,Face Mask with Face Shield Size 3M,CONCEPT-SET,
2c7b6d69-841e-4927-9612-4373cd930e40,,Medical Supply Items,Face Mask Adult Standard Large Size 4M,CONCEPT-SET,
cffb879b-645a-4a1a-bdc1-5ddec2b631d4,,Medical Supply Items,Polyamide Monofilament Gauge 0.2 (10/0) 38cm on 6mm 1/3 Circle Spatula Double Armed Rounded Needle,CONCEPT-SET,
cdb4a0f6-fe76-4cd6-aaa7-a5041cfe8b0f,,Medical Supply Items,Polyamide Monofilament Gauge 0.2 (10/0) 38cm on 6mm 3/8 Circle Spatula Double Armed Rounded Needle,CONCEPT-SET,
6e6bb7d5-8197-451f-a2de-52cfd3fbb101,,Medical Supply Items,Mersilk Braided Black Gauge 2.0(3/0)75cm on 26mm 1/2 circle rounded bodied needle,CONCEPT-SET,
642e077d-a815-4d9f-b02b-6606e67d7d72,,Medical Supply Items,Naso Gastric Tube Sterile Adult 22CH,CONCEPT-SET,
7ea26106-322d-4212-b36c-879fe5286bb3,,Medical Supply Items,Polyamide Monofilament Gauge 0.3(9/0) 30cm on 6.5mm 3/8 Circle round Bodied Spatula Double Armed Needle,CONCEPT-SET,
c9f6223a-be4b-4a4a-8318-8d4717aa0736,,Medical Supply Items,Tracheostomy Tube with 90 degree curvature size 3.0,CONCEPT-SET,
3ab0ecc6-2b8c-4e8b-8032-be722e537215,,Medical Supply Items,Tracheostomy Tube Metallic with 90 degree curvature size 3.5,CONCEPT-SET,
0d567ba9-d370-4fd3-970c-d3a0e7e5a5b0,,Medical Supply Items,Polyglycolic acid absorbable braided violet Gauge 0.4(8/0) 45cm on 8mm 1/2 Circle Round Bodied Needle,CONCEPT-SET,
573a33a2-1748-44de-a4a9-5a3db81d1bbf,,Medical Supply Items,Tracheostomy Tube with 90 degree curvature size 4.5,CONCEPT-SET,
cdb4fbc9-9193-4020-8563-a7145fb14bab,,Medical Supply Items,Tracheostomy Tube Metallic with 90 degree curvature size 5.0,CONCEPT-SET,
dea20a95-6e62-440e-8fa4-8cb1ab1d6f66,,Medical Supply Items,Tracheostomy Tube with 90 degree curvature size 9.0,CONCEPT-SET,
83c53165-dfab-44a7-9097-6941f6890c52,,Medical Supply Items,Polyglycolic acid absorbable braided violet Gauge 0.4(8/0) 45cm on 8mm 1/2 Circle Reverse Cutting Needle,CONCEPT-SET,
4ec517de-f073-4b41-8afa-f6b1531476c8,,Medical Supply Items,Polyglycolic acid absorbable braided violet Gauge 3.0(2/0) 75cm on 27mm 1/2 Circle Round Bodied Needle,CONCEPT-SET,
b799c3db-40cd-45dc-9bea-924aaef3ddec,,Medical Supply Items,Polyglycolic acid absorbable braided violet Gauge 3.5(0) 75cm on 48mm 1/2 Circle Round Bodied Needle,CONCEPT-SET,
1c664abb-732e-4c73-bac3-adebfe18003d,,Medical Supply Items,Polyglycolic acid absorbable braided violet Gauge 3.5(0) 75 cm on 48 mm 1/2 Circle Reverse Cutting Needle,CONCEPT-SET,
9b3faa26-651d-48dd-9c45-f4f224c4c44d,,Medical Supply Items,Polyglycolic acid absorbable braided violet Gauge 4.0(1) 75 cm on 45 mm ½ Circle Round Bodied Needle,CONCEPT-SET,
344dee38-5ad1-455a-979e-61db1474ba34,,Medical Supply Items,Polyglycolic acid absorbable braided violet Gauge 5.0(1) 75cm on 40mm 1/2 Circle Round Bodied Needle,CONCEPT-SET,
87a805f9-0ac5-4be0-abca-b16bcd90b1cb,,Medical Supply Items,Cat Gut Chromic Gauge 3.0(2/0) 75cm on 27mm 1/2 Circle Reverse Cutting Needle,CONCEPT-SET,
4a6bf368-41c2-471c-a359-180ae77bce5a,,Medical Supply Items,Mersilk Braided Black Gauge 3.5(0) 75cm on 32 mm ½ Circle Round Bodied Needle,CONCEPT-SET,
ba3b56ea-8cf0-4e85-94dd-83e259aa2d07,,Medical Supply Items,Mersilk Braided Black Gauge 3.0(2/0) 75cm on 33mm 1/2 Circle Reverse Cutting Needle,CONCEPT-SET,
b42ef0f3-5758-4921-8813-2d2aaa506bdf,,Medical Supply Items,Mersilk Braided Black Gauge 5.0(2) 75cm on 38mm 1/2 Circle Round Body Needle,CONCEPT-SET,
70d2565f-941a-4f1c-aa90-ba2ff1599f51,,Medical Supply Items,Mersilk Braided Black Gauge 6.0(3) 75cm on 40mm on 1/2 Circle Reverse Cutting Needle,CONCEPT-SET,
488d39ad-6c67-4838-97ed-122b657cf612,,Medical Supply Items,Spinal Needle 10cm 26G,CONCEPT-SET,
5d5fc556-ea64-49c9-a629-342f2ced0398,,Medical Supply Items,Spinal Needle 6cm 22G,CONCEPT-SET,
ddbabf15-8a2c-4c21-8223-9e508d670d0f,,Medical Supply Items,Spinal Needle 6cm 23G,CONCEPT-SET,
9e1208bd-530f-40c7-8605-246c8e3693f5,,Medical Supply Items,Spinal Needle 6cm 24G,CONCEPT-SET,
8c8d513f-4292-4398-a478-f4b6eecc518b,,Medical Supply Items,Catheter Suction 18CH,CONCEPT-SET,
ef7238d7-01d2-488b-abae-ca3933c3cd7f,,Medical Supply Items,Catheter Suction 26CH,CONCEPT-SET,
cee1415d-298b-4579-bdce-913a0d79e110,,Medical Supply Items,Spinal Needle 8cm 22G,CONCEPT-SET,
8e5d8086-b749-4d1c-afd7-9b35f3731de7,,Medical Supply Items,Spinal Needle 8cm 23G,CONCEPT-SET,
28b5b305-dec8-4d66-b5af-dd60dcda19bf,,Medical Supply Items,Spinal Needle 8cm 24G,CONCEPT-SET,
2602943a-fa00-4fd2-b535-34a5b6b19475,,Medical Supply Items,Cerclage Wire 1.0 Diameter with 10m length,CONCEPT-SET,
08ca4ed3-c77b-4ce5-b668-4a6e8911ec41,,Medical Supply Items,Cerclage Wire 1.4 Diameter with 10m length,CONCEPT-SET,
ae8961c6-f845-4be1-8571-28133e93329f,,Medical Supply Items,Cerclage Wire 1.8 Diameter with 10m length,CONCEPT-SET,
857c4e05-f2ac-4bb8-9494-88eab0165540,,Medical Supply Items,K wire 0.8mm Diameter with 15cm length,CONCEPT-SET,
783b4d9a-dac7-4fbd-82a5-50bd6dda1483,,Medical Supply Items,K wire 1.2mm Diameter with 15cm length,CONCEPT-SET,
a142fdb5-700d-4ac5-b60d-f0c4974cbb92,,Medical Supply Items,K wire 1.6mm Diameter with 25cm length,CONCEPT-SET,
aa637df4-a11c-4336-80ca-2bc5032813f7,,Medical Supply Items,K wire 2.0mm Diameter with 25cm length,CONCEPT-SET,
ae09cab4-63c3-4de3-92c2-455b0dc73056,,Medical Supply Items,K wire 2.6mm Diameter with 50cm length,CONCEPT-SET,
a4f036cf-f0e5-4462-8faf-b7e4bd943a0b,,Medical Supply Items,Naso Gastric Tube Sterile Adult 24CH,CONCEPT-SET,
5ad4ab52-794b-4377-8318-5cd489961547,,Medical Supply Items,Naso Gastric Tube Sterile Adult 26CH,CONCEPT-SET,
267b6184-5d02-49cf-ab12-e3fa0a1249be,,Medical Supply Items,T Tube 16G,CONCEPT-SET,
10fe1991-5548-4b69-aafa-33aa3527c4bb,,Medical Supply Items,T Tube 14G,CONCEPT-SET,
2f1f6e54-3c2b-44bc-b5c3-8d9c0beea693,,Medical Supply Items,Dental Needle No 5,CONCEPT-SET,
da06f6e4-fbcc-4df5-a100-3efd6751745f,,Medical Supply Items,Dental Needle No 26,CONCEPT-SET,
d0770e8a-35e3-4408-a0d8-8ddac595acc0,,Medical Supply Items,Mersilk Braided Black Gauge 1.5(4/0) 75cm on 20mm 1/2 Circle Reverse Cutting Needle,CONCEPT-SET,
0e07f892-38bf-49aa-a724-b259d3a7daa5,,Medical Supply Items,Polyamide Monofilament Gauge 0.3(9/0) 30cm on 6.5mm 3/8 Circle round Bodied Spatula Single Armed Needle,CONCEPT-SET,
41d5745d-ee9f-4b6b-bf0d-b84fd62b393e,,Medical Supply Items,Polyglycolic acid absorbable braided violet Gauge 5.0(2) 75cm on 40mm ½ Circle Round Bodied Needle,CONCEPT-SET,
33fb3e73-cd96-487c-abe7-6926978c50da,,Medical Supply Items,Dental Wire No 5,CONCEPT-SET,
f5b0f16d-35a1-4706-8892-e5af8e43dbaf,,Medical Supply Items,Dental Wire No 26,CONCEPT-SET,
2cb58941-2b63-4bc7-b07f-ad912595f2d3,,Medical Supply Items,Infant Quikheel Safety Lancet 1.0mm x 2.5mm,CONCEPT-SET,
a48743ff-aba3-472f-a66f-221f2a09d345,,Medical Supply Items,Microtainer Tube K2EDTA,CONCEPT-SET,
8ab50036-47f2-44e3-a7df-09ec316ef429,,Medical Supply Items,"Lab Wipe Poly,15x16.75in",CONCEPT-SET,
3725e256-c51c-4f18-a68a-1ac1204efd51,,Medical Supply Items,Polyamide Monofilament Gauge 0.2 (10/0) 38cm on 6mm 3/8 Circle Spatula Single Armed Rounded Needle,CONCEPT-SET,
df840536-3616-4082-a4cd-19ac44922d37,,Medical Supply Items,Naso Gastric Tube Sterile Adult 20CH,CONCEPT-SET,
11b3311e-acec-48e4-b972-a756f116524f,,Medical Supply Items,Polyglycolic acid absorbable braided violet Gauge 1.5(4/0) 75cm on 15mm 1/2 Circle Round Bodied Needle,CONCEPT-SET,
6d50ac5f-e1ec-4b29-a2e4-a6a5e34485d8,,Medical Supply Items,Slide Box,CONCEPT-SET,
229596b8-924a-48b9-ae1f-10a545953e19,,Medical Supply Items,"Sputum Cup plastic,100ml",CONCEPT-SET,
f09d2bfc-b617-452f-a88d-61261ffca84e,,Medical Supply Items,Polyglycolic acid absorbable braided violet Gauge 0.7(6/0) 30cm on 12mm 1/2 Circle Round Bodied Needle,CONCEPT-SET,
13a41b21-18b1-45c5-bbf3-149fe6c1ad45,,Medical Supply Items,"Blood Collecting Tube Serum Separator, 4ml",CONCEPT-SET,
3b364352-7520-42e3-bcbb-47bfc5bb576b,,Medical Supply Items,Special Marker Pen for Strips,CONCEPT-SET,
f6ff3f7d-c2af-415f-9a2d-79766cc4433c,,Medical Supply Items,Cat Gut Chromic Gauge 3.5(2/0) 75cm on 27mm ½ Circle Reverse Cutting Needle,CONCEPT-SET,
5b68675b-b617-4285-a48f-af6b770c77f1,,Medical Supply Items,Polyglycolic acid absorbable braided violet Gauge 1.0(5/0) 45cm on 13mm 1/2 Circle Reverse Cutting Needle,CONCEPT-SET,
70699b36-06aa-4724-bdb9-a88070641172,,Medical Supply Items,Tracheostomy Tube Metallic with 90 degree curvature size 7.0,CONCEPT-SET,
ae392009-4670-4901-8106-097b9f373a0b,,Medical Supply Items,MTB PCR Workstation UV Light,CONCEPT-SET,
010be511-fd40-4886-afce-d7a732fa5e92,,Medical Supply Items,MTB Desktop freeze storage box with Lid for 0.2ml PCR tubes,CONCEPT-SET,
65879766-eb6f-4b45-b755-b08e5a14a13d,,Medical Supply Items,MTB Mechanical Pipette Aids,CONCEPT-SET,
ea973f4a-fd55-4c65-bb9c-58b381f6ecf4,,Medical Supply Items,MTB Dispenser for disinfectants/soap,CONCEPT-SET,
827d1b27-aead-4c7e-9e49-7b716af56b25,,Medical Supply Items,MTB Paper Towel Box,CONCEPT-SET,
35dca548-769d-480d-9d88-da204ab1282d,,Medical Supply Items,MTB Goggles,CONCEPT-SET,
2189efc1-f4f8-4bc8-a633-f8bbeb98c157,,Medical Supply Items,MTB Firs Aid Kit,CONCEPT-SET,
bcc6f06a-6003-4605-9d22-5efbc6c7dc0b,,Medical Supply Items,MTB Funnel Stainless steel discard,CONCEPT-SET,
80c631ee-e427-4108-b801-c6ded2abb079,,Medical Supply Items,MTB Caped Glass Tubes,CONCEPT-SET,
e88a92c8-3aa2-4621-b6a6-095853ce1aae,,Medical Supply Items,MTB Set of Spatula,CONCEPT-SET,
45fce302-e446-4eb5-ab5f-6627ca76ed60,,Medical Supply Items,MTB Floating Rack,CONCEPT-SET,
dee0de1e-3110-4479-9526-9bfc48e3e905,,Medical Supply Items,MTB Racks with Lids,CONCEPT-SET,
adc2ec04-9a90-4aad-9a7f-84f189750632,,Medical Supply Items,MTB Disposable Loops 10 µl,CONCEPT-SET,
015decc5-0af2-4ce3-9b96-a7ef15e3e013,,Medical Supply Items,MTB Racks Desinfectable / Autoclavable for 1.5/2 ml tubes,CONCEPT-SET,
46d28595-5276-49e2-a6d7-52f644864cb2,,Medical Supply Items,MTB Safety Box for Liquid,CONCEPT-SET,
d7cf619b-805b-40a6-b37b-8d58d6cbffb5,,Medical Supply Items,MTB Waste Container for Liquid,CONCEPT-SET,
461e5d36-889f-43ad-807e-04827e8ab367,,Medical Supply Items,MTB Waste Container for Solid,CONCEPT-SET,
3e3c742e-f624-48af-a6ac-1d78a530029b,,Medical Supply Items,MTB Racks for 1 Channel Pipette 4 Positions,CONCEPT-SET,
27f5f936-34fa-4ef4-b3c6-e7e873f0cab1,,Medical Supply Items,MTB Culture Tubes with Screw cap,CONCEPT-SET,
e9f0e813-2078-4ab5-bef7-5ebc4790f2e7,,Medical Supply Items,"MTB Cryo Vial Sterile with cap, 1.5ml",CONCEPT-SET,
753ff2bd-c0b3-499a-be2c-b901574bc32c,,Medical Supply Items,MTB Transparent Polypropylene Bag,CONCEPT-SET,
34cdcaab-dba3-41ab-b472-f7f2d516ed6c,,Medical Supply Items,MTB Filter Paper round 185mm,CONCEPT-SET,
709d4a10-f214-4600-9e5a-9225e481d563,,Medical Supply Items,MTB Marker Pen,CONCEPT-SET,
48af807f-bb89-4022-aa4f-5d28b9aa96ec,,Medical Supply Items,MTB Adhesive labels,CONCEPT-SET,
35ad6c80-9bb2-4539-b9ad-29bd7521eba9,,Medical Supply Items,MTB Cryo tags,CONCEPT-SET,
4cf7485c-527a-42dd-b82a-426a1b74b060,,Medical Supply Items,MTB Aluminium foil,CONCEPT-SET,
6b78bbde-aa03-418f-afc2-a09e1408363f,,Medical Supply Items,MTB Tube Brush,CONCEPT-SET,
12d952cd-9f37-4e1e-bcac-57125eae8f9d,,Medical Supply Items,MTB Masks FFP2 (N95) 3M 9320,CONCEPT-SET,
2cc6a80a-2fca-4adc-aaa7-99bd4dcd41e6,,Medical Supply Items,MTB Liquid soap,CONCEPT-SET,
29f8203c-ff19-47b5-be48-1cf51904f5a4,,Medical Supply Items,MTB Spray Head and 1L Bottels,CONCEPT-SET,
57d7a57d-7f9d-493e-85af-45c03072d061,,Medical Supply Items,MTB Plastic Bag made from PP,CONCEPT-SET,
ae0d9cf4-d1a2-4cc4-a81b-c2fd199245ef,,Medical Supply Items,MTB Paper Towel single use,CONCEPT-SET,
d9145553-e89b-4000-9ff4-126751808ba0,,Medical Supply Items,MTB Waste Container for Sharps,CONCEPT-SET,
0ebee7d9-0388-4e4f-af59-3892edbb02cd,,Medical Supply Items,MTB PCR Tube,CONCEPT-SET,
a9503bba-9415-4ebc-a50a-b37dac9dcfb6,,Medical Supply Items,MTB Rack for 50ml PP Tubes,CONCEPT-SET,
02b28838-8b12-4dd5-8e57-4b8450e443f8,,Medical Supply Items,MTB Filter Paper Sheets,CONCEPT-SET,
14585b95-3e6c-4d1c-8aff-d700aae1031f,,Medical Supply Items,MTB Standard Reaction Tubes 1.5ml,CONCEPT-SET,
4ca51ff1-3cfe-433d-8077-63d8a4b35d5c,,Medical Supply Items,MTB Standard Reaction Tubes 2ml,CONCEPT-SET,
676ca798-4928-444c-a98c-ce33c0f3ba22,,Medical Supply Items,MTB Slanted Racks,CONCEPT-SET,
ecc3f3a4-b51c-464d-9306-e3ec180c34d2,,Medical Supply Items,MTB Rack for 15ml PP Tubes Universal Test Tube Rack 17mm,CONCEPT-SET,
b5333d8d-1568-4d7f-a7e5-f74f1a5c143a,,Medical Supply Items,MTB Shoe Cover,CONCEPT-SET,
8f9a8e9e-ec3e-491a-847e-894f3ee8413c,,Medical Supply Items,MTB Hair Cover,CONCEPT-SET,
a233d3d7-4902-4e57-a8da-162c52801897,,Medical Supply Items,MTB Deep Freezer Thermometer,CONCEPT-SET,
df38b962-5ebe-43ae-9b9d-0f929e96a26b,,Medical Supply Items,MTB Plastic Bag 30L,CONCEPT-SET,
937ff532-41e5-4359-a1e8-f368dbcd40d6,,Medical Supply Items,MTB Plastic Bag Stand 30L,CONCEPT-SET,
0efe1879-e66a-4e42-8b15-8da9ce31b0a8,,Medical Supply Items,MTB Thermometer for Oven,CONCEPT-SET,
f7405293-6e94-41bb-ab81-134f8f1f8bbc,,Medical Supply Items,MTB 4 Way Microtube Rack Rack 15ml/50ml,CONCEPT-SET,
e08d442e-ffd9-4d88-8224-0cd578e2ac67,,Medical Supply Items,MTB Rack Heat Resistant for Cryo Vial 1.5ml Modular Heating Blocks,CONCEPT-SET,
790906f7-33c1-41d8-a216-9422cab4388a,,Medical Supply Items,MTB Calibrated Thermometer,CONCEPT-SET,
568d4831-e1b4-4049-9997-a4a645b7ab2f,,Medical Supply Items,MTB Battery Pack for UPS 3000 VA,CONCEPT-SET,
673bd1d5-3760-4848-af2a-fcf18b88f4fb,,Medical Supply Items,MTB Desktop Deep freeze storage box with Lid for 1.5ml Cryovial Plastic,CONCEPT-SET,
eab269e3-97ae-46b0-9ff6-4a1d2f86f0f8,,Medical Supply Items,MTB Surgical Gown Cotton M,CONCEPT-SET,
4d50bed1-8655-4fac-843d-035286f2481d,,Medical Supply Items,MTB Surgical Gown Cotton L,CONCEPT-SET,
e2e1b5b6-2d49-4c25-98ab-1fa113d080d6,,Medical Supply Items,MTB Disposable Nitril Glove size 6 7,CONCEPT-SET,
39aeb625-c4c4-411a-b13f-a1e8c8628cd1,,Medical Supply Items,MTB Disposable Nitril Glove Size 7 8,CONCEPT-SET,
fbf5adc1-729b-4d80-b383-223530d24c1b,,Medical Supply Items,MTB Laboratory Coat Cotton M,CONCEPT-SET,
8704a4c1-0cea-401a-8f65-66dc5fefa914,,Medical Supply Items,MTB Marker Pen for PCR Tubes,CONCEPT-SET,
1914e219-d47d-41bd-9ea9-722e436ec818,,Medical Supply Items,MTB Special PH Indicator Strips,CONCEPT-SET,
2d9a956a-3dd1-469a-aa95-18dffdf75c16,,Medical Supply Items,"MTB Forceps, Individually wrap, Sterile",CONCEPT-SET,
9f06ffce-42ea-4b7f-98ec-69600f179959,,Medical Supply Items,MTB Magnetic Bars Set of 12,CONCEPT-SET,
00f8b4c0-a149-4354-82e6-d8289ea6e047,,Medical Supply Items,MTB Laboratory Coat Cotton S,CONCEPT-SET,
15a8e416-28d6-4ba7-affe-380b83b124ef,,Medical Supply Items,MTB Magnetic Bars,CONCEPT-SET,
f896b7ac-ec87-4723-9f06-6b0ad932a491,,Medical Supply Items,"MTB Cryo Vial, Sterile with cap 2ml",CONCEPT-SET,
2767a35c-c335-4902-9022-e6e8d485003f,,Medical Supply Items,Radiometer ABX800 Yearly Service Kit,CONCEPT-SET,
46ad625a-b83d-423c-85c1-0bec810d1936,,Medical Supply Items,Radiometer ABX800 AutoCheck Holder for Manual Transfer of AutoCheck,CONCEPT-SET,
b47879e6-ed50-4937-92a7-487eef492b5e,,Medical Supply Items,Radiometer ABX800 AutoCheck Carousel for AutoCheck Ampoules,CONCEPT-SET,
ce9a47c2-439a-4aa5-91d1-a3489b535f32,,Medical Supply Items,Radiometer ABX800 Valve Key for Cylinder,CONCEPT-SET,
0ea55758-3e93-467d-b980-0588dd9e93d4,,Medical Supply Items,Radiometer ABX800 Dummy Electrode,CONCEPT-SET,
60b4eaef-0d30-4cbd-b5df-ab63bf5e4342,,Medical Supply Items,Radiometer ABX800 Fan Filter,CONCEPT-SET,
bcaeb9c1-4bb3-4e52-bf98-385ead1bc6c0,,Medical Supply Items,Radiometer ABX800 Inlet Gasket,CONCEPT-SET,
ee930c74-4044-4806-b8d9-a9d567ce1a94,,Medical Supply Items,Radiometer ABX800 Pump Tube for Electrode Modules,CONCEPT-SET,
a0e3461a-fe5e-411a-9d51-cd36c2e56bd9,,Medical Supply Items,Radiometer ABX800 Pump Tube for Solution Pump,CONCEPT-SET,
6ba926d4-b603-4aa2-b262-a9ef113bd121,,Medical Supply Items,Radiometer ABX800 Pump Tube for Waste Pump,CONCEPT-SET,
19f461ef-6867-4fb7-8923-cca7f65f7722,,Medical Supply Items,Radiometer ABX800 Reference Electrode,CONCEPT-SET,
55302ee8-452e-4914-8638-2b1ba3a4d856,,Medical Supply Items,Radiometer ABX800 pCO2 Electrode,CONCEPT-SET,
5c5ff08b-4c18-4b60-b2cf-a1675c033fb1,,Medical Supply Items,Radiometer ABX800 pO2 Electrode,CONCEPT-SET,
af0130f4-b164-487b-b19c-e7f467bcd3be,,Medical Supply Items,Radiometer ABX800 PH Electrode,CONCEPT-SET,
97df72c5-2e05-4429-8f7b-d2968fa9e9bc,,Medical Supply Items,Radiometer ABX800 Cl Electrode,CONCEPT-SET,
e6419358-0316-4d4e-a06c-a557b272714c,,Medical Supply Items,Radiometer ABX800 K Electrode,CONCEPT-SET,
a4ea76e3-be8c-481a-a34b-0bc01316328f,,Medical Supply Items,Radiometer ABX800 Ca Electrode,CONCEPT-SET,
6be10e18-0615-4121-b5d6-f60828e69829,,Medical Supply Items,Radiometer ABX800 Na Electrode,CONCEPT-SET,
cb4a6938-dc14-48d5-a1ca-c1b24361be84,,Medical Supply Items,Radiometer ABX800 Glucose Electrode,CONCEPT-SET,
e37529d6-3421-4c87-bdf6-5177a1f9e818,,Medical Supply Items,Radiometer ABX800 Lactate Electrode,CONCEPT-SET,
d5f8e2ab-1bf0-49b9-ac67-6fbe5ce3724a,,Medical Supply Items,Radiometer ABX800 Calibration Gas 2 On Board Gas Bottle,CONCEPT-SET,
2dad1663-3787-44cd-83d2-62a069d9b49b,,Medical Supply Items,Radiometer ABX800 22Gx25mm Arterial Blood Sampler with 22Gx25mm Needle,CONCEPT-SET,
4c00ffb8-93bf-4862-8392-c208f793252b,,Medical Supply Items,Radiometer ABX800 Calibration Gas 2 10 bar On Board Gas Bottle,CONCEPT-SET,
309be5de-e66c-423a-9373-39ad0894def7,,Medical Supply Items,Radiometer ABX800 Reference Membrane,CONCEPT-SET,
f80d64aa-188f-4197-936e-73a6555efe47,,Medical Supply Items,Radiometer ABX800 pCO2 Membrane Box,CONCEPT-SET,
f6a8c60b-ba30-4227-be3c-00e5e86d9cd5,,Medical Supply Items,Radiometer ABX800 pO2 Membrane Box,CONCEPT-SET,
27243eeb-abb0-4054-8093-7836c8d65d73,,Medical Supply Items,Radiometer ABX800 Cl Membrane Box,CONCEPT-SET,
5d41b73f-211f-4aa7-96dd-bd2d83a80309,,Medical Supply Items,Radiometer ABX800 K Membrane Box,CONCEPT-SET,
9e59d0e3-8938-4901-bdfc-655c67501568,,Medical Supply Items,Radiometer ABX800 Ca Membrane Box,CONCEPT-SET,
a9183a84-11eb-4160-ac4c-ef19f529214b,,Medical Supply Items,Radiometer ABX800 Na Membrane Box,CONCEPT-SET,
dd6a216c-cbeb-4b6d-b594-fc4bdf0a9441,,Medical Supply Items,Radiometer ABX800 Glucose Membrane Box,CONCEPT-SET,
1845f553-04a9-41e6-825b-5d30d9362dc2,,Medical Supply Items,Radiometer ABX800 Lactate Membrane Box,CONCEPT-SET,
3a8b6c86-73fa-4152-9c1c-db4ee857d9d7,,Medical Supply Items,Radiometer ABX800 Disposable Waste Container,CONCEPT-SET,
7e0eb17e-78c5-476a-ad89-9e709ceda210,,Medical Supply Items,Radiometer ABX800 Thermal Paper,CONCEPT-SET,
4aeaad17-c98f-4671-8a78-29a951926c48,,Medical Supply Items,Radiometer ABX800 Calibration Gas 1 On Board Gas Bottle,CONCEPT-SET,
aca0bc83-6f91-4240-ba38-44c5c765b754,,Medical Supply Items,Endotracheal Tube Sterile Cuffed 10CH,CONCEPT-SET,
d86c7389-93dc-4b50-ad9e-9b22aac85811,,Medical Supply Items,UniCel DxH Slide Maker Stainer SMS Slides,CONCEPT-SET,
6f9857ba-eeea-4244-8c51-adcb3241ff34,,Medical Supply Items,Cobas C 311 Sample Cup,CONCEPT-SET,
746de5ed-2fc9-4465-be38-0abf1c551fd7,,Medical Supply Items,Cobas C 311 Halogen Lamp 12V/50W,CONCEPT-SET,
f0759a64-9069-4dd0-8b31-08f0042aea47,,Medical Supply Items,Cobas C 311 Micro Sample Cup 13/16,CONCEPT-SET,
4c5a5838-a41d-4f80-b8da-7b8cdd152a68,,Medical Supply Items,Cobas C 311 Sipper Nozzle,CONCEPT-SET,
dc358aba-2363-4f10-bb41-90c145b663f8,,Medical Supply Items,Cobas C 311 Sipper Tube,CONCEPT-SET,
959c707e-080e-413d-a3b2-e4cdb0ee3ce5,,Medical Supply Items,Cobas C 311 Cell Set,CONCEPT-SET,
bb2aaf17-ff3f-4a2c-a6fa-58381516c975,,Medical Supply Items,Cobas 6000 CalSet Vial,CONCEPT-SET,
6b64b0ca-0403-4259-8306-63f30b2db703,,Medical Supply Items,Cobas 6000 Assay Tip,CONCEPT-SET,
f1445f85-f5a5-4062-9f84-50f198c6229d,,Medical Supply Items,Cobas 6000 Sample Cup,CONCEPT-SET,
13f7a6c4-6569-4c69-aca4-0d951c6e51ce,,Medical Supply Items,Cobas 6000 Multi Pack,CONCEPT-SET,
bc45035b-e925-46ba-97c0-8f9d743431bd,,Medical Supply Items,Cobas 6000 PC/CC Cup,CONCEPT-SET,
f8865e02-b0da-4a80-87a0-4e36d0e53051,,Medical Supply Items,Cobas 6000 Probe ISE,CONCEPT-SET,
ec729fe9-6887-4350-acdd-96e0f7c0d801,,Medical Supply Items,Cobas 6000 Probe Sample,CONCEPT-SET,
5ec997b0-86a3-4ecb-b2e3-2b3e67676ccd,,Medical Supply Items,Cobas 6000 Micro Sample Cup 13/16,CONCEPT-SET,
bdbff887-a53d-4c07-b47f-b493eded0422,,Medical Supply Items,Cobas 6000 Sipper Nozzle,CONCEPT-SET,
a17bf043-7887-4cea-95c8-94f97815e4e9,,Medical Supply Items,Cobas 6000 Sipper Tube,CONCEPT-SET,
0945cf56-f956-49bc-b325-421659569c93,,Medical Supply Items,Cobas 6000 SMS,CONCEPT-SET,
ed0a66bc-26e9-4b41-bfe3-8321ff972ec1,,Medical Supply Items,Cobas C 311 SMS,CONCEPT-SET,
e507511c-b03e-48f0-bcdf-9e93c1f3491b,,Medical Supply Items,Dimension EXL 200 Cup Small,CONCEPT-SET,
8fc09f74-6f1d-457f-9e34-bcca88a7dac4,,Medical Supply Items,Dimension EXL 200 Cup Lid,CONCEPT-SET,
adfe650f-5030-4e58-94ed-dbe7d8856d1c,,Medical Supply Items,Dimension EXL 200 Cuvette Cartridge,CONCEPT-SET,
99359143-4f15-48dd-8035-761dc49d3fc6,,Medical Supply Items,Dimension EXL 200 Reaction Vessel,CONCEPT-SET,
a0071653-dbb4-46ae-b171-8e77102f8f10,,Medical Supply Items,Dimension EXL 200 Thermal Paper,CONCEPT-SET,
400904d5-550f-4da8-9749-ef56c0307c66,,Medical Supply Items,DxC 700 AU/ Unicel DxI 800 Na Electrode,CONCEPT-SET,
c6fa4fa3-ea81-4952-8fb1-dbae5b50b471,,Medical Supply Items,DxC 700 AU/ Unicel DxI 800 K Electrode,CONCEPT-SET,
3004a8a5-0470-46f6-87f3-dd6eccc07805,,Medical Supply Items,DxC 700 AU/ Unicel DxI 800 Cl Electrode,CONCEPT-SET,
5701abf7-21b3-4786-80dc-153274492555,,Medical Supply Items,DxC 700 AU/ Unicel DxI 800 Reaction Vessel,CONCEPT-SET,
d53a5567-185f-478f-829a-3b08f7f0ed65,,Medical Supply Items,DxC 700 AU/ Unicel DxI 800 Sample Cup 2ml,CONCEPT-SET,
37498dd2-d4b1-46b1-bda7-ee6527cba49e,,Medical Supply Items,DxC 700 AU/ Unicel DxI 800 Waste Bag,CONCEPT-SET,
91cf815a-8166-4aaf-b6c0-7cfd18000e31,,Medical Supply Items,DxC 700 AU/ Unicel DxI 800 Swabs Polyster,CONCEPT-SET,
0b13ca51-115c-4807-892e-36acc27fde6e,,Medical Supply Items,DxC 700 AU/ Unicel DxI 800 Peristatic Tubing (Roller Pump),CONCEPT-SET,
f0ebd94f-ab7f-48f7-8a23-cd64c9b213f9,,Medical Supply Items,DxC 700 AU/ Unicel DxI 800 Photometer Lamp 20W,CONCEPT-SET,
817f5529-562b-4334-a0ba-828503a61b2d,,Medical Supply Items,DxC 700 AU/ Unicel DxI 800 Electrode Reference,CONCEPT-SET,
3793f2a4-6577-499a-9e0e-3ae96196378a,,Medical Supply Items,DxC 700 AU/ Unicel DxI 800 Sample Cup Hitachi,CONCEPT-SET,
e803fa7e-e566-4f39-a260-9e95605033f8,,Medical Supply Items,DxC 700 AU/ Unicel DxI 800 Bottle 15ml with Cap,CONCEPT-SET,
6517546f-aa4a-41b0-874d-511265e4ba65,,Medical Supply Items,DxC 700 AU/ Unicel DxI 800 Bottle 30ml with Cap,CONCEPT-SET,
1e0a2e3b-9d2d-40b5-8191-857e02f5966e,,Medical Supply Items,DxC 700 AU/ Unicel DxI 800 Bottle 60ml with Cap,CONCEPT-SET,
1dcfd419-752c-4088-8f87-d5bc5bb845a9,,Medical Supply Items,DxC 700 AU/ Unicel DxI 800 Cuvette 5x6mm,CONCEPT-SET,
059f099b-c714-45c8-8cf9-71f25a15347e,,Medical Supply Items,DxC 700 AU/ Unicel DxI 800 Spiral Mixing Bar,CONCEPT-SET,
e973f88e-7e22-4239-8d74-b82852cfff3d,,Medical Supply Items,DxC 700 AU/ Unicel DxI 800 L Shape Mixing Bar,CONCEPT-SET,
fdf5299d-28fb-4e01-a3fb-84d42ea6b601,,Medical Supply Items,DxC 700 AU/ Unicel DxI 800 LC140 Pre Treatment Catridge,CONCEPT-SET,
35192f91-9569-4075-9648-29ccab1a0955,,Medical Supply Items,DxC 700 AU/ Unicel DxI 800 LC175 (Protek L1),CONCEPT-SET,
b83fd59f-d984-44be-8542-dcccd3df1341,,Medical Supply Items,DxC 700 AU/ Unicel DxI 800 Prefiltration for Water Unit Gac Filter,CONCEPT-SET,
8352ba3c-284e-4c03-b490-20443369e8d6,,Medical Supply Items,DxC 700 AU/ Unicel DxI 800 Prefiltration for Water Unit Melt Blown Filter,CONCEPT-SET,
0a952a6b-990b-43ac-ab04-3e466f45f775,,Medical Supply Items,DxC 700 AU/ Unicel DxI 800 Prefiltration for Water Unit Scale Prevention Filter,CONCEPT-SET,
a7988c9d-64ad-4870-84d8-21b4581db2f6,,Medical Supply Items,DxC 700 AU/ Unicel DxI 800 Prefiltration for Water Unit Ultra Filter,CONCEPT-SET,
87109f22-557c-426c-a09b-f20cdfcc80c9,,Medical Supply Items,Micropipette Tips 20µl,CONCEPT-SET,
45540c77-65c6-4341-81a1-d6415da91214,,Medical Supply Items,"Jar Cop lain,staining",CONCEPT-SET,
d0919007-9604-49bf-9be0-97b0b629d741,,Medical Supply Items,Rod glass 150x6mm,CONCEPT-SET,
15cc74a3-fcc6-417c-bdba-2dedbbe415db,,Medical Supply Items,Mortar and Pestle 70ml,CONCEPT-SET,
b7527f9e-4072-41bf-b24a-32901f65743e,,Medical Supply Items,Mortar and Pestle 70 400ml,CONCEPT-SET,
b54cacaf-a6af-416e-813c-fda817b248d7,,Medical Supply Items,Brush bottle flask 10cm,CONCEPT-SET,
55208578-69aa-4424-baf8-369d6d15671e,,Medical Supply Items,Brush Test Tube 8cm,CONCEPT-SET,
573c99d8-0d5b-4c94-a87e-a80d2d544d25,,Medical Supply Items,Nasopharyngeal airways 10Fr 40Fr,CONCEPT-SET,
25e1044d-d8dd-47b5-9557-a09f3abfa37c,,Medical Supply Items,Disposable Epidural Spinal Combined,CONCEPT-SET,
8a1fd0ff-806c-462a-9646-5fb4f7cb8f7d,,Medical Supply Items,Laryngeal Mask Airway No1 No3,CONCEPT-SET,
6ccf671d-b9b8-4bdf-876d-b61724f4a278,,Medical Supply Items,Laryngeal Mask Airway No4 No5,CONCEPT-SET,
8011e361-51c4-4556-90d0-101fc24ee703,,Medical Supply Items,Catheter Suction 9CH,CONCEPT-SET,
26685759-db24-462e-b430-12a03d164721,,Medical Supply Items,Catheter Suction 10CH,CONCEPT-SET,
b8eba987-86fe-47b2-aae7-5caa2aa93d58,,Medical Supply Items,Dental Arch Bar,CONCEPT-SET,
3bf03bee-0089-41ee-94fa-24f21d4f2aca,,Medical Supply Items,Drainage Chest Tube 10FG,CONCEPT-SET,
8bcc1918-c86f-4208-b324-d88228039f64,,Medical Supply Items,Drainage Chest Tube 22FG,CONCEPT-SET,
0f6eea8c-b222-43a8-a0e5-a17580a2fb9e,,Medical Supply Items,Drainage Chest Tube 28FG,CONCEPT-SET,
d4942e66-ff89-48ad-b015-0b12454cd184,,Medical Supply Items,Drainage Chest Tube 32FG,CONCEPT-SET,
61785523-1e93-48c9-a493-00a696e2ef92,,Medical Supply Items,Drainage Chest Tube 38FG,CONCEPT-SET,
87fc18a3-925d-41fe-8b1c-51f3b05623c5,,Medical Supply Items,Endotracheal Tube Cuffed 4CH,CONCEPT-SET,
2bcb9b82-e423-461b-bdd7-9ee44baa17ac,,Medical Supply Items,Glove Gynecological Examination(Elbow Glove) No. 6.5,CONCEPT-SET,
68ce6aba-cd07-4316-96fb-a6799c4c72b9,,Medical Supply Items,Glove Gynecological Examination(Elbow Glove) No. 7.5,CONCEPT-SET,
1bde9973-b347-42ff-9295-5920b9c2df1f,,Medical Supply Items,Medicine Envelope plastic,CONCEPT-SET,
895dce16-d426-4738-94e6-872d1ac8c78f,,Medical Supply Items,Mersilk Braided Black Gauge 3.0(2/0) 75cm on 33 mm 1/2 Circle Reverse Cutting Needle,CONCEPT-SET,
a61f5596-dae4-48cc-b2a0-283fa5b06c34,,Medical Supply Items,Polyamide Monofilament Gauge 0.3(9/0) 30cm on 6.5mm 3/8 Circle Spatula Single Armed Needle,CONCEPT-SET,
64c57224-318d-420f-a956-716aa8027c4e,,Medical Supply Items,Polyamide Monofilament Gauge 0.3(9/0) 30cm on 6mm 3/8 Circle Spatula Double Armed Needle,CONCEPT-SET,
28362814-5c96-47dc-95ac-f73250b753d9,,Medical Supply Items,Oxygen Face Mask for Pediatric,CONCEPT-SET,
33da32d9-c477-444b-b079-a5eb57049147,,Medical Supply Items,Oxygen Face Mask for Adult,CONCEPT-SET,
0435ddc0-2ce0-42bc-82dc-9b0a0d2615a2,,Medical Supply Items,Rectal Tube Rubber With Terminal Size 14CH,CONCEPT-SET,
9a916fe4-4472-4b0a-b01a-8b3afa9f967c,,Medical Supply Items,Rectal Tube Rubber With Terminal Size 18CH,CONCEPT-SET,
0099ac67-3310-466b-96e2-1bb558f8e0d1,,Medical Supply Items,Rectal Tube Rubber With Terminal Size 22CH,CONCEPT-SET,
697e4953-d892-4831-8b2a-b1f25fd9c7b3,,Medical Supply Items,Rectal Tube Rubber With Terminal Size 26CH,CONCEPT-SET,
6d209493-275f-4107-a462-10ab76640ca2,,Medical Supply Items,"Surgical Absorbable Hemostat 1"" x 2""",CONCEPT-SET,
58577006-917e-43cf-8dee-1f1fb45bc084,,Medical Supply Items,"Surgical Absorbable Hemostat 2"" x 4""",CONCEPT-SET,
1f94e7d3-296e-4d52-8582-e3ab4a8cf799,,Medical Supply Items,Surgical Absorbable Hemostat 4'' x 4'',CONCEPT-SET,
da26e622-3797-446c-87d7-2b5ade7f84fc,,Medical Supply Items,Surgical Absorbable Hemostat 4'' x 8'',CONCEPT-SET,
17470da9-ec4d-4108-b3c3-ccd3935a202b,,Medical Supply Items,Syringe Dental of metal 2.5ml,CONCEPT-SET,
3004d501-5eb1-40a5-b4f0-b53bbe1e97bd,,Medical Supply Items,"Ureteric Tubes 5mm 6mm,75cm",CONCEPT-SET,
5f20fc82-2f0a-43a1-8e6c-87e42a52eb0c,,Medical Supply Items,Tube Eppendorf 2ml,CONCEPT-SET,
de5c9f86-9de4-40e5-a6d3-abab51b8c0d5,,Medical Supply Items,Gauze Swab 3cm x 3cm,CONCEPT-SET,
54533296-b65e-4b33-98d2-7b2226bf7a93,,Medical Supply Items,Bite sticks(Teeth guard) PVCwith center handle to insert and remove,CONCEPT-SET,
2eeda336-ba22-4f7e-a0c6-4a8ae33b3e63,,Medical Supply Items,"Face Mask For oxygen Administration Adult size 5,with Reservoir 1.6L bag",CONCEPT-SET,
2226b9d4-2334-4e97-8bbe-fdd8b55078a9,,Medical Supply Items,Face Mask With out Reservoir For oxygen Administration Adult size,CONCEPT-SET,
13268baf-c9d3-48ea-aba9-7f69a4b05496,,Medical Supply Items,Face Mask For oxygen Administration Child/medium size 3 with Reservoir 1.6L bag,CONCEPT-SET,
91ac7981-8e02-4659-b66d-dcf9c250415c,,Medical Supply Items,Face Mask With out Reservoir For oxygen Administration child/medium size 3,CONCEPT-SET,
06211be1-66ce-487c-8850-d932d4a67550,,Medical Supply Items,"Face Mask with Reservoir for oxygen Administration Infant/small size 1, 0.5L breathing bag",CONCEPT-SET,
d66df226-1ca7-488d-851d-048061bb7147,,Medical Supply Items,Face Mask With out Reservoir For oxygen Administration Infant/small size 1,CONCEPT-SET,
bc1edef2-026e-49a8-be67-4c3065bb92fc,,Medical Supply Items,Cold Packs Bag Reusable 11 inch durable,CONCEPT-SET,
f6a46574-7879-4eb4-9230-7dc8a7c0e69d,,Medical Supply Items,"Patient restraint(spinal Board)straps with meta buckles/clips and speed clip,15m",CONCEPT-SET,
9a8e0601-13e5-43e6-b445-0d5986944ce1,,Medical Supply Items,"Catheter Suction Open rounded shape&smooth,blue one Eye, Length:530±20.0mm,E.Length 500±20.0mm, OD2.7±0.10MM",CONCEPT-SET,
efe48cf1-30d2-4bda-91db-d488b5e43fd1,,Medical Supply Items,"Catheter Suction Open rounded shape&smooth,black one Eye, Length:530±20.0mm,E.Length 500±20.0mm, OD3.30±0.15MM 10CH",CONCEPT-SET,
b4b5d4ab-ce1d-4a6e-85a6-df790ca18e14,,Medical Supply Items,"Catheter Suction Open rounded shape&smooth,Orange one Eye, Length:530±20.0mm,E.Length 500±20.0mm, OD: 5.30±0.20mm 16CH",CONCEPT-SET,
d823d72b-10ec-43cf-bc9f-42e64fc81551,,Medical Supply Items,"Catheter Suction Open rounded shape&smooth,Red one Eye, Length:530±20.0mm,E.Length 500±20.0mm, OD: 6.00±0.20mm 18CH",CONCEPT-SET,
c42d145d-1400-47df-ae5c-37d047f583f6,,Medical Supply Items,"Catheter Suction Open rounded shape&smooth,blue one Eye, Length:530±20.0mm,E.Length 500±20.0mm, OD2.7±0.10MM 8CH",CONCEPT-SET,
e04d303b-4be4-4762-affd-e22f962e4b74,,Medical Supply Items,Manual sucker/Bulb Sterilizable Silicon air tight for infant,CONCEPT-SET,
bec95579-a60a-42a2-b47f-116a54fc2294,,Medical Supply Items,Nasopharyngeal airways 8CH,CONCEPT-SET,
1a8f5634-f156-41e0-8044-333b2d6ea74c,,Medical Supply Items,Nasopharyngeal airways 7CH,CONCEPT-SET,
c828a2b5-e1bd-40bf-9340-bb8b3713299b,,Medical Supply Items,Nasopharyngeal airways 6CH,CONCEPT-SET,
c60523c1-2eca-46c1-a693-e4025ea25e5c,,Medical Supply Items,Nasopharyngeal airways 4CH,CONCEPT-SET,
44ca7b01-c231-4c9d-a089-b95bd152ca84,,Medical Supply Items,Nasopharyngeal airways 3CH,CONCEPT-SET,
674b7eaa-ca66-40a6-8ca4-8f0f2fc6c7df,,Medical Supply Items,Oropharyngeal Airway (Guedel) Sterile 5CH,CONCEPT-SET,
927d6da9-6201-4138-a648-ad0c1f7be06f,,Medical Supply Items,Oropharyngeal Airway (Guedel) Sterile 4CH,CONCEPT-SET,
ab609679-7c7e-459c-952d-f6d9afacc3a1,,Medical Supply Items,Oropharyngeal Airway (Guedel) Sterile 3CH,CONCEPT-SET,
08768fc0-3d2f-4c9f-941e-9d15611ae10e,,Medical Supply Items,Oropharyngeal Airway (Guedel) Sterile 2CH,CONCEPT-SET,
d7bbab4d-2ddf-4a08-a0fd-2e5089e58766,,Medical Supply Items,Oropharyngeal Airway (Guedel) Sterile 1CH,CONCEPT-SET,
3cd0133f-a8ba-473f-9fe6-34369b45a443,,Medical Supply Items,Oropharyngeal Airway (Guedel) Sterile 0CH,CONCEPT-SET,
ed5f7438-c782-4ca4-9d31-1fa44aba4a7c,,Medical Supply Items,Resuscitator Bag (Ambu Bag) Child,CONCEPT-SET,
f81414a4-3278-482f-9c02-7b050da6afac,,Medical Supply Items,Resuscitator Bag (Ambu Bag) Infant,CONCEPT-SET,
3a859466-9755-4871-ad62-120b641c8f38,,Medical Supply Items,Adhesive Tape 5cm x 1.9cm,CONCEPT-SET,
952f167a-dc98-4f68-a6f7-efc591843647,,Medical Supply Items,Gauze Dressing 4'' x 4'',CONCEPT-SET,
32327c37-a989-4868-8203-c78fda6deb50,,Medical Supply Items,Glove Examination Latex Powdered Medium,CONCEPT-SET,
88174a42-0506-4402-a871-5197bb007e09,,Medical Supply Items,Triage Tags Dark,CONCEPT-SET,
0044d02f-a50f-49d4-b776-8cc766b301d1,,Medical Supply Items,Triage Tags Red,CONCEPT-SET,
d6f68523-d2a5-4f18-8e3c-664a05984a8b,,Medical Supply Items,Triage Tags Yellow,CONCEPT-SET,
13bc9bab-bdcf-49f8-b4c8-4dd57ba1a36f,,Medical Supply Items,Conical Centrifuge Tubes 112mm x 17mm,CONCEPT-SET,
3f3ee769-37ec-4d6e-8dfc-53f6138d91ca,,Medical Supply Items,Catheter for Mucus Extractor In pieces of different sizes,CONCEPT-SET,
3ce24a78-a2b6-46ae-a212-7e5ce233f067,,Medical Supply Items,Brush for Decontamination small,CONCEPT-SET,
1d6665df-10ea-46e2-9a99-3c1e22e7d729,,Medical Supply Items,Bucket 30L and Bowls Plastic for Decontamination Instrument,CONCEPT-SET,
75d0b5bc-77e1-4efa-a742-3af859e7cf69,,Medical Supply Items,Glove Heavy Duty Latex (Disposable) small,CONCEPT-SET,
84b70129-6dc5-40bb-a872-e57a3e7107b5,,Medical Supply Items,"Mortar and Pestle 100mm((dia)x45mm,Small",CONCEPT-SET,
a6d5bbd9-dcae-435d-a950-62c263aff9ba,,Medical Supply Items,"Mortal and Pestle 160mm(dia) x75mm,Medium",CONCEPT-SET,
8c7119e2-66e8-4c1f-b296-0b58de753e18,,Medical Supply Items,"Brush for Test Tube 19mm(dia) x 89mm,fan stayle tip",CONCEPT-SET,
406e6b4e-a657-4006-b2a2-a07e5917c58c,,Medical Supply Items,Cover Slide 20x20mm Thickness 13 mm,CONCEPT-SET,
1f5f55a2-2f65-4851-8d68-4b1d99118b60,,Medical Supply Items,Cover Glass slide Box 76x25x1mm,CONCEPT-SET,
e5a00f2c-f4d9-404a-b4f4-70a5eb9a125b,,Medical Supply Items,Graduated Measuring Cylinder 250 ml,CONCEPT-SET,
467bf28c-d7c0-4b33-b51c-25752e457861,,Medical Supply Items,Graduated Measuring Cylinder 100 ml,CONCEPT-SET,
5e83df95-3f10-489c-84b1-b48fe76151f1,,Medical Supply Items,Graduated Measuring Cylinder,CONCEPT-SET,
2564a700-a507-40f9-b2c4-f4ef6567b749,,Medical Supply Items,Graduated Measuring Cylinder 500ml,CONCEPT-SET,
f0d4d5be-3945-44cb-b270-29bef3e3b418,,Medical Supply Items,"Jar Glass,wide mouth,1000ml",CONCEPT-SET,
4fdb08cf-c2eb-4479-9735-13da9f35b1f6,,Medical Supply Items,Graduated Measuring Cylinder 50ml,CONCEPT-SET,
b49c3d74-dff4-4560-9828-73070589b99c,,Medical Supply Items,Graduated Measuring Cylinder 25ml,CONCEPT-SET,
46ed163f-a2aa-4beb-b58d-576759ab68fd,,Medical Supply Items,ESR graduated pipette from 0 to 195mm with 1mm subdivision,CONCEPT-SET,
e97f3152-3fea-4284-bb10-b96f01fae101,,Medical Supply Items,Contact activated blood lancet Length:40mm,CONCEPT-SET,
f970390a-4090-471c-a307-6ed5b3b27aae,,Medical Supply Items,"Micro Pipette Tips 10 100µl, Red",CONCEPT-SET,
1cc7bbf9-c67a-44ee-bc37-ff7ac644c571,,Medical Supply Items,"Micro Pipette Tips 10 100µl, Yellow",CONCEPT-SET,
03855a02-0c26-47ed-ade8-05b8c24cc519,,Medical Supply Items,Catheter Umblical 3.5CH,CONCEPT-SET,
acded591-9e3a-4751-906b-47d92bd1c05a,,Medical Supply Items,Aspirator Nasal Oral,CONCEPT-SET,
74031692-7dde-4e68-8af8-14f9119284f3,,Medical Supply Items,Nasopharyngeal airways 5CH,CONCEPT-SET,
3ebda9dc-8566-48d5-b661-e3eab56b3051,,Medical Supply Items,Dental Cotton wool N0. 2,CONCEPT-SET,
51d5248d-7fdc-48b3-b4a7-b11d3cdc1760,,Medical Supply Items,Mindray BS 200E Cuvette,CONCEPT-SET,
0ce8ff71-c2cb-499e-9d5c-2354d075d61d,,Medical Supply Items,Mindray BS 200E Lamp,CONCEPT-SET,
53e4e430-bfe0-4578-ae35-06a3a6a4cb99,,Medical Supply Items,Mindray BS 200E Probe,CONCEPT-SET,
050092b8-6fc9-4c37-99db-1b0d3b92c432,,Medical Supply Items,Biohazard Bag 94cmx122cm,CONCEPT-SET,
6b4464c5-3767-40ce-a1dc-ee86a5fb2ab5,,Medical Supply Items,Colostomy Bag Adhesive Regulator Closed 25cmx14cm 60mm Opening Adult Opec Medium,CONCEPT-SET,
f55674fe-3b86-4e9d-8b02-f592cc445560,,Medical Supply Items,"Tube Suction, Disposable 15mmx2m",CONCEPT-SET,
cea8c553-a335-47e6-97db-e97b5f78f791,,Medical Supply Items,"Conical Test Tube Plastic, Graduated 15ml",CONCEPT-SET,
57998c4d-29fb-47e1-a107-d9e372feb5c5,,Medical Supply Items,"Flask Erlenmeyer, Glass, Heat Resistant, 2Litre",CONCEPT-SET,
ab75dc0d-98dd-47d0-a39a-23bc8df39ca9,,Medical Supply Items,"Capillary Tube, Hematocrite, Sodium Heparinized 80IU/ml, Red Top, 75mm Length, 20µ",CONCEPT-SET,
4bfd6362-6674-4927-ac41-68941fdd50fa,,Medical Supply Items,Autoclave Indicator Tape 1.9cmx5cm,CONCEPT-SET,
2861c16a-922d-49c7-99fe-3cc2231e16ac,,Medical Supply Items,Oronasopharyngeal (Airway) Sterile 60mm,CONCEPT-SET,
98160fb7-1726-467c-97cc-84f780f46fab,,Medical Supply Items,Oronasopharyngeal (Airway) Sterile 90mm,CONCEPT-SET,
45f5ff41-5985-475e-90f6-6ecf2b2e8914,,Medical Supply Items,Oronasopharyngeal (Airway) Sterile 120mm,CONCEPT-SET,
60b35585-39ee-49ba-a78f-0846cbd7fd91,,Medical Supply Items,Oronasopharyngeal (Airway) Sterile 80mm,CONCEPT-SET,
715047f0-dacc-450a-8f05-f56c73a54b02,,Medical Supply Items,Polyglycolic acid absorbable braided violet Gauge 1.0(5/0) 75cm on 13mm 1/2 Circle Round Bodied Needle,CONCEPT-SET,
164ce310-baf3-4110-ae54-0f2ad1f28e35,,Medical Supply Items,"Applicator Wooden Stick with Cotton Tip 2.2mm x 150mm Individually Packed, Sterile",CONCEPT-SET,
01457a88-3bf0-4d01-807b-a191b6673a66,,Medical Supply Items,Trachoma Clap small,CONCEPT-SET,
881e79fd-b9d0-4de0-add9-7631cddc64da,,Medical Supply Items,Trachoma Clap large,CONCEPT-SET,
6a0c5029-f2d5-408e-b25c-194d4aa80378,,Medical Supply Items,Swap Disinfecting Imppreginated with Isopropyl Alchol 70%,CONCEPT-SET,
af1b643c-1286-44a4-b620-2596eddbf1e3,,Medical Supply Items,Adhesive Wound Plaster with Absorbent Anticeptic pad individually packed 2 size,CONCEPT-SET,
f50b8fa9-a793-46a0-8b12-32b41fcdda59,,Medical Supply Items,Adhesive Plaster Zinc Oxide 2.5cmx10m,CONCEPT-SET,
bd3f4930-35b0-4c4d-b50a-da6bc27c757f,,Medical Supply Items,Sysmex XP 300 Thermal Printing Paper,CONCEPT-SET,
05beb37a-d6b7-4fde-ad38-245ea7a1c464,,Medical Supply Items,"Microscope Slide 27x75mm, 1.2mm Thickness Frosted",CONCEPT-SET,
2ec77000-52ff-479c-a42e-923ff2fdf396,,Medical Supply Items,"Microscope Slide 27x75mm, 1.2mm Thickness",CONCEPT-SET,
d132c2da-1f9a-4a38-86dc-7893d98cec00,,Medical Supply Items,Micropipette Tips 10 200µl,CONCEPT-SET,
d94b169a-84ad-4bc4-a71d-160cb31b7947,,Medical Supply Items,Micropipette Tips 200 1000µl,CONCEPT-SET,
c7b090f9-6fde-4255-be46-bb2e226f6cbe,,Medical Supply Items,"Sealer Capillary Tube, 2mm Thickness",CONCEPT-SET,
cd88fed5-f846-4af1-9245-a98366751aec,,Medical Supply Items,"Pasteur Pipette 3ml, Non sterile, Plastic",CONCEPT-SET,
5da63a9f-e642-49ae-9620-908788eeb2cb,,Medical Supply Items,"Biohazard Bags Disposable, Orange 32x34Inch",CONCEPT-SET,
76eeaac9-4a9b-4f71-ad6e-1aa127e1fc35,,Medical Supply Items,DxC 700 AU/ Unicel DxI 800 Carbon Powder Filter,CONCEPT-SET,
3d71e920-e82b-49cb-91b5-aac3d5896058,,Medical Supply Items,DxC 700 AU/ Unicel DxI 800 Micron Filter with Antibacterial,CONCEPT-SET,
89db0d79-f33f-4853-9288-7038fba08d60,,Medical Supply Items,DxC 700 AU/ Unicel DxI 800 Improved GAC,CONCEPT-SET,
13caa29c-6b5a-4eaf-a34e-17b24d42f823,,Medical Supply Items,DxC 700 AU/ Unicel DxI 800 LC 177 Protek L1,CONCEPT-SET,
0413c0d0-c585-4a74-bc5f-66eb4fe80c95,,Medical Supply Items,DxC 700 AU/ Unicel DxI 800 LC 174 Protek L1,CONCEPT-SET,
1fd2dc89-64a6-43b3-bf49-ff624dbac36e,,Medical Supply Items,DxC 700 AU/ Unicel DxI 800 LC 174 MEDPURE Cartridge,CONCEPT-SET,
1ccf1e9f-302f-41d0-ad29-06fd69019411,,Medical Supply Items,DxC 700 AU/ Unicel DxI 800 Peristatic Tubing Roller Pump,CONCEPT-SET,
90b53a0f-97f9-40f1-bbe6-9d70a493b6d1,,Medical Supply Items,Gauze Dressing 5cmx4cm,CONCEPT-SET,
57dfe64f-525c-4a7c-b24b-10adf8e0bc9e,,Medical Supply Items,Cobas C 311 Reference Electrode,CONCEPT-SET,
49921638-dd68-47a4-bb12-af8f76245741,,Medical Supply Items,Cobas 6000 Reference Electrode,CONCEPT-SET,
2bcebbf4-cd1f-48fa-8488-f33551d61fff,,Medical Supply Items,ANGIO DIAGNOSTIC CATHETER 5FR JR 3.5,CONCEPT-SET,
0ff2acc2-abba-4e74-be42-748a610f726c,,Medical Supply Items,ANGIO DIAGNOSTIC CATHETER 5FR JR 4,CONCEPT-SET,
ccf069b6-94a9-44bc-b026-bf91ec190156,,Medical Supply Items,ANGIO DIAGNOSTIC CATHETER 5FR×100CM MPA 1,CONCEPT-SET,
60d869ef-e1e3-453b-aa4b-aa07c57cd587,,Medical Supply Items,ANGIO DIAGNOSTIC CATHETER 5FR PIGTAIL,CONCEPT-SET,
9ba2c61f-38e0-40fd-9f18-955b881dae75,,Medical Supply Items,ANGIO DIAGNOSTIC CATHETER Radial 5FR 4.0,CONCEPT-SET,
42617809-cec2-4c9a-bf38-b71b1015693e,,Medical Supply Items,ANGIO DIAGNOSTIC CATHETER Radial 5FR 3.5,CONCEPT-SET,
1b9783da-7e8d-4243-8833-2c64f29f0fdc,,Medical Supply Items,ANGIO DIAGNOSTIC CATHETER Radial 6FR 4.0,CONCEPT-SET,
633acd9f-891f-48a7-a769-db1796e90f02,,Medical Supply Items,ANGIO DIAGNOSTIC CATHETER Radial 6FR 3.5,CONCEPT-SET,
27a1e084-99c9-4457-9776-2a3281ca9dec,,Medical Supply Items,ANGIO DIAGNOSTIC CATHETER 6FR × 100CM JR 3.5,CONCEPT-SET,
26513a44-987c-4fdf-abb4-df9210c023fe,,Medical Supply Items,ANGIO DIAGNOSTIC CATHETER 6FR × 100CM JR 4,CONCEPT-SET,
79da5e3b-49e8-4989-b015-79ec5ce7e0d9,,Medical Supply Items,ANGIO DIAGNOSTIC CATHETER 6FR × 100CM JL 3.5,CONCEPT-SET,
06a7a614-b2ea-4160-9783-e29c7e63da4b,,Medical Supply Items,ANGIO DIAGNOSTIC CATHETER 6FR × 100CM JL 4,CONCEPT-SET,
6805f66d-8367-443e-a020-1d75031a8280,,Medical Supply Items,ANGIO DIAGNOSTIC CATHETER 5FR × 100CM JL 4,CONCEPT-SET,
e861b4b2-bc73-4eef-affc-32f1b794d121,,Medical Supply Items,ANGIO DIAGNOSTIC CATHETER 6FR × 100CM JL 5,CONCEPT-SET,
733cc452-5ddf-422d-9366-b43b63454fb9,,Medical Supply Items,ANGIO DIAGNOSTIC CATHETER 6FR × 100CM AL I,CONCEPT-SET,
31c5f64d-5e60-4059-b385-90aabac2f43a,,Medical Supply Items,ANGIO DIAGNOSTIC CATHETER 6FR × 100CM AL II,CONCEPT-SET,
430de389-e079-4234-a258-9a393b674c12,,Medical Supply Items,ANGIO DIAGNOSTIC CATHETER 6FR × 100CM MPA 2,CONCEPT-SET,
5e09ddcb-5551-4713-b713-5d1575aef3d9,,Medical Supply Items,ANGIO DIAGNOSTIC CATHETER 6FR × 100CM PIGTAIL,CONCEPT-SET,
0001df8e-d4a2-4735-b62a-640ee6b0ef06,,Medical Supply Items,Tube Connector Y connector,CONCEPT-SET,
39a0c757-e262-4d72-813f-52e56b7d7b0b,,Medical Supply Items,Tube Connector Straight,CONCEPT-SET,
7a3d3b63-1861-4675-8b31-48c21ddbafd8,,Medical Supply Items,Three way stop cock,CONCEPT-SET,
3e682d2d-bde3-4466-b29b-10d8cbae99c7,,Medical Supply Items,Suction catheter 8F,CONCEPT-SET,
353a7d3d-26aa-4bc9-bef7-9b17c55841db,,Medical Supply Items,Temporary pacing wires,CONCEPT-SET,
3da3d374-8a95-4fc9-b076-4a92b07fc74d,,Medical Supply Items,Suction catheter 12F,CONCEPT-SET,
70d581d7-182e-4dd7-935d-b95d7ed27d5b,,Medical Supply Items,Suction catheter 10F,CONCEPT-SET,
7378cadb-8024-476a-a454-d73d7894e8eb,,Medical Supply Items,Sterile gown XL size,CONCEPT-SET,
6956207d-7229-4540-bc35-b891cde1e965,,Medical Supply Items,Sterile drape Adult,CONCEPT-SET,
68d9dde0-15ff-4bee-bdc2-c49fba89aff0,,Medical Supply Items,"Prolene Double arm, round needle 6 0",CONCEPT-SET,
a036aef4-d560-4f97-b986-98e1e62eb3d8,,Medical Supply Items,"Prolene Double arm, round needle 5 0",CONCEPT-SET,
803b3c54-a143-4f72-89a3-9c3ab9585e0b,,Medical Supply Items,"Prolene Double arm, round needle 4 0",CONCEPT-SET,
656a72ee-c6cd-48e5-8da0-274325240d4e,,Medical Supply Items,Perfusion custom pack Weight >40 kg,CONCEPT-SET,
a9f6ca8f-3c72-487e-af3d-81b6b28cba0a,,Medical Supply Items,Perfusion custom pack Weight 10 25 kg,CONCEPT-SET,
e5fa3d2b-31b0-4135-babe-a7af33c3c6e2,,Medical Supply Items,Perfusion custom pack Weight 25 40 kg,CONCEPT-SET,
8cb555ff-7720-4408-bba3-9aac1492fbe8,,Medical Supply Items,Oxygen nasal cannula Adult,CONCEPT-SET,
ec6be93b-0c26-4067-8bf2-15f04f6266a7,,Medical Supply Items,Oxygen nasal cannula Pediatric,CONCEPT-SET,
d4b38cfc-5543-4a8f-8c84-ad5ec7028d6f,,Medical Supply Items,Nylon tape 3mm x 70cm,CONCEPT-SET,
9933a4aa-5549-4f4e-b760-1f1ee3b0cda6,,Medical Supply Items,ANGIO DIAGNOSTIC CATHETER 5FR × 100CM NTR ( SITE SEER),CONCEPT-SET,
3d1983ed-159f-4bd5-bfcc-b0eb7a9cb9a4,,Medical Supply Items,Nebulising mask,CONCEPT-SET,
1fd82c61-4357-427c-b246-af1f4032c2d0,,Medical Supply Items,ANGIO DIAGNOSTIC CATHETER 6FR × 100CM NTR,CONCEPT-SET,
b005531d-006d-45f8-9c8a-5ac5c2fcc81c,,Medical Supply Items,"GUIDING CATHETER JL 4.0, 6Fr, 100cm",CONCEPT-SET,
0a9af784-ce9c-41b4-9d0e-16180421a0d7,,Medical Supply Items,Mechanical Valve prostheses Aortic Valve 23mm,CONCEPT-SET,
2ac75e17-8651-407a-b2ba-2ac7deac946b,,Medical Supply Items,"GUIDING CATHETER JL 3.5, 6Fr, 100cm",CONCEPT-SET,
f770cea7-7303-4fc4-a2f2-ade164fdcfdb,,Medical Supply Items,"GUIDING CATHETER JL 4.5, 6Fr, 100cm",CONCEPT-SET,
ba70b777-7c67-47b7-8881-8398e6efe666,,Medical Supply Items,"GUIDING CATHETER JR 4.0, 6Fr, 100cm",CONCEPT-SET,
d448763e-3837-4fbf-9120-44963b668ceb,,Medical Supply Items,"GUIDING CATHETER JR3.5, 6Fr",CONCEPT-SET,
bcbb931c-11a0-4c16-8f23-f1d79e21669d,,Medical Supply Items,"GUIDING CATHETER JL 4.0, 7Fr, 100cm",CONCEPT-SET,
8fc13586-ddb3-43ce-ad3b-8944662e8f51,,Medical Supply Items,"GUIDING CATHETER AL2, 6Fr",CONCEPT-SET,
03680978-1746-4806-9adb-e59516b1e796,,Medical Supply Items,"Urine Cup Plastic, 40ml",CONCEPT-SET,
665fd783-9089-46b8-bee5-20d9e7c92e79,,Medical Supply Items,GUIDING CATHETER IMA 6F,CONCEPT-SET,
390d3212-9a84-44f1-a322-98b015006a6e,,Medical Supply Items,"GUIDING CATHETER AL1, 6Fr",CONCEPT-SET,
344bfcf3-54dc-4b45-b18c-a8fd4793cbe1,,Medical Supply Items,GUIDING CATHETER 6F AR 2.0,CONCEPT-SET,
9205818a-ab13-4d9f-86f0-c6c0a957bc45,,Medical Supply Items,GUIDING CATHETER 6FR AR 1.0,CONCEPT-SET,
9a37c337-4b9f-49eb-9dfc-38ee486cb313,,Medical Supply Items,GUIDING CATHETER 6F EBU/voda left 3.5,CONCEPT-SET,
854ae667-8721-4c44-8feb-95dac759873d,,Medical Supply Items,GUIDING CATHETER 6FR EBU/ voda left 3.0,CONCEPT-SET,
081058a6-b4ea-4c95-a4d5-f48f26d23b10,,Medical Supply Items,GUIDING CATHETER 6FR EBU/ voda left 4.0,CONCEPT-SET,
08065b89-a0c1-4a49-a342-92b62cd2a832,,Medical Supply Items,GUIDING CATHETER 7FR EBU/ voda left 3.5,CONCEPT-SET,
739533e9-e833-4bf5-a87d-fb3814e55d88,,Medical Supply Items,"ANGIOGRAPHIC GUIDEWIRE 0.035"", 260CM, J TIP BOX5",CONCEPT-SET,
980a844b-6f78-44d5-9390-87f32f664247,,Medical Supply Items,ANGIOGRAPHIC GUIDEWIRE 0.032 × 145CM J TIP hydrophilic wire,CONCEPT-SET,
1cdec0d9-c92e-4849-b84b-2e3c00fc3a7e,,Medical Supply Items,ANGIOGRAPHIC GUIDEWIRE 0.038 × 145CM J TIP 3MM,CONCEPT-SET,
826dd925-b2f6-401e-b5aa-b7bd4e91e729,,Medical Supply Items,Mechanical Valve prostheses Aortic Valve 21mm,CONCEPT-SET,
7f2d24c1-d50b-405e-8257-0ccf22ebd693,,Medical Supply Items,Mechanical Valve prostheses Aortic Valve 19mm,CONCEPT-SET,
44c915fc-35f0-40fe-9cef-7f44c59c3f79,,Medical Supply Items,"PCI Guide wire Floppy LIGHT SUPPORT, 190CM, JTIP",CONCEPT-SET,
f0eed3f9-c2d0-4881-b4d4-74c9e68e4ba9,,Medical Supply Items,PCI Guide wire Hydrophilic 180,CONCEPT-SET,
a7899763-ad6c-4ba2-95a6-e7ecdf655ea0,,Medical Supply Items,"PCI Guide wire FLOPPY, LIGHT SUPPORT, J TIP, 300cm",CONCEPT-SET,
cf4b3eb3-39c3-4d47-993c-e6253ec85bb3,,Medical Supply Items,PCI Guide wire medium support 180cm,CONCEPT-SET,
bb371607-6360-47a8-9be5-23091c478f8b,,Medical Supply Items,PCI Guide wire HYDROPHILLIC WORKHORSE 180CM 3g,CONCEPT-SET,
cf0496c9-edac-41ad-8d9b-80f21e344697,,Medical Supply Items,Mechanical Valve prostheses Mitral Valve 27mm,CONCEPT-SET,
c5cf04e6-36d3-42f9-8925-ec8b98782243,,Medical Supply Items,DRUG ELUTING STENT 2.25 x 18MM (17 19),CONCEPT-SET,
77742c6f-8223-4b21-877b-92b39ccbd355,,Medical Supply Items,Mechanical Valve prostheses Mitral Valve 29mm,CONCEPT-SET,
0d46d9ad-4cf8-4f8d-80e5-e158d2fec5f3,,Medical Supply Items,DRUG ELUTING STENT 2.25 x 22MM (21 23),CONCEPT-SET,
4098032c-d546-4f87-933d-65ee2600c28d,,Medical Supply Items,DRUG ELUTING STENT 2.5 x 12MM (11 13),CONCEPT-SET,
720413e0-0407-4a8b-bfeb-57cf4a9aa5d2,,Medical Supply Items,DRUG ELUTING STENT 2.5 x 15MM (14 16),CONCEPT-SET,
99070648-854a-4675-bcbf-7cd464266d10,,Medical Supply Items,Luer lock,CONCEPT-SET,
eb160cc8-ac4d-4850-afde-d7fe587068d2,,Medical Supply Items,Liga Clips small,CONCEPT-SET,
b4448b8d-9dae-4ae1-834f-329bb048102a,,Medical Supply Items,DRUG ELUTING STENT 2.5 x 18MM (17 19),CONCEPT-SET,
073fbad9-dcc0-41dd-a6e2-f1d431375fdd,,Medical Supply Items,DRUG ELUTING STENT 2.5 x 22MM (21 23),CONCEPT-SET,
fb59730e-2e99-4f9d-90ae-b344f5dba903,,Medical Supply Items,DRUG ELUTING STENT 2.5 x 26MM (25 27),CONCEPT-SET,
794677f6-d18d-4782-82c3-ef350650e125,,Medical Supply Items,DRUG ELUTING STENT 2.5 x 34MM (33 35),CONCEPT-SET,
4b1b1554-fa45-4818-9fb2-6e6c16d707d5,,Medical Supply Items,DRUG ELUTING STENT 2.75 x 15MM (14 16),CONCEPT-SET,
d8ccea60-f68e-4c8f-acfc-d6b01c11d748,,Medical Supply Items,Liga Clips Medium,CONCEPT-SET,
d1d14bea-6d40-4252-9b07-c16d57321e54,,Medical Supply Items,DRUG ELUTING STENT 2.75 x 18MM (17 19),CONCEPT-SET,
ff42244b-1813-414b-b0a1-8b3d4c335099,,Medical Supply Items,DRUG ELUTING STENT 2.75 x 22MM (21 23),CONCEPT-SET,
2fca92e8-a099-48c6-a6e2-37f3f5df7d2d,,Medical Supply Items,DRUG ELUTING STENT 2.75 x 26MM (25 27),CONCEPT-SET,
d2ffa0ab-a0ae-4ec9-a128-cac1ec0d0930,,Medical Supply Items,Gore Tex suture CV 5,CONCEPT-SET,
eae232ec-1b4a-4450-8ac9-ba8cc5ac427d,,Medical Supply Items,DRUG ELUTING STENT 2.75 x 34MM (33 35),CONCEPT-SET,
f2ec5e37-36b0-41ab-ac87-e1cec3e3c6c0,,Medical Supply Items,DRUG ELUTING STENT 3.0 x 8MM (7 9),CONCEPT-SET,
44d6e890-6469-47b1-ae87-d0a5d81bd83b,,Medical Supply Items,GoreTex suture CV 4,CONCEPT-SET,
48ba337e-8235-424c-aa77-b4f32cd12020,,Medical Supply Items,DRUG ELUTING STENT 3.0 x 12MM (11 13),CONCEPT-SET,
9f866106-5a38-4763-bce2-03a7e3107f1f,,Medical Supply Items,Extensions 15cm,CONCEPT-SET,
3e5f520e-d60a-46e2-bd73-3f04f5fe94c8,,Medical Supply Items,Extensions 100cm,CONCEPT-SET,
e018bcc2-1355-43d0-99b9-e6b9c9dfbe18,,Medical Supply Items,DRUG ELUTING STENT 3.0 x 18MM (17 19),CONCEPT-SET,
5971e97b-14f8-4381-a5c8-756f8bf3176e,,Medical Supply Items,DRUG ELUTING STENT 3.0 x 22MM (21 23),CONCEPT-SET,
01e7338b-180f-4341-84c9-27fdbf9c5c0c,,Medical Supply Items,DRUG ELUTING STENT 3.0 x 26MM (25 27),CONCEPT-SET,
03ab6afc-c5e7-4e79-84b4-6e0f0727dbeb,,Medical Supply Items,DRUG ELUTING STENT 3.0 x 30MM (29 31),CONCEPT-SET,
89387501-14f6-41f3-9b30-078df40b010e,,Medical Supply Items,DRUG ELUTING STENT 3.5 x 12MM (11 13),CONCEPT-SET,
8e5c2417-29af-4548-bcf3-c6f7df5709dd,,Medical Supply Items,DRUG ELUTING STENT 3.5 x 18MM (17 19),CONCEPT-SET,
3f85e92b-3ee5-4cc5-9355-84ae4398f232,,Medical Supply Items,DRUG ELUTING STENT 3.5 x 22MM (21 23),CONCEPT-SET,
30d87ebc-a1d9-45bd-8450-813850e723ca,,Medical Supply Items,DRUG ELUTING STENT 4.0 x 12MM (11 13),CONCEPT-SET,
b725547c-cac4-4eac-a799-2b6ebeb3847c,,Medical Supply Items,CORONARY BALLOON DILATION CATHETERS semicompliant balloon 1.25 X 6MM (5 7),CONCEPT-SET,
81ea9c23-0775-4ff9-aa8d-362d13bef5bc,,Medical Supply Items,Extensions 200 cm,CONCEPT-SET,
f9ccbe08-8139-4d83-95b0-11ce3895a8d8,,Medical Supply Items,CORONARY BALLOON DILATION CATHETERS semicompliant balloon 1.25 X 10MM (9 11) SPL12510X,CONCEPT-SET,
ec719ba2-1c66-48f1-aa5a-c24c4d1df0dc,,Medical Supply Items,CORONARY BALLOON DILATION CATHETERS semicompliant balloon 1.5 X 6MM (5 7),CONCEPT-SET,
90bf2b3e-44d8-46c1-8e45-c1e1789d0328,,Medical Supply Items,CORONARY BALLOON DILATION CATHETERS semicompliant balloon 1.5 X 10MM (9 11),CONCEPT-SET,
bdc04aa9-b65b-4cfb-9b6e-80c3bf7a9e41,,Medical Supply Items,CORONARY BALLOON DILATION CATHETERS semicompliant balloon 1.5 X 15MM (14 16),CONCEPT-SET,
0d163bbc-03dc-4a6b-baa5-1028db1e54a9,,Medical Supply Items,"Ethibond 2 0 non pledgetted, 17mm",CONCEPT-SET,
232948e6-907e-4d30-bf0c-3550227ca833,,Medical Supply Items,CORONARY BALLOON DILATION CATHETERS semicompliant balloon 1.5 X 20MM (19 21),CONCEPT-SET,
ef741b56-515d-4da6-8a07-ac8ac09fdcfe,,Medical Supply Items,"Ethibond 2 0 non pledgetted, 21mm",CONCEPT-SET,
a26e2c7d-31f2-4a88-bd73-d4b91be2928c,,Medical Supply Items,"Ethibond 2 0 pledgetted, 17mm",CONCEPT-SET,
0ba08efb-ada0-4112-8870-cdbdfb7db504,,Medical Supply Items,"Ethibond 2 0 pledgetted, 21mm",CONCEPT-SET,
0cdeb2dc-ca1a-4937-afd6-a1e0dd7b8c55,,Medical Supply Items,CORONARY BALLOON DILATION CATHETERS semicompliant balloon 2.0 X 6MM (6 8 ),CONCEPT-SET,
f58c09f3-a78a-4379-9f28-e1e7458a6958,,Medical Supply Items,CORONARY BALLOON DILATION CATHETERS semicompliant balloon 2.0 X 10MM (9 11),CONCEPT-SET,
8d3d27c2-28d0-4eaf-ac29-f3e917d7ccf0,,Medical Supply Items,CORONARY BALLOON DILATION CATHETERS semicompliant balloon 2.0 X 15MM (14 16),CONCEPT-SET,
6a0bb009-278e-4b41-8df5-6cc2ba51c4ab,,Medical Supply Items,CORONARY BALLOON DILATION CATHETERS semicompliant balloon 2.0 X 20MM (19 21),CONCEPT-SET,
34142d40-43ef-4cb6-91d6-7d5d16f12ffe,,Medical Supply Items,CORONARY BALLOON DILATION CATHETERS semicompliant balloon 2.5 x 15MM (14 16),CONCEPT-SET,
cb373bfb-6a55-4dc4-8486-736235d4c8d0,,Medical Supply Items,CORONARY BALLOON DILATION CATHETERS semicompliant balloon 2.5 X 10MM (9 11),CONCEPT-SET,
548dd927-d7ba-4e87-b57b-c7e646b1e7f2,,Medical Supply Items,CORONARY BALLOON DILATION CATHETERS semicompliant balloon 2.5 X 6MM (5 7),CONCEPT-SET,
bbdba78d-d800-44d5-a110-0fb11d425390,,Medical Supply Items,CORONARY BALLOON DILATION CATHETERS semicompliant balloon 2.5 X 20MM (19 21),CONCEPT-SET,
7fb7c177-5514-4dfe-9bbf-45049e959e79,,Medical Supply Items,ECG leads,CONCEPT-SET,
119a3130-9e88-419d-8248-3452cb1a89fe,,Medical Supply Items,NC PTCA BALLOON CATHETER 2.5 X 8MM (7 9),CONCEPT-SET,
da3de99e-b43d-49ce-a707-294dc669edc0,,Medical Supply Items,NC PTCA BALLOON CATHETER 2.5 x 12MM (11 13),CONCEPT-SET,
567f212e-62be-4f5b-b3ed-8e090b5f950f,,Medical Supply Items,NC PTCA BALLOON CATHETER 2.75 X 8MM (7 9 ),CONCEPT-SET,
ee1e2349-ee95-496d-ad89-38a7f6d69fb9,,Medical Supply Items,NC PTCA BALLOON CATHETER 2.75 X 12MM (11 13),CONCEPT-SET,
1ad7f72d-e811-4d6a-b468-8b42ae0936b5,,Medical Supply Items,NC PTCA BALLOON CATHETER 2.75 x 15MM (14 16),CONCEPT-SET,
f3dc0342-c4cc-4bea-830f-eb9636638f8a,,Medical Supply Items,NC PTCA BALLOON CATHETER 3.0 x 8MM (7 9),CONCEPT-SET,
6a8b410e-ab86-4bd3-a579-4367d47ad810,,Medical Supply Items,NC PTCA BALLOON CATHETER 3.0 x 12MM (11 13),CONCEPT-SET,
2da03175-2373-49f1-9db5-dfa20f7cb0f5,,Medical Supply Items,NC PTCA BALLOON CATHETER 3.0 X 15MM ( 14 16 ),CONCEPT-SET,
7cf0126a-d7c6-4771-bb5d-d9fdc884a1e8,,Medical Supply Items,NC PTCA BALLOON CATHETER 3.25 X 8MM (7 9),CONCEPT-SET,
9bc105fb-5fe2-4fa4-9367-4b29e94ccf93,,Medical Supply Items,NC PTCA BALLOON CATHETER 3.25 X 15MM (14 16),CONCEPT-SET,
42967346-9a37-4f7a-ac29-144f1f776800,,Medical Supply Items,NC PTCA BALLOON CATHETER 3.50 X 8MM (7 9),CONCEPT-SET,
96e5467e-b69d-450d-9504-dd8bb6db22cc,,Medical Supply Items,NC PTCA BALLOON CATHETER 3.50 X 12MM ( 11 13),CONCEPT-SET,
c75b5871-5569-4caf-86f3-09c88791eb31,,Medical Supply Items,"5Fr. TransRadial Introducer kit with introducer sheath, dilator, SPRINGmini guidewire. Introduce like 5Fr, use as a 6Fr 11CM SHEATH,",CONCEPT-SET,
c89eda8b-32b9-479d-aeb4-f3d74066d1b1,,Medical Supply Items,"Femoral INTRODUCER, 11CM SHEATH, 17CM DILATOR, 0.038"" GUIDEWIRE SET, 6F",CONCEPT-SET,
c0eaf59b-e774-4474-b273-494f216a8271,,Medical Supply Items,"Femoral INTRODUCER, 11CM SHEATH, 17CM DILATOR, 0.038"" GUIDEWIRE SET, 7F",CONCEPT-SET,
137f5081-4b87-4e70-9951-224fdf40fc50,,Medical Supply Items,"26 30 ATM INFLATION DEVICE AND PITON ACCESSORIES / PCI Kit with 26 30 ATM , Y Adaptor, Torque device, Insertion tool , High pressure",CONCEPT-SET,
e0187309-738b-4185-8650-d7bdd7d81252,,Medical Supply Items,Manifold 3way,CONCEPT-SET,
bc725891-48fd-405e-bc14-d5e9a146f3b1,,Medical Supply Items,Thrombus ASPIRATION CATHETER 6F,CONCEPT-SET,
6d7e08b8-2ee4-4e74-9d45-8b729278cd20,,Medical Supply Items,Puncture needle 18G,CONCEPT-SET,
30a150da-1cce-4a5a-b175-24c03baf0ff1,,Medical Supply Items,"ANGIODRAPE, 2 FEMORAL HOLES, ONE TRANSPARENT (RIGHT SIDE) 330x218cm",CONCEPT-SET,
69755b6b-5bed-4c68-90e1-48f7b104b1e8,,Medical Supply Items,Sterile waterproof covering for table 150 x 250 CM,CONCEPT-SET,
ee540f6a-4f79-4388-b057-1c5bd40212ae,,Medical Supply Items,Image intensifier cover 90x90cm,CONCEPT-SET,
219fd1ee-c2bb-4730-a74e-a1ef8eba4df0,,Medical Supply Items,ANGIOGRAPHIC SYRINGE 10ML WITH ROTATING ADAPTER,CONCEPT-SET,
011fbca6-bb89-479a-88c8-d152b51cd308,,Medical Supply Items,CVP line kit,CONCEPT-SET,
77aa737e-cb90-4812-a84a-a073dd8caf5b,,Medical Supply Items,Cardioplegia Delivery system,CONCEPT-SET,
3b04b052-67db-41ad-874a-d7b3876bfc7f,,Medical Supply Items,Cardioplegia aortic root needle 14G,CONCEPT-SET,
8d919c03-4ca8-45d3-8791-c00d4de90e2a,,Medical Supply Items,Cardioplegia aortic root needle 16G,CONCEPT-SET,
06fb217e-48b6-4042-9a37-8ddadbeb832c,,Medical Supply Items,Cardioplegia aortic root needle 18G,CONCEPT-SET,
834c6aa5-5d32-4896-8c1f-cecb3a9ba620,,Medical Supply Items,Bone wax,CONCEPT-SET,
f37be223-e956-48e8-9853-cd75c3e7bd69,,Medical Supply Items,Arterial filter Adult,CONCEPT-SET,
376fffd2-e7cc-4afe-8776-c70e84fe69b3,,Medical Supply Items,Arterial filter Pediatric,CONCEPT-SET,
0f9b6117-82f4-4a84-ad92-b97bdfc285d1,,Medical Supply Items,"Femoral Introducer Sheath F14 ,11cm",CONCEPT-SET,
0f830186-e86c-441d-85da-4a8689d8aed7,,Medical Supply Items,INTRODUCER NEEDLE 18G,CONCEPT-SET,
9b7df9ec-38b3-4253-ab62-763a7aad0e6e,,Medical Supply Items,"BRKTM 1 Transeptal Needle 71cm, 1.3,.50mm ST. JUDE MEDICAL",CONCEPT-SET,
6cffc85f-2725-4535-9472-65eb3fe2e357,,Medical Supply Items,"BRKTM XS Transeptal Needle 71cm, 1.3,.50mm ST. JUDE MEDICAL",CONCEPT-SET,
71b707a0-d061-477c-af52-e28da9e8763d,,Medical Supply Items,"BRKTM Transeptal Needle 71cm, 1.3,.50mm ST. JUDE MEDICAL",CONCEPT-SET,
b9ba13ca-29b3-4568-b4b4-dc093c9e86e7,,Medical Supply Items,"SWARTZTM Braided Transseptal Guiding Introducer SL0 8.5F ,67cm",CONCEPT-SET,
e187b3b9-aa62-4dcf-8b68-50652f0decd9,,Medical Supply Items,"FAST CATHTM SL1 Transeptal Guiding Introducer 8.5F ,67cm",CONCEPT-SET,
e19861bc-b083-4981-9e58-efc44ee18f58,,Medical Supply Items,INOUE BALLOON 22mm,CONCEPT-SET,
54d7696f-4441-43f7-9969-b8d9d347ee42,,Medical Supply Items,INOUE BALLOON 24mm,CONCEPT-SET,
40d0cb9b-e133-4735-86a6-e05dbd80ba9a,,Medical Supply Items,INOUE BALLOON 26mm,CONCEPT-SET,
aaae4c96-032c-45b2-80fa-9c2ef805e52a,,Medical Supply Items,INOUE BALLOON 28mm,CONCEPT-SET,
5db2a080-5c5a-426b-b3f9-1d0ac05dfdc8,,Medical Supply Items,Inflation Device,CONCEPT-SET,
b382eebe-a575-4c75-996e-95eb1ef0e935,,Medical Supply Items,"Snaires , 10 x 20",CONCEPT-SET,
7cee8524-b44d-40d9-a916-e1d4355e9c3a,,Medical Supply Items,active fixation lead 58cm,CONCEPT-SET,
fd9f5174-f460-4d93-9f69-023d8bfe288c,,Medical Supply Items,"snaires , 10 x 15",CONCEPT-SET,
8a71615a-a4ac-4e79-b592-3e3030cd635b,,Medical Supply Items,active fixation lead 52cm,CONCEPT-SET,
9d9af914-6ddb-4493-b7fa-602fe6a69bf6,,Medical Supply Items,Introducer 7FR Peel away,CONCEPT-SET,
3eaa9d74-1047-4499-89f2-5d2052df99a4,,Medical Supply Items,Introducer 9FR Peel away,CONCEPT-SET,
e8ee340b-dbb5-4b8c-8cd2-a432080177b2,,Medical Supply Items,"Sheath short ( 7.5 CM) Introducer sheath, dilator, mini,guide wire 4F",CONCEPT-SET,
1d27130c-1182-49e6-90c9-a9e3b2192ba5,,Medical Supply Items,"Sheath short ( 7.5 CM) Introducer sheath, dilator, mini,guide wire 5F",CONCEPT-SET,
3976a47d-48c2-41a3-b97d-bfaa4bc13948,,Medical Supply Items,"Sheath short ( 7.5 CM) Introducer sheath, dilator, mini,guide wire 6F",CONCEPT-SET,
ee6478d2-919d-4f77-990b-25c30734f932,,Medical Supply Items,"Sheath short ( 7.5 CM) Introducer sheath, dilator, mini,guide wire 7F",CONCEPT-SET,
1d608ca4-9ff6-4edd-aaf2-0e419721352d,,Medical Supply Items,CABLE For programming ( testing cable ) 2292,CONCEPT-SET,
5b41cc61-a772-4ffe-835b-8f34da69367e,,Medical Supply Items,Epicardial leads 4968 35,CONCEPT-SET,
4286b741-065d-4e27-9f36-0094701b4ada,,Medical Supply Items,"Sheath short ( 7.5 CM) Introducer sheath, dilator, mini,guide wire 8F",CONCEPT-SET,
439c8e4d-fe21-4f91-a001-a8e077e22949,,Medical Supply Items,"Sheath short ( 7.5 CM) Introducer sheath, dilator, mini,guide wire 10F",CONCEPT-SET,
3f4a89d9-d472-41dd-a1c9-7a7bd13da5b1,,Medical Supply Items,"Sheath short ( 7.5 CM) Introducer sheath, dilator, mini,guide wire 12F",CONCEPT-SET,
73d5b303-a7cd-4266-acff-fb957699450a,,Medical Supply Items,Septal Occluder ASD012 device size 12,CONCEPT-SET,
99bad2ec-1aca-44da-b589-7e12a3632498,,Medical Supply Items,Septal Occluder ASD014 device size 14,CONCEPT-SET,
f5df641c-f45b-4e78-9a19-0814bc51cb1e,,Medical Supply Items,"NIH CATHETER, 5F ( PED. 80CM)",CONCEPT-SET,
5d2f3779-d655-4516-a8f3-5ddae01c288c,,Medical Supply Items,Septal Occluder ASD015 device size 15,CONCEPT-SET,
25f3073f-7772-49bc-8950-7111302aefa3,,Medical Supply Items,Septal Occluder ASD018 device size 18,CONCEPT-SET,
fb09431f-7c0c-4131-9f80-360c88a42090,,Medical Supply Items,"NIH CATHETER,4F ( PED. 50CM)",CONCEPT-SET,
85537b35-2604-4279-ab5c-b0c74703c05c,,Medical Supply Items,Septal Occluder ASD020 device size 20,CONCEPT-SET,
2f5767e8-567c-46df-a4ec-e288f38ce5a2,,Medical Supply Items,DIAGNOSTIC CATHETER 5FR × 100CM JR 4,CONCEPT-SET,
b9756902-b953-471b-bd6d-1cdee0690568,,Medical Supply Items,Septal Occluder ASD022 device size 22,CONCEPT-SET,
c8bff472-3bc9-417e-9766-6af19e082b9c,,Medical Supply Items,Septal Occluder ASD024 device size 24,CONCEPT-SET,
2373ff64-49f5-471b-a64c-e78222dc8e6f,,Medical Supply Items,Septal Occluder ASD026 device size 26,CONCEPT-SET,
bb6ad520-caf7-4b36-9670-94f0dec7e613,,Medical Supply Items,DIAGNOSTIC CATHETER 5FR × 100CM JR 3.5,CONCEPT-SET,
92fcbd25-9276-4c35-bf35-af56dfad5292,,Medical Supply Items,Septal Occluder ASD028 device size 28,CONCEPT-SET,
feb0d266-2aa4-4aa6-a1bf-6f461bfc0cb2,,Medical Supply Items,Septal Occluder ASD030 device size 30,CONCEPT-SET,
91f7a050-1785-4b0e-8bef-4ef542e35507,,Medical Supply Items,Septal Occluder ASD032 device size 32,CONCEPT-SET,
90583b98-74af-433c-9d14-a6fdf61a53bc,,Medical Supply Items,Septal Occluder ASD034 device size 34,CONCEPT-SET,
982b9376-47dd-4df4-8366-da739b85af74,,Medical Supply Items,Septal Occluder ASD038 device size 38,CONCEPT-SET,
98003fa0-1f99-4b2a-b339-cc66ea6fa6c0,,Medical Supply Items,"MPA 1/ MULTIPURPOSE ,CATHETER 6F",CONCEPT-SET,
fafb2eae-d060-4eef-9f5a-43055a2480d4,,Medical Supply Items,"MPA 1/ MULTIPURPOSE ,CATHETER 5F",CONCEPT-SET,
46af3a05-34cc-445d-b65a-52b2ee378e0d,,Medical Supply Items,DIAGNOSTIC PIGTAIL CATHETER 5F,CONCEPT-SET,
921c60f3-5973-4669-a2a6-682221b60cf5,,Medical Supply Items,DIAGNOSTIC PIGTAIL CATHETER 4F,CONCEPT-SET,
44615cf1-ea6d-4084-85f9-81ec3654a984,,Medical Supply Items,Duct occluder 8x6,CONCEPT-SET,
d83afae4-3979-4c27-aa05-53387a297e4a,,Medical Supply Items,"Regular J tip guidewire .035""x150cm, Non Hydrophilic",CONCEPT-SET,
dec8192a-1e81-46d3-9095-1dc3ce5d9b7b,,Medical Supply Items,Duct occluder 10x8,CONCEPT-SET,
98c7cb00-98c5-4716-8087-83efd9e69e09,,Medical Supply Items,"Regular J tip guidewire .035""x180cm, Non Hydrophilic",CONCEPT-SET,
3ac34d2c-77c1-44f6-9da0-237977d96754,,Medical Supply Items,Duct occluder 12x10,CONCEPT-SET,
7d52acb2-df23-4a34-a6de-2a47ea7ebbc8,,Medical Supply Items,"Regular J tip guidewire .035""x260cm, Non Hydrophilic",CONCEPT-SET,
684bb567-bcfc-481a-822e-b28b1ac89bd1,,Medical Supply Items,Duct occluder 14x12,CONCEPT-SET,
6b6a8fbd-bbed-4bbf-979e-e832842ffdf7,,Medical Supply Items,Duct occluder 16x14,CONCEPT-SET,
21773764-e95b-4b6d-bcf6-b5cd5482d421,,Medical Supply Items,0.035 × 150CM J TIP Hydrophilic,CONCEPT-SET,
d34c90a5-b52c-4d6d-aed4-60ca0d61d02a,,Medical Supply Items,0.025 × 150CM J TIP Hydrophilic,CONCEPT-SET,
14ad439c-5036-4af0-ad5a-d69a6bfd0ff7,,Medical Supply Items,VSD MUSC008 size 8,CONCEPT-SET,
3e4e4e71-37fb-40f5-af48-54a0d1198033,,Medical Supply Items,VSD MUSC010 size 10,CONCEPT-SET,
f73cbe8c-9a59-4d43-bc32-13fa5dc319cc,,Medical Supply Items,VSD MUSC012 size 12,CONCEPT-SET,
dbca845f-fdce-4a3d-a08b-20f02ef5d0e6,,Medical Supply Items,Delivery Sheath 06F18060,CONCEPT-SET,
3ad31ec2-91ec-4d71-823e-a2d29a070822,,Medical Supply Items,Delivery Sheath 06F18080,CONCEPT-SET,
e4ff03ad-aa20-4565-8789-3cd22e05c91f,,Medical Supply Items,Delivery Sheath 07F18080,CONCEPT-SET,
cd42000d-d337-4f1b-a0eb-e8eb3148e4be,,Medical Supply Items,Balloon Dilatation Catheter (Balloon Diameter X balloon length) 10mmx3cm,CONCEPT-SET,
f71881c6-3e59-45b2-bca2-dbb96ee20eea,,Medical Supply Items,Balloon Dilatation Catheter (Balloon Diameter X balloon length) 12mmx2cm,CONCEPT-SET,
ed502b94-8df8-4aeb-b2c0-ce14bde773d4,,Medical Supply Items,Delivery Sheath 07F18060,CONCEPT-SET,
d41e2946-f5cc-47d7-b6e4-bbb9642d1401,,Medical Supply Items,Balloon Dilatation Catheter (Balloon Diameter X balloon length) 12mmx3cm,CONCEPT-SET,
3fd9a02c-56b8-4b36-a9d7-794334ba004e,,Medical Supply Items,Delivery Sheath 08F18080,CONCEPT-SET,
2f4ee910-b167-4774-a209-42652f701884,,Medical Supply Items,Delivery Sheath 08F4560,CONCEPT-SET,
1ef17f5e-8680-49da-9c4c-0d834cc239c8,,Medical Supply Items,Balloon Dilatation Catheter (Balloon Diameter X balloon length) 14mmx3cm,CONCEPT-SET,
bfe1c679-e5b6-4398-9064-de5dca29f049,,Medical Supply Items,Delivery Sheath 08F4580,CONCEPT-SET,
7e6c9351-8241-40df-b5c4-ff4545091c87,,Medical Supply Items,Balloon Dilatation Catheter (Balloon Diameter X balloon length) 15mmx3cm,CONCEPT-SET,
c69393ef-a293-4366-a527-9c9aa8a35bbf,,Medical Supply Items,Delivery Sheath 09F4580,CONCEPT-SET,
f60d84c7-21c2-478d-b9c1-bfb5fe85aa14,,Medical Supply Items,Balloon Dilatation Catheter (Balloon Diameter X balloon length) 16mmx3/4cm,CONCEPT-SET,
2a524a27-54e5-48fc-8c2d-87ab8e08232e,,Medical Supply Items,Delivery Sheath 10F4580,CONCEPT-SET,
62e93911-dba4-4126-bb9c-ca9fcea4bfb0,,Medical Supply Items,Delivery Sheath 12F4580,CONCEPT-SET,
33b06acb-ed8f-4257-ae7c-0b5d30088a34,,Medical Supply Items,Balloon Dilatation Catheter (Balloon Diameter X balloon length) 18mmx4cm,CONCEPT-SET,
ddc895ef-a661-48be-a2bb-0ab90ecba7d0,,Medical Supply Items,Delivery Sheath 14F4580,CONCEPT-SET,
9667574c-efea-4a19-b396-1426712d8a2e,,Medical Supply Items,Balloon Dilatation Catheter (Balloon Diameter X balloon length) 20mmx4cm,CONCEPT-SET,
298ef5ab-e0be-4aa9-a692-8bd1ed36b5ac,,Medical Supply Items,Balloon Dilatation Catheter (Balloon Diameter X balloon length) 20mmx5cm,CONCEPT-SET,
0c5dc6bc-91c7-4a9c-ad49-ee7336bda675,,Medical Supply Items,Balloon Dilatation Catheter (Balloon Diameter X balloon length) 25mmx4cm,CONCEPT-SET,
c967a596-fc34-45b2-9b9f-16d852718af4,,Medical Supply Items,Balloon Dilatation Catheter (Balloon Diameter X balloon length) 25mmx5cm,CONCEPT-SET,
faae726b-34d7-417b-9838-b69894417aec,,Medical Supply Items,Balloon Dilatation Catheter (Balloon Diameter X balloon length) 26mmx4cm,CONCEPT-SET,
5893c329-0d3c-4a29-9514-21166611e88d,,Medical Supply Items,Balloon Dilatation Catheter (Balloon Diameter X balloon length) 26mmx6cm,CONCEPT-SET,
3911fd9c-6e28-4e98-b2f6-052e83adaf0a,,Medical Supply Items,"Sheath short ( 7.5 CM) Introducer sheath, dilator, mini,guide wire 9F",CONCEPT-SET,
4f767006-1ed8-4f59-a3c6-ffb21afda29c,,Medical Supply Items,Contact activated blood lancet length 2mm,CONCEPT-SET,
fea34f05-186d-4107-9227-e02f9137b077,,Medical Supply Items,Mechanical Valve prostheses Mitral Valve 25mm,CONCEPT-SET,
9a7f9609-7652-4fa8-8476-4819cb4e1fbb,,Medical Supply Items,PDS loops II Violet (96 inches looped to 48 inches),CONCEPT-SET,
3357ad49-95ad-40f5-8817-5293c43a2420,,Medical Supply Items,"Prolone 6.0 double armed round, 75cm long",CONCEPT-SET,
bc634876-185d-4be0-9d24-6045224547c7,,Medical Supply Items,"Prolene 5.0 double armed round, 75cm long",CONCEPT-SET,
68ef8ec9-4c11-41c9-9951-cee6fc4b97e0,,Medical Supply Items,"Prolene 3.0 double armed round, 75cm long",CONCEPT-SET,
7506060a-add6-4d49-8229-37d720723abc,,Medical Supply Items,"Prolene 4.0 double armed round, 75cm long",CONCEPT-SET,
0f390092-7425-43ff-b1e4-52556397d56d,,Medical Supply Items,"Polydioxanone (PDS) 5.0 round, 75cm long",CONCEPT-SET,
4d966012-da45-490f-b511-54c24c115eab,,Medical Supply Items,"Polydioxanone (PDS) 4.0 round, 75cm long",CONCEPT-SET,
a257dba9-4e36-4f7e-b1a5-7f0e8f6dafd6,,Medical Supply Items,"Prolene 7.0, Double armed, round, 15 20cm needle length, 60 75cm stich length",CONCEPT-SET,
d43b46c9-2d58-4425-ae0d-d67c93817d2c,,Medical Supply Items,Cauthery patient plate/pad Plastic Electero cauthery plates,CONCEPT-SET,
a1d8fd09-5b7b-4267-97f4-4d44c3975887,,Medical Supply Items,"Silk ties (sutures without needle) 2.0, 45cm long (5 12 strands/ties per package)",CONCEPT-SET,
03313483-04e6-4a5a-a9b5-d1627862fde2,,Medical Supply Items,"Silk ties (sutures without needle) 0, 75cm (4 6 strands/ties per package )",CONCEPT-SET,
0ce82962-3b0c-487d-8464-305ea2ad0d6d,,Medical Supply Items,Delivery sheath 9 ITV07F45/60,CONCEPT-SET,
0a5eef6c-54ea-49b2-af36-0fc69c20da80,,Medical Supply Items,Delivery sheath 9 ITV08F45/80,CONCEPT-SET,
c461c50f-a1c8-4ef7-bcb3-425637ca6f5f,,Medical Supply Items,Delivery sheath 9 ITV09F45/80,CONCEPT-SET,
240b50f3-8c43-46a0-9135-5489042bd389,,Medical Supply Items,Delivery sheath 9 ITV10F45/80,CONCEPT-SET,
6f83ecc8-ad28-42a0-a388-fab836b3b319,,Medical Supply Items,Delivery sheath 9 ITV12F45/80,CONCEPT-SET,
cae23058-66b5-47c2-99bc-4a140581fcea,,Medical Supply Items,Delivery sheath 9 ITV06F180/80,CONCEPT-SET,
9a9825fb-c0d5-4d41-9340-951d38682410,,Medical Supply Items,Delivery sheath 9 ITV07F180/80,CONCEPT-SET,
e260f818-0dd7-4515-95cd-f52cfe6bc194,,Medical Supply Items,Delivery sheath 9 ITV06F45/60,CONCEPT-SET,
d6cca69d-e400-4972-958b-49a85ede415b,,Medical Supply Items,Endotracheal Tube 18CH,CONCEPT-SET,
e7a2cb6b-23e3-4c57-a774-0486725b8f20,,Medical Supply Items,Septal Occluder ASD012 device size 12 with (Delivery sheath 9 ITV07F45/60),CONCEPT-SET,
b7568022-408e-455c-8191-4ca5490564b0,,Medical Supply Items,Septal Occluder ASD014 device size 14 with (Delivery sheath 9 ITV07F45/60),CONCEPT-SET,
3d1e4fe4-8126-46b3-a1f3-699d8ffa6646,,Medical Supply Items,Septal Occluder ASD015 device size 15 with (Delivery sheath 9 ITV07F45/60),CONCEPT-SET,
a341e741-5ebb-4e3e-a1c6-c9391dac2f06,,Medical Supply Items,Septal Occluder ASD018 device size 18 with (Delivery sheath 9 ITV08F45/80),CONCEPT-SET,
cb4aaf42-ead9-4afb-b3e3-e19fccee48a4,,Medical Supply Items,Septal Occluder ASD020 device size 20 with (Delivery sheath 9 ITV09F45/80),CONCEPT-SET,
5ee0fde7-2910-41f2-984e-5c1b750ef4c5,,Medical Supply Items,Septal Occluder ASD022 device size 22 with (Delivery sheath 9 ITV09F45/80),CONCEPT-SET,
a0ba057a-4db1-4855-bb82-87b484d63399,,Medical Supply Items,Septal Occluder ASD024 device size 24 with (Delivery sheath 9 ITV09F45/80),CONCEPT-SET,
caff09d4-ae5a-4059-8af4-1fd9327068a9,,Medical Supply Items,Septal Occluder ASD026 device size 26 with (Delivery sheath 9 ITV10F45/80),CONCEPT-SET,
6a1ac34c-7f1f-40f7-901c-bd28901e6cc2,,Medical Supply Items,Septal Occluder ASD028 device size 28 with (Delivery sheath 9 ITV10F45/80),CONCEPT-SET,
1dde9f94-d1bf-4ce9-823f-57faec4a83fe,,Medical Supply Items,Septal Occluder ASD030 device size 30 with (Delivery sheath 9 ITV10F45/80),CONCEPT-SET,
2553b02d-f5a9-4efa-a622-c498273890e1,,Medical Supply Items,Septal Occluder ASD032 device size 32 with (Delivery sheath 9 ITV12F45/80),CONCEPT-SET,
447bec3f-b09b-45cf-8106-d2550c69349a,,Medical Supply Items,Septal Occluder ASD034 device size 34 with (Delivery sheath 9 ITV12F45/80),CONCEPT-SET,
01ab7034-c194-43b5-8c9f-cda563dd5e06,,Medical Supply Items,Septal Occluder ASD038 device size 38 with (Delivery sheath 9 ITV12F45/80),CONCEPT-SET,
88e299aa-b4ae-4963-b9c0-63bc57ccf92f,,Medical Supply Items,Duct occluder 8x6 with (Delivery sheath 9 ITV06F180/80),CONCEPT-SET,
a199a846-5981-4898-b751-34643f9a593e,,Medical Supply Items,Duct occluder 10x8 with (Delivery sheath 9 ITV06F180/80),CONCEPT-SET,
63b0c27a-6f8e-4664-a198-08a685742012,,Medical Supply Items,Duct occluder 12x10 with (Delivery sheath 9 ITV07F180/80),CONCEPT-SET,
f045ebeb-29cb-4d5f-806f-18132227c3ce,,Medical Supply Items,Duct occluder 14x12 with (Delivery sheath 9 ITV07F180/80),CONCEPT-SET,
adbf90ec-f8d0-4ba9-9900-235cbed84e3e,,Medical Supply Items,Duct occluder 16x14 with (Delivery sheath 9 ITV07F180/80),CONCEPT-SET,
405552a1-c8d2-4f1d-bf5b-b96b5d14b371,,Medical Supply Items,VSD MUSC008 size 8 with (Delivery sheath 9 ITV06F45/60),CONCEPT-SET,
aba773ed-a252-4e36-b9e8-36979ae4dee7,,Medical Supply Items,VSD MUSC010 size 10 with (Delivery sheath 9 ITV06F45/60),CONCEPT-SET,
e2911c5f-4896-4ff5-b295-d8b46f9a2de4,,Medical Supply Items,VSD MUSC012 size 12 with (Delivery sheath 9 ITV07F45/60),CONCEPT-SET,
13e79b73-52bb-42ad-9675-14c548322993,,Medical Supply Items,Syringe (Disposable) 23G,CONCEPT-SET,
0503ba17-1cf6-4775-b137-8157a442ece6,,Medical Supply Items,Syringe (Disposable) 5ml with Needle 23G,CONCEPT-SET,
47b6d517-9fe4-48d9-bc6f-06c59696f9f4,,Medical Supply Items,"Gauze Compress 10cm x 10cm, Sterile",CONCEPT-SET,
a8f59fff-b794-4e51-92b3-4d9a1ee385a4,,Medical Supply Items,Etacoat 2.4%HPMC 2.3ml,CONCEPT-SET,
d925295f-d063-4a64-9759-0e1ee5614cdf,,Medical Supply Items,ADVIA 560 Thermal Paper,CONCEPT-SET,
c0b64205-0e2c-4069-8eae-2aec14ef46ea,,Medical Supply Items,ADVIA 360 Thermal Paper,CONCEPT-SET,
35a0a4ff-b942-463c-b715-ced591fb6d5c,,Medical Supply Items,Labeling Sticker,CONCEPT-SET,
b1ee54ee-83ff-4057-94cf-0e4ebe789b8b,,Medical Supply Items,"Filter Paper High Grade, Diameter 5.5cm",CONCEPT-SET,
7fffe297-1e42-484d-a23c-44902a6cf162,,Medical Supply Items,Spectra Optia Apheresis Platelet blood collecting bag in set,CONCEPT-SET,
3b6af493-1006-47d7-980c-66b2f3ca8dcc,,Medical Supply Items,Lint Free Disposable Lab Wipes 13.5 x 14.5 Inches,CONCEPT-SET,
f1a90246-ec1d-44df-b829-0f7614627c63,,Medical Supply Items,Lint Free Disposable Lab Wipes 12.5 x 14.4 Inches,CONCEPT-SET,
6dc94f2e-e122-4f38-82bb-74ab7fc5c3f1,,Medical Supply Items,"Biohazard Bags Disposable, Red 830x930mm",CONCEPT-SET,
bd5c42fd-ebd9-4d37-97c0-f9ccebf27653,,Medical Supply Items,"Adhesive Wound Plaster 19mm x 72mm, Sterile",CONCEPT-SET,
76127184-1cf4-4315-b217-a48f02e540c2,,Medical Supply Items,"Dialysis Blood Tube, Adult Free Size",CONCEPT-SET,
2bb0c4dc-a3e1-4fcc-b5a0-98eb7040569e,,Medical Supply Items,AV Fistula Needle 16G,CONCEPT-SET,
073bfd17-e86a-4b9f-a66b-3e8405475aa3,,Medical Supply Items,AV Fistula Needle 17G,CONCEPT-SET,
a0882e78-cfd7-4799-8702-a8ef550c375b,,Medical Supply Items,"Dialysis Catheter, Temporary Double Lumen 12FR, 15cm",CONCEPT-SET,
daf3c3bb-a8a1-4578-9c89-6ac21bb1cbc3,,Medical Supply Items,"Dialysis Catheter, Temporary Double Lumen 12FR, 20cm",CONCEPT-SET,
bd9f4809-7172-464e-af3e-01ca1da138a6,,Medical Supply Items,"Dialysis Catheter, Temporary Double Lumen 9FR, 12cm",CONCEPT-SET,
f2db8560-64ff-4d31-bab7-bf9ca204de8b,,Medical Supply Items,Dialyzer 1.7m2,CONCEPT-SET,
49b83d8e-f68f-4fbb-8edf-22efc6971dbf,,Medical Supply Items,Dialyzer 1.8m2,CONCEPT-SET,
16aa2a68-a078-422d-badf-e5b2dc729344,,Medical Supply Items,Dialyzer 1m2,CONCEPT-SET,
eed58c9c-bdb4-4cab-859c-02ab15e29cd5,,Medical Supply Items,Dialyzer 1.6m2,CONCEPT-SET,
14a14c59-24d1-4264-8546-963b088ed46e,,Medical Supply Items,Dialyzer 1.1m2,CONCEPT-SET,
254377d1-98d3-4e9e-a16a-a4e2d969e877,,Medical Supply Items,Dialyzer 1.9m2,CONCEPT-SET,
275d7d9a-65cc-4f34-bc58-bedd0af306b2,,Medical Supply Items,Dialyzer 1.5m2,CONCEPT-SET,
d3e0fb75-1ee8-4e0c-af89-87906c931624,,Medical Supply Items,disposable protective clothing plastic,CONCEPT-SET,
11d287e3-7742-4122-9d7d-2c769e56ce04,,Medical Supply Items,Detection Kit for 2019 Novel Coronavirus (2019 nCoV) RNA (PCR Fluorescence Probing) plastic,CONCEPT-SET,
2b7eae48-3903-4a9f-be35-7397418b4307,,Medical Supply Items,Face Shield Guardall plastic,CONCEPT-SET,
cd7cc325-af69-4937-b66a-3316bdbfaeab,,Medical Supply Items,"Aerosol Resistant Pipette Tips, 1000µl, Sterile",CONCEPT-SET,
0c573094-a1cc-497e-8c5f-f2ba57ff78a1,,Medical Supply Items,"Hygienic Cleaning Wipes, Disposable",CONCEPT-SET,
9dc2ff28-9281-45fd-b24b-b8a914313ff7,,Medical Supply Items,Face Mask KN95,CONCEPT-SET,
74ec7e36-e209-4b68-968d-7702a1d20fc7,,Medical Supply Items,Glove Examination Powder Free Vinyl Large,CONCEPT-SET,
f8fbb442-0ef1-4a4e-80be-ce339a9766c3,,Medical Supply Items,Glove Examination Powder Free Vinyl Medium,CONCEPT-SET,
9d09691d-81dd-4fca-a469-39c6ab8428c3,,Medical Supply Items,Glove Examination Powder Free Vinyl Small,CONCEPT-SET,
c1b7c43e-e2cf-4f1e-ad05-dfde03af7df9,,Medical Supply Items,USB Card XN L Check,CONCEPT-SET,
588f1b98-0478-426a-857b-20ff5fd9f925,,Medical Supply Items,Protective Head Hood,CONCEPT-SET,
8e234943-9b86-4e54-9eff-a9c092550f00,,Medical Supply Items,"Isolation Gown, Elastic Cuff, 115cm x 137cm",CONCEPT-SET,
94125392-b537-4ec2-8a4d-83d58b82c475,,Medical Supply Items,Face Mask Reusable,CONCEPT-SET,
ec4a5fc9-da16-4e1b-9e87-6e8408dfd8a1,,Medical Supply Items,Cover All,CONCEPT-SET,
511a1a40-5deb-4e0c-8566-70ccba082818,,Medical Supply Items,Face Mask Full series,CONCEPT-SET,
df682648-d0c9-4f84-ac09-72eacd8c1eb5,,Medical Supply Items,Water Proof Clothing,CONCEPT-SET,
0b3ca586-17c5-4303-8c24-7490a5e10b4b,,Medical Supply Items,Power Air Purifying System With Hood,CONCEPT-SET,
70448365-5d48-4c03-b6e2-3b6257dcacf0,,Medical Supply Items,Power Air Purifying System Without Hood,CONCEPT-SET,
72abad9b-f7f7-4700-9d11-aa74d9e2625a,,Medical Supply Items,Starter Kit Cervical Cancer screening,CONCEPT-SET,
2e629b74-285f-4c47-a5cc-d0f36ed171ba,,Medical Supply Items,Sterile Polystyrene Dacron Swab,CONCEPT-SET,
048c27bb-b5aa-492a-8ae0-10e5a11d5526,,Medical Supply Items,Mersilk Braided Black guage 3.5 (0) 75cm on 32mm 1/2 circle round bodied needle,CONCEPT-SET,
65a0bdc5-9b1b-46e6-a1d1-b536800b99c8,,Medical Supply Items,Tracheostomy Tube Plastic With 90 Degree Curvature Size 3.5,CONCEPT-SET,
1bc093ba-1447-4bc6-9ce9-345182ff174c,,Medical Supply Items,Tracheostomy Tube Plastic With 90 Degree Curvature Size 5.0,CONCEPT-SET,
dd94b37e-0da7-41c6-865a-f4386e8e6694,,Medical Supply Items,"Perma Hemodialysis Catheter Double Lumen 13.5Fr, 32cm",CONCEPT-SET,
f1d1a5a6-8a4a-4fd9-8262-390b118fd631,,Medical Supply Items,"Personal Protective Equipment Kit (Includes Coverall with Hood, Surgical Face Mask, Surgical Glove Pair, Shoe Cover Pair, Waste Bag Black)",CONCEPT-SET,
6e6cf64b-e644-4bbf-8481-714d8127b722,,Medical Supply Items,Coverall Medium,CONCEPT-SET,
445d86f8-cc15-4dc1-8951-de77636cdb2d,,Medical Supply Items,Coverall Extra Large,CONCEPT-SET,
549283f8-4826-465a-a28a-06eac6988091,,Medical Supply Items,Coverall Large,CONCEPT-SET,
5975be18-becd-4a59-8a08-814ddd1993e5,,Medical Supply Items,Personal Protective Equipment Kit (Cover all + Shoe cover),CONCEPT-SET,
25465439-1ce6-401e-a260-5a5225d50d07,,Medical Supply Items,Medical Scrub composed of ( one V neck shirt and drawcord trouser) Polyester Viscose 300gms/m2,CONCEPT-SET,
b1d644f7-87a8-4938-8ae1-f35bce51132e,,Medical Supply Items,Full Apron,CONCEPT-SET,
2deb53f6-390a-4a16-bfcb-ef2f17f8367d,,Medical Supply Items,plastic Bag,CONCEPT-SET,
5a55a2d6-752d-4b54-9e34-b3267587aa38,,Medical Supply Items,Doctors Shoe,CONCEPT-SET,
02c8b60c-ff5a-4289-8495-744caddcd964,,Medical Supply Items,Meri Silk Black guage 2.0 (3) 75cm On 33mm 1/2 Circle Round bodied,CONCEPT-SET,
2f953155-44ce-4b6d-ae88-588bbf2f5cc9,,Medical Supply Items,Bone Marrow Aspiration Needle Blue line short 18G,CONCEPT-SET,
bcc2bf9b-3005-4d7f-9e8f-151f7d8286c4,,Medical Supply Items,Blanket,CONCEPT-SET,
cc2b3159-8114-4ef3-8cd7-36afa7bfe0b2,,Medical Supply Items,Protective Underwear 34x46,CONCEPT-SET,
a42b975b-9763-41f0-860f-339b006eb5cd,,Medical Supply Items,Protective Underwear 23x36,CONCEPT-SET,
dfc24142-f210-42cf-8d03-9f427b72d9bc,,Medical Supply Items,Bacterial Viral Filter,CONCEPT-SET,
3ad2f289-975d-417a-964b-68ceed0fdaad,,Medical Supply Items,Face Mask Child,CONCEPT-SET,
c3623c80-99ed-4edf-9836-37ee34877e11,,Medical Supply Items,Face Mask KF94,CONCEPT-SET,
23966619-05b8-4729-81a7-e18c778b189d,,Medical Supply Items,Eppendorf Tips PCR Clean Sterile 5 1000 Micro L,CONCEPT-SET,
44d2a7cf-f1c9-4acf-89f2-87ceb5977a92,,Medical Supply Items,Eppendorf Tips 2 20 Micro L,CONCEPT-SET,
e0a7c1fa-448f-4556-8d4b-8b75d4d68e79,,Medical Supply Items,Eppendorf Tips PCR Clean Sterile 2 20 Micro L,CONCEPT-SET,
9e8432f2-7a8b-4ede-8578-3ad28fed8dd8,,Medical Supply Items,Optical Flat 8 Cap Strips for 0.2ml Tubes,CONCEPT-SET,
397d90ac-58a7-4fdd-8ff6-73943a1af518,,Medical Supply Items,Face Mask Non Medical Cloth,CONCEPT-SET,
639fbdb6-b5a3-4de2-8135-724d032a9133,,Medical Supply Items,Wipes Container,CONCEPT-SET,
23e66beb-3ae5-43a3-bf6e-6c54c3960617,,Medical Supply Items,Face Mask CPR,CONCEPT-SET,
f3147ea8-ba88-4eae-a2fb-1e7f38da4321,,Medical Supply Items,Film gown,CONCEPT-SET,
926d0370-cc45-4d47-a645-43118ec66670,,Medical Supply Items,Doctors Shoe small,CONCEPT-SET,
9a4e001b-6fca-47bc-be36-6f3ccad24823,,Medical Supply Items,Doctors Shoe Medium,CONCEPT-SET,
e84e6aec-aea2-4936-8d4b-5b71e1241181,,Medical Supply Items,Doctors Shoe large,CONCEPT-SET,
e1afc1bd-b816-4d6d-9b91-e38b9a681992,,Medical Supply Items,Pads With Alcohol,CONCEPT-SET,
e5ac5a22-22b5-4acc-895b-2a41365b158f,,Medical Supply Items,Personal Protective Device,CONCEPT-SET,
509a0b7f-9fb9-470f-bf99-c337dd902cac,,Medical Supply Items,"Cryogenic Vial 2 ml,Self Standing,Round Bottom",CONCEPT-SET,
c7c7b5d1-1a7f-4f19-a66b-02b7bf711c63,,Medical Supply Items,Spatula Stainless Steel,CONCEPT-SET,
37e4a633-cccf-4b8a-9342-b53bc154050e,,Medical Supply Items,Pasteur pipette plastic Non sterile 3ml,CONCEPT-SET,
5f021d48-2e2b-4a07-9ff5-29f4d9065127,,Medical Supply Items,Vacutainer Blood Collection Tube with EDTA anticoagulant purple top 4ml Plastic,CONCEPT-SET,
8772cd0f-026f-4ea7-b593-474b53ff995c,,Medical Supply Items,"Cover Slide 22x22mm, 13mm Thickness",CONCEPT-SET,
ba7bba94-1f9e-4cd2-9fff-a0290549572c,,Medical Supply Items,Cat Gut Chromic Gauge 2.0(4/0) 75cm on 15mm 1/2 Circle Reverse Cutting Needle,CONCEPT-SET,
de8bf987-528c-4da9-8b6b-5cc02237777c,,Medical Supply Items,Vacutainer Blood Collection Tube with citrated anticoagulant blue top 4ml Plastic,CONCEPT-SET,
11fa6034-e2ae-4e5b-b29d-e359b8776607,,Medical Supply Items,Drainage Chest Tube 20FG,CONCEPT-SET,
138a959d-6ce0-40da-a965-ef5c3e76ff25,,Medical Supply Items,Drainage Chest Tube 16FG,CONCEPT-SET,
73a524f5-c33c-4be7-9fcc-2dd1bfa284f8,,Medical Supply Items,Transport Swab Sterile with transport media,CONCEPT-SET,
520f815c-5018-4c7a-bca3-2a644f54f91c,,Medical Supply Items,Glove Examination Powder Free Nitrile Non sterile X Large,CONCEPT-SET,
9e3ffb98-ea3f-442c-a24f-1b4ab1bb99d0,,Medical Supply Items,Mask Nebelizing,CONCEPT-SET,
d5273df1-23db-495a-8f96-2f5729600764,,Medical Supply Items,Cap Surgical Bouffant Non Woven,CONCEPT-SET,
7b2e1a13-d650-4ff6-9a9b-75c7087e4305,,Medical Supply Items,NEO Iris Stir Balls Dispenser,CONCEPT-SET,
fd98d684-5569-465e-b4a5-17d81f8cc7f1,,Medical Supply Items,Medical Protective Clothing For an Emergency X Large sterilizable,CONCEPT-SET,
3516bf52-d2dc-43d0-b78f-089ac79b2d19,,Medical Supply Items,Alinity i Closure Gap for Reagents,CONCEPT-SET,
63dcdcde-c27b-483c-b242-aba821473a6e,,Medical Supply Items,"Polydioxanone (PDS) 4.0 Round , 70Cm Long",CONCEPT-SET,
46f73af6-dd15-4809-8b2b-472fcf4d0a3f,,Medical Supply Items,Pipette Tip sterile with filter 1000 Micro Litter,CONCEPT-SET,
645aea49-64fe-45ef-acab-60e887ef8c7b,,Medical Supply Items,Diaper for Adult External Large,CONCEPT-SET,
5ab78083-bdfb-4f16-bdd3-fee933ce3327,,Medical Supply Items,Suction Containing Tube,CONCEPT-SET,
054a4edc-b840-424a-ad13-15382f2e5eb1,,Medical Supply Items,Cobas 6000 Halogen Lamp,CONCEPT-SET,
d7db02d1-2497-461c-9fd2-10923d6ae065,,Medical Supply Items,Spinal Needle 10cm 25G,CONCEPT-SET,
cccd4135-0d1a-40ed-923f-053c346b2743,,Medical Supply Items,Glove Examination Powder Free Nitrile Sterile Xs Size,CONCEPT-SET,
e54442c8-0a9b-4e56-8b8c-a3c30cef7234,,Medical Supply Items,Transport Medium with Swab,CONCEPT-SET,
71659d7e-0c10-4dfb-a4eb-effd80c380ad,,Medical Supply Items,Diaper for Adult,CONCEPT-SET,
c2b7f28a-a7b5-418a-86d4-124f28ef191a,,Medical Supply Items,Gown Barrier Disposable Blue elastic cuffs neck and waist ties universal fit,CONCEPT-SET,
a74cbc02-06cb-46e9-b40a-3f0281302662,,Medical Supply Items,NEO Iris Barcoded Microplates,CONCEPT-SET,
b69271ac-c1ab-45e5-b6c9-b044bcc409bf,,Medical Supply Items,Medical Protective Clothing For an Emergency Large sterilizable,CONCEPT-SET,
3e42e3f3-c631-4236-bf4a-7c1cccaecaff,,Medical Supply Items,Alinity i Reaction Vessel,CONCEPT-SET,
1bbde118-bd0f-4c2c-9f38-97231a0441dc,,Medical Supply Items,Pipette Tip sterile with filter 200 Micro Litter,CONCEPT-SET,
6e9648c4-0513-4efc-b03f-da5910e2ae0b,,Medical Supply Items,Biohazard Bag Specimen 15x23 cm,CONCEPT-SET,
47f3e4b6-3485-4d9a-b142-0651b29e0d54,,Medical Supply Items,NEO Iris Select Wells,CONCEPT-SET,
84da236e-3f82-482c-9645-02d615cb36d1,,Medical Supply Items,Alinity i Maintenance Kit,CONCEPT-SET,
3d9118f4-5e29-47da-8359-4ef6ab60adf6,,Medical Supply Items,Pipette Tip sterile with filter 20 Micro Litter,CONCEPT-SET,
61a59e86-9ac0-446d-8985-c0987228f669,,Medical Supply Items,Drainage Chest Tube 24FG,CONCEPT-SET,
6e7f4ea5-0a43-4d8a-9f48-3254fa940faf,,Medical Supply Items,NEO Iris Stir Balls,CONCEPT-SET,
dd180b03-7c6e-4037-a3a1-d478b789e15e,,Medical Supply Items,Cat Gut Chromic Guage 6.0(2) 75cm on 35mm 1/2 circle round bodied Heavy needle,CONCEPT-SET,
e75c98bf-0438-436f-adba-a7cb879616f6,,Medical Supply Items,Medical Protective Clothing For an Emergency XX Large sterilizable,CONCEPT-SET,
da05c398-1c09-480b-936a-6541ef056ce7,,Medical Supply Items,Alinity i Sample Cup,CONCEPT-SET,
17141d1a-ba67-43a8-8a0f-8d01eb8fe1b8,,Medical Supply Items,Under Pad Absorbent Plastic Backing 45x60cm,CONCEPT-SET,
7db09a1a-3dba-495a-991e-e518a7344530,,Medical Supply Items,Drainage Chest Tube 36FG,CONCEPT-SET,
3efecb51-baf2-4e2d-8df5-73942ad3f229,,Medical Supply Items,Cobas 6000 Reaction Cell set,CONCEPT-SET,
dd10eced-61d4-4a61-af91-89beb91ab26e,,Medical Supply Items,Glass Vial with a rubber stopper flip top Sterile Non latex,CONCEPT-SET,
190c0b7d-4c1d-4761-8992-a6a9881a1a0a,,Medical Supply Items,Body Bag,CONCEPT-SET,
52255b85-12e7-4274-9f2b-3ce3968bf76f,,Medical Supply Items,Diaper Post Partem for women,CONCEPT-SET,
38a2c736-f0cf-4e23-bd80-321e1119782e,,Medical Supply Items,Gown Barrier Disposable Blue elastic cuffs neck and waist ties,CONCEPT-SET,
a973870e-f763-4e8c-b4dd-77d2467561c8,,Medical Supply Items,EX Tube X2 FL100,CONCEPT-SET,
85716db4-71f8-4b34-8474-3c34d3a18e56,,Medical Supply Items,Lab Coat Blue Medium,CONCEPT-SET,
87824f1e-23ac-4a09-9044-89c2447e5589,,Medical Supply Items,Fenestrated Towel 1mX1m,CONCEPT-SET,
f358960b-3f87-48c7-90be-801b77fe23a1,,Medical Supply Items,Syringe Pump 50ml,CONCEPT-SET,
df0e2432-975d-437c-90e7-e4426a405061,,Medical Supply Items,Neck Collar Hard Medium size,CONCEPT-SET,
c1b9d572-685a-4a0e-8bf3-78d236c51a05,,Medical Supply Items,Sample Collection Tube Round Bottom Graduated screw top 50ml,CONCEPT-SET,
f9daeb1e-dc35-4509-8e26-ed9cc6e20a9e,,Medical Supply Items,IV Catheter 20G,CONCEPT-SET,
ab4a2b11-9a65-4960-9b9f-a46bdc82a840,,Medical Supply Items,Bed Sheet small,CONCEPT-SET,
7051e0bc-b782-4611-bc1a-2471d8539c72,,Medical Supply Items,Mosquito Bed Net (LLIN) PBO 190x180x170 cm (LxWxH),CONCEPT-SET,
6c91cc19-d66f-4834-b969-8c9bcb1369a2,,Medical Supply Items,Surgical Cape,CONCEPT-SET,
cc88df8f-109a-4a7e-8037-024e7484a0b4,,Medical Supply Items,Syringe Pump 20ml,CONCEPT-SET,
e8a465dc-6e03-43bf-a273-8154a3d54e56,,Medical Supply Items,Mersilk Black Braided Black Gauge 1.5(4/0) 75 cm on 19 mm 3/8 Circle Reverse Cutting Needle,CONCEPT-SET,
606329b7-5a33-4b7f-a8da-97a55d33153d,,Medical Supply Items,Ankle Support,CONCEPT-SET,
6e51d5cb-e8f8-40d2-b007-23a1a6a6487e,,Medical Supply Items,Hemodialysis catheter Kit,CONCEPT-SET,
478035aa-ce8e-4583-a32c-e9c84c37d2d4,,Medical Supply Items,Table Drape 70cmx80cm,CONCEPT-SET,
1fad578e-e80b-44dc-b498-02098fd94bf0,,Medical Supply Items,Syringe Pump 10ml,CONCEPT-SET,
eef5b275-f404-47fc-9d63-5e3d5f6111fa,,Medical Supply Items,Lab Coat White Large,CONCEPT-SET,
c75d8117-7577-4528-90d6-258833d4a29b,,Medical Supply Items,Neck Collar Hard Large size,CONCEPT-SET,
d33b46ec-040f-41ba-a30c-4c638c36a3f6,,Medical Supply Items,Hand Towel Soft Type,CONCEPT-SET,
32512c49-7040-40fe-ada2-a861271b5703,,Medical Supply Items,Syringe Pump,CONCEPT-SET,
c4c748f3-8e0d-41a7-b65f-2ffaf30ebbbd,,Medical Supply Items,"First Aid Tape 1""x10yd, cloth non sterile",CONCEPT-SET,
9135b24c-dd9c-4468-b858-dced53231370,,Medical Supply Items,Tools Towel 50cm X 50cm,CONCEPT-SET,
22bd32c5-f22a-4142-b9c1-ee3e5a6b22cf,,Medical Supply Items,Gown Isolation,CONCEPT-SET,
4d45b74f-6d52-4b24-a1be-d58b1968db00,,Medical Supply Items,Chest Tube 32Fr,CONCEPT-SET,
48369ed1-3bc7-486b-88b7-64823fba511d,,Medical Supply Items,IV Catheter 24G,CONCEPT-SET,
f6a0e4ea-2264-4189-b5e5-14e7095de251,,Medical Supply Items,Pillow,CONCEPT-SET,
8945161d-cc51-4372-85e7-4610e29880ea,,Medical Supply Items,Soft Sleep,CONCEPT-SET,
3f6bc53d-7fea-4b91-bc1f-9801d06a3eb2,,Medical Supply Items,"Prolene 4.0 double armed Round , 90cm Long",CONCEPT-SET,
7878850a-f16c-4366-89d4-ffc1ed54bdb5,,Medical Supply Items,Face Mask KF80,CONCEPT-SET,
1bc9d9da-2eb4-4883-a23a-c23349b0ecfa,,Medical Supply Items,Pillow Cloth,CONCEPT-SET,
c204273a-0121-4e0f-b390-2dca9d0358b6,,Medical Supply Items,Towel small,CONCEPT-SET,
6424c7eb-9c41-4ded-881f-dabb7502b75c,,Medical Supply Items,Mask Non re breathing oxygen Large Size 50x36x30,CONCEPT-SET,
5a044ad7-ab73-411f-b114-9ee8205d5f28,,Medical Supply Items,Chest Tube 20Fr,CONCEPT-SET,
5119c886-5694-46ed-8bca-ee3506203809,,Medical Supply Items,AV Fistula Needle 16G 16G*25mm rotable wing with backeye,CONCEPT-SET,
6b59df82-c6c2-469b-aebd-245174cbcdb8,,Medical Supply Items,Mask Non re breathing oxygen Medium Size 50x36x30,CONCEPT-SET,
4ec402ad-b536-4328-bf14-81d94a542c05,,Medical Supply Items,Burner Bunsen,CONCEPT-SET,
449a5949-3eef-4fb6-919b-2f0cdea5d996,,Medical Supply Items,Blood Tube (tubing set for hemodialysis),CONCEPT-SET,
8e1a31e3-732b-4cf2-ac8d-22f1dc000dd1,,Medical Supply Items,Abbot Cervi Specimen collection Kit,CONCEPT-SET,
82df97ba-1a7a-49ae-b2c5-da447ff89cd4,,Medical Supply Items,IV Catheter 22G,CONCEPT-SET,
2ade7b0d-c5e8-4ca1-b211-e3b79441f585,,Medical Supply Items,Gown for Shower,CONCEPT-SET,
ded45281-9382-42d4-b183-0101c24b1603,,Medical Supply Items,Syringe Pump 30ml,CONCEPT-SET,
4c536983-48b5-460a-b2c6-e150580fb15f,,Medical Supply Items,"Set Administration Luer lock ports, 105''tubing, DEHP, NLatex baxter",CONCEPT-SET,
1604197a-b758-497d-976f-d8edbf683c31,,Medical Supply Items,Mask Non re breathing oxygen Small Size 50x36x30,CONCEPT-SET,
d2bcd02d-f8e6-444d-b1a7-f2af897fc764,,Medical Supply Items,"Pasteur transfer pipettes , Sterile",CONCEPT-SET,
141b2c55-cf54-4535-9206-e168ffca711a,,Medical Supply Items,Dialyzer 1.6m2 Polyether sulfon surface area 1.6m2,CONCEPT-SET,
e9804045-c0c6-45c1-baac-91c521d20c65,,Medical Supply Items,Towel X Small,CONCEPT-SET,
2aafaa47-5f77-41ef-929f-d85375516a3b,,Medical Supply Items,Glove Surgical Latex Sterile No 6,CONCEPT-SET,
5329e516-4db7-431a-a154-ebf7ee3d54b8,,Medical Supply Items,Patient Drape,CONCEPT-SET,
2dee3738-23e2-4b16-9a1c-5b981c260011,,Medical Supply Items,EX Tube X2FL,CONCEPT-SET,
d949ef0d-8923-4f95-809f-c9b9d5aabf94,,Medical Supply Items,Neck Collar Hard Small size,CONCEPT-SET,
3549b685-b8b0-4699-a9c6-0edc99920527,,Medical Supply Items,Report Requisition Form For health Center,CONCEPT-SET,
40cc3991-b23a-41db-8415-583d80ab527a,,Medical Supply Items,Meri Silk Black No.2/0 5E75DX26,CONCEPT-SET,
600a7d77-5006-4d04-8340-49fd497995d4,,Medical Supply Items,"Examination Glove Powder free Nitrile, Non sterile, Medium",CONCEPT-SET,
70770476-a94b-4bcf-9fe6-729a409124c4,,Medical Supply Items,Vacutainer serum separator tube with yellow top 5ml Plastic,CONCEPT-SET,
53d9863f-6d90-4bd0-999e-0b286c184410,,Medical Supply Items,Vacutainer serum separator tube with yellow top 5ml,CONCEPT-SET,
186c7e14-05ce-491a-9b5b-9f7ce1919121,,Medical Supply Items,Endotracheal Tube,CONCEPT-SET,
945a6c4c-9f77-4826-8c13-2e46b7bc6a32,,Medical Supply Items,Spinal Needle 8cm,CONCEPT-SET,
fd0d86cb-6099-4eb6-9121-9b845ca1eba1,,Medical Supply Items,Oxygen Mask,CONCEPT-SET,
4b5f12bc-7d49-4fcc-b841-9415eaf21e60,,Medical Supply Items,Tracheostomy Tube,CONCEPT-SET,
b6865f64-b579-4cf9-8510-65f4d9b98d32,,Medical Supply Items,Catheter Ureteral 6CH,CONCEPT-SET,
ee2a60cc-1b83-4fe8-a98a-2cea00345858,,Medical Supply Items,Mosquito Bednet,CONCEPT-SET,
678e13e8-56ab-4167-ba7a-a08466e587f9,,Medical Supply Items,Endotracheal Tube Sterile Cuffed 7CH,CONCEPT-SET,
0a719f3d-acfb-4b9b-9feb-3c4ee3e2e9ff,,Medical Supply Items,Syringe Insulin (Disposable),CONCEPT-SET,
d9bfe093-38df-491d-928f-d61ed9caaa87,,Medical Supply Items,Cat Gut Chromic,CONCEPT-SET,
584176b4-0cce-49ce-bd27-8875f89f5784,,Medical Supply Items,Endotracheal Tube Sterile Cuffed 7.5CH,CONCEPT-SET,
a2feafc1-89a9-4286-bc87-fe34914154b7,,Medical Supply Items,Mersilk Braided Black,CONCEPT-SET,
29d3a999-d836-4b21-8677-1f8ba8fe4fa9,,Medical Supply Items,Micropipette Tips,CONCEPT-SET,
8e603aa3-b76b-4078-94d4-e89f27df6b8e,,Medical Supply Items,Catheter Ureteral 8CH,CONCEPT-SET,
70bf16a6-9ed2-4777-a2d1-004f76c34c47,,Medical Supply Items,Mask,CONCEPT-SET,
e7368c37-57d8-418f-bc0f-ec10d2bcebb9,,Medical Supply Items,"Petri Dishes Disposable polystyrene,sterile,autoclavable 15mmx100mm",CONCEPT-SET,
3e3730a7-99f2-4156-a026-3b4c180d0352,,Medical Supply Items,Oxygen Mask with Reservoir bag 1000ml Transparent Mask 5.5mm + 2m Tube Latex green elastic strap L (126 x 83x63mm) Non sterile,CONCEPT-SET,
a653beee-e7af-4d3f-817c-457cae744e60,,Medical Supply Items,Roch Survical collection Bursh,CONCEPT-SET,
afeb4520-2f6a-42d3-a46d-a26023be7a3d,,Medical Supply Items,Cartridge,CONCEPT-SET,
f0fdf030-e335-4d24-9186-3fea80ce7302,,Medical Supply Items,"Plate Microtitration, DAT test, 96wells, V Shaped bottom",CONCEPT-SET,
5a4f9c84-b104-4f03-be2b-1bc8b6a77c53,,Medical Supply Items,Micropipette Tip RNA free with filter 0.1 10ul,CONCEPT-SET,
21ce1775-d141-4024-bd5f-30a93fa64959,,Medical Supply Items,Glove Examination Non Latex small,CONCEPT-SET,
6e9832e1-de77-4788-865a-4996b30cfcc9,,Medical Supply Items,Tubes sterile culture with snap cap polypropylene 12mmx75mm,CONCEPT-SET,
cf8e8115-e1da-494f-96cd-76e4fa4fb5f9,,Medical Supply Items,Micropipette Tip RNA free with filter 100ul 1000ul,CONCEPT-SET,
a577aa21-c232-4f1c-ba9f-1ea0fa0523f1,,Medical Supply Items,Intubating Stylet FR14 390mm EO Sterile,CONCEPT-SET,
251fccb9-41f0-4008-8d9d-4fe0a71e9094,,Medical Supply Items,Nephrostomy Tube 10Fr,CONCEPT-SET,
88e94adb-6eab-4320-a400-d9a9c7318921,,Medical Supply Items,Sanitary Pad,CONCEPT-SET,
9fd1de88-50d5-402d-83cd-93f7ab54118c,,Medical Supply Items,Glove Examination Non Latex large,CONCEPT-SET,
200c45b6-87b4-46b1-9ccc-77d00d2f148d,,Medical Supply Items,Disposable Under Pad 23'' x 24'',CONCEPT-SET,
12f25dfb-50cb-41d9-b881-e6c6c8bb4fbf,,Medical Supply Items,Nephrostomy Tube 12Fr,CONCEPT-SET,
2d1bc9fe-edff-4b3f-9e4f-d00352231b3e,,Medical Supply Items,"Petri Dishes Disposable polystyrene,sterile,autoclavable 15mmx150mm",CONCEPT-SET,
80e31dd5-f5ab-45fd-82fb-a23fdf84e642,,Medical Supply Items,Corrugated Circuit for CPAP Mask Adult Pu tube 1.8m connector ID 22mm Non Sterile,CONCEPT-SET,
a6f1304b-f452-41e2-a237-9ea0bcbdb43a,,Medical Supply Items,steripack Swabs,CONCEPT-SET,
7e922062-4d33-4158-862a-718ed5ffcc68,,Medical Supply Items,Lab Coat White Large Disposable,CONCEPT-SET,
76f424ca-21f4-48d2-90d7-066fc6c243b2,,Medical Supply Items,Filter paper Size circular qualitative grad plan circular or sheet,CONCEPT-SET,
f47ebfd8-499f-471a-8148-c806293b8283,,Medical Supply Items,"Roche Cell Collection Medium, 250 x 20 mL, 1 Kit [Roche]",CONCEPT-SET,
460a9924-8c35-4cae-91b7-0ada81b15ae4,,Medical Supply Items,Elastic Straps for Face mask,CONCEPT-SET,
f5e10238-2e69-4a35-8dca-2a84066d1d7a,,Medical Supply Items,Lab Coat Blue Medium Disposable,CONCEPT-SET,
355172f4-1d90-473e-8194-8b61ecc336bc,,Medical Supply Items,Sample Collection Card,CONCEPT-SET,
f3593b2e-25c9-46ba-84cb-73c5cb167279,,Medical Supply Items,Micropipette Tip RNA free with filter 20ul 200ul,CONCEPT-SET,
28b9aca4-343e-4262-9436-a0ec356c74ea,,Medical Supply Items,Glove Examination Non Latex Medium,CONCEPT-SET,
aa290f71-8080-4fb5-91bd-7b93e130b61f,,Medical Supply Items,Oxygen Mask with Reservoir bag 1000ml Transparent Mask 5.5mm + 2m Tube Latex green elastic strap L (114 x 83x60mm) Non sterile,CONCEPT-SET,
24bd9a09-945e-44cb-9e98-d7a6a8fb7c75,,Medical Supply Items,"Pasteur Transfer Pipette 60 uL, Graduated, Plastic, Non Sterile",CONCEPT-SET,
afba7691-b9b8-4c21-a018-e7306f8b7d7c,,Medical Supply Items,Cervical Collection Brush,CONCEPT-SET,
d0743e40-bc18-4dc2-91dc-60472b486f1f,,Medical Supply Items,Head Start Base,CONCEPT-SET,
d2291725-ae56-4c5d-b4f0-373c420cccf9,,Medical Supply Items,Syringe Filter 25mm,CONCEPT-SET,
0d14539b-812e-4d40-9864-93bce64221dd,,Medical Supply Items,Face Mask N95/FPP2 (Non medical),CONCEPT-SET,
60ed987e-a2b8-42db-baf5-84e82c5c4616,,Medical Supply Items,Pipette Sterile transfer plastic disposable individually wrapped 3ml,CONCEPT-SET,
98c15edc-122e-437c-9618-0ce55ae672d2,,Medical Supply Items,Bag Back Pack,CONCEPT-SET,
b2998c86-cf3e-4c9f-af8f-eb1d9e037806,,Medical Supply Items,Glove Examination Powder Free Nitrile Medium,CONCEPT-SET,
8cf6c986-0143-428f-98b1-40d56593262c,,Medical Supply Items,Lactate Dehydrogenase(LDH) UV enzaymatic kinetic method,CONCEPT-SET,
30d59c1c-6090-4f36-bc9c-0751baaba2a7,,Medical Supply Items,Surgical Gown large,CONCEPT-SET,
42da45c8-61c4-44bc-97fd-fcc78bc94e1a,,Medical Supply Items,plastic Bag For seed 5 Litter,CONCEPT-SET,
f972f2ce-d332-40f0-aa39-5b0fb4bcad74,,Medical Supply Items,Biohazard Bags Disposable Red 830x930mm,CONCEPT-SET,
45d97483-326d-4b44-9cf5-35e04209812f,,Medical Supply Items,"Mask Surgical Type IIR, level 2,s.u,non sterile, earloop",CONCEPT-SET,
72395a2e-3d91-49ae-abed-66269dd03649,,Medical Supply Items,Masking Surgical type llR,CONCEPT-SET,
d4437e3e-cdfd-4150-8602-7cc4a3dc1b1a,,Medical Supply Items,Mask CPAP Medium size,CONCEPT-SET,
0d041c8f-048c-4ea7-8b06-31d5b1a04330,,Medical Supply Items,plastic Bag For seed 0.5 Litter,CONCEPT-SET,
78654f30-54f7-47eb-811f-0033f32b8c6b,,Medical Supply Items,Sterile Collection Swab,CONCEPT-SET,
69c3280e-c190-4c09-98cb-4bb1210cfc56,,Medical Supply Items,Dust Bin For Bio hazard bag Yellow,CONCEPT-SET,
765bcc92-1567-4c0f-98e1-51787e935efa,,Medical Supply Items,COBAS 4800 Amplification and Detection plate and seal,CONCEPT-SET,
7fcaead4-9872-4c50-bbd9-a4ec21d99b59,,Medical Supply Items,Breathing Circuit,CONCEPT-SET,
34547a7c-7048-4507-9fef-475b760de342,,Medical Supply Items,Mask CPAP Large size,CONCEPT-SET,
a53d77a9-8f54-4bd4-ab40-997d5388f60b,,Medical Supply Items,Dust Bin For Bio hazard bag Black,CONCEPT-SET,
a797116a-b0f6-4b19-a011-10f0c2934598,,Medical Supply Items,Adhesive Tab,CONCEPT-SET,
36c285c9-5676-44bb-9947-6df939baadda,,Medical Supply Items,Masking Tab,CONCEPT-SET,
d9f0560b-bd40-48ea-bcd6-1227744604cc,,Medical Supply Items,"Haematocrit Capillary tube length 75mm,ID 1.1 1.2mm,OD 1.5 1.6mm,20µl",CONCEPT-SET,
8fde18bb-b436-4252-a33a-423eb87d29fd,,Medical Supply Items,Mask Non Breathing adult,CONCEPT-SET,
7c5aaad8-e6d4-40f4-b163-6d8590604d2d,,Medical Supply Items,"Lab Wipe Poly,14.4x12.5 in",CONCEPT-SET,
a44c42f1-66d5-4304-bf63-02f4090487b9,,Medical Supply Items,Dust Bin For Bio hazard bag Red,CONCEPT-SET,
0a5c5abc-dc04-46af-842a-83a899cffc70,,Medical Supply Items,Syringe Insulin (Disposable) 1ml on 4mm with Fixed Needle 29G,CONCEPT-SET,
d5c2d28e-5213-445b-af9e-a71712db57ab,,Medical Supply Items,Surgical Gown X Large,CONCEPT-SET,
8e48e2f4-af76-46ac-9562-ce58243e6e71,,Medical Supply Items,Mask Venturi Large for oxygen supply,CONCEPT-SET,
db67b8b2-3a5d-4d65-ac9e-03b0424f60eb,,Medical Supply Items,Tubing Oxygen supply 7.6 meter,CONCEPT-SET,
6feddd6b-be72-4ac8-8753-7dd878af6617,,Medical Supply Items,Mask Venturi Small for oxygen supply,CONCEPT-SET,
8b484ba0-4fd0-4557-bd4e-cf27829672d8,,Medical Supply Items,Bandage jersey tubular 10cm x 4m,CONCEPT-SET,
ac927411-2348-4380-91d4-4038b7247b00,,Medical Supply Items,Plaster Of Paris (P.O.P) 7.5cm x 2.7m,CONCEPT-SET,
f09a3975-cbca-410b-8efc-c27f6e8e0ff5,,Medical Supply Items,Hypodermic Needle 21G,CONCEPT-SET,
93b5ed0a-f69e-4fc5-b465-ce0d2e2db6c7,,Medical Supply Items,Adhesive Plaster Zinc Oxide 10cm x 5m,CONCEPT-SET,
93454dfb-ce2f-46da-be3a-ff8817df6b9e,,Medical Supply Items,Bandage Extensible Non Adhesive 7cm X 4m,CONCEPT-SET,
f4b0c3de-9d2f-4f14-87aa-c237ff197719,,Medical Supply Items,Surgical Glove Sterial Latex No. 8.5,CONCEPT-SET,
b8d7e3ff-00a0-48b7-b0dc-629ab6296359,,Medical Supply Items,Bandage jersey tubular 15cm X 4m,CONCEPT-SET,
eaf1c5dc-0681-4b22-b956-745fb9b42815,,Medical Supply Items,Plaster Of Paris (P.O.P) 10cm x 2.7m,CONCEPT-SET,
de290f3a-c7b3-4dc4-a83f-8019c2cb8bcd,,Medical Supply Items,Hypodermic Needle 25G,CONCEPT-SET,
6b9d7d61-7290-4c9d-bf18-c67af70a65b5,,Medical Supply Items,Bandage crepe 6cmx4m,CONCEPT-SET,
75fd0263-7292-4ef6-b3c1-d97864cb8444,,Medical Supply Items,Disposable Syringe Without Needle 5ml,CONCEPT-SET,
fbe8254c-2022-4b20-a2a9-6858fa7f3fc6,,Medical Supply Items,Glove Gynecological Examination(Elbow Glove) No 8.5,CONCEPT-SET,
eda37bd4-dcd0-41fc-b633-e5beb173d4b3,,Medical Supply Items,Bandage crepe 10cm x 4m,CONCEPT-SET,
bf1432a3-38de-4b99-9067-e0302b989c71,,Medical Supply Items,Disposable Syringe Without Needle 20ml,CONCEPT-SET,
f3d55f7a-3310-4a3b-9da3-495a2f1bc7b9,,Medical Supply Items,Gauze Swab 10cm X 10cm non sterile,CONCEPT-SET,
faceb03b-90b7-4e55-897a-cd67425bac6e,,Medical Supply Items,Bandage jersey tubular 6cmx4m,CONCEPT-SET,
edaf606a-01eb-4c8e-93b6-2cc182bd7b05,,Medical Supply Items,Disposable Syringe Without Needle 60ml,CONCEPT-SET,
bb61dc1e-2db4-42d7-8c1c-372ac3446b80,,Medical Supply Items,Hypodermic Needle 19G,CONCEPT-SET,
54dae0c0-52e0-4eea-8a11-8822bba53722,,Medical Supply Items,Bandage Extensible Non Adhesive 6cmx4m,CONCEPT-SET,
72f72541-f3fa-43e2-b84c-5c5369e88a0d,,Medical Supply Items,Blood Collecting Bag CPDA1 Anticoagulant Single 1000ml,CONCEPT-SET,
c7e8a779-fbbc-4cc2-99e0-8a93b601b491,,Medical Supply Items,Mucus Extractor Different Size,CONCEPT-SET,
43248fcf-3f38-43a2-a83c-c7950c1b49a4,,Medical Supply Items,Bandage jersey tubular 15cm X 25m,CONCEPT-SET,
9778d2cc-f0d1-494e-a4a7-a6d0c8828803,,Medical Supply Items,Blood Collecting Bag CPDA1 Anticoagulant Single 500ml,CONCEPT-SET,
b02e3bc4-8265-47ce-bc1e-cb2d1d14c016,,Medical Supply Items,Glove Kichen Different Size,CONCEPT-SET,
ad9b1514-09c6-4ed3-baa9-51ecaf526c91,,Medical Supply Items,"Insulin Delivery Device 100units/ml, 3ml",CONCEPT-SET,
edf1dd0f-fb16-4ff7-ad59-717c4262b8d2,,Medical Supply Items,Respirator MSA 1/2 face 808074 of 41 pcs,CONCEPT-SET,
d3ebf683-cd04-4a10-ac39-60b3926cb634,,Medical Supply Items,Coverall Enviroguard 8015V of 640pcs,CONCEPT-SET,
d1470f7e-0372-4e4e-9d09-b84cadcf7076,,Medical Supply Items,Respirator 3M P100 8233 of 240 pcs,CONCEPT-SET,
4eceb88c-f141-4477-ac46-94993525a805,,Medical Supply Items,Respirator Surgical mask of 300pcs,CONCEPT-SET,
31b37001-f2ed-4f67-9295-2f6e8331be55,,Medical Supply Items,Shoe cover of 100pcs,CONCEPT-SET,
d289d4c9-0086-48e1-ad31-e83e51556b73,,Medical Supply Items,Respirator MSA 1/2 face 808075 of 3 pcs,CONCEPT-SET,
f5c9389d-36c8-4117-a537-09f6c20d5416,,Medical Supply Items,Coverall Pentamax C3909 1xL of 25pcs,CONCEPT-SET,
842e3d15-9e85-4074-8f78-434492d3c0d3,,Medical Supply Items,Respirator MSA 1/2 face 808073 of 42 pcs,CONCEPT-SET,
c0fd3a0b-6f77-4521-8366-42a92ca0cc4c,,Medical Supply Items,Respirator Face mask of 320pcs,CONCEPT-SET,
d494b30a-257b-49f5-a79b-40a495f2fea9,,Medical Supply Items,Syringe(AD) 0.3ml,CONCEPT-SET,
ea23a61f-58ca-4662-a128-28683fb91cc1,,Medical Supply Items,Respirator 3M N95 8000 of 4680 pcs,CONCEPT-SET,
ff7a9013-a0d2-4919-bfd7-e3b896094d84,,Medical Supply Items,Filter pad cap MSA of 100pcs,CONCEPT-SET,
61c1d788-cc0b-45b5-beb7-3401b0dbe697,,Medical Supply Items,Coverall Pentamax C3909 4xL of 25pcs,CONCEPT-SET,
8a278a3f-783f-4c08-a959-b9e08d86c822,,Medical Supply Items,Filter pad MSA p100 canister 815177 of 180pcs,CONCEPT-SET,
d993a1a7-5b0c-40ab-8fb2-6ab262a2febf,,Medical Supply Items,Coverall Pentamax C3909 3xL of 75pcs,CONCEPT-SET,
8edbdd32-64a0-49fa-ac10-9624136a3f44,,Medical Supply Items,Filter pad MSA p100 816662 of 145pcs,CONCEPT-SET,
0d7c7799-3c71-4c6e-ab4c-549e099c3c82,,Medical Supply Items,Coverall Enviroguard 8015V of 80pcs,CONCEPT-SET,
dbcaeacc-b0a8-4ab5-a5a1-de304d6cc31e,,Medical Supply Items,Filter pad MSA p100 canister 10153412 of 1350pcs,CONCEPT-SET,
9870a841-9b1a-4e91-9995-316da1b7365f,,Medical Supply Items,Coverall Pentamax C3909 2xL of 75pcs,CONCEPT-SET,
35a4d21d-8160-471b-b20a-f8d295c3fb1f,,Medical Supply Items,Plaster Of Paris (P.O.P) 20cm x 2.7m,CONCEPT-SET,
ff09cae2-f611-46b0-89a6-346b306da376,,Medical Supply Items,Injection Stopper for IV Cannula,CONCEPT-SET,
540ce3a4-3ffa-4dc1-98f1-0fed2b6dc2d5,,Medical Supply Items,Blood Collecting Bag CPDA1 Anticoagulant Single 150ml,CONCEPT-SET,
757562bc-fe2d-49a6-977a-7623ae77dafd,,Medical Supply Items,Infusion Giving Set Pediatric,CONCEPT-SET,
f1579dca-ebf7-4b92-9e4a-95b81ad651e3,,Medical Supply Items,Adhesive Plaster Zinc Oxide 2.5cm x 5m,CONCEPT-SET,
75bd38c4-79a6-4a9c-8e4b-0aa612a160ca,,Medical Supply Items,Tracheostomy Tube Plastic With 90 Degree Curvature Size 6,CONCEPT-SET,
d1c862d9-3a20-478d-896a-d8e04b298234,,Medical Supply Items,Tracheostomy Tube Plastic With 90 Degree Curvature Size 5.5,CONCEPT-SET,
7a82b808-0202-4d5d-b9b1-014f20e98241,,Medical Supply Items,Tracheostomy Tube Plastic With 90 Degree Curvature Size 4.5,CONCEPT-SET,
5962580a-76cb-4524-92af-a0568c2b9b2d,,Medical Supply Items,Lint free cloth,CONCEPT-SET,
aa61fa88-c898-4e1f-a28b-882743ad01ee,,Medical Supply Items,"Absorbent pad with plastic Backing (Blue diapers), , 17x24 inches, 250/cases/5/pack",CONCEPT-SET,
14a67d48-7eaa-4407-a7eb-ce3040376d3b,,Medical Supply Items,Alinity i Pipettor probes,CONCEPT-SET,
f0b53b67-804c-4a54-88ac-878251e48000,,Medical Supply Items,Cap R Rdy ind cel 10x11.5ml,CONCEPT-SET,
c3afa528-48f5-4cfc-98af-ea218f6f6ea7,,Medical Supply Items,Capture R Ready Screen I/II,CONCEPT-SET,
664e8d82-eb97-446e-872a-f0523d3cfb99,,Medical Supply Items,Cap R control set 2x11.5ml,CONCEPT-SET,
07b73c76-b672-474a-8e70-2d98a4bd0528,,Medical Supply Items,"Bed Sheet 289x178cm , Washable",CONCEPT-SET,
47a5f342-4d86-4b07-b2dc-f8405b524d0b,,Medical Supply Items,"Polyglycolic acid absorbable braided violet Size 3, 27mm KS reverse cutting",CONCEPT-SET,
7d9913a5-790b-4751-bd46-0fb4854e1d5e,,Medical Supply Items,COBAS Omni 6800/8800 Secondary Tube,CONCEPT-SET,
24451f4c-146d-4b84-9be8-3e700cb69e95,,Medical Supply Items,"Polyglycolic acid absorbable braided violet Size 4, 18mm Ps 3 cutting",CONCEPT-SET,
f383a920-9389-4d17-bdb6-77e7d1ef4965,,Medical Supply Items,"Polyglycolic acid absorbable braided violet Size 3, 18mm RB 1 Taper",CONCEPT-SET,
36370efe-885f-4d39-b6d1-ed070b809cb6,,Medical Supply Items,"Polyglycolic acid absorbable braided violet Size 4, 18mm RB 1 Taper",CONCEPT-SET,
1de1c5c5-47d0-4887-a233-0c56b039898e,,Medical Supply Items,"Polyglycolic acid absorbable braided violet Size 3, 27mm CT 3 cutting",CONCEPT-SET,
96f541a5-cf49-41bd-a6d2-8a40b2c635ed,,Medical Supply Items,"Polyglycolic acid absorbable braided violet Size 4, 27mm Ps 1 cutting",CONCEPT-SET,
4d60d3d5-faf3-4cb5-9d13-e4d02bf13318,,Medical Supply Items,"Polyglycolic acid absorbable braided violet Size 3, 18mm PS 2",CONCEPT-SET,
31bb4366-7605-40de-8e67-efd20117d9b9,,Medical Supply Items,FACS presto Thermal paper Roll 6cm x 12m,CONCEPT-SET,
fef5965c-82f6-47df-811d-01d2bad28ded,,Medical Supply Items,"Polyglycolic acid absorbable braided violet Size 0, 0.8x18mm CT 2 Taper",CONCEPT-SET,
be8da8f1-adf1-4b44-89d4-aa0e9c108e7e,,Medical Supply Items,Syringe(AD) 0.3ml with 23G,CONCEPT-SET,
7dd1e02e-2cc5-41f0-a29b-e7ca597cd337,,Medical Supply Items,CVP line kit Size 7Fr,CONCEPT-SET,
e7ed9aa1-452d-4ad4-b0ba-06ab1fbb0348,,Medical Supply Items,St.Jude master Aortic Mechanical heart valve with standard cuff Size 29mm,CONCEPT-SET,
ccf92b6d-9602-48be-904a-8dea2050fb0c,,Medical Supply Items,Cardipulmonary Bypass Oxygenators adult/afinity fusion,CONCEPT-SET,
6d3a27ac-615a-4d88-9e99-eea4c6cf6be9,,Medical Supply Items,"Prolene Double arm round needle 5/0, 90cm on 17mm",CONCEPT-SET,
80dea1c8-b8eb-4c9c-af25-12450c74afc3,,Medical Supply Items,Cardipulmonary Bypass Oxygenators pediatrics/pixie,CONCEPT-SET,
4c44622a-8a2c-4d79-b7fb-65fd2d5f3b17,,Medical Supply Items,St.Jude master Aortic Mechanical heart valve with standard cuff Size 31mm,CONCEPT-SET,
968a8f2c-5a76-4cea-9bd1-9cbd8172e45f,,Medical Supply Items,St.Jude master Aortic Mechanical heart valve with standard cuff Size 27mm,CONCEPT-SET,
70bd9b41-91c8-4fca-9568-5e531458ff1c,,Medical Supply Items,St.Jude master Aortic Mechanical heart valve with standard cuff Size 23mm,CONCEPT-SET,
e07b4a25-df64-47cf-acfd-5f1f95a9dce3,,Medical Supply Items,"Prolene Double arm round needle 4/0, 90cm on 17mm",CONCEPT-SET,
5264018b-6c27-4b41-860f-fffe444d175c,,Medical Supply Items,COBAS 6800/8800 Solid waste bag with insert,CONCEPT-SET,
b8e407c3-2e09-48e6-9de5-36f1f44ed749,,Medical Supply Items,St.Jude master Aortic Mechanical heart valve with standard cuff Size 21mm,CONCEPT-SET,
9b45e0f7-9c68-41fc-80a1-a5c981c6f782,,Medical Supply Items,"Prolene Double arm round needle 4/0, 90cm on 26mm",CONCEPT-SET,
b655a268-a756-4378-a58c-8de648ef66c7,,Medical Supply Items,St.Jude master Aortic Mechanical heart valve with standard cuff Size 25mm,CONCEPT-SET,
00c92166-ef06-47ac-9c34-c24fbbc12b60,,Medical Supply Items,"Prolene Double arm round needle 4/0, 90cm on 22mm",CONCEPT-SET,
5d244e97-6b08-4ddb-82fc-f69a22136fa4,,Medical Supply Items,St.Jude master Aortic Mechanical heart valve with standard cuff Size 19mm,CONCEPT-SET,
5b4ac4f2-adf5-46f6-b8a7-5f73a5e0bfb2,,Medical Supply Items,"Prolene Double arm round needle 5/0, 75cm on 13mm",CONCEPT-SET,
fe23b452-5b21-414a-914e-0f864cd842e9,,Medical Supply Items,"Gown Isolation Non woven, Disposable extra large",CONCEPT-SET,
ef6e3e1f-89a6-4870-87ac-9ec60a1d7686,,Medical Supply Items,Centrifuge Secondary Tube 5 ml 13x75mm,CONCEPT-SET,
7bf5bf4b-f80d-4507-8cdc-fd6dff0eefa3,,Medical Supply Items,"Gown Isolation Non woven, Disposable large",CONCEPT-SET,
beeec4ac-4c44-4e61-be70-90308a493791,,Medical Supply Items,"Master sizer set, complete",CONCEPT-SET,
de187af0-d0a5-4ab6-9f55-292765fc675c,,Medical Supply Items,Cryogenic Vial of 50 pcs,CONCEPT-SET,
654c58c1-0b37-4ff7-ad57-2c7049ecbdac,,Medical Supply Items,Plasma Preparation Tube,CONCEPT-SET,
e34cb8ef-7304-4b6a-ad48-523ff391ce85,,Medical Supply Items,Umblical Cord Tie/Cotton Tape 6mm x 24.5m,CONCEPT-SET,
d26ee8dd-0630-4423-85c4-3cbfbb7a0f82,,Medical Supply Items,Syringe Insulin (Disposable) 1ml on 4mm with Fixed Needle 32G,CONCEPT-SET,
850e9f99-4f5f-4b78-bfc9-830692544e05,,Medical Supply Items,Catheter Ureteral 12CH,CONCEPT-SET,
2fd63cba-d177-4e73-adaf-aefb5f103fd5,,Medical Supply Items,Cryogenic Box,CONCEPT-SET,
e04d89cb-ea7d-4404-a469-c0d809be9a9c,,Medical Supply Items,SARs COVID 2 kit,CONCEPT-SET,
2ff69a72-47f2-4863-a4b3-f02c747fcd01,,Medical Supply Items,Oral Hydration drop drop packets,CONCEPT-SET,
5365840e-b3a6-4329-b523-3d8acf274031,,Medical Supply Items,Test Tube Plastic 12x75mm round bottom sterile with snap cap,CONCEPT-SET,
e60ff0d8-97c8-46d2-aec9-114868fd4693,,Medical Supply Items,Sharp Collector 8QT Nestable Funnel top,CONCEPT-SET,
ddc53e05-3182-44dd-9422-766a634a17d8,,Medical Supply Items,"Gown Isolation Non woven, Disposable, Medium",CONCEPT-SET,
a0315a93-9ef2-4f7c-b5af-8d99f39827ee,,Medical Supply Items,"Goggle protective green /gray adj headband, polycarb scratch resistant D3",CONCEPT-SET,
6fb43b8d-5280-47db-b57b-fdd93f1746fa,,Medical Supply Items,Prosthesis Bra,CONCEPT-SET,
13ee830f-8f41-441f-9fb1-10b34dae5e0e,,Medical Supply Items,Syringe(AD) 0.05ml with Needle 27G,CONCEPT-SET,
ab73c600-c237-4176-a730-2943a43d7e13,,Medical Supply Items,Gown Isolation 130cmx150cm,CONCEPT-SET,
3c117f07-68f9-45e8-ba41-bef45f617554,,Medical Supply Items,Gown Isolation 120cmx140cm,CONCEPT-SET,
129ea560-ed01-4826-8f49-e38937dd75c5,,Medical Supply Items,Disposal Head Cap,CONCEPT-SET,
fe16f777-feba-45f3-9bb2-ffef4fb18866,,Medical Supply Items,Tracheostomy Tube Plastic With 90 Degree Curvature Size 4,CONCEPT-SET,
22bd61ac-08a2-46bf-b369-970b5a720f33,,Medical Supply Items,Mosquito Bednet 180cm x 190cm x 150cm (LxWxH),CONCEPT-SET,
f9e0d3ff-4561-45ba-abe4-fc5a237875c0,,Medical Supply Items,Mosquito Bednet 180cm x 190cm x 160cm (LxWxH),CONCEPT-SET,
4e9e6490-f8a6-4ea7-9ea3-36224d9fc4bd,,Medical Supply Items,Dental Wire 22CH,CONCEPT-SET,
7c96b156-7d3d-4cbf-b7df-53b8032f0c1c,,Medical Supply Items,Mosquito Bednet 190cm x 180cm x 180cm (LxWxH),CONCEPT-SET,
82b05bb1-3e72-47b1-9db8-41dedc25b760,,Medical Supply Items,Mosquito Bednet 190x180x170 cm (LxWxH),CONCEPT-SET,
9090d8bc-9231-47d1-bd0b-3843a787a2e7,,Medical Supply Items,Plastic droper Non sterile size hold 7ml of liquid with graduated marking in 0.5ml increments,CONCEPT-SET,
44f53831-1baf-4e0d-911f-dbaeee1a7418,,Medical Supply Items,Tubular bandage 2m,CONCEPT-SET,
f6d3079a-61a2-4e9b-9c88-233987c9eabe,,Medical Supply Items,"Polysulfone filter Surface area 1.8, low flux m2 gamma sterilization",CONCEPT-SET,
e0f872c0-75e3-4ebc-ab39-c2ea6f13077c,,Medical Supply Items,Surgical Scalpel Blade No. 18,CONCEPT-SET,
17fbe0bd-5158-40c5-b6ed-19750b34c864,,Medical Supply Items,Blood line with re circulation bag,CONCEPT-SET,
1825431a-a0cc-4fd1-b92c-5c3ccb477b9b,,Medical Supply Items,"Polysulfone filter Surface area 1.6, low flux m2 gamma sterilization",CONCEPT-SET,
f708c758-d33c-4195-9f89-dcb1b92013b8,,Medical Supply Items,"Hemodialysis catheter (non tunneled) 12Fr, 15cm length",CONCEPT-SET,
d7e2572f-9644-430c-879d-0a1ff4e08bf5,,Medical Supply Items,"Kidney biopsy needle 18G,20cm length",CONCEPT-SET,
3ed66b09-cd4e-4612-9cfd-488f4b889320,,Medical Supply Items,"Kidney biopsy needle 16G,20cm length",CONCEPT-SET,
b08d1201-f35b-4fc2-bde4-66d911f5fd8d,,Medical Supply Items,"Polysulfone filter Surface area 1.0, low flux m2 gamma sterilization",CONCEPT-SET,
82c377fc-96d0-4633-a0b7-ae352a4ee657,,Medical Supply Items,"Hemodialysis catheter tunneled cuffed, cuff top tip 23 cm length",CONCEPT-SET,
b6eb3217-a1b2-4f7e-823a-dbf83e77dc0e,,Medical Supply Items,"Hemodialysis catheter (non tunneled) 12Fr, 20cm length",CONCEPT-SET,
561658e7-d2a1-480c-a40f-799bdd57bdf4,,Medical Supply Items,Tally Sheet,CONCEPT-SET,
c0cfec43-f129-4ace-9117-0c72af127298,,Medical Supply Items,Syringe(AD) 2ml with Needle 23G,CONCEPT-SET,
17785cef-19be-401e-98cd-021ee857abd2,,Medical Supply Items,Thick probe(Needle) A25,CONCEPT-SET,
2a8f44f5-9c20-414d-8168-a703e79cc2f7,,Medical Supply Items,Halogen Lamp 12V/20 watt for A25,CONCEPT-SET,
83bde04a-cd87-4560-a43a-0a35348dfe2e,,Medical Supply Items,K wire 2.5mm Diameter with 25cm length,CONCEPT-SET,
4f5a837c-6cd7-4394-84c3-dd2ca92db77c,,Medical Supply Items,K wire 1.8mm Diameter with 25cm length,CONCEPT-SET,
e68da023-d8d4-4e68-999d-5895a46b7fb7,,Medical Supply Items,IV giving set,CONCEPT-SET,
157f6457-00e7-415b-bdf8-eb55114f8255,,Medical Supply Items,Reaction Rotor,CONCEPT-SET,
df45c383-aba6-4b23-88c4-d9cad92c2a6c,,Medical Supply Items,Bondable Buccal Tubes,CONCEPT-SET,
a258a6a0-1a6f-4ef4-aea3-88e0c8cdbb29,,Medical Supply Items,G6PD Test tube,CONCEPT-SET,
186ecf8c-c4ea-478c-bd57-e52f6bd851ff,,Medical Supply Items,Polypropylene homo polymer sheet 3mm olive,CONCEPT-SET,
2d4501b5-bb4d-4776-bf01-7971a1d2f9ac,,Medical Supply Items,Polypropylene homo polymer sheet 5mm olive,CONCEPT-SET,
bd16017d-9e7f-4496-bc60-5333041e10ca,,Medical Supply Items,Polypropylene homo polymer sheet 4mm olive,CONCEPT-SET,
bea9f120-51c1-4cc3-8bd3-a5f9b432358c,,Medical Supply Items,Cobas 4800 Plasma Separation card bundle,CONCEPT-SET,
f6e40a44-8394-455e-ad5d-6f8d21c46623,,Medical Supply Items,Mosquito Bed Net (LLIN) 180cm x 160cm x 150cm (LxWxH),CONCEPT-SET,
86345ad7-e2c1-4a78-ae30-7955149dcabf,,Medical Supply Items,Lab Wipe 30 X 35cm,CONCEPT-SET,
e5509b22-6f54-4e67-8381-bad3292da7c8,,Medical Supply Items,Adhesive Tape 10cm x 5m,CONCEPT-SET,
19066a20-5841-46ed-b84e-b73c76472005,,Medical Supply Items,"Centrifuge Secondary Tube 5 ml 13x75mm,With cap",CONCEPT-SET,
1c228321-f74e-4fb9-937c-86ba38c36096,,Medical Supply Items,Paster Transfer Pipet 3 4ml sterile individual wrapped,CONCEPT-SET,
0ebb843e-462d-4a8d-a09c-abb46e8c9c3b,,Medical Supply Items,Sample collection kit,CONCEPT-SET,
d099dcc2-8d0e-40c1-80a0-e421c136ae6a,,Medical Supply Items,Level 2 Gown with velcro knit cuff X Large,CONCEPT-SET,
75c45b2d-f04b-4819-8907-28c54f455f3f,,Medical Supply Items,Level 2 Gown with tie back and elastic cuff X Large,CONCEPT-SET,
fb81e307-c924-45b8-8232-ea111f2c47a5,,Medical Supply Items,GNI fluorescent lamp,CONCEPT-SET,
4f745a11-7f58-44a5-a70d-5cb64b4bfe80,,Medical Supply Items,Level 3 Gown white cuff large,CONCEPT-SET,
6fb250db-bcb4-4c54-bb5d-3e3df860146a,,Medical Supply Items,St. Jude masters series mitral Mechanical heart Valve standard cuff Size 29mm,CONCEPT-SET,
8faf619f-5722-4260-acd9-be8d7d192fed,,Medical Supply Items,Level 2 Gown with tie back and elastic cuff large,CONCEPT-SET,
1b9b9481-1064-4d09-afb6-625bd9e1669d,,Medical Supply Items,NI service kit,CONCEPT-SET,
23c7ef88-6ba6-45ed-93f7-ddfe80297f0c,,Medical Supply Items,St. Jude masters series mitral Mechanical heart Valve standard cuff Size 27mm,CONCEPT-SET,
cf1c3010-1c97-4a6d-8951-5cb3d8922bed,,Medical Supply Items,BD Vacutainer F22 tube,CONCEPT-SET,
eafa9779-d99b-4496-9196-9236913d6ec4,,Medical Supply Items,Level 2 Gown with velcro knit cuff large,CONCEPT-SET,
a3e7952f-20a8-43d0-9572-e83276789bb8,,Medical Supply Items,St. Jude masters series mitral Mechanical heart Valve standard cuff Size 31mm,CONCEPT-SET,
8c2b65a4-3b44-4d16-924d-9b106b4af6d0,,Medical Supply Items,Level 3 Gown white cuff X Large,CONCEPT-SET,
f2644ad9-dc7f-4cad-aed0-56f1a5b04e23,,Medical Supply Items,St. Jude masters series mitral Mechanical heart Valve standard cuff Size 25mm,CONCEPT-SET,
0fe6e032-2f24-40fc-9e78-f1239de83a3e,,Medical Supply Items,BD Vacutainer KE2 tube 6ml,CONCEPT-SET,
b0be59d4-be04-4ee1-9a71-846a72c1ee1a,,Medical Supply Items,Wire Splint Hand,CONCEPT-SET,
b537be93-7e84-4b02-b93a-e8c692bfa617,,Medical Supply Items,Wire Splint Leg,CONCEPT-SET,
d34d1cce-0815-4ffa-b02b-cf1b1534d70b,,Medical Supply Items,Blood Collecting Bag Penta,CONCEPT-SET,
68310b34-4d9a-4ad2-8226-18600b58c522,,Medical Supply Items,Vacutainer needle 20G,CONCEPT-SET,
52b9dfb9-e52a-4a82-b49d-537846dad80a,,Medical Supply Items,Vacutainer serum separator tube with red top 3.5ml,CONCEPT-SET,
3821b42a-2a91-44b3-a1db-827141915f11,,Medical Supply Items,Hood,CONCEPT-SET,
bbcd27aa-62c3-46fd-b262-b122e43b9893,,Medical Supply Items,Belt,CONCEPT-SET,
467078c6-4cfd-47b5-ab8c-fa6f85546d0c,,Medical Supply Items,Replacement hoods of 25,CONCEPT-SET,
6e0a6f12-1204-4187-9d29-1139bcefea96,,Medical Supply Items,Catheter Ureteral 16CH,CONCEPT-SET,
acb10859-6944-4494-aa8b-c940468081fb,,Medical Supply Items,Laboratory Supplies Urine cup plastic 40ml capacity,CONCEPT-SET,
9e094b3b-c814-4dd2-ba48-8f824c115dd6,,Medical Supply Items,Slide Box hinged plastic holds 100 slides,CONCEPT-SET,
3331bc89-4b10-4484-8c54-54356300e071,,Medical Supply Items,"Laboratory Supplies Microscope Lens cleaning solution, non flammable: 2 oz",CONCEPT-SET,
4033e644-c685-437d-afa0-84686f9d179c,,Medical Supply Items,Brown glass bottle 500ml,CONCEPT-SET,
81cde5ae-f6ef-4008-9d75-b55153a7b605,,Medical Supply Items,Battery Holster,CONCEPT-SET,
3f63f81e-356e-4109-a7ed-aae0d69c2860,,Medical Supply Items,Laboratory Supplies Microscope Lens cleaning tissue paper lint free: 4x6 inch W(10.1x15.2 cm) sheets per book,CONCEPT-SET,
ec61bedd-1148-4db2-8321-cbbe4a4f5d9a,,Medical Supply Items,"Laboratory Supplies Stool Specimen Container disposable, polypropylene, with Cover",CONCEPT-SET,
26011e95-dfd3-4864-89bd-ed16527d59c4,,Medical Supply Items,Weighing paper disposable,CONCEPT-SET,
f3905d64-5a00-430e-bd28-dee108fd54da,,Medical Supply Items,Microscope Slide Frosted 75mmx25mm x 1mm thick,CONCEPT-SET,
9e3142c3-6122-4793-ac2e-6da392df6e53,,Medical Supply Items,Gauze Dressing 2 In x 2 In,CONCEPT-SET,
72a859c0-154f-45ea-a187-8d91118d928e,,Medical Supply Items,"Laboratory Supplies Conical test tube , Graduated 10ml, plastic",CONCEPT-SET,
bde46135-9f85-49b3-912b-0b43a34c634c,,Medical Supply Items,Autoclave Indicator Tape 1.9cm x 5m,CONCEPT-SET,
80518c68-dc93-4413-95aa-8cfd814af15b,,Medical Supply Items,Gauze Bandage 8cm x 4m,CONCEPT-SET,
04dbaff3-0f19-43e7-b140-83dba553707e,,Medical Supply Items,Polyamide Monofilament Gauge 0.2(10/0) 38cm on 6mm 3/8 Circle Spatula Single Armed Needle,CONCEPT-SET,
a56f6d25-bf6a-47f3-8f61-ece1ec72a354,,Medical Supply Items,Pump Breast Manual Plastic 30ml,CONCEPT-SET,
2c47e885-a9df-41b6-9f12-996fca16c038,,Medical Supply Items,Adhesive Plaster Zinc Oxide 2.5 cm x 5 m,CONCEPT-SET,
a690d1c4-70c0-42cf-ac62-8d77f2a6d254,,Medical Supply Items,Colostomy Bag Adhesive Regulator Closed 25cmx14cm 30mm Opening Pediatric,CONCEPT-SET,
01c80f1c-050e-46bd-9c78-0025047a91ae,,Medical Supply Items,Laboratory disposable plastic citrated ESR graduated pipette tube total length of 200mm and graduation from 0 150mm increment of 1mm,CONCEPT-SET,
d03ce67a-4457-44ce-92c9-0f8e104441fe,,Medical Supply Items,Tracheostomy Tube 7.0 mm with 90 curvature armoured with low Pressure Cuff Universal inflation funnel and pilot balloon metallic,CONCEPT-SET,
2b702729-bcdb-43c7-82fc-c77dd45d1fb4,,Medical Supply Items,PPIUCD Postpartum CU T 380 A IUD,CONCEPT-SET,
33532357-1a66-4526-807f-7af34e58b48a,,Medical Supply Items,Nelaton Catheter 4CH,CONCEPT-SET,
9e65113c-5867-49e1-b2d5-b88fc10c09ed,,Medical Supply Items,First Responder Trauma Bag,CONCEPT-SET,
db4381c3-4d29-4730-9398-873adddac878,,Medical Supply Items,Geenius Reader,CONCEPT-SET,
ed246840-483b-414d-8356-4bbf62705e85,,Medical Supply Items,Cannula Nasal Pediatric ( Nasal prong),CONCEPT-SET,
2bdb011d-1b75-4907-abfa-72f672c573b1,,Medical Supply Items,First Responder Backpack 50 L TRM 27,CONCEPT-SET,
a246dc78-b647-402e-9295-b9b15a1e6e9f,,Medical Supply Items,"Test Tube Plug, Non Sterile, for Centrifuge Tube 5",CONCEPT-SET,
48d953bf-e6e5-424e-9ed4-5957227989eb,,Medical Supply Items,Mersilk Braided Black Gauge 2.0(3/0) 75cm on 26mm 1/2 Circle Cutting Needle,CONCEPT-SET,
61dd3cb1-775d-4c0b-a126-1775210dd236,,Medical Supply Items,Insertion/removal accessories for implanol For 50 insertion/removal procedures,CONCEPT-SET,
f62832d5-f155-4e5f-89bf-19163f9c0510,,Medical Supply Items,Mersilk Braided Black Gauge 3.0(2/0) 75cm on 33mm 1/2 Circle Cutting Needle,CONCEPT-SET,
ef5845e4-ae92-4007-9f2f-c4261dee2a6e,,Medical Supply Items,"Paster Transfer Pipet Disposable, 40 ul, Plastic,",CONCEPT-SET,
eeee08ac-9efc-442d-a5ba-a88034152ab2,,Medical Supply Items,Blood infusion set for pediatric (Iv Blood transfusion),CONCEPT-SET,
c81ab4d1-5b73-4854-bfe8-14b126b12814,,Medical Supply Items,"Prolene Double arm round needle 8/0, 90cm on 17mm",CONCEPT-SET,
ee6a9de3-e9be-4c67-ba25-4f96d8122f8a,,Medical Supply Items,Hernia Mesh 11cm x 6cm,CONCEPT-SET,
ef984d32-d8c8-4f9b-909c-387ced91ef00,,Medical Supply Items,Surgical Gown small,CONCEPT-SET,
a9d6e70a-798f-4b90-893b-2d27c430335c,,Medical Supply Items,Plastic droper Non sterile 5ml graduated mark with holding size 7ml of liquid with graduated marking in 0.5ml increments,CONCEPT-SET,
91dce495-63b5-4176-9de8-491447f157a8,,Medical Supply Items,Tracheostomy Tube 2.0 mm with 90 curvature armoured with low Pressure Cuff Universal inflation fun,CONCEPT-SET,
086032c5-4773-4a2f-ba2d-c556c10bec8a,,Medical Supply Items,Surgical Gown Medium,CONCEPT-SET,
2b03260f-99c3-4beb-9f70-937be5cf95f2,,Medical Supply Items,oxygen Nasal cannula(prong) Neonatal,CONCEPT-SET,
1042292d-a1cf-49fa-a9a0-1dd2b2bdafda,,Medical Supply Items,"Prolene Double arm round needle 10/0, 90cm on 17mm",CONCEPT-SET,
e8d3fc3d-0096-46c4-ab8e-7054a51dbe03,,Medical Supply Items,Hernia Mesh 15cm x 15cm,CONCEPT-SET,
f191969e-43c5-4b6f-8817-b922fcc0403e,,Medical Supply Items,"Prolene Double arm round needle 9/0, 90cm on 17mm",CONCEPT-SET,
90adf63e-b3ab-4725-8b8e-5b018bbb9afc,,Medical Supply Items,Mask Of N95,CONCEPT-SET,
4547ffbe-71b7-4730-b56b-41e5b51749b0,,Medical Supply Items,Micropippette tips 100 1000 microlitre Blue,CONCEPT-SET,
e0fda1e2-bcf2-459b-94ca-a4aee185e5c7,,Medical Supply Items,Ambu Bag neonatal,CONCEPT-SET,
99abab48-ffb2-4988-9cb5-debb89e30335,,Medical Supply Items,Naso Gastric Tube Sterile Adult 18CH,CONCEPT-SET,
f0639acb-6874-4c19-b73a-a0ca1c868ead,,Medical Supply Items,Naso Gastric Tube Sterile Infant 8CH,CONCEPT-SET,
9e0e7fc0-9729-4444-847c-9319ac1d9cb6,,Medical Supply Items,Naso Gastric Tube Sterile Infant 4CH,CONCEPT-SET,
d92a5c02-333e-4a29-ab93-f636af7e2601,,Medical Supply Items,Naso Gastric Tube Sterile Infant 6CH,CONCEPT-SET,
c95440eb-bc07-4c3d-89ac-e51d23867a5e,,Medical Supply Items,Naso Gastric Tube Sterile Adult 16CH,CONCEPT-SET,
880a85d2-3f8e-481f-b5f2-662b688fe61b,,Medical Supply Items,"Google indirect vent,wraparound lens,opticalclass",CONCEPT-SET,
88232794-3049-4c75-b543-fef3aaac38ba,,Medical Supply Items,Anti theft lock,CONCEPT-SET,
e0fb5f2a-005c-44b2-8083-c519097589d3,,Medical Supply Items,Plastic Dropper Non sterile Graduated up to 5ml,CONCEPT-SET,
d713e8b2-086c-43de-96c1-14c8c5f95e9d,,Medical Supply Items,Alinity m Pipette tips 1000micro liter,CONCEPT-SET,
80b5ba04-4490-4e89-bdc6-2c5b25ac539b,,Medical Supply Items,Alinity m IRU waste container,CONCEPT-SET,
4456c951-dd9d-4a65-ba4f-572adbeb58fd,,Medical Supply Items,Power Cable (EU) IEC Couple C13/C14/220v,CONCEPT-SET,
f7d8ee28-c41d-4a20-8c20-272284982fea,,Medical Supply Items,Geenius soft ware with AFP/ manual OUS,CONCEPT-SET,
99091bc7-f721-467f-8e8d-60748c95df5b,,Medical Supply Items,Alinity m Pipette tips 50 micro litter,CONCEPT-SET,
6823bdb3-82dc-4a92-affe-1fb6314db5cf,,Medical Supply Items,Alinity m Amplified waste container,CONCEPT-SET,
0a983aac-51f2-4027-9f91-5232305cdb5e,,Medical Supply Items,Catheter Folley silconized latex 5 15ml balloon sterile three ways size 14CH,CONCEPT-SET,
3ea01a6a-5a80-4804-a4a1-4c78a0db659f,,Medical Supply Items,Cotton Absorbant 100gm,CONCEPT-SET,
a2fadeb3-d136-4b95-9964-ecb4c30b00b8,,Medical Supply Items,Roche Cell Collection medium,CONCEPT-SET,
3cb17414-8e6d-45a6-bb33-0c832df903d0,,Medical Supply Items,Pipette 60 set for TB LaMP,CONCEPT-SET,
8bbdeba7-f389-485f-a968-cf6b11df15c7,,Medical Supply Items,Laboratory Equipment kit v4,CONCEPT-SET,
c93c4d6b-1e87-4e14-8a14-ed552cf0e75c,,Medical Supply Items,DxC 700 AU/ Unicel DxI 800 Cuvette 5x5mm,CONCEPT-SET,