Uuid,Void/Retire,Concept,Member,Member Type,Sort Weight
c5524919-b7f4-4e91-b81b-a3f20b8c150c,,Medical Supply Items,Condoms (Male),CONCEPT-SET,1
e3cd9376-ee16-42f4-be7a-6efdca0cddc3,,Medical Supply Items,Absorbable Gelatin Sponge (Medical Supply),CONCEPT-SET,2
de695f1b-b2f0-4707-b62e-0eef48500a9e,,Medical Supply Items,Condoms (Female),CONCEPT-SET,3
143b2102-fe94-47c7-b6da-b3df2678d701,,Medical Supply Items,Centrifuge Tube 50ml,CONCEPT-SET,4
959d6948-f48e-403d-a73a-b3cf9e0967aa,,Medical Supply Items,Pipette Multi Channel,CONCEPT-SET,5
b4407ff1-7798-408b-981a-2487bffd3887,,Medical Supply Items,Thermal Paper,CONCEPT-SET,6
52de7c68-2b5b-4ec0-8153-54118cc50d6c,,Medical Supply Items,"Pasteur Pipette 3 ml, graduated",CONCEPT-SET,7
fdf9a9f6-41ea-4f5e-b96a-131dc0d93eb5,,Medical Supply Items,Urine Collecting Bag Pieces,CONCEPT-SET,8
256ee784-8fd9-4f51-9b9a-7e205c402a03,,Medical Supply Items,Apron Cotton,CONCEPT-SET,9
6229fbef-301d-4212-b7b8-2427e5a7f844,,Medical Supply Items,Disposable Syringe 2ml with needle 21G,CONCEPT-SET,10
7ddc0589-c19e-4672-a78a-5f280cb8470f,,Medical Supply Items,Disposable Syringe 5ml with needle 21G,CONCEPT-SET,11
ef6588a5-8dc8-406f-a81d-d84596d5009a,,Medical Supply Items,Examination Glove Latex Medium Size,CONCEPT-SET,12
21433de4-3597-45e9-aefd-9b8374217868,,Medical Supply Items,Gauze Bandage 7.5cm x 5m,CONCEPT-SET,13
86ec7b1a-83f0-422e-807c-c7e60c36c064,,Medical Supply Items,Incinerator Plastic Bin of 22 Liter,CONCEPT-SET,14
6126bf2c-99b9-4c07-bb81-2e70965b6bd0,,Medical Supply Items,Safety Box,CONCEPT-SET,15
1d042e65-a930-4f96-af12-d00093fa367f,,Medical Supply Items,Surgical Glove Sterial Latex No. 7.5,CONCEPT-SET,16
81c8e9b5-b169-4ed9-9c86-566426767e24,,Medical Supply Items,Biohazard Bags 8x12,CONCEPT-SET,17
36c43e8c-ae02-4595-a80e-0a700aec822c,,Medical Supply Items,Heavy Duty Glove large,CONCEPT-SET,18
5e8bf457-5852-4dde-a664-656b86780e95,,Medical Supply Items,Plastic Sheet Drawer 20m,CONCEPT-SET,19
07e532a0-2580-4a0b-ad91-6e6b39459f4e,,Medical Supply Items,Biohazard Bags,CONCEPT-SET,20
bbd816f8-caa7-4be8-ad1d-7e748d887bcd,,Medical Supply Items,Eye Goggle,CONCEPT-SET,21
f1572333-2af3-4846-96d9-fcad46261291,,Medical Supply Items,Face Mask Surgical,CONCEPT-SET,22
d4bf9328-ebae-413f-b723-6662abeee223,,Medical Supply Items,Auto Disposable Syringe 2ml with Needle 21G of 100,CONCEPT-SET,23
05547e06-d118-411c-8bfa-ef6d02f94ff7,,Medical Supply Items,Toilet Tisue 100gm,CONCEPT-SET,24
9d1a61e6-0540-40bc-9dc2-cfd9e76f7837,,Medical Supply Items,Umblical Medium size,CONCEPT-SET,25
cdbca416-3d40-4bed-b36e-63d75dd3a25d,,Medical Supply Items,Community Home Based Care Bag,CONCEPT-SET,26
0177c59c-da3b-45d3-a48b-f046300ef633,,Medical Supply Items,Adhesive Cover (Optical ),CONCEPT-SET,27
b0a5e699-3d15-41dd-9521-051298d90dbf,,Medical Supply Items,Micro Tube Centrifuge 1.5ml Sterial,CONCEPT-SET,28
2abfa5c9-98ec-41db-b12e-497bd3492f35,,Medical Supply Items,Combitip Plus Adapter 25ml,CONCEPT-SET,29
803f3af4-77d5-4dec-8a85-7762af4eec47,,Medical Supply Items,Apron Plastic Reusable Autoclavable blue,CONCEPT-SET,30
20e580b1-e851-42ab-b491-e7a9cb6758f5,,Medical Supply Items,Probe Cleaning Filter,CONCEPT-SET,31
c40d56df-5e0c-4523-8619-c12638368e42,,Medical Supply Items,Cryogenic Vial Of 450,CONCEPT-SET,32
3efb010d-4066-4491-8ad9-7c710a7728fc,,Medical Supply Items,Syringe(AD) 5ml with needle 21G,CONCEPT-SET,33
1aa4bd92-3986-4b7c-888b-5929e28579a5,,Medical Supply Items,Condoms Male Latex length 180mm width 53mm,CONCEPT-SET,34
25c61307-880e-4891-a490-810834151431,,Medical Supply Items,Biohazard Bags Yellow 255 X 355mm,CONCEPT-SET,35
d518c12d-e356-4caa-bf86-80f3e73d9b31,,Medical Supply Items,Infusion Giving Set,CONCEPT-SET,36
5f086d85-93e3-4b26-9a50-f3748263db19,,Medical Supply Items,Torniquate Rubber,CONCEPT-SET,37
20567b99-0dbb-4117-88c4-46a10ba3e27f,,Medical Supply Items,Examination Glove Latex Large Size,CONCEPT-SET,38
fe6df2bc-d372-479d-b4c3-5222eaf0a294,,Medical Supply Items,Lab Marker Extra Fine Tips,CONCEPT-SET,39
4787bc10-390f-49d2-8264-99f87fd1e0bb,,Medical Supply Items,BD Syringe 5ml with out needle 21G,CONCEPT-SET,40
cd7adbd0-38eb-4510-9270-ed0f8950836a,,Medical Supply Items,Plastic Table Sheet 20 meter,CONCEPT-SET,41
8f684386-5965-41a7-b48b-76919a985052,,Medical Supply Items,Disposable Syringe 10ml without Needle,CONCEPT-SET,42
9eaa516f-8b66-4bff-b873-d15f3cd7af01,,Medical Supply Items,BD Vacutainer Needle 21 G,CONCEPT-SET,43
95affc7b-2c25-4b0c-9cf7-eb673a3ff6b2,,Medical Supply Items,Hemocytometer,CONCEPT-SET,44
36937457-a461-4533-b9bb-eb1141a52f25,,Medical Supply Items,Hygrometer,CONCEPT-SET,45
2420a5f7-2576-4677-b945-18878eeb8220,,Medical Supply Items,Laboratory Consumable Bundle,CONCEPT-SET,46
f558a8e5-3766-4a08-bede-31df6a3a461d,,Medical Supply Items,"Blood Collection Tube K3 EDTA, 3ml",CONCEPT-SET,47
f194f59a-b0fe-45c9-8e5a-e1829ba1ceee,,Medical Supply Items,Cotton (Sanitary),CONCEPT-SET,48
41d132f7-6b8d-4f85-a8ef-944afcfcca49,,Medical Supply Items,Tube Culture NS 12X75mm,CONCEPT-SET,49
817630f5-75f7-4860-870a-c0bfbb1866dc,,Medical Supply Items,Round Bottom 12 x 75 mm,CONCEPT-SET,50
bafeef51-9f8c-4516-9e28-25a8a47ee466,,Medical Supply Items,Combitip Plus Sterile 25 ml,CONCEPT-SET,51
5eb9691f-f4ed-4618-b454-903aaa5e851b,,Medical Supply Items,Combitip Plus Sterile 10 ml,CONCEPT-SET,52
28eb2484-bc76-430f-bb10-22d58159f170,,Medical Supply Items,"Disposable Syringe 2ml with needle, 22G",CONCEPT-SET,53
e5b13e63-f554-4f4f-9d1e-29800359279c,,Medical Supply Items,Disposable Syringe 5ml with needle,CONCEPT-SET,54
490e7b15-c890-459b-bfbd-63060cbc0846,,Medical Supply Items,Adhesive Plaster Zinc Oxide Size 7.5cm X 10m,CONCEPT-SET,55
3de6ae7b-f61a-4e1f-91c9-855237c8ab9f,,Medical Supply Items,Adhesive Plaster Zinc Oxide Size 5cm X 10m,CONCEPT-SET,56
4edc6dd1-d5ce-40e2-9e5d-db3ab77d88dd,,Medical Supply Items,Applicator Wooden Stick 15cm Long x diam. 2.5mm with Cotton,CONCEPT-SET,57
870a9a54-d894-486d-81a4-71f9ff28f88e,,Medical Supply Items,Apron Plastic Protection Against Chemicals Resistant To Most Acids Adult Size,CONCEPT-SET,58
0db3007d-1dee-4532-956b-521cf3282cf1,,Medical Supply Items,Cannula Intravenous Set (IV Cannula) 24G,CONCEPT-SET,59
eeb9e8f4-f6db-4e79-8ad1-e28b412be57b,,Medical Supply Items,Cannula Intravenous Set (IV Cannula) 22G,CONCEPT-SET,60
18af3cab-ce83-41e6-8c35-12be81050eec,,Medical Supply Items,Cannula Intravenous Set (IV Cannula) 20G,CONCEPT-SET,61
2820a084-372b-4b02-9607-70fd82a7056a,,Medical Supply Items,Cannula Intravenous Set (IV Cannula) 18G,CONCEPT-SET,62
2564cb33-1a2f-475f-9bde-29be67a459b8,,Medical Supply Items,"Disposable Syringe 3 parts , 10ml with 21G needle",CONCEPT-SET,63
8149647a-9d08-4f0d-b2e8-07014322c8f7,,Medical Supply Items,"Disposable Syringe 3 parts , 3ml with 21G needle",CONCEPT-SET,64
3a6554ed-3fce-43e9-ad2e-a9cd6504b8fc,,Medical Supply Items,"Disposable Syringe 3 parts , 5ml with 20G needle",CONCEPT-SET,65
09f57fbc-b98d-4a5e-a9fb-85a98818728b,,Medical Supply Items,"Disposable Syringe 3 parts , 5ml with 21G needle",CONCEPT-SET,66
f204869e-a7a5-4266-872e-27bed464cb1a,,Medical Supply Items,Tongue Depressor wooden,CONCEPT-SET,67
f1b03e63-fa89-4426-bb3e-21af406e0fa1,,Medical Supply Items,Torniquate of double belt,CONCEPT-SET,68
01173a71-ae82-401d-9ec2-13cb295087e5,,Medical Supply Items,Triangular Bandage size 96*96*136cm,CONCEPT-SET,69
a58bf159-0efd-4714-8341-8d3d93ac0504,,Medical Supply Items,Centrifuge Tube Glass Graduated 15ml,CONCEPT-SET,70
5cd78183-949c-40ff-a881-8ba6aff7b455,,Medical Supply Items,Examination Glove latex non sterile Large,CONCEPT-SET,71
fce268ab-a553-463f-b929-18efd432bf2d,,Medical Supply Items,Gauze Bandage 10cm x 5m,CONCEPT-SET,72
73d5236d-881c-4bf4-953b-60ededdfa3c5,,Medical Supply Items,Ear Syringe 100ml metal complete in set stainless steel,CONCEPT-SET,73
39e0408b-6b02-46f7-8c5c-3115f31cdb04,,Medical Supply Items,Gauze Bandage B/P Mesh 28 x 24 size 7.5cm x 5m,CONCEPT-SET,74
5b4e9abc-d00e-408e-bd90-2099972e90d5,,Medical Supply Items,Gauze Bandage B/P Mesh 28 x 24 size 12.5cm x 5m,CONCEPT-SET,75
67544e97-ca91-4c0e-959c-f845133d83d2,,Medical Supply Items,Gauze Surgical 90cm x 100m,CONCEPT-SET,76
604ff38b-620a-4d15-be96-6ffc8b7bf91d,,Medical Supply Items,Heavy Duty Glove Rubber Resistance to Chemical (Large) Size,CONCEPT-SET,77
f61ccada-4b99-48c5-9d69-529a4759b223,,Medical Supply Items,"Insulin Syringe ,100iu/ml, 1ml with 29G needle, disposable",CONCEPT-SET,78
6c8d3c08-8663-41d1-bc48-e3f21118598c,,Medical Supply Items,Examination Glove Latex disposable Non Sterile Medium size,CONCEPT-SET,79
b8006839-7654-41e2-8c29-fbe2a6be223f,,Medical Supply Items,Surgical Glove sterile Latex No. 7,CONCEPT-SET,80
abe7c0fc-f059-4125-a1de-cd0359857cc1,,Medical Supply Items,Paraffin Gauze 10cm x 10cm,CONCEPT-SET,81
e7dca832-95a3-4f40-b857-fed0b3f04907,,Medical Supply Items,Plaster Of Paris (P.O.P) 10cm x 3m,CONCEPT-SET,82
1f158651-910b-475d-942c-71f849a0eb45,,Medical Supply Items,Plaster Of Paris (P.O.P) 15cm x 3m,CONCEPT-SET,83
9dbf948e-c394-4318-b188-919ae6b8bcdf,,Medical Supply Items,Plaster Of Paris (P.O.P) 15 cm x 3m,CONCEPT-SET,84
5520fc82-a100-4dcb-9c35-95d61ab8a42b,,Medical Supply Items,Suction Catheter transparent with funnel silconized adult size(Sterile) for single use,CONCEPT-SET,85
c2a4423c-b070-4b00-a494-54d6fc47a8b3,,Medical Supply Items,Silconized Cannula with 30cm extension tube steile 23chg of 100's,CONCEPT-SET,86
a4c1d4b3-40fb-4b94-a464-0d8dc7842e30,,Medical Supply Items,Silconized Cannula with 30cm extension tube steile 25chg of 100's,CONCEPT-SET,87
2e00adc5-bf4e-42e9-b7e2-c5200e6de86c,,Medical Supply Items,Umblical Clamp 5.3cm Sterile,CONCEPT-SET,88
ebdf00c0-7743-4741-8858-7b8a9694bcc5,,Medical Supply Items,Centrifuge Tube ungraduated Xonical,CONCEPT-SET,89
e73cd234-3233-4cec-9f7d-0019e520b5d0,,Medical Supply Items,"Centrifuge Tube round bottom ,ungraduated 1.2mm x 100 x 16mm",CONCEPT-SET,90
90cb764c-c94c-4684-8993-dc5690c144cb,,Medical Supply Items,Blood Collecting Bag,CONCEPT-SET,91
f5071e71-2a2d-4dc7-9918-aeb49f56854e,,Medical Supply Items,Apron Plastics,CONCEPT-SET,92
d6d53cee-c206-425b-ac4e-8195e48e1237,,Medical Supply Items,Cannula Intravenous Set (IV Cannula) 16G,CONCEPT-SET,93
d68d838d-0108-40d8-bbaf-b3f66d4c9687,,Medical Supply Items,Sheets Vinyl size 18cmx91cm,CONCEPT-SET,94
847092d9-5cd0-41a3-a199-957a5cc86378,,Medical Supply Items,Scalp Vein Winged Infusion Set 23G,CONCEPT-SET,95
273bd0d3-6d6c-4060-9a89-6817da67564e,,Medical Supply Items,Scalp Vein Winged Infusion Set 25G,CONCEPT-SET,96
52136894-b6c9-4512-bddd-8ee9a62a793a,,Medical Supply Items,Surgical Glove No.7.5,CONCEPT-SET,97
c9451d2d-3c11-4a82-a4b0-c2702c55dcea,,Medical Supply Items,Gauze Dress 3x4.1 yrd Non sterile Roll,CONCEPT-SET,98
ccf5146b-e704-49da-96f8-eb92e391fb3b,,Medical Supply Items,Humidity Indicating Cards,CONCEPT-SET,99
76dd8f68-8d17-4233-9b32-f4f704ecc430,,Medical Supply Items,Aluminum Foil 37.5 (Diamond),CONCEPT-SET,100
77937378-a87d-4909-99ac-823db6e18b0e,,Medical Supply Items,BD Microtainer Tube K2EDTA 250 500 µl.,CONCEPT-SET,101
ea23f94e-8c18-4387-9c89-6fdaf6883cae,,Medical Supply Items,Absorbent Underpads,CONCEPT-SET,102
50a5c67b-c33d-4986-8683-29123a07e7af,,Medical Supply Items,Bottle and Cap (EV 431),CONCEPT-SET,103
5bcc1a72-8375-4834-8c24-673a2bc913e9,,Medical Supply Items,Disposable Syringe 10ml with Needle,CONCEPT-SET,104
84555701-3fe2-4398-84b2-87177cc8f5ad,,Medical Supply Items,"Gauze Swab 10cmx 10cm , 6 plys sterial",CONCEPT-SET,105
ab2930e0-0492-486b-a889-fbd8bc5148c4,,Medical Supply Items,Gauze Bandage 18cm x 5m mesh 28 x 24,CONCEPT-SET,106
837cfcd7-a0b5-4ef8-b538-fdf7f011bb63,,Medical Supply Items,Sharp Container,CONCEPT-SET,107
ce3efdb7-2f98-4dab-8ae9-0c66246e993c,,Medical Supply Items,Lense Cleancing Tissue,CONCEPT-SET,108
9a136c59-46b0-41ef-ba0c-8404803300c1,,Medical Supply Items,Adhesive Tape 5cmx9cm,CONCEPT-SET,109
5514da06-4b30-41ea-b1fb-bf72d537a6ee,,Medical Supply Items,Pasteur Pipette 3 ml,CONCEPT-SET,110
17bd335d-2e31-414c-994c-08788100e01b,,Medical Supply Items,"Cat Gut Chromic 3.5 (2/0), 75 cm HR 38 1/2 C.R.B 38mm heavy needle 334",CONCEPT-SET,111
f741c4e3-3771-404c-bd22-5e660387f5fa,,Medical Supply Items,Biohazard Bags 24x36 of 200,CONCEPT-SET,112
135f5b10-3800-4e94-bff8-8c79ea72c035,,Medical Supply Items,Auto Disposable Syringe 10ml with needle 21G,CONCEPT-SET,113
52329ef7-f9fc-4dd8-a6c2-52700195efc7,,Medical Supply Items,Sputem Cup,CONCEPT-SET,114
3e2d7cee-6c05-44ab-8ca3-8cffbc9f7b6d,,Medical Supply Items,Microscope Slide 76mm x 26mm of 50,CONCEPT-SET,115
544b81b2-4726-42f8-95de-3bdb6a918765,,Medical Supply Items,"Blood Lancets, Disposable Sterile",CONCEPT-SET,116
3665e48a-2a2b-4365-ac87-aa6a44bc6d94,,Medical Supply Items,Asucryl Synthetic Absorbable Braided Violet (PGA) 2/0 75cm on TS27 3/8C Rev.cutting 27mm 4575,CONCEPT-SET,117
a968fb50-dd88-40c7-856d-d456a675e277,,Medical Supply Items,"Polyamide Monofilament Gauge 0.2 (10/0) 30cm TRM 5 curved, 5mm long R>B. (taper) 100microns, micropoint 543360 dozen",CONCEPT-SET,118
bff34ec9-ce1e-4ee4-9d88-28cb421d522f,,Medical Supply Items,Infant Feeding Tube No.8,CONCEPT-SET,119
fa6b031a-290e-4c3d-bfe0-1495beabd5de,,Medical Supply Items,Rectal Catheter No. 28,CONCEPT-SET,120
b5d6847f-58f4-43cc-83af-230cd0d2db85,,Medical Supply Items,Rectal Catheter No. 30,CONCEPT-SET,121
3ef9902f-1847-42d7-b854-34a23a895856,,Medical Supply Items,Suction Catheter No.6,CONCEPT-SET,122
9761683d-4986-4ebf-88f1-b5dbd604ffcb,,Medical Supply Items,Suction Catheter No.8,CONCEPT-SET,123
dde39bae-46ed-47fe-99b2-5efe8f5f5ef2,,Medical Supply Items,Suction Catheter with Xroline No.28,CONCEPT-SET,124
5fc4b4a4-ebaa-4c26-89b1-7ae5d5fdbcba,,Medical Supply Items,Suction Catheter with Xroline No.4,CONCEPT-SET,125
eb049ce9-8022-4ea1-b2e4-6e11568160d9,,Medical Supply Items,Suction Catheter with Xroline No.6,CONCEPT-SET,126
533e0bd7-b9b8-4a1e-a96e-1714283b3783,,Medical Supply Items,Suction Catheter with Xroline No.8,CONCEPT-SET,127
53ec0f8c-f5a4-4a0d-9bb9-9cdaf720ea6c,,Medical Supply Items,Suction Catheter with Xroline No.23,CONCEPT-SET,128
928da624-6164-4f5a-85ba-a010eca01d40,,Medical Supply Items,Disposable Syringe 50ml with Needle,CONCEPT-SET,129
650cda1b-eda4-42f0-bccb-f8a6552643b4,,Medical Supply Items,Gauze Bandage 5cm x 5m,CONCEPT-SET,130
4f5c3b12-aa80-4d24-bb49-7debd9e3b838,,Medical Supply Items,Surge Protector,CONCEPT-SET,131
8dbdf46f-abd2-4a36-bf2e-018d0887c823,,Medical Supply Items,Auto Disposable Syringe 1ml with needle,CONCEPT-SET,132
7e3683d7-cd2c-44b4-b167-03965e810a31,,Medical Supply Items,Gauze Non Sterile 90cm x 90m,CONCEPT-SET,133
8bd12e11-515e-47a2-9f69-c2324c0a2b3f,,Medical Supply Items,Dental Needle Steralized 0.4 x42mm,CONCEPT-SET,134
46a1de8b-6107-4ba6-bbf5-59f5f44da1b2,,Medical Supply Items,Goggles For Delivery Room,CONCEPT-SET,135
18a57614-35d8-4855-835b-88ff23d0bfbb,,Medical Supply Items,Sample Cups For Humastar 80,CONCEPT-SET,136
84b4c687-6e5b-4525-9007-0db26cc03b7a,,Medical Supply Items,Auto Disposable Syringe 5ML detachable needle 23G,CONCEPT-SET,137
954dcd1c-e860-44e3-bfee-4635591109dc,,Medical Supply Items,"Surgical Glove Sterile, Latex No 6.5",CONCEPT-SET,138
fb65ab85-73f7-45da-a9e2-f37f43b7ffef,,Medical Supply Items,Cat Gut Chromic 3.0(3/0) 75cm on 18 20mm 1/2circle Round Bodied Needle 2234,CONCEPT-SET,139
d4d1cbc9-0134-461a-b715-ea516fa8efcd,,Medical Supply Items,Cover Slide 22x22mm Thickness 13 mm,CONCEPT-SET,140
07b1bc1d-9363-40a1-a9c6-c348de41ba44,,Medical Supply Items,Disposable Syringe 1ml,CONCEPT-SET,141
c8742ec9-949d-4263-93d1-3bd282e26cb6,,Medical Supply Items,BD Syringe 1ml,CONCEPT-SET,142
91543e4c-171c-4054-a3d5-c8b117bf1a23,,Medical Supply Items,Mosquito Bednet 160x180x150,CONCEPT-SET,143
06eca4c0-975c-478e-95ae-028cfbd9e650,,Medical Supply Items,Water Proof Plaster,CONCEPT-SET,144
b94cd50d-e24d-419e-9071-0113240a883c,,Medical Supply Items,Recording Galss Strying 2ml,CONCEPT-SET,145
4ec4743e-faac-4707-9268-86991122b59c,,Medical Supply Items,Endotracheal Tube sterile CH 9,CONCEPT-SET,146
ad7be1e0-b83a-4b5f-92a7-8c10f7a3509d,,Medical Supply Items,"Gauze Swab 19cm x15cm, 40/40""",CONCEPT-SET,147
7255d107-7235-42b7-b3d8-9368c0e59bc9,,Medical Supply Items,"Ambu Bag pedaiatrics, silicon Rubber",CONCEPT-SET,148
a3c41bce-40c2-4a97-93d8-4ef87496692b,,Medical Supply Items,Ambu Bag Adult Large,CONCEPT-SET,149
07c93e6c-6684-4ac0-8502-8d442ba36c7e,,Medical Supply Items,Simpson Obstetric Forceps 30cc ss,CONCEPT-SET,150
d7c2ae0c-b7bb-4f9c-8d12-5ee63d886189,,Medical Supply Items,Measuring Tape Flexable 1.5m Vinyl Coated Fibregl,CONCEPT-SET,151
fcfde005-dd74-482a-a85c-3877f7960af9,,Medical Supply Items,Zinc Oxide Plaster 7.5cm x 5,CONCEPT-SET,152
4717e253-875a-47f0-bcdd-2414ae053800,,Medical Supply Items,Pasteur Pipette Non Ggraduated,CONCEPT-SET,153
a3aaa311-16fd-431d-8041-8b47ecb6c450,,Medical Supply Items,Biohazard Bags Autoclave 38x48,CONCEPT-SET,154
194a00fc-be2d-4a7a-baec-0b77ad0a461e,,Medical Supply Items,Insulin Syringe 0.3ml 100ul/ml i think its 0.1ml,CONCEPT-SET,155
ba2035f5-b5a4-42a2-96c2-de897c228f33,,Medical Supply Items,Auto Disposable Syringe 0.5ml with Fixed needle 23 G,CONCEPT-SET,156
44a059da-eec5-4645-abec-0b30e2d60a6e,,Medical Supply Items,Torniquate,CONCEPT-SET,157
0c48ce3f-86ba-4bc4-a705-9e5af6bed656,,Medical Supply Items,Sputem Cup Stainless steel 60ml,CONCEPT-SET,158
9f7d596c-3f08-4d7e-a99c-745fffcaa17e,,Medical Supply Items,Mop Scuizer,CONCEPT-SET,159
b6f9a794-39fc-4b5a-a2a3-68e2c4aee15a,,Medical Supply Items,Self Adhering Label Tape Yellow,CONCEPT-SET,160
b09a1bc2-b2bc-47b6-a29c-c71e50314bf4,,Medical Supply Items,Plastic Bed Sheet,CONCEPT-SET,161
326dafc4-f217-4b60-aec5-3cb05e33cfa5,,Medical Supply Items,"Insulin Syringe For single use, 0.1ml ,8mm/30G,U 100, Eng+4 Nordic languages",CONCEPT-SET,162
c2ded7d0-f485-4d1a-9b1f-31a79d95dc06,,Medical Supply Items,"Insulin Syringe For single use, 0.3ml ,6mm/30G,U 100 Euro languages",CONCEPT-SET,163
30f5bfbe-f8ac-44dd-997d-f7ad8df5466d,,Medical Supply Items,Superpath Preservative Fluid,CONCEPT-SET,164
d5fee94c-a1f2-4ace-af7c-109a1a2d38d5,,Medical Supply Items,Cryogenic Vial 1.5ml (Nuc Tube),CONCEPT-SET,165
349bf94d-de54-4173-bf6c-ce2b2de81027,,Medical Supply Items,Absorbent Pad With Plastic Backing 17x24 Inch,CONCEPT-SET,166
1c6c43b1-7a46-47cd-9e1e-c15d6cdb584f,,Medical Supply Items,Catheter Metal Femail 15.5cm Channel 12,CONCEPT-SET,167
bd68dfa1-368e-4353-ad1a-d6d3f667f8bb,,Medical Supply Items,Disposable Syringe 2ml Without Needle,CONCEPT-SET,168
23ab9aba-0003-439d-b7b8-8457114fe2e3,,Medical Supply Items,Self Adhering Label Tape Red,CONCEPT-SET,169
02a0aebf-125f-4c4a-8736-c025c1a65a49,,Medical Supply Items,Self Adhering Label Tape blue,CONCEPT-SET,170
0a03bfbf-e94d-499c-a4d3-a1926c3473e8,,Medical Supply Items,Microscope Slide 25x75mm,CONCEPT-SET,171
34fa711b-a360-46fb-b4a9-cd107795cc73,,Medical Supply Items,"BD Vacutainer Tubes PLK2 E 4ml,7.2mg plus",CONCEPT-SET,172
381c3b1d-d5cf-4299-88fd-636808848fec,,Medical Supply Items,Marker,CONCEPT-SET,173
9c0711d6-94e6-4844-8487-8cc03349dc04,,Medical Supply Items,Pipette Tips 200UL White,CONCEPT-SET,174
0934badd-6fb8-47b9-8c9f-7b24a41b541f,,Medical Supply Items,"Urine Collecting Bag 1500 ml, sterilized",CONCEPT-SET,175
7931b135-a273-4a98-9a2c-631965d1f3b3,,Medical Supply Items,Syringe(AD) 1ml,CONCEPT-SET,176
1034efe4-d5b2-4b54-b1be-d1cadbb41663,,Medical Supply Items,Combitip Plus 25ml,CONCEPT-SET,177
72dc71be-00f1-4c26-b107-97896f543726,,Medical Supply Items,Ear Syringe 65ml Rubber,CONCEPT-SET,178
3a69f012-bf5f-40ae-9666-87c8259393ca,,Medical Supply Items,Infectious Waste Container,CONCEPT-SET,179
8b6722ce-384a-46ed-a66c-31085c72ed1e,,Medical Supply Items,Dental Needle 27g long,CONCEPT-SET,180
5ef6a2c6-ac19-4a10-a48e-fb72db5c24d6,,Medical Supply Items,Stool Specimen Container Disposable of Polypropylene with Cover,CONCEPT-SET,181
7c1e8e9e-d70e-4e3f-8533-3bb9c2b50e23,,Medical Supply Items,Face Shield Guardall,CONCEPT-SET,182
8b756ab1-bf6a-40a7-9609-0d46b281215a,,Medical Supply Items,BD Vacutainer Needle Safe Lock 23G,CONCEPT-SET,183
bccb2e2c-2e94-48ea-85ec-371386f7b560,,Medical Supply Items,Gauze Bandage 8cm x 5cm,CONCEPT-SET,184
31d2eb99-aaa9-4bd6-84de-95835e0ca68a,,Medical Supply Items,Gauze Bandage 10cm x 300cm,CONCEPT-SET,185
b123e1cd-61a4-4027-a2c6-54e011e21b21,,Medical Supply Items,Hypoallergenes Klebevies 15cmx10m,CONCEPT-SET,186
41da164d-1539-4a53-b2ef-86d42667fd6a,,Medical Supply Items,MC3 A ECG SCOPE,CONCEPT-SET,187
f52a6735-f0f2-4fb5-a73f-0467cae94d22,,Medical Supply Items,MC3 ECG SCOPE,CONCEPT-SET,188
142e1a84-de9d-4a3b-b5bf-23b4fb047e71,,Medical Supply Items,New Emergency Health Kit Supply 2 Equipment,CONCEPT-SET,189
f868c624-7f57-4fc1-b910-581410417e77,,Medical Supply Items,Pipette,CONCEPT-SET,190
8aa8a2ba-e367-4cc2-b1b4-ed73a17ee604,,Medical Supply Items,Vacume Jar,CONCEPT-SET,191
57489e9a-b4a7-4c64-aefd-72bc1cfe5242,,Medical Supply Items,Adhesive Plaster Zinc Oxide 5cmx5cm,CONCEPT-SET,192
5f846683-d60e-4c80-8216-0958d81aade5,,Medical Supply Items,Cotton Absorbant 500gm of 20 rolls,CONCEPT-SET,193
21c34f39-2287-4a0d-b276-b0adb78ac90f,,Medical Supply Items,"Gauze Pad,12ply",CONCEPT-SET,194
2e5d17aa-7e51-453b-83c8-7387ba86b1b3,,Medical Supply Items,Demo Implants,CONCEPT-SET,195
62e52a2b-bb93-4494-bb5b-92bd3783b27e,,Medical Supply Items,Umblical Cord Tie 3mmx50 Metter,CONCEPT-SET,196
7b0dccfb-3cc8-4f44-9f00-7185f5fd46e8,,Medical Supply Items,Metal looks like syringe,CONCEPT-SET,197
cf7525f5-acd1-4f80-b62f-74e4320c07ca,,Medical Supply Items,Over All,CONCEPT-SET,198
da6bc466-7fb6-476a-89d6-c19aac6c0450,,Medical Supply Items,Safety Goggles,CONCEPT-SET,199
d03dce0f-c610-4552-81e4-33b0c5963f41,,Medical Supply Items,Helmet (Medical Supply),CONCEPT-SET,200
6ff602a3-31fb-47fd-9c5d-1a24530d5ffe,,Medical Supply Items,Glove,CONCEPT-SET,201
5d1d7220-4067-4d71-a339-8960ba89bea0,,Medical Supply Items,Chemical Mask Double filter,CONCEPT-SET,202
ac36b521-c4fd-409a-ab02-c4c635787b06,,Medical Supply Items,Jar for pick up forceps,CONCEPT-SET,203
babeffd9-f4e2-4bf6-8efb-22a34ad55ed5,,Medical Supply Items,Rectal Catheter No.16,CONCEPT-SET,204
c1459e46-f4f0-48ec-86b4-c5f5a7af7970,,Medical Supply Items,Drugs And Medical Supplies for health post ( eight different items ),CONCEPT-SET,205
f818524f-49d5-4fb5-8686-4e163a83a023,,Medical Supply Items,Gauze Bandage 4m long,CONCEPT-SET,206
227cf93a-b293-47ae-81b7-59bda9fb2001,,Medical Supply Items,Catheter Metal for female 14cm,CONCEPT-SET,207
dbb79f6e-d537-4ea4-93e6-347f2aa439f7,,Medical Supply Items,IV Sets For Blood Bag,CONCEPT-SET,208
58549d29-b795-4e02-9e77-1bcd6c1d9c96,,Medical Supply Items,Oral Cleap 1ml,CONCEPT-SET,209
28a5e96c-c811-471b-a175-870776031805,,Medical Supply Items,Gauze Surgical 90cmx100 yds,CONCEPT-SET,210
8f8e69e4-ac33-4c85-a11c-2191efdeb587,,Medical Supply Items,BD Syringe 5ml with needle 21G,CONCEPT-SET,211
0efb37d2-e997-4868-9b73-a5f0764d8808,,Medical Supply Items,Blood Transfusion Set,CONCEPT-SET,212
746adcb2-cfd5-4003-aad5-401ca919d2be,,Medical Supply Items,Face Mask Pediatric,CONCEPT-SET,213
5f6fe0da-61d5-4e1f-a943-8fccfb2e0421,,Medical Supply Items,Pipette Adjustable 1 100ml,CONCEPT-SET,214
17ee95ab-4a26-4610-b263-843c974d97cd,,Medical Supply Items,Absorbent Pad with plastic backing 17x19 inch white green diapers 300piecs VWR international LLC,CONCEPT-SET,215
274364c8-15fe-4710-ae8b-83cd76e73d4d,,Medical Supply Items,Auto Disposable Syringe 0.05ml with Needle,CONCEPT-SET,216
e7a27fe7-1f50-4961-8420-259ce377e961,,Medical Supply Items,Disposable Insulin Syringe 30G and 8 mm fixed needle,CONCEPT-SET,217
abf44d13-84f8-4128-9122-6fddb36ae76e,,Medical Supply Items,Plastic Sheet Drawer 1x1 Meter,CONCEPT-SET,218
28411817-be34-4d65-b989-eea124b29afe,,Medical Supply Items,Naso Gastric Tube Pediatric size 5,CONCEPT-SET,219
48d4f1da-6d07-426c-aa5a-492c36386015,,Medical Supply Items,Suction Tube Disposable,CONCEPT-SET,220
30acec71-b13d-471c-9174-86765519463e,,Medical Supply Items,Suction Catheter transparent with funnel silconized infant size (Sterile) for single use,CONCEPT-SET,221
ca66ba6a-2c52-4b7b-9bf7-f3d0c11a19a8,,Medical Supply Items,Soap 200 230gm,CONCEPT-SET,222
355b9b83-b41f-4cce-89fa-f27661b769da,,Medical Supply Items,"Steel Wire, Softdia 0.2mm 10m",CONCEPT-SET,223
6fa277c7-02ae-422b-9d66-0ede2718bdfd,,Medical Supply Items,"Steel Wire, Softdia 0.3mm 10m,",CONCEPT-SET,224
7cacffbd-60ab-4fc9-8d2c-d72a2e71c76d,,Medical Supply Items,VWR Sterile Aerosol Pipete tip 1 1000UL of 576,CONCEPT-SET,225
29358463-f43d-4d69-947a-b308bbc184f4,,Medical Supply Items,VWR Sterile Aerosol Pipete tip 1 200UL of 960,CONCEPT-SET,226
76441eda-4bf0-41f4-b427-42428ef731fa,,Medical Supply Items,"Sulture nonabs,DEC3,need 3/8 30mm trl/box36",CONCEPT-SET,227
a5372d19-8d35-4853-8d47-496407392915,,Medical Supply Items,"Flow Splitters Four way 2 LPM capacity ub 1/8 LPM increments, 90189099",CONCEPT-SET,228
88443775-add9-4fbd-829c-1d49bf912d1d,,Medical Supply Items,Nasal Prongs,CONCEPT-SET,229
ce9f4905-75c9-463e-83cd-2ed78afa910c,,Medical Supply Items,Nasal Prongs Oxygen Child,CONCEPT-SET,230
fd1e07c8-6c34-459f-b50f-acbed1a5ade1,,Medical Supply Items,Vacume Tube 10ml,CONCEPT-SET,231
934f0184-6cbb-4bd8-a3e3-3ff8f3306c58,,Medical Supply Items,Vacume Tube 8ml,CONCEPT-SET,232
81772cc0-7de1-467d-9d6a-a25541f17330,,Medical Supply Items,"Gauze Swab 10cmx 10cm , 8 plysx10pc/bag sterial",CONCEPT-SET,233
a60798dd-2006-4754-9711-6893a5b15111,,Medical Supply Items,BIttke HDPE Square Jug 4L 4Pcs,CONCEPT-SET,234
78d5e060-2a3e-4a1a-918d-176fccfc22c4,,Medical Supply Items,Hemocytometer Improved Neubauer,CONCEPT-SET,235
a1c2495f-7728-4f8f-8e5f-989b5ff90b24,,Medical Supply Items,Aluminum Foil,CONCEPT-SET,236
b36e9fc0-a688-438d-918f-0c9b85aa1067,,Medical Supply Items,"Microtube 1.5ml sterile screw cap with O RING, PP.",CONCEPT-SET,237
98696636-e4d2-42ea-93cb-be820fcc8dbc,,Medical Supply Items,Apron Plastics Standard Size,CONCEPT-SET,238
14e3f76a-65de-4399-998a-a5508139c59a,,Medical Supply Items,Doppler Foetal Scope KDM 100,CONCEPT-SET,239
eba3a66b-9dff-41df-82b0-d8e97f1be50f,,Medical Supply Items,Length Board,CONCEPT-SET,240
337ef7fc-5775-40e6-8bc1-59340cc0ac1a,,Medical Supply Items,PIMA Bead Standard,CONCEPT-SET,241
efcff55a-09e7-465a-8ba8-d8268bb60b2c,,Medical Supply Items,Pima Analyser,CONCEPT-SET,242
3bf82454-af0a-4852-a791-c7d5dc439aaa,,Medical Supply Items,"Urine Catheter Female ,16cm, Stainless steel",CONCEPT-SET,243
553a7136-f432-455c-86e7-bc8846ca82f7,,Medical Supply Items,Metal Syring (Recording Glass Syringe),CONCEPT-SET,244
ded136f4-4e26-4c1e-b2b2-4e94dfe30695,,Medical Supply Items,Metal Catheter,CONCEPT-SET,245
d258a55c-dc2c-4795-84db-3037c1498062,,Medical Supply Items,Dental Needle,CONCEPT-SET,246
df6fb626-54a8-4d2b-8c66-7f59a2369bee,,Medical Supply Items,Auto Disposable Syringe 0.5ml blister packed 23G,CONCEPT-SET,247
7e330ada-9e0f-4705-8a06-ec4378089b41,,Medical Supply Items,Screw Driver With Screw Holding Sleeve 2.5mm,CONCEPT-SET,248
e9afdabb-d9a7-4060-93d0-373b05e006c1,,Medical Supply Items,Cohen Universal Extracting Forceps American Pat.,CONCEPT-SET,249
6b4f6c1c-34d2-4d44-89b0-a2c5d3053c50,,Medical Supply Items,Seldin Root Elevator Fig 1L,CONCEPT-SET,250
b3893a0f-b26b-4187-a25d-2e68a28b5f9c,,Medical Supply Items,Sanitary Towel with sticker,CONCEPT-SET,251
020394b5-8339-45d2-b0dd-0e1787107f73,,Medical Supply Items,Adhesive Sticky Mat 25.5X45 40 Sheet,CONCEPT-SET,252
8c0350a9-363d-489a-8e3c-1cf55231187f,,Medical Supply Items,"Disposable Syringe (Sterile) 3 Parts, 50ml Luer fitting with 21G 1 & 1/2 Needle",CONCEPT-SET,253
f9391870-631d-41e4-b0f8-a27f6bbfcc4b,,Medical Supply Items,"Disposable Syringe (Sterile) 3 Parts, 10ml Luer fitting with 21G 1& 1/2 Needle",CONCEPT-SET,254
0b8d9d7b-cec2-4c40-bc55-c3ac6f2846ce,,Medical Supply Items,Pipette Different Size,CONCEPT-SET,255
b656cf27-0b32-4e0d-99be-761411b321c2,,Medical Supply Items,Combitip Plus 28ml,CONCEPT-SET,256
c43dd0aa-e762-403e-a7d3-6a0fbefe1761,,Medical Supply Items,Combitip Plus 10ml,CONCEPT-SET,257
a7f361c4-b2d6-4419-a695-68891ad8e40e,,Medical Supply Items,Combitip Plus Adapter 28ml,CONCEPT-SET,258
94f2dc83-7f47-4044-a39c-524c1e6d1b35,,Medical Supply Items,Gauze Bandage 10cm x 4m,CONCEPT-SET,259
74555567-bf90-49d9-81cb-406aaa1b5efc,,Medical Supply Items,Aladin Brass Flue 23E60,CONCEPT-SET,260
2ca7dc04-47e3-4f79-abba-20730d0df006,,Medical Supply Items,Centrifuge Tube 5ml,CONCEPT-SET,261
5af63f38-1cf0-4a8f-ae77-2f2d84663acb,,Medical Supply Items,Microscope Lamp,CONCEPT-SET,262
3a8c2477-1cde-4d6c-b9ac-fd832db2ca39,,Medical Supply Items,Spatula wooden,CONCEPT-SET,263
c6a20670-779b-4eee-bacf-50f017435ced,,Medical Supply Items,Infusomat space,CONCEPT-SET,264
43fceaeb-f6b5-4503-a948-504e2c62b35e,,Medical Supply Items,Empty kit bag,CONCEPT-SET,265
d1289437-980b-496f-921f-9195696170dc,,Medical Supply Items,Tray dressing kidney dish small 20cm,CONCEPT-SET,266
8b1f3457-d145-4dd0-9cc7-9431dc483a5f,,Medical Supply Items,Tag For Refrigerator,CONCEPT-SET,267
f3dd280a-c092-4773-9702-b5be30e0fb36,,Medical Supply Items,Face Mask,CONCEPT-SET,268
0c4a3bff-9c4f-488f-92ed-0f96306b5fa5,,Medical Supply Items,Labsoaker STD 18INX20IN MA,CONCEPT-SET,269
ea329c98-e6c7-4932-a601-42bf95222af5,,Medical Supply Items,Filter Paper Qualitative Whatman type grade 1 diameter 90mm,CONCEPT-SET,270
7bb9c8e5-442d-4b7d-a1c9-29095dfc67f3,,Medical Supply Items,Eye Goggle plastic,CONCEPT-SET,271
2a6cf658-4a57-494e-86c6-745524acfe08,,Medical Supply Items,Starting Device 1/4HP,CONCEPT-SET,272
892b5780-4e64-4693-8f2d-c3c789bab5f6,,Medical Supply Items,Starting Device 1/4 Vestfrost MK304,CONCEPT-SET,273
7845f228-c2c1-41ed-9ee8-b011bebbcf96,,Medical Supply Items,Starting Device 1/3HP,CONCEPT-SET,274
8a1b7434-2928-47aa-bffb-4a94119b7f7f,,Medical Supply Items,Storage Bag For Specimen,CONCEPT-SET,275
7eeaabfa-da46-4c7b-b7d1-d35df1b94812,,Medical Supply Items,ESR pipete,CONCEPT-SET,276
80ace25f-41c7-46b6-aa96-48fe64ac79ca,,Medical Supply Items,Disposable Syringe 3ml with Needle,CONCEPT-SET,277
153a0a98-7f2a-4d1c-b429-26097df6e77b,,Medical Supply Items,Auto Disposable Syringe 0.5ml,CONCEPT-SET,278
f5263a7a-b03e-445d-acfa-3db7f99216c7,,Medical Supply Items,Starting Device 117U6015,CONCEPT-SET,279
c24c1766-b0d6-47db-b48f-cf89bae0c690,,Medical Supply Items,Fan Jamican KF 1225B1MR R,CONCEPT-SET,280
32c0a6a2-6bd8-48e8-a08e-123787002334,,Medical Supply Items,Microscope Slide frosted ended,CONCEPT-SET,281
3df0cb3a-df89-403e-ad38-1d1c0dc64155,,Medical Supply Items,PIMA printer paper I,CONCEPT-SET,282
0bd23cf5-751b-46b8-af4f-5c71a10d9710,,Medical Supply Items,pill cutter with pill grip,CONCEPT-SET,283
9296f3a3-ffbf-47db-94df-c9cda46e5a8f,,Medical Supply Items,Palpation moduel for Leopolds,CONCEPT-SET,284
3d5fb4c4-06a5-480a-aaf0-2b8986dd27c1,,Medical Supply Items,Spinal injection simulator,CONCEPT-SET,285
9779efb9-89c8-4d7f-a30e-ad7522c5dae1,,Medical Supply Items,"coverall,w/hood,type 4,tight clothing,large(176 182cm)",CONCEPT-SET,286
0304c88d-7a90-43e0-9a1b-c6b2d5edc5bb,,Medical Supply Items,"coverall,w/hood,type 4,tight clothing,x large(182 188cm)",CONCEPT-SET,287
dfe7d464-99d6-4177-82e5-bd8df85812d5,,Medical Supply Items,"coverall,w/hood,type 4,tight clothing,mediuml(170 176cm)",CONCEPT-SET,288
1b5206de-1542-4ac3-b3f5-8b67e6f520d7,,Medical Supply Items,"coverall,w/hood,type 4,tight clothing,small(164 170cm)",CONCEPT-SET,289
8ea9d1b5-8512-4756-8a15-01e95b1fc40e,,Medical Supply Items,NTC Thermister Temperature Probes 15m,CONCEPT-SET,290
19ba21c2-3bc6-4a6b-8fd3-5d9b1169b960,,Medical Supply Items,Bandage Triangular 96x96x136cm,CONCEPT-SET,291
3966331a-4788-4dca-9369-f49a84a293b5,,Medical Supply Items,Glass Volumetric Transfer Pipette Capacity 10ml,CONCEPT-SET,292
6dc9c9ae-89fb-4a54-9cd5-fea77c15d356,,Medical Supply Items,"Conical Centrifuge Tubes Sterile,disposable,15ml",CONCEPT-SET,293
61f30958-8cd3-4879-bd45-7abcd795c868,,Medical Supply Items,Endotracheal Tube Uncuffed,CONCEPT-SET,294
041b1c95-ccc6-420e-8d56-07c9199d5ece,,Medical Supply Items,Slides of Microbiologicaly Prepared of Different Size,CONCEPT-SET,295
36f638e2-4279-41cb-be89-5b980a8dedb8,,Medical Supply Items,Specific Gravity Measuring Device Manual,CONCEPT-SET,296
37f4a533-efa8-44e4-b968-ba480a9faab0,,Medical Supply Items,Naso Gastric Tube Adult,CONCEPT-SET,297
25972f3d-1c7e-4aa8-ab44-3a72d8bffff7,,Medical Supply Items,Naso Gastric Tube Pediatrics,CONCEPT-SET,298
af6de8da-d4dc-45a5-a4e1-71e07e673aa2,,Medical Supply Items,Manual sucker,CONCEPT-SET,299
7a59f910-1ab9-47e4-9b57-a7f0695ecd8c,,Medical Supply Items,Micropipette tips 100 1000 microliter,CONCEPT-SET,300
69f451f9-c841-4b15-8a6a-4f8f9547ee18,,Medical Supply Items,Female Pelvic Examination Training Model,CONCEPT-SET,301
27bceebd-060a-46c6-b3ce-0d746ea54027,,Medical Supply Items,Adult Manikin Male,CONCEPT-SET,302
5695b617-ac6b-4d67-8f9f-8a4ca15f9115,,Medical Supply Items,Adult Manikin Female,CONCEPT-SET,303
ced73631-3a0a-4c9f-bee1-41e964b9394b,,Medical Supply Items,Simulation Model Lumbar Puncture,CONCEPT-SET,304
bb4993dd-9457-4c75-b3cd-c0508e02598f,,Medical Supply Items,Membrane box (4 unit) D711 for ABL7XX/8XX,CONCEPT-SET,305
44ece1fe-760f-4d72-aaeb-861ec103e59f,,Medical Supply Items,Membrane box (4 Units) D722 K For ABL7XX/8XX,CONCEPT-SET,306
786fd7cd-1c28-426e-8f10-fcadd9722a10,,Medical Supply Items,Membrane box (4 Units) D733 Ca For ABL7XX/8xx,CONCEPT-SET,307
10c7c7e3-deb9-4763-8e8b-de647c7ff597,,Medical Supply Items,Membrane box (4 unit) D788 PCO2 for ABL7xx/8xx,CONCEPT-SET,308
a24644cc-cc6b-49a3-93f1-fa55c3415607,,Medical Supply Items,Membrane box (4 Units) D7077 Lac For ABL7XX/8XX,CONCEPT-SET,309
fc0ab7b9-adaa-42b2-8e47-681c9c23756f,,Medical Supply Items,Membrane box (4unit) D799 PO2 for ABL7XX/8XX,CONCEPT-SET,310
ce80aa34-1a3e-4376-a2f9-a403eb2fc5d5,,Medical Supply Items,Autocheck 5+ level 2 yellow box of 30 ampoules. for AB7XX/8XX S7745,CONCEPT-SET,311
31c1ee50-3c50-40b8-bd57-c12ff9fa5eac,,Medical Supply Items,Autocheck 5+ level 4 Green box of 30 ampoules S7765,CONCEPT-SET,312
9f220971-13be-4720-9839-9b551e3ee4f0,,Medical Supply Items,Membrane box (4unit) D744 Cl for ABL7XX/8XX,CONCEPT-SET,313
18570d5d-782c-4ee3-bbdb-ab74d515a25b,,Medical Supply Items,Contour Comparator Disc Nitrite 0 0.4mg/l N,CONCEPT-SET,314
acc337c8-1309-4295-a6fa-9eed98d5b06c,,Medical Supply Items,Contour Comparator Disc Ammonia 0 0.1mg/l N,CONCEPT-SET,315
0ee2eda3-a911-4c9a-85d7-ea4ac31712fc,,Medical Supply Items,Contour Comparator Disc Nitrite 0 15mg/l N,CONCEPT-SET,316
fd5d24a7-ef3b-47e2-84ee-1f7627074f65,,Medical Supply Items,Contour Comparator Disc Fluoride 0 1.5mg/l F,CONCEPT-SET,317
acd49c35-d780-4592-9cee-64c5e64842e3,,Medical Supply Items,Membrane box (4 unit) D755 Na for ABL7XX/8XX,CONCEPT-SET,318
0969d925-dd67-453c-a603-21fe6066a6e9,,Medical Supply Items,Custodiol Bags E6*1000ml,CONCEPT-SET,319
3e1a16d6-582b-4a1c-be91-c37a8c22bdc3,,Medical Supply Items,ENDOPATH dextrus seal cap Assembly with Accessorie,CONCEPT-SET,320
17df1af9-a4a7-40a0-86a1-e381337e5001,,Medical Supply Items,Pipette 10ml,CONCEPT-SET,321
89ce4096-d8a0-48d3-b3c6-a01e3d529d05,,Medical Supply Items,"Umblical catheter,",CONCEPT-SET,322
00540062-0a2d-44c2-b5ae-5e955188bfe5,,Medical Supply Items,Endotracheal Tube Adult and pediatric of 100,CONCEPT-SET,323
03a9faab-bad4-40de-b125-bf6cf990285d,,Medical Supply Items,"Book,Malnutriton Screen regist.english",CONCEPT-SET,324
8644ebbe-d8d9-4181-9dbc-315b330a139c,,Medical Supply Items,"TFP Multi chart,A3",CONCEPT-SET,325
daaf387f-0d24-4c30-a4a0-f7383e07d3a9,,Medical Supply Items,Ice Blocks,CONCEPT-SET,326
de40dbb0-8cab-432f-8fbe-bb8c0673de16,,Medical Supply Items,Flex cable,CONCEPT-SET,327
7ef345ba-2dab-4095-9268-8a5e5efccf0a,,Medical Supply Items,OTP Record card English,CONCEPT-SET,328
b5f0bbab-4acf-43e7-9878-6ce524d09ead,,Medical Supply Items,Insertion accessory Kit for Implanon,CONCEPT-SET,329
a6e9305c-ddad-4f59-b052-953706803725,,Medical Supply Items,Gauze Surgical 90cmx100m mesh size 19x15,CONCEPT-SET,330
f10d146a-29d6-460b-93fa-fa6eb841e99e,,Medical Supply Items,Adult hose,CONCEPT-SET,331
187bbf23-02e1-47e9-844c-8f8787467fbb,,Medical Supply Items,Diasaf Plus Filter,CONCEPT-SET,332
3bafde4f-cb5b-479f-b271-79f4512af43b,,Medical Supply Items,Starting Device 117U6000,CONCEPT-SET,333
8fdc8836-e1a3-4135-a977-23b42a6e38e5,,Medical Supply Items,Starting Device 103N0021 (PTC),CONCEPT-SET,334
b63a16f2-ba33-4549-961b-2aafac6a52c2,,Medical Supply Items,Sling For Use 100% cotton,CONCEPT-SET,335
5f74d6d9-f949-4233-a82d-af9ceff8aa0f,,Medical Supply Items,Insertion/removal accessories for implanol For 25 insertion/removal procedures,CONCEPT-SET,336
e4db0edf-e502-4ec1-ae7e-c90fc2596bc7,,Medical Supply Items,Sterile polyester fiber tipped applicators swabs in paper,CONCEPT-SET,337
81740136-68f1-4af5-a7b5-42cb9f1ba9e5,,Medical Supply Items,Compressor MTZ28 JC4A VE/R404a,CONCEPT-SET,338
2719c1d6-a885-4818-8b67-c85928286539,,Medical Supply Items,Fan Evaporator HBN 150 (18W),CONCEPT-SET,339
8d6a3bfd-cfed-44c5-ada7-1e9b73e58214,,Medical Supply Items,Mid Upper Arm Circumference(MUAC) measuring tape Adult,CONCEPT-SET,340
b2a4f3a0-1b21-4ac6-bd53-0381ede95907,,Medical Supply Items,"Weighing trousers for use with spring scales.one size,pack of 5 pieces in carry bag",CONCEPT-SET,341
f535fc4d-5758-40c3-9020-90d304630d8f,,Medical Supply Items,Autoclave indicater tape 19mmx50m,CONCEPT-SET,342
fb12694a-83a5-4f57-9da1-c283c761a862,,Medical Supply Items,Cat Gut Chromic gauge 3.0 (3/0) 75cm on 25mm 1/2 circle round bodied needle,CONCEPT-SET,343
d5fd1a10-5b7f-45ed-b7be-20603a73077f,,Medical Supply Items,Polyglycolic acid absorbable braided violet gauge 0.7 (6/0) 30cm on 12mm 1/2 circle cutting taper needle,CONCEPT-SET,344
45a74eba-71fa-4dbd-9be7-c00f27c79e82,,Medical Supply Items,Syringe 1ml,CONCEPT-SET,345
396b1ebf-2cce-435d-b541-f78404a6d2c6,,Medical Supply Items,Polyglycolic acid absorbable braided violet gauge 1.5 (4/0) 75cm on 15mm 1/2 circle reverse cutting taper needle,CONCEPT-SET,346
fa090f2e-e19c-4dea-af9e-13527d45be5d,,Medical Supply Items,Low Nitrogen Weighing Paper,CONCEPT-SET,347
49f90374-89d2-46db-a6b9-18d0b1fc7937,,Medical Supply Items,"Battery 6v 4PVV280 Sealed gel non hazardous C100h=279Ah, C10h=224Ah",CONCEPT-SET,348
ee06075d-93d2-4444-9f87-c6124b4b82ed,,Medical Supply Items,Insertion Accessories Kit for Implanol 64 Insertion/removal Procedure,CONCEPT-SET,349
c0acd587-24a1-465c-83f2-f9ac654d2005,,Medical Supply Items,Stove Kerosine,CONCEPT-SET,350
cb60f653-d945-4e08-ab4a-1d18ede05abb,,Medical Supply Items,"Switch Low Pressure, HBN 150",CONCEPT-SET,351
935dab9f-025e-4ea1-9482-3d4dbf9cb386,,Medical Supply Items,Spring Spacer,CONCEPT-SET,352
7ef9c395-897e-4bdf-8eba-80212df183bd,,Medical Supply Items,Cannula Intravenous Set 18G,CONCEPT-SET,353
b493fe9c-f242-4778-9b62-1f62b2985d96,,Medical Supply Items,Cannula Intravenous Set 22G,CONCEPT-SET,354
fb7ba9ff-be4b-4c34-a582-232dd96b3b2c,,Medical Supply Items,"Conical Flask Erlenmeger Borosilicate Glass 3.3, with Printed Graduation 200ml",CONCEPT-SET,355
5a9785f5-5b81-4a0f-94f3-32202561b1ad,,Medical Supply Items,Scalp Vein Winged Infusion Set 21G,CONCEPT-SET,356
b1c73215-196d-403f-90f4-0159d33da6d0,,Medical Supply Items,Syringe (Disposable) 2ml with needle 21G,CONCEPT-SET,357
94d66e96-0170-449c-a40a-c250518f5a76,,Medical Supply Items,Glove Examination Latex Non Powdered large,CONCEPT-SET,358
f227888a-a398-45d9-bd8f-9791d3e84ee6,,Medical Supply Items,Glove Heavy Duty Latex (Disposable) large,CONCEPT-SET,359
3dad2e7c-171c-4826-acb6-bec568a8687b,,Medical Supply Items,"Conical Flask Erlenmeger Borosilicate Glass 3.3, with Printed Graduation 150ml",CONCEPT-SET,360
613f094f-eb58-4a8e-948a-176eae6ec4a1,,Medical Supply Items,Syringe Insulin (Disposable) 1ml on 8mm with Fixed Needle 30G,CONCEPT-SET,361
9f68bad5-37e1-4b3a-85e3-6744409e8f1b,,Medical Supply Items,Colostomy Bag Adhesive Regulator Closed 25cmx14cm 30mm Opening,CONCEPT-SET,362
e701c1cc-ff82-4ec3-b662-de13343bc988,,Medical Supply Items,Syringe (Disposable) 2ml with Needle 22G,CONCEPT-SET,363
98f1a51c-fa97-407a-a5ad-7851c5ea7db3,,Medical Supply Items,Boots 38 Size,CONCEPT-SET,364
b680c183-1dfe-4015-aeb4-6467a819b1ed,,Medical Supply Items,Gauze Bandage 5cmx5m,CONCEPT-SET,365
635b69ec-02c2-4603-8f07-3145e2c1b193,,Medical Supply Items,Door Curtain PVC TKA 900X2000cm,CONCEPT-SET,366
97f3d8ce-e619-485b-916f-37cf92519186,,Medical Supply Items,Polyamide Monofilament Gauge 0.2(10/0) 38cm in 64mm spatula Double Armed Needle,CONCEPT-SET,367
275fc132-7a69-431e-bd6b-81ab8c3cc2d7,,Medical Supply Items,Mersilk Braided Black Gauge 2.0(3/0) 75cm on 35mm 1/2 Circle Round Bodied Needle,CONCEPT-SET,368
4dbf9f9c-659e-4007-86de-0bf75571b492,,Medical Supply Items,Cat Gut Chromic Gauge 3.0(3/0) 75cm on 20mm 1/2 Circle Round Bodied Needle,CONCEPT-SET,369
2948f62e-218a-4cd2-a63a-69a37df46c79,,Medical Supply Items,Polyamide Monofilament Gauge 3.5(2/0) 75cm on 27mm 1/2 circle round bodied Spatula double Armed Needle,CONCEPT-SET,370
51cbefdd-e03d-4768-96d6-7ef3d76e1699,,Medical Supply Items,Mersilk Braided Black Gauge 4.0(1) 40cm on 40mm 1/2 Circle Round Bodied Needle,CONCEPT-SET,371
7545d783-0145-4927-8353-a4506965d2b2,,Medical Supply Items,Surgical Scalpel Blade No.20,CONCEPT-SET,372
ed7bf312-583d-4873-8272-aad130a0fc7e,,Medical Supply Items,Implanon Arm Models + Extra Skin,CONCEPT-SET,373
6af6ff8e-7a25-43e1-bb28-e434abe08f96,,Medical Supply Items,"Resuscitation Set used for Neonatal, Pediatric & Adult Providing 02 Inhalation",CONCEPT-SET,374
ba6847ba-a055-4d3b-90a4-f583a9ed6095,,Medical Supply Items,Syringe(AD) 0.5ml,CONCEPT-SET,375
6f347849-e11e-46e5-8b1d-870f1c6fab12,,Medical Supply Items,Cannula Intravenous Set 24G,CONCEPT-SET,376
7c26dd01-d272-455c-b2ab-0d64aefbbb51,,Medical Supply Items,Umbrella Medium,CONCEPT-SET,377
826882d2-029c-4ce0-8476-c5bc678e3607,,Medical Supply Items,Syringe(AD) 1ml with Needle 23G,CONCEPT-SET,378
0633c87e-ca2c-42e9-af47-133c3e2c935f,,Medical Supply Items,Catheter Foley Silconized Latex Two Ways 30 50ml Balloon 20CH,CONCEPT-SET,379
3a9feff8-9fc4-4a60-b06b-8f072ae5f570,,Medical Supply Items,Catheter Foley Silconized Latex Three Ways 30 50ml Balloon 22CH,CONCEPT-SET,380
ee572438-0dfa-41b2-b1ee-e3349b4249a3,,Medical Supply Items,Catheter Foley Silconized Latex Two Ways 3 5ml Balloon 8CH,CONCEPT-SET,381
87ec9381-5749-49a7-9b63-d6cde6ac46e7,,Medical Supply Items,Endotracheal Tube 4CH,CONCEPT-SET,382
74bbe948-c752-426e-9af1-c6b8dac17151,,Medical Supply Items,Catheter Foley Silconized Latex Two Ways 5 15ml Balloon 12CH,CONCEPT-SET,383
7bfa25d1-eeda-441e-9d16-df1a5b4338cc,,Medical Supply Items,Catheter Foley Silconized Latex Three Ways 5 15ml Balloon 14CH,CONCEPT-SET,384
dca9febb-f2ec-4f97-9563-4a30dbefe3f9,,Medical Supply Items,Endotracheal Tube 7CH,CONCEPT-SET,385
c96ad496-a5b1-4de1-968c-4fd84f8d1fcd,,Medical Supply Items,Polyglycolic acid absorbable braided violet Gauge 1.5(4/0) 75cm on 15mm 1/2 circle reverse cutting needle,CONCEPT-SET,386
46396b35-faec-4802-8291-4395c60d8555,,Medical Supply Items,Mersilk Braided Black Gauge 2.0(3/0) 75cm on 18mm 1/2 Circle Round Bodied Needle,CONCEPT-SET,387
b84b4862-57d2-4af3-8e58-576b9092c1fc,,Medical Supply Items,Mersilk Braided Black Gauge 2.0(3/0) 75cm on 20mm 1/2 Circle Round Bodied Needle,CONCEPT-SET,388
a0b87e7d-8241-4c8b-8b36-042640768d2d,,Medical Supply Items,Polyglycolic acid absorbable braided violet Gauge 3.0(2/0) 75cm on 27 mm 3/8 circle reverse cutting Needle,CONCEPT-SET,389
df514730-cbe1-49f6-add5-b7add2eb89ee,,Medical Supply Items,Polyglycolic acid absorbable braided violet Gauge 3.0(2/0) 75cm on 27mm 3/8 Circle Reverse Cutting Needle,CONCEPT-SET,390
570bc851-fdbe-466f-bb84-bccab1b7f312,,Medical Supply Items,Poly Diaxone Monofilament Violet Gauge 3.5(0) 70cm on 40mm 1/2 circle round bodied taper needle,CONCEPT-SET,391
918a3c5b-2dd9-4d74-846d-a672eae5c198,,Medical Supply Items,Polyglycolic acid absorbable braided violet Gauge 4.0(1) 75cm on 45mm 1/2 Circle revers cutting Needle,CONCEPT-SET,392
638ae9cd-a57d-427a-8f48-9777b1a7ccb6,,Medical Supply Items,Cat Gut Chromic Gauge 5.0(1) 75cm on 40mm 1/2 Circle Round Bodied Needle,CONCEPT-SET,393
eb669177-0a4a-4f4e-8d90-3434a96ae72c,,Medical Supply Items,Plastic Mop,CONCEPT-SET,394
0b5790b9-960b-4c57-8119-9b081bff730d,,Medical Supply Items,Prescription Pads (Psychotropic),CONCEPT-SET,395
6096594e-a3d7-4e7c-9b30-0a5d170c9752,,Medical Supply Items,True RMS Voltage Sensor/ Transmitter for 3 Phase Line,CONCEPT-SET,396
27d4c78b-8f6f-4458-8241-6694c5437a04,,Medical Supply Items,PCB board,CONCEPT-SET,397
4bf442d0-5723-40a0-b774-e56df94aaf77,,Medical Supply Items,Syringe(AD) 1ml with needle,CONCEPT-SET,398
e83b309c-7f79-40dd-b4fc-66b674915e6e,,Medical Supply Items,"Conical Flask Erlenmeger Borosilicate Glass 3.3, with Printed Graduation 300ml",CONCEPT-SET,399
3ac749b3-a1a5-4b5f-aed2-ee44e6364b71,,Medical Supply Items,Towel for New Born 100% Cotton 70x140 cm,CONCEPT-SET,400
51a05d7b-8c20-4ad3-a4bb-12bde852a8c1,,Medical Supply Items,Single Channel Plastic Adapter (EV526),CONCEPT-SET,401
970d80fd-f474-4324-8079-4b37fbf9e702,,Medical Supply Items,"Dental Needle 21mm, 27G",CONCEPT-SET,402
1c5ab32d-5a8c-4ca3-a5d9-e6034fc74690,,Medical Supply Items,Catheter Foley Silconized Latex Two Ways 30 50ml Balloon 14CH,CONCEPT-SET,403
f445efaa-d579-4212-af50-5c2a5b45dca4,,Medical Supply Items,Catheter Foley Silconized Latex Three Ways 30 50ml Balloon 16CH,CONCEPT-SET,404
921641ad-eed9-4162-b6bc-25c8869c80ab,,Medical Supply Items,Boots for Delivery 37 Size,CONCEPT-SET,405
742628d3-0829-4d32-a871-1b9ccef26377,,Medical Supply Items,Syringe (Disposable) 3ml with Needle 21G,CONCEPT-SET,406
ddf8c873-5db6-42fa-b491-7ee98c32155c,,Medical Supply Items,Endotracheal Tube 4.5CH,CONCEPT-SET,407
60f8047a-b748-4da4-874c-a0b56ff290b9,,Medical Supply Items,Endotracheal Tube 6.5CH,CONCEPT-SET,408
ab9c4a28-6dc7-47c8-953a-e9374ae4d84a,,Medical Supply Items,Endotracheal Tube 6CH,CONCEPT-SET,409
d9da9151-8010-42bf-a3b2-c499593e1dfb,,Medical Supply Items,Polyglycolic acid absorbable braided violet Gauge 0.7(6/0) 30 cm on 12 mm 3/8 circle cutting tapper needle,CONCEPT-SET,410
dd3266e0-face-41cf-ad67-eb02ed0e2f20,,Medical Supply Items,Polyglycolic acid absorbable braided violet Gauge 0.7(6/0) 30cm on 12mm 1/2 Circle Cutting Taper Needle,CONCEPT-SET,411
727100ae-984e-4757-8e5d-3d413ef1960d,,Medical Supply Items,Polyglycolic acid absorbable braided violet Gauge 1(4) 75cm on 45mm 1/2 Circle cutting taper needle,CONCEPT-SET,412
bf5be4e4-a71e-4ddb-b551-acbc24ece329,,Medical Supply Items,Mersilk Braided Black Gauge 1.5(4/0) 75cm on 20mm 1/2 Circle Round Bodied Needle,CONCEPT-SET,413
d51fb109-b06f-49ac-bd26-f59350f97b75,,Medical Supply Items,Mersilk Braided Black Gauge 1.5(4/0) 75cm on 24mm 1/2 Circle Reverse Cutting Needle,CONCEPT-SET,414
164e42fd-6ccb-4dbd-8b4d-ba6efeb0f191,,Medical Supply Items,Mersilk Braided Black Gauge 2.0(3/0) 75cm on 24mm 1/2 Circle Reverse Cutting Needle,CONCEPT-SET,415
99fad663-7415-4b63-8aa4-b4cfc8127024,,Medical Supply Items,Mersilk Braided Black Gauge 3.5(0) 75cm on 27mm 1/2 Circle Reverse Cutting Needle,CONCEPT-SET,416
7896904c-2638-49d5-bd15-dc73252423e7,,Medical Supply Items,Mersilk Braided Black Gauge 3.5(0) 75cm on 30mm 1/2 Circle Round Bodied Needle,CONCEPT-SET,417
b69c8f98-ab9c-491c-aca2-4634f99aa05c,,Medical Supply Items,Cat Gut Chromic Gauge 4.0(0) 75cm on 38mm 1/2 Circle Reverse Cutting Needle,CONCEPT-SET,418
99cce864-7695-4b01-9fa1-c99d1f92f220,,Medical Supply Items,Mersilk Braided Black Gauge 6.0(3) 75cm on 38mm 1/2 Circle Reverse Cutting Needle,CONCEPT-SET,419
b98b388f-8f08-4bce-bc43-5c18c7c9aa40,,Medical Supply Items,Boots,CONCEPT-SET,420
9a1e2edd-0aae-4626-971e-14ff471f775d,,Medical Supply Items,Thermostatic Valve R22,CONCEPT-SET,421
d0a3676c-9656-4672-bc7b-7d13b83671d3,,Medical Supply Items,Tourniquet Plastic,CONCEPT-SET,422
8832e001-c6ce-42ab-85aa-dc6069bc08f2,,Medical Supply Items,Towel Sanitory with Sticker,CONCEPT-SET,423
31b14f9a-5505-4b7c-9c2a-24ff6ee3bb60,,Medical Supply Items,Glass Volumetric Transfer Pipette 100ml,CONCEPT-SET,424
0a89e2d0-1239-49cd-ae68-5ed08f731383,,Medical Supply Items,Glass Volumetric Transfer Pipette 25ml,CONCEPT-SET,425
38f7e094-ac1f-41dc-89c0-fdc433cfb5c6,,Medical Supply Items,Glove Latex Sterile Elbow length Medium,CONCEPT-SET,426
cdb4ddfb-4424-4004-9ed3-b41b2b426296,,Medical Supply Items,Scissors Bl Blaster OB 14.5cm,CONCEPT-SET,427
65d0b3e2-f1fb-4936-8708-e14977963c5e,,Medical Supply Items,Applicator Stick Wooden with Cotton Tip 150x2.2mm,CONCEPT-SET,428
109c00aa-2c30-4ed6-82de-705fe2e8ab58,,Medical Supply Items,Rectal Tube Rubber With Terminal Size 20CH,CONCEPT-SET,429
b0cef645-f731-455c-b03c-c0595ed5613a,,Medical Supply Items,Syringe (Disposable) 20ml with Needle 21G,CONCEPT-SET,430
d9c806a9-88a0-41cb-9337-1007c5419aff,,Medical Supply Items,"Dental Needle 31mm, 27G",CONCEPT-SET,431
381dab18-d52d-40c3-ae3a-3cb52604cd3b,,Medical Supply Items,Endotracheal Tube 3CH,CONCEPT-SET,432
06f16dbd-294a-44b0-a439-0ffdfa31ad06,,Medical Supply Items,Endotracheal Tube 5CH,CONCEPT-SET,433
93481528-f38d-4390-9228-b5c842c02e14,,Medical Supply Items,Adhesive Plaster Zinc Oxide 7.5cmx5m,CONCEPT-SET,434
545f6c59-03a1-4a44-8c37-9ffc517ef760,,Medical Supply Items,Polyglycolic acid absorbable braided violet Gauge 2.0(3/0) 75cm on 30mm 1/2 Circle Reverse Cutting,CONCEPT-SET,435
e2510c0f-dee2-4cd0-b305-ce8886196172,,Medical Supply Items,Cat Gut Chromic Gauge 2.0(4/0) 75cm on 15mm 1/2 Circle Round Bodied Needle,CONCEPT-SET,436
fe47bcc8-9749-4a67-ae49-d86e3507638c,,Medical Supply Items,Cat Gut Chromic Gauge 4.0(0) 75cm on 30mm 1/2 Circle Round Bodied Needle,CONCEPT-SET,437
34550899-516b-4185-b551-455ff3c8f6ef,,Medical Supply Items,Mask N95,CONCEPT-SET,438
9fa11131-e628-48ba-b247-7d319526e638,,Medical Supply Items,Plaster Of Paris (P.O.P) 15cmx3m,CONCEPT-SET,439
41545925-e808-465c-b8f6-9ca93ac9b6dd,,Medical Supply Items,Catheter Suction Silconized with Funnel 16CH,CONCEPT-SET,440
4eeede66-dd74-4b6a-bdf6-4ccca9e980f4,,Medical Supply Items,Catheter Condom Latex Medium 28mm,CONCEPT-SET,441
a0f31e02-53dc-47f9-a661-5ead10229cf8,,Medical Supply Items,Boots 41 Size,CONCEPT-SET,442
93196c8f-bb45-4a4b-8377-73be33bfc492,,Medical Supply Items,Polyamide Monofilament Gauge 0.3(9/0) 38cm 64mm Spatula Double Armed Round Bodied Needle,CONCEPT-SET,443
b768df7b-57cc-424c-b1b8-c947125c7823,,Medical Supply Items,Polyglycolic acid absorbable braided violet Gauge 2.0(3/0) 75cm on 19mm reverse cutting Needle,CONCEPT-SET,444
8a5ac21d-1dd0-4777-8113-6d7469d3598b,,Medical Supply Items,Polyglycolic acid absorbable braided violet Gauge 2.0(3/0) 75cm on 26mm 1/2 Circle Reverse Cutting Needle,CONCEPT-SET,445
5e532634-ee38-43e7-ad0a-9299a831f801,,Medical Supply Items,Mersilk Braided Black Gauge 3.0(2/0) 75cm on 24mm 1/2 Circle Reverse Cutting Needle,CONCEPT-SET,446
152d4c35-ce39-4411-8e6f-fcd735b231a1,,Medical Supply Items,Polyglycolic acid absorbable braided violet Gauge 3.5(0) 75cm on 50mm 1/2 Circle Round Bodied needle,CONCEPT-SET,447
885824fe-554d-41a6-8660-4c57f9bfa475,,Medical Supply Items,Cat Gut Chromic Gauge 3.5(2/0) 75cm on 27mm 1/2 Circle Round Bodied Needle,CONCEPT-SET,448
12207110-a79d-449c-84ed-95c38e3ceac6,,Medical Supply Items,Mersilk Braided Black Gauge 4.0(1) 75cm on 35mm 1/2 Circle Reverse Cutting Needle,CONCEPT-SET,449
48053229-7e56-409d-b9f7-ad7f8466b788,,Medical Supply Items,Cat Gut Chromic Gauge 6.5(3) 75cm on 48mm 1/2 Circle Round Bodied Needle,CONCEPT-SET,450
916b66be-1995-47d8-9a10-3ee5c56ac02f,,Medical Supply Items,Polyglycolic acid absorbable braided violet Guage 1.5(4/0) 75cm on 17mm 1/2 Circle Round Bodied Needle,CONCEPT-SET,451
051c3f1a-7637-4dab-87a8-a4eaf96756e2,,Medical Supply Items,Polyglycolic acid absorbable braided violet Guage 3.0(2/0) 70cm on 30mm 3/8 Circle Reverse Cutting Needle,CONCEPT-SET,452
ca671967-ce40-4c26-a0b4-1d8f95258c82,,Medical Supply Items,Glove Surgical Latex Sterile No. 6.5,CONCEPT-SET,453
b805545b-85f5-401e-bca9-e0ab21eedfb3,,Medical Supply Items,Glove Surgical Latex Sterile No. 8,CONCEPT-SET,454
b5f3336f-742f-438c-94b5-b704c75026fe,,Medical Supply Items,Catheter Metal,CONCEPT-SET,455
e074fd8d-5320-4093-9834-d2be4a4316e5,,Medical Supply Items,"Battery 6v 6PVV420 Sealed gel non hazardous (C100h=421Ah, C10h=338Ah)",CONCEPT-SET,456
dc8a81f2-6ed5-4876-aeed-aafd04ca9d7a,,Medical Supply Items,Jar Plastic,CONCEPT-SET,457
f93b42cb-6135-4492-8284-644118b8f525,,Medical Supply Items,Gauze Paraffin Sterile with Case 10cm x 10cm,CONCEPT-SET,458
e123e0e3-d8f0-45f1-914f-d64b6063425e,,Medical Supply Items,"Conical Flask Erlenmeger Borosilicate Glass 3.3, with Printed Graduation 50ml",CONCEPT-SET,459
e6c2e3c1-be2b-4e12-a90e-afd4f7b3ba8b,,Medical Supply Items,Oropharyngeal Airway (Guedel) Sterile 60mm,CONCEPT-SET,460
8fe38417-83b1-4572-8ecb-1044bcab5e61,,Medical Supply Items,Syringe (Disposable) 5ml with needle 21G,CONCEPT-SET,461
fa713da7-85ea-4e9b-88a2-40ce87aebe61,,Medical Supply Items,Measuring Tape 1.5m,CONCEPT-SET,462
111f2b3e-2dce-4e39-8897-16557e94210d,,Medical Supply Items,Catheter Suction Silconized with Funnel 14CH,CONCEPT-SET,463
06a49260-e6bc-4a59-99d2-07d00315b6d3,,Medical Supply Items,Catheter Suction Transparent with Funnel Silco Sterile 22CH,CONCEPT-SET,464
060efbbd-db1c-4849-b5e1-3f56cc35d913,,Medical Supply Items,Endotracheal Tube 3.5CH,CONCEPT-SET,465
fc1fec81-35a9-405e-957e-db2f40feb54e,,Medical Supply Items,Boots 40 Size,CONCEPT-SET,466
bf3a769d-3d96-4a60-adf7-9a8dd19e50c6,,Medical Supply Items,Endotracheal Tube 8CH,CONCEPT-SET,467
048f2e55-8d5d-4b10-a23d-ca7c54f5076f,,Medical Supply Items,Polyamide Monofilament Gauge 0.2(10/0) 30cm on 5mm 3/8 Circle Spatula Double Armed Needle,CONCEPT-SET,468
364528b9-9292-4417-a064-bcd0854335d2,,Medical Supply Items,Polyamide Monofilament Gauge 0.2(10/0) 64cm on 6mm 3/8 Circle spatula double armed Needle,CONCEPT-SET,469
921d8339-0ae5-4fa1-8528-001a6e0551ac,,Medical Supply Items,Poly Diaxone Monofilament Violet Gauge 2.0(3/0)70cm on 40mm 1/2 circle Round bodied taper needle,CONCEPT-SET,470
e91f9f19-450f-426b-9b57-97224da4bd16,,Medical Supply Items,Mersilk Braided Black Gauge 3.0(2/0) 100cm on 35mm 3/8 Circle Reverse Cutting Needle,CONCEPT-SET,471
7ddc169d-25d1-4127-9d45-ee4f828bfd80,,Medical Supply Items,Cat Gut Chromic Gauge 3.0(3/0) 70cm on 25mm 1/2 Circle Round Bodied Needle,CONCEPT-SET,472
39bab977-6eb1-44cf-843a-7fd107a7c99a,,Medical Supply Items,Cat Gut Chromic Gauge 3.0(3/0) 75cm on 30mm 1/2 Circle Round Bodied Needle,CONCEPT-SET,473
bd99bc62-ba42-4935-bdc2-6ac0e29851ba,,Medical Supply Items,Mersilk Braided Black Gauge 4.0(1) 75cm on 30mm 1/2 circle reverse cutting needle,CONCEPT-SET,474
bc7238f9-5ad4-404f-933b-8cbeecb093d8,,Medical Supply Items,Cat Gut Chromic Gauge 6.0(2) 75cm on 45mm 1/2 Circle Round Bodied Needle,CONCEPT-SET,475
4f631135-b416-40a0-b400-b442ea330e51,,Medical Supply Items,Surgical Scalpel Blade No.22,CONCEPT-SET,476
725a9615-5796-4f64-bd72-15a8ad61969f,,Medical Supply Items,Compressor HSTcomplet R134a 5G FR 8,CONCEPT-SET,477
bff96f7c-c1b6-4c60-91bf-f1a9fb906bd2,,Medical Supply Items,Apron Plastic Reusable Autoclavable White,CONCEPT-SET,478
1dc9d61c-c5a3-401a-9334-2d3b704e4ab1,,Medical Supply Items,Retractor Set (ROUX) Double Ended Set of 3,CONCEPT-SET,479
9be46224-29d4-4ef2-9e57-e201b62c7891,,Medical Supply Items,Solar Direct Device Spare Kit,CONCEPT-SET,480
926da1db-c0c0-4e52-a8c6-0521ce98030a,,Medical Supply Items,Urine Container Sterile Screw Caped with Label,CONCEPT-SET,481
cc93f902-ba75-4896-8e14-47e25881b6af,,Medical Supply Items,"Conical Flask Erlenmeger Borosilicate Glass 3.3, with Printed Graduation 250ml",CONCEPT-SET,482
e36ac567-171b-414f-9aeb-cfd731a5a389,,Medical Supply Items,Flask Heat and Chemical Resistant 250ml,CONCEPT-SET,483
354e73a4-81f4-41e5-b50a-92317081d4f5,,Medical Supply Items,Cotton Absorbent Wool 500gm,CONCEPT-SET,484
39aaee61-5fe8-4e0f-98be-d9a9143ae14d,,Medical Supply Items,Syringe(AD) 0.05ml with Needle 26G,CONCEPT-SET,485
ed977ae0-27ad-4507-821b-4174f6ecf26c,,Medical Supply Items,Rectal Tube Rubber With Terminal Size 28CH,CONCEPT-SET,486
fb11a32b-05a1-4149-a4ec-66c538f95b6b,,Medical Supply Items,Boots 37 Size,CONCEPT-SET,487
d292938b-b9c6-4694-966e-ed2d2e75ec38,,Medical Supply Items,Catheter Foley Silconized Latex Two Ways 5 15ml Balloon 14CH,CONCEPT-SET,488
98a84ec3-a2b2-42f0-af56-c33a61a74cbf,,Medical Supply Items,Catheter Foley Silconized Latex Three Ways 5 15ml Balloon 8CH,CONCEPT-SET,489
0b6d6a18-cf1c-4a58-8b94-5e01905182b5,,Medical Supply Items,Endotracheal Tube 8.5CH,CONCEPT-SET,490
40d6d2c0-8143-4892-b8cf-352f9db1773b,,Medical Supply Items,Polyglycolic acid absorbable braided violet Gauge 1.5(4/0) 75cm on 15mm 1/2 Circle Reverse Cutting Taper Needle,CONCEPT-SET,491
a3c2e968-660d-4ff2-9527-ff04d0d06ecf,,Medical Supply Items,Mersilk Braided Black Gauge 2.0(3/0) 75cm on 25mm 1/2 Circle Reverse Cutting Needle,CONCEPT-SET,492
bd018aa7-6e06-45e8-81cc-ea43216a135c,,Medical Supply Items,Polyglycolic acid absorbable braided violet Gauge 3.0(2/0) 75cm on 35mm 1/2 Circle Round Bodied Needle,CONCEPT-SET,493
7e61c1e6-fdbc-4337-aa1e-57c7e1306499,,Medical Supply Items,Polyamide Monofilament Gauge 3.5(0) 75cm on 25mm 1/2 Circle Round Bodied Needle,CONCEPT-SET,494
18432553-8d27-4410-94c6-fa51f41866f6,,Medical Supply Items,Cat Gut Chromic Gauge 5.0(1) 75cm on 30mm 1/2 Circle Round Bodied Needle,CONCEPT-SET,495
89fd428a-8ea0-4de7-b099-a76a799f1282,,Medical Supply Items,Cat Gut Chromic Gauge 5.0(1) 75cm on 48mm 1/2 Circle Round Bodied Needle,CONCEPT-SET,496
2d6597b5-5297-4e5c-a0c8-aba51806c51e,,Medical Supply Items,Polyglycolic acid absorbable braided violet Gauge 5.0(2) 75cm on 50mm 1/2 Circle round Bodied needle,CONCEPT-SET,497
a15041bc-0f61-41ff-93b7-65a3eba696d8,,Medical Supply Items,Handi Vac Complete Set (EV 500),CONCEPT-SET,498
4a5a7fe3-ec92-4b1d-9a6a-4d1da9ac6344,,Medical Supply Items,Resuscitation Trolley,CONCEPT-SET,499
2553637f-bfe9-403a-93c5-88ddaa5c7a60,,Medical Supply Items,Shoecover Non Skid,CONCEPT-SET,500
dd28c9da-ee5c-491c-b8c8-fdd872b93396,,Medical Supply Items,Glass Volumetric Transfer Pipette 10ml,CONCEPT-SET,501
cd71d591-5b15-4bd0-a605-cafb33582c10,,Medical Supply Items,Syringe (Disposable) 10ml with needle 21G,CONCEPT-SET,502
f86bbbf5-a28c-4e39-a926-927389c7409c,,Medical Supply Items,New Born Bag and Mask 500ml,CONCEPT-SET,503
57bd0238-2e33-4148-ab5b-e8a06ccc6125,,Medical Supply Items,Bucket With Hand Washing Outlet 30 Littre,CONCEPT-SET,504
2696d970-3ac0-41c7-b03c-4b3dd6fce8c9,,Medical Supply Items,Catheter Foley Silconized Latex Three Ways 30 50ml Balloon 12CH,CONCEPT-SET,505
a01c2302-5dcd-4263-8f89-5a83402ed69d,,Medical Supply Items,Catheter Foley Silconized Latex Two Ways 30 50ml Balloon 16CH,CONCEPT-SET,506
c4169df5-c061-4f8d-8f55-a605ef121d6b,,Medical Supply Items,Catheter Foley Silconized Latex Three Ways 30 50ml Balloon 18CH,CONCEPT-SET,507
62b35448-1b1f-45da-b23c-98934975b380,,Medical Supply Items,Catheter Foley Silconized Latex Two Ways 30 50ml Balloon 22CH,CONCEPT-SET,508
251fddc6-4a3b-4090-8c54-c21af4c21821,,Medical Supply Items,Catheter Foley Silconized Latex Three Ways 30 50ml Balloon 24CH,CONCEPT-SET,509
dcae6fe9-7129-42d4-bdf1-8063e1aa5144,,Medical Supply Items,Syringe (Disposable) 3ml with Needle 23G,CONCEPT-SET,510
f9174d56-df35-4069-bfb2-a748fb9e9c87,,Medical Supply Items,Catheter Suction Silconized with Funnel 8CH,CONCEPT-SET,511
59700992-69bd-4b14-8510-7f4942504d7a,,Medical Supply Items,Polyglycolic acid absorbable braided violet Gauge 0.7(6/0) 30m on 12mm 1/2 circle cutting taper needle,CONCEPT-SET,512
ed93f86f-d031-417c-838f-c703c2fbf16c,,Medical Supply Items,Polyglycolic acid absorbable braided violet Gauge 1.0(5/0) 45cm on 13mm 1/2 Circle Round Bodied Needle,CONCEPT-SET,513
30d7126b-da4d-4401-8791-0e00ac41d95c,,Medical Supply Items,Polyglycolic acid absorbable braided violet Gauge 1.0(5/0)75cm 0n 45mm 1/2 circle cutting taper needle,CONCEPT-SET,514
39f65134-48a6-46ae-92f3-b7165ec54b33,,Medical Supply Items,Mersilk Braided Black Gauge 1.5(4/0) 75cm with 1/2 Circle Round Bodied Needle,CONCEPT-SET,515
ebbb730b-2c3a-4bfb-9245-9acb2ec54d6c,,Medical Supply Items,Mersilk Braided Black Gauge 2.0(3) 75cm on 35mm 1/2 Circle Reverse Cutting Needle,CONCEPT-SET,516
7e3ec9d4-3c05-414d-9319-39efae87f6ba,,Medical Supply Items,Mersilk Braided Black Gauge 2.0(3/0) 75cm on 26mm 1/2 Circle Reverse Cutting Needle,CONCEPT-SET,517
1009c4ef-b5b5-488a-bd7b-a592735434a3,,Medical Supply Items,Mersilk Braided Black Gauge 3.5(0) 75cm on 32mm 1/2 circle Reverse Cutting Needle,CONCEPT-SET,518
850dbf7c-04ad-4a76-ab95-101cb74651bc,,Medical Supply Items,Polyglycolic acid absorbable braided violet Gauge 4.0(1) 75cm on 45mm 1/2 Circle Cutting Taper Heavy Needle,CONCEPT-SET,519
8571b04d-728c-41a0-899a-e209af221599,,Medical Supply Items,Mersilk Braided Black Gauge 6.0(3) 75cm on 40mm 1/2 Circle Round Bodied Needle,CONCEPT-SET,520
693254aa-6530-4441-8792-5ccdd0880f01,,Medical Supply Items,Glove Gynecological Examination,CONCEPT-SET,521
0e54b3d6-c785-46fb-9ca4-de4408f1c6bb,,Medical Supply Items,Torch with Metal Plastic Linkage,CONCEPT-SET,522
f52fc8d4-4237-4049-83a4-b8e600e75366,,Medical Supply Items,Tourniquet Rubber,CONCEPT-SET,523
2f57c080-aa19-4b48-a5d9-8fdd062b22cd,,Medical Supply Items,Solar LED Light,CONCEPT-SET,524
3862fa62-303a-4466-b9e5-edd1e14fd995,,Medical Supply Items,Pad Absorbent (Diaper) with Plastic Backing White 17x24 Inch,CONCEPT-SET,525
8fbba945-a55f-4ec3-9936-529d47544373,,Medical Supply Items,Optical lense cleaner 30ml Bottle,CONCEPT-SET,526
d3e9281c-f28d-4143-b946-813363f2d31b,,Medical Supply Items,Biohazard Bags Disposable 37x48inch,CONCEPT-SET,527
e5e06695-ef77-450a-9d70-5fb42f0738d3,,Medical Supply Items,Syringe (Disposable) 50ml with Needle 21G,CONCEPT-SET,528
a3a50097-5848-42f9-936b-af6b93f475d5,,Medical Supply Items,Syringe (Disposable) 5ml with Needle 20G,CONCEPT-SET,529
cd0842c4-5e12-40fa-bf5a-f76b96889c29,,Medical Supply Items,Polyglycolic acid absorbable braided violet Gauge 0.4(8/0) 45cm on 8mm 1/2 Circle Round Bodied Taper Needle,CONCEPT-SET,530
7ba30de0-4ce5-4044-a3bc-1b7cd8bf9f18,,Medical Supply Items,Polyglycolic acid absorbable braided violet Gauge 0.7(6/0) 30cm on 12mm 1/2 Circle cutting Tapper Needle,CONCEPT-SET,531
90fe7c94-785a-401a-860a-ef8561545dbc,,Medical Supply Items,Mersilk Braided Black Gauge 1.5(4/0) 75cm on 17mm 3/8 Circle Reverse Cutting Needle,CONCEPT-SET,532
f2fa5bb0-8b82-4d79-9e6c-e27f83bd72ff,,Medical Supply Items,Mersilk Braided Black Gauge 1.5(4/0) 75cm on 18mm 1/2 Circle Reverse Cutting Needle,CONCEPT-SET,533
2d567f20-7ed4-4cc2-ac8b-c7a903fcc542,,Medical Supply Items,Polyglycolic acid absorbable braided violet Gauge 2.0(3/0)75cm on 26mm 1/2 circle rounded bodied needle,CONCEPT-SET,534
ea338238-88c9-4799-a03f-e033f58611e1,,Medical Supply Items,Cat Gut Chromic Gauge 2.0(4/0) 75cm on 19mm 1/2 Circle Reverse Cutting Needle,CONCEPT-SET,535
7d1b6fe0-966a-493f-a3d6-30b1a9ae1953,,Medical Supply Items,Mersilk Braided Black Gauge 3.0(2/0) 75cmon 24mm 1/2 Circle Reverse Cutting Needle,CONCEPT-SET,536
9862006e-4187-47c1-a476-9751861717aa,,Medical Supply Items,Mersilk Braided Black Gauge 3.0(2/0)75cm on 35mm 1/2 Circle Reverse Cutting Needle,CONCEPT-SET,537
ce6ca1bc-cf08-40d9-937e-13cc75d1eb91,,Medical Supply Items,Cat Gut Chromic Gauge 4.0(0) 75cm on 32mm 1/2 Circle Round Bodied Needle,CONCEPT-SET,538
29c3fd60-fcbe-447e-8881-c041c4797859,,Medical Supply Items,Cat Gut Chromic Gauge 4.0(0) 75cm on 38mm 1/2 Circle Round Bodied Needle,CONCEPT-SET,539
9d878bdb-44b3-47a3-8351-14cc40b1729e,,Medical Supply Items,Poly Diaxone Monofilament Violet Gauge 4.0(1) 90cm on 40mm 1/2 circle round bodied taper needle,CONCEPT-SET,540
6d8a8702-6f62-4ad1-b0d3-85afea2841c6,,Medical Supply Items,Mersilk Braided Black Gauge 5.0(2) 75cm on 40mm 1/2 Circle Reverse Cutting Needle,CONCEPT-SET,541
e26e3980-3dd7-4131-9ee1-59642f5ce3f3,,Medical Supply Items,Physical PressureTransducer,CONCEPT-SET,542
9c9e9595-b31e-4524-91c4-cad9672c7315,,Medical Supply Items,Thermostatic Valve R4O4,CONCEPT-SET,543
f3bf7afb-d55a-48af-a6fd-0ffad4cbc364,,Medical Supply Items,Glove Surgical Latex Sterile No.7.5,CONCEPT-SET,544
106ee12a-1f4e-4eb5-a042-4c72b1cc66a7,,Medical Supply Items,Syringe(AD) 0.5ml with Needle 23G,CONCEPT-SET,545
dc651720-187f-4acd-bb07-0aac509df4ed,,Medical Supply Items,Parafilm flexable water tight filmto seal laboratory containers 10cmx38m,CONCEPT-SET,546
40598b60-edde-44cf-83f6-41bd5aaf4821,,Medical Supply Items,Catheter Suction Transparent with Funnel Silco Sterile 16CH,CONCEPT-SET,547
5c25a0af-fac0-407e-88a0-2cb8e79f2115,,Medical Supply Items,Endobranchial Tube Right 35CH,CONCEPT-SET,548
6dbb7d11-a59c-4bac-96c9-64b68e832444,,Medical Supply Items,Endobranchial Tube Left 39CH,CONCEPT-SET,549
ad3809e3-2a45-4bd8-b46c-5d427b30ed3b,,Medical Supply Items,Boots 42 Size,CONCEPT-SET,550
d2f70462-66e1-4c6f-9023-a4668760f404,,Medical Supply Items,Catheter Suction Transparent with Funnel Silco Sterile 6CH,CONCEPT-SET,551
41701812-1e8e-4b5b-933a-e1fc2c846f1a,,Medical Supply Items,Mersilk Braided Black Gauge 1.5(4/0) 100cm on 40mm 1/2 Circle Reverse Cutting Needle,CONCEPT-SET,552
d7e3ad6e-b09e-4b1a-aea8-cdf8910eac3a,,Medical Supply Items,Polyglycolic acid absorbable braided violet Gauge 2.0(3/0) 75cm on 27mm 1/2 Circle revers Cutting needle,CONCEPT-SET,553
209ba8d9-6a55-4c17-914f-953a2e5a4784,,Medical Supply Items,Mersilk Braided Black Gauge 3.0(2/0) 75cm on 24mm 1/2 Cicle Reverse Cutting Needle,CONCEPT-SET,554
ab808fce-f70d-4974-bda2-9b19c8d6648d,,Medical Supply Items,Mersilk Braided Black Gauge 3.0(2/0) 75cm on 35mm 1/2 Circle Round Bodied Needle,CONCEPT-SET,555
c179819c-9575-45c7-96d1-1f2990f4fcfd,,Medical Supply Items,Cat Gut Chromic Gauge 3.5(2/0) 70cm on 26mm 1/2 Circle Round Bodied Needle,CONCEPT-SET,556
6dd13749-42e7-4c38-bf45-ed571da7dfe0,,Medical Supply Items,Cat Gut Chromic Gauge 3.5(2/0) 75cm on 45mm 1/2 Circle Cutting Taper Needle,CONCEPT-SET,557
092e815e-436f-45d7-8362-91d3c8d2dc87,,Medical Supply Items,Mersilk Braided Black Gauge 5.0(2) 75cm on 38mm 1/2 Circle Reverse Cutting Needle,CONCEPT-SET,558
60d3faf2-87a4-43f2-8578-74372c86f54a,,Medical Supply Items,Filter Paper Qualitative Whatman Grade 1 Diameter 150mm,CONCEPT-SET,559
c4284146-e0fb-4a73-b0df-b22b3a9b9013,,Medical Supply Items,Polyglycolic acid absorbable braided violet Guage 2.0(3/0) 70cm on 22mm 1/2 Circle Reverse Cutting Needle,CONCEPT-SET,560
7458212f-abf5-4359-9b2c-e23d0a16d252,,Medical Supply Items,Polyglycolic acid absorbable braided violet Guage 3.0(2/0) 75cm on 36mm 1/2 Circle Round Bodied Needle,CONCEPT-SET,561
c4200dc4-cf7c-4b97-a1f0-c40cf04004eb,,Medical Supply Items,Autocheck 5+ level 1 Red Box of 30 Ampoules for ABL7XX/8XX S7735,CONCEPT-SET,562
406815f8-c2db-4f40-8c32-d3d81bd1fdee,,Medical Supply Items,Glove Surgical Latex Sterile No. 7,CONCEPT-SET,563
78faaeb2-b6b6-4cd8-870c-d5a0350e3477,,Medical Supply Items,Diallser/Filter,CONCEPT-SET,564
4aa78c64-ab11-45c4-a61f-3fae28b8073d,,Medical Supply Items,Syringe(AD) 0.05ml,CONCEPT-SET,565
e55560a0-4fe2-4b93-bcd5-1ed478a528c9,,Medical Supply Items,Urine Collecting Bag PVC Latex Product 1000ml,CONCEPT-SET,566
5add924a-f19e-4852-9b12-0d3479287086,,Medical Supply Items,Starting Condenser (117U5015) 117U5015,CONCEPT-SET,567
34b968ba-f505-4b79-ae03-60e933dddeef,,Medical Supply Items,"Drill Bit Round Shaft 12.7mm, 85/70mm",CONCEPT-SET,568
f8d62789-e0c4-46b3-8903-06d10292d8f2,,Medical Supply Items,Catheter Suction Transparent with Funnel Silco Sterile 14CH,CONCEPT-SET,569
c1b3cc45-78e6-41c2-a12e-37fe12113990,,Medical Supply Items,First Aid Water Proof Plaster 19mmx72mm,CONCEPT-SET,570
9ebf6468-5f7c-4818-904b-d36bb3050ddc,,Medical Supply Items,Syringe Insulin (Disposable) 1ml on 6mm with Fixed Needle 30G,CONCEPT-SET,571
eea108fd-d6a8-42f0-a9a7-e17b14c7bc7d,,Medical Supply Items,Endotracheal Tube 5.5CH,CONCEPT-SET,572
f4bae270-272d-4ae6-b472-e8e6526d832f,,Medical Supply Items,Oropharyngeal Airway (Guedel) Sterile 90mm,CONCEPT-SET,573
515fc4f4-42f2-4e22-8584-3d6649a4ab52,,Medical Supply Items,Polyamide Monofilament Gauge 0.2(10/0) 38cm on 64mm spatula Double Armed Needle,CONCEPT-SET,574
ee68d082-dc43-46b7-8723-e759ce780e21,,Medical Supply Items,Polyamide Monofilament Gauge 0.3(9/0) 30cm on 5mm 1/3 circle Round bodied Spatula Double Armed Needle,CONCEPT-SET,575
fded1944-f8ec-442a-b7a4-a775f9ead475,,Medical Supply Items,Mersilk Braided Black Gauge 3.0(2/0) 100cm on 42mm 1/2 Circle Reverse Cutting Needle,CONCEPT-SET,576
fb9953cc-1752-4beb-a5bc-2b76d0b25943,,Medical Supply Items,Cat Gut Chromic Gauge 3.0(3/0) 70cm on 26mm 1/2 Circle Round Bodied Needle,CONCEPT-SET,577
11760425-b81f-45d8-abf1-60af8c7d205d,,Medical Supply Items,Cat Gut Chromic Gauge 3.0(3/0) 75cm on 32mm 1/2 Circle Round Bodied Needle,CONCEPT-SET,578
c85587bc-c832-4e41-a200-cd06e6372500,,Medical Supply Items,Mersilk Braided Black Gauge 4.0(1) 75cm 35mm 1/2 Circle reverse cutting needle,CONCEPT-SET,579
0d232332-9907-4e35-a94c-3ba060b33cd0,,Medical Supply Items,Mersilk Braided Black Gauge 4.0(1) 75cm on 30mm 1/2 Circle Round Bodied Needle,CONCEPT-SET,580
74ad4c8b-8435-4eaf-bb3d-31a258afb133,,Medical Supply Items,Cat Gut Chromic Gauge 6.0(2) 75cm on 35mm 1/2 Circle Round Bodied Needle,CONCEPT-SET,581
0f0ae5a1-519d-4014-a91d-7be52c46c1ab,,Medical Supply Items,Cat Gut Chromic Gauge 7.0(3) 75cm on 50mm 1/2 Circle Round Bodied Needle,CONCEPT-SET,582
c22e2c93-9f01-4b9b-9aaf-196ce434eb38,,Medical Supply Items,Surgical Scalpel Blade No.24,CONCEPT-SET,583
95812b7b-580e-4cd5-8c48-37196671193b,,Medical Supply Items,Endotracheal Tube Cuffed,CONCEPT-SET,584
979cf687-10b7-4e99-a757-b2edb6e3c378,,Medical Supply Items,"Oropharyngeal Airway (Guedel) Sterile conisting of neonatal, pediatrics, child adolescent, adult, large adult Set",CONCEPT-SET,585
39f27f44-4532-4ed1-8177-777bf00b36ae,,Medical Supply Items,"Switch High Pressure, HBN 150",CONCEPT-SET,586
cefdafa9-36cf-4105-ac5e-9cafc4ba10a1,,Medical Supply Items,Cotton Absorbent Wool 100gm,CONCEPT-SET,587
80aae9a9-acf3-4a01-b8dc-90368f8faac8,,Medical Supply Items,Spare Wick 150mm,CONCEPT-SET,588
ed1bc18c-0036-4b68-b5e0-7e0151607d2a,,Medical Supply Items,Urine Collecting Bag PVC Latex Product 2000ml,CONCEPT-SET,589
1bea24c7-4fbb-4b41-9eef-352a8e770cdc,,Medical Supply Items,Syringe (Disposable) 2ml with Needle,CONCEPT-SET,590
4c133bf8-aa02-48fd-a636-8f06da206058,,Medical Supply Items,Glass Volumetric Transfer Pipette 50ml,CONCEPT-SET,591
034ca70f-9489-432e-92b3-b8d01b7830ea,,Medical Supply Items,Catheter Foley Silconized Latex Two Ways 3 5ml Balloon 10CH,CONCEPT-SET,592
291ee156-fd58-4f3c-a39e-c491b40a0045,,Medical Supply Items,Catheter Foley Silconized Latex Two Ways 5 15ml Balloon 10CH,CONCEPT-SET,593
42df39ae-216f-4ac1-b641-1e92ef6122b9,,Medical Supply Items,Catheter Foley Silconized Latex Three Ways 5 15ml Balloon 12CH,CONCEPT-SET,594
e63c937e-153e-4bbd-9d12-5c5330bf0bdb,,Medical Supply Items,Catheter Foley Silconized Latex Two Ways 5 15ml Balloon 8CH,CONCEPT-SET,595
6a647629-e5b6-4c4e-aa4f-699b6277cdff,,Medical Supply Items,Apron Plastic Protection Against Most Chemicals 80x120cm,CONCEPT-SET,596
788d9937-942a-4365-a1d2-953d6af70f9e,,Medical Supply Items,Polyglycolic acid absorbable braided violet Gauge 1.5(4/0) 75cm on 15mm 1/2 Reverse Cutting Taper Needle,CONCEPT-SET,597
c0f7efd3-f56a-4604-b2a1-695668d13762,,Medical Supply Items,Polyglycolic acid absorbable braided violet Gauge 3.0(2/0) 75cm on 36mm 1/2 circle round bodied Tapper needle,CONCEPT-SET,598
111625d6-f0da-4434-8dd4-5aae92a222cb,,Medical Supply Items,Mersilk Braided Black Gauge 4(1) 75cm on 19mm 1/2 Circle Reverse Cutting Needle,CONCEPT-SET,599
f755f235-0bd8-4d04-b6a6-c6a8ac485f96,,Medical Supply Items,Cat Gut Chromic Gauge 5.0(1) 75cm on 38mm 1/2 Circle Round Bodied Needle,CONCEPT-SET,600
20357741-7bac-4ecd-8e0b-a3eecb6f1557,,Medical Supply Items,Cat Gut Chromic Gauge 5.0(1) 75cm on 50mm 1/2 Circle Round Bodied Needle,CONCEPT-SET,601
743fc484-6e4c-4c02-8120-19552cac6704,,Medical Supply Items,Polyglycolic acid absorbable braided violet Gauge 5.0(2) 75cm on 40mm 1/2 circle cutting tapper needle,CONCEPT-SET,602
43141d30-b3c1-49f7-9d30-173adc9c7432,,Medical Supply Items,Surgical Scalpel Blade No.10,CONCEPT-SET,603
a0d5bd62-dcc5-4349-816d-08c824056846,,Medical Supply Items,Peritoneal Biopsy Needle,CONCEPT-SET,604
2ac87ba1-3908-47d1-923b-a6d49bd222a6,,Medical Supply Items,Resuscitator Bag (Ambu Bag),CONCEPT-SET,605
bcd26781-0837-4ab6-9ef0-24edd689f198,,Medical Supply Items,Syringe(AD) 2ml with needle 21G,CONCEPT-SET,606
d3507539-849b-44ed-8baa-08209752758f,,Medical Supply Items,New Emergency Health Kit Supply 1 Equipment,CONCEPT-SET,607
3ada14b6-29cc-4f5d-ad44-194f857f9987,,Medical Supply Items,Gauze Bandage 10cmx4m,CONCEPT-SET,608
c81cc5b7-73c0-48fc-baca-4073bb8e6eb3,,Medical Supply Items,Catheter Foley Silconized Latex Two Ways 30 50ml Balloon 12CH,CONCEPT-SET,609
62f8a5fd-4cd5-4765-84b6-098b0098b083,,Medical Supply Items,Catheter Foley Silconized Latex Three Ways 30 50ml Balloon 14CH,CONCEPT-SET,610
8770f490-2d87-480a-ae39-32ecd1b493ed,,Medical Supply Items,Catheter Foley Silconized Latex Two Ways 30 50ml Balloon 18CH,CONCEPT-SET,611
959b487d-d9b9-4e17-a42a-881ea9c0b354,,Medical Supply Items,Catheter Foley Silconized Latex Three Ways 30 50ml Balloon 20CH,CONCEPT-SET,612
0550dbb8-bffa-4179-af57-23fa277a63c6,,Medical Supply Items,Boots for Delivery 38 Size,CONCEPT-SET,613
94c6a7d2-aae9-4517-883b-242b562925eb,,Medical Supply Items,Starting Device 4 Jan,CONCEPT-SET,614
f4b6023e-351f-472c-ada0-509838ec0350,,Medical Supply Items,Catheter Suction 6CH,CONCEPT-SET,615
268a5bac-4dc0-42f8-a0ea-95b6c222f8ef,,Medical Supply Items,Endotracheal Tube 7.5CH,CONCEPT-SET,616
33bcaadc-5d4c-45cc-b473-4345ecf6a7a8,,Medical Supply Items,Triangular Bandage 96cmx96cmx136cm,CONCEPT-SET,617
dbf68802-3ab5-4d65-a277-ab6387586589,,Medical Supply Items,Polyglycolic acid absorbable braided violet Gauge 1.0(5/0) 75cm on 45mm 1/2 circle cutting taper Needle,CONCEPT-SET,618
0b59fea6-14a5-4fe1-99d6-db7d28fc7771,,Medical Supply Items,Mersilk Braided Black Gauge 2.0(3/0) 100cm on 35mm 3/8 Circle Reverse Cutting Needle,CONCEPT-SET,619
03dbd617-7da4-4b44-be47-51e06135eca7,,Medical Supply Items,Polyglycolic acid absorbable braided violet Gauge 3.0(2/0) 75cm on 26mm 3/8 Circle Reverse cutting needle,CONCEPT-SET,620
31439eea-f5e7-4b12-884c-c75c01f4b05e,,Medical Supply Items,Polyglycolic acid absorbable braided violet Gauge 3.0(2/0) 75cm on 27mm 1/2 Circle Reverse Cutting Needle,CONCEPT-SET,621
f4e3fcf2-880c-45b7-a663-1814527bec66,,Medical Supply Items,Polyglycolic acid absorbable braided violet Gauge 3.0(2/0) 75cm on 34mm 1/2 circle round bodied needle,CONCEPT-SET,622
590d81b4-508a-4687-adc3-c1a84467e5df,,Medical Supply Items,Polyglycolic acid absorbable braided violet Gauge 4.0(1) 75cm on 45mm 1/2 Circle cutting taper needle,CONCEPT-SET,623
384d10de-e521-44da-af42-2c811ca8b8a6,,Medical Supply Items,Polyamide Monofilament Gauge 5.0(2) 90cm on 50mm 1/2 Circle Round Bodied Needle,CONCEPT-SET,624
fceeeb78-851f-45f5-934a-312ae1aecb6e,,Medical Supply Items,Prescription Pad (Narcotic ),CONCEPT-SET,625
fee0ccab-b9f1-48e9-8210-306d220e16c5,,Medical Supply Items,Towel for New Born 100% Cotton,CONCEPT-SET,626
9a774ac9-1efd-4a91-8b0d-71bde595db08,,Medical Supply Items,"Conical Flask Erlenmeger Borosilicate Glass 3.3, with Printed Graduation 100ml",CONCEPT-SET,627
99c74a43-a6a6-43f1-a2d9-ba05ec8cff6d,,Medical Supply Items,Cannula Intravenous Set 20G,CONCEPT-SET,628
2a10c9c5-e61a-42c0-9194-ad96117b1da2,,Medical Supply Items,Rectal Tube Rubber With Terminal Size 24CH,CONCEPT-SET,629
a00dc244-6dd8-4775-a43a-80448a952b7e,,Medical Supply Items,Syringe (Disposable) 3ml with Needle 20G,CONCEPT-SET,630
d7d8282c-ef99-4bd8-83a3-ab1461467131,,Medical Supply Items,Catheter Suction Transparent with Funnel Silco Sterile 8CH,CONCEPT-SET,631
faacb00c-2ffb-43fc-8af2-8b9d62c44d5c,,Medical Supply Items,Polyglycolic acid absorbable braided violet Gauge 0.4(8/0) 45cm on 8mm 3/8 Circle Round Bodied taper needle,CONCEPT-SET,632
50453677-4764-4213-bff3-bfcb82edd0b3,,Medical Supply Items,Mersilk Braided Black Gauge 1.5(4/0) 75cm on 17mm 1/2 Circle reverse cutting Needle,CONCEPT-SET,633
ec2b8e57-98a0-494f-8037-1a6dfcb0b96c,,Medical Supply Items,Mersilk Braided Black Gauge 1.5(4/0) 75cm on 19mm 1/2 Circle Reverse Cutting Needle,CONCEPT-SET,634
60bc723b-b336-44d3-a487-2a6e971aff7e,,Medical Supply Items,Mersilk Braided Black Gauge 1.5(4/0) 75cm on 24mm 1/2 Cicle Round Bodied Needle,CONCEPT-SET,635
2d115d22-adb8-4014-b2ec-8ae241542663,,Medical Supply Items,Cat Gut Chromic Gauge 2.0(4/0) 75cm on 38mm 1/2 Circle Reverse Cutting Needle,CONCEPT-SET,636
a071a82c-3af5-4c58-b079-ff2319977e5a,,Medical Supply Items,Poly Diaxone Monofilament Violet Gauge 3.0(2/0)70cm on 31mm 1/2 circle round bodied taper needle,CONCEPT-SET,637
a039b107-3168-43f1-8cc9-f060f2856214,,Medical Supply Items,Mersilk Braided Black Gauge 3.5(0) 75cm 30mm 1/2 Circle Round Bodied Needle,CONCEPT-SET,638
c4ded2b5-fadd-4dd4-81df-7e2b8985e532,,Medical Supply Items,Mersilk Braided Black Gauge 3.5(0) 75cm on 28mm 1/2 circle round bodied needle,CONCEPT-SET,639
7725dbe1-558a-4be1-802f-af395233043c,,Medical Supply Items,Cat Gut Chromic Gauge 4.0(0) 75cm on 20mm 1/2 Circle Round Bodied Needle,CONCEPT-SET,640
5e5f482c-6d96-4f35-a474-1fe3108ec78f,,Medical Supply Items,Cat Gut Chromic Gauge 4.0(0) 75cm on 38mm 1/2 Circle Reverse Cutting Bodied Needle,CONCEPT-SET,641
e51e9253-24d4-4d6d-8652-fadc90191ad8,,Medical Supply Items,Cat Gut Chromic Gauge 4.0(0) 75cm on 40mm 1/2 Circle Round Bodied Needle,CONCEPT-SET,642
9fbff5a4-29ec-419a-b43b-25f67642f9ab,,Medical Supply Items,Poly Diaxone Monofilament Violet Gauge 5.0(2) 90cm on 40mm 1/2 Circle Round Bodied Taper Needle,CONCEPT-SET,643
a3b4a4a9-f39a-4633-a9d8-7b85b30d47eb,,Medical Supply Items,Pillcater with Box,CONCEPT-SET,644
9b4cea96-5b54-46e5-a02d-c4ea48bf7507,,Medical Supply Items,Thermostatic Valve Orifice,CONCEPT-SET,645
c1ab6589-802d-4cc2-871c-8604049d7c25,,Medical Supply Items,Three way valve Luer with caps,CONCEPT-SET,646
cd2ffb9c-8001-4b3f-bba2-33b00bea7c10,,Medical Supply Items,Tourniquet of Double Belt,CONCEPT-SET,647
ecf56d83-ada6-4a11-9bcf-19553b901bf8,,Medical Supply Items,Cannula Intravenous Set 16G,CONCEPT-SET,648
8e97e23f-8c3a-48f4-b756-e0aab42f6556,,Medical Supply Items,Glove Examination Latex Non Powdered Medium,CONCEPT-SET,649
23b60a0d-e780-449e-822c-24df1aa576d0,,Medical Supply Items,Glove Heavy Duty Latex (Disposable) Medium,CONCEPT-SET,650
1cc2b965-265d-4e7e-9f54-8162aee41fbc,,Medical Supply Items,Glove Examination Latex Non Powdered small,CONCEPT-SET,651
536af3e1-f9ea-44d0-b049-a9322f8e30ab,,Medical Supply Items,"Sling For Use with Scale 0145555, 0557000",CONCEPT-SET,652
a1b097ae-0296-40a3-8130-bd4e639dcf0b,,Medical Supply Items,Oropharyngeal Airway (Guedel) Sterile 120mm,CONCEPT-SET,653
4f766fcf-a0c0-4397-94eb-4985d2610f31,,Medical Supply Items,Syringe (Disposable) 20ml with Needle 20G,CONCEPT-SET,654
e90e7aaa-6006-4a0f-8232-ca08bd333ac3,,Medical Supply Items,Rectal Tube Rubber With Terminal Size 30CH,CONCEPT-SET,655
ccd99708-da64-4282-8142-a7fab3acffbd,,Medical Supply Items,Starting Device 3 Jan,CONCEPT-SET,656
e5daf564-4057-4df5-8171-ca96dbc7a12b,,Medical Supply Items,Mersilk Braided Black Gauge 1.5(4/0) 75 cm on 24 mm 3/8 Circle Reverse Cutting Needle,CONCEPT-SET,657
bb83c942-03f8-4588-b1fc-660e367ff01a,,Medical Supply Items,Polyglycolic acid absorbable braided violet Gauge 2.0(3/0) 75cm on 27mm 1/2 Circle Reverse Cutting Needle,CONCEPT-SET,658
9b143db8-c87a-400c-9ba4-1e12822b3da8,,Medical Supply Items,Polyglycolic acid absorbable braided violet Gauge 2.0(3/0) 75cm on 35mm 1/2 round bodied Needle,CONCEPT-SET,659
5bd44b67-cb91-415e-8bf2-3686388038b8,,Medical Supply Items,Poly Diaxone Monofilament Violet Gauge 3.0(2/0) 70cm on 31mm 1/2 circle round bodied taper needle,CONCEPT-SET,660
271704f0-f0d1-4ecd-8103-238ac6ef1764,,Medical Supply Items,Mersilk Braided Black Gauge 3.0(2/0) 75cm on 27mm 1/2 Circle Reverse Cutting Needle,CONCEPT-SET,661
a6be65ae-c7a4-4794-b7a0-46e66fc3e669,,Medical Supply Items,Mersilk Braided Black Gauge 3.0(2/0) 75cm on 33mm 1/2 Circle Round Bodied Needle,CONCEPT-SET,662
57da034d-ad5e-40a3-83c1-48953f499565,,Medical Supply Items,Mersilk Braided Black Gauge 3.0(2/0) on 75cm on 17mm 1/2 Circle Reverse Cutting Needle,CONCEPT-SET,663
51014f6c-f114-4061-a33f-df7eb1a69443,,Medical Supply Items,Cat Gut Chromic Gauge 3.5(2/0) 75cm on 38mm 1/2 Circle Round Bodied Needle,CONCEPT-SET,664
1e8fa03f-1948-481b-84c9-c032261344d8,,Medical Supply Items,Cat Gut Chromic Gauge 3.5(2/0) 75cm on 45mm 1/2 Circle Round Bodied Needle,CONCEPT-SET,665
1983618f-3229-4b5a-83fe-d98630e070bd,,Medical Supply Items,Polyglycolic acid absorbable braided violet Guage 3.5(0)75cm on 48mm 1/2c Round Bodied Needle,CONCEPT-SET,666
980c2105-0037-44b8-b7ee-c24b6bd276eb,,Medical Supply Items,Autocheck 5+ level 3 Blue Box of 30 Ampules for ABL7XX/8XX S7755,CONCEPT-SET,667
d7abc00e-9f5b-4d44-af84-8d28ddc071de,,Medical Supply Items,Glove Surgical Latex Sterile No. 7.5,CONCEPT-SET,668
9f7da7ac-1426-4c9f-b9be-3910edc50305,,Medical Supply Items,Pediatric hose set,CONCEPT-SET,669
64205d8e-4fc4-4151-b927-7b47e88c2bc7,,Medical Supply Items,Phase Reverser with Failure Control,CONCEPT-SET,670
08b8abfa-1109-4e50-82a2-b7baa21742f8,,Medical Supply Items,Sheeting PVC 100x100cm,CONCEPT-SET,671
98f6799d-4609-4847-8c61-591c8e503fb9,,Medical Supply Items,Blood Collecting Bag CPDA1 Anticoagulant Triple 450ml,CONCEPT-SET,672
1847f257-bd98-4c2e-9723-14c86004647d,,Medical Supply Items,"Conical Flask Erlenmeger Borosilicate Glass 3.3, with Printed Graduation 500ml",CONCEPT-SET,673
5f9ff836-268b-435b-84c6-ec3333e31de8,,Medical Supply Items,Flask Heat and Chemical Resistant 500ml,CONCEPT-SET,674
a4d0c061-54ab-4d85-ba33-bf75758d8ad2,,Medical Supply Items,Glass Volumetric Transfer Pipette 5ml,CONCEPT-SET,675
c202d753-c1e9-4dbe-babc-63d12a448922,,Medical Supply Items,Resuscitator Bag (Ambu Bag) Adult,CONCEPT-SET,676
d99944ac-13f0-479d-99aa-43a13f6231e0,,Medical Supply Items,Universal Bottle or sputum Screw Capped for sputum Screw Capped,CONCEPT-SET,677
d8650b10-3e9f-4ece-8306-51c872a055f8,,Medical Supply Items,Measuring Tape 2m,CONCEPT-SET,678
01a926ce-844a-417b-a2db-373745a16a4c,,Medical Supply Items,Syringe(AD) 5ml with Needle 23G,CONCEPT-SET,679
9ab4461e-2d53-4bc1-b751-894b90c90040,,Medical Supply Items,Polyamide Monofilament Gauge 0.2(10/0) 60cm on 6mm1/3 Circle Spatula Double Armed Needle,CONCEPT-SET,680
bef1ae61-0ee1-440f-af94-2c10a1850d44,,Medical Supply Items,Polyamide Monofilament Gauge 0.3(9/0) 30cm on 6mm 3/8 Circle round Bodied Spatula Double Armed Needle,CONCEPT-SET,681
432486dd-832b-4b78-bbe0-0b3a3dd57c56,,Medical Supply Items,Polyglycolic acid absorbable braided violet Gauge 2.0(3/0) 75cm on 19mm 3/8 Circle Reverse Cutting Needle,CONCEPT-SET,682
fdc1fae3-0f57-4cb8-bdb3-535f20dc1e01,,Medical Supply Items,Mersilk Braided Black Gauge 3.0(2/0) 75cm on 20mm 1/2 Circle Round Bodied Needle,CONCEPT-SET,683
3a5911cc-d183-431c-ab39-1b2f8dd702e4,,Medical Supply Items,Cat Gut Chromic Gauge 3.5(2/0) 70cm on 45mm 1/2 Circle Cutting Taper Needle,CONCEPT-SET,684
16da072c-5c21-4e4f-8f13-718f38fd227b,,Medical Supply Items,Poly Diaxone Monofilament Violet Gauge 4.0(1) 50cm on 48mm 1/2 circle round bodied taper needle,CONCEPT-SET,685
49e8240e-6e5d-4086-9da9-a1d9e691698e,,Medical Supply Items,Mersilk Braided Black Gauge 4.0(1) 75cm on 22mm 3/8 Circle Reverse Cutting 22mm,CONCEPT-SET,686
28beebf6-0743-46b6-a24c-1d42873d77a5,,Medical Supply Items,Mersilk Braided Black Gauge 4.0(1) 75cm on 32mm 1/2 Circle Round Bodied Needle,CONCEPT-SET,687
a8ce4899-82a2-45bb-9a99-59d078b71cc8,,Medical Supply Items,Cat Gut Chromic Gauge 6.0(2) 75cm on 37mm 1/2 Circle Round Bodied Needle,CONCEPT-SET,688
97bee042-787e-421a-a257-072110784d36,,Medical Supply Items,Filter Paper Qualitative Whatman Grade 1 Diameter 90mm,CONCEPT-SET,689
f5b4e6de-74aa-486c-a1a1-eca7e43a67d2,,Medical Supply Items,Multipette automatic 5 positions,CONCEPT-SET,690
c6cbf39c-137e-4bef-aea3-3e3f71cff602,,Medical Supply Items,Measuring Apparatus Pediatric Wooden 131cm,CONCEPT-SET,691
7cdb1c0f-9b6a-45e5-9fbe-c884f82dd643,,Medical Supply Items,Vacutainer Blood Collection Tube with vacuum red top 10ml,CONCEPT-SET,692
1bad25ad-ac56-4ab5-8243-08e9ddf0faf0,,Medical Supply Items,Capillary tube hematocrite heparinized,CONCEPT-SET,693
e92a038d-7026-49df-9698-d7e53cecf77b,,Medical Supply Items,Conical Centrifuge Tubes 50ml,CONCEPT-SET,694
5a14685b-8842-4e80-8809-76324cf48a2e,,Medical Supply Items,Blood Collecting Bag CPDA1 Anticoagulant Single 250 ml,CONCEPT-SET,695
cddd0a75-2b69-4f5f-af19-daef58ac6bf5,,Medical Supply Items,Applicator Wooden Stick with out Cotton Tip 15cm x 2.5mm,CONCEPT-SET,696
0734328d-9fea-473e-8415-b0b0775154e7,,Medical Supply Items,Applicator Stick Wooden with Cotton Tip 15cm x 2.2mm,CONCEPT-SET,697
5f21a5a6-81ea-4d0a-b702-4d1c016ed6e5,,Medical Supply Items,Cat Gut Chromic Gauge 4.0(0) 75cm on 48mm 1/2 circle Round Bodied Needle,CONCEPT-SET,698
953ea5a8-6100-4dc0-95b6-93629f798fd2,,Medical Supply Items,Mersilk Braided Black Gauge 2.0 (3/0) 75cm on 17mm 1/2 Circle Round Bodied Needle,CONCEPT-SET,699
641fef3c-7b1c-411f-9121-e5faa291b4b2,,Medical Supply Items,Mersilk Braided Black Gauge 2.0(3/0) 75cm on 27mm 1/2 Circle Reverse Cutting Needle,CONCEPT-SET,700
a2afb3ab-d247-42f6-acab-41c7a08de0e2,,Medical Supply Items,Mersilk Braided Black Gauge 2.0 (3/0) 75cm on 17mm 1/2 Circle Reverse Cutting Needle,CONCEPT-SET,701
164f0544-85e2-4273-b9f3-be72a10a831c,,Medical Supply Items,Mersilk Braided Black Gauge 1.0 (4/0) 75cm on 19mm 1/2 Circle Reverse Cutting Needle,CONCEPT-SET,702
53c76e9e-53f3-4fe6-b638-82021db6ecbb,,Medical Supply Items,Polyglycolic acid absorbable braided violet Gauge 2.0 (3/0) 75cm on 36mm 1/2 Circle Round Bodied Needle,CONCEPT-SET,703
64b3a387-ac43-47ba-b47e-62f45a3a3b2c,,Medical Supply Items,Mersilk Braided Black Gauge 3.5(0) 75cm on 27mm 1/2 Circle Round Bodied Needle,CONCEPT-SET,704
49954034-cb51-47aa-bd28-4d86f3dc1738,,Medical Supply Items,Polyamide Monofilament Gauge 0.3 (9/0) 13 cm on 64mm Spatula Double Armed Round Bodied Needle,CONCEPT-SET,705
280ca0ba-0c26-4cd0-a973-3df53adff330,,Medical Supply Items,Drainage Chest Tube 18FG,CONCEPT-SET,706
c9afa6bd-2f1c-424e-94f8-95c802b48416,,Medical Supply Items,Catheter Condom Latex Medium 25mm,CONCEPT-SET,707
6dbaa4ee-c16d-4ef2-a2e8-7009cdbf88e7,,Medical Supply Items,Catheter Foley Silconized Latex Two Ways 30 50ml Balloon 24CH,CONCEPT-SET,708
20857050-a08f-451c-9b75-207973c87f89,,Medical Supply Items,Catheter Foley Silconized Latex Three Ways 5 15ml Balloon 6CH,CONCEPT-SET,709
f7179cde-12e9-4bbb-98b8-f89d51a28323,,Medical Supply Items,Catheter Foley Silconized Latex Three Ways 5 15ml Balloon 4CH,CONCEPT-SET,710
ab70ee1a-7641-41ec-9620-e644cdbefe45,,Medical Supply Items,Catheter Foley Silconized Latex Two Ways 5 15ml Balloon 6CH,CONCEPT-SET,711
7e7ac894-be55-4d96-806e-c8eaa74bf41e,,Medical Supply Items,Catheter Foley Silconized Latex Two Ways 5 15ml Balloon 4CH,CONCEPT-SET,712
cd7b1972-9186-4816-9847-84dca7c38b93,,Medical Supply Items,Scalp Vein Winged Infusion Set 29G,CONCEPT-SET,713
82ce0c7c-5f8c-4253-bf78-8a500bfd25e8,,Medical Supply Items,Cat Gut Chromic Gauge 7.0(3) 75cm on 48mm 1/2 Circle Round Bodied Needle,CONCEPT-SET,714
db920487-c9aa-42e1-ada4-587d30f5fbbb,,Medical Supply Items,Biohazard Bags Disposable Red,CONCEPT-SET,715
ce9a3fc0-7edf-4ac5-9400-241f201a499b,,Medical Supply Items,Biohazard Bags Disposable Yellow,CONCEPT-SET,716
7ab52f6f-5007-425e-af83-f69bb162eca4,,Medical Supply Items,Biohazard Bags Disposable Black,CONCEPT-SET,717
9639d5df-a1fc-47dd-9c73-7cc808d9dec4,,Medical Supply Items,Pasteur pipette glass,CONCEPT-SET,718
a7381faf-5c4e-418d-ab07-7ab98841677b,,Medical Supply Items,"Tourniquet for adult,ABS auto lock buckle,size 25x450x6mm,blue color.",CONCEPT-SET,719
a74ee53f-f4d6-40c4-9a7c-de83001ed64c,,Medical Supply Items,Cat Gut Chromic Gauge 3.0(3/0) 75cm on 25mm 1/2 Circle Reverse Cutting Needle,CONCEPT-SET,720
b9ad9bb6-f2c3-46d5-9da5-f4556788917f,,Medical Supply Items,Cat Gut Chromic Gauge 3.5(0) 75cm on 27mm 1/2 Circle Reverse Cutting Needle,CONCEPT-SET,721
c252e408-bfef-4c47-b6cb-1ca8577eb13e,,Medical Supply Items,Cat Gut Chromic Gauge 4.0(0) 75cm on 30mm 1/2 Circle Reverse Cutting Needle,CONCEPT-SET,722
0dc34b6c-143b-4d1e-b1ce-5163b2155c94,,Medical Supply Items,Cat Gut Chromic Gauge 5.0(1) 75cm on 48mm 1/2 Circle Reverse Cutting Needle,CONCEPT-SET,723
95561a31-0bec-4c6d-a3cb-b305a68206ab,,Medical Supply Items,Cat Gut Chromic Gauge 6.0(2) 75cm on 35mm 1/2 Circle Reverse Cutting Needle,CONCEPT-SET,724
72ab8ea1-4204-4174-93ad-72c2cbc34900,,Medical Supply Items,Cat Gut Chromic Gauge 7.0(3) 75cm on 48mm 1/2 Circle Reverse Cutting Needle,CONCEPT-SET,725
745667a3-9678-4fe6-bc61-31e2a0893e00,,Medical Supply Items,Glove Surgical Latex Sterile Powder Free No. 6.5,CONCEPT-SET,726
48478191-4fda-4dbc-945b-3822285d6423,,Medical Supply Items,Glove Surgical Latex Sterile Powder Free No. 7,CONCEPT-SET,727
7274e6d8-94bc-4122-bc55-62d26ed77901,,Medical Supply Items,Glove Surgical Latex Sterile Powder Free No. 7.5,CONCEPT-SET,728
0653b628-61ce-4768-b925-e260e969bfbd,,Medical Supply Items,Glove Surgical Latex Sterile Powder Free No. 8,CONCEPT-SET,729
d791dfc5-808b-444e-b39d-ff0b65ccbe7f,,Medical Supply Items,"Specimen container 4 oz,graduated in ml,sterile,transluecent polypropylene,full turn screw thread,leak resistant seal,individually wrapped",CONCEPT-SET,730
f445ff51-ed15-4362-803d-d3b0f3287001,,Medical Supply Items,Ultrasound Paper,CONCEPT-SET,731
783c8648-2410-4b8a-ae6b-461fd428f816,,Medical Supply Items,Cat Gut Chromic Gauge 4.0(0) 150cm on 30mm 1/2 Circle Round Bodied Needle,CONCEPT-SET,732
8f6e65da-42a7-4a14-8e86-ed27e5439e49,,Medical Supply Items,Cannula Intravenous Set External Diameter 1.3mm Length 45mm 16G,CONCEPT-SET,733
c8218399-592e-4da0-88fe-7210a2b75eb0,,Medical Supply Items,Ultrasound Paper 110mm width x 20meter length,CONCEPT-SET,734
f2186411-74f2-485c-9cac-3f586675aa39,,Medical Supply Items,Filter Paper Qualitative Whatman Grade 1 Diameter 150mm with pore size 11µm,CONCEPT-SET,735
783cb353-ce60-404d-aa5d-a0da1ecb9c39,,Medical Supply Items,Catheter Foley Silconized Latex Three Ways 5 15ml Balloon 10CH,CONCEPT-SET,736
4d79fc37-9c78-43f2-bec8-4c35a24eac51,,Medical Supply Items,Cannula Intravenous Set external diameter 1.1mm length 32mm 20G,CONCEPT-SET,737
da919427-44c7-4b7c-8bb1-0a5c27a59c78,,Medical Supply Items,Cannula Intravenous Set external diameter 0.9mm length 25mm 22G,CONCEPT-SET,738
1be81fde-e096-498b-ae71-970157e8f0a8,,Medical Supply Items,Cannula Intravenous Set external diameter 0.7mm length 19mm 24G,CONCEPT-SET,739
932b5b41-7193-4111-89b5-c37aec638496,,Medical Supply Items,Cannula Intravenous Set external diameter 1.3mm length 45mm 18G,CONCEPT-SET,740
819850e0-5c75-4989-96df-9a146b0e1c21,,Medical Supply Items,Adhesive Plaster Zinc Oxide 12.5cmx10m,CONCEPT-SET,741
89cda49a-eec1-40ad-af97-1c9be939a629,,Medical Supply Items,Endotracheal Tube sterile CH 3.5 cuffed,CONCEPT-SET,742
43a32e99-6b62-4486-9239-83cc452f555a,,Medical Supply Items,Endotracheal Tube sterile CH 4 cuffed,CONCEPT-SET,743
055056db-ac8e-46a1-81d5-d8670f8441bb,,Medical Supply Items,Endotracheal Tube sterile CH 4.5 cuffed,CONCEPT-SET,744
488ca2e5-c219-4cb6-80e1-ac43f8ae55f2,,Medical Supply Items,Endotracheal Tube sterile CH 5 cuffed,CONCEPT-SET,745
7dca1ce8-7fc0-45d6-84b1-6f99eefb13f3,,Medical Supply Items,Endotracheal Tube sterile CH 6.5 cuffed,CONCEPT-SET,746
3911ddb3-e56f-4284-9c33-08974f71633e,,Medical Supply Items,Endotracheal Tube sterile CH 8 cuffed,CONCEPT-SET,747
a3e2a99b-666c-4d10-a2e5-de9b4ae51704,,Medical Supply Items,"Scalp Vein Winged Infusion Set with luer adapter 21G, 0.75 inch(19mm) needle, 7 inch(178mm) tubing",CONCEPT-SET,748
9a381e90-18c0-4800-aec7-8ba3160503cf,,Medical Supply Items,"Syringe (Disposable) (Sterile) 3 Parts, 20ml Luer fitting with 21G Needle",CONCEPT-SET,749
5a5c6b97-3c78-4ff7-9e6a-7eb3e767566c,,Medical Supply Items,"Syringe (Disposable) (Sterile) 3 Parts, 3ml Luer fitting with 21G Needle",CONCEPT-SET,750
5b1123a8-e0e3-4e01-b16e-51bc0948076f,,Medical Supply Items,"Syringe (Disposable) (Sterile) 3 Parts, 3ml Luer fitting with 23G Needle",CONCEPT-SET,751
d9d85d14-cfce-478e-b450-34ca1d805ee2,,Medical Supply Items,"Syringe (Disposable) (Sterile) 3 Parts, 50ml Luer fitting with 21G Needle",CONCEPT-SET,752
8e168f1b-9a4b-4bf5-bf84-738fa4900e6f,,Medical Supply Items,"Syringe (Disposable) (Sterile) 3 Parts, 5ml Luer fitting with 23G Needle",CONCEPT-SET,753
8934fdb4-ff61-4f28-bf07-c7b1c7332419,,Medical Supply Items,"Gauze Swab 10cmx10cm, 8plys sterile",CONCEPT-SET,754
855e512a-cf47-4fe6-896b-3ce85d15b120,,Medical Supply Items,"Colostomy Bag Adhesive Regulator Closed 30mm Opening, adult opec medium",CONCEPT-SET,755
25195ed8-09e1-40bd-91bc-fe678aee64e7,,Medical Supply Items,Colostomy Bag Adhesive Regulator Closed 30mm Opening pediatric,CONCEPT-SET,756
de1b44cd-4ceb-4928-97f3-3d815b9afa62,,Medical Supply Items,Mersilk Braided Black Gauge 3.5(0) 75cm on 32mm 1/2 circle cutting tapper Needle,CONCEPT-SET,757
29e6ea40-a274-4d2b-a5e3-03762cfc5916,,Medical Supply Items,Catheter Suction 14CH,CONCEPT-SET,758
93b07618-f558-4dd9-976d-f50c728899fb,,Medical Supply Items,Catheter Suction 8CH,CONCEPT-SET,759
b4790fc0-74cc-4689-96cc-e32159b7ca55,,Medical Supply Items,Catheter Suction 16CH,CONCEPT-SET,760
92841a9f-9079-48af-a2bf-345ae062c167,,Medical Supply Items,Tissue Paper 10cm x 15cm,CONCEPT-SET,761
f35c6fbb-8181-49ef-a327-ee77ce748380,,Medical Supply Items,Tissue Paper for Lense Cleaning,CONCEPT-SET,762
61d727ce-b7c6-4958-8ce7-f0dbdf17fea7,,Medical Supply Items,Socket Outlet,CONCEPT-SET,763
eec65ee7-e1bd-4dad-b6dc-1a96685f1b1c,,Medical Supply Items,"Abbott 2000/COBAS Absorbent Underpad, 60x40 Inches",CONCEPT-SET,764
b6bc80bd-fdbf-41db-b24d-c1d14dda0609,,Medical Supply Items,Measuring Tape 1m,CONCEPT-SET,765
ef5992e9-7405-4bcf-9b88-927b265ac756,,Medical Supply Items,Oropharyngeal Air Way,CONCEPT-SET,766
7f6b8e0d-9f6b-4ecb-a280-503289a81ce0,,Medical Supply Items,Oxygen Nasal Catheter (Prongs) Pediatric,CONCEPT-SET,767
21706643-6115-45ef-9613-6d86004c8099,,Medical Supply Items,Lumbar Puncture Needle,CONCEPT-SET,768
e69c6538-20ff-40a3-bade-a20506a64916,,Medical Supply Items,Adult Cardio Pulmonary Resuscitation Defibrillation Manikin,CONCEPT-SET,769
fed292a5-7d98-47f6-a95f-90eb0af77ee2,,Medical Supply Items,Female Uretheral/Suprapubic Catheterization Trainer,CONCEPT-SET,770
8b1ab54c-3696-407e-92ac-3a8698b684a8,,Medical Supply Items,Microbiology Bile Esculin Agar,CONCEPT-SET,771
6f7807d7-d480-4462-b99d-8ca9c4a6969a,,Medical Supply Items,Membrane Filtration Unit,CONCEPT-SET,772
7a58c3dc-a2bf-4955-94f5-1e02fdcef143,,Medical Supply Items,Umblical Cord Tie 6mm x 24.5m,CONCEPT-SET,773
fa9614fb-0f91-4d7f-9fda-018d9fc0d738,,Medical Supply Items,Disposable Pressure measure,CONCEPT-SET,774
92a9bfe8-f195-419a-8d41-130b5bcbffc0,,Medical Supply Items,"Booklet Exercise and Manual,CBNC Amharic Exercise and Manual,CBNC Amharic",CONCEPT-SET,775
12f4125a-3440-4162-8415-359076290de8,,Medical Supply Items,Sterican single use dental needle G25,CONCEPT-SET,776
d93d9a0f-e21f-49ea-9272-e91d6c1e8986,,Medical Supply Items,Sterican dental hypodermic needle G27,CONCEPT-SET,777
9fea3a62-2286-40e6-a40b-e4b8b72d8968,,Medical Supply Items,"Goggle Safety HO;Yga Laser,27750095",CONCEPT-SET,778
b9829e64-0ee9-42a9-a49d-b882d4db651a,,Medical Supply Items,Insertion Accessories Kit for Implanol 25 Insertion/removal Procedure kit for 25 implanons,CONCEPT-SET,779
75d48e3f-c8dd-493a-a515-2f0766472401,,Medical Supply Items,Autoclave Indicator Tape 1.9cm x 50m,CONCEPT-SET,780
e7247340-437f-4fca-9398-2a42abb174be,,Medical Supply Items,Pipette Class A 5ml,CONCEPT-SET,781
ff31fae4-9412-4898-bbec-64cc0d688cf1,,Medical Supply Items,Pipette Class A 10ml,CONCEPT-SET,782
54a3b5c9-9fe1-48bd-a106-3effd509910d,,Medical Supply Items,IV Training Arm Infant,CONCEPT-SET,783
1791c1aa-051f-4455-a36d-a35b5ff843a8,,Medical Supply Items,PIMA CD4 Cartridge,CONCEPT-SET,784
7a206a6b-587d-4d47-ac2e-a67f1486026c,,Medical Supply Items,Blood Lancet,CONCEPT-SET,785
5f4f4e44-56c0-4f51-8fe0-7c413a6a0c4b,,Medical Supply Items,Clinical Chemistry Lactate Dehydrogenase (LDH),CONCEPT-SET,786
b51a2c54-e572-4d9a-a581-023ccee76f9a,,Medical Supply Items,"FACSCalibur Falcon Tubel, 5ml",CONCEPT-SET,787
72105262-81d4-44b5-8571-96d2eec64861,,Medical Supply Items,Catheter Umblical,CONCEPT-SET,788
2c73c1a2-3027-4668-9fef-d96531ad56dc,,Medical Supply Items,Paster Pipette Sterile 3.5 ml Capacity,CONCEPT-SET,789
cbb55773-0483-4d57-868b-2ab64f8aeb35,,Medical Supply Items,"Abbott 2000/COBAS Absorbent Underpad, 17x24 Inches",CONCEPT-SET,790
523bd9c3-8457-4980-baa0-6c3e082c68e6,,Medical Supply Items,"Abbott 2000/COBAS Shoe Cover, Disposable",CONCEPT-SET,791
c52c1fbb-aae3-4d2a-a79b-5212a94fa99b,,Medical Supply Items,"Abbott 2000/COBAS Aerosol Resistant Pipette Tips, 1000ul",CONCEPT-SET,792
b7648975-e0e6-4b94-8a5f-d1d19d1a5a39,,Medical Supply Items,"Abbott 2000/COBAS Aerosol Resistant Pipette Tips, 200ul",CONCEPT-SET,793
d5ff9a5b-2488-42cc-95b8-b54b58764701,,Medical Supply Items,"Abbott 2000/COBAS Falcon Tube, 50ml",CONCEPT-SET,794
c15d4f98-fa4e-4443-bf40-4d5e0a1f2f0c,,Medical Supply Items,Vacutainer Needle Multiple Blood Sampling,CONCEPT-SET,795
a5edf1a4-e063-454d-986e-a2a0cded5116,,Medical Supply Items,"Test Tube, Polypropylene",CONCEPT-SET,796
4ccde45f-cb21-47d1-83cb-c2c41425001e,,Medical Supply Items,"Microtainer Tube, k2EDTA 250 500 ul",CONCEPT-SET,797
4a2fd6aa-6a9e-422b-95e3-736873021f35,,Medical Supply Items,FACSCount Thermal Paper,CONCEPT-SET,798
98df3b9d-b1c5-4d94-b5e9-738d18a7c96c,,Medical Supply Items,Dental Needle 27G,CONCEPT-SET,799
808bdb4f-3d15-4362-8951-92a04c0cf0bf,,Medical Supply Items,Bandage Elastic 8cm x 4m,CONCEPT-SET,800
69f5c965-18d4-412f-9176-886897d3a3a2,,Medical Supply Items,Talc Dusting Powder,CONCEPT-SET,801
ad4501da-a1a7-4741-abe9-cda6dcb580a6,,Medical Supply Items,Cotton Elastic Bandage 8cm x 5m,CONCEPT-SET,802
911c9a65-0b81-472e-8075-cedda23a074b,,Medical Supply Items,Sharps Container 5L,CONCEPT-SET,803
c03fa819-827f-4198-8a48-daa4f6d4e6b3,,Medical Supply Items,Vacutatiner Needle Holder,CONCEPT-SET,804
c399fe59-71a5-46ba-842e-210e05e8f705,,Medical Supply Items,"Abbott 2000/COBAS Pipette Transfer Sterile, 5.8ml",CONCEPT-SET,805
0eac33ba-cfab-46f0-a2ea-d29be647dadd,,Medical Supply Items,Plaster Of Paris (P.O.P) 7cm x 3m,CONCEPT-SET,806
ad00bec5-7d56-4040-ab50-39ab5e2df538,,Medical Supply Items,Adhesive Plaster Zinc Oxide 7.5cm x 10m,CONCEPT-SET,807
2e3627e1-1521-4316-8fd1-1a1e778e992e,,Medical Supply Items,Adhesive Plaster Zinc oxide (19x72mm + 25x72mm) (12 + 8) pices,CONCEPT-SET,808
31a84acd-89e5-44f9-83ee-c74d86cf4546,,Medical Supply Items,Gauze Absorbent Cotton 8cm x 4m,CONCEPT-SET,809
a7287682-4417-4742-a473-577f57c63030,,Medical Supply Items,Adhesive Plaster Zinc Oxide 12.5cm x 10cm,CONCEPT-SET,810
0cee56f5-6a43-42e6-8541-67ea9c9cfa9f,,Medical Supply Items,Polyglycolic acid absorbable braided violet,CONCEPT-SET,811
9813cb23-39bd-4eb0-a439-9ab285529de4,,Medical Supply Items,Adhesive Plaster Zinc Oxide 12.5cm x 10m,CONCEPT-SET,812
1224913c-2977-4f55-b66f-0a64167ae1e8,,Medical Supply Items,Gauze Bandage 18.5cm x 5m,CONCEPT-SET,813
9a5f41c6-68d7-48db-9922-6a617f2ee7fa,,Medical Supply Items,Bandage Elastic 7.5cm x 5m,CONCEPT-SET,814
5674ca95-3af1-4b06-b7ca-cf8ac2ed441c,,Medical Supply Items,Gauze Bandage 18cm x 5m,CONCEPT-SET,815
ccbd2b90-58f8-44b3-8b74-69762842d1ce,,Medical Supply Items,Label Tape Self Adhesive Yellow,CONCEPT-SET,816
fa33ec2d-a087-4499-89b1-c4a1374396ad,,Medical Supply Items,Label Tape Self Adhesive Red,CONCEPT-SET,817
5acb171a-6f53-4885-8778-12e250336f66,,Medical Supply Items,Label Tape Self Adhesive blue,CONCEPT-SET,818
83b36b3c-6e2c-42e1-8c8f-1671c08ae3bf,,Medical Supply Items,Bandage Elastic 8cm x 5m,CONCEPT-SET,819
7c40fe39-fa11-46fb-af06-e86f2d58e4d9,,Medical Supply Items,"Bandage Elastic 3""x6YD",CONCEPT-SET,820
239c66fc-f68f-4701-b299-bca9c86573e3,,Medical Supply Items,"Applicator Cotton Tipped, Non Sterile Non Steril 6''",CONCEPT-SET,821
7705241e-2004-48d6-92ae-9a0d5c297f06,,Medical Supply Items,Bandage Elastic 3X5yd,CONCEPT-SET,822
e05db211-c514-42c0-97ab-ec09a47eac1a,,Medical Supply Items,Abbott VL/EID m2000 Optical Adhesive Cover,CONCEPT-SET,823
e02d9be0-6e75-4395-b16d-6862f89e3f16,,Medical Supply Items,Gauze Surgical 90cm x 90m,CONCEPT-SET,824
355e918d-9fe0-4b9f-9159-d0186fa70a1d,,Medical Supply Items,Adhesive Tape 5cm x 9m,CONCEPT-SET,825
7aafaa46-4954-4a15-9e1e-dc1d0b69dc38,,Medical Supply Items,Gauze Bandage 12.5cm x 5m,CONCEPT-SET,826
4cb3eb20-0a51-4589-80ce-ca883605175f,,Medical Supply Items,Gauze Bandage 12.5cmx5cm,CONCEPT-SET,827
e3c5d3de-4fc9-4c1f-a80d-2f8df0feff33,,Medical Supply Items,Bandage Elastic 4cm x 8m,CONCEPT-SET,828
3a1d51bf-ebe2-42ad-9be3-fd2e51cd44e2,,Medical Supply Items,Pad Absorbent under layer blue polyethylene film with white non woven,CONCEPT-SET,829
cb493b4d-c100-4892-9d3c-48a12c0ca5d7,,Medical Supply Items,plastic Bag (Laundary) 25x35inch,CONCEPT-SET,830
d1f74550-9ff8-41e6-b6cf-0ceffcd2e386,,Medical Supply Items,Plastic Tote Boxe,CONCEPT-SET,831
16d87dab-d239-4258-ab44-4ad0a1cc486c,,Medical Supply Items,"Abbott 2000/COBAS Absorbent Underpad, 20x36 Inches",CONCEPT-SET,832
8b2450ad-6e52-466e-bd3d-c8a38796e32f,,Medical Supply Items,"Blood Collecting Bag Triple CPDAI Anticoagulant, 450ml",CONCEPT-SET,833
dbfac67e-a694-4aa5-83a2-e22790c2b7ce,,Medical Supply Items,Goggle Safety,CONCEPT-SET,834
144322bb-6082-4896-b74a-2ab4f776fa30,,Medical Supply Items,Pipet Transfer,CONCEPT-SET,835
188e9c98-72f3-4a4c-91e6-5f6bbd93f63f,,Medical Supply Items,"BD Facs Count Multi Check CD4,High,Control",CONCEPT-SET,836
2712cebe-f59e-4497-9784-1838ae147c67,,Medical Supply Items,"Abbott 2000/COBAS Aerosol Resistant Pipette Tips, 200ul 200ul",CONCEPT-SET,837
e7dcc80a-7362-4141-b224-472ed8b3609b,,Medical Supply Items,"Abbott 2000/COBAS Aerosol Resistant Pipette Tips, 1000ul 1000ul",CONCEPT-SET,838
59c2abab-9e3d-4a56-85e8-d70eaff61801,,Medical Supply Items,Dropping Bottle with Ground Glass Stopper 50ml,CONCEPT-SET,839
03fb7a9d-187b-4d0b-9b88-8b0157e200f8,,Medical Supply Items,Vacutainer Tube Without Needle 10ml,CONCEPT-SET,840
5cb62580-33a8-4fe1-bdf0-b19f5f4aaeb1,,Medical Supply Items,Microscope Slide,CONCEPT-SET,841
bc9d2d79-0414-44e4-a74e-228c61933afb,,Medical Supply Items,"Boots Rubber, Bleach Resistant 38 Size",CONCEPT-SET,842
2f97922c-a956-47f2-a8d7-995a071b77cb,,Medical Supply Items,"Boots Rubber, Bleach Resistant 39 Size",CONCEPT-SET,843
9de99686-00ad-4af8-bb24-3308790d4431,,Medical Supply Items,"Boots Rubber, Bleach Resistant 40 Size",CONCEPT-SET,844
6e475a6a-0091-4274-bffc-5626087b0e8b,,Medical Supply Items,"Boots Rubber, Bleach Resistant 41 Size",CONCEPT-SET,845
4750c719-2e85-4d4a-adba-291f9e3d5f3a,,Medical Supply Items,"Boots Rubber, Bleach Resistant 42 Size",CONCEPT-SET,846
5902d058-85ca-4590-8b16-e002935d1760,,Medical Supply Items,Xpert MTB/RIF Cartridge,CONCEPT-SET,847
f3be2819-afe8-4105-b3f6-be6b41b8adb2,,Medical Supply Items,"""Glass Graduated Pipette "" 2ml,0.02ml",CONCEPT-SET,848
6006778f-3072-4766-bd5f-2959c08f6a3a,,Medical Supply Items,"""Glass Graduated Pipette "" 5ml,0.05ml",CONCEPT-SET,849
64ee5ee7-3a12-47e4-80c0-c01600383204,,Medical Supply Items,"""Glass Graduated Pipette "" 10ml,0.1ml",CONCEPT-SET,850
192923b8-5398-4d86-9188-78ffda5aa2a9,,Medical Supply Items,"Blue Tips, Micropippette, 1000µl",CONCEPT-SET,851
5a6ba246-1c57-41c7-bff6-915cce2910ea,,Medical Supply Items,White Blood Cell (WBC) Thoma Pipette,CONCEPT-SET,852
20b5012e-083a-4825-a4e9-cc8cf8780dec,,Medical Supply Items,Sysmex Kx21N Thermal paper,CONCEPT-SET,853
004bbb3d-12de-47c3-b5ba-5b2fe36864c5,,Medical Supply Items,Bottle plastic Baby 150ml,CONCEPT-SET,854
17f3aba4-6159-4757-a0ea-b0eecee33218,,Medical Supply Items,Paster Pipette Non Sterile 7.5 ml Capacity,CONCEPT-SET,855
df7e0c1d-74b6-4c74-8529-d7f4a457f2e8,,Medical Supply Items,"Abbott 2000/COBAS Absorbent Underpad, 16x24 Inches",CONCEPT-SET,856
e590f684-7e5a-4fac-a68b-d19751ed2f23,,Medical Supply Items,Catheter Suction Silconized with Funnel 22CH,CONCEPT-SET,857
131d0d24-c29b-43f6-99b7-43f2902c8c9f,,Medical Supply Items,Tissue Paper for Lense Cleaning 10cm x 15cm,CONCEPT-SET,858
73cb4893-6ede-4ed5-8dd0-e3ab1b560a73,,Medical Supply Items,"Blood Collecting Tube Plasma Preparation Tube, K2 EDTA+Polymergel, 5ml",CONCEPT-SET,859
458d901f-317c-40b5-8d98-76c7a485b08a,,Medical Supply Items,Glove Examination Powder Free Nitrile Non Sterile Medium,CONCEPT-SET,860
9711cfd0-ced0-4744-8d36-6a9b5c7c0461,,Medical Supply Items,Microscope Slide Frosted,CONCEPT-SET,861
8685452d-65e7-48d9-98c0-f0d3ee05fe89,,Medical Supply Items,"Lab Coat, Blue, Large, Disposable",CONCEPT-SET,862
1d59298d-695f-4f7d-ada7-910c0c9539bc,,Medical Supply Items,"Lab Coat, White, Medium, Disposable",CONCEPT-SET,863
0b066305-157d-45e9-a59f-639c11620d68,,Medical Supply Items,Abbott 2000/COBAS Lint Free Cloth,CONCEPT-SET,864
001538f4-40a6-452d-a179-c0281ea3ec54,,Medical Supply Items,"Chemical Mask, Disposable, Adult size disposable Adult size",CONCEPT-SET,865
5fdf498e-873d-43d9-baef-74711cf9c502,,Medical Supply Items,Vacutainer Blood Collection Tube with vacuum red top,CONCEPT-SET,866
bb6a4b7f-9801-476f-ac39-352abb598d62,,Medical Supply Items,Vacutainer serum separator tube with yellow top,CONCEPT-SET,867
74930fce-0afa-48a4-b2cc-072e0e57495e,,Medical Supply Items,Spirit lamp glass type with wick for alcohol,CONCEPT-SET,868
19463e40-861f-4344-bb8a-282ee8ef094a,,Medical Supply Items,"Sputum Cup, Plastic with Screw Cap",CONCEPT-SET,869
204151e4-093d-484b-9b01-05e519bfe77e,,Medical Supply Items,Endotracheal Tube Steriel Cuffed 3CH,CONCEPT-SET,870
05d1c669-7860-4052-b3c2-abb352655d81,,Medical Supply Items,"Pump Breast, Manual 30ml",CONCEPT-SET,871
4cb35a09-8c2b-4fbc-9b5a-4bf340b2049a,,Medical Supply Items,Serology Filariasis Test Strip,CONCEPT-SET,872
7e97be49-8910-4411-8dd2-169d4366ae01,,Medical Supply Items,"Test tube glass, heat and chemical resistant",CONCEPT-SET,873
5a01bf49-9d23-44ee-8d15-22d9955933f8,,Medical Supply Items,"Abbott 2000/COBAS Pipette Transfer Sterile, 3ml",CONCEPT-SET,874
706e40e6-2291-4eb1-9676-e8c22fd4d7f7,,Medical Supply Items,"Capillary Tube, Ethylene Diamine Tetra Acetic Acid (EDTA), 75mm Length, 1.1 1.2mm Internal Diameter, 1.5 1.6mm Outside Diameter",CONCEPT-SET,875
109adae3-5c8e-4169-8557-1cb629ccad8e,,Medical Supply Items,"Blood Collecting Tube Serum Separator, 5ml With Clot Activator Gel 5ml",CONCEPT-SET,876
a1506024-cc1a-4b06-a480-ccc7443547d9,,Medical Supply Items,"Blood Collecting Tube PL K2 EDTA, 4ml",CONCEPT-SET,877
a11458a4-2793-4d28-aaeb-dc238ee0b4b6,,Medical Supply Items,"Blood Collecting Tube Serum Separator, 10ml",CONCEPT-SET,878
6163a7f5-a2b1-44ad-8542-9f3eeb3db8e8,,Medical Supply Items,"Blood Collecting Tube Serum Separator, 5ml",CONCEPT-SET,879
d37c92da-3401-41ee-b85b-e58597a35f61,,Medical Supply Items,"Vacutainer Needle Multiple Blood Sampling, 21G",CONCEPT-SET,880
7e5842a2-1f85-492e-ab72-fc57e4295bea,,Medical Supply Items,"Cover Slide, 22mm X 22mm, 0.13 Depth",CONCEPT-SET,881
06ba37f5-cd97-4401-9fe6-1b102ca37b45,,Medical Supply Items,X ray Film Developer to Make 10 Liters,CONCEPT-SET,882
6395427a-9c59-435e-9725-afb7e2bb74ee,,Medical Supply Items,Condom Male Latex 180mm x 53mm,CONCEPT-SET,883
5703149f-ff2d-4606-a2cc-3f0031c323b0,,Medical Supply Items,Oxygen Nasal Catheter (Prongs) Adult,CONCEPT-SET,884
61a12162-b89b-4402-b7ba-e31df084ad48,,Medical Supply Items,"Sputum Cup, Plastic, Screw Cap, 50ml",CONCEPT-SET,885
a3e5bf37-77f2-4815-b591-56108169a14b,,Medical Supply Items,Hypodermic Needle 12G,CONCEPT-SET,886
0388abab-4405-418b-90e2-c71fa591bd14,,Medical Supply Items,Hypodermic Needle 30G,CONCEPT-SET,887
06563be7-155c-4d5d-b59e-6238068c83dc,,Medical Supply Items,Face Mask Standard Adult Size,CONCEPT-SET,888
2cbbebe3-4e2e-4a7e-9893-e018235117f5,,Medical Supply Items,Goggle Safety clean lens perfoared fram to provide excellent ventilation and reduced fogging,CONCEPT-SET,889
bca45539-e026-4baf-88bf-04828960364a,,Medical Supply Items,Printer Paper,CONCEPT-SET,890
78d8f38e-5455-4db0-93d8-c46d22c289d2,,Medical Supply Items,Oxygen Nasal Catheter (Prongs) Child,CONCEPT-SET,891
9df872d3-0d7c-4f8a-b102-61fc164db2b5,,Medical Supply Items,Stove Single Burner Kerosene Heated Silent Type 1.5L,CONCEPT-SET,892
9359a5d1-9689-4a62-8b91-0bdbbb45c0d2,,Medical Supply Items,Incinerator Plastic Bin 22L,CONCEPT-SET,893
99d684a1-67a5-4780-8458-5d1e5c3209a8,,Medical Supply Items,Hypodermic Needle 16G,CONCEPT-SET,894
c4114275-de46-4616-a808-a8d9476518d5,,Medical Supply Items,Bednet Mosquito Replant 160x180x150,CONCEPT-SET,895
d8199874-1cd6-4e60-85f2-5d17b302d976,,Medical Supply Items,"Yellow Tips, Micropippette, 100µl",CONCEPT-SET,896
93147d74-012f-4649-9704-ada00b32fd16,,Medical Supply Items,Hypodermic Needle 23G,CONCEPT-SET,897
ead26b89-ced1-4c2a-a3f2-16c8185d0b36,,Medical Supply Items,Hypodermic Needle 20G,CONCEPT-SET,898
a4703d16-0c37-4ae5-8612-5211ea6af69f,,Medical Supply Items,"Catheter Nasal Oxygen, Adult",CONCEPT-SET,899
59990e90-fc23-4d16-a952-59ebce77bfb5,,Medical Supply Items,"Catheter Nasal Oxygen, Paediatric",CONCEPT-SET,900
ce4d7ad5-29fd-4432-9729-0f749dd90446,,Medical Supply Items,Sharp Container 5L,CONCEPT-SET,901
9c555a9e-732b-4af1-8ec4-daa39828fcd1,,Medical Supply Items,Sharp Container 8L,CONCEPT-SET,902
b47c659a-3d76-40b3-a421-7e9e16192d4e,,Medical Supply Items,Naso Gastric Tube Sterile 15CH,CONCEPT-SET,903
71c521bf-9e39-4024-bdd9-871cba89f8fc,,Medical Supply Items,Tongue Depressor (Spatula) wooden,CONCEPT-SET,904
05e9debf-01df-433b-bd4c-b58e66ac0ce8,,Medical Supply Items,Naso Gastric Tube Sterile 4CH,CONCEPT-SET,905
bb4b0490-8d17-40dd-91c0-c65ff4e63791,,Medical Supply Items,"Bulb Syringe, Baby",CONCEPT-SET,906
a854cac2-7d97-4398-85bf-593f3290fc44,,Medical Supply Items,Implanol Insertion Accessories Kit for 20 Insertion/removal Procedure kit for 20 implanons,CONCEPT-SET,907
7ec37e6b-8b3d-4c04-a344-9b572f5f571f,,Medical Supply Items,"Abbott 2000/COBAS Absorbent Underpad, 20x24 Inches",CONCEPT-SET,908
d952049e-95b7-416f-b82d-3e83316bcc45,,Medical Supply Items,Aluminum Foil (Diamond),CONCEPT-SET,909
44e81f8d-f6fa-4d91-a7e7-fe409741f112,,Medical Supply Items,Catheter Suction transparent with funnel silconized infant size (Sterile) for single use,CONCEPT-SET,910
2a18adf0-ac06-4a5e-8056-b6ced0cd66c8,,Medical Supply Items,Catheter Suction transparent with funnel silconized adult size(Sterile) for single use,CONCEPT-SET,911
4d71d9ee-aee6-43f4-9bcf-6be50b58786d,,Medical Supply Items,Autoclave Indicator Tape 1.9cm x 55cm,CONCEPT-SET,912
110770e2-cdec-48f0-a155-4b7d05bea6a9,,Medical Supply Items,"Blood Lancet, Disposable, Sterile",CONCEPT-SET,913
52e592c2-2732-4703-8133-b480ca287632,,Medical Supply Items,Umblical Cord Tie 3mm x 50m,CONCEPT-SET,914
bcab025c-3843-48ef-aba2-6f00ae2c4a7a,,Medical Supply Items,Microscope Slide holder for 100 slides,CONCEPT-SET,915
fb3bd17d-062b-4e60-9440-8bc6a4a8219e,,Medical Supply Items,Microscope Slide holder for 32 slides,CONCEPT-SET,916
8e307229-66d9-431d-b3d1-4a8a23f8a990,,Medical Supply Items,Naso Gastric Tube Sterile 10CH,CONCEPT-SET,917
e7e47428-1b89-46f4-8cd8-da09f3130f95,,Medical Supply Items,Endotracheal Tube Steriel Cuffed 5.5CH,CONCEPT-SET,918
cd95844d-132d-4f27-b67d-262f3a784990,,Medical Supply Items,Endotracheal Tube Steriel Cuffed 7CH,CONCEPT-SET,919
1a086ed5-e45e-464a-82f7-98420721564c,,Medical Supply Items,Endotracheal Tube Steriel Cuffed 7.5CH,CONCEPT-SET,920
f1984a20-0335-4b51-88fc-e47ae1b3d668,,Medical Supply Items,Endotracheal Tube Sterile Cuffed 8.5CH,CONCEPT-SET,921
9dd44b0e-b795-4ea2-8675-3d44a103a5d8,,Medical Supply Items,Mid Upper Arm Circumference(MUAC) measuring tape Children,CONCEPT-SET,922
da0c6478-8174-4391-9e9c-c93dd771bb1f,,Medical Supply Items,Glove Examination Powder Free Nitrile Non Sterile Small,CONCEPT-SET,923
76cbb7a2-3740-4744-8cd8-40363eb54c8f,,Medical Supply Items,Mersilk Braided Black Gauge 1.5 (4/0) 75cm on 19mm 1/2 Circle Reverse Cutting Needle,CONCEPT-SET,924
eec7e385-89d5-4c1a-8a40-fa8a6d2b5df9,,Medical Supply Items,Mersilk Braided Black Gauge 3.5 (0) 75cm on 27mm 1/2 Circle Reverse Cutting Needle,CONCEPT-SET,925
c1899a65-c07e-4a63-8669-3fce4d79fef9,,Medical Supply Items,"Colostomy Bag, Adhesive, Regulator Closed 30mm Opening",CONCEPT-SET,926
7388948b-dfed-448a-a83b-9bbeedaeebc4,,Medical Supply Items,"Blood Collecting Bag Single CPDA Anticoagulant, 450ml",CONCEPT-SET,927
4184d30a-e67c-49a4-bf68-c395b3b6601e,,Medical Supply Items,Blood Collecting Bag CPDA1 Anticoagulant Single 450ml,CONCEPT-SET,928
556982c2-a8df-4463-93cd-29d3b781edff,,Medical Supply Items,"Blood Collecting Bag, Single CPDA Anticoagulant 350ml",CONCEPT-SET,929
99e0ad1d-1c9c-4e5e-a90b-f8ac752faef9,,Medical Supply Items,Microscope Slide Box,CONCEPT-SET,930
33b69fd8-97e3-4259-b953-3ff50de0b551,,Medical Supply Items,Catheter Suction Silconized with Funnel 6CH,CONCEPT-SET,931
daa65508-68a2-4334-b25b-a5a43d54a7fb,,Medical Supply Items,Polyamide Monofilament Gauge 0.2 (10/0) 30cm on 5mm Circle Spatula Double Armed Needle,CONCEPT-SET,932
3b66b8b9-958a-4c7a-a694-65087a69a82c,,Medical Supply Items,Polyglycolic acid absorbable braided violet Gauge 0.5(7/0) 45cm on 13mm 1/2 Circle Round Bodied taper needle,CONCEPT-SET,933
79dd4d5c-0889-4be0-a2aa-12cf8c272e55,,Medical Supply Items,Blood Collection Set Infussion 3/4x23G,CONCEPT-SET,934
6f2dfb08-30ad-4251-a3d3-9c43ba881e4f,,Medical Supply Items,Glove Examination Powder Free Nitrile Non Sterile Large,CONCEPT-SET,935
d3a92389-862e-4f7d-8e33-5d150b3eec29,,Medical Supply Items,Naso Gastric Tube Sterile 12CH,CONCEPT-SET,936
c3d8784c-3dda-40f0-a87a-118432966cb3,,Medical Supply Items,Naso Gastric Tube Sterile 14CH,CONCEPT-SET,937
9bd85df1-7bea-4e5d-9544-2fd83b09b7a9,,Medical Supply Items,Naso Gastric Tube Sterile 16CH,CONCEPT-SET,938
53432bba-b718-47f4-915d-614e456cfda6,,Medical Supply Items,Naso Gastric Tube Sterile 18CH,CONCEPT-SET,939
ed024f89-b3a8-4321-a5a9-8af0c1ad5733,,Medical Supply Items,Naso Gastric Tube Sterile 6CH,CONCEPT-SET,940
ff9d225e-2e72-4d76-9bc5-559be878cb78,,Medical Supply Items,Naso Gastric Tube Sterile 8CH,CONCEPT-SET,941
5380ce03-31f7-487d-b638-0b2779b1ff62,,Medical Supply Items,Surgical Scalpel Blade No.11,CONCEPT-SET,942
cb4b89d4-b37c-4897-96fb-443bf4ee1bce,,Medical Supply Items,Surgical Scalpel Blade No.12,CONCEPT-SET,943
41b81648-f1c7-4539-8f2c-14ddf733ec7d,,Medical Supply Items,Surgical Scalpel Blade No.15,CONCEPT-SET,944
652686b1-3e29-4e74-9ab1-a58f94ab7fd8,,Medical Supply Items,Surgical Scalpel Blade No.23,CONCEPT-SET,945
3b3ca231-1cff-462a-b701-5acdcc285da0,,Medical Supply Items,"Paster Pipette Sterile 5.8 ml Capacity, Non graduated",CONCEPT-SET,946
564f7c90-0e4f-4392-a01f-c960cc6fc584,,Medical Supply Items,Microbiology Oxacillin 1µg Disc,CONCEPT-SET,947
a0c374c8-040c-4a9f-b9f4-dc5046c28d63,,Medical Supply Items,Sputum Cup 60ml,CONCEPT-SET,948
1556b61f-0df6-4c6c-b14c-757412088754,,Medical Supply Items,Spatula,CONCEPT-SET,949
d1204ce0-bcba-4f8f-982e-9a1fef6bae34,,Medical Supply Items,Pipette 5ml,CONCEPT-SET,950
78a0bea3-7330-4976-b314-b7ba30798005,,Medical Supply Items,Pipette 15ml,CONCEPT-SET,951
88715e22-744c-4f81-96da-cd440705f5ec,,Medical Supply Items,Pipette 25ml,CONCEPT-SET,952
e1339b2e-85b3-4f79-af44-5eef666400b3,,Medical Supply Items,Pipette 50ml,CONCEPT-SET,953
db7cb1a6-1a13-4ac0-ab44-35f331e8a828,,Medical Supply Items,Apron Plastic Reusable Autoclavable Medium White,CONCEPT-SET,954
bce5fc6f-57d4-41d4-961f-8b4b4124a04a,,Medical Supply Items,Cryobox (Vial box) 9 x 9 Array 1.0/2.0ml,CONCEPT-SET,955
7289d299-b638-4d6d-b40c-aeb2a5ca2422,,Medical Supply Items,Conical Centrifuge Tubes 15ml,CONCEPT-SET,956
0d3a5048-ec21-4e7d-bd4f-2bc903b5673d,,Medical Supply Items,Wash Bottle Plastic 500ml,CONCEPT-SET,957
8fc716b1-3329-45a9-bdff-b62c6a75a9a2,,Medical Supply Items,"Pipette Serological,Disposabel,streile,graduated,clear,polystyrene 25ml",CONCEPT-SET,958
8f2d7c9d-39cf-4bfe-ab55-b4b4358bd0a6,,Medical Supply Items,PIMA Finger Stick Sample Collection Kit,CONCEPT-SET,959
ee8513d9-a9f5-4a9b-8898-8f31e9e1eede,,Medical Supply Items,Blood Collecting Bag CPDA1 Anticoagulant Single 350ml,CONCEPT-SET,960
70d5699f-07ed-46cd-bf5b-a8681f1b9641,,Medical Supply Items,Blood Collecting Bag CPDA1 Anticoagulant Quadruple 450ml,CONCEPT-SET,961
c89439b4-1ce1-4247-a2ff-e120c2e8a012,,Medical Supply Items,Cryogenic Vial Screw Cap Round Bottom Self Standing 1.8ml,CONCEPT-SET,962
0f3e79ef-4521-4a94-938b-e022d4aaf5f6,,Medical Supply Items,Microscope Cover Glass 18mm x 18mm,CONCEPT-SET,963
bdeb15f0-21a8-4eaa-ae34-205c9fba842e,,Medical Supply Items,Microscope Cover Glass 20mm x 20mm,CONCEPT-SET,964
73c87c81-cf94-4799-8fed-5f29e0ab27d4,,Medical Supply Items,Microscope Cover Glass 22mm x 22mm,CONCEPT-SET,965
de72c769-0445-479b-aa8c-2e2dbfbb75c3,,Medical Supply Items,"Paster Pipette Sterile 3.5 ml Capacity, Graduated",CONCEPT-SET,966
c27093b7-2441-4469-ba9c-554d19ef7352,,Medical Supply Items,Biohazard Bag Autoclaveable 8.5'' x11'',CONCEPT-SET,967
79cdcbf3-a1bf-4ce1-a073-197d5af9d0c2,,Medical Supply Items,Micro Pipette Tips,CONCEPT-SET,968
173df67d-3504-4b42-83cf-6dbb64df3087,,Medical Supply Items,Pipette Tips Blue 1000ul,CONCEPT-SET,969
279b597f-9ad1-40a9-8b38-f549dfd96351,,Medical Supply Items,Jug HDPE 3.8Liters,CONCEPT-SET,970
6899ad81-9b2c-4be7-aad4-cf82d4efea96,,Medical Supply Items,"Sputum Cup, Plastic, Screw Cap, 60ml",CONCEPT-SET,971
d4f9c1de-ad17-46ff-8420-edeedd80f4e1,,Medical Supply Items,"Sputum Cup, Stainless Steel, 100ml",CONCEPT-SET,972
7c5431d5-1c84-484d-b83e-1b91cfd428ea,,Medical Supply Items,Vacuum Jar,CONCEPT-SET,973
cf0a8c88-3a8b-4523-9b27-15090eed8115,,Medical Supply Items,Stove Kerosine 1L,CONCEPT-SET,974
088f7cec-04d3-4849-8d04-99be684474c3,,Medical Supply Items,Biohazard Bags Disposable 37 X 48cm,CONCEPT-SET,975
cd6af7ee-b522-4e49-9bb0-d4ed0a9779f4,,Medical Supply Items,Micro Pipette Tips 200microliter Yellow,CONCEPT-SET,976
a7b535db-40c8-42e6-8836-27b4e0b464ba,,Medical Supply Items,Cryobox (Vial box) 10x10 Array 1.0/1.5ml,CONCEPT-SET,977
eb65f802-213c-4d60-8965-6df43a60a693,,Medical Supply Items,Pipet Transfer 5.8ml,CONCEPT-SET,978
dfdedb5c-4d54-483f-9ec9-053825413cf5,,Medical Supply Items,Cryobox (Vial box) 9 x 9 Array 1.0/1.5ml,CONCEPT-SET,979
a1d6d197-8baf-4dda-b6a5-597204480cda,,Medical Supply Items,Sample Cups 0.8ml,CONCEPT-SET,980
e361c713-51c9-4a76-9a27-43929d763858,,Medical Supply Items,Battery for Genexpert UPS 3000 VA,CONCEPT-SET,981
b9f9cbc5-7bbc-48a3-9318-fcc5f09a71b7,,Medical Supply Items,BD Microtainer Tube,CONCEPT-SET,982
fe9f8dcf-ba2a-4a71-9410-565cc7dbef60,,Medical Supply Items,"Specimen Container Stool, Disposable, Polypropylene with Cover",CONCEPT-SET,983
2a69f5b2-4bde-46d4-b0ac-f62d23a25674,,Medical Supply Items,Helmet (Hard Hat),CONCEPT-SET,984
2af44208-4202-4971-9511-df038bff01bf,,Medical Supply Items,"Chemical Mask, Double Filter, Adult size",CONCEPT-SET,985
ece59254-e504-420d-9bc2-4509768a3e74,,Medical Supply Items,Glaucoma Surgery,CONCEPT-SET,986
9fb5fccf-dc31-433c-8bcc-90b44ff5997e,,Medical Supply Items,Proximath Disposable Releadabel Linear Vascular stapler 30mm,CONCEPT-SET,987
0cceb547-5514-448e-a57d-57584bdb8a80,,Medical Supply Items,Mersilk Black Braided Black Gauge 3.0 (2/0) 75cm on 35mm 1/2 Circle Reverse Cutting Needle,CONCEPT-SET,988
ede593ac-9f24-4cd6-b81f-6cea14c19776,,Medical Supply Items,Polyglycolic acid absorbable braided violet Gauge 0.4(8/0) 45cm on 8mm 1/2 Circle Round Rodied Taper Needle,CONCEPT-SET,989
84751161-b9f6-4598-a51c-eb21064310e3,,Medical Supply Items,Polyamide Monofilament Gauge 0.3 (9/0) 64cm on 6mm 1/3 Circle Spatula Double Armed Rounded Needle,CONCEPT-SET,990
360ca5e6-27e9-45ab-8379-a9ef1542c1b4,,Medical Supply Items,Polyamide Monofilament Gauge 0.2 (10/0) 64cm on 6mm 1/3 Circle Spatula Double Armed Rounded Needle,CONCEPT-SET,991
649750d7-e763-498f-9bff-a0598e4469d8,,Medical Supply Items,Mersilk Black Braided Black Gauge 1.5 (4/0) 75cm on 22mm 3/8 Circle Reverse Cutting Needle,CONCEPT-SET,992
e327f2ca-bde0-4198-ab14-4949da58f0f1,,Medical Supply Items,Mersilk Black Braided Black Gauge 1.5 (4/0) 75cm on 20mm 1/2 Circle Round Bodied Needle,CONCEPT-SET,993
e12b6309-4588-4099-990d-259af408275e,,Medical Supply Items,Polyamide Monofilament Gauge 3.0(2/0 ) 90cm on 40mm 1/2 Circle Round Bodied Needle,CONCEPT-SET,994
14a55480-15f6-47de-bd18-a048f6d8a873,,Medical Supply Items,Polyglycolic acid absorbable braided violet Guage 5.0(2) 75cm on 48mm 1/2 Circle Round Bodied Needle,CONCEPT-SET,995
f07d70b8-d2e3-4d24-b21f-acbecdddf1d5,,Medical Supply Items,Polyglycolic acid absorbable braided violet Guage 4.0(1) 75cm on 40mm 1/2 Circle Cutting Taper Needle,CONCEPT-SET,996
5feddf59-a9ca-4581-b497-0a8af5edfdbb,,Medical Supply Items,Gauze Swab 10cm x 10cm,CONCEPT-SET,997
810c771c-8683-4e6a-b519-6de497c6f4fb,,Medical Supply Items,Mersilk Braided Black Gauge 4.0(1) 75cm on 38mm 1/2 Circle Round Bodied Needle,CONCEPT-SET,998
deae22c6-81f1-47f9-99d0-5caddf497a74,,Medical Supply Items,Polyamide Monofilament Gauge 0.3(9/0) 38cm on 64mm Spatula Double Armed Round Bodied Needle,CONCEPT-SET,999
ee18fd0b-6b28-4cbe-bb9a-09ec49dfc127,,Medical Supply Items,"Mersilk Black Braided Black Gauge 1.5(4/0), 75cm on 17mm 3/8 Reverse Cutting Needle",CONCEPT-SET,1000
f1d560b4-d582-48b9-81e6-4093d7d92c6e,,Medical Supply Items,Polyglycolic acid absorbable braided violet Gauge 5.0(2) 75 cm on 50mm1/2 circle Round Bodied Needle,CONCEPT-SET,1001
e23fdb88-7772-4424-9b86-35e67035fbc5,,Medical Supply Items,Polyglycolic acid absorbable braided violet Gauge 4.0(1) 45cm on 8mm 3/8 Round Bodied Needle,CONCEPT-SET,1002
470fb814-f62e-4688-9e36-65a902379620,,Medical Supply Items,"Polyglycolic acid absorbable braided violet Guage 2.0(3/0)75cm on 26mm, Reverse Cutting Tapper Needle",CONCEPT-SET,1003
d7734f81-faa2-4ef4-a396-15b0dbdad8a8,,Medical Supply Items,Polyglycolic acid absorbable braided violet Guage 4.0(1)75cm on 40mm 1/2 Circle Cutting Tapper Needle,CONCEPT-SET,1004
aed34141-6ea6-400c-9849-045ec2b129e7,,Medical Supply Items,Polyamide Monofilament Gauge 0.3(9/0)13cm on 64mm Spatula Double Armed Round Bodied Needle,CONCEPT-SET,1005
113e36cb-0532-4453-a6d6-0c114d63d3af,,Medical Supply Items,Polyglycolic acid absorbable braided violet Gauge 0.7(6/0) 30cm on 12mm 1/2 Circle Cutting aper Needle,CONCEPT-SET,1006
022e7550-3ff0-4e05-9a3c-c74201dc970b,,Medical Supply Items,Mersilk Braided Black Gauge 3.0(2/0) 75cm on 26mm 1/2 Circle Reverse Cutting Needle,CONCEPT-SET,1007
a2d56d21-f95b-4c93-b56f-aaa8f1683ace,,Medical Supply Items,Ploypropylene Monofilament Braided Gauge 1.5(4/0) 90cm on 17mm 1/2 Circle Cutting Double Needle,CONCEPT-SET,1008
aa8837cc-4d0e-4fc5-b775-32c739dda917,,Medical Supply Items,Ploypropylene Monofilament Braided Gauge 1.5(4/0) 90cm on 20mm 1/2 Circle round bodied double needle,CONCEPT-SET,1009
3a1a2118-2609-4c73-9da9-e0609b6d51a2,,Medical Supply Items,Ploypropylene Monofilament Braided Gauge 1.5(4/0) 90cm on 26cm 1/2 circle round bodied double needle,CONCEPT-SET,1010
8436fcdb-8dfa-49d5-8cde-c859a8cedd74,,Medical Supply Items,Mersilk Braided Black Gauge 3.0(2/0) 100cm on 45mm 1/2 Circle Reverse Cutting Needle,CONCEPT-SET,1011
2611e95d-864b-4fa2-9987-c614441958ff,,Medical Supply Items,Prevention Package (Tape Vrrier VF 42 Printed Barrier Bags 3*8 OD),CONCEPT-SET,1012
ccac4c69-a27e-4f36-ac19-d8e7a51470b9,,Medical Supply Items,Sharp Container 22.5L,CONCEPT-SET,1013
bc4d9ffa-4729-4f0d-80ea-568a7c63bfc8,,Medical Supply Items,Mersilk Braided Black Gauge 3.0(2/0) 100cm on 24 mm 1/2 Circle Reverse Cutting Needle,CONCEPT-SET,1014
00998dad-9286-40b4-a710-ae60d7583474,,Medical Supply Items,Meri Silk Black Gauge 3.0 (2/0) 75cm on 35mm 1/2 Circle Round Bodied Needle,CONCEPT-SET,1015
fade1ca6-0728-4863-bbb9-d95a537b6183,,Medical Supply Items,Biohazard Bag Autoclaveable 24x36 Inch,CONCEPT-SET,1016
b92470dc-f4ee-49f4-bbbf-58c01f0f4cec,,Medical Supply Items,Endotracheal Tube Steriel Cuffed 6CH,CONCEPT-SET,1017
952aa68c-ee07-4d32-b315-2b070f4b020f,,Medical Supply Items,Catheter Ureteral 10CH,CONCEPT-SET,1018
cc957f17-87ac-4326-b242-a19bf213b313,,Medical Supply Items,Catheter Ureteral 14CH,CONCEPT-SET,1019
4b59330d-1b73-4c00-9e80-7fefb8c8cb12,,Medical Supply Items,Catheter Ureteral 18CH,CONCEPT-SET,1020
247c3e2c-42c7-4f8e-b8ee-81413f2a5f53,,Medical Supply Items,Catheter Ureteral 22CH,CONCEPT-SET,1021
53171d1f-fe9f-481d-b88d-a52b9729f625,,Medical Supply Items,Catheter Ureteral 24CH,CONCEPT-SET,1022
b8fe4e32-2ee7-480c-bd01-f84f04f45035,,Medical Supply Items,Face Mask with Face Shield Size 3M,CONCEPT-SET,1023
9f0ae466-8383-4025-adcd-065e0b45f67d,,Medical Supply Items,Face Mask Adult Standard Large Size 4M,CONCEPT-SET,1024
69c9bd1b-411d-4d2c-8ee2-f93740560dd6,,Medical Supply Items,Polyamide Monofilament Gauge 0.2 (10/0) 38cm on 6mm 1/3 Circle Spatula Double Armed Rounded Needle,CONCEPT-SET,1025
baffd1b1-e542-428b-b1c6-12b855bc81c8,,Medical Supply Items,Polyamide Monofilament Gauge 0.2 (10/0) 38cm on 6mm 3/8 Circle Spatula Double Armed Rounded Needle,CONCEPT-SET,1026
d97d20c3-baa9-4864-a483-3554401085d8,,Medical Supply Items,Mersilk Braided Black Gauge 2.0(3/0)75cm on 26mm 1/2 circle rounded bodied needle,CONCEPT-SET,1027
6cefbeb8-f19c-4cbe-b119-4e3d179eec0d,,Medical Supply Items,Naso Gastric Tube Sterile Adult 22CH,CONCEPT-SET,1028
262da0b7-ab7b-4baf-b7ce-3934bea01870,,Medical Supply Items,Polyamide Monofilament Gauge 0.3(9/0) 30cm on 6.5mm 3/8 Circle round Bodied Spatula Double Armed Needle,CONCEPT-SET,1029
43278901-964c-494d-aebc-2709c72a8272,,Medical Supply Items,Tracheostomy Tube with 90 degree curvature size 3.0,CONCEPT-SET,1030
5c6ec2aa-ef2b-41c6-8c2f-469702f7f23c,,Medical Supply Items,Tracheostomy Tube Metallic with 90 degree curvature size 3.5,CONCEPT-SET,1031
3f898262-74d3-4b14-a919-829638e0a1d2,,Medical Supply Items,Polyglycolic acid absorbable braided violet Gauge 0.4(8/0) 45cm on 8mm 1/2 Circle Round Bodied Needle,CONCEPT-SET,1032
055b76f0-b983-4732-bde9-99d7b4c8cb58,,Medical Supply Items,Tracheostomy Tube with 90 degree curvature size 4.5,CONCEPT-SET,1033
98a88b62-f2ec-4015-b9ae-57026b09a1a7,,Medical Supply Items,Tracheostomy Tube Metallic with 90 degree curvature size 5.0,CONCEPT-SET,1034
db7fd6bf-4167-464d-9153-95a25e385061,,Medical Supply Items,Tracheostomy Tube with 90 degree curvature size 9.0,CONCEPT-SET,1035
4631ff6c-7588-455d-ac62-a2687b52a39b,,Medical Supply Items,Polyglycolic acid absorbable braided violet Gauge 0.4(8/0) 45cm on 8mm 1/2 Circle Reverse Cutting Needle,CONCEPT-SET,1036
7f8756f0-cd65-4cba-bc8c-9a9d28d1e503,,Medical Supply Items,Polyglycolic acid absorbable braided violet Gauge 3.0(2/0) 75cm on 27mm 1/2 Circle Round Bodied Needle,CONCEPT-SET,1037
080a5134-43c8-403c-a7ee-55a4e0a658fb,,Medical Supply Items,Polyglycolic acid absorbable braided violet Gauge 3.5(0) 75cm on 48mm 1/2 Circle Round Bodied Needle,CONCEPT-SET,1038
6bf27621-e30c-4391-a90f-46817806e583,,Medical Supply Items,Polyglycolic acid absorbable braided violet Gauge 3.5(0) 75 cm on 48 mm 1/2 Circle Reverse Cutting Needle,CONCEPT-SET,1039
e882260c-4b28-4d23-81ce-7f5f7eb3e62d,,Medical Supply Items,Polyglycolic acid absorbable braided violet Gauge 4.0(1) 75 cm on 45 mm ½ Circle Round Bodied Needle,CONCEPT-SET,1040
0af48ad9-ce87-4a1a-bcfe-0de4cce2e5cd,,Medical Supply Items,Polyglycolic acid absorbable braided violet Gauge 5.0(1) 75cm on 40mm 1/2 Circle Round Bodied Needle,CONCEPT-SET,1041
166aaf05-e1d5-4d85-9d5f-37ec16029001,,Medical Supply Items,Cat Gut Chromic Gauge 3.0(2/0) 75cm on 27mm 1/2 Circle Reverse Cutting Needle,CONCEPT-SET,1042
0e56051c-64af-45ba-a2a0-800f5e3bc4d3,,Medical Supply Items,Mersilk Braided Black Gauge 3.5(0) 75cm on 32 mm ½ Circle Round Bodied Needle,CONCEPT-SET,1043
cde9ea28-d70a-41c8-84b5-4a5e7bedc950,,Medical Supply Items,Mersilk Braided Black Gauge 3.0(2/0) 75cm on 33mm 1/2 Circle Reverse Cutting Needle,CONCEPT-SET,1044
93972500-523e-4400-9396-de0fd093b772,,Medical Supply Items,Mersilk Braided Black Gauge 5.0(2) 75cm on 38mm 1/2 Circle Round Body Needle,CONCEPT-SET,1045
1efb5577-833d-421e-ba36-1a6505b7dd37,,Medical Supply Items,Mersilk Braided Black Gauge 6.0(3) 75cm on 40mm on 1/2 Circle Reverse Cutting Needle,CONCEPT-SET,1046
fb0fa254-1033-4e12-b8da-5284e41cc50f,,Medical Supply Items,Spinal Needle 10cm 26G,CONCEPT-SET,1047
429aad9d-2b51-4cde-b4b4-fedba1691624,,Medical Supply Items,Spinal Needle 6cm 22G,CONCEPT-SET,1048
d85a2a63-96c0-41a0-8da4-799e4be44d09,,Medical Supply Items,Spinal Needle 6cm 23G,CONCEPT-SET,1049
35079e81-5477-4e09-ac57-a7ea787d59a0,,Medical Supply Items,Spinal Needle 6cm 24G,CONCEPT-SET,1050
dcad3c6f-cc48-4bb6-9f41-8d903ccdefac,,Medical Supply Items,Catheter Suction 18CH,CONCEPT-SET,1051
2f83e8a0-d0bd-4727-8c8c-4420077d0459,,Medical Supply Items,Catheter Suction 26CH,CONCEPT-SET,1052
f2ad21d8-c7c6-4e51-b586-400f7a24a0e7,,Medical Supply Items,Spinal Needle 8cm 22G,CONCEPT-SET,1053
5ba323f3-d637-4515-b8e1-e381b4606d8f,,Medical Supply Items,Spinal Needle 8cm 23G,CONCEPT-SET,1054
7cb3126e-fe69-49cf-a550-28b78823d907,,Medical Supply Items,Spinal Needle 8cm 24G,CONCEPT-SET,1055
abc263fb-715e-4ab3-b2bb-5d427de605b2,,Medical Supply Items,Cerclage Wire 1.0 Diameter with 10m length,CONCEPT-SET,1056
f3b3c130-3ab4-4d52-a31e-049dcb59fd36,,Medical Supply Items,Cerclage Wire 1.4 Diameter with 10m length,CONCEPT-SET,1057
3e97c6a6-8c68-4dcb-9c16-a5f2114850f8,,Medical Supply Items,Cerclage Wire 1.8 Diameter with 10m length,CONCEPT-SET,1058
c61d1d7b-2300-4958-9f64-16ec6aee0370,,Medical Supply Items,K wire 0.8mm Diameter with 15cm length,CONCEPT-SET,1059
9e60b9e7-6a75-46e0-9b0c-0c48c3e9ab21,,Medical Supply Items,K wire 1.2mm Diameter with 15cm length,CONCEPT-SET,1060
a4863340-f2fc-492c-8897-8870d6b93ac2,,Medical Supply Items,K wire 1.6mm Diameter with 25cm length,CONCEPT-SET,1061
f8ac4757-2ed7-488c-b535-fe3b1b292a78,,Medical Supply Items,K wire 2.0mm Diameter with 25cm length,CONCEPT-SET,1062
39115f69-edc6-497d-93ac-fd3f9bb55a5f,,Medical Supply Items,K wire 2.6mm Diameter with 50cm length,CONCEPT-SET,1063
ce3ae93c-cce3-4eba-9964-b42a841d5f61,,Medical Supply Items,Naso Gastric Tube Sterile Adult 24CH,CONCEPT-SET,1064
90450670-8f3b-4b3c-bef4-f707114a0f73,,Medical Supply Items,Naso Gastric Tube Sterile Adult 26CH,CONCEPT-SET,1065
0d691082-24a5-4924-b2b9-89f41718bdd9,,Medical Supply Items,T Tube 16G,CONCEPT-SET,1066
16e05e34-00b7-4e22-81c4-638cf6e81c23,,Medical Supply Items,T Tube 14G,CONCEPT-SET,1067
4caefd55-97ee-400a-9e64-6340290fca99,,Medical Supply Items,Dental Needle No 5,CONCEPT-SET,1068
d540add0-29cc-4717-a254-395e76fe0e12,,Medical Supply Items,Dental Needle No 26,CONCEPT-SET,1069
b3ac4940-58c3-4dd9-b751-6346505d39ed,,Medical Supply Items,Mersilk Braided Black Gauge 1.5(4/0) 75cm on 20mm 1/2 Circle Reverse Cutting Needle,CONCEPT-SET,1070
af5d7ff0-de11-4989-81ab-0f6555225043,,Medical Supply Items,Polyamide Monofilament Gauge 0.3(9/0) 30cm on 6.5mm 3/8 Circle round Bodied Spatula Single Armed Needle,CONCEPT-SET,1071
655126b0-206e-4969-8604-b54dfbc8a290,,Medical Supply Items,Polyglycolic acid absorbable braided violet Gauge 5.0(2) 75cm on 40mm ½ Circle Round Bodied Needle,CONCEPT-SET,1072
615129fb-f483-48e5-9582-bc426241d1ed,,Medical Supply Items,Dental Wire No 5,CONCEPT-SET,1073
90915638-0ef8-4334-82f9-09fa05ae0625,,Medical Supply Items,Dental Wire No 26,CONCEPT-SET,1074
036c7d9f-4187-46ad-9ff1-0a76fc27e9d1,,Medical Supply Items,Infant Quikheel Safety Lancet 1.0mm x 2.5mm,CONCEPT-SET,1075
5130ab12-18c1-40c9-92c7-54ff4981910e,,Medical Supply Items,Microtainer Tube K2EDTA,CONCEPT-SET,1076
3d1bbfcb-1deb-4f32-a30f-1dacd7ed198c,,Medical Supply Items,"Lab Wipe Poly,15x16.75in",CONCEPT-SET,1077
229540cc-d771-4573-8d57-ea4909cf55e1,,Medical Supply Items,Polyamide Monofilament Gauge 0.2 (10/0) 38cm on 6mm 3/8 Circle Spatula Single Armed Rounded Needle,CONCEPT-SET,1078
4000756f-bb4c-48f9-951e-5e050b01129f,,Medical Supply Items,Naso Gastric Tube Sterile Adult 20CH,CONCEPT-SET,1079
7c9646a2-4cc3-4226-8c15-0bdf6fc93e46,,Medical Supply Items,Polyglycolic acid absorbable braided violet Gauge 1.5(4/0) 75cm on 15mm 1/2 Circle Round Bodied Needle,CONCEPT-SET,1080
403607a7-8233-4c6a-a47f-2f9d281ee9cf,,Medical Supply Items,Slide Box,CONCEPT-SET,1081
937b2996-0d63-4793-a6fd-dc1cf6a4edf5,,Medical Supply Items,"Sputum Cup plastic,100ml",CONCEPT-SET,1082
f3ad3777-932c-49c4-8d21-89bbbc2c8d1e,,Medical Supply Items,Polyglycolic acid absorbable braided violet Gauge 0.7(6/0) 30cm on 12mm 1/2 Circle Round Bodied Needle,CONCEPT-SET,1083
3911846e-8023-466a-8da4-c2d49161a1a9,,Medical Supply Items,"Blood Collecting Tube Serum Separator, 4ml",CONCEPT-SET,1084
c3bddca3-83f7-4f64-8d3f-5bc331b2c5c1,,Medical Supply Items,Special Marker Pen for Strips,CONCEPT-SET,1085
68e405f9-3355-44c2-b20d-7565c6b0edcf,,Medical Supply Items,Cat Gut Chromic Gauge 3.5(2/0) 75cm on 27mm ½ Circle Reverse Cutting Needle,CONCEPT-SET,1086
9d66d206-96dd-4fca-9fad-8f1e4e75affa,,Medical Supply Items,Polyglycolic acid absorbable braided violet Gauge 1.0(5/0) 45cm on 13mm 1/2 Circle Reverse Cutting Needle,CONCEPT-SET,1087
76541182-4eb3-4805-8461-f49a369c85b4,,Medical Supply Items,Tracheostomy Tube Metallic with 90 degree curvature size 7.0,CONCEPT-SET,1088
91bf5ac3-641f-4697-a553-509d24b11ef2,,Medical Supply Items,MTB PCR Workstation UV Light,CONCEPT-SET,1089
88567c66-271e-4fec-beb1-c27642f78d4a,,Medical Supply Items,MTB Desktop freeze storage box with Lid for 0.2ml PCR tubes,CONCEPT-SET,1090
07443dea-8204-4c6d-91e0-7171c8398056,,Medical Supply Items,MTB Mechanical Pipette Aids,CONCEPT-SET,1091
d5c03cb1-eced-4ded-91f7-715bb6a7dbb3,,Medical Supply Items,MTB Dispenser for disinfectants/soap,CONCEPT-SET,1092
99b3bdd5-5c87-4ccd-807d-603f3305affd,,Medical Supply Items,MTB Paper Towel Box,CONCEPT-SET,1093
bb90c90c-dade-479e-adba-99c0acf70dea,,Medical Supply Items,MTB Goggles,CONCEPT-SET,1094
da296dc5-e7c2-42c3-86c7-180f0c6cee94,,Medical Supply Items,MTB Firs Aid Kit,CONCEPT-SET,1095
9e52885e-1db2-4ce9-b9cc-c68712f04ecd,,Medical Supply Items,MTB Funnel Stainless steel discard,CONCEPT-SET,1096
eefdeabe-1a5e-428a-8c9e-f223729f196e,,Medical Supply Items,MTB Caped Glass Tubes,CONCEPT-SET,1097
01a4caaf-9c33-48a2-8a8e-50456a7da557,,Medical Supply Items,MTB Set of Spatula,CONCEPT-SET,1098
ee3f6aeb-1bc6-4e91-9179-f6de7e60c444,,Medical Supply Items,MTB Floating Rack,CONCEPT-SET,1099
dbc8549f-a40c-4f40-bf28-9d52bb233806,,Medical Supply Items,MTB Racks with Lids,CONCEPT-SET,1100
01f62335-9dd9-43b7-9d60-e5bcec81d09d,,Medical Supply Items,MTB Disposable Loops 10 µl,CONCEPT-SET,1101
0f5b6f33-522e-4f36-b543-49ebb36da9a2,,Medical Supply Items,MTB Racks Desinfectable / Autoclavable for 1.5/2 ml tubes,CONCEPT-SET,1102
e07fc4e4-1da1-4039-89c3-7b1298e3375f,,Medical Supply Items,MTB Safety Box for Liquid,CONCEPT-SET,1103
fdae7801-b412-4c8d-b64b-63ad1384bebd,,Medical Supply Items,MTB Waste Container for Liquid,CONCEPT-SET,1104
c2c2f7a2-a1c9-4660-b0eb-aab047fadffd,,Medical Supply Items,MTB Waste Container for Solid,CONCEPT-SET,1105
6262081c-be31-4ae9-9f7e-c9cb317b874e,,Medical Supply Items,MTB Racks for 1 Channel Pipette 4 Positions,CONCEPT-SET,1106
297b225f-5b3f-4ffb-b577-a4593c0fb4d0,,Medical Supply Items,MTB Culture Tubes with Screw cap,CONCEPT-SET,1107
7f1b98f7-c1c3-4273-88c2-62d48b2f2a63,,Medical Supply Items,"MTB Cryo Vial Sterile with cap, 1.5ml",CONCEPT-SET,1108
108a841e-7b90-4d81-8fa8-ab9ad58596e8,,Medical Supply Items,MTB Transparent Polypropylene Bag,CONCEPT-SET,1109
3c3a8f5b-9a2d-4dc0-8eec-96d11a067805,,Medical Supply Items,MTB Filter Paper round 185mm,CONCEPT-SET,1110
8e2723b8-5339-458a-a2cc-103bd923a59b,,Medical Supply Items,MTB Marker Pen,CONCEPT-SET,1111
4f15c5bf-7282-475a-87a4-0fdf7d4e577d,,Medical Supply Items,MTB Adhesive labels,CONCEPT-SET,1112
c835fa05-7fb8-4647-97c8-d3e7c40c6bdb,,Medical Supply Items,MTB Cryo tags,CONCEPT-SET,1113
b35e8c6b-38af-4fc6-8977-d33a05d1237f,,Medical Supply Items,MTB Aluminium foil,CONCEPT-SET,1114
daa0bc5c-a084-4da7-8980-44eaffe4c695,,Medical Supply Items,MTB Tube Brush,CONCEPT-SET,1115
69854564-cb4e-45bf-bc96-7f71a3d63661,,Medical Supply Items,MTB Masks FFP2 (N95) 3M 9320,CONCEPT-SET,1116
f0c6cf6a-2773-4814-90bd-00e48f2a9f1f,,Medical Supply Items,MTB Liquid soap,CONCEPT-SET,1117
3766f11a-2a78-44f3-9113-99f7fa2a7dea,,Medical Supply Items,MTB Spray Head and 1L Bottels,CONCEPT-SET,1118
f3f5a6e6-5021-4a96-835a-21dfd7767c0c,,Medical Supply Items,MTB Plastic Bag made from PP,CONCEPT-SET,1119
60f08239-3c82-4c83-b9c1-f7e6135fd26c,,Medical Supply Items,MTB Paper Towel single use,CONCEPT-SET,1120
f3293743-ec30-4e60-9ec0-b4ff055f92f2,,Medical Supply Items,MTB Waste Container for Sharps,CONCEPT-SET,1121
03d9e270-83b5-49cd-9ca1-4a181632c842,,Medical Supply Items,MTB PCR Tube,CONCEPT-SET,1122
9a46862f-71a0-47af-a900-6177f2880bc3,,Medical Supply Items,MTB Rack for 50ml PP Tubes,CONCEPT-SET,1123
bb399d44-c9bb-4ba2-8aab-fd816a9f571e,,Medical Supply Items,MTB Filter Paper Sheets,CONCEPT-SET,1124
0b261c25-8145-4d0b-9125-9b6435580da6,,Medical Supply Items,MTB Standard Reaction Tubes 1.5ml,CONCEPT-SET,1125
524be3d3-bab5-433e-8994-68bc2782ea18,,Medical Supply Items,MTB Standard Reaction Tubes 2ml,CONCEPT-SET,1126
51f66520-127d-47e3-83cb-afce193f8b65,,Medical Supply Items,MTB Slanted Racks,CONCEPT-SET,1127
c5b4e9ef-a50b-41ea-baf7-633e2b07f9f1,,Medical Supply Items,MTB Rack for 15ml PP Tubes Universal Test Tube Rack 17mm,CONCEPT-SET,1128
efabe4ac-3b0f-47ec-819c-d46307379b66,,Medical Supply Items,MTB Shoe Cover,CONCEPT-SET,1129
77affa70-5145-4bb1-a8a4-8788cd4a6ef3,,Medical Supply Items,MTB Hair Cover,CONCEPT-SET,1130
04881f6f-ce5a-4c64-9739-d25f9a0d877d,,Medical Supply Items,MTB Deep Freezer Thermometer,CONCEPT-SET,1131
38eb17af-7f03-4d51-9709-0051fd912324,,Medical Supply Items,MTB Plastic Bag 30L,CONCEPT-SET,1132
800ec65a-9d57-4fc3-aa32-6b91b3d526c4,,Medical Supply Items,MTB Plastic Bag Stand 30L,CONCEPT-SET,1133
b806188d-55e2-4c32-9e59-62dc7b4c892e,,Medical Supply Items,MTB Thermometer for Oven,CONCEPT-SET,1134
007e7fcb-c898-428b-b581-d9750d1425d0,,Medical Supply Items,MTB 4 Way Microtube Rack Rack 15ml/50ml,CONCEPT-SET,1135
07f12789-b10d-4e53-9c71-852d358fc970,,Medical Supply Items,MTB Rack Heat Resistant for Cryo Vial 1.5ml Modular Heating Blocks,CONCEPT-SET,1136
9fed792f-4f32-4096-aaa5-cd69d2f02318,,Medical Supply Items,MTB Calibrated Thermometer,CONCEPT-SET,1137
ad8da62b-8099-47fb-bd85-eb731cbd0b7a,,Medical Supply Items,MTB Battery Pack for UPS 3000 VA,CONCEPT-SET,1138
2df98e19-680d-4244-ba45-204614e71d65,,Medical Supply Items,MTB Desktop Deep freeze storage box with Lid for 1.5ml Cryovial Plastic,CONCEPT-SET,1139
b500223b-e778-461e-9f58-547d6cf9725f,,Medical Supply Items,MTB Surgical Gown Cotton M,CONCEPT-SET,1140
98cd601b-f8eb-4a12-8153-aee31c90612b,,Medical Supply Items,MTB Surgical Gown Cotton L,CONCEPT-SET,1141
418a55f8-a5c1-4460-bcb3-b425f10db818,,Medical Supply Items,MTB Disposable Nitril Glove size 6 7,CONCEPT-SET,1142
e5e6e94e-897e-403a-b490-9049765e57a3,,Medical Supply Items,MTB Disposable Nitril Glove Size 7 8,CONCEPT-SET,1143
0db321f9-a288-427a-a554-057bbef13846,,Medical Supply Items,MTB Laboratory Coat Cotton M,CONCEPT-SET,1144
9f4ff83a-ba99-4167-84cf-329a3ee400ed,,Medical Supply Items,MTB Marker Pen for PCR Tubes,CONCEPT-SET,1145
5ada6f8c-aa08-4b34-a1c7-9c857a056688,,Medical Supply Items,MTB Special PH Indicator Strips,CONCEPT-SET,1146
5009c619-80f0-44af-af11-507be405976b,,Medical Supply Items,"MTB Forceps, Individually wrap, Sterile",CONCEPT-SET,1147
7ca82bfd-8ff2-4537-9c99-815f58787128,,Medical Supply Items,MTB Magnetic Bars Set of 12,CONCEPT-SET,1148
9f484717-a47c-4d58-8b53-0d00c4034a94,,Medical Supply Items,MTB Laboratory Coat Cotton S,CONCEPT-SET,1149
eb6e0043-a1bf-4475-96dc-38b05669edbb,,Medical Supply Items,MTB Magnetic Bars,CONCEPT-SET,1150
348599f8-b21e-4c39-85a7-ddf8aec54d88,,Medical Supply Items,"MTB Cryo Vial, Sterile with cap 2ml",CONCEPT-SET,1151
49d952a1-b53c-4a22-bced-aa220ca350a1,,Medical Supply Items,Radiometer ABX800 Yearly Service Kit,CONCEPT-SET,1152
d299e49b-4697-4c94-b2ff-a77d7f37c0e3,,Medical Supply Items,Radiometer ABX800 AutoCheck Holder for Manual Transfer of AutoCheck,CONCEPT-SET,1153
d322ca40-24bb-457a-b853-b64a92eccebe,,Medical Supply Items,Radiometer ABX800 AutoCheck Carousel for AutoCheck Ampoules,CONCEPT-SET,1154
725ba514-72a7-4e32-8934-5e9cf137cf3e,,Medical Supply Items,Radiometer ABX800 Valve Key for Cylinder,CONCEPT-SET,1155
dfbcb7a5-54db-4444-95ce-aa152f33cb99,,Medical Supply Items,Radiometer ABX800 Dummy Electrode,CONCEPT-SET,1156
db88a090-5310-43ae-83c2-ae5773768baa,,Medical Supply Items,Radiometer ABX800 Fan Filter,CONCEPT-SET,1157
44eb6329-44a5-4e5a-9dca-e2913de7c066,,Medical Supply Items,Radiometer ABX800 Inlet Gasket,CONCEPT-SET,1158
4daf87ea-bf2a-4360-b5a7-f62b3e8d8834,,Medical Supply Items,Radiometer ABX800 Pump Tube for Electrode Modules,CONCEPT-SET,1159
ab1f8b53-2671-413b-a1ad-832f0feb3ece,,Medical Supply Items,Radiometer ABX800 Pump Tube for Solution Pump,CONCEPT-SET,1160
9726e347-f3e9-4fc0-9bc9-6587c7109c8e,,Medical Supply Items,Radiometer ABX800 Pump Tube for Waste Pump,CONCEPT-SET,1161
15248801-c5ee-4ca7-a428-df8c275eebe4,,Medical Supply Items,Radiometer ABX800 Reference Electrode,CONCEPT-SET,1162
b4b061fd-5b37-41fd-a233-edbdcaa8ff74,,Medical Supply Items,Radiometer ABX800 pCO2 Electrode,CONCEPT-SET,1163
abd9d89f-402e-420a-a6ed-18a5492e3036,,Medical Supply Items,Radiometer ABX800 pO2 Electrode,CONCEPT-SET,1164
bc1eca12-5825-4cb6-af5e-0be8c944724b,,Medical Supply Items,Radiometer ABX800 PH Electrode,CONCEPT-SET,1165
3a760a11-edf5-4848-8bed-63fe835c99f9,,Medical Supply Items,Radiometer ABX800 Cl Electrode,CONCEPT-SET,1166
7a3cb7ca-c6d4-4f98-8578-ea90899a8289,,Medical Supply Items,Radiometer ABX800 K Electrode,CONCEPT-SET,1167
854d9252-f914-4fb7-8742-2f2c2e5a2d8d,,Medical Supply Items,Radiometer ABX800 Ca Electrode,CONCEPT-SET,1168
e766792a-1971-47ef-af18-1e880b3d2a4d,,Medical Supply Items,Radiometer ABX800 Na Electrode,CONCEPT-SET,1169
080d403a-f240-44a3-842d-5491d24a3527,,Medical Supply Items,Radiometer ABX800 Glucose Electrode,CONCEPT-SET,1170
ef7a87e8-646b-4655-b359-c37ddf117cb8,,Medical Supply Items,Radiometer ABX800 Lactate Electrode,CONCEPT-SET,1171
2b5d9b95-6fda-429f-acca-64826f4a4ce6,,Medical Supply Items,Radiometer ABX800 Calibration Gas 2 On Board Gas Bottle,CONCEPT-SET,1172
d9f716b2-d131-415c-a212-abc7da8da560,,Medical Supply Items,Radiometer ABX800 22Gx25mm Arterial Blood Sampler with 22Gx25mm Needle,CONCEPT-SET,1173
a090a036-1a8f-4250-a29c-c96d2587de8f,,Medical Supply Items,Radiometer ABX800 Calibration Gas 2 10 bar On Board Gas Bottle,CONCEPT-SET,1174
eb3ecef2-2343-42f9-abec-38453b0e526e,,Medical Supply Items,Radiometer ABX800 Reference Membrane,CONCEPT-SET,1175
f7ca94ac-aaf3-45ea-90df-bd34c1c1e6e3,,Medical Supply Items,Radiometer ABX800 pCO2 Membrane Box,CONCEPT-SET,1176
34b7bf26-d7aa-4a35-9f5a-38b01986ad0c,,Medical Supply Items,Radiometer ABX800 pO2 Membrane Box,CONCEPT-SET,1177
f574c8f1-c0d4-4fff-b9ad-057b5e52ecf2,,Medical Supply Items,Radiometer ABX800 Cl Membrane Box,CONCEPT-SET,1178
fc2f9765-b18b-4908-bd34-5d0e9f34122f,,Medical Supply Items,Radiometer ABX800 K Membrane Box,CONCEPT-SET,1179
646641ee-b7c8-4daa-8608-0f9d29cdd7b0,,Medical Supply Items,Radiometer ABX800 Ca Membrane Box,CONCEPT-SET,1180
7941f8ee-54a2-4567-bbef-28ba491c6a62,,Medical Supply Items,Radiometer ABX800 Na Membrane Box,CONCEPT-SET,1181
310cc2d1-455c-4898-9b5e-1aaf16791084,,Medical Supply Items,Radiometer ABX800 Glucose Membrane Box,CONCEPT-SET,1182
ff2b8376-5428-4150-945f-fe8f70fbf160,,Medical Supply Items,Radiometer ABX800 Lactate Membrane Box,CONCEPT-SET,1183
52c97639-068c-460d-943f-b02bc3f0769d,,Medical Supply Items,Radiometer ABX800 Disposable Waste Container,CONCEPT-SET,1184
a7b8c387-b361-4e09-a96d-bb57b6e176cd,,Medical Supply Items,Radiometer ABX800 Thermal Paper,CONCEPT-SET,1185
b86130fb-2a75-4559-839e-d877052f937b,,Medical Supply Items,Radiometer ABX800 Calibration Gas 1 On Board Gas Bottle,CONCEPT-SET,1186
53754e6c-b3ed-4a1e-b572-641c0d91ddb3,,Medical Supply Items,Endotracheal Tube Sterile Cuffed 10CH,CONCEPT-SET,1187
88cd5f87-b27b-48e2-9d74-e2402e2f1780,,Medical Supply Items,UniCel DxH Slide Maker Stainer SMS Slides,CONCEPT-SET,1188
d75acd6e-d53d-4412-bcd9-2ec5403674ea,,Medical Supply Items,Cobas C 311 Sample Cup,CONCEPT-SET,1189
854fd5d0-f8fe-4d5e-86b5-4e3383700540,,Medical Supply Items,Cobas C 311 Halogen Lamp 12V/50W,CONCEPT-SET,1190
9c452242-0df9-4e40-9e3f-3ea8fcaaaed2,,Medical Supply Items,Cobas C 311 Micro Sample Cup 13/16,CONCEPT-SET,1191
31705184-ec5d-4412-b7ae-f6a2eac6d69f,,Medical Supply Items,Cobas C 311 Sipper Nozzle,CONCEPT-SET,1192
5947b24b-afe7-4a66-bc99-a1b803848936,,Medical Supply Items,Cobas C 311 Sipper Tube,CONCEPT-SET,1193
b3aff18c-af4f-44d8-8ced-726e1ae2c407,,Medical Supply Items,Cobas C 311 Cell Set,CONCEPT-SET,1194
a6bd9232-06d2-4a48-9132-a1e4744834bc,,Medical Supply Items,Cobas 6000 CalSet Vial,CONCEPT-SET,1195
5bbb2059-8cba-4f68-b37b-b8d0de835996,,Medical Supply Items,Cobas 6000 Assay Tip,CONCEPT-SET,1196
3a6f614b-8b7f-4948-80eb-0e93fac6c223,,Medical Supply Items,Cobas 6000 Sample Cup,CONCEPT-SET,1197
03ffce77-1ee6-463f-aa8c-75a63c8e87a8,,Medical Supply Items,Cobas 6000 Multi Pack,CONCEPT-SET,1198
15f01739-c4d4-4dde-949b-d97b7accfa13,,Medical Supply Items,Cobas 6000 PC/CC Cup,CONCEPT-SET,1199
613c2983-e9dc-44cc-b4cb-d85bb62265aa,,Medical Supply Items,Cobas 6000 Probe ISE,CONCEPT-SET,1200
5b8584cb-28ed-43a6-8f4a-e5906a8f10aa,,Medical Supply Items,Cobas 6000 Probe Sample,CONCEPT-SET,1201
ad6fb707-9240-453e-89f1-5512210c5bfd,,Medical Supply Items,Cobas 6000 Micro Sample Cup 13/16,CONCEPT-SET,1202
25994869-3f26-40af-8b71-3db59ca6eb93,,Medical Supply Items,Cobas 6000 Sipper Nozzle,CONCEPT-SET,1203
40f80d2e-3e0a-4fb4-9493-d398df21410d,,Medical Supply Items,Cobas 6000 Sipper Tube,CONCEPT-SET,1204
40cf62d4-b986-4f61-ae4d-ebad9aee56ad,,Medical Supply Items,Cobas 6000 SMS,CONCEPT-SET,1205
84e1b990-c9c8-44a0-a2fa-0f33c3ca490e,,Medical Supply Items,Cobas C 311 SMS,CONCEPT-SET,1206
1eb59f4b-ce32-466b-9e77-ba81702b5a65,,Medical Supply Items,Dimension EXL 200 Cup Small,CONCEPT-SET,1207
b81186d1-e030-47b2-ba03-92a30c26c9e6,,Medical Supply Items,Dimension EXL 200 Cup Lid,CONCEPT-SET,1208
5c5f046a-c370-449a-9ab1-231ed0cd6708,,Medical Supply Items,Dimension EXL 200 Cuvette Cartridge,CONCEPT-SET,1209
2e061efd-005d-43d0-90ff-b6b60102047b,,Medical Supply Items,Dimension EXL 200 Reaction Vessel,CONCEPT-SET,1210
ec891be4-3174-414c-83e7-79345b7761c2,,Medical Supply Items,Dimension EXL 200 Thermal Paper,CONCEPT-SET,1211
8709e0af-bf4e-46b5-ba51-816b4f47e800,,Medical Supply Items,DxC 700 AU/ Unicel DxI 800 Na Electrode,CONCEPT-SET,1212
0efb85c2-b20b-4ee0-8382-6b4851b66d40,,Medical Supply Items,DxC 700 AU/ Unicel DxI 800 K Electrode,CONCEPT-SET,1213
efc64b3d-2adf-46ad-af36-8c8f23463599,,Medical Supply Items,DxC 700 AU/ Unicel DxI 800 Cl Electrode,CONCEPT-SET,1214
c9a934cb-e778-416b-927e-0e73eb63c489,,Medical Supply Items,DxC 700 AU/ Unicel DxI 800 Reaction Vessel,CONCEPT-SET,1215
2668eae8-81f9-4d98-815b-1090b17f93e3,,Medical Supply Items,DxC 700 AU/ Unicel DxI 800 Sample Cup 2ml,CONCEPT-SET,1216
f449d76d-0586-4e36-9102-8a75c34cf05c,,Medical Supply Items,DxC 700 AU/ Unicel DxI 800 Waste Bag,CONCEPT-SET,1217
e6812cf7-3406-4beb-9049-28c15bb01a7a,,Medical Supply Items,DxC 700 AU/ Unicel DxI 800 Swabs Polyster,CONCEPT-SET,1218
5ed2d02c-7b2d-4425-bd98-344120dd4a2e,,Medical Supply Items,DxC 700 AU/ Unicel DxI 800 Peristatic Tubing (Roller Pump),CONCEPT-SET,1219
2c24d119-bfa9-4507-b5f3-df612f1c3fc4,,Medical Supply Items,DxC 700 AU/ Unicel DxI 800 Photometer Lamp 20W,CONCEPT-SET,1220
a9493145-5618-4277-9faa-45a0c3157a4a,,Medical Supply Items,DxC 700 AU/ Unicel DxI 800 Electrode Reference,CONCEPT-SET,1221
e4dfacc8-6d59-44c5-a956-637c45b9c9e6,,Medical Supply Items,DxC 700 AU/ Unicel DxI 800 Sample Cup Hitachi,CONCEPT-SET,1222
ec0f4b23-cf95-4274-84e1-10f96c4ce1c1,,Medical Supply Items,DxC 700 AU/ Unicel DxI 800 Bottle 15ml with Cap,CONCEPT-SET,1223
b569751c-579f-40fc-8e6a-93df4431a887,,Medical Supply Items,DxC 700 AU/ Unicel DxI 800 Bottle 30ml with Cap,CONCEPT-SET,1224
fd7b7c6a-0919-4565-aa68-7bf41c8bf1fb,,Medical Supply Items,DxC 700 AU/ Unicel DxI 800 Bottle 60ml with Cap,CONCEPT-SET,1225
dbca468c-d5d1-46db-bfba-0b94b396df95,,Medical Supply Items,DxC 700 AU/ Unicel DxI 800 Cuvette 5x6mm,CONCEPT-SET,1226
98872a00-e80a-4a3e-8acc-b00e8b749614,,Medical Supply Items,DxC 700 AU/ Unicel DxI 800 Spiral Mixing Bar,CONCEPT-SET,1227
3e455243-3aa8-4316-ab10-49196e9c3377,,Medical Supply Items,DxC 700 AU/ Unicel DxI 800 L Shape Mixing Bar,CONCEPT-SET,1228
9a1f61d5-b194-43a8-bd32-51d1ec0fdbe3,,Medical Supply Items,DxC 700 AU/ Unicel DxI 800 LC140 Pre Treatment Catridge,CONCEPT-SET,1229
96a2fd2d-cd10-4a15-af07-f210ba254692,,Medical Supply Items,DxC 700 AU/ Unicel DxI 800 LC175 (Protek L1),CONCEPT-SET,1230
76a97a1e-f151-4b2f-893d-b5d593e85d01,,Medical Supply Items,DxC 700 AU/ Unicel DxI 800 Prefiltration for Water Unit Gac Filter,CONCEPT-SET,1231
c7133210-e7c7-4309-a468-50d794dae864,,Medical Supply Items,DxC 700 AU/ Unicel DxI 800 Prefiltration for Water Unit Melt Blown Filter,CONCEPT-SET,1232
8ea3b9ea-0f72-4311-84bf-0050db7f2820,,Medical Supply Items,DxC 700 AU/ Unicel DxI 800 Prefiltration for Water Unit Scale Prevention Filter,CONCEPT-SET,1233
55ec1517-465d-45fb-8119-637a00c203c8,,Medical Supply Items,DxC 700 AU/ Unicel DxI 800 Prefiltration for Water Unit Ultra Filter,CONCEPT-SET,1234
ee02791f-731c-458a-9ec5-6d084b9a6e89,,Medical Supply Items,Micropipette Tips 20µl,CONCEPT-SET,1235
c5282ed5-9f23-4968-a280-b8eb9a5383bc,,Medical Supply Items,"Jar Cop lain,staining",CONCEPT-SET,1236
b1ddc835-d6b1-4f7b-a153-164938e08bbe,,Medical Supply Items,Rod glass 150x6mm,CONCEPT-SET,1237
b2866c40-2712-40e7-9d55-3de2a3a2c294,,Medical Supply Items,Mortar and Pestle 70ml,CONCEPT-SET,1238
bf3a43d1-2f86-4ff6-8a5f-c506b465904f,,Medical Supply Items,Mortar and Pestle 70 400ml,CONCEPT-SET,1239
2a7ddbf8-5687-4f8b-98fd-f08fb6154ae3,,Medical Supply Items,Brush bottle flask 10cm,CONCEPT-SET,1240
15621d71-8f14-498d-8655-f62d32482291,,Medical Supply Items,Brush Test Tube 8cm,CONCEPT-SET,1241
30374f24-ebfa-46c4-bdcd-c8414220fb0d,,Medical Supply Items,Nasopharyngeal airways 10Fr 40Fr,CONCEPT-SET,1242
ca9b1198-9399-45e5-a4ff-3987f45b887b,,Medical Supply Items,Disposable Epidural Spinal Combined,CONCEPT-SET,1243
2b1faa1d-8fab-4317-9019-a34766ed38fc,,Medical Supply Items,Laryngeal Mask Airway No1 No3,CONCEPT-SET,1244
e4dcbd6c-4fbb-40ab-8881-a3974ea1da52,,Medical Supply Items,Laryngeal Mask Airway No4 No5,CONCEPT-SET,1245
f037c69d-4fe3-4971-b859-251bf676a4f3,,Medical Supply Items,Catheter Suction 9CH,CONCEPT-SET,1246
78a79e1a-d96b-45c3-b395-7116e6aa8507,,Medical Supply Items,Catheter Suction 10CH,CONCEPT-SET,1247
39b27409-4325-4180-bb54-90a0d3649352,,Medical Supply Items,Dental Arch Bar,CONCEPT-SET,1248
5e6cca87-2923-42b4-a72f-20c7289364b5,,Medical Supply Items,Drainage Chest Tube 10FG,CONCEPT-SET,1249
60b53bc4-3fa4-43eb-bf1c-7646d395fc1b,,Medical Supply Items,Drainage Chest Tube 22FG,CONCEPT-SET,1250
77dc3a58-014a-456e-baba-47837058bc0c,,Medical Supply Items,Drainage Chest Tube 28FG,CONCEPT-SET,1251
1f8dc01a-a294-4999-a83c-32f2a92b23e0,,Medical Supply Items,Drainage Chest Tube 32FG,CONCEPT-SET,1252
d9b7458e-0e3c-42ac-b31e-cd13da0eb7f3,,Medical Supply Items,Drainage Chest Tube 38FG,CONCEPT-SET,1253
13d45817-0db2-43fd-bb90-81ea6549b65e,,Medical Supply Items,Endotracheal Tube Cuffed 4CH,CONCEPT-SET,1254
c6f5942d-8a4b-46f3-a79c-4f6c51e2b724,,Medical Supply Items,Glove Gynecological Examination(Elbow Glove) No. 6.5,CONCEPT-SET,1255
e50ef314-2bde-43a0-aa4c-448e2b6112fd,,Medical Supply Items,Glove Gynecological Examination(Elbow Glove) No. 7.5,CONCEPT-SET,1256
577a98f8-b02c-4055-8c1f-b4040813289f,,Medical Supply Items,Medicine Envelope plastic,CONCEPT-SET,1257
d28a67d2-c3f3-457a-88ad-0a118b7279ce,,Medical Supply Items,Mersilk Braided Black Gauge 3.0(2/0) 75cm on 33 mm 1/2 Circle Reverse Cutting Needle,CONCEPT-SET,1258
9c967d3b-e941-4472-873a-8180b4cb5777,,Medical Supply Items,Polyamide Monofilament Gauge 0.3(9/0) 30cm on 6.5mm 3/8 Circle Spatula Single Armed Needle,CONCEPT-SET,1259
21ddc09f-dd8d-48e9-9c40-f0b9fde78490,,Medical Supply Items,Polyamide Monofilament Gauge 0.3(9/0) 30cm on 6mm 3/8 Circle Spatula Double Armed Needle,CONCEPT-SET,1260
cd36c0c9-2676-4a8f-9256-873851c322ae,,Medical Supply Items,Oxygen Face Mask for Pediatric,CONCEPT-SET,1261
4ea130e2-82ca-4adc-86e0-4b0bd68ab6c2,,Medical Supply Items,Oxygen Face Mask for Adult,CONCEPT-SET,1262
d19d9da6-0bde-4e6f-a61d-cbca8276f093,,Medical Supply Items,Rectal Tube Rubber With Terminal Size 14CH,CONCEPT-SET,1263
0524eb4c-6b66-402d-a0e2-a0211b13ce5d,,Medical Supply Items,Rectal Tube Rubber With Terminal Size 18CH,CONCEPT-SET,1264
d340b591-b72a-410b-930c-7cdadda6acfe,,Medical Supply Items,Rectal Tube Rubber With Terminal Size 22CH,CONCEPT-SET,1265
db998c71-3986-4817-b10f-84543e87d868,,Medical Supply Items,Rectal Tube Rubber With Terminal Size 26CH,CONCEPT-SET,1266
3d1a8f4f-f3b1-45e1-b414-a228dc73d95f,,Medical Supply Items,"Surgical Absorbable Hemostat 1"" x 2""",CONCEPT-SET,1267
ebe4add7-70d0-4a72-811b-c1695cc93b03,,Medical Supply Items,"Surgical Absorbable Hemostat 2"" x 4""",CONCEPT-SET,1268
6185a60f-a7d7-40f4-bdfb-427a94295fab,,Medical Supply Items,Surgical Absorbable Hemostat 4'' x 4'',CONCEPT-SET,1269
03640ff3-f7fc-4f17-88e0-a8c416e684b5,,Medical Supply Items,Surgical Absorbable Hemostat 4'' x 8'',CONCEPT-SET,1270
32218a8a-2881-4945-bbbf-cb81c363ef44,,Medical Supply Items,Syringe Dental of metal 2.5ml,CONCEPT-SET,1271
a98d1f91-bbc2-4d57-bf5b-830d42564ed4,,Medical Supply Items,"Ureteric Tubes 5mm 6mm,75cm",CONCEPT-SET,1272
5b85a246-9036-49c1-9e9a-90019dc04830,,Medical Supply Items,Tube Eppendorf 2ml,CONCEPT-SET,1273
58ece93f-89c5-4b1e-8c32-70f82fafe681,,Medical Supply Items,Gauze Swab 3cm x 3cm,CONCEPT-SET,1274
a85e2bfe-56a3-4b49-bcfc-9dea592493fa,,Medical Supply Items,Bite sticks(Teeth guard) PVCwith center handle to insert and remove,CONCEPT-SET,1275
825b254f-d694-4fa3-b21d-df0b26192835,,Medical Supply Items,"Face Mask For oxygen Administration Adult size 5,with Reservoir 1.6L bag",CONCEPT-SET,1276
1b937347-2ea3-4972-ae60-9fdd3e1adcec,,Medical Supply Items,Face Mask With out Reservoir For oxygen Administration Adult size,CONCEPT-SET,1277
6b673fde-c3ac-4f0b-a7c8-34fdc3c19d0e,,Medical Supply Items,Face Mask For oxygen Administration Child/medium size 3 with Reservoir 1.6L bag,CONCEPT-SET,1278
da520f1a-6a07-42a4-b3a7-77eb919c468a,,Medical Supply Items,Face Mask With out Reservoir For oxygen Administration child/medium size 3,CONCEPT-SET,1279
e56aea3d-2406-423e-9f66-c3cb7b913533,,Medical Supply Items,"Face Mask with Reservoir for oxygen Administration Infant/small size 1, 0.5L breathing bag",CONCEPT-SET,1280
80ab49ee-6faa-4d4f-9c53-27ac2ed813bd,,Medical Supply Items,Face Mask With out Reservoir For oxygen Administration Infant/small size 1,CONCEPT-SET,1281
0cee6b56-1a78-45ca-8490-b7b53b42ff9b,,Medical Supply Items,Cold Packs Bag Reusable 11 inch durable,CONCEPT-SET,1282
3994912d-14ad-4598-8237-d8e72e3c6edb,,Medical Supply Items,"Patient restraint(spinal Board)straps with meta buckles/clips and speed clip,15m",CONCEPT-SET,1283
04297871-5f47-4674-9ada-ea92b047cf88,,Medical Supply Items,"Catheter Suction Open rounded shape&smooth,blue one Eye, Length:530±20.0mm,E.Length 500±20.0mm, OD2.7±0.10MM",CONCEPT-SET,1284
ba3c4baa-66c0-413d-b37a-922df411e945,,Medical Supply Items,"Catheter Suction Open rounded shape&smooth,black one Eye, Length:530±20.0mm,E.Length 500±20.0mm, OD3.30±0.15MM 10CH",CONCEPT-SET,1285
497bcd92-84bc-4694-b7ab-158abdb0cc03,,Medical Supply Items,"Catheter Suction Open rounded shape&smooth,Orange one Eye, Length:530±20.0mm,E.Length 500±20.0mm, OD: 5.30±0.20mm 16CH",CONCEPT-SET,1286
f105c5f0-195d-4b91-93d8-417974e149e4,,Medical Supply Items,"Catheter Suction Open rounded shape&smooth,Red one Eye, Length:530±20.0mm,E.Length 500±20.0mm, OD: 6.00±0.20mm 18CH",CONCEPT-SET,1287
0a8511fa-daa6-4a5b-b62f-31eea5c40b89,,Medical Supply Items,"Catheter Suction Open rounded shape&smooth,blue one Eye, Length:530±20.0mm,E.Length 500±20.0mm, OD2.7±0.10MM 8CH",CONCEPT-SET,1288
9dc7addf-2fa7-414f-8c03-52e179f81ee5,,Medical Supply Items,Manual sucker/Bulb Sterilizable Silicon air tight for infant,CONCEPT-SET,1289
0297b5e6-1247-4761-94cb-abf64f8d2bf4,,Medical Supply Items,Nasopharyngeal airways 8CH,CONCEPT-SET,1290
0af38f3d-6697-4b8b-aecb-547446492876,,Medical Supply Items,Nasopharyngeal airways 7CH,CONCEPT-SET,1291
375788d6-6592-4acf-9621-5dd24695c9e6,,Medical Supply Items,Nasopharyngeal airways 6CH,CONCEPT-SET,1292
52771104-37f3-417f-a2f3-90f47c726a84,,Medical Supply Items,Nasopharyngeal airways 4CH,CONCEPT-SET,1293
2c81d8b1-3290-4eec-8fa3-71a24358633f,,Medical Supply Items,Nasopharyngeal airways 3CH,CONCEPT-SET,1294
98a92b13-3c56-4bea-a3e8-099c4a631d5d,,Medical Supply Items,Oropharyngeal Airway (Guedel) Sterile 5CH,CONCEPT-SET,1295
c5d2537f-8b7b-4daf-a98b-72584e50e385,,Medical Supply Items,Oropharyngeal Airway (Guedel) Sterile 4CH,CONCEPT-SET,1296
ca9cce7e-182c-4d1a-b55d-9a2e6731d3de,,Medical Supply Items,Oropharyngeal Airway (Guedel) Sterile 3CH,CONCEPT-SET,1297
120efef3-7d36-451d-ab36-d48081bac4c8,,Medical Supply Items,Oropharyngeal Airway (Guedel) Sterile 2CH,CONCEPT-SET,1298
f9322362-7853-471d-98fc-f24e3ca2dae5,,Medical Supply Items,Oropharyngeal Airway (Guedel) Sterile 1CH,CONCEPT-SET,1299
60eea43b-a626-4771-8318-73ea8de2ef05,,Medical Supply Items,Oropharyngeal Airway (Guedel) Sterile 0CH,CONCEPT-SET,1300
eafd196d-0200-4133-af1a-eb2601e92e1f,,Medical Supply Items,Resuscitator Bag (Ambu Bag) Child,CONCEPT-SET,1301
98a413e8-b51c-42d4-8b4d-ab18b5e1bbcb,,Medical Supply Items,Resuscitator Bag (Ambu Bag) Infant,CONCEPT-SET,1302
a3bb5af6-397b-4a40-8483-da75eab5c66c,,Medical Supply Items,Adhesive Tape 5cm x 1.9cm,CONCEPT-SET,1303
b2d8f44b-6cc8-4430-bbfc-a525f5fbc0e0,,Medical Supply Items,Gauze Dressing 4'' x 4'',CONCEPT-SET,1304
309d0adf-bb64-4f18-88c8-4a681df0c378,,Medical Supply Items,Glove Examination Latex Powdered Medium,CONCEPT-SET,1305
106668a8-6b36-4e49-bb67-a521e3109278,,Medical Supply Items,Triage Tags Dark,CONCEPT-SET,1306
b37fd86e-e4a6-4383-a3e5-ec47f27ab482,,Medical Supply Items,Triage Tags Red,CONCEPT-SET,1307
8ed7a12a-6986-452d-b710-cdb22ad1fa69,,Medical Supply Items,Triage Tags Yellow,CONCEPT-SET,1308
8b5abef0-eebc-467a-885b-91e35fa0f320,,Medical Supply Items,Conical Centrifuge Tubes 112mm x 17mm,CONCEPT-SET,1309
ad1e8a81-ca94-439b-8ad0-6255707d2ec1,,Medical Supply Items,Catheter for Mucus Extractor In pieces of different sizes,CONCEPT-SET,1310
8983f344-4861-4fc5-95fd-0232eb1dce65,,Medical Supply Items,Brush for Decontamination small,CONCEPT-SET,1311
1bc6724b-e032-41e6-9868-4fe103a411ad,,Medical Supply Items,Bucket 30L and Bowls Plastic for Decontamination Instrument,CONCEPT-SET,1312
3c109800-c8c5-4063-aebe-b8c07bdf8e23,,Medical Supply Items,Glove Heavy Duty Latex (Disposable) small,CONCEPT-SET,1313
e4f0a6f9-2cdf-4c12-a494-863d2279c6fe,,Medical Supply Items,"Mortar and Pestle 100mm((dia)x45mm,Small",CONCEPT-SET,1314
4c389574-d8de-47d0-822f-53bd9d6eb81f,,Medical Supply Items,"Mortal and Pestle 160mm(dia) x75mm,Medium",CONCEPT-SET,1315
e46d1880-5004-4035-ad11-5760ab2cf3d9,,Medical Supply Items,"Brush for Test Tube 19mm(dia) x 89mm,fan stayle tip",CONCEPT-SET,1316
2826c0f7-db7c-4a19-ba6a-3c20f55defef,,Medical Supply Items,Cover Slide 20x20mm Thickness 13 mm,CONCEPT-SET,1317
25c380f1-34ac-4f3c-b117-e119a448a264,,Medical Supply Items,Cover Glass slide Box 76x25x1mm,CONCEPT-SET,1318
c2714749-533f-47cb-a8e9-5fb459adfdc9,,Medical Supply Items,Graduated Measuring Cylinder 250 ml,CONCEPT-SET,1319
4ff1f46b-26b6-4c97-aa60-b3be17f5d281,,Medical Supply Items,Graduated Measuring Cylinder 100 ml,CONCEPT-SET,1320
ae558cb8-4d0b-4b12-a5ea-606f13f01adc,,Medical Supply Items,Graduated Measuring Cylinder,CONCEPT-SET,1321
003f6a83-d8e1-4a67-a885-9856dbdcc3ce,,Medical Supply Items,Graduated Measuring Cylinder 500ml,CONCEPT-SET,1322
d83b0afe-b59d-4981-a9c4-bcaf529cb58e,,Medical Supply Items,"Jar Glass,wide mouth,1000ml",CONCEPT-SET,1323
fc6a7b23-f0e3-443d-b081-b987d0b8fe32,,Medical Supply Items,Graduated Measuring Cylinder 50ml,CONCEPT-SET,1324
bed4178f-60cf-40d5-adaa-4e7e14fac35e,,Medical Supply Items,Graduated Measuring Cylinder 25ml,CONCEPT-SET,1325
21a17c99-ee48-47c8-af81-7dca9ca85312,,Medical Supply Items,ESR graduated pipette from 0 to 195mm with 1mm subdivision,CONCEPT-SET,1326
a4f70b69-9d34-4e12-a96a-67a1ca00d947,,Medical Supply Items,Contact activated blood lancet Length:40mm,CONCEPT-SET,1327
db4722cf-47bc-4bbe-a57b-3ccf22c898ee,,Medical Supply Items,"Micro Pipette Tips 10 100µl, Red",CONCEPT-SET,1328
afdc8585-b174-4ac0-ad45-5ee056b8b451,,Medical Supply Items,"Micro Pipette Tips 10 100µl, Yellow",CONCEPT-SET,1329
b4da40ba-12b5-4f7d-b9ad-0ae89dcd3370,,Medical Supply Items,Catheter Umblical 3.5CH,CONCEPT-SET,1330
82307660-3fae-4f92-84b6-dca583550483,,Medical Supply Items,Aspirator Nasal Oral,CONCEPT-SET,1331
812a0297-4430-4695-949c-3d279124b18e,,Medical Supply Items,Nasopharyngeal airways 5CH,CONCEPT-SET,1332
09405308-b183-484f-ab43-681db51de336,,Medical Supply Items,Dental Cotton wool N0. 2,CONCEPT-SET,1333
f81fccdd-a276-4331-8137-e7b65824976e,,Medical Supply Items,Mindray BS 200E Cuvette,CONCEPT-SET,1334
6f5b2372-5a6d-41eb-a034-ae85442d8a59,,Medical Supply Items,Mindray BS 200E Lamp,CONCEPT-SET,1335
006a0ebd-51aa-4c19-a33b-8be64d2ce576,,Medical Supply Items,Mindray BS 200E Probe,CONCEPT-SET,1336
50eaafbc-6316-40dd-bdb3-f14cd8259f1d,,Medical Supply Items,Biohazard Bag 94cmx122cm,CONCEPT-SET,1337
8b7085c7-f90e-4ad8-a13d-e1fcd81d3672,,Medical Supply Items,Colostomy Bag Adhesive Regulator Closed 25cmx14cm 60mm Opening Adult Opec Medium,CONCEPT-SET,1338
f28f5c57-c38e-4dce-ae2c-6dc12a214512,,Medical Supply Items,"Tube Suction, Disposable 15mmx2m",CONCEPT-SET,1339
0b52565b-e93c-4830-a652-cb54da03e734,,Medical Supply Items,"Conical Test Tube Plastic, Graduated 15ml",CONCEPT-SET,1340
e6437f6f-0cad-4b26-af2d-c3d76ede31ae,,Medical Supply Items,"Flask Erlenmeyer, Glass, Heat Resistant, 2Litre",CONCEPT-SET,1341
3a896857-7715-43f8-b519-e0b27459d33b,,Medical Supply Items,"Capillary Tube, Hematocrite, Sodium Heparinized 80IU/ml, Red Top, 75mm Length, 20µ",CONCEPT-SET,1342
c76f76f4-9187-4949-b9a9-1e6bcddbbe1b,,Medical Supply Items,Autoclave Indicator Tape 1.9cmx5cm,CONCEPT-SET,1343
2a9935ab-5ccc-476e-a0e7-b671fa59a192,,Medical Supply Items,Oronasopharyngeal (Airway) Sterile 60mm,CONCEPT-SET,1344
95579de2-22e0-4b29-b599-9c61236b0b93,,Medical Supply Items,Oronasopharyngeal (Airway) Sterile 90mm,CONCEPT-SET,1345
465fd7b0-99a1-48e4-b279-8673bc8500c7,,Medical Supply Items,Oronasopharyngeal (Airway) Sterile 120mm,CONCEPT-SET,1346
62cc8e7f-45cd-434b-ba98-cbc1a3feefc1,,Medical Supply Items,Oronasopharyngeal (Airway) Sterile 80mm,CONCEPT-SET,1347
d5d9d7ba-fac2-40a0-8ad5-ebb3226d2341,,Medical Supply Items,Polyglycolic acid absorbable braided violet Gauge 1.0(5/0) 75cm on 13mm 1/2 Circle Round Bodied Needle,CONCEPT-SET,1348
b04f5704-02cf-46ab-932a-ccecca9bb7b2,,Medical Supply Items,"Applicator Wooden Stick with Cotton Tip 2.2mm x 150mm Individually Packed, Sterile",CONCEPT-SET,1349
1031907b-2ea7-4c59-97ff-d46efb44cf24,,Medical Supply Items,Trachoma Clap small,CONCEPT-SET,1350
081eec2a-1712-429c-a108-eb9aa707f5cc,,Medical Supply Items,Trachoma Clap large,CONCEPT-SET,1351
83c923ef-2935-4309-b344-71460fbe1eba,,Medical Supply Items,Swap Disinfecting Imppreginated with Isopropyl Alchol 70%,CONCEPT-SET,1352
7e3e832c-5fa8-4e2d-8920-d34bd2c235d4,,Medical Supply Items,Adhesive Wound Plaster with Absorbent Anticeptic pad individually packed 2 size,CONCEPT-SET,1353
fd3bcec1-b557-4178-8fc6-17da681f3d0f,,Medical Supply Items,Adhesive Plaster Zinc Oxide 2.5cmx10m,CONCEPT-SET,1354
be3c933f-3e8d-44a9-ab8b-73e86ae24406,,Medical Supply Items,Sysmex XP 300 Thermal Printing Paper,CONCEPT-SET,1355
d3f5d65c-b7c6-4686-b23a-964e945835d9,,Medical Supply Items,"Microscope Slide 27x75mm, 1.2mm Thickness Frosted",CONCEPT-SET,1356
903d4e28-2d2c-442d-95c5-cf06fac0f0c2,,Medical Supply Items,"Microscope Slide 27x75mm, 1.2mm Thickness",CONCEPT-SET,1357
a3321ff1-0f5b-469f-a4c4-ec5b4670f8d2,,Medical Supply Items,Micropipette Tips 10 200µl,CONCEPT-SET,1358
84acfdfd-3017-4377-bea3-268f4368ebce,,Medical Supply Items,Micropipette Tips 200 1000µl,CONCEPT-SET,1359
2231c38e-cf91-438f-96ab-101b38c7f786,,Medical Supply Items,"Sealer Capillary Tube, 2mm Thickness",CONCEPT-SET,1360
1ea47b96-4ee4-4e86-b44d-158496e6d594,,Medical Supply Items,"Pasteur Pipette 3ml, Non sterile, Plastic",CONCEPT-SET,1361
425a006e-b1d0-464e-a12e-bfb7de4716a4,,Medical Supply Items,"Biohazard Bags Disposable, Orange 32x34Inch",CONCEPT-SET,1362
6396f248-0b3f-405d-b31c-4033a3f2aaa7,,Medical Supply Items,DxC 700 AU/ Unicel DxI 800 Carbon Powder Filter,CONCEPT-SET,1363
0263fc6d-8f43-440e-a474-dfa47cae70d9,,Medical Supply Items,DxC 700 AU/ Unicel DxI 800 Micron Filter with Antibacterial,CONCEPT-SET,1364
dabfbf0d-8188-4255-8de2-c1ef8c293f7a,,Medical Supply Items,DxC 700 AU/ Unicel DxI 800 Improved GAC,CONCEPT-SET,1365
55275a61-b11d-4c4e-b3ec-3296bb547598,,Medical Supply Items,DxC 700 AU/ Unicel DxI 800 LC 177 Protek L1,CONCEPT-SET,1366
158107d3-94ad-4a00-874a-8e54ad55826d,,Medical Supply Items,DxC 700 AU/ Unicel DxI 800 LC 174 Protek L1,CONCEPT-SET,1367
3ae64ecc-abd9-4dc1-93d0-39edc47e9226,,Medical Supply Items,DxC 700 AU/ Unicel DxI 800 LC 174 MEDPURE Cartridge,CONCEPT-SET,1368
adb93e09-51d2-47dc-9804-8b7270c7dcab,,Medical Supply Items,DxC 700 AU/ Unicel DxI 800 Peristatic Tubing Roller Pump,CONCEPT-SET,1369
327f6cdb-ac60-4083-8644-a51f90794a53,,Medical Supply Items,Gauze Dressing 5cmx4cm,CONCEPT-SET,1370
cdb78617-9958-484a-9646-6d9cb39b9984,,Medical Supply Items,Cobas C 311 Reference Electrode,CONCEPT-SET,1371
e00398c1-b56c-4520-99ab-baa52b9bbcf9,,Medical Supply Items,Cobas 6000 Reference Electrode,CONCEPT-SET,1372
dbd4da2c-3631-4e25-a9fc-748aa00a921b,,Medical Supply Items,ANGIO DIAGNOSTIC CATHETER 5FR JR 3.5,CONCEPT-SET,1373
f300b3c5-618a-49ba-82ab-a5da12b4e402,,Medical Supply Items,ANGIO DIAGNOSTIC CATHETER 5FR JR 4,CONCEPT-SET,1374
dd2f6335-55d5-4443-af7f-9b5822e2f837,,Medical Supply Items,ANGIO DIAGNOSTIC CATHETER 5FR×100CM MPA 1,CONCEPT-SET,1375
03414726-332c-4db7-8b47-4ce61450ea5c,,Medical Supply Items,ANGIO DIAGNOSTIC CATHETER 5FR PIGTAIL,CONCEPT-SET,1376
54cd41de-f48f-4c54-bff4-f8576d349d30,,Medical Supply Items,ANGIO DIAGNOSTIC CATHETER Radial 5FR 4.0,CONCEPT-SET,1377
c21fad4e-9d88-464a-a26a-f68fef868549,,Medical Supply Items,ANGIO DIAGNOSTIC CATHETER Radial 5FR 3.5,CONCEPT-SET,1378
853d8d23-bfe1-46f4-aaee-239fad14d30e,,Medical Supply Items,ANGIO DIAGNOSTIC CATHETER Radial 6FR 4.0,CONCEPT-SET,1379
c4fe88e8-4e7e-47a6-814a-af2a37345b39,,Medical Supply Items,ANGIO DIAGNOSTIC CATHETER Radial 6FR 3.5,CONCEPT-SET,1380
bd12256d-c5e1-40e8-9be7-6dc9ed9c23a9,,Medical Supply Items,ANGIO DIAGNOSTIC CATHETER 6FR × 100CM JR 3.5,CONCEPT-SET,1381
2c73b41e-294b-45e1-8ce2-763647cc47c6,,Medical Supply Items,ANGIO DIAGNOSTIC CATHETER 6FR × 100CM JR 4,CONCEPT-SET,1382
646934a5-f43f-4fcc-b5e7-2eac236e4cc5,,Medical Supply Items,ANGIO DIAGNOSTIC CATHETER 6FR × 100CM JL 3.5,CONCEPT-SET,1383
c43ce819-37b8-455c-af33-4e1888b7321f,,Medical Supply Items,ANGIO DIAGNOSTIC CATHETER 6FR × 100CM JL 4,CONCEPT-SET,1384
005908e4-cbe2-49b5-84f2-51907fc32195,,Medical Supply Items,ANGIO DIAGNOSTIC CATHETER 5FR × 100CM JL 4,CONCEPT-SET,1385
2846dfce-60d0-4d75-b5d8-eb88f05cc8fa,,Medical Supply Items,ANGIO DIAGNOSTIC CATHETER 6FR × 100CM JL 5,CONCEPT-SET,1386
3797ccb0-db5e-42d0-a017-7f27f1287ffe,,Medical Supply Items,ANGIO DIAGNOSTIC CATHETER 6FR × 100CM AL I,CONCEPT-SET,1387
2b0a554d-f7ab-49cb-b4ed-38814697d0bb,,Medical Supply Items,ANGIO DIAGNOSTIC CATHETER 6FR × 100CM AL II,CONCEPT-SET,1388
e99e8c87-b81a-4004-b0eb-6f97b15f4b82,,Medical Supply Items,ANGIO DIAGNOSTIC CATHETER 6FR × 100CM MPA 2,CONCEPT-SET,1389
181ec361-9d9f-46d0-8b44-1c905c0b419d,,Medical Supply Items,ANGIO DIAGNOSTIC CATHETER 6FR × 100CM PIGTAIL,CONCEPT-SET,1390
6a6dc20f-5d0b-4dcd-a833-bdad58f3e6a4,,Medical Supply Items,Tube Connector Y connector,CONCEPT-SET,1391
0c8fa0f4-341c-4462-b29c-8a02778ca245,,Medical Supply Items,Tube Connector Straight,CONCEPT-SET,1392
1a9313d7-5557-4df4-bc08-276a7e5add43,,Medical Supply Items,Three way stop cock,CONCEPT-SET,1393
bb5522e9-7ca3-420b-8191-68626592e3ca,,Medical Supply Items,Suction catheter 8F,CONCEPT-SET,1394
29200f33-a93f-4489-93fa-7b96538dfbee,,Medical Supply Items,Temporary pacing wires,CONCEPT-SET,1395
ebe53ad7-f90e-4dba-9a3c-17381ba2f02d,,Medical Supply Items,Suction catheter 12F,CONCEPT-SET,1396
07d1f8c3-768d-4ae7-8b10-4e9ad264ce34,,Medical Supply Items,Suction catheter 10F,CONCEPT-SET,1397
ab473500-fb9d-4f6b-b382-b7455a800c20,,Medical Supply Items,Sterile gown XL size,CONCEPT-SET,1398
67c71d29-712d-436f-97e5-13fee1537d7c,,Medical Supply Items,Sterile drape Adult,CONCEPT-SET,1399
8a4c78f1-a20b-4637-8448-d755fe459dab,,Medical Supply Items,"Prolene Double arm, round needle 6 0",CONCEPT-SET,1400
ec760c56-7dbb-4fdf-b4d5-c0819c83fa52,,Medical Supply Items,"Prolene Double arm, round needle 5 0",CONCEPT-SET,1401
2a356ac1-9131-4a39-b1aa-16af536a1ec6,,Medical Supply Items,"Prolene Double arm, round needle 4 0",CONCEPT-SET,1402
a24ae697-0e24-4115-ab1d-5342b97509b8,,Medical Supply Items,Perfusion custom pack Weight >40 kg,CONCEPT-SET,1403
7d0fbfd1-c712-4997-9ba8-361c0a9983eb,,Medical Supply Items,Perfusion custom pack Weight 10 25 kg,CONCEPT-SET,1404
ed0cbcf8-9f12-4268-9932-60b9149fea36,,Medical Supply Items,Perfusion custom pack Weight 25 40 kg,CONCEPT-SET,1405
8800d5ae-e576-4ae4-91d7-b306dd219ed8,,Medical Supply Items,Oxygen nasal cannula Adult,CONCEPT-SET,1406
0f0449c4-ae7f-49ee-b69c-edae6d864a31,,Medical Supply Items,Oxygen nasal cannula Pediatric,CONCEPT-SET,1407
9d00c0cb-faf5-4b35-9c52-3e7ab3160e4d,,Medical Supply Items,Nylon tape 3mm x 70cm,CONCEPT-SET,1408
70c346d5-275c-471e-bc9d-dfa8174c54f9,,Medical Supply Items,ANGIO DIAGNOSTIC CATHETER 5FR × 100CM NTR ( SITE SEER),CONCEPT-SET,1409
a18fa6a5-338d-428c-93c8-54b1f229f7ba,,Medical Supply Items,Nebulising mask,CONCEPT-SET,1410
c71a1e93-5079-4164-9992-9f22ab41820b,,Medical Supply Items,ANGIO DIAGNOSTIC CATHETER 6FR × 100CM NTR,CONCEPT-SET,1411
08c7275c-186a-462f-a2aa-57da3312e7d3,,Medical Supply Items,"GUIDING CATHETER JL 4.0, 6Fr, 100cm",CONCEPT-SET,1412
3ff38047-c27e-421a-aa9c-3ba367bb07a9,,Medical Supply Items,Mechanical Valve prostheses Aortic Valve 23mm,CONCEPT-SET,1413
8cee2845-6e72-41c0-a41b-0548e0ebc7c5,,Medical Supply Items,"GUIDING CATHETER JL 3.5, 6Fr, 100cm",CONCEPT-SET,1414
f7b4af61-4fbc-40b1-94c3-7c9cd1ff32c2,,Medical Supply Items,"GUIDING CATHETER JL 4.5, 6Fr, 100cm",CONCEPT-SET,1415
ee433ccc-7318-40e6-928c-78c0ccb28dd3,,Medical Supply Items,"GUIDING CATHETER JR 4.0, 6Fr, 100cm",CONCEPT-SET,1416
bf537b7a-2845-429c-b91b-54d09c4623ad,,Medical Supply Items,"GUIDING CATHETER JR3.5, 6Fr",CONCEPT-SET,1417
30865087-6f7e-4eaa-8fc3-cc254044aa32,,Medical Supply Items,"GUIDING CATHETER JL 4.0, 7Fr, 100cm",CONCEPT-SET,1418
b654929b-dc1e-4686-b6cd-634755c038f9,,Medical Supply Items,"GUIDING CATHETER AL2, 6Fr",CONCEPT-SET,1419
9dd7dc13-87c1-4cd4-8bca-635faa4428a6,,Medical Supply Items,"Urine Cup Plastic, 40ml",CONCEPT-SET,1420
98d371d8-37d4-427b-933f-d84f592483bc,,Medical Supply Items,GUIDING CATHETER IMA 6F,CONCEPT-SET,1421
cddd7a2e-3f0f-4d3d-806f-a529a35b1a09,,Medical Supply Items,"GUIDING CATHETER AL1, 6Fr",CONCEPT-SET,1422
5d259967-b4a2-4901-bf41-1275065ed3dc,,Medical Supply Items,GUIDING CATHETER 6F AR 2.0,CONCEPT-SET,1423
62e74282-f732-414c-b3da-d169d7758ef0,,Medical Supply Items,GUIDING CATHETER 6FR AR 1.0,CONCEPT-SET,1424
d396319c-4059-4bda-9512-af1429414d29,,Medical Supply Items,GUIDING CATHETER 6F EBU/voda left 3.5,CONCEPT-SET,1425
18f7ccfd-043e-477d-ad3a-cfc2828eb211,,Medical Supply Items,GUIDING CATHETER 6FR EBU/ voda left 3.0,CONCEPT-SET,1426
b45d1a8e-bc10-415f-90a4-8cdbef5bbad0,,Medical Supply Items,GUIDING CATHETER 6FR EBU/ voda left 4.0,CONCEPT-SET,1427
cc113223-96d2-4545-ae2d-63bfa6ad91f9,,Medical Supply Items,GUIDING CATHETER 7FR EBU/ voda left 3.5,CONCEPT-SET,1428
f6a2a4b5-ca8e-4ea4-a441-765ceebdd494,,Medical Supply Items,"ANGIOGRAPHIC GUIDEWIRE 0.035"", 260CM, J TIP BOX5",CONCEPT-SET,1429
66ad2d37-8b18-4c19-af1c-a22e1dabba08,,Medical Supply Items,ANGIOGRAPHIC GUIDEWIRE 0.032 × 145CM J TIP hydrophilic wire,CONCEPT-SET,1430
ea0a5168-25d7-4bf7-947a-51b4baf4eadb,,Medical Supply Items,ANGIOGRAPHIC GUIDEWIRE 0.038 × 145CM J TIP 3MM,CONCEPT-SET,1431
15ea4fe9-4120-45e7-be20-542a071dd934,,Medical Supply Items,Mechanical Valve prostheses Aortic Valve 21mm,CONCEPT-SET,1432
a300ef8d-2fa7-4cda-a333-29a955e64c63,,Medical Supply Items,Mechanical Valve prostheses Aortic Valve 19mm,CONCEPT-SET,1433
c357a782-e59a-4b6b-9a5c-8753feb04e3e,,Medical Supply Items,"PCI Guide wire Floppy LIGHT SUPPORT, 190CM, JTIP",CONCEPT-SET,1434
0c5d13d2-f153-4f20-a2f4-41de37fe0520,,Medical Supply Items,PCI Guide wire Hydrophilic 180,CONCEPT-SET,1435
b62df729-390b-4fb0-acdf-2049a6955232,,Medical Supply Items,"PCI Guide wire FLOPPY, LIGHT SUPPORT, J TIP, 300cm",CONCEPT-SET,1436
5e30e97b-d02d-49f9-8928-65cc21b3ed7c,,Medical Supply Items,PCI Guide wire medium support 180cm,CONCEPT-SET,1437
5b5583d4-e0c9-4d67-b24f-960ba093343b,,Medical Supply Items,PCI Guide wire HYDROPHILLIC WORKHORSE 180CM 3g,CONCEPT-SET,1438
e0d52448-8971-4fb2-a7da-1fa0c9234310,,Medical Supply Items,Mechanical Valve prostheses Mitral Valve 27mm,CONCEPT-SET,1439
d445219f-c96d-4424-9b95-7188990ebe59,,Medical Supply Items,DRUG ELUTING STENT 2.25 x 18MM (17 19),CONCEPT-SET,1440
96fd7101-0965-43fd-8a97-a1394b90f2c9,,Medical Supply Items,Mechanical Valve prostheses Mitral Valve 29mm,CONCEPT-SET,1441
d26320b3-ed97-49f5-a1cf-17893fadde1a,,Medical Supply Items,DRUG ELUTING STENT 2.25 x 22MM (21 23),CONCEPT-SET,1442
cca20684-e582-44a1-86be-a2912f2a7c30,,Medical Supply Items,DRUG ELUTING STENT 2.5 x 12MM (11 13),CONCEPT-SET,1443
6a11ff08-2ef1-46b6-ab72-321ae14b51f8,,Medical Supply Items,DRUG ELUTING STENT 2.5 x 15MM (14 16),CONCEPT-SET,1444
70537d67-9dc6-4736-9bc5-6d10e774a066,,Medical Supply Items,Luer lock,CONCEPT-SET,1445
ce4d4e41-9982-41e3-a693-6df3ccd87359,,Medical Supply Items,Liga Clips small,CONCEPT-SET,1446
c2db4244-ad43-4852-be23-68c845e3e1ec,,Medical Supply Items,DRUG ELUTING STENT 2.5 x 18MM (17 19),CONCEPT-SET,1447
19a3928a-d853-4a0d-b34b-d610a1861529,,Medical Supply Items,DRUG ELUTING STENT 2.5 x 22MM (21 23),CONCEPT-SET,1448
9589c273-9c20-4894-a067-0edeb9f38405,,Medical Supply Items,DRUG ELUTING STENT 2.5 x 26MM (25 27),CONCEPT-SET,1449
b34eed61-3d90-465c-8de1-905dd34f4e08,,Medical Supply Items,DRUG ELUTING STENT 2.5 x 34MM (33 35),CONCEPT-SET,1450
ce163f40-6bde-4ec1-8e37-cefa3778d51f,,Medical Supply Items,DRUG ELUTING STENT 2.75 x 15MM (14 16),CONCEPT-SET,1451
50bcd3ed-4aad-46e3-9b5e-61d189c850d4,,Medical Supply Items,Liga Clips Medium,CONCEPT-SET,1452
2c4ce4f8-1b17-415f-bfa4-098908a89b07,,Medical Supply Items,DRUG ELUTING STENT 2.75 x 18MM (17 19),CONCEPT-SET,1453
196b4a4f-9c80-47da-9b61-23563975d9c3,,Medical Supply Items,DRUG ELUTING STENT 2.75 x 22MM (21 23),CONCEPT-SET,1454
387cc3ee-2ca3-496b-95c4-9e1fac5d0f61,,Medical Supply Items,DRUG ELUTING STENT 2.75 x 26MM (25 27),CONCEPT-SET,1455
c83910b8-a16f-4bb5-a83f-ba9d618c4037,,Medical Supply Items,Gore Tex suture CV 5,CONCEPT-SET,1456
62cf982f-d87b-4f04-aca8-3c34fe17cbc7,,Medical Supply Items,DRUG ELUTING STENT 2.75 x 34MM (33 35),CONCEPT-SET,1457
d8774bd0-ad15-480f-b30d-e190b750492d,,Medical Supply Items,DRUG ELUTING STENT 3.0 x 8MM (7 9),CONCEPT-SET,1458
010e7b05-da95-44ab-a834-8458e07992e0,,Medical Supply Items,GoreTex suture CV 4,CONCEPT-SET,1459
b578489f-4300-47f6-bb68-f5b8898d11a7,,Medical Supply Items,DRUG ELUTING STENT 3.0 x 12MM (11 13),CONCEPT-SET,1460
84a8ace3-574b-4a4c-8a62-52682f41b106,,Medical Supply Items,Extensions 15cm,CONCEPT-SET,1461
4f9ad239-5a18-4456-9dc5-fa43cebdfc05,,Medical Supply Items,Extensions 100cm,CONCEPT-SET,1462
f0241c58-92b3-48d9-9080-efd3a4744ed5,,Medical Supply Items,DRUG ELUTING STENT 3.0 x 18MM (17 19),CONCEPT-SET,1463
3b0a2d6c-ba37-49ee-a17d-2d1aa6393fe1,,Medical Supply Items,DRUG ELUTING STENT 3.0 x 22MM (21 23),CONCEPT-SET,1464
295f441d-f64c-4916-9fa0-9e33b94f7bcd,,Medical Supply Items,DRUG ELUTING STENT 3.0 x 26MM (25 27),CONCEPT-SET,1465
882ac5ca-78ef-4c42-a844-42b751a28c6b,,Medical Supply Items,DRUG ELUTING STENT 3.0 x 30MM (29 31),CONCEPT-SET,1466
3a41e659-5a2f-4967-ab94-839d0f901bbd,,Medical Supply Items,DRUG ELUTING STENT 3.5 x 12MM (11 13),CONCEPT-SET,1467
25867cfe-bf3e-406b-975a-bc800347646f,,Medical Supply Items,DRUG ELUTING STENT 3.5 x 18MM (17 19),CONCEPT-SET,1468
de801d0a-8052-44af-a826-49573c034390,,Medical Supply Items,DRUG ELUTING STENT 3.5 x 22MM (21 23),CONCEPT-SET,1469
511de195-ed0b-4590-89ac-efe0ecca5148,,Medical Supply Items,DRUG ELUTING STENT 4.0 x 12MM (11 13),CONCEPT-SET,1470
740507f4-948a-4d5c-b7d8-2a08487059d8,,Medical Supply Items,CORONARY BALLOON DILATION CATHETERS semicompliant balloon 1.25 X 6MM (5 7),CONCEPT-SET,1471
24433756-1fcb-4953-ac67-bb89e83b335c,,Medical Supply Items,Extensions 200 cm,CONCEPT-SET,1472
17632e6b-cac0-4abe-bcd0-23c1b7ff8485,,Medical Supply Items,CORONARY BALLOON DILATION CATHETERS semicompliant balloon 1.25 X 10MM (9 11) SPL12510X,CONCEPT-SET,1473
1f40f109-ccdd-433b-87fa-e6704504a854,,Medical Supply Items,CORONARY BALLOON DILATION CATHETERS semicompliant balloon 1.5 X 6MM (5 7),CONCEPT-SET,1474
c404d507-d70a-4f5d-903d-419c11a29e2a,,Medical Supply Items,CORONARY BALLOON DILATION CATHETERS semicompliant balloon 1.5 X 10MM (9 11),CONCEPT-SET,1475
9c0a52b6-beba-4ce6-84b7-9cdb9afe9641,,Medical Supply Items,CORONARY BALLOON DILATION CATHETERS semicompliant balloon 1.5 X 15MM (14 16),CONCEPT-SET,1476
f182a846-5cbb-4535-9df7-9a07e0bcecbd,,Medical Supply Items,"Ethibond 2 0 non pledgetted, 17mm",CONCEPT-SET,1477
6c79f453-b6a2-4932-9bf2-4be6c480a615,,Medical Supply Items,CORONARY BALLOON DILATION CATHETERS semicompliant balloon 1.5 X 20MM (19 21),CONCEPT-SET,1478
40897e11-825a-4430-8349-b5e808ed047a,,Medical Supply Items,"Ethibond 2 0 non pledgetted, 21mm",CONCEPT-SET,1479
c5dafd99-2461-4ff1-a99d-4372b44c67db,,Medical Supply Items,"Ethibond 2 0 pledgetted, 17mm",CONCEPT-SET,1480
b4cb66d7-fa8a-4811-aae5-3c30ceeb6477,,Medical Supply Items,"Ethibond 2 0 pledgetted, 21mm",CONCEPT-SET,1481
b7ab507d-ffa2-4fe6-9ccc-832a01f7898d,,Medical Supply Items,CORONARY BALLOON DILATION CATHETERS semicompliant balloon 2.0 X 6MM (6 8 ),CONCEPT-SET,1482
85f68af9-78d0-4f78-8853-6438aec5ac24,,Medical Supply Items,CORONARY BALLOON DILATION CATHETERS semicompliant balloon 2.0 X 10MM (9 11),CONCEPT-SET,1483
329fcd17-f759-4796-8cd2-05f5ee0f7983,,Medical Supply Items,CORONARY BALLOON DILATION CATHETERS semicompliant balloon 2.0 X 15MM (14 16),CONCEPT-SET,1484
7736688b-b2ab-4411-9740-47840b8edc59,,Medical Supply Items,CORONARY BALLOON DILATION CATHETERS semicompliant balloon 2.0 X 20MM (19 21),CONCEPT-SET,1485
8766cdf3-d4b0-406b-a763-3830010e7078,,Medical Supply Items,CORONARY BALLOON DILATION CATHETERS semicompliant balloon 2.5 x 15MM (14 16),CONCEPT-SET,1486
800d851e-5928-4974-b569-306709ecd03d,,Medical Supply Items,CORONARY BALLOON DILATION CATHETERS semicompliant balloon 2.5 X 10MM (9 11),CONCEPT-SET,1487
0aea4097-9f17-4fd1-ac98-4ea829372978,,Medical Supply Items,CORONARY BALLOON DILATION CATHETERS semicompliant balloon 2.5 X 6MM (5 7),CONCEPT-SET,1488
3e2a5d94-774b-4e18-bb34-a49c4a7d52ac,,Medical Supply Items,CORONARY BALLOON DILATION CATHETERS semicompliant balloon 2.5 X 20MM (19 21),CONCEPT-SET,1489
33ae15a5-b121-479c-9588-a31092d51576,,Medical Supply Items,ECG leads,CONCEPT-SET,1490
d97cda6d-1800-4374-9233-a2db165b5943,,Medical Supply Items,NC PTCA BALLOON CATHETER 2.5 X 8MM (7 9),CONCEPT-SET,1491
8f1a55f6-68da-4c84-8e59-ef999e6e61d8,,Medical Supply Items,NC PTCA BALLOON CATHETER 2.5 x 12MM (11 13),CONCEPT-SET,1492
e8a420ea-9e3d-423b-8a49-81c5bdacd961,,Medical Supply Items,NC PTCA BALLOON CATHETER 2.75 X 8MM (7 9 ),CONCEPT-SET,1493
ae6df64e-6913-4900-afe7-a614e642f40e,,Medical Supply Items,NC PTCA BALLOON CATHETER 2.75 X 12MM (11 13),CONCEPT-SET,1494
711c1a43-0439-4c2b-8191-cbb10a94c93e,,Medical Supply Items,NC PTCA BALLOON CATHETER 2.75 x 15MM (14 16),CONCEPT-SET,1495
499bee1e-c903-4777-9f6b-8703f90093b1,,Medical Supply Items,NC PTCA BALLOON CATHETER 3.0 x 8MM (7 9),CONCEPT-SET,1496
b9b69e27-b4c3-42b5-a12a-12fec917f1b0,,Medical Supply Items,NC PTCA BALLOON CATHETER 3.0 x 12MM (11 13),CONCEPT-SET,1497
5edcf77f-0409-450d-9389-5f297683fd18,,Medical Supply Items,NC PTCA BALLOON CATHETER 3.0 X 15MM ( 14 16 ),CONCEPT-SET,1498
dc64030e-b86d-4c4b-8cb1-4d81ededa71c,,Medical Supply Items,NC PTCA BALLOON CATHETER 3.25 X 8MM (7 9),CONCEPT-SET,1499
557719e8-22e4-4891-902c-47072f2fca62,,Medical Supply Items,NC PTCA BALLOON CATHETER 3.25 X 15MM (14 16),CONCEPT-SET,1500
da7b77a6-1a58-4025-9097-29d48cdcc065,,Medical Supply Items,NC PTCA BALLOON CATHETER 3.50 X 8MM (7 9),CONCEPT-SET,1501
4135a21c-2d4c-4760-ace4-60ef8ecf0acb,,Medical Supply Items,NC PTCA BALLOON CATHETER 3.50 X 12MM ( 11 13),CONCEPT-SET,1502
9b204d0f-6f75-4dbc-a237-ab559a9ac9de,,Medical Supply Items,"5Fr. TransRadial Introducer kit with introducer sheath, dilator, SPRINGmini guidewire. Introduce like 5Fr, use as a 6Fr 11CM SHEATH,",CONCEPT-SET,1503
695ad9f7-52e9-41c8-b14a-6cbcb3aacd54,,Medical Supply Items,"Femoral INTRODUCER, 11CM SHEATH, 17CM DILATOR, 0.038"" GUIDEWIRE SET, 6F",CONCEPT-SET,1504
b3ffa6c7-32c8-48f8-bd91-a7aa4879164c,,Medical Supply Items,"Femoral INTRODUCER, 11CM SHEATH, 17CM DILATOR, 0.038"" GUIDEWIRE SET, 7F",CONCEPT-SET,1505
a51630f2-f092-4dab-8688-90b081f209da,,Medical Supply Items,"26 30 ATM INFLATION DEVICE AND PITON ACCESSORIES / PCI Kit with 26 30 ATM , Y Adaptor, Torque device, Insertion tool , High pressure",CONCEPT-SET,1506
52a12b0a-1605-441f-8b01-fcc77181256f,,Medical Supply Items,Manifold 3way,CONCEPT-SET,1507
5ab4f579-6585-4dfd-9691-2a8cfe030dc2,,Medical Supply Items,Thrombus ASPIRATION CATHETER 6F,CONCEPT-SET,1508
0e309729-9669-4ad6-ac2a-a881a98085d1,,Medical Supply Items,Puncture needle 18G,CONCEPT-SET,1509
973e1558-3b86-405c-9158-ba11823e791f,,Medical Supply Items,"ANGIODRAPE, 2 FEMORAL HOLES, ONE TRANSPARENT (RIGHT SIDE) 330x218cm",CONCEPT-SET,1510
d48dec08-1f47-4da7-8174-74cb9fc268dc,,Medical Supply Items,Sterile waterproof covering for table 150 x 250 CM,CONCEPT-SET,1511
ed2c45bb-55d4-4d16-886b-3a109ceb3867,,Medical Supply Items,Image intensifier cover 90x90cm,CONCEPT-SET,1512
f642b4ef-0632-4464-ad8b-693ec3ca0f49,,Medical Supply Items,ANGIOGRAPHIC SYRINGE 10ML WITH ROTATING ADAPTER,CONCEPT-SET,1513
f0be9bf8-6dd7-450b-b2e9-14fc0c2aca0e,,Medical Supply Items,CVP line kit,CONCEPT-SET,1514
fe544afd-fc30-4d64-9103-12fbc53e2f17,,Medical Supply Items,Cardioplegia Delivery system,CONCEPT-SET,1515
8371b23f-a1ec-47c3-8634-b8d50fcf2849,,Medical Supply Items,Cardioplegia aortic root needle 14G,CONCEPT-SET,1516
a3e9af57-05ef-4099-aa68-812461e1f1b8,,Medical Supply Items,Cardioplegia aortic root needle 16G,CONCEPT-SET,1517
6a0a6b73-1022-4dd8-86fe-eac06ae1a7c7,,Medical Supply Items,Cardioplegia aortic root needle 18G,CONCEPT-SET,1518
68cbd5c2-9313-42be-a361-672089898746,,Medical Supply Items,Bone wax,CONCEPT-SET,1519
3c9dc442-1df5-4747-aaeb-e6253366379a,,Medical Supply Items,Arterial filter Adult,CONCEPT-SET,1520
e090b668-c76f-4aa9-8c84-2f3f93ef9cd5,,Medical Supply Items,Arterial filter Pediatric,CONCEPT-SET,1521
ed5e70e5-e6ab-4751-8732-ea158279712b,,Medical Supply Items,"Femoral Introducer Sheath F14 ,11cm",CONCEPT-SET,1522
df9cd21b-9176-4d44-a74c-a47745dbcb12,,Medical Supply Items,INTRODUCER NEEDLE 18G,CONCEPT-SET,1523
754fbf7d-edec-42f1-a1b6-8e4b7ed941a4,,Medical Supply Items,"BRKTM 1 Transeptal Needle 71cm, 1.3,.50mm ST. JUDE MEDICAL",CONCEPT-SET,1524
121117d9-5b95-4c63-9852-2ab7b2fc5dfb,,Medical Supply Items,"BRKTM XS Transeptal Needle 71cm, 1.3,.50mm ST. JUDE MEDICAL",CONCEPT-SET,1525
4c5dd265-91b1-4fbc-96dd-c0fe68de6dcb,,Medical Supply Items,"BRKTM Transeptal Needle 71cm, 1.3,.50mm ST. JUDE MEDICAL",CONCEPT-SET,1526
72b14f68-aaf6-4e23-95fe-9be5d6b86365,,Medical Supply Items,"SWARTZTM Braided Transseptal Guiding Introducer SL0 8.5F ,67cm",CONCEPT-SET,1527
5b3145d1-e337-49c1-8a96-2e4a50f09098,,Medical Supply Items,"FAST CATHTM SL1 Transeptal Guiding Introducer 8.5F ,67cm",CONCEPT-SET,1528
59270a27-e2ad-4a2a-8e0b-7ec3e0570f56,,Medical Supply Items,INOUE BALLOON 22mm,CONCEPT-SET,1529
5fdae000-a0c8-4ae2-802c-be514c1660b2,,Medical Supply Items,INOUE BALLOON 24mm,CONCEPT-SET,1530
29ff6ac7-fba9-4c59-9c2d-d1b1b77576f7,,Medical Supply Items,INOUE BALLOON 26mm,CONCEPT-SET,1531
70f85714-260d-4c62-b623-062e044810bf,,Medical Supply Items,INOUE BALLOON 28mm,CONCEPT-SET,1532
953289be-2787-4ba0-8b66-9b13f7a47335,,Medical Supply Items,Inflation Device,CONCEPT-SET,1533
12d9be96-33ea-46e4-b34a-23064ee7cf52,,Medical Supply Items,"Snaires , 10 x 20",CONCEPT-SET,1534
dc090263-f061-4811-8945-d5a412d7a23a,,Medical Supply Items,active fixation lead 58cm,CONCEPT-SET,1535
6448022b-3716-41b2-8067-49cde31f5896,,Medical Supply Items,"snaires , 10 x 15",CONCEPT-SET,1536
e2040cb6-9205-497e-abf6-39ae08801cc1,,Medical Supply Items,active fixation lead 52cm,CONCEPT-SET,1537
e48c44fa-bd67-404b-a0c8-233aba42ab82,,Medical Supply Items,Introducer 7FR Peel away,CONCEPT-SET,1538
5f92f296-a5a7-40dd-a6c6-46d2bb3c0e63,,Medical Supply Items,Introducer 9FR Peel away,CONCEPT-SET,1539
7a07a2fd-8af3-43c6-a8cf-86050e333c15,,Medical Supply Items,"Sheath short ( 7.5 CM) Introducer sheath, dilator, mini,guide wire 4F",CONCEPT-SET,1540
a78949a9-1be8-4a2c-81f3-4159898993d7,,Medical Supply Items,"Sheath short ( 7.5 CM) Introducer sheath, dilator, mini,guide wire 5F",CONCEPT-SET,1541
05cb5378-a8c0-45d4-b246-bb4cf086bc69,,Medical Supply Items,"Sheath short ( 7.5 CM) Introducer sheath, dilator, mini,guide wire 6F",CONCEPT-SET,1542
5e166a69-d0a2-4846-bbc1-213745f6154f,,Medical Supply Items,"Sheath short ( 7.5 CM) Introducer sheath, dilator, mini,guide wire 7F",CONCEPT-SET,1543
9db80adf-5185-4959-85a0-b61eff394649,,Medical Supply Items,CABLE For programming ( testing cable ) 2292,CONCEPT-SET,1544
92efcb09-2c78-4d13-bbef-06fdfeb70776,,Medical Supply Items,Epicardial leads 4968 35,CONCEPT-SET,1545
e5148ace-2c36-46c9-b13f-a3f7746ec7c4,,Medical Supply Items,"Sheath short ( 7.5 CM) Introducer sheath, dilator, mini,guide wire 8F",CONCEPT-SET,1546
4175f522-93ae-49c3-889b-5366c78c01ca,,Medical Supply Items,"Sheath short ( 7.5 CM) Introducer sheath, dilator, mini,guide wire 10F",CONCEPT-SET,1547
262a0654-27c6-493e-898e-91b0deba610e,,Medical Supply Items,"Sheath short ( 7.5 CM) Introducer sheath, dilator, mini,guide wire 12F",CONCEPT-SET,1548
3f6e8197-3f41-4a4b-b521-f60866affc87,,Medical Supply Items,Septal Occluder ASD012 device size 12,CONCEPT-SET,1549
48d5d3e0-917c-4959-be89-5ecbf9a18709,,Medical Supply Items,Septal Occluder ASD014 device size 14,CONCEPT-SET,1550
2e1d7a2e-dd51-4773-8cc3-50427536f029,,Medical Supply Items,"NIH CATHETER, 5F ( PED. 80CM)",CONCEPT-SET,1551
2ae9c80e-15ad-47b9-aaad-2ff89e609161,,Medical Supply Items,Septal Occluder ASD015 device size 15,CONCEPT-SET,1552
8879b201-4942-4168-8da3-411d1af5a1bb,,Medical Supply Items,Septal Occluder ASD018 device size 18,CONCEPT-SET,1553
ef9e43b4-0fc9-46e6-8a11-acebfe282cb8,,Medical Supply Items,"NIH CATHETER,4F ( PED. 50CM)",CONCEPT-SET,1554
c216a0b9-741c-46c5-85f9-700f5451a8fd,,Medical Supply Items,Septal Occluder ASD020 device size 20,CONCEPT-SET,1555
5673ba9e-d911-4b1c-8761-c3c9922743cd,,Medical Supply Items,DIAGNOSTIC CATHETER 5FR × 100CM JR 4,CONCEPT-SET,1556
a8478edb-abf9-4c64-972b-c822b43683a2,,Medical Supply Items,Septal Occluder ASD022 device size 22,CONCEPT-SET,1557
d7486c0b-b5ce-4401-ad5f-b038ecbe9f14,,Medical Supply Items,Septal Occluder ASD024 device size 24,CONCEPT-SET,1558
30f49411-e27f-4d34-bde9-2e9dd976cabc,,Medical Supply Items,Septal Occluder ASD026 device size 26,CONCEPT-SET,1559
38f34ab3-f791-46ab-80ed-e3474aa7efc1,,Medical Supply Items,DIAGNOSTIC CATHETER 5FR × 100CM JR 3.5,CONCEPT-SET,1560
9b136392-e635-4217-bd88-cccae02af19d,,Medical Supply Items,Septal Occluder ASD028 device size 28,CONCEPT-SET,1561
8b3b499b-e218-420a-bf43-d3ff6d75ff0e,,Medical Supply Items,Septal Occluder ASD030 device size 30,CONCEPT-SET,1562
fbfbae3a-5f02-4274-84af-f5799b275107,,Medical Supply Items,Septal Occluder ASD032 device size 32,CONCEPT-SET,1563
d3d1f2c1-8607-4e54-9423-59ea509457cf,,Medical Supply Items,Septal Occluder ASD034 device size 34,CONCEPT-SET,1564
67f7eec7-b003-4dca-8c5b-f4991ea9da5b,,Medical Supply Items,Septal Occluder ASD038 device size 38,CONCEPT-SET,1565
cb94a018-5d65-4b93-9672-fa8cb16876b3,,Medical Supply Items,"MPA 1/ MULTIPURPOSE ,CATHETER 6F",CONCEPT-SET,1566
d39db7eb-3c08-477d-adae-a3661f55eb04,,Medical Supply Items,"MPA 1/ MULTIPURPOSE ,CATHETER 5F",CONCEPT-SET,1567
b1b22dfb-f356-452b-acc0-0a86a4fc6f05,,Medical Supply Items,DIAGNOSTIC PIGTAIL CATHETER 5F,CONCEPT-SET,1568
7c123ca4-5756-44a2-b3f0-ff9fa7edfcdb,,Medical Supply Items,DIAGNOSTIC PIGTAIL CATHETER 4F,CONCEPT-SET,1569
fd21596e-ce12-4cc0-b669-f446c6140685,,Medical Supply Items,Duct occluder 8x6,CONCEPT-SET,1570
a487cf8c-4957-4a9c-8196-db905202b52d,,Medical Supply Items,"Regular J tip guidewire .035""x150cm, Non Hydrophilic",CONCEPT-SET,1571
05c9c3c0-4a47-4f3d-84d7-f1cd4a31ad70,,Medical Supply Items,Duct occluder 10x8,CONCEPT-SET,1572
470d510d-e28d-4dde-8928-0c85e5776816,,Medical Supply Items,"Regular J tip guidewire .035""x180cm, Non Hydrophilic",CONCEPT-SET,1573
560776a2-5f34-4600-a35f-77b536e4cad4,,Medical Supply Items,Duct occluder 12x10,CONCEPT-SET,1574
dab6f90b-987a-4173-9c73-4b8a80beb9c1,,Medical Supply Items,"Regular J tip guidewire .035""x260cm, Non Hydrophilic",CONCEPT-SET,1575
4a7c2a72-cc80-4004-8e99-60e0b19393e4,,Medical Supply Items,Duct occluder 14x12,CONCEPT-SET,1576
6960554b-9a8c-4a4e-a53f-d1ee9316e07a,,Medical Supply Items,Duct occluder 16x14,CONCEPT-SET,1577
15c625c1-3632-48e8-96e8-85fb7c3b26ce,,Medical Supply Items,0.035 × 150CM J TIP Hydrophilic,CONCEPT-SET,1578
49f93f76-b810-4f4c-86cd-860dd8b8aab7,,Medical Supply Items,0.025 × 150CM J TIP Hydrophilic,CONCEPT-SET,1579
ce2ca777-be03-4476-9cb3-d99589675648,,Medical Supply Items,VSD MUSC008 size 8,CONCEPT-SET,1580
4c36ea62-6408-4f17-b673-ac8963ec61bd,,Medical Supply Items,VSD MUSC010 size 10,CONCEPT-SET,1581
513ccc56-e1d7-4fb5-9da2-0c96af0b6a17,,Medical Supply Items,VSD MUSC012 size 12,CONCEPT-SET,1582
3e72f318-4d4f-460f-a7f7-fb68204ae1af,,Medical Supply Items,Delivery Sheath 06F18060,CONCEPT-SET,1583
cc726234-0446-42d1-95f0-e3e84b5e4895,,Medical Supply Items,Delivery Sheath 06F18080,CONCEPT-SET,1584
a03b09c8-3769-4051-a651-9a49b75eabbc,,Medical Supply Items,Delivery Sheath 07F18080,CONCEPT-SET,1585
df1b2ccf-07c1-4033-8146-e1143e3b6e0d,,Medical Supply Items,Balloon Dilatation Catheter (Balloon Diameter X balloon length) 10mmx3cm,CONCEPT-SET,1586
5038584a-f55d-44b4-9d08-f2c8d7cf9702,,Medical Supply Items,Balloon Dilatation Catheter (Balloon Diameter X balloon length) 12mmx2cm,CONCEPT-SET,1587
6294c7e6-b2a5-4140-b7cf-25c8219d3799,,Medical Supply Items,Delivery Sheath 07F18060,CONCEPT-SET,1588
c200a7e1-b341-4600-b0f4-58dfe69a614e,,Medical Supply Items,Balloon Dilatation Catheter (Balloon Diameter X balloon length) 12mmx3cm,CONCEPT-SET,1589
5a7a88cb-ce7e-49e8-bc04-0975bc82b0bd,,Medical Supply Items,Delivery Sheath 08F18080,CONCEPT-SET,1590
25b4e785-7339-4e1f-963b-6f3c80deb2d2,,Medical Supply Items,Delivery Sheath 08F4560,CONCEPT-SET,1591
d2f0388f-7aca-4da0-bee3-09eefe458f68,,Medical Supply Items,Balloon Dilatation Catheter (Balloon Diameter X balloon length) 14mmx3cm,CONCEPT-SET,1592
a88f52b2-6a4f-4d58-916a-14c8b99d8c79,,Medical Supply Items,Delivery Sheath 08F4580,CONCEPT-SET,1593
85eb6d93-a1e5-42a8-b4af-0226cbe29e0e,,Medical Supply Items,Balloon Dilatation Catheter (Balloon Diameter X balloon length) 15mmx3cm,CONCEPT-SET,1594
eb9427c6-26ad-401d-9ae0-139e057ab82b,,Medical Supply Items,Delivery Sheath 09F4580,CONCEPT-SET,1595
ee8bc877-52ec-4411-9fce-f404b3945bbd,,Medical Supply Items,Balloon Dilatation Catheter (Balloon Diameter X balloon length) 16mmx3/4cm,CONCEPT-SET,1596
d576dda1-b01f-4110-b5e1-2c49436bdbcb,,Medical Supply Items,Delivery Sheath 10F4580,CONCEPT-SET,1597
e7a8a58d-c885-4bb8-822b-761c1029a0ce,,Medical Supply Items,Delivery Sheath 12F4580,CONCEPT-SET,1598
40703d0d-cd80-4cff-b076-44745b8e76b3,,Medical Supply Items,Balloon Dilatation Catheter (Balloon Diameter X balloon length) 18mmx4cm,CONCEPT-SET,1599
c65ee042-37f2-4f91-abed-0c15e58d6816,,Medical Supply Items,Delivery Sheath 14F4580,CONCEPT-SET,1600
4d8a72e5-f684-47a5-a3dc-07d634b3a859,,Medical Supply Items,Balloon Dilatation Catheter (Balloon Diameter X balloon length) 20mmx4cm,CONCEPT-SET,1601
eca1b124-c3c0-4320-bbaa-42d1969316a6,,Medical Supply Items,Balloon Dilatation Catheter (Balloon Diameter X balloon length) 20mmx5cm,CONCEPT-SET,1602
62f393d3-58d9-48a0-b324-a1e5898abd2f,,Medical Supply Items,Balloon Dilatation Catheter (Balloon Diameter X balloon length) 25mmx4cm,CONCEPT-SET,1603
1d14a4f3-2bc5-4727-bd95-6ef0b11230ae,,Medical Supply Items,Balloon Dilatation Catheter (Balloon Diameter X balloon length) 25mmx5cm,CONCEPT-SET,1604
13e28fc6-15cf-4582-b1d2-350a9e3bdceb,,Medical Supply Items,Balloon Dilatation Catheter (Balloon Diameter X balloon length) 26mmx4cm,CONCEPT-SET,1605
ae4e0cf4-419e-4ef0-af9c-7e793d34aec6,,Medical Supply Items,Balloon Dilatation Catheter (Balloon Diameter X balloon length) 26mmx6cm,CONCEPT-SET,1606
cabbe274-169b-4aea-b9dd-26c76bd45c43,,Medical Supply Items,"Sheath short ( 7.5 CM) Introducer sheath, dilator, mini,guide wire 9F",CONCEPT-SET,1607
9dc956dc-82c7-41cb-8c5a-69a3ac896af2,,Medical Supply Items,Contact activated blood lancet length 2mm,CONCEPT-SET,1608
45eb022e-87bb-410a-a140-d356de1bf1a3,,Medical Supply Items,Mechanical Valve prostheses Mitral Valve 25mm,CONCEPT-SET,1609
ee6929c2-8ab2-438a-99c2-823bb48cbf55,,Medical Supply Items,PDS loops II Violet (96 inches looped to 48 inches),CONCEPT-SET,1610
bf07d8f8-848d-496a-9ac1-8563064c52aa,,Medical Supply Items,"Prolone 6.0 double armed round, 75cm long",CONCEPT-SET,1611
da560dc9-a03e-4ea4-b7a6-8b59e917cefe,,Medical Supply Items,"Prolene 5.0 double armed round, 75cm long",CONCEPT-SET,1612
b2b8f441-10e7-4f66-bf8c-be6b126b0ba1,,Medical Supply Items,"Prolene 3.0 double armed round, 75cm long",CONCEPT-SET,1613
c36453f1-916e-4016-a70f-9d939c8d61b6,,Medical Supply Items,"Prolene 4.0 double armed round, 75cm long",CONCEPT-SET,1614
824ef657-08bc-448b-9b37-a8247af48f17,,Medical Supply Items,"Polydioxanone (PDS) 5.0 round, 75cm long",CONCEPT-SET,1615
0ed01341-7389-4185-a90a-cd7a65a1a5cc,,Medical Supply Items,"Polydioxanone (PDS) 4.0 round, 75cm long",CONCEPT-SET,1616
54c1714f-c6a2-402f-a618-5a4d608b5f2f,,Medical Supply Items,"Prolene 7.0, Double armed, round, 15 20cm needle length, 60 75cm stich length",CONCEPT-SET,1617
e8b7bbda-bf31-4071-99c5-2e7c898a04af,,Medical Supply Items,Cauthery patient plate/pad Plastic Electero cauthery plates,CONCEPT-SET,1618
1f267cc7-a8b0-4ea2-aba0-a52f57ce7cb1,,Medical Supply Items,"Silk ties (sutures without needle) 2.0, 45cm long (5 12 strands/ties per package)",CONCEPT-SET,1619
c540808f-b4d8-42ef-8c0b-5a34d3a58acd,,Medical Supply Items,"Silk ties (sutures without needle) 0, 75cm (4 6 strands/ties per package )",CONCEPT-SET,1620
f4dd20d4-dba2-4baa-9bcf-d11209b41052,,Medical Supply Items,Delivery sheath 9 ITV07F45/60,CONCEPT-SET,1621
6b3ad801-9746-421a-8364-7e3f09ed46a2,,Medical Supply Items,Delivery sheath 9 ITV08F45/80,CONCEPT-SET,1622
c62c3e93-0a4a-4dac-a72c-b4ee9d3a4141,,Medical Supply Items,Delivery sheath 9 ITV09F45/80,CONCEPT-SET,1623
4874de49-6577-4b0b-9027-6901bfd1e13a,,Medical Supply Items,Delivery sheath 9 ITV10F45/80,CONCEPT-SET,1624
91dbc892-699f-402c-85fd-b1e0db9b3bfa,,Medical Supply Items,Delivery sheath 9 ITV12F45/80,CONCEPT-SET,1625
051d4524-d1d3-47ad-8e6c-cb678ab6db24,,Medical Supply Items,Delivery sheath 9 ITV06F180/80,CONCEPT-SET,1626
854776ee-899d-4088-8007-da8b830fe77e,,Medical Supply Items,Delivery sheath 9 ITV07F180/80,CONCEPT-SET,1627
58f6473b-c6df-429e-ad52-fbaa084e7cf1,,Medical Supply Items,Delivery sheath 9 ITV06F45/60,CONCEPT-SET,1628
27595aa4-1d03-4ef6-aa48-e7c38cc681f5,,Medical Supply Items,Endotracheal Tube 18CH,CONCEPT-SET,1629
57efe350-6277-4f5f-813e-578981419ded,,Medical Supply Items,Septal Occluder ASD012 device size 12 with (Delivery sheath 9 ITV07F45/60),CONCEPT-SET,1630
e03927be-b0ac-4075-9be8-c2336c13a259,,Medical Supply Items,Septal Occluder ASD014 device size 14 with (Delivery sheath 9 ITV07F45/60),CONCEPT-SET,1631
d5678267-5a83-4783-adf8-9f7dd062644a,,Medical Supply Items,Septal Occluder ASD015 device size 15 with (Delivery sheath 9 ITV07F45/60),CONCEPT-SET,1632
443408f3-50d7-4c4d-8861-da40d5caca03,,Medical Supply Items,Septal Occluder ASD018 device size 18 with (Delivery sheath 9 ITV08F45/80),CONCEPT-SET,1633
5757d004-200b-4839-a486-861f896e9ce0,,Medical Supply Items,Septal Occluder ASD020 device size 20 with (Delivery sheath 9 ITV09F45/80),CONCEPT-SET,1634
8a9b97b7-38b4-4ff6-8e6a-4fb3a7755781,,Medical Supply Items,Septal Occluder ASD022 device size 22 with (Delivery sheath 9 ITV09F45/80),CONCEPT-SET,1635
9e92940a-5a79-48ee-b781-4f62d86236b8,,Medical Supply Items,Septal Occluder ASD024 device size 24 with (Delivery sheath 9 ITV09F45/80),CONCEPT-SET,1636
2725b57b-85c3-437d-ae15-03406cca3ab8,,Medical Supply Items,Septal Occluder ASD026 device size 26 with (Delivery sheath 9 ITV10F45/80),CONCEPT-SET,1637
7d408441-ed28-4071-a141-a766cc9e95d8,,Medical Supply Items,Septal Occluder ASD028 device size 28 with (Delivery sheath 9 ITV10F45/80),CONCEPT-SET,1638
896aa6df-fdfc-4a26-b57e-f9089e4d4e7b,,Medical Supply Items,Septal Occluder ASD030 device size 30 with (Delivery sheath 9 ITV10F45/80),CONCEPT-SET,1639
ba35c96b-cb71-4ec3-a14f-5f13c50bb9bf,,Medical Supply Items,Septal Occluder ASD032 device size 32 with (Delivery sheath 9 ITV12F45/80),CONCEPT-SET,1640
f2d916d4-f4c7-49a3-bcc4-84353d410701,,Medical Supply Items,Septal Occluder ASD034 device size 34 with (Delivery sheath 9 ITV12F45/80),CONCEPT-SET,1641
529461cc-43c0-47a5-b217-b0e53c279b33,,Medical Supply Items,Septal Occluder ASD038 device size 38 with (Delivery sheath 9 ITV12F45/80),CONCEPT-SET,1642
8ea48fbc-a8a8-42de-ac0d-af12d1d46911,,Medical Supply Items,Duct occluder 8x6 with (Delivery sheath 9 ITV06F180/80),CONCEPT-SET,1643
db53e898-8ecc-43ef-aa76-0e7a1c07aff2,,Medical Supply Items,Duct occluder 10x8 with (Delivery sheath 9 ITV06F180/80),CONCEPT-SET,1644
7221958c-12df-4ce4-beb9-0d90e4e526ff,,Medical Supply Items,Duct occluder 12x10 with (Delivery sheath 9 ITV07F180/80),CONCEPT-SET,1645
0ca4f72c-e770-4d3e-94ed-e66f251a7159,,Medical Supply Items,Duct occluder 14x12 with (Delivery sheath 9 ITV07F180/80),CONCEPT-SET,1646
a9717c2d-690d-4b20-b762-b92f144bca78,,Medical Supply Items,Duct occluder 16x14 with (Delivery sheath 9 ITV07F180/80),CONCEPT-SET,1647
14f026b9-6048-4506-8386-fd2ca9ab67e2,,Medical Supply Items,VSD MUSC008 size 8 with (Delivery sheath 9 ITV06F45/60),CONCEPT-SET,1648
72128213-a35d-4829-b3ee-1323944cc785,,Medical Supply Items,VSD MUSC010 size 10 with (Delivery sheath 9 ITV06F45/60),CONCEPT-SET,1649
6be160a9-b4c9-4b1a-bc09-c76379710494,,Medical Supply Items,VSD MUSC012 size 12 with (Delivery sheath 9 ITV07F45/60),CONCEPT-SET,1650
e2ae4a39-8307-41b0-85ee-0e5dc3b823e6,,Medical Supply Items,Syringe (Disposable) 23G,CONCEPT-SET,1651
318c5f07-4ba5-4014-a601-55239cefbd03,,Medical Supply Items,Syringe (Disposable) 5ml with Needle 23G,CONCEPT-SET,1652
90a51c3e-25a3-4441-a47e-bf9c1c1ecd35,,Medical Supply Items,"Gauze Compress 10cm x 10cm, Sterile",CONCEPT-SET,1653
8400c446-e85e-4c6a-ac60-6404582a0e8e,,Medical Supply Items,Etacoat 2.4%HPMC 2.3ml,CONCEPT-SET,1654
f95445b9-2e2a-4c2c-a0c1-6f0d8edee0bf,,Medical Supply Items,ADVIA 560 Thermal Paper,CONCEPT-SET,1655
87e126a2-d914-4b9b-b101-e9791bbd5116,,Medical Supply Items,ADVIA 360 Thermal Paper,CONCEPT-SET,1656
5bf97d41-b68e-4128-8967-9e3bf6dd066f,,Medical Supply Items,Labeling Sticker,CONCEPT-SET,1657
70aae0f6-7f58-44df-bc99-1b45d73d6ab1,,Medical Supply Items,"Filter Paper High Grade, Diameter 5.5cm",CONCEPT-SET,1658
0e67f29c-f784-43e4-b4ee-e07978421e64,,Medical Supply Items,Spectra Optia Apheresis Platelet blood collecting bag in set,CONCEPT-SET,1659
3f205c41-1618-42db-81f4-2154615f7949,,Medical Supply Items,Lint Free Disposable Lab Wipes 13.5 x 14.5 Inches,CONCEPT-SET,1660
e8a7a790-4d76-41e3-af60-eb8e387453ae,,Medical Supply Items,Lint Free Disposable Lab Wipes 12.5 x 14.4 Inches,CONCEPT-SET,1661
cce78d80-736e-41a7-949c-caead73f37dd,,Medical Supply Items,"Biohazard Bags Disposable, Red 830x930mm",CONCEPT-SET,1662
e668c0ce-3fcd-4b4e-838b-421a756e841b,,Medical Supply Items,"Adhesive Wound Plaster 19mm x 72mm, Sterile",CONCEPT-SET,1663
a35025ca-6e5b-43ad-b759-1b181750a811,,Medical Supply Items,"Dialysis Blood Tube, Adult Free Size",CONCEPT-SET,1664
d328049b-a170-49d5-8876-76332c773300,,Medical Supply Items,AV Fistula Needle 16G,CONCEPT-SET,1665
b7ff24f3-ac74-42d9-bf78-63882bfc482a,,Medical Supply Items,AV Fistula Needle 17G,CONCEPT-SET,1666
8c2906e6-2cb2-4258-9c70-98bc93113b8c,,Medical Supply Items,"Dialysis Catheter, Temporary Double Lumen 12FR, 15cm",CONCEPT-SET,1667
85f5adb7-7c07-465b-ad6f-3f95a9be4d6e,,Medical Supply Items,"Dialysis Catheter, Temporary Double Lumen 12FR, 20cm",CONCEPT-SET,1668
bcbf3ad8-fc5d-4670-b952-77ded5aea49c,,Medical Supply Items,"Dialysis Catheter, Temporary Double Lumen 9FR, 12cm",CONCEPT-SET,1669
af69f766-a229-40f7-b3b6-4fc81fccc017,,Medical Supply Items,Dialyzer 1.7m2,CONCEPT-SET,1670
e956e07b-ba8f-4290-adbf-f9697f32cac9,,Medical Supply Items,Dialyzer 1.8m2,CONCEPT-SET,1671
02b73cb4-bca9-437f-ba56-42f46ade192d,,Medical Supply Items,Dialyzer 1m2,CONCEPT-SET,1672
44154fa3-aefe-462b-961b-441178c3561b,,Medical Supply Items,Dialyzer 1.6m2,CONCEPT-SET,1673
76fe6a5d-2bac-4070-b160-d2ce486ba979,,Medical Supply Items,Dialyzer 1.1m2,CONCEPT-SET,1674
57db19bf-d3a8-4b91-8d9d-997803a76d0b,,Medical Supply Items,Dialyzer 1.9m2,CONCEPT-SET,1675
dadc4316-4f79-44c5-879d-902d784044bd,,Medical Supply Items,Dialyzer 1.5m2,CONCEPT-SET,1676
e61cdc01-aec9-4318-9bdf-4cd57426a174,,Medical Supply Items,disposable protective clothing plastic,CONCEPT-SET,1677
bc4799e7-727a-438f-936e-d122cce316e1,,Medical Supply Items,Detection Kit for 2019 Novel Coronavirus (2019 nCoV) RNA (PCR Fluorescence Probing) plastic,CONCEPT-SET,1678
493012fe-d6da-425f-99a9-833d7c806fa0,,Medical Supply Items,Face Shield Guardall plastic,CONCEPT-SET,1679
d12b9153-b9d4-41b0-920f-264bd5cc49cc,,Medical Supply Items,"Aerosol Resistant Pipette Tips, 1000µl, Sterile",CONCEPT-SET,1680
b384090a-d95e-4cd1-9d11-e2d2c08fcccf,,Medical Supply Items,"Hygienic Cleaning Wipes, Disposable",CONCEPT-SET,1681
772afa54-345e-4454-b0bb-1ffdb2682439,,Medical Supply Items,Face Mask KN95,CONCEPT-SET,1682
aed842ce-7402-4176-bab5-184a0078b941,,Medical Supply Items,Glove Examination Powder Free Vinyl Large,CONCEPT-SET,1683
47775dd8-fba8-4c05-9771-35ad15730f6a,,Medical Supply Items,Glove Examination Powder Free Vinyl Medium,CONCEPT-SET,1684
deaccc21-1476-4f7d-a6a1-266752c028b5,,Medical Supply Items,Glove Examination Powder Free Vinyl Small,CONCEPT-SET,1685
4e16acb5-05d4-48ed-a173-d0b7f79931fa,,Medical Supply Items,USB Card XN L Check,CONCEPT-SET,1686
28cd3fcc-f834-4a17-b377-9ba5e0d3a61b,,Medical Supply Items,Protective Head Hood,CONCEPT-SET,1687
8d502cd2-0b5f-464c-8171-cdaf12a59713,,Medical Supply Items,"Isolation Gown, Elastic Cuff, 115cm x 137cm",CONCEPT-SET,1688
8c6a8283-3ea5-4357-a034-65d733a6f0e3,,Medical Supply Items,Face Mask Reusable,CONCEPT-SET,1689
fdf9a778-8f82-4713-8df4-266647c0f469,,Medical Supply Items,Cover All,CONCEPT-SET,1690
c627f436-0a99-4cba-ad07-25a8ccf95cdf,,Medical Supply Items,Face Mask Full series,CONCEPT-SET,1691
0551afb9-1a3f-45a2-8ef4-3b61d490ecdd,,Medical Supply Items,Water Proof Clothing,CONCEPT-SET,1692
db16c9df-702f-4dfb-9ef6-83b48146c6bb,,Medical Supply Items,Power Air Purifying System With Hood,CONCEPT-SET,1693
80fc5dd1-44fe-4dd1-a71b-102aaa6f8f77,,Medical Supply Items,Power Air Purifying System Without Hood,CONCEPT-SET,1694
aca04b02-0ea0-4891-85da-cb81076f7cfa,,Medical Supply Items,Starter Kit Cervical Cancer screening,CONCEPT-SET,1695
0fa9eea9-3061-4d61-aca4-dcc1fd685e53,,Medical Supply Items,Sterile Polystyrene Dacron Swab,CONCEPT-SET,1696
b79e25eb-8bb6-4c55-ab42-3294a8bf248e,,Medical Supply Items,Mersilk Braided Black guage 3.5 (0) 75cm on 32mm 1/2 circle round bodied needle,CONCEPT-SET,1697
09281048-fa77-4faa-b4ab-c460e190cae5,,Medical Supply Items,Tracheostomy Tube Plastic With 90 Degree Curvature Size 3.5,CONCEPT-SET,1698
76bdeec9-a58f-4ee3-9d6e-5cad69d5523d,,Medical Supply Items,Tracheostomy Tube Plastic With 90 Degree Curvature Size 5.0,CONCEPT-SET,1699
687ae40f-2d9e-43be-a815-9ade13d39b59,,Medical Supply Items,"Perma Hemodialysis Catheter Double Lumen 13.5Fr, 32cm",CONCEPT-SET,1700
5817cfc8-c30a-4ccb-ba62-16ada5db3095,,Medical Supply Items,"Personal Protective Equipment Kit (Includes Coverall with Hood, Surgical Face Mask, Surgical Glove Pair, Shoe Cover Pair, Waste Bag Black)",CONCEPT-SET,1701
5b3117aa-ead9-482c-a17c-283f0a6e4f59,,Medical Supply Items,Coverall Medium,CONCEPT-SET,1702
0cf87863-0d55-4151-b6e9-9a0d760304f1,,Medical Supply Items,Coverall Extra Large,CONCEPT-SET,1703
97be380f-245d-4e2b-83ef-63748ebe33c4,,Medical Supply Items,Coverall Large,CONCEPT-SET,1704
3d7fd078-dd65-4af6-98b2-f022d36a05d5,,Medical Supply Items,Personal Protective Equipment Kit (Cover all + Shoe cover),CONCEPT-SET,1705
5ecb0e28-2908-4930-8864-353121f65bae,,Medical Supply Items,Medical Scrub composed of ( one V neck shirt and drawcord trouser) Polyester Viscose 300gms/m2,CONCEPT-SET,1706
475dff5c-be07-44b1-b242-f9de7b925279,,Medical Supply Items,Full Apron,CONCEPT-SET,1707
3beafb83-575e-4553-a755-2f4127b43bea,,Medical Supply Items,Plastic Bag (Medical Supply),CONCEPT-SET,1708
d1b6ae5f-b089-47cc-8701-3640cda99f38,,Medical Supply Items,Doctors Shoe,CONCEPT-SET,1709
1d20d496-3b16-41d3-ad79-23cccc8e5286,,Medical Supply Items,Meri Silk Black guage 2.0 (3) 75cm On 33mm 1/2 Circle Round bodied,CONCEPT-SET,1710
b99e0e72-fba2-4920-ad0f-7f4569671628,,Medical Supply Items,Bone Marrow Aspiration Needle Blue line short 18G,CONCEPT-SET,1711
e78edc47-3cb7-4594-8722-95665fd55f04,,Medical Supply Items,Blanket,CONCEPT-SET,1712
55fa5dc9-820c-40be-8926-e15182eba178,,Medical Supply Items,Protective Underwear 34x46,CONCEPT-SET,1713
006664db-2c8b-4a7b-b5d5-5862916b9018,,Medical Supply Items,Protective Underwear 23x36,CONCEPT-SET,1714
3a546a88-54e9-40b8-94cf-89ff2ac111ca,,Medical Supply Items,Bacterial Viral Filter,CONCEPT-SET,1715
93ee9c9f-42bc-4d0b-831e-88ac4aaa8624,,Medical Supply Items,Face Mask Child,CONCEPT-SET,1716
5199e19a-9dcf-4554-9a91-29139fe99b72,,Medical Supply Items,Face Mask KF94,CONCEPT-SET,1717
30161fda-1c40-4fb2-8623-0a3e49172414,,Medical Supply Items,Eppendorf Tips PCR Clean Sterile 5 1000 Micro L,CONCEPT-SET,1718
6c658d3e-ef0c-4a89-82c1-fa0e0c2f5485,,Medical Supply Items,Eppendorf Tips 2 20 Micro L,CONCEPT-SET,1719
10b5d661-d03d-481b-a1e3-636a97926448,,Medical Supply Items,Eppendorf Tips PCR Clean Sterile 2 20 Micro L,CONCEPT-SET,1720
12cef178-2c30-4c7e-a45e-1f625c4e4ae0,,Medical Supply Items,Optical Flat 8 Cap Strips for 0.2ml Tubes,CONCEPT-SET,1721
6f4af3e8-4b44-434e-9063-09590d7c74bf,,Medical Supply Items,Face Mask Non Medical Cloth,CONCEPT-SET,1722
bac6c1b0-e760-4448-b517-5d9766490d1e,,Medical Supply Items,Wipes Container,CONCEPT-SET,1723
fa9d3561-9869-4548-b236-f777b2077c8e,,Medical Supply Items,Face Mask CPR,CONCEPT-SET,1724
595777d4-a176-41f1-87bc-d38cbfe4b479,,Medical Supply Items,Film gown,CONCEPT-SET,1725
3729539f-8568-4df1-8eb8-e9fe5c665be8,,Medical Supply Items,Doctors Shoe small,CONCEPT-SET,1726
a528fa57-f2ea-4443-9b7a-84e518364a63,,Medical Supply Items,Doctors Shoe Medium,CONCEPT-SET,1727
12e152ac-b2b4-4804-bd02-df00d5d4cc08,,Medical Supply Items,Doctors Shoe large,CONCEPT-SET,1728
b373b538-1ec1-4f56-90b0-24f706b49b14,,Medical Supply Items,Pads With Alcohol,CONCEPT-SET,1729
7a81687d-63ec-4384-afc7-2a51181d00ef,,Medical Supply Items,Personal Protective Device,CONCEPT-SET,1730
e97d25e5-1efd-45d4-a93c-02b45cb80a56,,Medical Supply Items,"Cryogenic Vial 2 ml,Self Standing,Round Bottom",CONCEPT-SET,1731
b937c402-ccc5-4513-a711-eeffa8e802f9,,Medical Supply Items,Spatula Stainless Steel,CONCEPT-SET,1732
5aedb119-17e2-4c11-802a-8c3501ff4089,,Medical Supply Items,Pasteur pipette plastic Non sterile 3ml,CONCEPT-SET,1733
cbb7e33b-c3ee-45e5-a708-36291c2b1a77,,Medical Supply Items,Vacutainer Blood Collection Tube with EDTA anticoagulant purple top 4ml Plastic,CONCEPT-SET,1734
fea5eaf1-a943-4b45-9f0f-5f38bf5447e0,,Medical Supply Items,"Cover Slide 22x22mm, 13mm Thickness",CONCEPT-SET,1735
a1317ee3-76fe-4b57-bfcf-83e8beaeebce,,Medical Supply Items,Cat Gut Chromic Gauge 2.0(4/0) 75cm on 15mm 1/2 Circle Reverse Cutting Needle,CONCEPT-SET,1736
8e7e249c-94f3-4aaf-9b6e-77c4fb6695b1,,Medical Supply Items,Vacutainer Blood Collection Tube with citrated anticoagulant blue top 4ml Plastic,CONCEPT-SET,1737
9f4fff53-813d-4bbc-8e65-6a2d1afb4e8b,,Medical Supply Items,Drainage Chest Tube 20FG,CONCEPT-SET,1738
922d23cc-e43d-4341-acd5-551b8e4edee9,,Medical Supply Items,Drainage Chest Tube 16FG,CONCEPT-SET,1739
50ac5ced-a497-4fe9-91f9-e2279fa43306,,Medical Supply Items,Transport Swab Sterile with transport media,CONCEPT-SET,1740
e0732ffd-9d83-4603-8a33-6a55b2d64ee9,,Medical Supply Items,Glove Examination Powder Free Nitrile Non sterile X Large,CONCEPT-SET,1741
03abbcb8-ae42-4b74-a00e-aa849e5a0bed,,Medical Supply Items,Mask Nebelizing,CONCEPT-SET,1742
1ea519f3-4fdc-4c01-9f62-31b049c8ddeb,,Medical Supply Items,Cap Surgical Bouffant Non Woven,CONCEPT-SET,1743
86569326-773c-417d-88a5-7d7d9a8df064,,Medical Supply Items,NEO Iris Stir Balls Dispenser,CONCEPT-SET,1744
2cd7ca45-b3a8-4943-a256-890d131e59ab,,Medical Supply Items,Medical Protective Clothing For an Emergency X Large sterilizable,CONCEPT-SET,1745
ccbf892e-84f1-442d-80a2-f74c6a4400c5,,Medical Supply Items,Alinity i Closure Gap for Reagents,CONCEPT-SET,1746
f2b4efdd-14aa-45a4-a373-5f0b237ba0f7,,Medical Supply Items,"Polydioxanone (PDS) 4.0 Round , 70Cm Long",CONCEPT-SET,1747
3d4d9346-84f0-4bb1-82ce-4c8af4bb964c,,Medical Supply Items,Pipette Tip sterile with filter 1000 Micro Litter,CONCEPT-SET,1748
1782ce01-0858-49c9-91da-1f47d8512a1b,,Medical Supply Items,Diaper for Adult External Large,CONCEPT-SET,1749
5eb25f2c-5885-496a-8220-13df26fb2b6b,,Medical Supply Items,Suction Containing Tube,CONCEPT-SET,1750
cc9e1a52-38db-43b4-b4df-ecabc3488766,,Medical Supply Items,Cobas 6000 Halogen Lamp,CONCEPT-SET,1751
a5f212e0-4a21-4d82-90a6-f6167cea9cee,,Medical Supply Items,Spinal Needle 10cm 25G,CONCEPT-SET,1752
e37e2b46-1695-4003-a46b-63fa345403a8,,Medical Supply Items,Glove Examination Powder Free Nitrile Sterile Xs Size,CONCEPT-SET,1753
7a98bfb6-0be7-4712-b56e-5742ebe52fdd,,Medical Supply Items,Transport Medium with Swab,CONCEPT-SET,1754
23664940-23a2-4b91-a85d-082fbe79d1d8,,Medical Supply Items,Diaper for Adult,CONCEPT-SET,1755
75364e68-4ba4-40f6-aa88-7644f70e7d99,,Medical Supply Items,Gown Barrier Disposable Blue elastic cuffs neck and waist ties universal fit,CONCEPT-SET,1756
5e2b16a1-1220-46e2-9086-414081175e9c,,Medical Supply Items,NEO Iris Barcoded Microplates,CONCEPT-SET,1757
3c55a5ea-ec8d-4ba1-977d-c58949f91971,,Medical Supply Items,Medical Protective Clothing For an Emergency Large sterilizable,CONCEPT-SET,1758
97440620-77f8-4f36-87d1-3a832b351d30,,Medical Supply Items,Alinity i Reaction Vessel,CONCEPT-SET,1759
c6a83c65-3889-40b5-804a-dbd9b4b30934,,Medical Supply Items,Pipette Tip sterile with filter 200 Micro Litter,CONCEPT-SET,1760
662b4b98-c286-42c9-b6c5-4c2a033646e8,,Medical Supply Items,Biohazard Bag Specimen 15x23 cm,CONCEPT-SET,1761
9bd8db92-31ad-40b7-bf94-9f2beb8d7b33,,Medical Supply Items,NEO Iris Select Wells,CONCEPT-SET,1762
c6031507-caf1-4d49-9d4e-49eb267007de,,Medical Supply Items,Alinity i Maintenance Kit,CONCEPT-SET,1763
45aac024-f87a-48cb-9801-6ee7be391b74,,Medical Supply Items,Pipette Tip sterile with filter 20 Micro Litter,CONCEPT-SET,1764
a97aa43a-94e0-4663-8296-35a79a64ec9d,,Medical Supply Items,Drainage Chest Tube 24FG,CONCEPT-SET,1765
5ba3403b-3f7a-40b1-bc26-1ecf1b303082,,Medical Supply Items,NEO Iris Stir Balls,CONCEPT-SET,1766
87bd1eed-be1c-499d-a34a-bc43e9885ef3,,Medical Supply Items,Cat Gut Chromic Guage 6.0(2) 75cm on 35mm 1/2 circle round bodied Heavy needle,CONCEPT-SET,1767
04a7b97e-221f-4908-af8e-10b32da89be2,,Medical Supply Items,Medical Protective Clothing For an Emergency XX Large sterilizable,CONCEPT-SET,1768
35fd64e4-8158-46d0-ab4e-84aef0c1cd94,,Medical Supply Items,Alinity i Sample Cup,CONCEPT-SET,1769
2408696c-7622-4009-a28c-060f61e9ccf5,,Medical Supply Items,Under Pad Absorbent Plastic Backing 45x60cm,CONCEPT-SET,1770
8190647d-5382-4a91-abb1-0b3df7f05ae2,,Medical Supply Items,Drainage Chest Tube 36FG,CONCEPT-SET,1771
c8a35a45-ae91-43ed-ba3a-9e803b2b3dee,,Medical Supply Items,Cobas 6000 Reaction Cell set,CONCEPT-SET,1772
14aafce8-a1a7-4173-bdc8-4f67aed1834a,,Medical Supply Items,Glass Vial with a rubber stopper flip top Sterile Non latex,CONCEPT-SET,1773
d8e34624-0396-49a1-8b81-a10f5887a134,,Medical Supply Items,Body Bag,CONCEPT-SET,1774
ed58bcec-8ccb-40c8-bfc5-9cde578dcc4e,,Medical Supply Items,Diaper Post Partem for women,CONCEPT-SET,1775
643b130f-c567-4f16-b43c-3dd8b81e4795,,Medical Supply Items,Gown Barrier Disposable Blue elastic cuffs neck and waist ties,CONCEPT-SET,1776
104ab650-8957-4810-86ee-7fe5c0ab94d6,,Medical Supply Items,EX Tube X2 FL100,CONCEPT-SET,1777
4b9d3860-bf1c-4e55-ae30-e3c8b1ece665,,Medical Supply Items,Lab Coat Blue Medium,CONCEPT-SET,1778
f9409aba-8622-408e-ab03-43cd06903f69,,Medical Supply Items,Fenestrated Towel 1mX1m,CONCEPT-SET,1779
658cdd39-4d70-4cab-8bc0-1807836e803d,,Medical Supply Items,Syringe Pump 50ml,CONCEPT-SET,1780
874fb97a-686e-4f86-beee-3816734b2ea6,,Medical Supply Items,Neck Collar Hard Medium size,CONCEPT-SET,1781
a0b3f526-8218-4e21-bf7a-f2521ae6eceb,,Medical Supply Items,Sample Collection Tube Round Bottom Graduated screw top 50ml,CONCEPT-SET,1782
9000055f-3797-42b8-8e13-0f8f419a3315,,Medical Supply Items,IV Catheter 20G,CONCEPT-SET,1783
7e2232df-66e8-4787-9b81-3b33e60f41ef,,Medical Supply Items,Bed Sheet small,CONCEPT-SET,1784
0e0076aa-97d4-4388-9fd9-2787e5d0ee89,,Medical Supply Items,Mosquito Bed Net (LLIN) PBO 190x180x170 cm (LxWxH),CONCEPT-SET,1785
07044222-54b6-4982-8490-659403c4c635,,Medical Supply Items,Surgical Cape,CONCEPT-SET,1786
48df1d28-7c78-4673-aec4-1bb94a096f03,,Medical Supply Items,Syringe Pump 20ml,CONCEPT-SET,1787
b0d2b75f-04bb-42d8-886c-085a1a6c9406,,Medical Supply Items,Mersilk Black Braided Black Gauge 1.5(4/0) 75 cm on 19 mm 3/8 Circle Reverse Cutting Needle,CONCEPT-SET,1788
ee5fef36-25e9-492c-87bc-804059d3fd9a,,Medical Supply Items,Ankle Support,CONCEPT-SET,1789
b102f0a4-42be-460c-a228-f09fcb607562,,Medical Supply Items,Hemodialysis catheter Kit,CONCEPT-SET,1790
9233be95-f933-44aa-8d1b-6576ba77037c,,Medical Supply Items,Table Drape 70cmx80cm,CONCEPT-SET,1791
177c2c59-7c99-4b6c-a565-5ff9567f3983,,Medical Supply Items,Syringe Pump 10ml,CONCEPT-SET,1792
588ec674-6bea-4037-9424-8e4470132504,,Medical Supply Items,Lab Coat White Large,CONCEPT-SET,1793
525b3a6d-7d2b-4bf6-aece-95c3f56611ac,,Medical Supply Items,Neck Collar Hard Large size,CONCEPT-SET,1794
20fa328a-c9e4-49e4-8f40-d959e46967b7,,Medical Supply Items,Hand Towel Soft Type,CONCEPT-SET,1795
a0ca9616-2d96-4611-b6fc-db522b4fe52a,,Medical Supply Items,Syringe Pump,CONCEPT-SET,1796
fe44c65e-def5-412d-bf82-113bcb19d410,,Medical Supply Items,"First Aid Tape 1""x10yd, cloth non sterile",CONCEPT-SET,1797
0032e09d-0c66-4fbc-9867-e9c6cd722d82,,Medical Supply Items,Tools Towel 50cm X 50cm,CONCEPT-SET,1798
78c7250f-5200-4f68-93b1-15664ea9efca,,Medical Supply Items,Gown Isolation,CONCEPT-SET,1799
12ea2a54-2327-4c81-81e3-16b6b66eaa07,,Medical Supply Items,Chest Tube 32Fr,CONCEPT-SET,1800
a71078f6-a421-475f-a790-5042f171a272,,Medical Supply Items,IV Catheter 24G,CONCEPT-SET,1801
5986bb38-fe6b-4913-b9a5-3ca074a2eae7,,Medical Supply Items,Pillow,CONCEPT-SET,1802
8e80397e-1dfe-47c7-bfa8-372916193e6c,,Medical Supply Items,Soft Sleep,CONCEPT-SET,1803
f7dfbd69-c89d-4a46-bc20-3e2c43cb4fd6,,Medical Supply Items,"Prolene 4.0 double armed Round , 90cm Long",CONCEPT-SET,1804
b20f78f0-0191-47c5-a58b-5d82af3f2d6c,,Medical Supply Items,Face Mask KF80,CONCEPT-SET,1805
1354ec4f-9bb3-4a6e-bc31-d12b14009841,,Medical Supply Items,Pillow Cloth,CONCEPT-SET,1806
8588374d-992f-492e-8c24-fb5caf431570,,Medical Supply Items,Towel small,CONCEPT-SET,1807
c1e07048-5c28-432b-be0f-9823be0494fa,,Medical Supply Items,Mask Non re breathing oxygen Large Size 50x36x30,CONCEPT-SET,1808
3496fbb5-9768-4cf0-a505-1da8acc3e1fc,,Medical Supply Items,Chest Tube 20Fr,CONCEPT-SET,1809
465b7953-0ed2-492a-b8f4-647a967a6d77,,Medical Supply Items,AV Fistula Needle 16G 16G*25mm rotable wing with backeye,CONCEPT-SET,1810
f9a50ac0-943d-4c40-bac4-7de22caae2a9,,Medical Supply Items,Mask Non re breathing oxygen Medium Size 50x36x30,CONCEPT-SET,1811
3de9de18-6d2a-43f8-aef2-e19ae2ad0782,,Medical Supply Items,Burner Bunsen,CONCEPT-SET,1812
a7f6890f-1bd5-4ce2-b786-08c21830450f,,Medical Supply Items,Blood Tube (tubing set for hemodialysis),CONCEPT-SET,1813
4590dde7-e475-43aa-aaac-542db09509a9,,Medical Supply Items,Abbot Cervi Specimen collection Kit,CONCEPT-SET,1814
709231d9-92c0-4054-9a17-f1345e4e3ff0,,Medical Supply Items,IV Catheter 22G,CONCEPT-SET,1815
a57de36e-81b4-4af7-902b-2516b6da34bc,,Medical Supply Items,Gown for Shower,CONCEPT-SET,1816
0c987c71-52e3-42c2-8901-448f6f1df054,,Medical Supply Items,Syringe Pump 30ml,CONCEPT-SET,1817
7579cb42-7fb6-44de-8a61-806ef1102477,,Medical Supply Items,"Set Administration Luer lock ports, 105''tubing, DEHP, NLatex baxter",CONCEPT-SET,1818
0425708c-1bf3-47dc-862d-1480e9b410f5,,Medical Supply Items,Mask Non re breathing oxygen Small Size 50x36x30,CONCEPT-SET,1819
b1004941-3a78-4247-a560-b807e4ecd8f1,,Medical Supply Items,"Pasteur transfer pipettes , Sterile",CONCEPT-SET,1820
7ccbba8c-2c13-46ee-8707-a77d12d63bd9,,Medical Supply Items,Dialyzer 1.6m2 Polyether sulfon surface area 1.6m2,CONCEPT-SET,1821
522a2688-5a15-433f-bb5c-97c96b306353,,Medical Supply Items,Towel X Small,CONCEPT-SET,1822
3fbf5dc9-ba57-4134-b06b-2f8919527910,,Medical Supply Items,Glove Surgical Latex Sterile No 6,CONCEPT-SET,1823
77f3ab2a-c3ee-4115-8b49-028ee1b96261,,Medical Supply Items,Patient Drape,CONCEPT-SET,1824
895b2050-82c6-4fad-b75c-770d2308be48,,Medical Supply Items,EX Tube X2FL,CONCEPT-SET,1825
16a70c96-4461-437e-89db-8bca32b3a098,,Medical Supply Items,Neck Collar Hard Small size,CONCEPT-SET,1826
f8135fb8-d980-4c48-9a80-4100e8c61277,,Medical Supply Items,Report Requisition Form For health Center,CONCEPT-SET,1827
cdfa7178-6f72-4c61-aafb-a11cfc40eadc,,Medical Supply Items,Meri Silk Black No.2/0 5E75DX26,CONCEPT-SET,1828
9a89fcf2-1a86-43ff-bb60-f5ef269f3d86,,Medical Supply Items,"Examination Glove Powder free Nitrile, Non sterile, Medium",CONCEPT-SET,1829
918cda5b-d4bb-46a2-beba-cf9e00060136,,Medical Supply Items,Vacutainer serum separator tube with yellow top 5ml Plastic,CONCEPT-SET,1830
272eff9c-cb84-4bb3-9315-8b41797241bc,,Medical Supply Items,Vacutainer serum separator tube with yellow top 5ml,CONCEPT-SET,1831
8b3f5779-2b2d-46d6-9f8e-f6a4f6a19e87,,Medical Supply Items,Endotracheal Tube,CONCEPT-SET,1832
71cd7886-3ec4-4bc9-8ab7-136b1c60eae5,,Medical Supply Items,Spinal Needle 8cm,CONCEPT-SET,1833
2c918a14-faa4-4b03-b1e2-377880e7165d,,Medical Supply Items,Oxygen Mask,CONCEPT-SET,1834
9ea66457-3e52-407a-81c0-19cda3055d57,,Medical Supply Items,Tracheostomy Tube,CONCEPT-SET,1835
a90aa7a0-39b4-4981-b68b-cadef9acf417,,Medical Supply Items,Catheter Ureteral 6CH,CONCEPT-SET,1836
9b31da26-2edd-4f45-a478-a2afeb0523fd,,Medical Supply Items,Mosquito Bednet,CONCEPT-SET,1837
87c89409-ffcc-4e4a-86a5-4a043619c599,,Medical Supply Items,Endotracheal Tube Sterile Cuffed 7CH,CONCEPT-SET,1838
d4b8d20a-cd40-4a5d-a4a0-7970c21e0c77,,Medical Supply Items,Syringe Insulin (Disposable),CONCEPT-SET,1839
316028af-a82c-4efd-b297-a7a45e27ac70,,Medical Supply Items,Cat Gut Chromic,CONCEPT-SET,1840
b8fb18b6-f857-4d28-a34a-e83a715c5ebd,,Medical Supply Items,Endotracheal Tube Sterile Cuffed 7.5CH,CONCEPT-SET,1841
d814bca8-5919-4950-ac21-5f6773111031,,Medical Supply Items,Mersilk Braided Black,CONCEPT-SET,1842
be157a0f-c1c7-483e-8319-8a3f9b9a4600,,Medical Supply Items,Micropipette Tips,CONCEPT-SET,1843
e211fd78-62d1-44f7-9cbe-d473e8438e19,,Medical Supply Items,Catheter Ureteral 8CH,CONCEPT-SET,1844
eb127a20-7282-435d-93a9-9edb08f4042e,,Medical Supply Items,Mask,CONCEPT-SET,1845
ff5fc6ad-68f1-4347-aa19-cb5988a625a8,,Medical Supply Items,"Petri Dishes Disposable polystyrene,sterile,autoclavable 15mmx100mm",CONCEPT-SET,1846
a8aff407-3186-4503-9e8b-e473ce01d966,,Medical Supply Items,Oxygen Mask with Reservoir bag 1000ml Transparent Mask 5.5mm + 2m Tube Latex green elastic strap L (126 x 83x63mm) Non sterile,CONCEPT-SET,1847
ddac34cf-0b3f-4fb3-bccd-64d090d20bab,,Medical Supply Items,Roch Survical collection Bursh,CONCEPT-SET,1848
8a88894a-ea61-4973-b247-98318bd9bb0a,,Medical Supply Items,Cartridge (Medical Supply),CONCEPT-SET,1849
99f344dd-f5c5-40d9-a217-c454532d333d,,Medical Supply Items,"Plate Microtitration, DAT test, 96wells, V Shaped bottom",CONCEPT-SET,1850
8c3667ce-3484-4d33-9b74-359f437c46ea,,Medical Supply Items,Micropipette Tip RNA free with filter 0.1 10ul,CONCEPT-SET,1851
7aaa8024-56af-4030-9af5-a3d4c0e2188d,,Medical Supply Items,Glove Examination Non Latex small,CONCEPT-SET,1852
01100948-1f1a-4d9c-9a98-57976ac434ee,,Medical Supply Items,Tubes sterile culture with snap cap polypropylene 12mmx75mm,CONCEPT-SET,1853
e72c1332-f80f-4a9f-8520-aa123117ebe3,,Medical Supply Items,Micropipette Tip RNA free with filter 100ul 1000ul,CONCEPT-SET,1854
11dd3b9e-9a4a-46c0-9e97-3b810aa22b7d,,Medical Supply Items,Intubating Stylet FR14 390mm EO Sterile,CONCEPT-SET,1855
fb1371be-7735-4729-a608-e28b9fd8667d,,Medical Supply Items,Nephrostomy Tube 10Fr,CONCEPT-SET,1856
7141299a-2b6a-4a2c-a541-0465c8231ef4,,Medical Supply Items,Sanitary Pad,CONCEPT-SET,1857
acfbe5fd-7e75-41bf-bae1-e4663b716e97,,Medical Supply Items,Glove Examination Non Latex large,CONCEPT-SET,1858
9252be9f-5192-4b1a-9f15-15ca980dd848,,Medical Supply Items,Disposable Under Pad 23'' x 24'',CONCEPT-SET,1859
d9934c0f-abf7-46de-90d3-8226c12442d5,,Medical Supply Items,Nephrostomy Tube 12Fr,CONCEPT-SET,1860
1db3cdfa-bcb8-4ada-b30b-2f2161e869fa,,Medical Supply Items,"Petri Dishes Disposable polystyrene,sterile,autoclavable 15mmx150mm",CONCEPT-SET,1861
a8d0ec3a-5dca-4398-bb97-b93bd22762ae,,Medical Supply Items,Corrugated Circuit for CPAP Mask Adult Pu tube 1.8m connector ID 22mm Non Sterile,CONCEPT-SET,1862
3e931d21-e01a-4647-8a89-2d67e8cce5d1,,Medical Supply Items,steripack Swabs,CONCEPT-SET,1863
9ade8c7b-c8b3-4553-9264-aff0eb9bc0b9,,Medical Supply Items,Lab Coat White Large Disposable,CONCEPT-SET,1864
9bdfaf93-57b8-4ff7-aa3f-c9d3c46a991a,,Medical Supply Items,Filter paper Size circular qualitative grad plan circular or sheet,CONCEPT-SET,1865
d3c33609-0250-483b-9c72-ebfd9901ea08,,Medical Supply Items,"Roche Cell Collection Medium, 250 x 20 mL, 1 Kit [Roche]",CONCEPT-SET,1866
a7d1f38d-35fa-44ca-9eeb-8dee76b65ea6,,Medical Supply Items,Elastic Straps for Face mask,CONCEPT-SET,1867
71f95891-c669-47c4-abcf-1b276f452b62,,Medical Supply Items,Lab Coat Blue Medium Disposable,CONCEPT-SET,1868
b084005e-d360-4cc9-8659-880d2ff687a2,,Medical Supply Items,Sample Collection Card,CONCEPT-SET,1869
5949042e-72f2-4f76-a0a2-0ecfefb03c44,,Medical Supply Items,Micropipette Tip RNA free with filter 20ul 200ul,CONCEPT-SET,1870
ed9a2e2e-6ae2-42c2-bf09-537fa416041d,,Medical Supply Items,Glove Examination Non Latex Medium,CONCEPT-SET,1871
aa89a1fb-6bfe-4c18-a291-a6f2851aece4,,Medical Supply Items,Oxygen Mask with Reservoir bag 1000ml Transparent Mask 5.5mm + 2m Tube Latex green elastic strap L (114 x 83x60mm) Non sterile,CONCEPT-SET,1872
8db38fb5-5a12-4faa-ad0f-ab85ed429aed,,Medical Supply Items,"Pasteur Transfer Pipette 60 uL, Graduated, Plastic, Non Sterile",CONCEPT-SET,1873
4cdd61d6-801a-458d-81e0-59569aef1fda,,Medical Supply Items,Cervical Collection Brush,CONCEPT-SET,1874
f862f8d9-076d-435b-a34b-fcccb2ea023e,,Medical Supply Items,Head Start Base,CONCEPT-SET,1875
38a77c46-9022-43f2-b5a1-721691d8f26b,,Medical Supply Items,Syringe Filter 25mm,CONCEPT-SET,1876
332e2d08-4437-495d-b453-d88a5467e897,,Medical Supply Items,Face Mask N95/FPP2 (Non medical),CONCEPT-SET,1877
ec202cec-d954-453e-9531-0e0fac47cee6,,Medical Supply Items,Pipette Sterile transfer plastic disposable individually wrapped 3ml,CONCEPT-SET,1878
fb1daeba-6e82-4a3e-a940-b3f74f73bda5,,Medical Supply Items,Bag Back Pack,CONCEPT-SET,1879
09a4bcc1-d7ea-4e2b-bbaa-d9440654abbb,,Medical Supply Items,Glove Examination Powder Free Nitrile Medium,CONCEPT-SET,1880
c78f9374-4d72-4680-b02d-95706f721507,,Medical Supply Items,Lactate Dehydrogenase(LDH) UV enzaymatic kinetic method,CONCEPT-SET,1881
c9362dfe-33f4-447d-967f-089607fbdeef,,Medical Supply Items,Surgical Gown large,CONCEPT-SET,1882
fd16321a-beb0-4a2d-b614-d52c0c77d66a,,Medical Supply Items,plastic Bag For seed 5 Litter,CONCEPT-SET,1883
6417739d-08ca-40e6-afc9-c45d0b13dfc3,,Medical Supply Items,Biohazard Bags Disposable Red 830x930mm,CONCEPT-SET,1884
1b62fed1-d765-4401-a355-854bc48e26c0,,Medical Supply Items,"Mask Surgical Type IIR, level 2,s.u,non sterile, earloop",CONCEPT-SET,1885
ef03683b-38c6-497e-a5b1-f2ae28c251c4,,Medical Supply Items,Masking Surgical type llR,CONCEPT-SET,1886
d5ec1378-f264-4bce-89c2-c1e1fbef491e,,Medical Supply Items,Mask CPAP Medium size,CONCEPT-SET,1887
6e432785-ac27-457f-a927-5d6f2e84ae60,,Medical Supply Items,plastic Bag For seed 0.5 Litter,CONCEPT-SET,1888
9c94d9a0-011d-447a-99d9-fff898bbf7ff,,Medical Supply Items,Sterile Collection Swab,CONCEPT-SET,1889
85680e68-7a1e-41c3-a293-b12a789e862a,,Medical Supply Items,Dust Bin For Bio hazard bag Yellow,CONCEPT-SET,1890
f81a6793-d63b-426a-8137-8923ce3c2802,,Medical Supply Items,COBAS 4800 Amplification and Detection plate and seal,CONCEPT-SET,1891
5e048bf4-4fad-4888-9cbd-f296de6cff7d,,Medical Supply Items,Breathing Circuit,CONCEPT-SET,1892
0bddf3d3-51be-4dff-b43c-edfbef89819f,,Medical Supply Items,Mask CPAP Large size,CONCEPT-SET,1893
1a139925-07eb-4436-9ac4-b659115f2ccd,,Medical Supply Items,Dust Bin For Bio hazard bag Black,CONCEPT-SET,1894
19f75834-7906-4414-97b7-9bce18216892,,Medical Supply Items,Adhesive Tab,CONCEPT-SET,1895
9595604b-005a-467f-99ac-644d33b002a5,,Medical Supply Items,Masking Tab,CONCEPT-SET,1896
de4ce1ac-d222-4bd4-8572-7aea44e2e267,,Medical Supply Items,"Haematocrit Capillary tube length 75mm,ID 1.1 1.2mm,OD 1.5 1.6mm,20µl",CONCEPT-SET,1897
7587abdd-38f3-4f3e-af0b-b130782133c2,,Medical Supply Items,Mask Non Breathing adult,CONCEPT-SET,1898
203e4a1d-5c4c-4a47-9df3-aea8065b46cd,,Medical Supply Items,"Lab Wipe Poly,14.4x12.5 in",CONCEPT-SET,1899
68d93a49-84e3-40b3-836f-50a86f3f2466,,Medical Supply Items,Dust Bin For Bio hazard bag Red,CONCEPT-SET,1900
e89bc6c7-2085-4023-9361-936963c4b825,,Medical Supply Items,Syringe Insulin (Disposable) 1ml on 4mm with Fixed Needle 29G,CONCEPT-SET,1901
5124afae-3412-4f1c-a3e8-bddd805fd183,,Medical Supply Items,Surgical Gown X Large,CONCEPT-SET,1902
34ec24ef-6453-4510-8f0e-480f11c911af,,Medical Supply Items,Mask Venturi Large for oxygen supply,CONCEPT-SET,1903
db271bd6-e62b-4d60-8021-26c9379cef06,,Medical Supply Items,Tubing Oxygen supply 7.6 meter,CONCEPT-SET,1904
2580e878-9e0c-4039-ae53-5ea319a27bde,,Medical Supply Items,Mask Venturi Small for oxygen supply,CONCEPT-SET,1905
903b8c2a-62b9-4966-ba34-86b50be84c88,,Medical Supply Items,Bandage jersey tubular 10cm x 4m,CONCEPT-SET,1906
fc02cba7-a760-43f2-a2a5-a49fc8a589b9,,Medical Supply Items,Plaster Of Paris (P.O.P) 7.5cm x 2.7m,CONCEPT-SET,1907
63b9f0d4-2714-4e6b-99d5-844db8f05d48,,Medical Supply Items,Hypodermic Needle 21G,CONCEPT-SET,1908
d0122572-c589-4f24-be0c-3005f171e557,,Medical Supply Items,Adhesive Plaster Zinc Oxide 10cm x 5m,CONCEPT-SET,1909
d63d23a1-f649-4de5-ab9b-5caed1da56af,,Medical Supply Items,Bandage Extensible Non Adhesive 7cm X 4m,CONCEPT-SET,1910
93a9cf25-2bfb-4c27-a009-da0247f21362,,Medical Supply Items,Surgical Glove Sterial Latex No. 8.5,CONCEPT-SET,1911
7477387f-37b0-441c-ab80-9d71c12cb6de,,Medical Supply Items,Bandage jersey tubular 15cm X 4m,CONCEPT-SET,1912
c9fea47a-0de8-40c8-96ee-1a307db90db5,,Medical Supply Items,Plaster Of Paris (P.O.P) 10cm x 2.7m,CONCEPT-SET,1913
5f38070f-e8a3-450f-97a5-4f38ac49ed33,,Medical Supply Items,Hypodermic Needle 25G,CONCEPT-SET,1914
caf14b8c-7d76-4ddb-b83e-37ec43b2d309,,Medical Supply Items,Bandage crepe 6cmx4m,CONCEPT-SET,1915
ad0682ed-30df-40c2-9b2e-9e4725dd82ee,,Medical Supply Items,Disposable Syringe Without Needle 5ml,CONCEPT-SET,1916
0e67e695-3ceb-4b2a-8c2a-85428551734c,,Medical Supply Items,Glove Gynecological Examination(Elbow Glove) No 8.5,CONCEPT-SET,1917
efd5b4dc-4af4-4812-a9c7-f7adc914f65e,,Medical Supply Items,Bandage crepe 10cm x 4m,CONCEPT-SET,1918
14e7cb38-5e10-45d0-88e6-a6de891961f7,,Medical Supply Items,Disposable Syringe Without Needle 20ml,CONCEPT-SET,1919
c644e5db-6e2d-4ed9-8374-c14e59c45f33,,Medical Supply Items,Gauze Swab 10cm X 10cm non sterile,CONCEPT-SET,1920
59ee9c55-2e25-41e6-9c46-4d04bc83e205,,Medical Supply Items,Bandage jersey tubular 6cmx4m,CONCEPT-SET,1921
399cc0e5-9606-4a6c-b3fb-5b32f4f0b16e,,Medical Supply Items,Disposable Syringe Without Needle 60ml,CONCEPT-SET,1922
19fadd31-60b8-462d-80e6-26010ef2d281,,Medical Supply Items,Hypodermic Needle 19G,CONCEPT-SET,1923
7e51759f-3cb5-4705-bffb-2c36a5c2aa15,,Medical Supply Items,Bandage Extensible Non Adhesive 6cmx4m,CONCEPT-SET,1924
b3a5644d-cea6-423e-b188-a5b4ae5e4a53,,Medical Supply Items,Blood Collecting Bag CPDA1 Anticoagulant Single 1000ml,CONCEPT-SET,1925
670fb848-a1d7-45e7-b19e-ccc7bda5f93c,,Medical Supply Items,Mucus Extractor Different Size,CONCEPT-SET,1926
ecc3dac0-52b5-46ec-ab0d-58c9d2308541,,Medical Supply Items,Bandage jersey tubular 15cm X 25m,CONCEPT-SET,1927
556952de-e939-4a87-9714-f806c3a650e7,,Medical Supply Items,Blood Collecting Bag CPDA1 Anticoagulant Single 500ml,CONCEPT-SET,1928
6cf90cb0-78c6-44b6-8fd1-8797e03d1735,,Medical Supply Items,Glove Kichen Different Size,CONCEPT-SET,1929
a3842bde-0eac-40d4-be4f-4abb9eccd172,,Medical Supply Items,"Insulin Delivery Device 100units/ml, 3ml",CONCEPT-SET,1930
2aca0399-8f05-4bf9-b27e-41e5c9333b88,,Medical Supply Items,Respirator MSA 1/2 face 808074 of 41 pcs,CONCEPT-SET,1931
d0503499-e997-4908-b04e-7a6d0af211a3,,Medical Supply Items,Coverall Enviroguard 8015V of 640pcs,CONCEPT-SET,1932
e5b542d2-ac25-444f-b05a-4c0b8fd2463b,,Medical Supply Items,Respirator 3M P100 8233 of 240 pcs,CONCEPT-SET,1933
222e86be-40af-452a-963d-954be3db6e7d,,Medical Supply Items,Respirator Surgical mask of 300pcs,CONCEPT-SET,1934
6342c499-aa57-4728-9547-6b20a990171b,,Medical Supply Items,Shoe cover of 100pcs,CONCEPT-SET,1935
75b3d63a-7bd8-4245-bb0b-b01c2d1863b6,,Medical Supply Items,Respirator MSA 1/2 face 808075 of 3 pcs,CONCEPT-SET,1936
fbe2c8d8-9f89-4817-8fa2-3f79cfb4ce7e,,Medical Supply Items,Coverall Pentamax C3909 1xL of 25pcs,CONCEPT-SET,1937
ef2abe31-f5b2-4581-b342-856a19c3a55b,,Medical Supply Items,Respirator MSA 1/2 face 808073 of 42 pcs,CONCEPT-SET,1938
b4bbd81d-48a6-4a77-b555-42bce55ce414,,Medical Supply Items,Respirator Face mask of 320pcs,CONCEPT-SET,1939
96471329-170b-4b31-9b63-d0224eb079d2,,Medical Supply Items,Syringe(AD) 0.3ml,CONCEPT-SET,1940
19d2d6d2-663e-4cdf-b352-42c3ddd57c12,,Medical Supply Items,Respirator 3M N95 8000 of 4680 pcs,CONCEPT-SET,1941
e3dee24e-b2b4-4e22-bc85-90c7a885b507,,Medical Supply Items,Filter pad cap MSA of 100pcs,CONCEPT-SET,1942
283fcbcb-1484-46b3-811e-7a6f828e9de6,,Medical Supply Items,Coverall Pentamax C3909 4xL of 25pcs,CONCEPT-SET,1943
2afdafe4-973d-4e74-ac76-725c3dad8b77,,Medical Supply Items,Filter pad MSA p100 canister 815177 of 180pcs,CONCEPT-SET,1944
b97ee06c-177c-4c4a-8ef4-a2aa96a77e99,,Medical Supply Items,Coverall Pentamax C3909 3xL of 75pcs,CONCEPT-SET,1945
560bf87e-ee39-47a5-a655-f3763a078c9d,,Medical Supply Items,Filter pad MSA p100 816662 of 145pcs,CONCEPT-SET,1946
d5ea9ee4-321c-4089-a584-46cc09f058fc,,Medical Supply Items,Coverall Enviroguard 8015V of 80pcs,CONCEPT-SET,1947
a179e456-3d15-4487-8df4-9d5bc33c0236,,Medical Supply Items,Filter pad MSA p100 canister 10153412 of 1350pcs,CONCEPT-SET,1948
b79a653e-5e1b-4055-b603-f0b85b943d17,,Medical Supply Items,Coverall Pentamax C3909 2xL of 75pcs,CONCEPT-SET,1949
4fa0753d-397e-4710-be2f-79a31561b0d6,,Medical Supply Items,Plaster Of Paris (P.O.P) 20cm x 2.7m,CONCEPT-SET,1950
9c08b745-b03c-43ba-b2e7-e852e41065c7,,Medical Supply Items,Injection Stopper for IV Cannula,CONCEPT-SET,1951
ae4eea11-6cef-4633-8f83-f31a7d97bd28,,Medical Supply Items,Blood Collecting Bag CPDA1 Anticoagulant Single 150ml,CONCEPT-SET,1952
6ef81b49-9d37-4ba4-a561-eb574af0d061,,Medical Supply Items,Infusion Giving Set Pediatric,CONCEPT-SET,1953
ea196eef-c996-4d79-84b4-5552c42df1d9,,Medical Supply Items,Adhesive Plaster Zinc Oxide 2.5cm x 5m,CONCEPT-SET,1954
04917426-fdfb-4eff-8bcb-b44de8094256,,Medical Supply Items,Tracheostomy Tube Plastic With 90 Degree Curvature Size 6,CONCEPT-SET,1955
342bcc18-85dc-48ec-aad3-4f7a9478ff04,,Medical Supply Items,Tracheostomy Tube Plastic With 90 Degree Curvature Size 5.5,CONCEPT-SET,1956
4300709a-0875-448e-8250-57169f59450c,,Medical Supply Items,Tracheostomy Tube Plastic With 90 Degree Curvature Size 4.5,CONCEPT-SET,1957
db9b9cb3-2764-48f8-8cb1-36f5a4605450,,Medical Supply Items,Lint free cloth,CONCEPT-SET,1958
0ebc6b9b-9134-4e91-9c1a-d97acf05d276,,Medical Supply Items,"Absorbent pad with plastic Backing (Blue diapers), , 17x24 inches, 250/cases/5/pack",CONCEPT-SET,1959
27f7ad8b-1131-4e6e-b057-8a7896785697,,Medical Supply Items,Alinity i Pipettor probes,CONCEPT-SET,1960
bf8cdcd6-d6d4-4502-a8fe-c11ef3edd94e,,Medical Supply Items,Cap R Rdy ind cel 10x11.5ml,CONCEPT-SET,1961
379b39e8-71cb-417a-9990-bcd324d83014,,Medical Supply Items,Capture R Ready Screen I/II,CONCEPT-SET,1962
a6253796-0ac6-4ef2-aa58-34d9d673cd3a,,Medical Supply Items,Cap R control set 2x11.5ml,CONCEPT-SET,1963
f742b099-e030-469f-abc1-ada2f40dfee9,,Medical Supply Items,"Bed Sheet 289x178cm , Washable",CONCEPT-SET,1964
62cb9655-a612-4a97-9df3-432fd528f144,,Medical Supply Items,"Polyglycolic acid absorbable braided violet Size 3, 27mm KS reverse cutting",CONCEPT-SET,1965
78a11744-4e13-406b-8783-0449ee8358c3,,Medical Supply Items,COBAS Omni 6800/8800 Secondary Tube,CONCEPT-SET,1966
002e52da-6f01-40d8-b6f3-0ec35524e56f,,Medical Supply Items,"Polyglycolic acid absorbable braided violet Size 4, 18mm Ps 3 cutting",CONCEPT-SET,1967
779f2b69-51b2-4f4b-bc8d-7fc2f6c4a60c,,Medical Supply Items,"Polyglycolic acid absorbable braided violet Size 3, 18mm RB 1 Taper",CONCEPT-SET,1968
7cb16d5c-2b5c-4456-aa12-adeeb4f2062a,,Medical Supply Items,"Polyglycolic acid absorbable braided violet Size 4, 18mm RB 1 Taper",CONCEPT-SET,1969
23a96697-bb29-46b5-b701-56df93015eba,,Medical Supply Items,"Polyglycolic acid absorbable braided violet Size 3, 27mm CT 3 cutting",CONCEPT-SET,1970
fbb202a0-80be-4c09-92ca-511120b7c7dd,,Medical Supply Items,"Polyglycolic acid absorbable braided violet Size 4, 27mm Ps 1 cutting",CONCEPT-SET,1971
c00f10ff-385e-48ca-9428-06a2642646fb,,Medical Supply Items,"Polyglycolic acid absorbable braided violet Size 3, 18mm PS 2",CONCEPT-SET,1972
6972cccd-a8cd-45c1-80ab-11fe63dc3073,,Medical Supply Items,FACS presto Thermal paper Roll 6cm x 12m,CONCEPT-SET,1973
5ee4bec9-460e-4e75-a69c-9ef2acc46149,,Medical Supply Items,"Polyglycolic acid absorbable braided violet Size 0, 0.8x18mm CT 2 Taper",CONCEPT-SET,1974
d87d9a25-26ac-443f-bdb6-d52949ace12d,,Medical Supply Items,Syringe(AD) 0.3ml with 23G,CONCEPT-SET,1975
4feae4f0-a04c-4973-8552-d8d8eba0b22b,,Medical Supply Items,CVP line kit Size 7Fr,CONCEPT-SET,1976
2e547853-8171-43e4-b256-ad3e936755b3,,Medical Supply Items,St.Jude master Aortic Mechanical heart valve with standard cuff Size 29mm,CONCEPT-SET,1977
f0d2cad5-0f47-4fde-b519-984b0ab2d54c,,Medical Supply Items,Cardipulmonary Bypass Oxygenators adult/afinity fusion,CONCEPT-SET,1978
ecf2fb18-44e3-4f04-827d-4b1668a39da0,,Medical Supply Items,"Prolene Double arm round needle 5/0, 90cm on 17mm",CONCEPT-SET,1979
56729857-edfc-4f08-ac14-bd4095a01569,,Medical Supply Items,Cardipulmonary Bypass Oxygenators pediatrics/pixie,CONCEPT-SET,1980
28e4db8e-efd9-41d5-8231-49c8a20ec0ba,,Medical Supply Items,St.Jude master Aortic Mechanical heart valve with standard cuff Size 31mm,CONCEPT-SET,1981
b7833190-cef7-43a8-ac86-3c7053ace26d,,Medical Supply Items,St.Jude master Aortic Mechanical heart valve with standard cuff Size 27mm,CONCEPT-SET,1982
195eebad-9147-4c76-8b9b-392d07b6d267,,Medical Supply Items,St.Jude master Aortic Mechanical heart valve with standard cuff Size 23mm,CONCEPT-SET,1983
edcea3a7-ed2a-4035-b5d2-9e00dd3e3e9c,,Medical Supply Items,"Prolene Double arm round needle 4/0, 90cm on 17mm",CONCEPT-SET,1984
99bb5f4d-832c-449c-aa9d-067654e6cd5b,,Medical Supply Items,COBAS 6800/8800 Solid waste bag with insert,CONCEPT-SET,1985
eb8167fc-ff9a-4cfb-ba4d-6804e42622cf,,Medical Supply Items,St.Jude master Aortic Mechanical heart valve with standard cuff Size 21mm,CONCEPT-SET,1986
26e8f938-f850-4ae1-9e75-069584e23e75,,Medical Supply Items,"Prolene Double arm round needle 4/0, 90cm on 26mm",CONCEPT-SET,1987
714b1742-9585-4c0c-8ecf-394a7f1a7055,,Medical Supply Items,St.Jude master Aortic Mechanical heart valve with standard cuff Size 25mm,CONCEPT-SET,1988
062cc594-fb96-4779-9905-d5723205d379,,Medical Supply Items,"Prolene Double arm round needle 4/0, 90cm on 22mm",CONCEPT-SET,1989
e7a3a931-3376-4502-b3ee-5bd3f02b3ff0,,Medical Supply Items,St.Jude master Aortic Mechanical heart valve with standard cuff Size 19mm,CONCEPT-SET,1990
c67ea510-e4ec-49aa-816b-14fee5a348b7,,Medical Supply Items,"Prolene Double arm round needle 5/0, 75cm on 13mm",CONCEPT-SET,1991
3184fc72-2723-48e5-9152-9781a5e42207,,Medical Supply Items,"Gown Isolation Non woven, Disposable extra large",CONCEPT-SET,1992
73ac445c-7e22-45cc-ae5b-c550628bb7b2,,Medical Supply Items,Centrifuge Secondary Tube 5 ml 13x75mm,CONCEPT-SET,1993
92eb9fc0-cf21-485b-85b1-6b3d907eeb5e,,Medical Supply Items,"Gown Isolation Non woven, Disposable large",CONCEPT-SET,1994
a62c7ea9-c04d-4f60-a7e0-b0d07fc5feb8,,Medical Supply Items,"Master sizer set, complete",CONCEPT-SET,1995
edd49dd5-57d3-4075-8a9d-dbc0bfd22480,,Medical Supply Items,Cryogenic Vial of 50 pcs,CONCEPT-SET,1996
3ee2962a-de67-4aa5-9850-18b306b72c3a,,Medical Supply Items,Plasma Preparation Tube,CONCEPT-SET,1997
32480af2-4c6a-4cc0-9507-1073642bff3e,,Medical Supply Items,Umblical Cord Tie/Cotton Tape 6mm x 24.5m,CONCEPT-SET,1998
653802bb-b433-46d5-9c87-b51a751770bd,,Medical Supply Items,Syringe Insulin (Disposable) 1ml on 4mm with Fixed Needle 32G,CONCEPT-SET,1999
c1622868-937a-4b08-93bc-e4cbde1d79bb,,Medical Supply Items,Catheter Ureteral 12CH,CONCEPT-SET,2000
9b1a9a58-71c2-47b6-bdbb-63b698a42b5e,,Medical Supply Items,Cryogenic Box,CONCEPT-SET,2001
8c35d963-72a5-4f3b-a4eb-887c1b6a8bc7,,Medical Supply Items,SARs COVID 2 kit,CONCEPT-SET,2002
65a11534-2bda-4f04-bee1-87ca538e9004,,Medical Supply Items,Oral Hydration drop drop packets,CONCEPT-SET,2003
05d58ec4-1c9e-4931-a177-b163a1aa8a86,,Medical Supply Items,Test Tube Plastic 12x75mm round bottom sterile with snap cap,CONCEPT-SET,2004
be19c2e3-f0c7-49ba-9e5c-0b3b26f04480,,Medical Supply Items,Sharp Collector 8QT Nestable Funnel top,CONCEPT-SET,2005
5f1244e8-aded-4001-acf2-79d4554d92e1,,Medical Supply Items,"Gown Isolation Non woven, Disposable, Medium",CONCEPT-SET,2006
67835f69-d4a6-4475-ae36-7f93ba7f6764,,Medical Supply Items,"Goggle protective green /gray adj headband, polycarb scratch resistant D3",CONCEPT-SET,2007
3b6e1968-6c3f-4420-b77d-b2fb3a31a9cd,,Medical Supply Items,Prosthesis Bra,CONCEPT-SET,2008
77616f9f-ffb7-4e1b-a0a5-fa28f7aaf4b8,,Medical Supply Items,Syringe(AD) 0.05ml with Needle 27G,CONCEPT-SET,2009
d571d488-0142-4e09-8e4e-dd50a2db792b,,Medical Supply Items,Gown Isolation 130cmx150cm,CONCEPT-SET,2010
9c3bd7f0-6c4e-4fc0-a140-7e453defbaa1,,Medical Supply Items,Gown Isolation 120cmx140cm,CONCEPT-SET,2011
58a79e51-51dc-4c51-9673-b4cb4a319e6e,,Medical Supply Items,Disposal Head Cap,CONCEPT-SET,2012
8cc83fb0-8436-48f9-995b-60405bf36c8f,,Medical Supply Items,Tracheostomy Tube Plastic With 90 Degree Curvature Size 4,CONCEPT-SET,2013
d269b71a-f0af-4f7a-b9ee-4c2c130c0e49,,Medical Supply Items,Mosquito Bednet 180cm x 190cm x 150cm (LxWxH),CONCEPT-SET,2014
69adc9b8-bf09-4628-8d5e-5e10f67cd188,,Medical Supply Items,Mosquito Bednet 180cm x 190cm x 160cm (LxWxH),CONCEPT-SET,2015
99472cb0-72c5-4816-9993-54ff836712f8,,Medical Supply Items,Dental Wire 22CH,CONCEPT-SET,2016
a624c326-c820-4a48-996f-c1923c12e47f,,Medical Supply Items,Mosquito Bednet 190cm x 180cm x 180cm (LxWxH),CONCEPT-SET,2017
39799906-0b68-40a5-9470-12979caf0f76,,Medical Supply Items,Mosquito Bednet 190x180x170 cm (LxWxH),CONCEPT-SET,2018
ee24a540-bac0-46c4-9d33-0a1cf9c57905,,Medical Supply Items,Plastic droper Non sterile size hold 7ml of liquid with graduated marking in 0.5ml increments,CONCEPT-SET,2019
15e03371-984f-4517-82b3-b0309ceb67ab,,Medical Supply Items,Tubular bandage 2m,CONCEPT-SET,2020
63846011-4b80-44f5-ac4c-fb8461698f90,,Medical Supply Items,"Polysulfone filter Surface area 1.8, low flux m2 gamma sterilization",CONCEPT-SET,2021
4da1c9aa-743a-49a1-aed5-341a4c282ac8,,Medical Supply Items,Surgical Scalpel Blade No. 18,CONCEPT-SET,2022
c0569a98-1bd9-4130-adc0-be8e7cac0823,,Medical Supply Items,Blood line with re circulation bag,CONCEPT-SET,2023
8f701cf1-8db6-4635-8e32-6add1adbe14b,,Medical Supply Items,"Polysulfone filter Surface area 1.6, low flux m2 gamma sterilization",CONCEPT-SET,2024
ea23b17c-e39f-431b-9e73-aa87be149d3a,,Medical Supply Items,"Hemodialysis catheter (non tunneled) 12Fr, 15cm length",CONCEPT-SET,2025
7216ad48-3430-4368-97e3-d17fd161ada3,,Medical Supply Items,"Kidney biopsy needle 18G,20cm length",CONCEPT-SET,2026
9ed894f7-793c-4aff-a5ba-f34d51b38f5b,,Medical Supply Items,"Kidney biopsy needle 16G,20cm length",CONCEPT-SET,2027
265d0052-39d4-467d-8f5c-9984d4f222d8,,Medical Supply Items,"Polysulfone filter Surface area 1.0, low flux m2 gamma sterilization",CONCEPT-SET,2028
082138ae-0b38-4a2f-8798-43a6028bea5f,,Medical Supply Items,"Hemodialysis catheter tunneled cuffed, cuff top tip 23 cm length",CONCEPT-SET,2029
b06b37af-8ae8-4ba0-86f9-dbe4f710f7b0,,Medical Supply Items,"Hemodialysis catheter (non tunneled) 12Fr, 20cm length",CONCEPT-SET,2030
6c005faf-54d8-4546-a89a-e0b07c903a39,,Medical Supply Items,Tally Sheet,CONCEPT-SET,2031
de93d6e2-67d7-43e3-ab88-cf86daae298c,,Medical Supply Items,Syringe(AD) 2ml with Needle 23G,CONCEPT-SET,2032
3821c898-3b4c-44fc-871a-cf34b1698fd5,,Medical Supply Items,Thick probe(Needle) A25,CONCEPT-SET,2033
ee8414d4-e7ba-41c2-9603-b515959f74ee,,Medical Supply Items,Halogen Lamp 12V/20 watt for A25,CONCEPT-SET,2034
5eb2865a-32aa-4f55-897e-8da957abe4b1,,Medical Supply Items,K wire 2.5mm Diameter with 25cm length,CONCEPT-SET,2035
e3a56dc8-917e-4bdb-a288-ce5211e4ec52,,Medical Supply Items,K wire 1.8mm Diameter with 25cm length,CONCEPT-SET,2036
45a93b78-9272-4439-a357-d167a72960cf,,Medical Supply Items,IV giving set,CONCEPT-SET,2037
0b04972a-1b76-49a4-b360-55a133569664,,Medical Supply Items,Reaction Rotor,CONCEPT-SET,2038
33439b99-32ca-4d6c-8932-027f6b21f9ba,,Medical Supply Items,Bondable Buccal Tubes,CONCEPT-SET,2039
d1c6e6ea-4a35-4c34-a49c-d7960a25f5c3,,Medical Supply Items,G6PD Test tube,CONCEPT-SET,2040
6d1a6c0f-edf2-49fd-b74a-10d24bf54299,,Medical Supply Items,Polypropylene homo polymer sheet 3mm olive,CONCEPT-SET,2041
e95bbe25-2432-43b8-b80d-5a2c299003f9,,Medical Supply Items,Polypropylene homo polymer sheet 5mm olive,CONCEPT-SET,2042
806202dd-64d8-444b-bc00-5821f683a1d4,,Medical Supply Items,Polypropylene homo polymer sheet 4mm olive,CONCEPT-SET,2043
6e6b0d3d-533a-4684-bdff-b385a835eaee,,Medical Supply Items,Cobas 4800 Plasma Separation card bundle,CONCEPT-SET,2044
8a9d4e5d-63a7-4332-8bac-0f9bb9433783,,Medical Supply Items,Mosquito Bed Net (LLIN) 180cm x 160cm x 150cm (LxWxH),CONCEPT-SET,2045
707eb78e-6f07-44de-be5f-37b519e32d72,,Medical Supply Items,Lab Wipe 30 X 35cm,CONCEPT-SET,2046
ff690798-80d7-42fe-a043-a441a68b5938,,Medical Supply Items,Adhesive Tape 10cm x 5m,CONCEPT-SET,2047
ceb920ed-26fd-486e-9932-4311909b855a,,Medical Supply Items,"Centrifuge Secondary Tube 5 ml 13x75mm,With cap",CONCEPT-SET,2048
c0eb5029-42ad-4ae1-bb71-821b9aa72c25,,Medical Supply Items,Paster Transfer Pipet 3 4ml sterile individual wrapped,CONCEPT-SET,2049
2ee6f330-57df-43d0-803f-f8dfda7a4326,,Medical Supply Items,Sample collection kit,CONCEPT-SET,2050
ecfb2fca-ec77-4a0f-b1c5-73480a81ae0b,,Medical Supply Items,Level 2 Gown with velcro knit cuff X Large,CONCEPT-SET,2051
dd1971f4-6f63-4e84-903e-48d44ea1812d,,Medical Supply Items,Level 2 Gown with tie back and elastic cuff X Large,CONCEPT-SET,2052
bd6bef28-a70a-494f-8704-66c39f0796fe,,Medical Supply Items,GNI fluorescent lamp,CONCEPT-SET,2053
a773ca3a-3d49-46a6-ab5c-07c87b9854ea,,Medical Supply Items,Level 3 Gown white cuff large,CONCEPT-SET,2054
127bad72-5fde-4b07-93a5-9263c27c6dcc,,Medical Supply Items,St. Jude masters series mitral Mechanical heart Valve standard cuff Size 29mm,CONCEPT-SET,2055
d7db0e93-30a5-4e28-ac9a-5b681f2cd337,,Medical Supply Items,Level 2 Gown with tie back and elastic cuff large,CONCEPT-SET,2056
9966a916-68a1-4d2e-9739-f86daa37aaf6,,Medical Supply Items,NI service kit,CONCEPT-SET,2057
c83c6302-2720-4e1b-9673-1a7202128e05,,Medical Supply Items,St. Jude masters series mitral Mechanical heart Valve standard cuff Size 27mm,CONCEPT-SET,2058
3d5e181c-4d20-486c-8ca2-c310514b4ff2,,Medical Supply Items,BD Vacutainer F22 tube,CONCEPT-SET,2059
866c3064-858b-40fa-8d75-8c10f5834c26,,Medical Supply Items,Level 2 Gown with velcro knit cuff large,CONCEPT-SET,2060
8c872392-ead9-4eea-996a-2027d1379647,,Medical Supply Items,St. Jude masters series mitral Mechanical heart Valve standard cuff Size 31mm,CONCEPT-SET,2061
abc9e02e-1a54-42f5-bdb3-419b2c119866,,Medical Supply Items,Level 3 Gown white cuff X Large,CONCEPT-SET,2062
1513c386-71b2-4f4a-a8bb-d9e4482c6c41,,Medical Supply Items,St. Jude masters series mitral Mechanical heart Valve standard cuff Size 25mm,CONCEPT-SET,2063
b438a932-cc67-44e2-9188-1574b135e447,,Medical Supply Items,BD Vacutainer KE2 tube 6ml,CONCEPT-SET,2064
a63f320c-8c9a-4edb-ae12-aa933dbc71f0,,Medical Supply Items,Wire Splint Hand,CONCEPT-SET,2065
22d9aeca-bd48-4441-856e-01cdaf675632,,Medical Supply Items,Wire Splint Leg,CONCEPT-SET,2066
58e64fe5-646e-4b2a-bc65-2e6ff24926b2,,Medical Supply Items,Blood Collecting Bag Penta,CONCEPT-SET,2067
8dae586a-1d70-4734-8144-b631ae39e3da,,Medical Supply Items,Vacutainer needle 20G,CONCEPT-SET,2068
996606e2-8b27-482c-9cfe-6ebb23dd1a30,,Medical Supply Items,Vacutainer serum separator tube with red top 3.5ml,CONCEPT-SET,2069
583f576d-67ec-45fc-8a68-37e64b737896,,Medical Supply Items,Hood,CONCEPT-SET,2070
c145942d-2669-498e-860c-ced64034cca3,,Medical Supply Items,Belt,CONCEPT-SET,2071
1af1e859-f655-42b1-8789-5283a49c4a74,,Medical Supply Items,Replacement hoods of 25,CONCEPT-SET,2072
90b72e4c-9cf1-45bd-b394-3487ca02df35,,Medical Supply Items,Catheter Ureteral 16CH,CONCEPT-SET,2073
bd4be5aa-7cc6-4271-98ed-c42f0f6c9ee3,,Medical Supply Items,Laboratory Supplies Urine cup plastic 40ml capacity,CONCEPT-SET,2074
fe7f0677-2afa-4f37-8979-13251bbdc41a,,Medical Supply Items,Slide Box hinged plastic holds 100 slides,CONCEPT-SET,2075
e69f0ea2-739e-4006-9d31-e3b7b819bc16,,Medical Supply Items,"Laboratory Supplies Microscope Lens cleaning solution, non flammable: 2 oz",CONCEPT-SET,2076
1963c226-91cf-46a3-b86a-023df8a73c83,,Medical Supply Items,Brown glass bottle 500ml,CONCEPT-SET,2077
fd5bba4a-35ec-4df7-81ba-5cdeeca7d2be,,Medical Supply Items,Battery Holster,CONCEPT-SET,2078
51f8b17c-69d6-43f9-9656-95c1f28748f6,,Medical Supply Items,Laboratory Supplies Microscope Lens cleaning tissue paper lint free: 4x6 inch W(10.1x15.2 cm) sheets per book,CONCEPT-SET,2079
dfd55f7a-a3cc-4154-b726-19b6b6c3b3e5,,Medical Supply Items,"Laboratory Supplies Stool Specimen Container disposable, polypropylene, with Cover",CONCEPT-SET,2080
04842088-1072-4a49-ac67-e387df1839fe,,Medical Supply Items,Weighing paper disposable,CONCEPT-SET,2081
103b10e4-fd25-4d0d-9c7c-873dbae433da,,Medical Supply Items,Microscope Slide Frosted 75mmx25mm x 1mm thick,CONCEPT-SET,2082
4cc22f18-7c00-4c1e-841e-1ed5fae42c8a,,Medical Supply Items,Gauze Dressing 2 In x 2 In,CONCEPT-SET,2083
5f6b5d0b-540c-47fd-9a2a-2e68a5f33c44,,Medical Supply Items,"Laboratory Supplies Conical test tube , Graduated 10ml, plastic",CONCEPT-SET,2084
e7bd4bbd-dcf5-4597-b6f9-10b5801ef75f,,Medical Supply Items,Autoclave Indicator Tape 1.9cm x 5m,CONCEPT-SET,2085
976996fd-ab98-4782-9ed2-cd208f5404c8,,Medical Supply Items,Gauze Bandage 8cm x 4m,CONCEPT-SET,2086
c7c15a73-4cd3-4c1e-aedc-54c5147f0246,,Medical Supply Items,Polyamide Monofilament Gauge 0.2(10/0) 38cm on 6mm 3/8 Circle Spatula Single Armed Needle,CONCEPT-SET,2087
2cad0e21-7479-4a70-800f-f9586dcd0cde,,Medical Supply Items,Pump Breast Manual Plastic 30ml,CONCEPT-SET,2088
d76e037c-dc41-4ec5-9a8f-6fca087f1afd,,Medical Supply Items,Adhesive Plaster Zinc Oxide 2.5 cm x 5 m,CONCEPT-SET,2089
fa63bbd1-c4ff-4665-895b-20014478fe30,,Medical Supply Items,Colostomy Bag Adhesive Regulator Closed 25cmx14cm 30mm Opening Pediatric,CONCEPT-SET,2090
4aa43e51-0824-4bb1-9b57-902bda7745f0,,Medical Supply Items,Laboratory disposable plastic citrated ESR graduated pipette tube total length of 200mm and graduation from 0 150mm increment of 1mm,CONCEPT-SET,2091
b21b0121-7280-43ed-ba24-5c2d109a51f9,,Medical Supply Items,Tracheostomy Tube 7.0 mm with 90 curvature armoured with low Pressure Cuff Universal inflation funnel and pilot balloon metallic,CONCEPT-SET,2092
cf6a14ff-c456-4fc1-b0f5-d749978b41aa,,Medical Supply Items,PPIUCD Postpartum CU T 380 A IUD,CONCEPT-SET,2093
82d76b9e-a637-4ea4-b66d-d76b0e4f3745,,Medical Supply Items,Nelaton Catheter 4CH,CONCEPT-SET,2094
7e3fe393-2b62-473f-8b05-2b83e97e67f1,,Medical Supply Items,First Responder Trauma Bag,CONCEPT-SET,2095
feaf0968-3083-48a8-abe3-45c3afc6a4d1,,Medical Supply Items,Geenius Reader,CONCEPT-SET,2096
31fa0d24-500a-4127-81f3-a67c711d4a3c,,Medical Supply Items,Cannula Nasal Pediatric ( Nasal prong),CONCEPT-SET,2097
c50674fd-cb81-4b7a-8d61-16d719b5c2bb,,Medical Supply Items,First Responder Backpack 50 L TRM 27,CONCEPT-SET,2098
e1cae4d3-375e-453e-924f-7cccfb5de61f,,Medical Supply Items,"Test Tube Plug, Non Sterile, for Centrifuge Tube 5",CONCEPT-SET,2099
2b618eab-83bb-4ea6-b9b9-0050607dc80c,,Medical Supply Items,Mersilk Braided Black Gauge 2.0(3/0) 75cm on 26mm 1/2 Circle Cutting Needle,CONCEPT-SET,2100
8d6e0b1e-9911-40bf-b6ec-8ddd18446f6f,,Medical Supply Items,Insertion/removal accessories for implanol For 50 insertion/removal procedures,CONCEPT-SET,2101
523390dd-e902-4b71-af82-c52e304b8de5,,Medical Supply Items,Mersilk Braided Black Gauge 3.0(2/0) 75cm on 33mm 1/2 Circle Cutting Needle,CONCEPT-SET,2102
04a3a4e2-6afa-46a1-8149-ffa78fae6420,,Medical Supply Items,"Paster Transfer Pipet Disposable, 40 ul, Plastic,",CONCEPT-SET,2103
79eb560c-ec9d-4b1f-aa3e-c802831ff7c5,,Medical Supply Items,Blood infusion set for pediatric (Iv Blood transfusion),CONCEPT-SET,2104
28192cc8-8f9a-4420-a9d4-07fe6e2a4c81,,Medical Supply Items,"Prolene Double arm round needle 8/0, 90cm on 17mm",CONCEPT-SET,2105
9eb8e021-1cf5-4af5-b025-feb311759730,,Medical Supply Items,Hernia Mesh 11cm x 6cm,CONCEPT-SET,2106
2b934506-98f8-40ad-b102-41dee2bbe89a,,Medical Supply Items,Surgical Gown small,CONCEPT-SET,2107
9f47d3e1-ed97-4099-8611-93726c28dab2,,Medical Supply Items,Plastic droper Non sterile 5ml graduated mark with holding size 7ml of liquid with graduated marking in 0.5ml increments,CONCEPT-SET,2108
45fc1745-04d7-4b7a-8fbb-eb414f86ac0d,,Medical Supply Items,Tracheostomy Tube 2.0 mm with 90 curvature armoured with low Pressure Cuff Universal inflation fun,CONCEPT-SET,2109
b33f72ab-b262-4731-9dd4-a9c6c0e043e4,,Medical Supply Items,Surgical Gown Medium,CONCEPT-SET,2110
c5f72334-e1e9-41dd-8e64-7ec16081bb06,,Medical Supply Items,oxygen Nasal cannula(prong) Neonatal,CONCEPT-SET,2111
343821e7-e8ac-420a-b46e-d1da2c74ea37,,Medical Supply Items,"Prolene Double arm round needle 10/0, 90cm on 17mm",CONCEPT-SET,2112
c7cf067d-e540-4ed9-8cc6-09e8bb147012,,Medical Supply Items,Hernia Mesh 15cm x 15cm,CONCEPT-SET,2113
ce370d30-2d74-436b-9be4-92f52c8cba89,,Medical Supply Items,"Prolene Double arm round needle 9/0, 90cm on 17mm",CONCEPT-SET,2114
24620824-8e96-42d7-827b-11aaf335b4b2,,Medical Supply Items,Mask Of N95,CONCEPT-SET,2115
3f329d27-45a9-467c-8aa3-90d484e844a9,,Medical Supply Items,Micropippette tips 100 1000 microlitre Blue,CONCEPT-SET,2116
3bf9c6b4-39ea-4a63-9548-a9ff40f84209,,Medical Supply Items,Ambu Bag neonatal,CONCEPT-SET,2117
3b73d276-c2d6-418e-bb47-eb1ee767a672,,Medical Supply Items,Naso Gastric Tube Sterile Adult 18CH,CONCEPT-SET,2118
da5122af-a783-4b5b-b5da-1377234562e7,,Medical Supply Items,Naso Gastric Tube Sterile Infant 8CH,CONCEPT-SET,2119
fce51916-6e01-4f42-be38-904844dd3349,,Medical Supply Items,Naso Gastric Tube Sterile Infant 4CH,CONCEPT-SET,2120
526eafae-5ca2-4174-94dc-352627cb3bde,,Medical Supply Items,Naso Gastric Tube Sterile Infant 6CH,CONCEPT-SET,2121
af7f268d-d036-49ed-bd05-b9a560a0e47a,,Medical Supply Items,Naso Gastric Tube Sterile Adult 16CH,CONCEPT-SET,2122
a6ab6fbd-ca13-4456-a337-46fa062bfb0d,,Medical Supply Items,"Google indirect vent,wraparound lens,opticalclass",CONCEPT-SET,2123
cdedc061-44e7-461a-b868-f40aeb005c6e,,Medical Supply Items,Anti theft lock,CONCEPT-SET,2124
194740de-4aca-4936-a1c6-072cf535103a,,Medical Supply Items,Plastic Dropper Non sterile Graduated up to 5ml,CONCEPT-SET,2125
de350307-588e-4ce2-99e7-6c1c5d35247a,,Medical Supply Items,Alinity m Pipette tips 1000micro liter,CONCEPT-SET,2126
eac6eaca-85ad-4c97-89c6-6de00033ec12,,Medical Supply Items,Alinity m IRU waste container,CONCEPT-SET,2127
5dc02c85-2f9d-45a3-adc0-704def3a7535,,Medical Supply Items,Power Cable (EU) IEC Couple C13/C14/220v,CONCEPT-SET,2128
c1f06669-5ae2-4f7b-9654-d005aeb0889d,,Medical Supply Items,Geenius soft ware with AFP/ manual OUS,CONCEPT-SET,2129
9dda4f6d-9f35-4a02-a828-18aa23df3e93,,Medical Supply Items,Alinity m Pipette tips 50 micro litter,CONCEPT-SET,2130
df0b2e7f-e3c9-41c4-85ce-ee8241d003f1,,Medical Supply Items,Alinity m Amplified waste container,CONCEPT-SET,2131
edfb6f93-dc4c-4069-a408-49fab4046425,,Medical Supply Items,Catheter Folley silconized latex 5 15ml balloon sterile three ways size 14CH,CONCEPT-SET,2132
1692c6f7-118b-488a-96fa-e0e8a05fdad0,,Medical Supply Items,Cotton Absorbant 100gm,CONCEPT-SET,2133
8c9a5b3d-426b-4546-8368-19abc008da6f,,Medical Supply Items,Roche Cell Collection medium,CONCEPT-SET,2134
3071c221-3df4-42c9-85b6-7bab738e2bf6,,Medical Supply Items,Pipette 60 set for TB LaMP,CONCEPT-SET,2135
4d245c00-7b20-4f3e-8fbb-196f63a5c5d2,,Medical Supply Items,Laboratory Equipment kit v4,CONCEPT-SET,2136
3d94b862-380d-47d7-9438-412729a0e058,,Medical Supply Items,DxC 700 AU/ Unicel DxI 800 Cuvette 5x5mm,CONCEPT-SET,2137
c2574f96-ff94-442e-adb8-81386ad31a66,,Medical Supply Items,"Pasteur Pipette-3 ml, graduated",CONCEPT-SET,2138
3f33106d-2cd1-41b9-867d-2367a6eace1b,,Medical Supply Items,Examination Glove-Latex Medium Size,CONCEPT-SET,2139
68941c17-2b21-4bb0-b006-2007faa0d5b1,,Medical Supply Items,Gauze Bandage-7.5cm x 5m,CONCEPT-SET,2140
a12a4c61-1f14-4e12-9b65-9e9a301873a3,,Medical Supply Items,Biohazard Bags - 8x12,CONCEPT-SET,2141
863153b1-cf7f-4a5e-ad9c-8da422abd247,,Medical Supply Items,Auto Disposable Syringe-2ml with Needle 21G of 100,CONCEPT-SET,2142
27c471dc-c30b-48bc-bd41-09fb6347629c,,Medical Supply Items,Cryogenic Vial-Of 450,CONCEPT-SET,2143
6f8ecf9c-9131-4e2b-96cd-2172f443cf53,,Medical Supply Items,Syringe(AD) -5ml with needle 21G,CONCEPT-SET,2144
0f678bd2-c6af-4c14-ad37-1eaa65da6363,,Medical Supply Items,Condoms-Male Latex length 180mm width 53mm,CONCEPT-SET,2145
152a5427-e3ed-4837-8ee8-e6dd664166b2,,Medical Supply Items,Biohazard Bags -Yellow 255 X 355mm,CONCEPT-SET,2146
4b8f9c8c-7e48-4a65-9ce8-84987fc7a81a,,Medical Supply Items,Examination Glove-Latex Large Size,CONCEPT-SET,2147
793b4619-7ac9-434d-bc1d-c45cf34aa1cf,,Medical Supply Items,"Blood Collection Tube-K3 EDTA, 3ml",CONCEPT-SET,2148
c9ad88e1-e8fe-4fa3-99b9-3d8c30d5e538,,Medical Supply Items,Adhesive Plaster Zinc Oxide-Size 7.5cm X 10m,CONCEPT-SET,2149
3cf530bd-92d9-44be-9fba-e5439f03253e,,Medical Supply Items,Applicator Wooden Stick-15cm Long x diam. 2.5mm with Cotton,CONCEPT-SET,2150
9e3cb029-2866-4925-a30c-e4294106dfb3,,Medical Supply Items,Cannula Intravenous Set (IV Cannula) -24G,CONCEPT-SET,2151
194fcd79-d1f3-4b7a-a4ed-508c7f663776,,Medical Supply Items,Cannula Intravenous Set (IV Cannula) -22G,CONCEPT-SET,2152
b7b683e6-8583-4a84-ae8f-74d602782d36,,Medical Supply Items,"Disposable Syringe-3 parts , 3ml  with 21G needle",CONCEPT-SET,2153
b58739b9-49b7-47f5-bc40-3500be8d615a,,Medical Supply Items,"Disposable Syringe- 3 parts , 5ml with 21G needle",CONCEPT-SET,2154
64d83d9d-d3fb-4dc1-a00f-444cd311acb7,,Medical Supply Items,Tongue Depressor-wooden,CONCEPT-SET,2155
32037a59-71db-4065-999b-e0f1c91d1aae,,Medical Supply Items,Torniquate -of double belt,CONCEPT-SET,2156
e0583c68-a94f-46c7-b90d-33bb4ef00166,,Medical Supply Items,Gauze Bandage-10cm x 5m,CONCEPT-SET,2157
f5126d52-a8f2-4cab-abee-29eb3652e441,,Medical Supply Items,Gauze Bandage-B/P Mesh 28 x 24 size 12.5cm x 5m,CONCEPT-SET,2158
b592ee87-ed4b-479c-b34b-6f9a23520d7c,,Medical Supply Items,Gauze Surgical-90cm x 100m,CONCEPT-SET,2159
bbf8dd8f-baf4-43ac-9d7f-636c5e158a08,,Medical Supply Items,Examination Glove-Latex disposable Non-Sterile Medium size,CONCEPT-SET,2160
419e25dc-b62a-43bd-b46b-5d053d96f7d2,,Medical Supply Items,Surgical Glove-sterile Latex No. 7,CONCEPT-SET,2161
8f3b2795-44b3-4f3d-b848-b8b0b009daee,,Medical Supply Items,Plaster Of Paris (P.O.P) -10cm x 3m,CONCEPT-SET,2162
da090515-4ca3-44db-9f75-b8825953b632,,Medical Supply Items,Plaster Of Paris (P.O.P) -15 cm x 3m,CONCEPT-SET,2163
44aada04-b0d8-4cbb-bd3f-529b63274205,,Medical Supply Items,Umblical-Clamp 5.3cm Sterile,CONCEPT-SET,2164
10e62de0-e8f4-462e-99dc-b5f45efe065c,,Medical Supply Items,Scalp Vein Winged Infusion Set-23G,CONCEPT-SET,2165
45d9fbf4-5095-430e-a355-d5a8bc3df683,,Medical Supply Items,Scalp Vein Winged Infusion Set-25G,CONCEPT-SET,2166
b404db5c-1735-4f91-8fb3-6e963dcfbe25,,Medical Supply Items,"Cat Gut Chromic-   3.5 (2/0), 75 cm HR 38 1/2 C.R.B 38mm heavy needle 334",CONCEPT-SET,2167
91f9a356-6ce1-4da3-b8dd-7722f405361d,,Medical Supply Items,Biohazard Bags -24x36 of 200,CONCEPT-SET,2168
8717fca8-37cd-48e0-bebc-f09a5bd12189,,Medical Supply Items,Sputem Cup--,CONCEPT-SET,2169
7795c9c6-729e-4204-b19b-8f9895925319,,Medical Supply Items,Microscope Slide-76mm x 26mm of 50,CONCEPT-SET,2170
fd99dbe3-957e-4b03-bb2b-17e518baa08e,,Medical Supply Items,Suction Catheter-No.6,CONCEPT-SET,2171
9f1866bb-8229-49b7-bd13-3886ea68db3c,,Medical Supply Items,Suction Catheter-No.8,CONCEPT-SET,2172
863c7e7d-4480-4d73-a426-93a4b892b6b6,,Medical Supply Items,Disposable Syringe-50ml with Needle,CONCEPT-SET,2173
d7dcf4f5-855c-4e5e-aa68-06bc7db21ecb,,Medical Supply Items,Auto Disposable Syringe-1ml with needle,CONCEPT-SET,2174
ad85c377-68e5-4f8c-acb8-dff2fe9c224c,,Medical Supply Items,Cat Gut Chromic-3.0(3/0) 75cm on 18-20mm 1/2circle Round Bodied Needle 2234,CONCEPT-SET,2175
7711cb65-c2f7-436f-9b91-9df89795a926,,Medical Supply Items,Cover Slide-22x22mm Thickness 13 mm,CONCEPT-SET,2176
bcd39528-a773-47d8-9b53-3aa49755cd5e,,Medical Supply Items,Mosquito Bednet-160x180x150,CONCEPT-SET,2177
d0e0c754-cf7f-40aa-ac7f-489889de37e9,,Medical Supply Items,Zinc Oxide Plaster-7.5cm x 5,CONCEPT-SET,2178
c68b593d-9b95-4a48-91b9-aadb9eb02416,,Medical Supply Items,Pasteur Pipette-Non-Ggraduated,CONCEPT-SET,2179
b6323b2f-761f-4ba5-aea1-39bcdd96b72d,,Medical Supply Items,Biohazard Bags -Autoclave -38x48,CONCEPT-SET,2180
5aeca09e-81a7-4587-b548-8c44803a23e2,,Medical Supply Items,Auto Disposable Syringe-0.5ml with Fixed needle 23 G,CONCEPT-SET,2181
e7f5bfe9-e2f5-4829-9dd1-0d7ac02e6b4c,,Medical Supply Items,"Insulin Syringe -For single use, 0.3ml ,6mm/30G,U-100 Euro languages",CONCEPT-SET,2182
b20b3181-a3aa-4924-9947-00a5f3d2aa22,,Medical Supply Items,Cryogenic Vial-1.5ml (Nuc Tube),CONCEPT-SET,2183
562373f3-4db7-4a35-8bb7-c45ea76dc16b,,Medical Supply Items,Microscope Slide-25x75mm,CONCEPT-SET,2184
4cfc67a4-3dac-4d26-9738-a9726ff8985c,,Medical Supply Items,Syringe(AD) -1ml,CONCEPT-SET,2185
7c40ca39-5929-40c3-8fcb-fd50a88d49ae,,Medical Supply Items,Auto Disposable Syringe-0.05ml with Needle,CONCEPT-SET,2186
61e6ae0d-28d4-4a24-b8fb-0518c6066b49,,Medical Supply Items,PIMA -Bead Standard,CONCEPT-SET,2187
0852457f-c064-497c-9d17-a68f14b3b969,,Medical Supply Items,"Disposable Syringe-(Sterile) 3 Parts, 10ml Luer fitting with 21G 1& 1/2 Needle",CONCEPT-SET,2188
5c80dbef-c3ed-47a6-8905-53279d9d963c,,Medical Supply Items,Tag-For Refrigerator,CONCEPT-SET,2189
d1f06ec2-eb46-48b8-a417-bcd9be623348,,Medical Supply Items,Filter Paper Qualitative Whatman-type grade 1 diameter 90mm,CONCEPT-SET,2190
ce68c1ed-558f-4481-9b2d-ab5d084ac338,,Medical Supply Items,Eye Goggle-plastic,CONCEPT-SET,2191
8c4fc4a8-cc4b-41ba-974c-60915e9a99c0,,Medical Supply Items,Disposable Syringe-3ml with Needle,CONCEPT-SET,2192
2c4e09fe-98ef-4c0c-80f3-c010367c190b,,Medical Supply Items,Auto Disposable Syringe-0.5ml,CONCEPT-SET,2193
1f8fa452-ea0c-45b0-91fc-9e98f8704c9d,,Medical Supply Items,Starting Device-117U6015,CONCEPT-SET,2194
3cb8b0b0-d8cb-43ef-927e-e64230fa54d6,,Medical Supply Items,Fan-Jamican KF 1225B1MR-R,CONCEPT-SET,2195
3534cc1e-fe74-46aa-b1f2-eaa2c7f4ad73,,Medical Supply Items,Microscope Slide-frosted ended,CONCEPT-SET,2196
58e78be3-1e16-4745-bb64-ec38789afb6e,,Medical Supply Items,PIMA -printer paper I,CONCEPT-SET,2197
399f39c6-d336-4605-9608-17074c2722d5,,Medical Supply Items,"coverall,w/hood,type 4,tight clothing,large(176-182cm)",CONCEPT-SET,2198
2b517d02-ff22-4a7e-885a-1dade0969c18,,Medical Supply Items,"coverall,w/hood,type 4,tight clothing,x-large(182-188cm)",CONCEPT-SET,2199
74a8f339-26e1-4616-a3d4-cf6012308234,,Medical Supply Items,"coverall,w/hood,type 4,tight clothing,mediuml(170-176cm)",CONCEPT-SET,2200
0492022b-4b24-4a12-9b24-5c949bca6a8f,,Medical Supply Items,"coverall,w/hood,type 4,tight clothing,small(164-170cm)",CONCEPT-SET,2201
83c35e07-dd88-42d0-b36d-1dfa98b8b087,,Medical Supply Items,Bandage Triangular-96x96x136cm,CONCEPT-SET,2202
48c3a596-b922-4e58-b16a-df5d6911cce3,,Medical Supply Items,"Conical Centrifuge Tubes-Sterile,disposable,15ml",CONCEPT-SET,2203
047e3e32-e12c-4cd8-bcc5-14f6356cf229,,Medical Supply Items,Micropipette tips 100-1000 microliter,CONCEPT-SET,2204
ce4e82f0-96ad-46bf-b2ab-6d4b2b5e2d54,,Medical Supply Items,OTP  Record card English,CONCEPT-SET,2205
637e9729-557f-4c69-bb64-6fc12c4801f4,,Medical Supply Items,Insertion accessory-Kit for Implanon,CONCEPT-SET,2206
6602ca9d-db73-48f5-8b72-bf5fb6910b32,,Medical Supply Items,Gauze Surgical-90cmx100m mesh size 19x15,CONCEPT-SET,2207
cd03c487-9fdf-4990-a222-009971271718,,Medical Supply Items,Starting Device-117U6000,CONCEPT-SET,2208
28c77231-44d6-4190-8760-86190578616d,,Medical Supply Items,Starting Device-103N0021 (PTC),CONCEPT-SET,2209
c5d220f1-1bc7-47a3-bf11-cc51063cc758,,Medical Supply Items,Sling For Use-100% cotton,CONCEPT-SET,2210
119a9acb-846b-4cf0-8f71-e4708635bf39,,Medical Supply Items,Insertion/removal accessories for implanol -For 25 insertion/removal procedures,CONCEPT-SET,2211
a854d381-6141-4604-8275-302f851138f9,,Medical Supply Items,Sterile polyester fiber - tipped applicators swabs-in paper,CONCEPT-SET,2212
62ab39e2-ee53-4428-9611-0df3c62a8a89,,Medical Supply Items,Compressor -MTZ28 JC4A VE/R404a,CONCEPT-SET,2213
3ebd54b5-1770-4121-9353-178c75769cdb,,Medical Supply Items,Fan Evaporator -HBN 150 (18W),CONCEPT-SET,2214
17c089c3-6f2a-4e62-9a0b-45ec23786df0,,Medical Supply Items,Mid Upper Arm Circumference(MUAC) measuring tape-Adult,CONCEPT-SET,2215
5df69750-65b3-4fc6-9e65-c7cd6affbf51,,Medical Supply Items,"Weighing trousers-for use with spring scales.one size,pack of 5 pieces in carry bag",CONCEPT-SET,2216
112a9b02-e760-45c4-a7b5-bb7626e30f1e,,Medical Supply Items,Autoclave indicater tape-19mmx50m,CONCEPT-SET,2217
1eeca2bd-c93e-45df-a74b-7674a0af2251,,Medical Supply Items,Cat Gut Chromic-gauge 3.0 (3/0) 75cm on 25mm 1/2 circle round bodied needle,CONCEPT-SET,2218
93ce6659-dfac-40fb-8bc5-a717dcf18307,,Medical Supply Items,Polyglycolic acid absorbable braided violet-gauge 0.7 (6/0) 30cm on 12mm 1/2 circle cutting taper needle,CONCEPT-SET,2219
86eb4672-6a7d-401b-ac56-c260840806f3,,Medical Supply Items,Syringe -1ml,CONCEPT-SET,2220
e9dcf654-f4d7-4ade-abcd-755db8db123a,,Medical Supply Items,Polyglycolic acid absorbable braided violet-gauge 1.5 (4/0) 75cm on 15mm 1/2 circle reverse cutting taper needle,CONCEPT-SET,2221
aa33b54c-57be-4fb0-b8fc-a3299dbdb17e,,Medical Supply Items,"Battery - 6v 4PVV280 Sealed gel  non-hazardous C100h=279Ah, C10h=224Ah",CONCEPT-SET,2222
3ba5d071-8a92-461e-a6ec-1326cb4575a6,,Medical Supply Items,Cannula Intravenous Set-18G,CONCEPT-SET,2223
abd63c59-c5d1-4ee5-8896-93170f1adba9,,Medical Supply Items,Cannula Intravenous Set-22G,CONCEPT-SET,2224
2f7b5f88-c7b8-4e12-bc11-c6a9dc2d6200,,Medical Supply Items,"Conical Flask Erlenmeger Borosilicate Glass 3.3, with Printed Graduation-200ml",CONCEPT-SET,2225
edacc801-3265-4926-bf27-c4ddb0caa40f,,Medical Supply Items,Scalp Vein Winged Infusion Set-21G,CONCEPT-SET,2226
a2cdd589-7eb4-4892-9a79-54a13f722f56,,Medical Supply Items,Syringe (Disposable)-2ml with needle 21G,CONCEPT-SET,2227
e85c8d62-6379-478d-970c-f0ab553eede8,,Medical Supply Items,Glove Examination Latex Non Powdered-large,CONCEPT-SET,2228
23ca6025-93dd-442f-a5a2-bc8117564c54,,Medical Supply Items,Glove Heavy  Duty Latex (Disposable)-large,CONCEPT-SET,2229
d2e2737e-41f8-43c2-a4d3-8a9b69a01cb4,,Medical Supply Items,"Conical Flask Erlenmeger Borosilicate Glass 3.3, with Printed Graduation-150ml",CONCEPT-SET,2230
390bd133-e150-45b0-9d95-8c8816f3ca1f,,Medical Supply Items,Syringe Insulin (Disposable)-1ml on 8mm with Fixed Needle 30G,CONCEPT-SET,2231
11a0fec7-2cb8-4b5a-9333-c77d806300ed,,Medical Supply Items,Colostomy Bag Adhesive  Regulator Closed-25cmx14cm 30mm Opening,CONCEPT-SET,2232
f72f3d88-7905-494d-b34f-856340d76015,,Medical Supply Items,Syringe (Disposable)-2ml with Needle 22G,CONCEPT-SET,2233
e8e995ac-d244-4bae-bda1-45d9aaf50a1a,,Medical Supply Items,Boots-38 Size,CONCEPT-SET,2234
a96fd256-1c4c-4949-89d5-3d4595efcf6c,,Medical Supply Items,Gauze Bandage-5cmx5m,CONCEPT-SET,2235
4602cb2c-0522-4ce0-9b4d-bbe88bbe97b8,,Medical Supply Items,Door Curtain PVC TKA-900X2000cm,CONCEPT-SET,2236
341dde79-140c-420e-9a3d-a9252fa1e0e9,,Medical Supply Items,Polyamide Monofilament-Gauge 0.2(10/0)  38cm in 64mm spatula Double Armed Needle,CONCEPT-SET,2237
7f5ab66f-f4b0-4c33-993d-4609c57c1989,,Medical Supply Items,Mersilk  Braided Black-Gauge 2.0(3/0) 75cm on 35mm 1/2 Circle Round Bodied Needle,CONCEPT-SET,2238
37a898f6-4fd1-49fb-9df0-f1fe3d697d85,,Medical Supply Items,Cat Gut Chromic-Gauge 3.0(3/0) 75cm on 20mm 1/2 Circle Round Bodied Needle,CONCEPT-SET,2239
89a18a1e-4ed6-4bcb-8331-b10f543c206f,,Medical Supply Items,Polyamide Monofilament-Gauge 3.5(2/0) 75cm on 27mm 1/2 circle round bodied Spatula double Armed Needle,CONCEPT-SET,2240
7a509b0a-93c7-4f94-9df6-ba907a7f2049,,Medical Supply Items,Mersilk  Braided Black-Gauge 4.0(1) 40cm on 40mm 1/2 Circle  Round Bodied Needle,CONCEPT-SET,2241
1391d982-b442-46eb-bed6-7a4295e3d6b7,,Medical Supply Items,Surgical Scalpel Blade -No.20,CONCEPT-SET,2242
d6de29b3-f032-4e76-9dbe-46ca8b59fc57,,Medical Supply Items,"Resuscitation Set used for Neonatal, Pediatric  & Adult Providing 02 Inhalation",CONCEPT-SET,2243
20cd33f1-c74e-4e62-9dac-cba3ea8cfc0b,,Medical Supply Items,Syringe(AD) -0.5ml,CONCEPT-SET,2244
81a84aaf-15fb-4fa4-b4af-37931581ec27,,Medical Supply Items,Cannula Intravenous Set-24G,CONCEPT-SET,2245
35b14ed3-b71a-45f8-85c7-e1bdb6e671be,,Medical Supply Items,Umbrella -Medium,CONCEPT-SET,2246
781878b5-78c2-46d5-8290-54e1bbaf8f62,,Medical Supply Items,Syringe(AD) -1ml with  Needle 23G,CONCEPT-SET,2247
b9696855-c69e-4a8e-910f-047701ee0fd5,,Medical Supply Items,Catheter Foley Silconized Latex Two Ways-30-50ml Balloon 20CH,CONCEPT-SET,2248
8391287b-57b4-41ed-ba21-becec208c282,,Medical Supply Items,Catheter Foley Silconized Latex Three Ways-30-50ml Balloon 22CH,CONCEPT-SET,2249
ee6f26f6-6ccd-47ff-befc-13c512e58111,,Medical Supply Items,Catheter Foley Silconized Latex Two Ways-3-5ml Balloon 8CH,CONCEPT-SET,2250
c91a6caf-31f1-41f2-b493-4da9735c8acc,,Medical Supply Items,Endotracheal Tube-4CH,CONCEPT-SET,2251
7f79dd18-45e9-45ec-9eee-18222217630d,,Medical Supply Items,Catheter Foley Silconized Latex Two Ways-5-15ml Balloon 12CH,CONCEPT-SET,2252
a6f22952-1ffa-4df6-a9b7-4248ebbadfcc,,Medical Supply Items,Catheter Foley Silconized Latex Three Ways-5-15ml Balloon 14CH,CONCEPT-SET,2253
cc28eb93-82cf-450e-82f8-fcdcadb7dfbc,,Medical Supply Items,Endotracheal Tube-7CH,CONCEPT-SET,2254
c5511e5b-d611-4867-8296-dce885c71fdc,,Medical Supply Items,Polyglycolic acid absorbable braided violet-Gauge 1.5(4/0) 75cm on 15mm 1/2 Circle Reverse cutting needle,CONCEPT-SET,2255
73cefe98-213e-423a-bc19-1804793eb97a,,Medical Supply Items,Mersilk  Braided Black-Gauge 2.0(3/0) 75cm on 18mm 1/2 Circle Round Bodied Needle,CONCEPT-SET,2256
7d1aed12-68fb-4011-94ac-88e0954949a0,,Medical Supply Items,Mersilk  Braided Black-Gauge 2.0(3/0) 75cm on 20mm 1/2 Circle Round Bodied Needle,CONCEPT-SET,2257
58f88b1b-4d6d-4f21-8af0-cfa303f9ae53,,Medical Supply Items,Polyglycolic acid absorbable braided violet-Gauge 3.0(2/0) 75cm on 27 mm 3/8 circle reverse cutting Needle,CONCEPT-SET,2258
4530d969-59f3-4c01-805c-a55958575113,,Medical Supply Items,Polyglycolic acid absorbable braided violet-Gauge 3.0(2/0) 75cm on 27mm 3/8 Circle Reverse Cutting Needle,CONCEPT-SET,2259
f035c641-d586-4dfb-850a-21d630335baf,,Medical Supply Items,Poly Diaxone Monofilament Violet-Gauge 3.5(0) 70cm on 40mm 1/2 circle round bodied  taper needle,CONCEPT-SET,2260
06bf0bec-688c-4ebd-bbb7-86837980e360,,Medical Supply Items,Polyglycolic acid absorbable braided violet-Gauge 4.0(1) 75cm on 45mm 1/2 Circle revers cutting  Needle,CONCEPT-SET,2261
8fdc7ffd-a537-4598-8a80-09d6bb17260b,,Medical Supply Items,Cat Gut Chromic-Gauge 5.0(1) 75cm on 40mm 1/2 Circle Round Bodied Needle,CONCEPT-SET,2262
9341406b-c16f-469f-9d1a-9c54063ccf1c,,Medical Supply Items,Syringe(AD) -1ml with needle,CONCEPT-SET,2263
08683864-ccf9-4545-81c3-0e015d57fa40,,Medical Supply Items,"Conical Flask Erlenmeger Borosilicate Glass 3.3, with Printed Graduation-300ml",CONCEPT-SET,2264
49afc28e-7a53-4e79-934d-d359f19ee5dc,,Medical Supply Items,Towel for New Born 100% Cotton-70x140 cm,CONCEPT-SET,2265
a22d552b-58bc-49e3-acc4-eab65fbf153c,,Medical Supply Items,Single Channel Plastic Adapter-(EV526),CONCEPT-SET,2266
246b1626-cd7e-4c22-a2a0-f739702c7726,,Medical Supply Items,"Dental Needle -21mm, 27G",CONCEPT-SET,2267
d480f2b3-27f6-460c-a6f1-c6eecbaac0f0,,Medical Supply Items,Catheter Foley Silconized Latex Two Ways-30-50ml Balloon 14CH,CONCEPT-SET,2268
0ec43a49-d238-40fa-8d62-4d5c1c589f5d,,Medical Supply Items,Catheter Foley Silconized Latex Three Ways-30-50ml Balloon 16CH,CONCEPT-SET,2269
73fee831-15f1-4bc2-bc7c-a15366cdc5fe,,Medical Supply Items,Boots for Delivery-37 Size,CONCEPT-SET,2270
1afc4b7b-b123-4242-96c2-b98dd48a0501,,Medical Supply Items,Syringe (Disposable)-3ml with Needle 21G,CONCEPT-SET,2271
d1738daa-392a-4807-af65-c4a9c57e7a25,,Medical Supply Items,Endotracheal Tube-4.5CH,CONCEPT-SET,2272
f18b2de1-a7d8-490c-9a7c-e7eb99d8d144,,Medical Supply Items,Endotracheal Tube-6.5CH,CONCEPT-SET,2273
90d2a751-f7f2-4221-9120-dcff1e76100e,,Medical Supply Items,Endotracheal Tube-6CH,CONCEPT-SET,2274
b1ba2ebe-5d6f-4c6d-af32-b971067f6875,,Medical Supply Items,Polyglycolic acid absorbable braided violet-Gauge 0.7(6/0) 30 cm on 12 mm 3/8 circle cutting tapper needle,CONCEPT-SET,2275
21c5f036-bfcf-4838-852d-72d0baf043a7,,Medical Supply Items,Polyglycolic acid absorbable braided violet-Gauge 0.7(6/0) 30cm on 12mm 1/2 Circle Cutting Taper Needle,CONCEPT-SET,2276
203d0742-f245-45f4-b2bc-c07e2a651f0c,,Medical Supply Items,Polyglycolic acid absorbable braided violet-Gauge 1(4) 75cm on 45mm 1/2 Circle  cutting taper needle,CONCEPT-SET,2277
27541084-f0b4-41a2-8638-59253e1dbc40,,Medical Supply Items,Mersilk  Braided Black-Gauge 1.5(4/0) 75cm on 20mm 1/2 Circle  Round Bodied Needle,CONCEPT-SET,2278
558c0b2f-fa41-4e1a-91b2-a014c14067bf,,Medical Supply Items,Mersilk  Braided Black-Gauge 1.5(4/0) 75cm on 24mm 1/2 Circle Reverse Cutting Needle,CONCEPT-SET,2279
d41b5fb1-52f1-4944-8979-80bd60334daa,,Medical Supply Items,Mersilk  Braided Black-Gauge 2.0(3/0) 75cm on  24mm  1/2 Circle Reverse Cutting Needle,CONCEPT-SET,2280
0fa1968e-1450-4e28-8d04-de9e8df687ef,,Medical Supply Items,Mersilk  Braided Black-Gauge 3.5(0) 75cm on  27mm 1/2 Circle Reverse Cutting Needle,CONCEPT-SET,2281
372c804c-4a24-4818-b207-e123dcfc2ff6,,Medical Supply Items,Mersilk  Braided Black-Gauge 3.5(0) 75cm on 30mm 1/2 Circle Round Bodied Needle,CONCEPT-SET,2282
ab690db1-299b-40a4-970d-62953833053b,,Medical Supply Items,Cat Gut Chromic-Gauge 4.0(0) 75cm on 38mm 1/2 Circle Reverse Cutting Needle,CONCEPT-SET,2283
fbea4776-968c-4759-b1bb-0a258c908d8b,,Medical Supply Items,Mersilk  Braided Black-Gauge 6.0(3) 75cm on 38mm 1/2 Circle Reverse Cutting Needle,CONCEPT-SET,2284
25570a6a-3168-4462-8f60-1e0d8cc7826d,,Medical Supply Items,Glass Volumetric Transfer Pipette-100ml,CONCEPT-SET,2285
86460e97-d186-4692-8c1b-504a285a168e,,Medical Supply Items,Glass Volumetric Transfer Pipette-25ml,CONCEPT-SET,2286
6a3a7a1b-0e96-43db-8a5d-4c4430081ece,,Medical Supply Items,Glove Latex Sterile Elbow length-Medium,CONCEPT-SET,2287
d2f4bb67-1fe9-4943-a2f4-104265f17559,,Medical Supply Items,Scissors Bl-Blaster OB-14.5cm,CONCEPT-SET,2288
d352d35c-62e3-4e22-bab8-4aa77b01469d,,Medical Supply Items,Applicator Stick Wooden with Cotton Tip-150x2.2mm,CONCEPT-SET,2289
106b5530-6102-46a6-8b71-713ede8afa46,,Medical Supply Items,Rectal Tube Rubber With Terminal Size-20CH,CONCEPT-SET,2290
dcea7b27-154a-4df6-bddb-4240c51991f0,,Medical Supply Items,Syringe (Disposable)-20ml with Needle 21G,CONCEPT-SET,2291
6d8438de-60df-497a-a3c3-029b816091e4,,Medical Supply Items,"Dental Needle -31mm, 27G",CONCEPT-SET,2292
0a941821-90be-4b89-9891-a7a2c4105ba8,,Medical Supply Items,Endotracheal Tube-3CH,CONCEPT-SET,2293
adc40e66-12de-4310-ac82-67262ace436f,,Medical Supply Items,Endotracheal Tube-5CH,CONCEPT-SET,2294
4d12a8d9-eba0-4763-81c2-f9a2ceed1997,,Medical Supply Items,Adhesive Plaster Zinc Oxide-7.5cmx5m,CONCEPT-SET,2295
dfae35b1-2006-44ad-be06-cb7c63aff464,,Medical Supply Items,Polyglycolic acid absorbable braided violet-Gauge 2.0(3/0) 75cm on 30mm 1/2 Circle Reverse Cutting,CONCEPT-SET,2296
b98f0072-babd-4d69-8ebe-22505db5c41e,,Medical Supply Items,Cat Gut Chromic-Gauge 2.0(4/0) 75cm on 15mm 1/2 Circle Round Bodied Needle,CONCEPT-SET,2297
3c3f4610-8242-4094-9a3a-95ac33942e3b,,Medical Supply Items,Cat Gut Chromic-Gauge 4.0(0) 75cm on 30mm 1/2 Circle Round Bodied Needle,CONCEPT-SET,2298
e2f1f5f5-bef9-4f23-b3af-0306367bb40d,,Medical Supply Items,Plaster Of Paris (P.O.P) -15cmx3m,CONCEPT-SET,2299
390de657-5b8b-425e-901e-3edc1943c3fe,,Medical Supply Items,Catheter Suction Silconized with Funnel-16CH,CONCEPT-SET,2300
efa22ee1-ae56-48c6-b5a0-a616932e0849,,Medical Supply Items,Catheter Condom Latex Medium-28mm,CONCEPT-SET,2301
6fb6d152-ab0a-4f77-9217-ff338b730d8a,,Medical Supply Items,Boots-41 Size,CONCEPT-SET,2302
b1d393ee-f4dc-447c-b209-d9185273ae25,,Medical Supply Items,Polyamide Monofilament-Gauge 0.3(9/0) 38cm 64mm Spatula Double Armed Round Bodied Needle,CONCEPT-SET,2303
d1b01154-2fa8-4300-89ae-4d96df2fa49e,,Medical Supply Items,Polyglycolic acid absorbable braided violet-Gauge 2.0(3/0) 75cm on 19mm reverse cutting Needle,CONCEPT-SET,2304
ee0432a2-c5d7-4fd0-ab80-0e63fbb5d937,,Medical Supply Items,Polyglycolic acid absorbable braided violet-Gauge 2.0(3/0) 75cm on 26mm 1/2 Circle Reverse Cutting Needle,CONCEPT-SET,2305
d6c07197-1928-4292-b1e2-3653671aeee6,,Medical Supply Items,Mersilk  Braided Black-Gauge 3.0(2/0) 75cm on 24mm  1/2 Circle Reverse Cutting Needle,CONCEPT-SET,2306
9e55d7c3-093b-4af0-bd38-67fbf837254c,,Medical Supply Items,Polyglycolic acid absorbable braided violet-Gauge 3.5(0) 75cm on 50mm 1/2 Circle Round Bodied needle,CONCEPT-SET,2307
218b2534-af9b-4e36-b68a-ad9fc80b7af6,,Medical Supply Items,Cat Gut Chromic-Gauge 3.5(2/0) 75cm on 27mm 1/2 Circle Round Bodied Needle,CONCEPT-SET,2308
1d40f28f-c990-421d-8f7e-4c81b52aec1c,,Medical Supply Items,Mersilk  Braided Black-Gauge 4.0(1) 75cm on 35mm 1/2 Circle  Reverse Cutting Needle,CONCEPT-SET,2309
d8d7ddba-391d-4fb3-b57e-0c3aa15e44f0,,Medical Supply Items,Cat Gut Chromic-Gauge 6.5(3) 75cm on 48mm 1/2 Circle Round Bodied Needle,CONCEPT-SET,2310
4f9b78d2-af98-4db5-8390-a1223c1ed3f2,,Medical Supply Items,Polyglycolic acid absorbable braided violet-Guage 1.5(4/0) 75cm on 17mm 1/2 Circle Round Bodied  Needle,CONCEPT-SET,2311
983be08a-2db4-4e56-9eb1-cc26eb7d8554,,Medical Supply Items,Polyglycolic acid absorbable braided violet-Guage 3.0(2/0) 70cm on 30mm 3/8 Circle Reverse  Cutting Needle,CONCEPT-SET,2312
5d6fe45e-d928-457f-bf1c-fc2605be0aab,,Medical Supply Items,Glove Surgical  Latex Sterile-No. 6.5,CONCEPT-SET,2313
ec4f280a-ba90-4c86-a118-63f6b3ee1b80,,Medical Supply Items,Glove Surgical  Latex Sterile-No. 8,CONCEPT-SET,2314
0b7e7321-c5de-47e7-bda3-8adc7279bfe7,,Medical Supply Items,"Battery - 6v 6PVV420 Sealed gel non-hazardous (C100h=421Ah, C10h=338Ah)",CONCEPT-SET,2315
f89db3f9-7a75-4f75-9a9f-a1f46920af40,,Medical Supply Items,Gauze Paraffin Sterile with Case-10cm x 10cm,CONCEPT-SET,2316
9684768f-ac1a-41e1-b731-e42f04fc80b2,,Medical Supply Items,"Conical Flask Erlenmeger Borosilicate Glass 3.3, with Printed Graduation-50ml",CONCEPT-SET,2317
c8d65328-265d-425c-8a3a-0bead36c32cb,,Medical Supply Items,Oropharyngeal Airway (Guedel) Sterile-60mm,CONCEPT-SET,2318
663fb53c-a4de-4026-b1ac-22a94dce5a0c,,Medical Supply Items,Syringe (Disposable)-5ml with needle 21G,CONCEPT-SET,2319
4855a8f1-28be-4d3e-b3ad-4c768de37424,,Medical Supply Items,Measuring Tape-1.5m,CONCEPT-SET,2320
51e51d97-3627-4337-88fb-9288efbd2235,,Medical Supply Items,Catheter Suction Silconized with Funnel-14CH,CONCEPT-SET,2321
d73bf8a6-5864-4d42-b6c2-b1990773e196,,Medical Supply Items,Catheter Suction Transparent with Funnel Silco Sterile-22CH,CONCEPT-SET,2322
18289a18-6cdf-4afe-8ad8-47c93d9c0aa6,,Medical Supply Items,Endotracheal Tube-3.5CH,CONCEPT-SET,2323
e55f54af-a5e7-4fd9-b1f5-49573d68023c,,Medical Supply Items,Boots-40 Size,CONCEPT-SET,2324
b61f7c95-424e-4c6b-83b1-ec6ea6878dcd,,Medical Supply Items,Endotracheal Tube-8CH,CONCEPT-SET,2325
779e114b-11d2-4253-b64b-68c209282cdd,,Medical Supply Items,Poly Diaxone Monofilament Violet-Gauge  3.5(0) 70cm on 40mm 1/2 circle round bodied taper needle,CONCEPT-SET,2326
aad20dcc-ec48-4233-a419-041ac41d784d,,Medical Supply Items,Polyamide Monofilament-Gauge 0.2(10/0) 30cm on 5mm 3/8 Circle Spatula Double Armed Needle,CONCEPT-SET,2327
9fafff05-5a11-4b9e-add3-477137164346,,Medical Supply Items,Polyamide Monofilament-Gauge 0.2(10/0) 64cm on 6mm 3/8 Circle spatula double armed Needle,CONCEPT-SET,2328
acdf9128-8d04-4065-8ffc-3f56c91bf99b,,Medical Supply Items,Poly Diaxone Monofilament Violet-Gauge 2.0(3/0)70cm on 40mm 1/2 circle Round bodied taper needle,CONCEPT-SET,2329
3cb0de3a-0c23-498d-815d-8ab6c8d36300,,Medical Supply Items,Mersilk  Braided Black-Gauge 3.0(2/0) 100cm on 35mm 3/8 Circle Reverse Cutting Needle,CONCEPT-SET,2330
dedc39c0-2093-43dc-ad94-45ca3a40aa1b,,Medical Supply Items,Cat Gut Chromic-Gauge 3.0(3/0) 70cm on 25mm 1/2 Circle Round Bodied Needle,CONCEPT-SET,2331
0dad3e2c-f509-4383-bfeb-41bc2fb3d148,,Medical Supply Items,Cat Gut Chromic-Gauge 3.0(3/0) 75cm on 30mm 1/2 Circle Round Bodied Needle,CONCEPT-SET,2332
c3082f87-1518-44a7-9d3d-10d79a64b8fe,,Medical Supply Items,Mersilk  Braided Black-Gauge 4.0(1) 75cm on 30mm 1/2 circle reverse cutting needle,CONCEPT-SET,2333
a97d8507-445d-42f4-b8af-a5ad9348a79d,,Medical Supply Items,Cat Gut Chromic-Gauge 6.0(2) 75cm on 45mm 1/2 Circle Round Bodied Needle,CONCEPT-SET,2334
8f39c90f-0d75-4aa6-aef4-feaa6b097bf5,,Medical Supply Items,Surgical Scalpel Blade -No.22,CONCEPT-SET,2335
c96e5f97-a22e-4fe3-9200-7bcac08aef2f,,Medical Supply Items,Compressor HSTcomplet-R134a 5G FR 8,CONCEPT-SET,2336
912ce3d4-e6f4-4a50-bfa4-7245b0640ccd,,Medical Supply Items,"Conical Flask Erlenmeger Borosilicate Glass 3.3, with Printed Graduation-250ml",CONCEPT-SET,2337
0e548afa-d1e4-4763-84bf-27228ad16e73,,Medical Supply Items,Flask Heat and Chemical Resistant-250ml,CONCEPT-SET,2338
b2f8c5b3-6ad6-4fe9-99a4-525745a26f80,,Medical Supply Items,Cotton Absorbent Wool-500gm,CONCEPT-SET,2339
8db1c63e-04b5-4089-b646-8e6051e45dd7,,Medical Supply Items,Syringe(AD) -0.05ml with Needle 26G,CONCEPT-SET,2340
d8ddbcdb-ea4b-4456-836c-b92b877a3c39,,Medical Supply Items,Rectal Tube Rubber With Terminal Size-28CH,CONCEPT-SET,2341
5be2ec0b-053c-47df-b180-b9fca86b0def,,Medical Supply Items,Boots-37 Size,CONCEPT-SET,2342
9ffe44e2-7d37-440e-bd03-326858e83747,,Medical Supply Items,Catheter Foley Silconized Latex Two Ways-5-15ml Balloon 14CH,CONCEPT-SET,2343
948ff302-832f-49de-9e3a-0ef242253ca4,,Medical Supply Items,Catheter Foley Silconized Latex Three Ways-5-15ml Balloon 8CH,CONCEPT-SET,2344
f7970959-d8e9-4327-b6fd-dec50aa7673a,,Medical Supply Items,Endotracheal Tube-8.5CH,CONCEPT-SET,2345
b9bafcdb-a22c-448a-ade3-39d5a87104ae,,Medical Supply Items,Polyglycolic acid absorbable braided violet-Gauge 1.5(4/0) 75cm on 15mm 1/2 Circle Reverse Cutting Taper Needle,CONCEPT-SET,2346
138c0e17-9f05-4e90-b36e-6314054352f5,,Medical Supply Items,Mersilk  Braided Black-Gauge 2.0(3/0) 75cm on 25mm 1/2 Circle Reverse Cutting Needle,CONCEPT-SET,2347
43650ef5-b21b-4214-b5bf-eda4efd89e74,,Medical Supply Items,Polyglycolic acid absorbable braided violet-Gauge 3.0(2/0) 75cm on 35mm 1/2 Circle Round Bodied Needle,CONCEPT-SET,2348
3a97e91f-de65-487b-93ab-e6398e026eed,,Medical Supply Items,Polyamide Monofilament-Gauge 3.5(0) 75cm on 25mm 1/2 Circle Round Bodied Needle,CONCEPT-SET,2349
554c3acd-41c0-4809-a57d-cfedd25464cf,,Medical Supply Items,Cat Gut Chromic-Gauge 5.0(1) 75cm on 30mm 1/2 Circle Round Bodied Needle,CONCEPT-SET,2350
d2903db9-e73e-460d-9926-9a3055bb80c3,,Medical Supply Items,Cat Gut Chromic-Gauge 5.0(1) 75cm on 48mm 1/2 Circle Round Bodied Needle,CONCEPT-SET,2351
42f2854c-2006-4478-962d-d87c57db007a,,Medical Supply Items,Polyglycolic acid absorbable braided violet-Gauge 5.0(2) 75cm on 50mm 1/2 Circle round Bodied needle,CONCEPT-SET,2352
495f950a-0ed9-42e7-b5a3-53dcf0cbc54d,,Medical Supply Items,Handi Vac Complete Set (EV 500)  -,CONCEPT-SET,2353
95bfe882-c41c-4330-99f4-9a874af94d71,,Medical Supply Items,Shoecover Non-Skid,CONCEPT-SET,2354
fbaf86e3-0f58-4092-a1b6-f865719bc20a,,Medical Supply Items,Glass Volumetric Transfer Pipette-10ml,CONCEPT-SET,2355
aabd80b6-71fd-4944-96cd-791a7ae3588a,,Medical Supply Items,Syringe (Disposable)-10ml with needle 21G,CONCEPT-SET,2356
d9828d3e-5bc4-47a0-8b04-81063f469965,,Medical Supply Items,New Born Bag and Mask-500ml,CONCEPT-SET,2357
d8972c88-ada0-4920-83cf-7d3858b78339,,Medical Supply Items,Bucket With Hand Washing Outlet -30 Littre,CONCEPT-SET,2358
d77d0e7a-cc62-4477-be6a-e0ddaa1c2993,,Medical Supply Items,Catheter Foley Silconized Latex Three Ways-30-50ml Balloon 12CH,CONCEPT-SET,2359
9cea70dc-22af-437f-8a2b-b36f8f58833e,,Medical Supply Items,Catheter Foley Silconized Latex Two Ways-30-50ml Balloon 16CH,CONCEPT-SET,2360
4d06087c-a95e-4f27-ab3d-f5ffe6152241,,Medical Supply Items,Catheter Foley Silconized Latex Three Ways-30-50ml Balloon 18CH,CONCEPT-SET,2361
fc2a8697-0ace-4e45-821a-a0fd317bbfed,,Medical Supply Items,Catheter Foley Silconized Latex Two Ways-30-50ml Balloon 22CH,CONCEPT-SET,2362
7dd2ca69-2ff5-4d0f-90db-a4dfbf8061ab,,Medical Supply Items,Catheter Foley Silconized Latex Three Ways-30-50ml Balloon 24CH,CONCEPT-SET,2363
172b9107-6abd-45b4-a6d7-4369a9254f98,,Medical Supply Items,Syringe (Disposable)-3ml with Needle 23G,CONCEPT-SET,2364
c8aa5861-f821-4991-91e3-93dd6045807d,,Medical Supply Items,Catheter Suction Silconized with Funnel-8CH,CONCEPT-SET,2365
a8dc04d6-75b8-4a6f-bd72-08d8f3b498d2,,Medical Supply Items,Polyglycolic acid absorbable braided violet-Gauge 0.7(6/0) 30m on 12mm 1/2 circle  cutting  taper needle,CONCEPT-SET,2366
b6088637-d07c-48b3-9f76-782c3d855272,,Medical Supply Items,Polyglycolic acid absorbable braided violet-Gauge 1.0(5/0) 45cm on 13mm 1/2 Circle Round Bodied Needle,CONCEPT-SET,2367
1479970a-7c1f-4d06-86cd-11b4e09a2cb0,,Medical Supply Items,Polyglycolic acid absorbable braided violet-Gauge 1.0(5/0)75cm 0n 45mm 1/2 circle cutting  taper needle,CONCEPT-SET,2368
02099cfb-91b7-4556-8905-e588fbfcf78f,,Medical Supply Items,Mersilk  Braided Black-Gauge 1.5(4/0) 75cm with 1/2 Circle Round Bodied Needle,CONCEPT-SET,2369
c8a9f51e-179d-42d2-bfa7-ab5817636d66,,Medical Supply Items,Mersilk  Braided Black-Gauge 2.0(3) 75cm on 35mm 1/2 Circle Reverse Cutting Needle,CONCEPT-SET,2370
9a324fbc-4e2c-49c2-a982-6189b72de68b,,Medical Supply Items,Mersilk  Braided Black-Gauge 2.0(3/0) 75cm on  26mm 1/2 Circle Reverse Cutting Needle,CONCEPT-SET,2371
0672178d-9173-436e-b3b0-14995ccfeb54,,Medical Supply Items,Mersilk  Braided Black-Gauge 3.5(0) 75cm on 32mm 1/2 circle Reverse Cutting Needle,CONCEPT-SET,2372
c6b7e3b7-ae51-45c1-956e-d0af555c5faa,,Medical Supply Items,Polyglycolic acid absorbable braided violet-Gauge 4.0(1) 75cm on 45mm 1/2 Circle Cutting Taper Heavy Needle,CONCEPT-SET,2373
51ef5865-4e25-4b9a-aa6e-a296eb2e4c1f,,Medical Supply Items,Mersilk  Braided Black-Gauge 6.0(3) 75cm on 40mm 1/2 Circle Round Bodied Needle,CONCEPT-SET,2374
aeea2cce-0ab4-494e-8565-2a0fe3180b27,,Medical Supply Items,Pad Absorbent (Diaper) with Plastic Backing White-17x24 Inch,CONCEPT-SET,2375
2ba7520b-bc55-495a-b6c1-3980889755ce,,Medical Supply Items,Optical lense cleaner-30ml Bottle,CONCEPT-SET,2376
ae5c0ef3-1a31-4eb2-909c-277dc1990388,,Medical Supply Items,Biohazard Bags Disposable-37x48inch,CONCEPT-SET,2377
09a1727f-2ec7-4b05-8532-d996e4d2b74f,,Medical Supply Items,Syringe (Disposable)-50ml with Needle 21G,CONCEPT-SET,2378
172a9a4d-6938-44c4-b058-c1b753807125,,Medical Supply Items,Syringe (Disposable)-5ml with Needle 20G,CONCEPT-SET,2379
96eea873-eaf5-456a-93d9-6d0ab5e5a20e,,Medical Supply Items,Polyglycolic acid absorbable braided violet-Gauge 0.4(8/0) 45cm on 8mm 1/2 Circle Round Bodied Taper Needle,CONCEPT-SET,2380
a35e5595-9867-4ce4-b211-0d18793f8699,,Medical Supply Items,Polyglycolic acid absorbable braided violet-Gauge 0.7(6/0) 30cm on 12mm  1/2 Circle cutting Tapper Needle,CONCEPT-SET,2381
f0408b51-a54c-4d4e-81e1-ff5be80a1c15,,Medical Supply Items,Mersilk  Braided Black-Gauge 1.5(4/0) 75cm on 17mm  3/8 Circle Reverse Cutting Needle,CONCEPT-SET,2382
41f2f0b9-e1fe-4068-8b2e-e62799d53159,,Medical Supply Items,Mersilk  Braided Black-Gauge 1.5(4/0) 75cm on 18mm 1/2 Circle Reverse Cutting Needle,CONCEPT-SET,2383
a3c5ffa3-9c8e-4688-b8d4-d81726042f77,,Medical Supply Items,Mersilk  Braided Black-Gauge 1.5(4/0) 75cm on 20mm 1/2 Circle Round Bodied Needle,CONCEPT-SET,2384
9ca3915f-7c69-4de8-8f9c-fe34237912d6,,Medical Supply Items,Polyglycolic acid absorbable braided violet-Gauge 2.0(3/0)75cm on 26mm 1/2 circle rounded bodied  needle,CONCEPT-SET,2385
24594168-2704-4aa9-bd01-69dae47b3746,,Medical Supply Items,Cat Gut Chromic-Gauge 2.0(4/0) 75cm on 19mm 1/2 Circle Reverse Cutting Needle,CONCEPT-SET,2386
6f39d7dc-045d-4fdb-a453-b9e7c032d749,,Medical Supply Items,Mersilk  Braided Black-Gauge 3.0(2/0) 75cmon 24mm 1/2 Circle Reverse Cutting Needle,CONCEPT-SET,2387
4aa554e1-1876-4840-a636-3804f576522d,,Medical Supply Items,Mersilk  Braided Black-Gauge 3.0(2/0)75cm on 35mm 1/2 Circle Reverse Cutting Needle,CONCEPT-SET,2388
b5b8c0dd-fede-4af9-a801-38096113c6fb,,Medical Supply Items,Cat Gut Chromic-Gauge 4.0(0) 75cm on 32mm 1/2 Circle Round Bodied Needle,CONCEPT-SET,2389
6dc3dde9-0bc0-47eb-9ace-f83bff338594,,Medical Supply Items,Cat Gut Chromic-Gauge 4.0(0) 75cm on 38mm 1/2 Circle Round Bodied Needle,CONCEPT-SET,2390
de23d894-c730-4978-9a72-d57aa0520c40,,Medical Supply Items,Poly Diaxone Monofilament Violet-Gauge 4.0(1) 90cm on 40mm 1/2 circle round bodied  taper needle,CONCEPT-SET,2391
cf419f0a-f63a-4ede-ab36-060600fe612e,,Medical Supply Items,Mersilk  Braided Black-Gauge 5.0(2) 75cm on 40mm 1/2 Circle Reverse Cutting Needle,CONCEPT-SET,2392
4bb0366e-4112-47a3-9839-860b9c7245f8,,Medical Supply Items,Glove Surgical  Latex Sterile-No.7.5,CONCEPT-SET,2393
19cd6e42-a852-4e87-8010-02c7fc9f968a,,Medical Supply Items,Syringe(AD) -0.5ml with  Needle 23G,CONCEPT-SET,2394
372354a9-094e-4d67-b2bd-5b2d4cbb738a,,Medical Supply Items,Parafilm  flexable water-tight filmto seal laboratory containers-10cmx38m,CONCEPT-SET,2395
dc149b4b-7f8d-469d-b81e-1ed3c85d4e08,,Medical Supply Items,Catheter Suction Transparent with Funnel Silco Sterile-16CH,CONCEPT-SET,2396
24bffc49-9fe4-4aac-9696-298ff1691abe,,Medical Supply Items,Endobranchial Tube Right-35CH,CONCEPT-SET,2397
64f7c23e-1dee-43ab-977f-76e87292724f,,Medical Supply Items,Endobranchial Tube Left-39CH,CONCEPT-SET,2398
1267c494-8e27-4d82-b32c-4f8e8b2a566a,,Medical Supply Items,Boots-42 Size,CONCEPT-SET,2399
9d7ac4af-7858-4139-aa60-db8bee7abb2a,,Medical Supply Items,Catheter Suction Transparent with Funnel Silco Sterile-6CH,CONCEPT-SET,2400
170d6a2b-8b80-4315-a838-5d5269538064,,Medical Supply Items,Mersilk  Braided Black-Gauge 1.5(4/0) 100cm on 40mm 1/2 Circle  Reverse Cutting Needle,CONCEPT-SET,2401
3486ed75-32be-4a8b-9b45-2e37bdb808c8,,Medical Supply Items,Polyglycolic acid absorbable braided violet-Gauge 2.0(3/0) 75cm on 27mm 1/2 Circle revers Cutting needle,CONCEPT-SET,2402
38fc0d06-3098-4d66-8b7e-45ec159732ef,,Medical Supply Items,Mersilk  Braided Black-Gauge 3.0(2/0) 75cm on 24mm 1/2 Cicle reverse cutting Needle,CONCEPT-SET,2403
b504490d-40fe-4d31-9c97-13cebb600da0,,Medical Supply Items,Mersilk  Braided Black-Gauge 3.0(2/0) 75cm on 35mm  1/2 Circle Round Bodied Needle,CONCEPT-SET,2404
02445d7f-a0ff-45e8-9480-3a52d0d68d5d,,Medical Supply Items,Cat Gut Chromic-Gauge 3.5(2/0) 70cm on 26mm 1/2 Circle Round Bodied Needle,CONCEPT-SET,2405
3e1618b7-b5ed-4628-9c2f-36e15d1541bf,,Medical Supply Items,Cat Gut Chromic-Gauge 3.5(2/0) 75cm on 45mm 1/2 Circle Cutting Taper Needle,CONCEPT-SET,2406
aa28cb8d-3201-4bad-b3e4-84729dd8c072,,Medical Supply Items,Mersilk  Braided Black-Gauge 5.0(2) 75cm on 38mm  1/2 Circle Reverse Cutting Needle,CONCEPT-SET,2407
c99b82cd-333b-4fc4-8c71-2c766a7deadd,,Medical Supply Items,Filter Paper Qualitative Whatman-Grade 1 Diameter 150mm,CONCEPT-SET,2408
a629356f-868e-45c7-b1bf-ba91697b72a4,,Medical Supply Items,Polyglycolic acid absorbable braided violet-Guage 2.0(3/0) 70cm on 22mm 1/2 Circle Reverse Cutting Needle,CONCEPT-SET,2409
5417d72d-89cc-48ec-964c-2d9598e63ac7,,Medical Supply Items,Polyglycolic acid absorbable braided violet-Guage 3.0(2/0) 75cm on 36mm 1/2 Circle Round Bodied Needle,CONCEPT-SET,2410
b2b29160-192f-4331-90d7-496220f92912,,Medical Supply Items,Autocheck 5+-level 1 Red Box of 30 Ampoules for ABL7XX/8XX -S7735,CONCEPT-SET,2411
7b9e9910-547f-4c4d-b0a6-0da271042a62,,Medical Supply Items,Glove Surgical  Latex Sterile-No. 7,CONCEPT-SET,2412
6ab179b5-a78d-4daa-afa9-fcfc60f56799,,Medical Supply Items,Syringe(AD) -0.05ml,CONCEPT-SET,2413
eea09e9a-a215-479b-a452-343e03dcb09c,,Medical Supply Items,Urine Collecting Bag PVC Latex Product-1000ml,CONCEPT-SET,2414
761789bd-03f9-4572-801f-ed29cec6f8d2,,Medical Supply Items,Starting Condenser (117U5015)-117U5015,CONCEPT-SET,2415
5f45e43a-16ec-458f-b6c8-786d91520c22,,Medical Supply Items,"Drill Bit Round Shaft-12.7mm, 85/70mm",CONCEPT-SET,2416
84e11148-90d1-4fa6-a5c3-52256e021823,,Medical Supply Items,Catheter Suction Transparent with Funnel Silco Sterile-14CH,CONCEPT-SET,2417
4da1d109-cce0-4740-b395-e6aedd7a94be,,Medical Supply Items,First Aid Water Proof Plaster-19mmx72mm,CONCEPT-SET,2418
f73769ac-a8c6-4be7-9792-5f46944d5cfe,,Medical Supply Items,Syringe Insulin (Disposable)-1ml on 6mm with Fixed Needle 30G,CONCEPT-SET,2419
88ebbf15-91dc-4f74-bae7-c79948cf9c7a,,Medical Supply Items,Endotracheal Tube-5.5CH,CONCEPT-SET,2420
6d2ca0cd-dedf-45eb-9833-268d22b0a370,,Medical Supply Items,Oropharyngeal Airway (Guedel) Sterile-90mm,CONCEPT-SET,2421
e2133146-6bb5-4884-b9e7-83a6fef193cb,,Medical Supply Items,Polyamide Monofilament-Gauge 0.2(10/0) 38cm on 64mm  spatula Double Armed Needle,CONCEPT-SET,2422
c247fc47-1b79-4202-8fbe-f0413ad2e82e,,Medical Supply Items,Polyamide Monofilament-Gauge 0.3(9/0) 30cm on 5mm 1/3 circle Round bodied Spatula Double Armed Needle,CONCEPT-SET,2423
511a6d64-9a81-4990-a704-e30f39847d50,,Medical Supply Items,Mersilk  Braided Black-Gauge 3.0(2/0) 100cm on 42mm 1/2 Circle Reverse Cutting Needle,CONCEPT-SET,2424
b78c6c8f-40c8-4509-bdf2-60f59e8b33d6,,Medical Supply Items,Mersilk  Braided Black-Gauge 3.0(2/0) 75cm on  24mm 1/2 Cicle Reverse Cutting Needle,CONCEPT-SET,2425
b44425e5-a017-4d98-9603-a379417f68ce,,Medical Supply Items,Cat Gut Chromic-Gauge 3.0(3/0) 70cm on 26mm 1/2 Circle Round Bodied Needle,CONCEPT-SET,2426
7ad0ebd8-2796-492a-a41c-632434505232,,Medical Supply Items,Cat Gut Chromic-Gauge 3.0(3/0) 75cm on 32mm 1/2 Circle Round Bodied Needle,CONCEPT-SET,2427
acf0337e-16c3-4f38-be34-3c74cd4acf2f,,Medical Supply Items,Mersilk  Braided Black-Gauge 4.0(1) 75cm 35mm 1/2 Circle reverse cutting needle,CONCEPT-SET,2428
a48f696d-055c-4527-aa97-55e36ad31f06,,Medical Supply Items,Mersilk  Braided Black-Gauge 4.0(1) 75cm on 30mm 1/2 Circle Round Bodied Needle,CONCEPT-SET,2429
0db236f4-b709-4c24-82b8-603233738f49,,Medical Supply Items,Mersilk  Braided Black-Gauge 4.0(1) 75cm on 35mm 1/2 Circle Reverse Cutting Needle,CONCEPT-SET,2430
99f5c367-ec9d-4baa-b7c0-c5350bf277c7,,Medical Supply Items,Cat Gut Chromic-Gauge 6.0(2) 75cm on 35mm 1/2 Circle Round Bodied Needle,CONCEPT-SET,2431
dd62f495-2ec1-4835-9436-ae35fceff6ba,,Medical Supply Items,Cat Gut Chromic-Gauge 7.0(3) 75cm on 50mm 1/2 Circle Round Bodied Needle,CONCEPT-SET,2432
62cec1e0-28c4-4820-8a28-c6e8c7f9ad18,,Medical Supply Items,Surgical Scalpel Blade -No.24,CONCEPT-SET,2433
1c29a41b-9ea3-402d-8284-6064e90d3550,,Medical Supply Items,"Oropharyngeal Airway (Guedel) Sterile  conisting of neonatal, pediatrics, child adolescent, adult, large adult Set",CONCEPT-SET,2434
f7caaeac-1f0b-4c9c-b065-a22d057d5929,,Medical Supply Items,Cotton Absorbent Wool-100gm,CONCEPT-SET,2435
036fd632-2a03-4609-aaca-82417fb2e5e8,,Medical Supply Items,Spare Wick-150mm,CONCEPT-SET,2436
39be97ad-f00e-4ada-b299-140688007e24,,Medical Supply Items,Urine Collecting Bag PVC Latex Product-2000ml,CONCEPT-SET,2437
f44626f1-b82e-46e2-a9e2-e4cfea6b9bb9,,Medical Supply Items,Syringe (Disposable)-2ml with Needle,CONCEPT-SET,2438
8f1d2b38-2feb-4453-b717-5b1e183776e2,,Medical Supply Items,Glass Volumetric Transfer Pipette-50ml,CONCEPT-SET,2439
9078c7be-0887-488b-b6b7-678b403f3018,,Medical Supply Items,Catheter Foley Silconized Latex Two Ways-3-5ml Balloon 10CH,CONCEPT-SET,2440
eff065d5-37a7-4dbc-beab-213c8220d23e,,Medical Supply Items,Catheter Foley Silconized Latex Two Ways-5-15ml Balloon 10CH,CONCEPT-SET,2441
708b08e1-3800-4d3b-962d-28ac6f31b24c,,Medical Supply Items,Catheter Foley Silconized Latex Three Ways-5-15ml Balloon 12CH,CONCEPT-SET,2442
1aca851c-c613-4d66-9517-6a78e05dc5d2,,Medical Supply Items,Catheter Foley Silconized Latex Two Ways-5-15ml Balloon 8CH,CONCEPT-SET,2443
5869223f-ac90-4617-9267-00dbfb495546,,Medical Supply Items,Apron Plastic Protection Against Most Chemicals-80x120cm,CONCEPT-SET,2444
76fdcdfd-a4c3-4c60-ae04-2e137e21c8f0,,Medical Supply Items,Polyglycolic acid absorbable braided violet-Gauge 1.5(4/0) 75cm on 15mm 1/2 circle  reverse cutting needle,CONCEPT-SET,2445
6f7066cc-50c6-451f-9952-00b6232be80b,,Medical Supply Items,Polyglycolic acid absorbable braided violet-Gauge 1.5(4/0) 75cm on 15mm 1/2 Reverse Cutting Taper Needle,CONCEPT-SET,2446
5f0cad8d-8ba5-4c12-856c-213152cc72d2,,Medical Supply Items,Polyglycolic acid absorbable braided violet-Gauge 3.0(2/0) 75cm on 36mm 1/2 circle round  bodied Tapper needle,CONCEPT-SET,2447
02fdd6e6-bcbe-4a1f-b830-2a1cd0a3a924,,Medical Supply Items,Mersilk  Braided Black-Gauge 4(1) 75cm on 19mm 1/2 Circle Reverse Cutting Needle,CONCEPT-SET,2448
dc0f2fa5-b3b1-4d20-9409-5ff528b6d0d9,,Medical Supply Items,Cat Gut Chromic-Gauge 5.0(1) 75cm on 38mm 1/2 Circle Round Bodied Needle,CONCEPT-SET,2449
f6e8a3f0-ff92-47e0-b73d-4967e066c49a,,Medical Supply Items,Cat Gut Chromic-Gauge 5.0(1) 75cm on 50mm 1/2 Circle Round Bodied Needle,CONCEPT-SET,2450
522550a0-06e9-432e-a05d-98fefe40ce13,,Medical Supply Items,Polyglycolic acid absorbable braided violet-Gauge 5.0(2) 75cm on 40mm 1/2 circle cutting tapper needle,CONCEPT-SET,2451
c8838bfc-6e12-4843-84e8-85a195dc4659,,Medical Supply Items,Surgical Scalpel Blade -No.10,CONCEPT-SET,2452
2a9401ba-bfca-4eea-8ba4-4a718885e67d,,Medical Supply Items,Syringe(AD) -2ml with needle 21G,CONCEPT-SET,2453
11773990-01c1-4a33-b4b9-3e21a82ee63a,,Medical Supply Items,New Emergency Health Kit Supply-1 Equipment,CONCEPT-SET,2454
2acbbf96-baae-4270-9cb7-e495bcf5585e,,Medical Supply Items,Gauze Bandage-10cmx4m,CONCEPT-SET,2455
861a53f2-78d7-492f-9cef-e4c2bf080a41,,Medical Supply Items,Catheter Foley Silconized Latex Two Ways-30-50ml Balloon 12CH,CONCEPT-SET,2456
d967f8b4-4d59-4905-9551-38eab73afb39,,Medical Supply Items,Catheter Foley Silconized Latex Three Ways-30-50ml Balloon 14CH,CONCEPT-SET,2457
dbd21d85-55fe-41ce-8c41-5a91cb3e831b,,Medical Supply Items,Catheter Foley Silconized Latex Two Ways-30-50ml Balloon 18CH,CONCEPT-SET,2458
f6810385-b8c4-4bff-8219-569f328b4219,,Medical Supply Items,Catheter Foley Silconized Latex Three Ways-30-50ml Balloon 20CH,CONCEPT-SET,2459
699e40cd-9fdc-4d55-9570-a3b4293e6d9e,,Medical Supply Items,Boots for Delivery-38 Size,CONCEPT-SET,2460
d7d9c68c-1fbc-4b5f-a45a-688c3eef9a15,,Medical Supply Items,Starting Device-4-Jan,CONCEPT-SET,2461
0dc00bc8-2760-4af4-87de-6dfa984d131b,,Medical Supply Items,Catheter Suction-6CH,CONCEPT-SET,2462
d1f2b9f2-2212-40eb-add0-348d2eed0e4e,,Medical Supply Items,Endotracheal Tube-7.5CH,CONCEPT-SET,2463
197d40a8-16d2-423e-b766-be819924c607,,Medical Supply Items,Triangular Bandage-96cmx96cmx136cm,CONCEPT-SET,2464
61854b9e-3ffe-4f83-975e-0ce88e961a75,,Medical Supply Items,Polyglycolic acid absorbable braided violet-Gauge 1.0(5/0) 75cm on 45mm 1/2 circle cutting taper Needle,CONCEPT-SET,2465
4c5e2b26-b50a-489b-90a7-bfd26c4e44c6,,Medical Supply Items,Mersilk  Braided Black-Gauge 2.0(3/0) 100cm on 35mm 3/8 Circle Reverse Cutting Needle,CONCEPT-SET,2466
1c432eae-f54a-45be-bb1c-640f6744ca76,,Medical Supply Items,Mersilk  Braided Black-Gauge 2.0(3/0) 75cm on  35mm 1/2 Circle Round Bodied Needle,CONCEPT-SET,2467
9e02a72e-a09d-4a88-bf49-5e519fd93289,,Medical Supply Items,Mersilk  Braided Black-Gauge 2.0(3/0) 75cm on 26mm 1/2 Circle Reverse Cutting Needle,CONCEPT-SET,2468
e37be654-442c-4058-b0c2-8026f4273d57,,Medical Supply Items,Polyglycolic acid absorbable braided violet-Gauge 3.0(2/0) 75cm on 26mm 3/8 Circle Reverse cutting needle,CONCEPT-SET,2469
8ae7f270-350f-4f54-b721-8c4f41712ab5,,Medical Supply Items,Polyglycolic acid absorbable braided violet-Gauge 3.0(2/0) 75cm on 27mm 1/2 Circle Reverse Cutting Needle,CONCEPT-SET,2470
d8b25e09-c00a-47f9-b440-e409086f0469,,Medical Supply Items,Polyglycolic acid absorbable braided violet-Gauge 3.0(2/0) 75cm on 34mm 1/2 circle round bodied needle,CONCEPT-SET,2471
925f3af5-2118-4787-88bd-b25f79dd6f8a,,Medical Supply Items,Polyglycolic acid absorbable braided violet-Gauge 4.0(1) 75cm on 45mm 1/2 Circle cutting taper needle,CONCEPT-SET,2472
f5d5f992-4f82-469d-8adb-f5652840d541,,Medical Supply Items,Polyamide Monofilament-Gauge 5.0(2) 90cm on 50mm 1/2 Circle Round Bodied Needle,CONCEPT-SET,2473
8a55bd53-9a6b-4588-9922-fe1ce189f32a,,Medical Supply Items,"Conical Flask Erlenmeger Borosilicate Glass 3.3, with Printed Graduation-100ml",CONCEPT-SET,2474
f5310cc6-f719-4637-86de-c95e104def6e,,Medical Supply Items,Cannula Intravenous Set-20G,CONCEPT-SET,2475
65e61723-12a5-4436-8230-d38a28b9fd1c,,Medical Supply Items,Rectal Tube Rubber With Terminal Size-24CH,CONCEPT-SET,2476
740baea2-a8de-4fe0-a271-50ec9ecc01e9,,Medical Supply Items,Syringe (Disposable)-3ml with Needle 20G,CONCEPT-SET,2477
bd0092a7-dcf7-4aed-adf6-e01143b21ffd,,Medical Supply Items,Catheter Suction Transparent with Funnel Silco Sterile-8CH,CONCEPT-SET,2478
3b93aa01-703b-4f0c-b392-30b7a8c788a8,,Medical Supply Items,Polyglycolic acid absorbable braided violet-Gauge 0.4(8/0) 45cm on 8mm 3/8 Circle Round Bodied taper needle,CONCEPT-SET,2479
920f88b5-2955-43ff-9a4d-29991d6a7940,,Medical Supply Items,Mersilk  Braided Black-Gauge 1.5(4/0) 75cm on 17mm 1/2 Circle  reverse cutting  Needle,CONCEPT-SET,2480
7984eff6-3d28-4b06-8384-2d4346da5de5,,Medical Supply Items,Mersilk  Braided Black-Gauge 1.5(4/0) 75cm on 19mm 1/2 Circle Reverse Cutting Needle,CONCEPT-SET,2481
c835d3ba-c5ce-4130-8b7f-f22119d3c9d4,,Medical Supply Items,Mersilk  Braided Black-Gauge 1.5(4/0) 75cm on 24mm 1/2 Cicle Round Bodied Needle,CONCEPT-SET,2482
e12e7617-c628-4459-806c-fbc8bc493e3c,,Medical Supply Items,Cat Gut Chromic-Gauge 2.0(4/0) 75cm on 38mm 1/2 Circle Reverse Cutting Needle,CONCEPT-SET,2483
332254a5-3bd1-4862-ae14-d9d1b7bc36fe,,Medical Supply Items,Poly Diaxone Monofilament Violet-Gauge 3.0(2/0)70cm on 31mm 1/2 circle round bodied taper needle,CONCEPT-SET,2484
890cc2a2-d016-409c-bddb-95fc25416a6e,,Medical Supply Items,Mersilk  Braided Black-Gauge 3.5(0) 75cm 30mm 1/2 Circle Round Bodied Needle,CONCEPT-SET,2485
64cf2810-f00b-410d-b637-2612ab2d235b,,Medical Supply Items,Mersilk  Braided Black-Gauge 3.5(0) 75cm on 28mm 1/2 circle round bodied needle,CONCEPT-SET,2486
a9add50a-6f4f-40b1-ab0f-760b486e10ce,,Medical Supply Items,Cat Gut Chromic-Gauge 4.0(0) 75cm on 20mm 1/2 Circle Round Bodied Needle,CONCEPT-SET,2487
a3691b93-05e3-40ad-980c-86feb46e52f9,,Medical Supply Items,Cat Gut Chromic-Gauge 4.0(0) 75cm on 38mm 1/2 Circle Reverse Cutting Bodied Needle,CONCEPT-SET,2488
740ba1ee-af9e-4b74-b37c-57ab0a54f4a6,,Medical Supply Items,Cat Gut Chromic-Gauge 4.0(0) 75cm on 40mm 1/2 Circle Round Bodied Needle,CONCEPT-SET,2489
a53efa45-0b0f-462d-bd74-56f9b0a0a4fe,,Medical Supply Items,Poly Diaxone Monofilament Violet-Gauge 5.0(2) 90cm on 40mm 1/2 circle round bodied taper needle,CONCEPT-SET,2490
9f78e158-6909-4071-93bf-794222c1a910,,Medical Supply Items,Three-way valve Luer with caps,CONCEPT-SET,2491
a8917af4-2a2f-4c29-b9b6-31b13f2310d3,,Medical Supply Items,Cannula Intravenous Set-16G,CONCEPT-SET,2492
99ad20e9-fe3d-4974-bdd0-7d198e7150da,,Medical Supply Items,Glove Examination Latex Non Powdered-Medium,CONCEPT-SET,2493
635db7af-bff9-433d-aab9-967f7b8c06d5,,Medical Supply Items,Glove Heavy  Duty Latex (Disposable)-Medium,CONCEPT-SET,2494
108f5a19-ca75-44c7-81cd-8b46cc1adb1a,,Medical Supply Items,Glove Examination Latex Non Powdered-small,CONCEPT-SET,2495
2227b465-8310-45af-bb01-0f518df40d2d,,Medical Supply Items,"Sling For Use with Scale-0145555, 0557000",CONCEPT-SET,2496
4ab6d9c0-e792-4c78-b0bf-2fa700d21f3c,,Medical Supply Items,Oropharyngeal Airway (Guedel) Sterile-120mm,CONCEPT-SET,2497
db3bfc0e-3002-4da6-8db7-929ec9cb63e3,,Medical Supply Items,Syringe (Disposable)-20ml with Needle 20G,CONCEPT-SET,2498
2ee7ca45-865d-4065-b673-5a33997cec1f,,Medical Supply Items,Rectal Tube Rubber With Terminal Size-30CH,CONCEPT-SET,2499
93a72eb0-9a1a-4305-92d7-642bc91c3671,,Medical Supply Items,Starting Device-3-Jan,CONCEPT-SET,2500
b3925664-b336-4804-8b56-f890c7af3a15,,Medical Supply Items,Mersilk  Braided Black-Gauge 1.5(4/0) 75 cm on 24 mm 3/8 Circle Reverse Cutting Needle,CONCEPT-SET,2501
5dcb9512-8586-4551-877f-6fa6b98ffda8,,Medical Supply Items,Polyglycolic acid absorbable braided violet-Gauge 2.0(3/0) 75cm on 27mm 1/2 Circle Reverse Cutting Needle,CONCEPT-SET,2502
7760cd12-6f4c-44c2-a546-7622469af12b,,Medical Supply Items,Polyglycolic acid absorbable braided violet-Gauge 2.0(3/0) 75cm on 35mm 1/2 round bodied Needle,CONCEPT-SET,2503
195009f6-ca9f-43a8-85fe-a3425e0ba914,,Medical Supply Items,Poly Diaxone Monofilament Violet-Gauge 3.0(2/0) 70cm on 31mm 1/2 circle round bodied taper needle,CONCEPT-SET,2504
dc4b5d24-5ef6-402b-bc5d-c108caffc797,,Medical Supply Items,Mersilk  Braided Black-Gauge 3.0(2/0) 75cm on 27mm  1/2 Circle Reverse Cutting Needle,CONCEPT-SET,2505
a8417025-cabf-45be-9673-cfd49b72c767,,Medical Supply Items,Mersilk  Braided Black-Gauge 3.0(2/0) 75cm on 33mm 1/2 Circle Round Bodied Needle,CONCEPT-SET,2506
c2a6802f-a26e-4ecb-8ac4-75ed9e1fa85e,,Medical Supply Items,Mersilk  Braided Black-Gauge 3.0(2/0) 75cm on 35mm 1/2 Circle Round Bodied Needle,CONCEPT-SET,2507
7879c7f7-7391-47aa-83e8-192dabc15e8d,,Medical Supply Items,Mersilk  Braided Black-Gauge 3.0(2/0) on 75cm on 17mm  1/2 Circle Reverse Cutting Needle,CONCEPT-SET,2508
ec3f647f-3778-45b5-91ef-f8c55f965f4a,,Medical Supply Items,Cat Gut Chromic-Gauge 3.5(2/0) 75cm on 38mm 1/2 Circle Round Bodied Needle,CONCEPT-SET,2509
c459da1a-b3cb-4646-9de0-d4bbcbe9211c,,Medical Supply Items,Cat Gut Chromic-Gauge 3.5(2/0) 75cm on 45mm 1/2 Circle Round Bodied Needle,CONCEPT-SET,2510
8e114645-01c0-4c4a-879d-e93e468b398a,,Medical Supply Items,Poly Diaxone Monofilament Violet-Gauge 4.0(1) 90cm on 40mm 1/2 circle round bodied taper needle,CONCEPT-SET,2511
9c383775-2e74-468b-88d2-097a4213110c,,Medical Supply Items,Mersilk  Braided Black-Gauge 5.0(2) 75cm on 40mm  1/2 Circle Reverse Cutting Needle,CONCEPT-SET,2512
30c8c0be-dd9a-45f2-8aa7-c77e2d87369d,,Medical Supply Items,Polyglycolic acid absorbable braided violet-Guage 3.5(0)75cm on 48mm 1/2c Round Bodied  Needle,CONCEPT-SET,2513
379f34ed-f494-4d97-bc77-9a2ffd3670e7,,Medical Supply Items,Autocheck 5+-level 3 Blue Box of 30 Ampules for ABL7XX/8XX-S7755,CONCEPT-SET,2514
9e2fbb4d-0d61-43af-ba0b-654e8e514c60,,Medical Supply Items,Glove Surgical  Latex Sterile-No. 7.5,CONCEPT-SET,2515
65f64bb1-d15a-48ee-b1bc-0c26c629d92d,,Medical Supply Items,Sheeting PVC-100x100cm,CONCEPT-SET,2516
a0c3fedf-a2cc-48a2-98b7-39bc121c4c43,,Medical Supply Items,Blood Collecting  Bag CPDA1 Anticoagulant Triple-450ml,CONCEPT-SET,2517
2eddcd57-4a02-444a-8367-5a4d0eaac690,,Medical Supply Items,"Conical Flask Erlenmeger Borosilicate Glass 3.3, with Printed Graduation-500ml",CONCEPT-SET,2518
f1e41a44-13b2-4a0f-b35b-ac3a68231b16,,Medical Supply Items,Flask Heat and Chemical Resistant-500ml,CONCEPT-SET,2519
b0a2fde7-cc14-417c-9b44-46ae6d4d1ac3,,Medical Supply Items,Glass Volumetric Transfer Pipette-5ml,CONCEPT-SET,2520
fc1667c7-a17c-4877-8dbc-726aa9f48735,,Medical Supply Items,Resuscitator Bag (Ambu Bag)-Adult,CONCEPT-SET,2521
081844ed-0b54-45bd-b167-71cecc1f8400,,Medical Supply Items,Universal Bottle or sputum Screw Capped-for sputum Screw Capped,CONCEPT-SET,2522
c2beacb8-d010-4e78-b221-dfab699ce2ad,,Medical Supply Items,Measuring Tape-2m,CONCEPT-SET,2523
44387b2a-5622-489a-ace9-d5e097b6f02f,,Medical Supply Items,Syringe(AD) -5ml with  Needle 23G,CONCEPT-SET,2524
e25659e2-b081-4b77-bb0d-43dbb9676fc1,,Medical Supply Items,Polyamide Monofilament-Gauge 0.2(10/0) 60cm on 6mm1/3 Circle Spatula Double Armed  Needle,CONCEPT-SET,2525
a00965b9-aaaa-4761-b2e0-7e570fcda227,,Medical Supply Items,Polyamide Monofilament-Gauge 0.3(9/0) 30cm on 6mm  3/8 Circle  round Bodied Spatula Double Armed  Needle,CONCEPT-SET,2526
0ab3afbc-a891-4134-97d5-f4e78972b19e,,Medical Supply Items,Polyglycolic acid absorbable braided violet-Gauge 2.0(3/0) 75cm on 19mm 3/8 Circle Reverse Cutting Needle,CONCEPT-SET,2527
f26655a8-f321-4312-998f-d0320331b12b,,Medical Supply Items,Mersilk  Braided Black-Gauge 3.0(2/0) 75cm on 20mm 1/2 Circle Round Bodied Needle,CONCEPT-SET,2528
60ebefad-f0d5-4fe0-89e7-3936109a4d8a,,Medical Supply Items,Mersilk  Braided Black-Gauge 3.0(2/0) 75cm on 24mm 1/2 Circle Reverse Cutting Needle,CONCEPT-SET,2529
7c2b459c-0345-43d9-a4db-11410e44d7bd,,Medical Supply Items,Cat Gut Chromic-Gauge 3.5(2/0) 70cm on 45mm 1/2 Circle Cutting Taper Needle,CONCEPT-SET,2530
8c745033-e411-4fc0-af4f-1fb86ef128cd,,Medical Supply Items,Poly Diaxone Monofilament Violet-Gauge 4.0(1) 50cm on 48mm 1/2 circle round bodied taper needle,CONCEPT-SET,2531
9978b191-95eb-411a-b301-d7db83205e2b,,Medical Supply Items,Mersilk  Braided Black-Gauge 4.0(1) 75cm on 22mm 3/8 Circle Reverse Cutting 22mm,CONCEPT-SET,2532
408a0d28-23e5-46b1-a74c-4217571e5533,,Medical Supply Items,Mersilk  Braided Black-Gauge 4.0(1) 75cm on 32mm 1/2 Circle  Round Bodied Needle,CONCEPT-SET,2533
03de7949-be64-4712-82aa-dfaaea5008d4,,Medical Supply Items,Cat Gut Chromic-Gauge 6.0(2) 75cm on 37mm 1/2 Circle Round Bodied Needle,CONCEPT-SET,2534
15712bcd-ad89-4f4e-95d2-2dccf35baa6b,,Medical Supply Items,Filter Paper Qualitative Whatman-Grade 1 Diameter 90mm,CONCEPT-SET,2535
8ffaa773-2585-4245-85a4-bed3395884f4,,Medical Supply Items,Vacutainer Blood Collection Tube-with vacuum red top 10ml,CONCEPT-SET,2536
16b3fcd5-b165-40fc-b71b-18add93e15ec,,Medical Supply Items,Capillary tube -hematocrite - heparinized,CONCEPT-SET,2537
cccdd58f-947d-4ebf-bc0b-00a294866798,,Medical Supply Items,Conical Centrifuge Tubes-50ml,CONCEPT-SET,2538
349c8189-df56-4217-8c8a-636b43555fe5,,Medical Supply Items,Blood Collecting  Bag CPDA1 Anticoagulant Single-250 ml,CONCEPT-SET,2539
b96343ac-5281-44a8-bf0c-98ada6253ad9,,Medical Supply Items,Applicator Wooden Stick with out Cotton Tip -15cm x 2.5mm,CONCEPT-SET,2540
b5e80410-44cc-4441-8681-cc11ba2ef6de,,Medical Supply Items,Applicator Stick Wooden with Cotton Tip-15cm x 2.2mm,CONCEPT-SET,2541
92a09f09-53d3-4aec-82a0-fe63fd8f317c,,Medical Supply Items,Cat Gut Chromic-Gauge 4.0(0) 75cm on 48mm 1/2 circle Round Bodied Needle,CONCEPT-SET,2542
629436be-8b16-4b9f-a726-f0635bbed542,,Medical Supply Items,Mersilk  Braided Black-Gauge 2.0 (3/0) 75cm on 17mm 1/2 Circle Round Bodied Needle,CONCEPT-SET,2543
08292f14-3b4f-4529-9a8c-12cbb90e7294,,Medical Supply Items,Mersilk  Braided Black-Gauge 2.0(3/0) 75cm on 27mm 1/2 Circle Reverse Cutting Needle,CONCEPT-SET,2544
e4b1219d-c872-4678-8904-4689abea98a3,,Medical Supply Items,Mersilk  Braided Black-Gauge 2.0 (3/0) 75cm on 17mm 1/2 Circle Reverse Cutting Needle,CONCEPT-SET,2545
58bc6e89-f18e-4ed3-b75c-ee234b73bafe,,Medical Supply Items,Mersilk  Braided Black-Gauge 1.0 (4/0) 75cm on 19mm 1/2 Circle Reverse Cutting Needle,CONCEPT-SET,2546
ddc1d303-98f9-4be7-8cba-accd603794e9,,Medical Supply Items,Polyglycolic acid absorbable braided violet-Gauge 2.0 (3/0) 75cm on 36mm 1/2 Circle Round Bodied Needle,CONCEPT-SET,2547
d5582211-89ab-426e-a09e-b58e658a6319,,Medical Supply Items,Mersilk  Braided Black-Gauge 3.5(0) 75cm on 27mm 1/2 Circle Round Bodied Needle,CONCEPT-SET,2548
9877b284-7430-4a39-930b-691fecce2392,,Medical Supply Items,"Polyamide Monofilament-Gauge 0.3 (9/0) 13
cm on 64mm Spatula Double Armed Round Bodied Needle",CONCEPT-SET,2549
81dd315b-a4e5-4510-891b-f8c1f8e290a6,,Medical Supply Items,Drainage Chest  Tube-18FG,CONCEPT-SET,2550
5155b15b-973c-46dd-a14e-fb8a9283d3ac,,Medical Supply Items,Catheter Condom Latex Medium-25mm,CONCEPT-SET,2551
2973baae-f621-4d78-8769-a594aa013bb2,,Medical Supply Items,Catheter Foley Silconized Latex Two Ways-30-50ml Balloon 24CH,CONCEPT-SET,2552
b7a13710-04cd-48d1-b6ce-0eb55367cf0a,,Medical Supply Items,Catheter Foley Silconized Latex Three Ways-5-15ml Balloon 6CH,CONCEPT-SET,2553
b7d3df01-b839-4c61-894e-45dce56a5bbc,,Medical Supply Items,Catheter Foley Silconized Latex Three Ways-5-15ml Balloon 4CH,CONCEPT-SET,2554
2237a7f1-ff8c-4347-9206-d61f215bede0,,Medical Supply Items,Catheter Foley Silconized Latex Two Ways-5-15ml Balloon 6CH,CONCEPT-SET,2555
19e54da1-e4d6-4ee1-b7c6-d4b193ba84fb,,Medical Supply Items,Catheter Foley Silconized Latex Two Ways-5-15ml Balloon 4CH,CONCEPT-SET,2556
9719ae6e-f65d-456d-ae96-dbd62b5d99f2,,Medical Supply Items,Scalp Vein Winged Infusion Set-29G,CONCEPT-SET,2557
65c826fe-935f-4bd0-bbbb-ec7eb4f6ae1d,,Medical Supply Items,Cat Gut Chromic-Gauge 7.0(3) 75cm on 48mm 1/2 Circle Round Bodied Needle,CONCEPT-SET,2558
caa1abba-c052-43a3-ba10-8b2c43384588,,Medical Supply Items,"Tourniquet-for adult,ABS auto lock buckle,size 25x450x6mm,blue color.",CONCEPT-SET,2559
4df6fa8d-fcca-420d-8723-519651639ea5,,Medical Supply Items,Cat Gut Chromic-Gauge 3.0(3/0) 75cm on 25mm 1/2 Circle Reverse Cutting Needle,CONCEPT-SET,2560
9db33246-b63d-49ed-949a-64c674187cb0,,Medical Supply Items,Cat Gut Chromic-Gauge 3.5(0) 75cm on  27mm 1/2 Circle Reverse Cutting Needle,CONCEPT-SET,2561
0ae87138-d5bf-4e03-b777-d3250f37b96f,,Medical Supply Items,Cat Gut Chromic-Gauge 4.0(0) 75cm on 30mm 1/2 Circle Reverse Cutting Needle,CONCEPT-SET,2562
f3db0f71-5deb-4530-8e4c-06ab97fba5d1,,Medical Supply Items,Cat Gut Chromic-Gauge 5.0(1) 75cm on 48mm 1/2 Circle Reverse Cutting Needle,CONCEPT-SET,2563
7ae8a13c-1812-4144-bd21-b951c3218c90,,Medical Supply Items,Cat Gut Chromic-Gauge 6.0(2) 75cm on 35mm 1/2 Circle Reverse Cutting Needle,CONCEPT-SET,2564
5372ec25-0892-4a6f-891f-266ea32bba9a,,Medical Supply Items,Cat Gut Chromic-Gauge 7.0(3) 75cm on 48mm 1/2 Circle Reverse Cutting Needle,CONCEPT-SET,2565
aa059258-5623-419c-bd40-afc7f20a27f6,,Medical Supply Items,Glove Surgical  Latex Sterile Powder Free-No. 6.5,CONCEPT-SET,2566
1d8394ce-9813-480b-998f-35c837992b57,,Medical Supply Items,Glove Surgical  Latex Sterile Powder Free-No. 7,CONCEPT-SET,2567
4795923b-59ca-475b-8323-fbac36d9006f,,Medical Supply Items,Glove Surgical  Latex Sterile Powder Free-No. 7.5,CONCEPT-SET,2568
cd9680cd-3d54-4628-a6ec-b07d7cc86554,,Medical Supply Items,Glove Surgical  Latex Sterile Powder Free-No. 8,CONCEPT-SET,2569
66077e7f-258c-4284-80af-78b9541b12fe,,Medical Supply Items,"Specimen container-4 oz,graduated in ml,sterile,transluecent polypropylene,full turn screw thread,leak resistant seal,individually-wrapped",CONCEPT-SET,2570
7c0656d9-6b62-44c5-bcdd-90504709d055,,Medical Supply Items,Cat Gut Chromic-Gauge 4.0(0) 150cm on 30mm 1/2 Circle Round Bodied Needle,CONCEPT-SET,2571
eb71f283-574d-479d-aad8-8952ddf5d5e9,,Medical Supply Items,Cannula Intravenous Set-External Diameter 1.3mm Length 45mm 16G,CONCEPT-SET,2572
923236b4-9638-4723-b499-a5f2ab0171e3,,Medical Supply Items,Ultrasound Paper-110mm width x 20meter length,CONCEPT-SET,2573
3c75ac53-a4cd-4ca3-a8e1-f6a16a2f2e7e,,Medical Supply Items,Filter Paper Qualitative Whatman-Grade 1 Diameter 150mm with pore size 11µm,CONCEPT-SET,2574
b3534d21-6968-4560-bb22-b3aaf42ce39d,,Medical Supply Items,Catheter Foley Silconized Latex Three Ways-5-15ml Balloon 10CH,CONCEPT-SET,2575
3025addd-99dc-4010-8c9e-a417a55090ab,,Medical Supply Items,Cannula Intravenous Set-external diameter 1.1mm length 32mm 20G,CONCEPT-SET,2576
38e9d5e4-f6f2-43ca-b9f5-354d9d7722bf,,Medical Supply Items,Cannula Intravenous Set-external diameter 0.9mm length 25mm 22G,CONCEPT-SET,2577
8c7d2f22-8cd0-47a9-9dfc-1c68b7a07f82,,Medical Supply Items,Cannula Intravenous Set-external diameter 0.7mm length 19mm 24G,CONCEPT-SET,2578
efa58a63-c37f-4edd-9484-53c78804f740,,Medical Supply Items,Cannula Intravenous Set-external diameter 1.3mm length 45mm 18G,CONCEPT-SET,2579
6a0099ad-be19-4c90-b5e1-ef104fe7a65f,,Medical Supply Items,Adhesive Plaster Zinc Oxide-12.5cmx10m,CONCEPT-SET,2580
c33f1436-f50b-40ca-bc4f-7b6ae4aeb783,,Medical Supply Items,Endotracheal Tube-sterile CH 3.5 cuffed,CONCEPT-SET,2581
410328a6-ea1c-4468-9688-a1dc30f8e8c0,,Medical Supply Items,Endotracheal Tube-sterile CH 4 cuffed,CONCEPT-SET,2582
5c63d9dd-9d7f-4fe9-bb8a-c463d75c473d,,Medical Supply Items,Endotracheal Tube-sterile CH 4.5 cuffed,CONCEPT-SET,2583
6913bd01-f4b3-4c21-bdc1-31ddf668639d,,Medical Supply Items,Endotracheal Tube-sterile CH 5 cuffed,CONCEPT-SET,2584
9f4b1106-e499-40d3-9c4a-d1e67bc8cc0d,,Medical Supply Items,Endotracheal Tube-sterile CH 6.5 cuffed,CONCEPT-SET,2585
f6570bd8-9a55-43c3-b2d7-413e6ab01024,,Medical Supply Items,Endotracheal Tube-sterile CH 8 cuffed,CONCEPT-SET,2586
229e8c7b-cb4f-4e06-a265-d1a991953391,,Medical Supply Items,"Scalp Vein Winged Infusion Set-with luer adapter 21G, 0.75 inch(19mm) needle, 7 inch(178mm) tubing",CONCEPT-SET,2587
c8ab98e2-c3ce-49c4-9e63-ad4efc191145,,Medical Supply Items,"Syringe (Disposable)-(Sterile) 3 Parts, 20ml Luer fitting with 21G  Needle",CONCEPT-SET,2588
19a1bb83-6a83-4d10-916b-09897b72dd28,,Medical Supply Items,"Syringe (Disposable)-(Sterile) 3 Parts, 3ml Luer fitting with 21G  Needle",CONCEPT-SET,2589
23bb75b9-d3fc-4ddb-aaec-082f5e5801a6,,Medical Supply Items,"Syringe (Disposable)-(Sterile) 3 Parts, 3ml Luer fitting with 23G  Needle",CONCEPT-SET,2590
a831c40d-ab11-46cc-8403-a6786fbd52d6,,Medical Supply Items,"Syringe (Disposable)-(Sterile) 3 Parts, 50ml Luer fitting with 21G  Needle",CONCEPT-SET,2591
05e68155-e7ec-457a-a6b3-0f5d10b8070d,,Medical Supply Items,"Syringe (Disposable)-(Sterile) 3 Parts, 5ml Luer fitting with 23G  Needle",CONCEPT-SET,2592
13cd7f0f-201f-47ed-9b7d-6d3baea52f38,,Medical Supply Items,"Gauze Swab-10cmx10cm, 8plys sterile",CONCEPT-SET,2593
3cfd9263-9c5b-4998-8706-4773ff1c7ffe,,Medical Supply Items,"Colostomy Bag Adhesive  Regulator Closed-30mm Opening, adult opec medium",CONCEPT-SET,2594
51d6145e-1494-45c4-b6b9-3601b0df4732,,Medical Supply Items,Colostomy Bag Adhesive  Regulator Closed-30mm Opening pediatric,CONCEPT-SET,2595
21711c46-2a1c-4e65-812d-58ebfb9db11e,,Medical Supply Items,Mersilk  Braided Black-Gauge 3.5(0) 75cm on 32mm 1/2 circle cutting tapper Needle,CONCEPT-SET,2596
c1e82afb-fcd1-4d6f-bfe1-9c2e17f0909a,,Medical Supply Items,Catheter Suction-14CH,CONCEPT-SET,2597
c8bbaa4d-a359-400d-a9d9-8110de294d50,,Medical Supply Items,Catheter Suction-8CH,CONCEPT-SET,2598
9da0d9f9-418f-4a14-b7a7-e405d65cab34,,Medical Supply Items,Catheter Suction-16CH,CONCEPT-SET,2599
85b6106e-e5c0-4d41-b011-927cd34a0289,,Medical Supply Items,Tissue Paper-10cm x 15cm,CONCEPT-SET,2600
a1900558-1cc4-4682-b36b-873f1a8104f4,,Medical Supply Items,"Abbott 2000/COBAS - Absorbent Underpad, 60x40 Inches",CONCEPT-SET,2601
04bf3a65-5879-430d-a34f-62351befd15b,,Medical Supply Items,Measuring-Tape-1m,CONCEPT-SET,2602
45dc3182-79e7-4f6a-aa1f-c861d572a839,,Medical Supply Items,Oxygen Nasal Catheter (Prongs)-Pediatric,CONCEPT-SET,2603
3baed7e5-bf5c-4878-b78c-a87443ab2539,,Medical Supply Items,Adult Cardio-Pulmonary Resuscitation Defibrillation Manikin,CONCEPT-SET,2604
5d3f4ebf-9083-4de6-ba79-bb2a4e6d1278,,Medical Supply Items,Female Uretheral/Suprapubic  Catheterization Trainer,CONCEPT-SET,2605
af6624da-aeb7-4975-a3a8-507f8c6b44dd,,Medical Supply Items,Microbiology - Bile Esculin Agar,CONCEPT-SET,2606
0e3d0f7c-800e-4364-a9da-0ecb422ccdb0,,Medical Supply Items,Umblical Cord Tie-6mm x 24.5m,CONCEPT-SET,2607
2718721d-92f7-48dc-b98f-9f75f02f629f,,Medical Supply Items,"Booklet - Exercise and Manual,CBNC Amharic-Exercise and Manual,CBNC Amharic",CONCEPT-SET,2608
ae718dc4-e1aa-4631-992c-e98a2d4ea925,,Medical Supply Items,Sterican single use dental needle-G25,CONCEPT-SET,2609
36652e39-3138-46fe-a184-0379cab5c239,,Medical Supply Items,Sterican dental hypodermic needle-G27,CONCEPT-SET,2610
50735883-0ec6-48b2-8f5a-82f66b8a54ae,,Medical Supply Items,"Goggle Safety-HO;Yga Laser,27750095",CONCEPT-SET,2611
a69478bb-6098-434e-913f-ec82a287c394,,Medical Supply Items,Insertion Accessories Kit for Implanol 25 Insertion/removal Procedure-kit for 25 implanons,CONCEPT-SET,2612
03953885-6eed-490a-aa7d-979b55b670ef,,Medical Supply Items,Autoclave Indicator  Tape-1.9cm x 50m,CONCEPT-SET,2613
0c01fb19-b0ec-4d0b-8491-dbcd07966794,,Medical Supply Items,Pipette Class A-5ml,CONCEPT-SET,2614
ea76147f-6e7c-4f20-9bcb-5bf1cb559f9c,,Medical Supply Items,Pipette Class A-10ml,CONCEPT-SET,2615
d5b6fc7b-e7bf-4c84-8069-e963cb47d7fc,,Medical Supply Items,IV Training Arm-Infant,CONCEPT-SET,2616
f5a2e8ff-f964-45b3-bc0a-01c344ba9949,,Medical Supply Items,PIMA - CD4 Cartridge,CONCEPT-SET,2617
9f935783-8e04-49c9-9a31-c2f3bc908899,,Medical Supply Items,Clinical Chemistry - Lactate Dehydrogenase (LDH),CONCEPT-SET,2618
3a9f0826-2e7e-4832-a54b-47c09a5d8e0e,,Medical Supply Items,"FACSCalibur - Falcon Tubel, 5ml",CONCEPT-SET,2619
955b7771-61a6-42b7-9755-c76ec2e36ddf,,Medical Supply Items,Catheter  Umblical,CONCEPT-SET,2620
ddb8fa20-dbfa-48af-9f3f-d826e1addfa1,,Medical Supply Items,"Abbott 2000/COBAS - Absorbent Underpad, 17x24 Inches",CONCEPT-SET,2621
d03ce6a4-8ee3-404b-a4fe-ab6c805a4810,,Medical Supply Items,"Abbott 2000/COBAS - Shoe Cover, Disposable",CONCEPT-SET,2622
f5d0900b-17bf-4cc2-b0e7-ea090e79ccf0,,Medical Supply Items,"Abbott 2000/COBAS - Aerosol Resistant Pipette Tips, 1000ul",CONCEPT-SET,2623
b1544848-81a6-445e-b89c-793bdbb30761,,Medical Supply Items,"Abbott 2000/COBAS - Aerosol Resistant Pipette Tips, 200ul",CONCEPT-SET,2624
2a6cb0cf-2cdc-44eb-a9b4-46e1d10510dc,,Medical Supply Items,"Abbott 2000/COBAS - Falcon Tube, 50ml",CONCEPT-SET,2625
9b470387-d0f5-4c47-9388-cd91767f6f0e,,Medical Supply Items,"Microtainer  Tube, k2EDTA-250-500 ul",CONCEPT-SET,2626
5ca32476-e7e6-4909-a419-c5074fcde05b,,Medical Supply Items,FACSCount - Thermal Paper,CONCEPT-SET,2627
7a36c39b-52e8-4238-b655-07cd0f321ab7,,Medical Supply Items,Dental Needle -27G,CONCEPT-SET,2628
420bbf75-02f2-4b88-bd4e-286227893bac,,Medical Supply Items,Bandage Elastic-8cm x 4m,CONCEPT-SET,2629
95f7b76b-f2e6-44bf-8e47-db20caf4b75f,,Medical Supply Items,Talc Dusting-Powder,CONCEPT-SET,2630
53e36d45-31ac-4f67-80f1-4caa793457ae,,Medical Supply Items,Hemocytometer - Improved Neubauer,CONCEPT-SET,2631
f76aacb0-735b-41ce-b7e8-f366964b2b52,,Medical Supply Items,Cotton Elastic Bandage-8cm x 5m,CONCEPT-SET,2632
703720d6-74e9-4578-9a37-97b88d7a9d1b,,Medical Supply Items,Sharps Container-5L,CONCEPT-SET,2633
1424d63d-86a3-44fd-a213-d1e7a256502f,,Medical Supply Items,"Abbott 2000/COBAS - Pipette Transfer Sterile, 5.8ml",CONCEPT-SET,2634
258db235-0eb2-45e7-8e74-bccd6b306cdd,,Medical Supply Items,Plaster Of Paris (P.O.P) -7cm x 3m,CONCEPT-SET,2635
cb09879e-d691-4508-a3ec-e459ed97a793,,Medical Supply Items,Adhesive Plaster Zinc Oxide-7.5cm x 10m,CONCEPT-SET,2636
de69bd2c-1daf-44a2-a821-f516083340bb,,Medical Supply Items,Adhesive Plaster Zinc oxide (19x72mm + 25x72mm)-(12 + 8) pices,CONCEPT-SET,2637
1e64881f-33c8-48cc-b95f-46ff764e387e,,Medical Supply Items,Gauze Absorbent Cotton-8cm x 4m,CONCEPT-SET,2638
a4bc1316-ba2c-4043-8803-403d1497beb2,,Medical Supply Items,Adhesive Plaster Zinc Oxide-12.5cm x 10cm,CONCEPT-SET,2639
58c30760-76a8-464d-b90d-d2e9bc22a397,,Medical Supply Items,Adhesive Plaster Zinc Oxide- 12.5cm x 10m,CONCEPT-SET,2640
be7b8209-32e4-4ab9-902a-124306b0a3bf,,Medical Supply Items,Gauze Bandage-18.5cm x 5m,CONCEPT-SET,2641
b148c262-3712-4609-894e-5699e3c642ad,,Medical Supply Items,Bandage Elastic-7.5cm x 5m,CONCEPT-SET,2642
6b77057b-2908-47c9-84e4-7156beeea8de,,Medical Supply Items,Gauze Bandage-18cm x 5m,CONCEPT-SET,2643
55d5ac30-bd96-4e2f-8599-e0c89ef23519,,Medical Supply Items,Label Tape Self Adhesive-Yellow,CONCEPT-SET,2644
e9ce60ea-e469-443b-8cc8-9f7694950b20,,Medical Supply Items,Label Tape Self Adhesive-Red,CONCEPT-SET,2645
86e9ed3b-886f-4271-8e5b-f3d7b1954148,,Medical Supply Items,Label Tape Self Adhesive-blue,CONCEPT-SET,2646
62621c52-291a-4f9c-b6e9-928bfdf97141,,Medical Supply Items,Bandage Elastic-8cm x 5m,CONCEPT-SET,2647
37035006-e59a-4df2-919b-85b2a6b5d2ed,,Medical Supply Items,"Bandage Elastic-3""x6YD",CONCEPT-SET,2648
6cfc2fc4-5bbb-496e-84bd-f08dd556952c,,Medical Supply Items,"Applicator Cotton Tipped, Non  Sterile-Non Steril 6''",CONCEPT-SET,2649
b255abc5-742a-4f8b-8b78-b2f8d5eb3f75,,Medical Supply Items,Bandage Elastic-3X5yd,CONCEPT-SET,2650
efd57f92-30b1-4685-bd5d-3fbcfc72c14a,,Medical Supply Items,Abbott VL/EID m2000 - Optical Adhesive Cover,CONCEPT-SET,2651
97437116-7ea2-4b0d-b26a-725adbce68b0,,Medical Supply Items,Gauze Surgical-90cm x 90m,CONCEPT-SET,2652
dac34198-f3ff-4ee5-a1d7-b05242b6bb6f,,Medical Supply Items,Adhesive Tape-5cm x 9m,CONCEPT-SET,2653
ca02c27d-c34a-4059-ac84-1b7bcc18395b,,Medical Supply Items,Gauze Bandage-12.5cm x 5m,CONCEPT-SET,2654
47554087-4d94-4898-9742-9e59e999ba2c,,Medical Supply Items,Gauze Bandage - 12.5cmx5cm,CONCEPT-SET,2655
f9518aee-2ffb-4f68-8a8a-8574b71be0dc,,Medical Supply Items,Bandage Elastic-4cm x 8m,CONCEPT-SET,2656
e444e70c-efa5-4af6-b717-ced5ed757e1c,,Medical Supply Items,Pad Absorbent under layer blue polyethylene film with white non-woven,CONCEPT-SET,2657
8f74100f-eaf4-4537-8d81-72728075f2a9,,Medical Supply Items,plastic Bag (Laundary)-25x35inch,CONCEPT-SET,2658
9bcf9234-6ba3-4320-ab7e-2f793b5679e8,,Medical Supply Items,"Abbott 2000/COBAS - Absorbent Underpad, 20x36 Inches",CONCEPT-SET,2659
74c8a7a5-20a2-4342-89e1-14fad450b35d,,Medical Supply Items,"Blood Collecting Bag  - Triple CPDAI Anticoagulant, 450ml",CONCEPT-SET,2660
f1c42e0c-6a86-4ca2-89f5-4daedb3658d5,,Medical Supply Items,Blood Collecting  Bag CPDA1 Anticoagulant Triple - 450ml,CONCEPT-SET,2661
cdd9f127-5ed1-4ffd-9deb-e899042bc29d,,Medical Supply Items,"Abbott 2000/COBAS - Aerosol Resistant Pipette Tips, 200ul-200ul",CONCEPT-SET,2662
1a62ac6d-2e23-491c-95b2-cee8142090c9,,Medical Supply Items,"Abbott 2000/COBAS - Aerosol Resistant Pipette Tips, 1000ul-1000ul",CONCEPT-SET,2663
275f6efd-d598-4272-8913-d0a44f995cd6,,Medical Supply Items,Dropping Bottle with Ground Glass Stopper-50ml,CONCEPT-SET,2664
7f9f8f2d-227f-48dc-b403-41595a1c56e8,,Medical Supply Items,Vacutainer Tube  Without Needle-10ml,CONCEPT-SET,2665
0d27c65d-2d66-4702-8d57-fc95780e52dd,,Medical Supply Items,"Boots Rubber, Bleach Resistant-38 Size",CONCEPT-SET,2666
d4817691-9b87-4813-8ec5-d62ec9b8e936,,Medical Supply Items,"Boots Rubber, Bleach Resistant-39 Size",CONCEPT-SET,2667
598e4a09-2730-44ce-9d98-467b47e5ddc8,,Medical Supply Items,"Boots Rubber, Bleach Resistant-40 Size",CONCEPT-SET,2668
c698a50a-4973-4b97-9969-e8ddb3669734,,Medical Supply Items,"Boots Rubber, Bleach Resistant-41 Size",CONCEPT-SET,2669
5a530a6b-64cd-4ae4-a467-286ab48f38a0,,Medical Supply Items,"Boots Rubber, Bleach Resistant-42 Size",CONCEPT-SET,2670
d3d08feb-c9da-487d-8b30-78c65344459f,,Medical Supply Items,"""Glass Graduated
Pipette ""-2ml,0.02ml",CONCEPT-SET,2671
eddeb8c1-e12b-4e65-9f40-e554ed754d5d,,Medical Supply Items,"""Glass Graduated
Pipette ""-5ml,0.05ml",CONCEPT-SET,2672
3ff79164-9c26-4639-998e-30b4fe380850,,Medical Supply Items,"""Glass Graduated
Pipette ""-10ml,0.1ml",CONCEPT-SET,2673
959f3a8f-5422-47dc-ac38-973502516b88,,Medical Supply Items,Sysmex Kx21N - Thermal paper,CONCEPT-SET,2674
6d183ea1-fd24-451b-a9ff-9e8c203f8086,,Medical Supply Items,Bottle plastic Baby-150ml,CONCEPT-SET,2675
4bd85f3a-1af3-447a-899f-3731b6f86535,,Medical Supply Items,Paster Pipette Non- Sterile 7.5 ml Capacity,CONCEPT-SET,2676
a3b62462-2588-45db-be0d-a086211c764e,,Medical Supply Items,"Abbott 2000/COBAS - Absorbent Underpad, 16x24 Inches",CONCEPT-SET,2677
609a7540-5453-4e51-824f-6865e214dc1f,,Medical Supply Items,Catheter Suction Silconized with Funnel-22CH,CONCEPT-SET,2678
c8b6b6ab-9de4-444c-ba9c-c3968aeeb1fe,,Medical Supply Items,Tissue Paper for Lense Cleaning-10cm x 15cm,CONCEPT-SET,2679
763e140b-9317-4f60-b9ad-b2ba4f7c4af9,,Medical Supply Items,"Blood Collecting Tube - Plasma Preparation Tube, K2-EDTA+Polymergel, 5ml",CONCEPT-SET,2680
a325f99e-e587-447b-82e8-8ec1cb7a338b,,Medical Supply Items,Glove Examination Powder Free Nitrile Non-Sterile Medium,CONCEPT-SET,2681
5573c010-e8f2-4048-b27d-6db6e605cb8a,,Medical Supply Items,Microscope Slide-Frosted,CONCEPT-SET,2682
f7f4ce5d-eaf4-4f79-87ff-290ee68a2bc3,,Medical Supply Items,Abbott 2000/COBAS - Lint Free Cloth,CONCEPT-SET,2683
ed408126-53a5-4da2-ab31-8266efb7a314,,Medical Supply Items,"Chemical Mask, Disposable, Adult size-disposable Adult size",CONCEPT-SET,2684
6818b98d-fe66-4909-b8d6-7638b5f85e09,,Medical Supply Items,Spirit lamp glass type-with wick for alcohol,CONCEPT-SET,2685
2ca3e9da-f6a6-4c51-9d76-3ac0cdde99db,,Medical Supply Items,Endotracheal Tube Steriel Cuffed-3CH,CONCEPT-SET,2686
9e89e8ae-5f56-42c0-9322-911f5dab2653,,Medical Supply Items,"Pump-Breast, Manual-30ml",CONCEPT-SET,2687
c415ee95-8380-4420-a213-a18f796cd077,,Medical Supply Items,Serology -  Filariasis Test Strip,CONCEPT-SET,2688
9e724a66-a57d-4fe9-bc28-b4ce2ab645e6,,Medical Supply Items,"Abbott 2000/COBAS - Pipette Transfer Sterile, 3ml",CONCEPT-SET,2689
0c236eab-9952-4172-83c1-0de603ff7398,,Medical Supply Items,"Capillary Tube, Ethylene Diamine Tetra Acetic Acid (EDTA), 75mm Length, 1.1-1.2mm Internal Diameter,  1.5-1.6mm Outside Diameter",CONCEPT-SET,2690
d4df674f-1176-448c-98ae-f3538565dc03,,Medical Supply Items,"Blood Collecting Tube - Serum Separator, 5ml-With Clot Activator Gel 5ml",CONCEPT-SET,2691
80b3b294-7cf9-4293-8c24-02ee8311ba0f,,Medical Supply Items,"Blood Collecting Tube - PL K2 EDTA, 4ml",CONCEPT-SET,2692
20955b38-99de-4f0e-a585-18fca8442547,,Medical Supply Items,"Blood Collecting Tube - Serum Separator, 10ml",CONCEPT-SET,2693
b344a66f-8dac-4176-89e7-3fd0c9c64488,,Medical Supply Items,"Blood Collecting Tube - Serum Separator, 5ml",CONCEPT-SET,2694
622ae3bd-c65c-4df8-a030-9b80a6ee8a3a,,Medical Supply Items,"Vacutainer Needle - Multiple Blood Sampling, 21G",CONCEPT-SET,2695
7c2c5c00-be25-4e66-b1bd-77399d5cf23c,,Medical Supply Items,Condom Male Latex-180mm x 53mm,CONCEPT-SET,2696
eaa2963d-f250-4b00-a048-c2127880e980,,Medical Supply Items,Oxygen Nasal Catheter (Prongs)-Adult,CONCEPT-SET,2697
6f2c18b5-05ac-4f6f-8efd-398d62e46763,,Medical Supply Items,Hypodermic Needle-12G,CONCEPT-SET,2698
5c5aa805-65d9-4a3a-88d7-f6e5ecc809cc,,Medical Supply Items,Hypodermic Needle-30G,CONCEPT-SET,2699
4ed3e435-3f49-47c1-865f-baf27a5625f9,,Medical Supply Items,Face Mask-Standard Adult Size,CONCEPT-SET,2700
b48c60f1-cbf8-4750-a18c-52449a768e5e,,Medical Supply Items,Goggle Safety-clean lens perfoared fram to provide excellent ventilation and reduced fogging,CONCEPT-SET,2701
e3b2748b-12ba-4126-8aac-f9180f4c078c,,Medical Supply Items,Oxygen Nasal Catheter (Prongs)-Child,CONCEPT-SET,2702
f3df6d34-1ba2-48b0-9441-2bc8a226f01f,,Medical Supply Items,Stove Single Burner Kerosene Heated Silent Type-1.5L,CONCEPT-SET,2703
155eb722-8ce0-47fb-9220-dd0eb80a5127,,Medical Supply Items,Incinerator Plastic Bin -22L,CONCEPT-SET,2704
13310fe9-034e-4322-9f59-f2e8d823edff,,Medical Supply Items,Hypodermic Needle-16G,CONCEPT-SET,2705
5f1225a1-93d4-434e-8a7f-93e8a3d48c31,,Medical Supply Items,Bednet Mosquito Replant-160x180x150,CONCEPT-SET,2706
5c0bddeb-feab-4faa-bff4-349acef496d2,,Medical Supply Items,Hypodermic Needle-23G,CONCEPT-SET,2707
5eb2efb5-852e-458f-b2f3-07879de04261,,Medical Supply Items,Hypodermic Needle-20G,CONCEPT-SET,2708
40a59086-cf08-4751-a1d7-993eb955eb58,,Medical Supply Items,Sharp Container-5L,CONCEPT-SET,2709
fbaa6282-d266-4bec-a74f-6964faa1939f,,Medical Supply Items,Sharp Container-8L,CONCEPT-SET,2710
4ad7f20a-5366-4408-926e-6eba0ef80bbe,,Medical Supply Items,Naso Gastric Tube Sterile-15CH,CONCEPT-SET,2711
5dc6e306-7eb8-4e6a-b131-8e6a5cbeef95,,Medical Supply Items,Tongue Depressor (Spatula)-wooden,CONCEPT-SET,2712
c88b4775-bdde-424a-9f64-7dcbe8c786d0,,Medical Supply Items,Naso Gastric Tube Sterile-4CH,CONCEPT-SET,2713
36aca848-16a6-4e14-b575-be58fc90b9c6,,Medical Supply Items,Implanol Insertion Accessories Kit for  20 Insertion/removal Procedure-kit for 20 implanons,CONCEPT-SET,2714
252a1574-438c-4f24-b878-f1cd6e730a7d,,Medical Supply Items,"Abbott 2000/COBAS - Absorbent Underpad, 20x24 Inches",CONCEPT-SET,2715
221a56d4-2885-4740-9f2c-e71cd8fd1a8f,,Medical Supply Items,Catheter Suction-transparent with funnel silconized infant size (Sterile) for single use,CONCEPT-SET,2716
d2141eee-faba-4ec6-8cec-88ee9d295e69,,Medical Supply Items,Catheter Suction-transparent with funnel silconized adult size(Sterile) for single use,CONCEPT-SET,2717
7470ee9d-c429-4acc-ad8e-1d7f6c6f6a8e,,Medical Supply Items,Autoclave Indicator  Tape-1.9cm x 55cm,CONCEPT-SET,2718
b6229ad9-c92c-4081-a5a7-ff8d9921b135,,Medical Supply Items,Umblical Cord Tie-3mm x 50m,CONCEPT-SET,2719
15afff89-c9d8-487c-8a8f-3ca77afe568b,,Medical Supply Items,Microscope Slide holder-for 100 slides,CONCEPT-SET,2720
5f523e7c-ebb0-4389-af4d-6d62bb617e22,,Medical Supply Items,Microscope Slide holder-for 32 slides,CONCEPT-SET,2721
03716db6-7a89-4106-9994-e5e0b5cc1016,,Medical Supply Items,Naso Gastric Tube Sterile-10CH,CONCEPT-SET,2722
71b67e9d-26e2-4165-bdee-6287fc43b9c4,,Medical Supply Items,Endotracheal Tube Steriel Cuffed-5.5CH,CONCEPT-SET,2723
ba851f6a-00e0-44ee-a09d-1dd4bcef038e,,Medical Supply Items,Endotracheal Tube Steriel Cuffed-7CH,CONCEPT-SET,2724
c23fa5c1-72b7-4277-b7be-810da7b104ee,,Medical Supply Items,Endotracheal Tube Steriel Cuffed-7.5CH,CONCEPT-SET,2725
70abaccc-acb4-4877-9eaa-38f77d56b0c3,,Medical Supply Items,Endotracheal Tube Sterile Cuffed-8.5CH,CONCEPT-SET,2726
75b24909-1a97-49ae-ad16-7f4c1f11e2ae,,Medical Supply Items,Mid Upper Arm Circumference(MUAC) measuring tape-Children,CONCEPT-SET,2727
8a757b4a-15ad-41cb-826b-8c05e5da6abe,,Medical Supply Items,Glove Examination Powder Free Nitrile Non-Sterile Small,CONCEPT-SET,2728
1a62e9ed-e381-455e-b758-a16a857b4357,,Medical Supply Items,Mersilk  Braided Black-Gauge 1.5 (4/0) 75cm on 19mm 1/2 Circle Reverse Cutting Needle,CONCEPT-SET,2729
1e25abf5-6efe-4378-884f-499bfc4a1c7d,,Medical Supply Items,Mersilk  Braided Black-Gauge 3.5 (0) 75cm on 27mm 1/2 Circle Reverse Cutting Needle,CONCEPT-SET,2730
0875bab3-1c4b-48ae-9b87-9864ccc944c7,,Medical Supply Items,"Colostomy Bag, Adhesive, Regulator Closed-30mm Opening",CONCEPT-SET,2731
089c9dfc-3f5d-4650-a155-aeaee50dc312,,Medical Supply Items,"Blood Collecting Bag  - Single CPDA Anticoagulant, 450ml",CONCEPT-SET,2732
b1954f27-a4a4-4efb-a9ce-c35facaafbd8,,Medical Supply Items,Blood Collecting  Bag CPDA1 Anticoagulant Single - 450ml,CONCEPT-SET,2733
1fc6c639-fe4c-45db-8585-8a5cd4724fe5,,Medical Supply Items,"Blood Collecting Bag, Single CPDA Anticoagulant - 350ml",CONCEPT-SET,2734
127c1517-5362-42e2-8151-bafe558ef51b,,Medical Supply Items,Microscope Slide - Box,CONCEPT-SET,2735
62272d7b-9fd3-458f-8b59-d28aac27188e,,Medical Supply Items,Catheter Suction Silconized with Funnel-6CH,CONCEPT-SET,2736
674ca3d8-2f8a-4721-8bd3-2f2c50917826,,Medical Supply Items,Polyamide Monofilament-Gauge 0.2 (10/0) 30cm on 5mm Circle Spatula Double Armed  Needle,CONCEPT-SET,2737
01d9cbae-0ae2-4749-8124-9b7cefbcbdf2,,Medical Supply Items,Polyglycolic acid absorbable braided violet-Gauge 0.5(7/0) 45cm on 13mm 1/2 Circle Round Bodied taper needle,CONCEPT-SET,2738
bcd97a20-7858-4940-8327-ded49411b64d,,Medical Supply Items,Blood Collection Set Infussion-3/4x23G,CONCEPT-SET,2739
c907be34-28ec-479d-ba61-1ec7ba9e805c,,Medical Supply Items,Glove Examination Powder Free Nitrile Non-Sterile Large,CONCEPT-SET,2740
2ca1842b-a1c2-4264-ac67-ccda2f60c3fa,,Medical Supply Items,Naso Gastric Tube Sterile-12CH,CONCEPT-SET,2741
20e005a5-d142-4126-a977-a3481d47a23a,,Medical Supply Items,Naso Gastric Tube Sterile-14CH,CONCEPT-SET,2742
c7112860-45a3-44e8-ab88-21ab68a8edfb,,Medical Supply Items,Naso Gastric Tube Sterile-16CH,CONCEPT-SET,2743
0e50cf9f-0ff5-40f6-a031-083bb0124f73,,Medical Supply Items,Naso Gastric Tube Sterile-18CH,CONCEPT-SET,2744
66c24476-bb67-4fcf-96dc-366586cbeb79,,Medical Supply Items,Naso Gastric Tube Sterile-6CH,CONCEPT-SET,2745
5f46e69e-4118-4f8d-8e13-a8e797e0f1f3,,Medical Supply Items,Naso Gastric Tube Sterile-8CH,CONCEPT-SET,2746
bd0d74b6-01b7-4d93-8c7f-80451a230ee6,,Medical Supply Items,Surgical Scalpel Blade -No.11,CONCEPT-SET,2747
60b083bb-64d1-4140-abd2-a3f48de00293,,Medical Supply Items,Surgical Scalpel Blade -No.12,CONCEPT-SET,2748
66466978-18d9-4981-a392-c632b5ec0b43,,Medical Supply Items,Surgical Scalpel Blade -No.15,CONCEPT-SET,2749
a25cd600-e490-43c5-a6e7-a8d7a5a332ef,,Medical Supply Items,Surgical Scalpel Blade -No.23,CONCEPT-SET,2750
33a5d7d6-931e-4589-aed3-1aab02cbc6fc,,Medical Supply Items,"Paster Pipette Sterile 5.8 ml Capacity, Non-graduated",CONCEPT-SET,2751
89243e6c-be8f-4c87-9daa-fc4c1b311145,,Medical Supply Items,Microbiology - Oxacillin - 1µg - Disc,CONCEPT-SET,2752
2d7235f0-5cc3-4965-837d-f8d64e9d2216,,Medical Supply Items,Measuring Tape-1m,CONCEPT-SET,2753
d7179093-026e-460b-98c3-da219191aae9,,Medical Supply Items,Sputum Cup-60ml,CONCEPT-SET,2754
45b35376-bfd9-4bbb-8edf-0c91cea94608,,Medical Supply Items,Pipette-5ml,CONCEPT-SET,2755
4449735e-b2d3-4773-bcc2-ddd5a707f983,,Medical Supply Items,Pipette-15ml,CONCEPT-SET,2756
a5aa14b4-aae5-49ce-87d0-3f539136dcd8,,Medical Supply Items,Pipette-25ml,CONCEPT-SET,2757
dcbdc6df-8763-435d-8fbc-6511bab1b0e0,,Medical Supply Items,Pipette-50ml,CONCEPT-SET,2758
5e097bbd-8265-4bc0-9f73-123343bfdefe,,Medical Supply Items,Apron Plastic Reusable Autoclavable-Medium White,CONCEPT-SET,2759
9833e300-4c07-4051-ac1e-e64813f6100d,,Medical Supply Items,Cryobox (Vial box)-9 x 9 Array 1.0/2.0ml,CONCEPT-SET,2760
6d3ad097-b820-40ec-8a03-aff287905d4a,,Medical Supply Items,Conical Centrifuge Tubes-15ml,CONCEPT-SET,2761
d1eff12e-6d4d-4ad6-bfa2-f52a95d59fc6,,Medical Supply Items,Wash Bottle Plastic-500ml,CONCEPT-SET,2762
c4e4ae19-0675-4dff-b733-cb6142d0b27c,,Medical Supply Items,"Pipette Serological,Disposabel,streile,graduated,clear,polystyrene-25ml",CONCEPT-SET,2763
4f444f1b-261b-4007-8ede-0272c524de1b,,Medical Supply Items,PIMA - Finger Stick Sample Collection Kit,CONCEPT-SET,2764
3fbcb1c8-eddf-45ca-ad3d-1b8fa3677664,,Medical Supply Items,Blood Collecting  Bag CPDA1 Anticoagulant Single - 350ml,CONCEPT-SET,2765
855190ff-7e3a-4489-b8a4-55be39beb9ba,,Medical Supply Items,Blood Collecting  Bag CPDA1 Anticoagulant Quadruple-450ml,CONCEPT-SET,2766
63bb7070-d259-42bf-891a-c1e7137defae,,Medical Supply Items,Cryogenic Vial - Screw Cap Round Bottom Self Standing 1.8ml,CONCEPT-SET,2767
81c74de2-b946-4455-a52a-3499215c5157,,Medical Supply Items,Microscope Cover Glass - 18mm x 18mm,CONCEPT-SET,2768
2b36be4b-87b0-4d84-9727-5619b748c415,,Medical Supply Items,Microscope Cover Glass - 20mm x 20mm,CONCEPT-SET,2769
0544ca3b-a7d5-4c73-871e-252f4fcaf858,,Medical Supply Items,Microscope Cover Glass-22mm x 22mm,CONCEPT-SET,2770
50d5c6ed-5507-4514-b65c-86f2808ee458,,Medical Supply Items,Microscope Slide - 76mm x 26mm of 50,CONCEPT-SET,2771
a87dca4d-3576-4d94-8759-8da7b04be6a3,,Medical Supply Items,Biohazard Bag Autoclaveable-8.5'' x11'',CONCEPT-SET,2772
37700faf-81b8-4db7-97a7-c99bacb54713,,Medical Supply Items,Pipette Tips Blue-1000ul,CONCEPT-SET,2773
8f954a91-6694-4e37-8e12-63cbb4d7e9ed,,Medical Supply Items,Jug HDPE-3.8Liters,CONCEPT-SET,2774
d015a26b-39bb-4a83-9459-198cd4fd5788,,Medical Supply Items,Stove Kerosine-1L,CONCEPT-SET,2775
7ce0ba2b-9484-454e-94dc-43fac35f0834,,Medical Supply Items,Biohazard Bags Disposable - 37 X 48cm,CONCEPT-SET,2776
6a1945bf-db2e-47ec-89e8-98c2c0f98c68,,Medical Supply Items,Micro Pipette Tips-200microliter Yellow,CONCEPT-SET,2777
64244279-3a50-48ac-90e4-abe2dfa7c832,,Medical Supply Items,Cryobox (Vial box)-10x10 Array 1.0/1.5ml,CONCEPT-SET,2778
937714a2-cde2-4ee4-91a4-cec996ca20b2,,Medical Supply Items,Pipet Transfer-5.8ml,CONCEPT-SET,2779
e832772a-d9b5-4670-9c3c-a5f865891f01,,Medical Supply Items,Cryobox (Vial box)-9 x 9 Array 1.0/1.5ml,CONCEPT-SET,2780
4b570f9c-5658-439f-8641-ae7db6d43494,,Medical Supply Items,Sample Cups-0.8ml,CONCEPT-SET,2781
136e0d66-3bdb-4c2f-b973-e6b3baab7bd3,,Medical Supply Items,Battery- for Genexpert UPS 3000 VA,CONCEPT-SET,2782
63d766cf-11ab-4633-90b9-e29138fd6677,,Medical Supply Items,"Specimen Container - Stool, Disposable, Polypropylene with Cover",CONCEPT-SET,2783
271a850a-ad30-4659-85f3-f2937d95cfdc,,Medical Supply Items,Proximath Disposable Releadabel Linear Vascular stapler-30mm,CONCEPT-SET,2784
d0e1572d-49bd-4f4e-84c7-6d0c65e476c2,,Medical Supply Items,Mersilk Black Braided Black-Gauge 3.0 (2/0) 75cm on 35mm 1/2 Circle Reverse Cutting Needle,CONCEPT-SET,2785
30d2069b-e146-420e-8ef1-d1c0e3f64de2,,Medical Supply Items,Polyglycolic acid absorbable braided violet-Gauge 0.4(8/0) 45cm on 8mm 1/2 Circle Round Rodied Taper Needle,CONCEPT-SET,2786
ec557e21-9055-454d-85ff-e5cc388bf573,,Medical Supply Items,Polyamide Monofilament-Gauge 0.3 (9/0) 64cm on 6mm 1/3 Circle Spatula Double Armed Rounded Needle,CONCEPT-SET,2787
cbf296d8-e7b0-42ca-baa1-bf504522e712,,Medical Supply Items,Polyamide Monofilament-Gauge 0.2 (10/0) 64cm on 6mm 1/3 Circle Spatula Double Armed Rounded Needle,CONCEPT-SET,2788
5e358ed4-bae1-48d0-bd78-64267ae749ee,,Medical Supply Items,Mersilk Black Braided Black-Gauge 1.5 (4/0) 75cm on 22mm 3/8 Circle Reverse Cutting Needle,CONCEPT-SET,2789
b527293d-34b1-4652-8709-1941795d06c4,,Medical Supply Items,Mersilk Black Braided Black-Gauge 1.5 (4/0) 75cm on 20mm 1/2 Circle Round Bodied Needle,CONCEPT-SET,2790
747a805e-a272-424c-b091-70ac4cb79a4c,,Medical Supply Items,Polyamide Monofilament-Gauge 3.0(2/0 ) 90cm on 40mm 1/2 Circle Round Bodied Needle,CONCEPT-SET,2791
7391118b-38a5-4274-a0e8-d919474fe783,,Medical Supply Items,Polyglycolic acid absorbable braided violet-Guage 5.0(2) 75cm on 48mm 1/2 Circle Round Bodied  Needle,CONCEPT-SET,2792
013a0caf-7d53-4cf1-ac2e-aedfcec18fb7,,Medical Supply Items,Polyglycolic acid absorbable braided violet-Guage 4.0(1) 75cm on 40mm 1/2 Circle Cutting Taper Needle,CONCEPT-SET,2793
a2e388cd-88ef-4f31-8354-0fecf1684176,,Medical Supply Items,Gauze Swab-10cm x 10cm,CONCEPT-SET,2794
61764ff0-4e32-4b22-b898-f3abd5115302,,Medical Supply Items,Mersilk  Braided Black-Gauge 4.0(1) 75cm on 38mm 1/2 Circle Round Bodied Needle,CONCEPT-SET,2795
f1d6de5d-785a-4266-baac-7a724dc065e0,,Medical Supply Items,Polyamide Monofilament-Gauge 0.3(9/0)  38cm on 64mm Spatula Double Armed Round Bodied Needle,CONCEPT-SET,2796
99b9ff65-d037-418c-b118-ec8b5a63d057,,Medical Supply Items,"Mersilk Black Braided Black-Gauge 1.5(4/0), 75cm on 17mm    3/8 Reverse Cutting  Needle",CONCEPT-SET,2797
d63e496f-9718-43fc-9400-76d8f1614c56,,Medical Supply Items,Polyglycolic acid absorbable braided violet-Gauge 5.0(2) 75 cm on 50mm1/2 circle Round Bodied Needle,CONCEPT-SET,2798
7182beff-19b4-49c6-9029-7379c1cefa88,,Medical Supply Items,Polyglycolic acid absorbable braided violet-Gauge 4.0(1) 45cm on 8mm 3/8 Round Bodied Needle,CONCEPT-SET,2799
0dc59a5b-481a-4239-ae08-de0b05d4ada7,,Medical Supply Items,"Polyglycolic acid absorbable braided violet-Guage 2.0(3/0)75cm on 26mm, Reverse Cutting Tapper Needle",CONCEPT-SET,2800
bf214acc-206b-4e29-93bb-0dfffbef39cd,,Medical Supply Items,Polyglycolic acid absorbable braided violet-Guage 4.0(1)75cm on 40mm 1/2 Circle Cutting Tapper Needle,CONCEPT-SET,2801
1c52afa7-c822-4b51-98c6-e8e72c37901d,,Medical Supply Items,Polyamide Monofilament-Gauge 0.3(9/0)13cm on 64mm Spatula Double Armed Round Bodied Needle,CONCEPT-SET,2802
a1c66c3d-f84a-4b0e-977b-f79071c196b2,,Medical Supply Items,Polyglycolic acid absorbable braided violet-Gauge 0.7(6/0) 30cm on 12mm 1/2 Circle  Cutting  aper Needle,CONCEPT-SET,2803
7bed46fa-8401-4dd9-8fd8-ffa001ce8c2d,,Medical Supply Items,Mersilk  Braided Black-Gauge 3.0(2/0) 75cm on 26mm 1/2 Circle Reverse Cutting Needle,CONCEPT-SET,2804
09bb5835-5e4d-4959-830e-5e4d559cc579,,Medical Supply Items,Ploypropylene Monofilament  Braided-Gauge 1.5(4/0) 90cm on 17mm 1/2 Circle Cutting  Double Needle,CONCEPT-SET,2805
e2bd72ce-0360-4fba-a664-986ba01c43fa,,Medical Supply Items,Ploypropylene Monofilament  Braided-Gauge 1.5(4/0) 90cm on 20mm 1/2 Circle round  bodied double needle,CONCEPT-SET,2806
21b2042b-a220-4a60-8b0a-9ad8afacb8ec,,Medical Supply Items,Ploypropylene Monofilament  Braided-Gauge 1.5(4/0) 90cm on 26cm 1/2 circle round bodied double needle,CONCEPT-SET,2807
79f4f819-5311-401a-a84d-cc11c758d932,,Medical Supply Items,Poly Diaxone Monofilament Violet-Gauge 5.0(2) 90cm on 40mm 1/2 Circle Round Bodied Taper  Needle,CONCEPT-SET,2808
a24df1a5-dcc5-4c61-8a8e-d77d22a6dd84,,Medical Supply Items,Mersilk  Braided Black-Gauge 3.0(2/0) 100cm on 45mm 1/2 Circle Reverse Cutting Needle,CONCEPT-SET,2809
e8899cdf-a304-482d-908e-a01d5a51d1e8,,Medical Supply Items,Prevention Package-(Tape Vrrier VF-42 Printed Barrier Bags 3*8 OD),CONCEPT-SET,2810
57ea9402-2f43-4f61-bbe8-f4d3f360acc9,,Medical Supply Items,Sharp Container-22.5L,CONCEPT-SET,2811
89c6a45b-e9ec-445a-9ac4-5e567464831c,,Medical Supply Items,Mersilk  Braided Black-Gauge 3.0(2/0) 100cm on 24 mm 1/2 Circle Reverse Cutting Needle,CONCEPT-SET,2812
a2625e87-4173-4760-a926-c53061835971,,Medical Supply Items,Meri Silk Black-Gauge 3.0 (2/0) 75cm on 35mm 1/2 Circle Round Bodied Needle,CONCEPT-SET,2813
11d3bc2a-107f-4bf0-bd10-122207889b60,,Medical Supply Items,Biohazard Bag Autoclaveable-24x36 Inch,CONCEPT-SET,2814
76cff515-0596-4b46-8498-c8cd49deea6f,,Medical Supply Items,Endotracheal Tube Steriel Cuffed-6CH,CONCEPT-SET,2815
7207e6e3-356a-46c5-b174-01386aff3d58,,Medical Supply Items,Catheter Ureteral-10CH,CONCEPT-SET,2816
29812226-d370-4482-a598-fd1dbad20cac,,Medical Supply Items,Catheter Ureteral-14CH,CONCEPT-SET,2817
b25285ab-cafb-4b48-b42f-baf91b1687f1,,Medical Supply Items,Catheter Ureteral-18CH,CONCEPT-SET,2818
ea546368-6d71-4a66-8d7e-910ae8bc5d69,,Medical Supply Items,Catheter Ureteral-22CH,CONCEPT-SET,2819
29d4cdce-32e9-4244-b2fb-00437fcc34ed,,Medical Supply Items,Catheter Ureteral-24CH,CONCEPT-SET,2820
dd0aad5a-0461-4ec5-a422-661c668cd618,,Medical Supply Items,Face Mask with Face Shield Size-3M,CONCEPT-SET,2821
22fccd07-9fff-46f5-9059-11000a5f4a32,,Medical Supply Items,Face Mask Adult Standard Large Size-4M,CONCEPT-SET,2822
1569e85b-1cef-44dc-a1da-ebe58e483fd9,,Medical Supply Items,Polyamide Monofilament-Gauge 0.2 (10/0) 38cm on 6mm 1/3 Circle Spatula Double Armed Rounded Needle,CONCEPT-SET,2823
4c6658b7-b145-46e2-8e91-ca4e941498fa,,Medical Supply Items,Polyamide Monofilament-Gauge 0.2 (10/0) 38cm on 6mm 3/8 Circle Spatula Double Armed Rounded Needle,CONCEPT-SET,2824
80694a9c-a8f4-43cd-a536-67caacaf8b37,,Medical Supply Items,Mersilk  Braided Black-Gauge 2.0(3/0)75cm on 26mm 1/2 circle rounded bodied  needle,CONCEPT-SET,2825
3e36c341-eaaf-4533-bdf2-2c9657ac8b6f,,Medical Supply Items,Naso Gastric Tube Sterile Adult-22CH,CONCEPT-SET,2826
986dfbcb-23b5-4c95-a16e-d1c3787d3d68,,Medical Supply Items,Polyamide Monofilament-Gauge 0.3(9/0) 30cm on 6.5mm 3/8 Circle round Bodied Spatula Double Armed Needle,CONCEPT-SET,2827
0c06a10f-b614-4efa-ad2f-d585e5b3e4b6,,Medical Supply Items,Tracheostomy Tube-with 90 degree curvature size 3.0,CONCEPT-SET,2828
71c425f1-a9b4-4b91-8db9-14b72330c33c,,Medical Supply Items,Tracheostomy Tube Metallic-with 90 degree curvature size 3.5,CONCEPT-SET,2829
87da13b0-10a3-4503-9899-946e94aa0f33,,Medical Supply Items,Polyglycolic acid absorbable braided violet-Gauge 0.4(8/0) 45cm on 8mm 1/2 Circle Round Bodied Needle,CONCEPT-SET,2830
436def65-53e6-4d12-af20-af50e4c11b28,,Medical Supply Items,Tracheostomy Tube-with 90 degree curvature size 4.5,CONCEPT-SET,2831
a50c28f2-526a-490f-81b6-8b84ed7f90b0,,Medical Supply Items,Tracheostomy Tube Metallic-with 90 degree curvature size 5.0,CONCEPT-SET,2832
d96aab82-c91e-4415-a7ba-d9cc48e13a60,,Medical Supply Items,Tracheostomy Tube-with 90 degree curvature size 9.0,CONCEPT-SET,2833
1435449b-e6c4-4613-a02e-ea3087c03ac7,,Medical Supply Items,Polyglycolic acid absorbable braided violet-Gauge 0.4(8/0) 45cm on 8mm 1/2 Circle Reverse Cutting Needle,CONCEPT-SET,2834
da44e405-5791-4df2-a68d-10536f690d61,,Medical Supply Items,Polyglycolic acid absorbable braided violet-Gauge 3.0(2/0) 75cm on 27mm 1/2 Circle Round Bodied Needle,CONCEPT-SET,2835
48d4def0-7459-4685-bbe3-bc7226ea633d,,Medical Supply Items,Polyglycolic acid absorbable braided violet-Gauge 3.5(0) 75cm on 48mm 1/2 Circle Round Bodied Needle,CONCEPT-SET,2836
022e450b-085e-457f-8330-8cff24168a83,,Medical Supply Items,Polyglycolic acid absorbable braided violet-Gauge 3.5(0) 75 cm on 48 mm 1/2 Circle Reverse Cutting Needle,CONCEPT-SET,2837
6a91db39-cd25-4a8f-92a6-1ca7be049a7b,,Medical Supply Items,Polyglycolic acid absorbable braided violet-Gauge 4.0(1) 75 cm on 45 mm ½  Circle Round Bodied Needle,CONCEPT-SET,2838
169a3e3e-d604-4483-904b-6ef18a642b2c,,Medical Supply Items,Polyglycolic acid absorbable braided violet-Gauge 5.0(1) 75cm on 40mm 1/2 Circle Round Bodied Needle,CONCEPT-SET,2839
85b3d543-9456-4569-8558-82e78ffd93ee,,Medical Supply Items,Cat Gut Chromic-Gauge 3.0(2/0) 75cm on 27mm  1/2 Circle Reverse Cutting Needle,CONCEPT-SET,2840
5f01bb60-63bc-40a6-b78f-7fc941a94495,,Medical Supply Items,Mersilk  Braided Black-Gauge 3.5(0) 75cm on 32 mm ½  Circle Round Bodied Needle,CONCEPT-SET,2841
9f6af7a9-ac5b-412e-a26b-240d7f4bffd0,,Medical Supply Items,Mersilk  Braided Black-Gauge 3.0(2/0) 75cm on 33mm 1/2 Circle Reverse Cutting Needle,CONCEPT-SET,2842
9eb15210-b226-4a80-a2ce-d25bdb685750,,Medical Supply Items,Mersilk  Braided Black-Gauge 5.0(2) 75cm on 38mm 1/2 Circle Round Body Needle,CONCEPT-SET,2843
33cfb38a-6eca-4726-aa58-c2f16acfb802,,Medical Supply Items,Mersilk  Braided Black-Gauge 6.0(3) 75cm on 40mm on  1/2 Circle Reverse Cutting Needle,CONCEPT-SET,2844
fc3b9ad7-2698-4bc1-bfb6-6d3968e9605d,,Medical Supply Items,Spinal Needle  10cm-26G,CONCEPT-SET,2845
04a48ef9-6fbd-4e0d-a3e1-0bba255ef38f,,Medical Supply Items,Spinal Needle  6cm-22G,CONCEPT-SET,2846
2d6570d7-0d5b-43c7-add6-ffb9ecafbf12,,Medical Supply Items,Spinal Needle  6cm-23G,CONCEPT-SET,2847
6a113c51-a811-4246-8d33-6819d8e24a91,,Medical Supply Items,Spinal Needle  6cm-24G,CONCEPT-SET,2848
67e9c55e-f186-4afe-9893-945a4e8f7cc0,,Medical Supply Items,Catheter Suction-18CH,CONCEPT-SET,2849
3b2719ea-f4b8-40ed-9de6-c245c5301e1a,,Medical Supply Items,Catheter Suction-26CH,CONCEPT-SET,2850
8f226cce-8b03-42c9-86c5-a07efb2fc64b,,Medical Supply Items,Spinal Needle  8cm-22G,CONCEPT-SET,2851
a90f39ff-9a6d-45b1-baae-95a3ae94250b,,Medical Supply Items,Spinal Needle  8cm-23G,CONCEPT-SET,2852
f45074ca-4f81-45bb-98e1-93f25e70d7b6,,Medical Supply Items,Spinal Needle  8cm-24G,CONCEPT-SET,2853
1d97ec34-05f0-41fb-9cca-b2ada0fea64c,,Medical Supply Items,Cerclage Wire-1.0 Diameter with 10m length,CONCEPT-SET,2854
ac53de96-b5fc-4595-93ca-415c070e1739,,Medical Supply Items,Cerclage Wire-1.4 Diameter with 10m length,CONCEPT-SET,2855
150f7581-85fb-40d4-81c7-e829a25867dc,,Medical Supply Items,Cerclage Wire-1.8 Diameter with 10m length,CONCEPT-SET,2856
9aea7898-1fd3-43d6-9c80-ecbdfcbb1e49,,Medical Supply Items,K-wire-0.8mm Diameter with 15cm length,CONCEPT-SET,2857
5adf6c9f-2bf1-4d76-82c1-ee7ba037d0ac,,Medical Supply Items,K-wire-1.2mm Diameter with 15cm length,CONCEPT-SET,2858
4126b539-bf0f-4e38-a5ad-a6ca32b3056c,,Medical Supply Items,K-wire-1.6mm Diameter with 25cm length,CONCEPT-SET,2859
92e70631-26af-4b30-a932-e1d08799f3fd,,Medical Supply Items,K-wire-2.0mm Diameter with 25cm length,CONCEPT-SET,2860
0b792222-2273-4405-b7b0-4056dcf82926,,Medical Supply Items,K-wire-2.6mm Diameter with 50cm length,CONCEPT-SET,2861
9a06d31e-6488-4f0c-a4ff-39bc25a6afa3,,Medical Supply Items,Naso Gastric Tube Sterile Adult-24CH,CONCEPT-SET,2862
ec541bef-92c5-4099-9266-fd0eba286c9e,,Medical Supply Items,Naso Gastric Tube Sterile Adult-26CH,CONCEPT-SET,2863
af904b8b-e582-4a54-9880-73c4e5ab8169,,Medical Supply Items,T-Tube-16G,CONCEPT-SET,2864
8e5ee721-8104-442c-a07b-d1f9f9491d5d,,Medical Supply Items,T-Tube-14G,CONCEPT-SET,2865
e89c709f-17c0-4cc9-a4be-2b2895ee8c8d,,Medical Supply Items,Dental Needle -No 5,CONCEPT-SET,2866
cb5a396f-42d9-46e9-bf79-bf5fd5cfe3c1,,Medical Supply Items,Dental Needle -No 26,CONCEPT-SET,2867
0a762a92-ca01-435b-9941-9da59a05cdda,,Medical Supply Items,Mersilk  Braided Black-Gauge 1.5(4/0) 75cm on 20mm 1/2 Circle Reverse Cutting Needle,CONCEPT-SET,2868
e0683a96-f507-4406-b806-be332bc7d001,,Medical Supply Items,Polyamide Monofilament-Gauge 0.3(9/0) 30cm on 6.5mm 3/8 Circle round Bodied Spatula Single Armed Needle,CONCEPT-SET,2869
13692eaa-9711-4db4-8206-31f83554fab7,,Medical Supply Items,Polyglycolic acid absorbable braided violet-Gauge 5.0(2) 75cm on 40mm ½  Circle Round Bodied Needle,CONCEPT-SET,2870
4cfcfcba-743d-413d-907f-47bdeea7d116,,Medical Supply Items,Dental Wire-No 5,CONCEPT-SET,2871
47ca3f01-5023-4af5-a9c5-61ef1fe19c8a,,Medical Supply Items,Dental Wire-No 26,CONCEPT-SET,2872
066035c8-b95b-429d-a670-46e109f7058d,,Medical Supply Items,Infant Quikheel Safety Lancet-1.0mm x 2.5mm,CONCEPT-SET,2873
d37da712-0596-4b72-9dd6-e77bf458ed5f,,Medical Supply Items,"Lab Wipe-Poly,15x16.75in",CONCEPT-SET,2874
a92a8c66-2dd7-4fe6-a394-e28c553348dc,,Medical Supply Items,Polyamide Monofilament-Gauge 0.2 (10/0) 38cm on 6mm 3/8 Circle Spatula Single Armed Rounded Needle,CONCEPT-SET,2875
5c37193e-975b-4721-961a-6ca247025f6b,,Medical Supply Items,Naso Gastric Tube Sterile Adult-20CH,CONCEPT-SET,2876
092030eb-45aa-43ba-89c3-05203f70a6df,,Medical Supply Items,Polyglycolic acid absorbable braided violet-Gauge 1.5(4/0) 75cm on 15mm 1/2 Circle Round Bodied Needle,CONCEPT-SET,2877
aae41e7c-fc81-4a54-92b6-c4f0e90b1ef6,,Medical Supply Items,"Sputum Cup-plastic,100ml",CONCEPT-SET,2878
e23f6812-6a8d-4617-9b43-252b40b8cca7,,Medical Supply Items,Polyglycolic acid absorbable braided violet-Gauge 0.7(6/0) 30cm on 12mm 1/2 Circle Round Bodied Needle,CONCEPT-SET,2879
452c0529-2880-4f45-806a-080363333ec4,,Medical Supply Items,"Blood Collecting Tube - Serum Separator, 4ml",CONCEPT-SET,2880
d294cf7e-5c28-4b0e-a26a-4eeb9cbcbc4f,,Medical Supply Items,Cat Gut Chromic-Gauge 3.5(2/0) 75cm on 27mm ½  Circle Reverse Cutting Needle,CONCEPT-SET,2881
95e594ea-1574-4b10-985e-5d26510d996d,,Medical Supply Items,Polyglycolic acid absorbable braided violet-Gauge 1.0(5/0) 45cm on 13mm 1/2 Circle Reverse Cutting Needle,CONCEPT-SET,2882
14c40388-dd87-4d5e-9f64-b2a80a232326,,Medical Supply Items,Tracheostomy Tube Metallic-with 90 degree curvature size 7.0,CONCEPT-SET,2883
a2ebcf50-6645-4e77-a419-95cabea98b91,,Medical Supply Items,MTB - PCR Workstation UV Light,CONCEPT-SET,2884
a4f580ca-171e-4bc8-90e7-c6dfe4f026c5,,Medical Supply Items,MTB - Desktop freeze storage box with Lid for 0.2ml PCR tubes,CONCEPT-SET,2885
1eb02e22-5757-42ac-be1d-ed92e9147334,,Medical Supply Items,MTB - Mechanical Pipette Aids,CONCEPT-SET,2886
a9365bcc-790b-4968-8489-e78bf22791f1,,Medical Supply Items,MTB - Dispenser for disinfectants/soap,CONCEPT-SET,2887
d76d2a81-ad85-42d7-aa69-9dc2a763b2ef,,Medical Supply Items,MTB - Paper Towel Box,CONCEPT-SET,2888
d644bcd0-baac-4bf7-b296-57757a2e43e5,,Medical Supply Items,MTB - Goggles,CONCEPT-SET,2889
c04d5f29-1c0b-404e-a171-01fb257f6c66,,Medical Supply Items,MTB - Firs Aid Kit,CONCEPT-SET,2890
ff94180f-ec3e-4ea3-a762-7b7776c5e70e,,Medical Supply Items,MTB - Funnel-Stainless steel discard,CONCEPT-SET,2891
b202004d-d2b7-49a8-8c68-f11f430f7157,,Medical Supply Items,MTB - Caped Glass Tubes,CONCEPT-SET,2892
dfd141cd-ad8b-4f0a-bd43-a830a6b7d1ea,,Medical Supply Items,MTB - Set of Spatula,CONCEPT-SET,2893
9f3b6a2a-f394-4906-8a59-4a1d6fa46743,,Medical Supply Items,MTB - Floating Rack,CONCEPT-SET,2894
e7cfcdd1-7615-4167-9dc7-1374d4731d32,,Medical Supply Items,MTB - Racks with Lids,CONCEPT-SET,2895
ed20a56c-945d-4cc7-9acd-2d042c69dc60,,Medical Supply Items,MTB - Disposable Loops 10 µl,CONCEPT-SET,2896
aaa63d23-a023-4b7a-a06e-1a1baa69c70e,,Medical Supply Items,MTB - Racks-Desinfectable / Autoclavable for 1.5/2 ml tubes,CONCEPT-SET,2897
69461f8a-a817-4142-9241-0ca12a4bdfe1,,Medical Supply Items,MTB - Safety Box for Liquid,CONCEPT-SET,2898
3dc85851-23ee-4278-96a1-2542658a36ea,,Medical Supply Items,MTB - Waste Container for Liquid,CONCEPT-SET,2899
1ce1c01c-452e-4deb-8deb-8193cf130dad,,Medical Supply Items,MTB - Waste Container for Solid,CONCEPT-SET,2900
05827d41-d6cb-4a23-b22a-31a1c34e693a,,Medical Supply Items,MTB - Racks for 1 Channel Pipette-4 Positions,CONCEPT-SET,2901
b6424920-ce3d-4fa8-af5f-d53dfa0a50cb,,Medical Supply Items,MTB - Culture Tubes with Screw cap,CONCEPT-SET,2902
6d967a45-d3f1-4795-bf06-da9fca781a0b,,Medical Supply Items,"MTB - Cryo-Vial-Sterile with cap, 1.5ml",CONCEPT-SET,2903
a8deb87c-f740-4d13-bda8-65b65671f19d,,Medical Supply Items,MTB - Transparent Polypropylene Bag,CONCEPT-SET,2904
d1af7aee-f7b7-4c26-b896-10db9c977ee2,,Medical Supply Items,MTB - Filter Paper round-185mm,CONCEPT-SET,2905
4ffa0cd7-1707-419f-82dd-f0e2efc812b2,,Medical Supply Items,MTB - Marker Pen,CONCEPT-SET,2906
139ce918-2a6b-4adb-baa1-1f63a35b1e62,,Medical Supply Items,MTB - Adhesive labels,CONCEPT-SET,2907
74866a18-361f-40f7-ac1d-0f0dda2825e4,,Medical Supply Items,MTB - Cryo-tags,CONCEPT-SET,2908
aa30a9e1-8979-4a22-9a63-fbb9061151e6,,Medical Supply Items,MTB - Aluminium foil,CONCEPT-SET,2909
e9e0de0a-24b6-415f-a021-4df8f9263b5c,,Medical Supply Items,MTB - Tube Brush,CONCEPT-SET,2910
bc30fb8a-da7c-41f1-8128-731f439d2d18,,Medical Supply Items,MTB - Masks FFP2 (N95)-3M 9320,CONCEPT-SET,2911
239c95cf-fc02-420e-8706-25f5d19ee2f7,,Medical Supply Items,MTB - Liquid soap,CONCEPT-SET,2912
5a9359be-05e7-4253-9b8d-6c6abda02258,,Medical Supply Items,MTB - Spray Head-and 1L Bottels,CONCEPT-SET,2913
d8badf74-f73a-487f-aae9-e8fae15db470,,Medical Supply Items,MTB - Plastic Bag made from PP,CONCEPT-SET,2914
e6e4cd34-cbcf-48d1-aa7c-6bbd106eb66b,,Medical Supply Items,MTB - Paper Towel single use,CONCEPT-SET,2915
364b2249-9f0a-4f1b-9920-8425d07fa5e7,,Medical Supply Items,MTB - Waste Container for Sharps,CONCEPT-SET,2916
d88024aa-2f8b-40ca-bf0f-22ccdd8b6a04,,Medical Supply Items,MTB - PCR Tube,CONCEPT-SET,2917
aac75336-2959-4330-b967-d3fb444076d4,,Medical Supply Items,MTB - Rack for 50ml-PP-Tubes,CONCEPT-SET,2918
a5a7e3b4-947e-4944-8e9f-d82598ad51e2,,Medical Supply Items,MTB - Filter Paper Sheets,CONCEPT-SET,2919
56e40391-0cab-409a-96f1-c87094a7163d,,Medical Supply Items,MTB - Standard Reaction Tubes-1.5ml,CONCEPT-SET,2920
e955d932-42f6-452b-8807-49192d33a61b,,Medical Supply Items,MTB - Standard Reaction Tubes-2ml,CONCEPT-SET,2921
81ceb207-5710-4e2a-9089-eb3c1b1f900a,,Medical Supply Items,MTB - Slanted Racks,CONCEPT-SET,2922
ccbb8c53-59d4-49f6-8f89-e77e5481dd2c,,Medical Supply Items,MTB - Rack for 15ml PP-Tubes-Universal Test Tube Rack 17mm,CONCEPT-SET,2923
b5b7f22b-afa3-4c46-bd34-29d8ceba10fc,,Medical Supply Items,MTB - Shoe Cover,CONCEPT-SET,2924
172a0aae-6b94-458e-a1a6-5b4077e2d700,,Medical Supply Items,MTB - Hair Cover,CONCEPT-SET,2925
66bdc985-6077-4f71-bd23-9cc1bfa1eac0,,Medical Supply Items,MTB - Deep Freezer Thermometer,CONCEPT-SET,2926
6213ac96-be26-4c36-9b43-e93825021c83,,Medical Supply Items,MTB - Plastic Bag-30L,CONCEPT-SET,2927
659bdc0b-51fa-4ba1-878a-a5e2ff502d2e,,Medical Supply Items,MTB - Plastic Bag Stand-30L,CONCEPT-SET,2928
38944be0-12f5-4396-9092-f86ada92549d,,Medical Supply Items,MTB - Thermometer for Oven,CONCEPT-SET,2929
1d038edd-27b2-4d8c-8bbf-423185f89915,,Medical Supply Items,MTB - 4 Way Microtube Rack-Rack 15ml/50ml,CONCEPT-SET,2930
5070b6d3-3d2b-41f6-a526-5e2112675c29,,Medical Supply Items,MTB - Rack Heat Resistant for Cryo Vial-1.5ml - Modular Heating Blocks,CONCEPT-SET,2931
d496e71a-642a-4c8f-8bea-598479bab6c2,,Medical Supply Items,MTB - Calibrated Thermometer,CONCEPT-SET,2932
fa4b59f1-04fc-4ea2-9299-4d075562294f,,Medical Supply Items,MTB - Battery Pack for UPS-3000 VA,CONCEPT-SET,2933
f4c10d83-3414-4a95-8de7-03e48a321a9c,,Medical Supply Items,MTB - Desktop Deep freeze storage box with Lid-for 1.5ml Cryovial - Plastic,CONCEPT-SET,2934
d8f79e8b-70e5-46ba-a1d6-e621106edeba,,Medical Supply Items,MTB - Surgical Gown-Cotton - M,CONCEPT-SET,2935
88687551-7636-4f9b-9e8a-5c62f8d6bed8,,Medical Supply Items,MTB - Surgical Gown-Cotton - L,CONCEPT-SET,2936
13fd7e9b-fd72-4b47-8be3-f8dca22df7d0,,Medical Supply Items,MTB - Disposable Nitril Glove-size 6-7,CONCEPT-SET,2937
32241d66-17bb-4e55-8ba2-088aa4afc8d8,,Medical Supply Items,MTB - Disposable Nitril Glove-Size 7-8,CONCEPT-SET,2938
cd0b127d-a16d-47f0-a000-9184e88f6e54,,Medical Supply Items,MTB - Laboratory Coat-Cotton - M,CONCEPT-SET,2939
e91382de-72d7-4635-89f1-937c2d75ccf7,,Medical Supply Items,MTB - Marker Pen for PCR Tubes,CONCEPT-SET,2940
8086d397-13d8-4631-9ade-b5dfdd4f14f2,,Medical Supply Items,MTB - Special PH Indicator Strips,CONCEPT-SET,2941
834d3e93-acea-41af-8831-2354ce810cdb,,Medical Supply Items,"MTB - Forceps, Individually wrap, Sterile",CONCEPT-SET,2942
2c96c1d2-5d44-468c-bbe5-aaa5c8a0cfb6,,Medical Supply Items,MTB - Magnetic Bars-Set of 12,CONCEPT-SET,2943
c122296b-a73d-4fbd-a64d-d6e55f3fd8d2,,Medical Supply Items,MTB - Laboratory Coat-Cotton - S,CONCEPT-SET,2944
5f902a40-5334-41a9-92ac-19ebb68919bb,,Medical Supply Items,MTB - Magnetic Bars,CONCEPT-SET,2945
9e435b2d-231a-4b97-8b9e-eed1cb049343,,Medical Supply Items,"MTB - Cryo-Vial, Sterile with cap-2ml",CONCEPT-SET,2946
ca78a512-bdbe-40fd-a81a-278d87579ba7,,Medical Supply Items,Radiometer ABX800 - Yearly Service Kit,CONCEPT-SET,2947
81c29f0a-f4ba-4958-b9e8-9bf9b06413f3,,Medical Supply Items,Radiometer ABX800 - AutoCheck Holder for Manual Transfer of AutoCheck,CONCEPT-SET,2948
7e2a902e-0756-43f5-878a-3adb6216c683,,Medical Supply Items,Radiometer ABX800 - AutoCheck Carousel for AutoCheck Ampoules,CONCEPT-SET,2949
4e70257b-24ca-4ba9-9774-9c5a05ae5016,,Medical Supply Items,Radiometer ABX800 - Valve Key for Cylinder,CONCEPT-SET,2950
1938cade-edd5-49e6-8646-339bc79373c9,,Medical Supply Items,Radiometer ABX800 - Dummy Electrode,CONCEPT-SET,2951
bae73a53-33d9-4368-b047-097354e5982f,,Medical Supply Items,Radiometer ABX800 - Fan Filter,CONCEPT-SET,2952
b214d571-3fc8-4395-9f46-c584be6edb61,,Medical Supply Items,Radiometer ABX800 - Inlet Gasket,CONCEPT-SET,2953
850d3b3b-41a0-4f18-a676-3a63df3fe41c,,Medical Supply Items,Radiometer ABX800 - Pump Tube for Electrode Modules,CONCEPT-SET,2954
f9bd0e38-394e-4668-af2b-8082d69da05d,,Medical Supply Items,Radiometer ABX800 - Pump Tube for Solution Pump,CONCEPT-SET,2955
8d93959a-1fca-4222-9207-b498ce0bc81c,,Medical Supply Items,Radiometer ABX800 - Pump Tube for Waste Pump,CONCEPT-SET,2956
d7a19bcf-de32-4f40-bad4-62b623bbd9e5,,Medical Supply Items,Radiometer ABX800 - Reference Electrode,CONCEPT-SET,2957
52351ccd-f97d-4532-81fe-f6ea5154f522,,Medical Supply Items,Radiometer ABX800 - pCO2 Electrode,CONCEPT-SET,2958
aca21af3-4e3a-4b23-a1b3-4266b0827dcb,,Medical Supply Items,Radiometer ABX800 - pO2 Electrode,CONCEPT-SET,2959
489668c5-06af-4f7f-9cf0-66c9986afe9a,,Medical Supply Items,Radiometer ABX800 - PH Electrode,CONCEPT-SET,2960
5a5c61f2-bf06-42c4-a257-b967c01b8e09,,Medical Supply Items,Radiometer ABX800 - Cl Electrode,CONCEPT-SET,2961
770bf349-f43c-406b-a81d-bb6864580711,,Medical Supply Items,Radiometer ABX800 - K Electrode,CONCEPT-SET,2962
9c27afe6-3926-46c2-a75f-2a2fdf12a80e,,Medical Supply Items,Radiometer ABX800 - Ca Electrode,CONCEPT-SET,2963
883b0c5d-abc4-40cf-8076-48180b99c288,,Medical Supply Items,Radiometer ABX800 - Na Electrode,CONCEPT-SET,2964
e8626e24-931e-48e9-aeb8-5ea886f60abf,,Medical Supply Items,Radiometer ABX800 - Glucose Electrode,CONCEPT-SET,2965
34ee3569-2aca-4e77-a9e3-58325fb1cece,,Medical Supply Items,Radiometer ABX800 - Lactate Electrode,CONCEPT-SET,2966
750098b3-8eff-46b5-91df-855d1b59489b,,Medical Supply Items,Radiometer ABX800 - Calibration Gas 2 – On-Board Gas Bottle,CONCEPT-SET,2967
ad552021-a5e6-46c5-b925-fca3ece2a90c,,Medical Supply Items,Radiometer ABX800 - 22Gx25mm Arterial Blood Sampler with 22Gx25mm Needle,CONCEPT-SET,2968
3fc5bb30-63e6-4aa3-9792-d4dde0b42d8e,,Medical Supply Items,Radiometer ABX800 - Calibration Gas 2 – 10 bar On-Board Gas Bottle,CONCEPT-SET,2969
f92f38c6-67fe-421b-9d46-d38a5951529e,,Medical Supply Items,Radiometer ABX800 - Reference Membrane,CONCEPT-SET,2970
02817c16-6248-4a42-8072-037f7f020929,,Medical Supply Items,Radiometer ABX800 - pCO2 Membrane Box,CONCEPT-SET,2971
0eb97d21-55dc-44a1-a771-4c62eabd736f,,Medical Supply Items,Radiometer ABX800 - pO2 Membrane Box,CONCEPT-SET,2972
5a71fc6a-5ec1-4988-a0d0-e864fd510162,,Medical Supply Items,Radiometer ABX800 - Cl Membrane Box,CONCEPT-SET,2973
6abb73fe-ea7e-4c20-8196-1d0973069f18,,Medical Supply Items,Radiometer ABX800 - K Membrane Box,CONCEPT-SET,2974
c87c812d-f315-4b45-a046-f4b4782178c4,,Medical Supply Items,Radiometer ABX800 - Ca Membrane Box,CONCEPT-SET,2975
a94dd573-e549-4e7d-af3d-f39300c38edd,,Medical Supply Items,Radiometer ABX800 - Na Membrane Box,CONCEPT-SET,2976
89b3f951-4ead-4a0a-800c-98979f1e958a,,Medical Supply Items,Radiometer ABX800 - Glucose Membrane Box,CONCEPT-SET,2977
55e79478-4e5d-495f-ad53-a4ec4b3e32c7,,Medical Supply Items,Radiometer ABX800 - Lactate Membrane Box,CONCEPT-SET,2978
758e0173-66fc-4e47-8d75-28df1707bde5,,Medical Supply Items,Radiometer ABX800 - Disposable Waste Container,CONCEPT-SET,2979
52b0d546-6185-4922-ab4b-6a756f4d0e8d,,Medical Supply Items,Radiometer ABX800 - Thermal Paper,CONCEPT-SET,2980
4b1a1a74-fc87-45e6-b96a-40f9f56ac113,,Medical Supply Items,Radiometer ABX800 - Calibration Gas 1 – On-Board Gas Bottle,CONCEPT-SET,2981
60a145e5-f14e-4bf5-a8d1-8e2c2d467c5d,,Medical Supply Items,Endotracheal Tube Sterile Cuffed-10CH,CONCEPT-SET,2982
92b85b46-77a8-47d1-ae01-6fca50d489e9,,Medical Supply Items,UniCel DxH  Slide Maker Stainer - SMS Slides,CONCEPT-SET,2983
5c3ca22f-5121-493c-bf57-f9f3aea595cc,,Medical Supply Items,Cobas C 311 - Sample  Cup,CONCEPT-SET,2984
5afbbd47-c845-444c-b3a3-fd8213058f01,,Medical Supply Items,Cobas C 311 - Halogen Lamp 12V/50W,CONCEPT-SET,2985
2d65c0d6-f75b-4965-9b08-5ffdc8a1b74a,,Medical Supply Items,Cobas C 311 - Micro Sample Cup 13/16,CONCEPT-SET,2986
39341daf-8d30-4936-a733-feae7493cfd2,,Medical Supply Items,Cobas C 311 - Sipper Nozzle,CONCEPT-SET,2987
b9cffc7f-e66d-4c67-861f-ee51a2677d5a,,Medical Supply Items,Cobas C 311 - Sipper Tube,CONCEPT-SET,2988
c31aff28-3d08-4e3a-a909-faaea28c864d,,Medical Supply Items,Cobas C 311 - Cell Set,CONCEPT-SET,2989
6ade1e0c-35c5-4bac-9481-0971a9fd2a2b,,Medical Supply Items,Cobas 6000 - CalSet Vial,CONCEPT-SET,2990
e6e829da-134e-429a-979c-66f312573534,,Medical Supply Items,Cobas 6000 - Assay Tip,CONCEPT-SET,2991
35bd1923-3103-47d5-8406-5d2e0c0d072f,,Medical Supply Items,Cobas 6000 - Sample Cup,CONCEPT-SET,2992
6b111021-c8f5-4e8e-a958-315bbd60fb11,,Medical Supply Items,Cobas 6000 - Multi Pack,CONCEPT-SET,2993
3086201b-68a1-4beb-aea5-ec12c25dad5b,,Medical Supply Items,Cobas 6000 - PC/CC Cup,CONCEPT-SET,2994
dc6f7285-9cda-4002-8aa3-cd482d1b7d62,,Medical Supply Items,Cobas 6000 - Probe ISE,CONCEPT-SET,2995
54417771-6754-4898-b5ac-15511f0d879b,,Medical Supply Items,Cobas 6000 - Probe Sample,CONCEPT-SET,2996
36bb647d-693f-4eb9-a161-e7b61c41da10,,Medical Supply Items,Cobas 6000 - Micro Sample Cup 13/16,CONCEPT-SET,2997
a70d706b-db81-4498-aaba-fafff92206a4,,Medical Supply Items,Cobas 6000 - Sipper Nozzle,CONCEPT-SET,2998
0cd425fd-4a88-4183-bd05-f78b7174ccb7,,Medical Supply Items,Cobas 6000 - Sipper Tube,CONCEPT-SET,2999
c2cc50ff-b9c5-4711-80ea-5709cf02f1cc,,Medical Supply Items,Cobas 6000 - SMS,CONCEPT-SET,3000
a19fe1d7-ac52-4c94-9f3a-96cdb4ff6b24,,Medical Supply Items,Cobas C 311 - SMS,CONCEPT-SET,3001
03f50b66-07c8-4322-86db-ca93a644958c,,Medical Supply Items,Dimension EXL 200 - Cup - Small,CONCEPT-SET,3002
31e6e0c1-c70f-4360-8b81-f1ca25bd66c5,,Medical Supply Items,Dimension EXL 200 - Cup - Lid,CONCEPT-SET,3003
ac5da293-6f5a-4460-acab-b7f9d35fc99a,,Medical Supply Items,Dimension EXL 200 - Cuvette Cartridge,CONCEPT-SET,3004
48a33e26-d21b-4836-a75b-3d9b1a9daaa5,,Medical Supply Items,Dimension EXL 200 - Reaction Vessel,CONCEPT-SET,3005
9f8e6662-995d-4409-be20-5c4cbb66dcee,,Medical Supply Items,Dimension EXL 200 - Thermal Paper,CONCEPT-SET,3006
b3d5f052-7034-4084-8579-2d0136c124f2,,Medical Supply Items,DxC 700 AU/ Unicel DxI 800 - Na Electrode,CONCEPT-SET,3007
2a4ed5b9-019c-48da-855d-9e240c5c32d9,,Medical Supply Items,DxC 700 AU/ Unicel DxI 800  - K Electrode,CONCEPT-SET,3008
214576f6-3b43-49dc-b994-a3898aaeef19,,Medical Supply Items,DxC 700 AU/ Unicel DxI 800  - Cl Electrode,CONCEPT-SET,3009
b76ccac5-b8ce-4ad2-ace7-ceb41c4d58fa,,Medical Supply Items,DxC 700 AU/ Unicel DxI 800 - Reaction Vessel,CONCEPT-SET,3010
45c1ba55-4176-419b-ba81-3213ba105bb7,,Medical Supply Items,DxC 700 AU/ Unicel DxI 800 - Sample Cup - 2ml,CONCEPT-SET,3011
39e5d159-23c9-4e4e-b210-46018efbe7af,,Medical Supply Items,DxC 700 AU/ Unicel DxI 800 - Waste Bag,CONCEPT-SET,3012
63dc8197-0b1d-4dbb-9ffc-bea502c6ceae,,Medical Supply Items,DxC 700 AU/ Unicel DxI 800 - Swabs - Polyster,CONCEPT-SET,3013
509218ae-ee1e-4e49-b126-3308edcad8a7,,Medical Supply Items,DxC 700 AU/ Unicel DxI 800  - Peristatic Tubing (Roller Pump),CONCEPT-SET,3014
2b1e8aea-749d-4ef0-8931-86033aa9c734,,Medical Supply Items,DxC 700 AU/ Unicel DxI 800  - Photometer Lamp - 20W,CONCEPT-SET,3015
15d133ed-5a40-4880-9b99-76ce1da2e08f,,Medical Supply Items,DxC 700 AU/ Unicel DxI 800  - Electrode Reference,CONCEPT-SET,3016
cfa515b8-b034-4848-b38d-b9bfad310377,,Medical Supply Items,DxC 700 AU/ Unicel DxI 800  - Sample Cup - Hitachi,CONCEPT-SET,3017
220cb997-dd34-4632-a785-4b3492949162,,Medical Supply Items,DxC 700 AU/ Unicel DxI 800  - Bottle - 15ml - with Cap,CONCEPT-SET,3018
11bc8a0f-df17-4958-bd19-1f98adcb3bf1,,Medical Supply Items,DxC 700 AU/ Unicel DxI 800  - Bottle - 30ml - with Cap,CONCEPT-SET,3019
7b564fc8-28e7-4f82-815d-6765c4aef780,,Medical Supply Items,DxC 700 AU/ Unicel DxI 800  - Bottle - 60ml - with Cap,CONCEPT-SET,3020
08e55f46-85a2-458e-819e-6e9c72e4634d,,Medical Supply Items,DxC 700 AU/ Unicel DxI 800  - Cuvette - 5x6mm,CONCEPT-SET,3021
de81503c-575c-45be-85ab-901ae56ad10e,,Medical Supply Items,DxC 700 AU/ Unicel DxI 800  - Spiral Mixing Bar,CONCEPT-SET,3022
da4723c0-1516-4578-99e5-9c9815c13ac6,,Medical Supply Items,DxC 700 AU/ Unicel DxI 800  - L-Shape Mixing Bar,CONCEPT-SET,3023
59608b36-6983-4c92-9f33-c441d9656afd,,Medical Supply Items,DxC 700 AU/ Unicel DxI 800 - LC140 Pre-Treatment Catridge,CONCEPT-SET,3024
88759046-1639-445c-8803-1c2edb573f18,,Medical Supply Items,DxC 700 AU/ Unicel DxI 800 - LC175 (Protek L1),CONCEPT-SET,3025
f68170ab-4837-4cd4-8c66-099871995a44,,Medical Supply Items,DxC 700 AU/ Unicel DxI 800 - Prefiltration for Water Unit - Gac Filter,CONCEPT-SET,3026
013a999e-6ae9-46ed-b03c-3484ccfaa0ea,,Medical Supply Items,DxC 700 AU/ Unicel DxI 800 - Prefiltration for Water Unit - Melt Blown Filter,CONCEPT-SET,3027
e941dad7-1913-4706-adc8-a2bf46708bec,,Medical Supply Items,DxC 700 AU/ Unicel DxI 800 - Prefiltration for Water Unit - Scale Prevention Filter,CONCEPT-SET,3028
c87452c3-1e88-4cbd-adcd-618d6b883ee4,,Medical Supply Items,DxC 700 AU/ Unicel DxI 800 - Prefiltration for Water Unit - Ultra Filter,CONCEPT-SET,3029
4cbe5e58-8d68-4ade-b609-4f01db1ba25b,,Medical Supply Items,Micropipette Tips-20µl,CONCEPT-SET,3030
12912c16-aa6e-49b0-9af6-be3eb1040c4b,,Medical Supply Items,"Jar-Cop lain,staining",CONCEPT-SET,3031
45060a69-275b-42b4-b1ed-78cb1b72f0c4,,Medical Supply Items,Rod glass-150x6mm,CONCEPT-SET,3032
26d1d585-99e3-45f3-aef7-73bab862bc5d,,Medical Supply Items,Mortar and Pestle-70ml,CONCEPT-SET,3033
ae182974-14e7-40af-b737-beb89ae74761,,Medical Supply Items,Mortar and Pestle-70 - 400ml,CONCEPT-SET,3034
69c95dca-2913-4ede-a804-e96525340a2d,,Medical Supply Items,Brush bottle flask-10cm,CONCEPT-SET,3035
b4a8c6c5-7632-4bce-ba74-ffa40a3f266d,,Medical Supply Items,Brush Test Tube-8cm,CONCEPT-SET,3036
137f1e5d-769a-472a-a72b-f2477218b84a,,Medical Supply Items,Nasopharyngeal airways-10Fr-40Fr,CONCEPT-SET,3037
0aa8be26-555e-4294-99cd-b3537a046e8b,,Medical Supply Items,Laryngeal Mask Airway-No1 - No3,CONCEPT-SET,3038
91541eab-c14b-4ed2-bf79-99f29128b2b5,,Medical Supply Items,Laryngeal Mask Airway-No4 - No5,CONCEPT-SET,3039
4644f103-3d63-4aa6-800a-94a61cb8ef8c,,Medical Supply Items,Catheter Suction-9CH,CONCEPT-SET,3040
bb8d82a6-c0dd-4180-8843-6e39e44c3310,,Medical Supply Items,Catheter Suction-10CH,CONCEPT-SET,3041
9f4f65ee-00c8-4ac1-b351-bc4a3d2d8cfa,,Medical Supply Items,Drainage Chest Tube-10FG,CONCEPT-SET,3042
e4eb1304-d651-4eff-8c7f-7e93c45c7952,,Medical Supply Items,Drainage Chest Tube-22FG,CONCEPT-SET,3043
a2c3128c-8297-4a27-938f-80c3bfd51b20,,Medical Supply Items,Drainage Chest Tube-28FG,CONCEPT-SET,3044
5f12eee8-6d81-4022-a0f4-46b548f6d4cc,,Medical Supply Items,Drainage Chest Tube-32FG,CONCEPT-SET,3045
04e68b4e-cb95-4516-8c5b-a0cc53ba99b3,,Medical Supply Items,Drainage Chest Tube-38FG,CONCEPT-SET,3046
1f55eb5a-d5fe-4b08-9ee1-8802ef146ad6,,Medical Supply Items,Endotracheal Tube Cuffed-4CH,CONCEPT-SET,3047
9f49aa12-c125-435e-bb96-fec4ba74a893,,Medical Supply Items,Glove Gynecological Examination(Elbow Glove)-No. 6.5,CONCEPT-SET,3048
0701b49a-5a79-4eb0-93b6-f6aae1c76a65,,Medical Supply Items,Glove Gynecological Examination(Elbow Glove)-No. 7.5,CONCEPT-SET,3049
9329d688-3920-4d2e-9b81-2bdb22da8e98,,Medical Supply Items,Medicine Envelope-plastic,CONCEPT-SET,3050
a7b7665c-901f-4be0-a917-2048025e04a2,,Medical Supply Items,Mersilk Braided Black-Gauge 3.0(2/0) 75cm on 33 mm 1/2 Circle Reverse Cutting Needle,CONCEPT-SET,3051
597e438a-1460-4b29-a72d-ec6e07785557,,Medical Supply Items,Polyamide Monofilament-Gauge 0.3(9/0) 30cm on 6.5mm 3/8 Circle Spatula Single Armed Needle,CONCEPT-SET,3052
dc384729-eeb9-438d-a74f-589b05eadd96,,Medical Supply Items,Polyamide Monofilament-Gauge 0.3(9/0) 30cm on 6mm 3/8 Circle Spatula Double Armed Needle,CONCEPT-SET,3053
4d9059aa-0931-4a31-ad77-547b07a65453,,Medical Supply Items,Oxygen Face Mask for-Pediatric,CONCEPT-SET,3054
ba48b8d4-94bc-4fb2-97a5-01bea08afb90,,Medical Supply Items,Oxygen Face Mask for-Adult,CONCEPT-SET,3055
77a6fde0-9a8f-47ab-ac0d-47f9c5377795,,Medical Supply Items,Rectal Tube Rubber With Terminal Size-14CH,CONCEPT-SET,3056
62298439-8838-4167-be09-0c2ec3aed039,,Medical Supply Items,Rectal Tube Rubber With Terminal Size-18CH,CONCEPT-SET,3057
b0a97354-4386-46f4-99f5-af84500a7aef,,Medical Supply Items,Rectal Tube Rubber With Terminal Size-22CH,CONCEPT-SET,3058
9c9f0aa0-29c6-411f-a655-66c37e9029a1,,Medical Supply Items,Rectal Tube Rubber With Terminal Size-26CH,CONCEPT-SET,3059
62540652-87ed-4627-9209-58ef143b9bba,,Medical Supply Items,"Surgical Absorbable Hemostat-1"" x 2""",CONCEPT-SET,3060
b6b2b4f1-eae5-4418-8912-ffed033cf01e,,Medical Supply Items,"Surgical Absorbable Hemostat-2"" x 4""",CONCEPT-SET,3061
a91ffe05-e52a-49ec-9a4f-a45476d80577,,Medical Supply Items,Surgical Absorbable Hemostat-4'' x 4'',CONCEPT-SET,3062
ef2bebf2-eb85-47f1-942c-810c445013c0,,Medical Supply Items,Surgical Absorbable Hemostat-4'' x 8'',CONCEPT-SET,3063
6a56f655-4f89-4dbd-896b-dc25ae3165ab,,Medical Supply Items,Syringe Dental of metal-2.5ml,CONCEPT-SET,3064
35c56dc4-db16-4bef-9dda-8d5fd6429a9d,,Medical Supply Items,"Ureteric Tubes-5mm-6mm,75cm",CONCEPT-SET,3065
3dcfbf7a-21fb-4243-acdb-62608e5c2408,,Medical Supply Items,Tube-Eppendorf - 2ml,CONCEPT-SET,3066
2cf6b5f7-3445-474a-9877-30c9f8141d8e,,Medical Supply Items,Gauze Swab-3cm x 3cm,CONCEPT-SET,3067
ad64ac8b-01f8-4961-88ed-dc4a25af22e3,,Medical Supply Items,Bite sticks(Teeth guard)-PVCwith center  handle to insert and remove,CONCEPT-SET,3068
b85d5ba9-8e87-4476-a352-1dd4980c79b5,,Medical Supply Items,"Face Mask-For oxygen Administration Adult size 5,with Reservoir  1.6L bag",CONCEPT-SET,3069
421b2f5b-7922-411b-b932-ecf4e314c023,,Medical Supply Items,Face Mask-With out Reservoir For oxygen Administration Adult size,CONCEPT-SET,3070
8b640d33-1425-4de4-90dc-d2bef974d17f,,Medical Supply Items,Face Mask-For oxygen Administration Child/medium size 3  with Reservoir  1.6L bag,CONCEPT-SET,3071
32bc9a40-9961-4a5f-88ba-f18af1ea717c,,Medical Supply Items,Face Mask-With out Reservoir For oxygen Administration child/medium  size 3,CONCEPT-SET,3072
9b6980b0-ea0a-4520-81ab-bfbba4ce1c36,,Medical Supply Items,"Face Mask-with Reservoir for oxygen Administration Infant/small size 1, 0.5L breathing  bag",CONCEPT-SET,3073
cbaf4c8e-cef1-4735-9e27-15a62d0aa724,,Medical Supply Items,Face Mask-With out Reservoir For oxygen Administration Infant/small  size 1,CONCEPT-SET,3074
3fb10cc3-b575-415c-a0a0-b712eccb23fc,,Medical Supply Items,Cold Packs  Bag-Reusable 11 inch durable,CONCEPT-SET,3075
38c73ccb-5fd7-4a54-9932-15611bdfea03,,Medical Supply Items,"Patient restraint(spinal Board)straps-with meta buckles/clips and speed clip,15m",CONCEPT-SET,3076
52ef3ebf-f25a-4973-91d6-8368b2f18f59,,Medical Supply Items,"Catheter Suction-Open rounded shape&smooth,blue one Eye, Length:530±20.0mm,E.Length 500±20.0mm, OD2.7±0.10MM",CONCEPT-SET,3077
75cc612e-b293-425c-880c-4542f5f46fad,,Medical Supply Items,"Catheter Suction-Open rounded shape&smooth,black one Eye, Length:530±20.0mm,E.Length 500±20.0mm, OD3.30±0.15MM-10CH",CONCEPT-SET,3078
71e2efc0-59a7-4ceb-af1c-90472c8d2c92,,Medical Supply Items,"Catheter Suction-Open rounded shape&smooth,Orange one Eye, Length:530±20.0mm,E.Length 500±20.0mm, OD: 5.30±0.20mm-16CH",CONCEPT-SET,3079
e00eff88-de0f-4f75-b3a4-91742afe2854,,Medical Supply Items,"Catheter Suction-Open rounded shape&smooth,Red  one Eye, Length:530±20.0mm,E.Length 500±20.0mm, OD: 6.00±0.20mm-18CH",CONCEPT-SET,3080
a9d3a51c-c29e-4ddd-adff-c2308d3602bf,,Medical Supply Items,"Catheter Suction-Open rounded shape&smooth,blue one Eye, Length:530±20.0mm,E.Length 500±20.0mm, OD2.7±0.10MM-8CH",CONCEPT-SET,3081
fb42e3e7-4e1d-4dda-b11b-859d18f99275,,Medical Supply Items,Manual sucker/Bulb-Sterilizable Silicon air tight for infant,CONCEPT-SET,3082
d72ba19c-bea9-4f74-9f11-e7ccfbd0a3ac,,Medical Supply Items,Nasopharyngeal airways-8CH,CONCEPT-SET,3083
341e1633-95b2-4389-bb56-1decc36f4be7,,Medical Supply Items,Nasopharyngeal airways-7CH,CONCEPT-SET,3084
7470a0e1-217b-4e38-8a17-a9faa9de5978,,Medical Supply Items,Nasopharyngeal airways-6CH,CONCEPT-SET,3085
b687a976-1e11-4d32-b031-7ddb2963149c,,Medical Supply Items,Nasopharyngeal airways-4CH,CONCEPT-SET,3086
eef299ba-f01b-40f3-84a2-73c791ee8646,,Medical Supply Items,Nasopharyngeal airways-3CH,CONCEPT-SET,3087
06785add-ef20-4d84-bbde-1c10554324ac,,Medical Supply Items,Oropharyngeal Airway (Guedel) Sterile-5CH,CONCEPT-SET,3088
09f424b5-951d-42f3-b418-f2a57aebae35,,Medical Supply Items,Oropharyngeal Airway (Guedel) Sterile-4CH,CONCEPT-SET,3089
1a075e89-fbca-4568-9858-814bec60638f,,Medical Supply Items,Oropharyngeal Airway (Guedel) Sterile-3CH,CONCEPT-SET,3090
cd490c86-a64e-4d74-b1c7-5b50e146cfed,,Medical Supply Items,Oropharyngeal Airway (Guedel) Sterile-2CH,CONCEPT-SET,3091
ab273619-36dc-47d7-9c91-b78cbb0801bc,,Medical Supply Items,Oropharyngeal Airway (Guedel) Sterile-1CH,CONCEPT-SET,3092
5afe0997-2c68-450e-bb38-fe2e143f959a,,Medical Supply Items,Oropharyngeal Airway (Guedel) Sterile-0CH,CONCEPT-SET,3093
930ad8c6-2dc6-4867-b95f-625c011db432,,Medical Supply Items,Resuscitator Bag (Ambu Bag)-Child,CONCEPT-SET,3094
28ba5049-831a-47bc-8ec8-795d039d3047,,Medical Supply Items,Resuscitator Bag (Ambu Bag)-Infant,CONCEPT-SET,3095
0b230efb-0d8d-4884-9643-2eca09ca8d04,,Medical Supply Items,Adhesive Tape-5cm x 1.9cm,CONCEPT-SET,3096
493a477a-0dcc-4480-86c5-9a1915698eea,,Medical Supply Items,Gauze Dressing-4'' x 4'',CONCEPT-SET,3097
3cfd927b-d0bd-481b-9a1c-0dd826183d48,,Medical Supply Items,Glove Examination Latex Powdered-Medium,CONCEPT-SET,3098
ef6264eb-5f2a-4606-aa9b-c0f38b6c0d6b,,Medical Supply Items,Triage Tags-Dark,CONCEPT-SET,3099
e1139dd5-f5f8-4884-9a80-2924c06be1ec,,Medical Supply Items,Triage Tags-Red,CONCEPT-SET,3100
e317a9c3-07e4-4156-a2a8-cb0e91e6488f,,Medical Supply Items,Triage Tags-Yellow,CONCEPT-SET,3101
de133182-9d6a-4597-aa80-88131d65af86,,Medical Supply Items,Conical Centrifuge Tubes-112mm x 17mm,CONCEPT-SET,3102
9e9211d7-059e-4f85-b7b6-36def098b2c5,,Medical Supply Items,Catheter for  Mucus Extractor-In pieces of different sizes,CONCEPT-SET,3103
efcd7efd-41b9-4c8f-a51d-d86d75e21a55,,Medical Supply Items,Brush for Decontamination-small,CONCEPT-SET,3104
1abde822-dd1e-4590-8634-864b23d9b9f2,,Medical Supply Items,Bucket 30L and Bowls-Plastic for Decontamination Instrument,CONCEPT-SET,3105
cc37732b-dbe2-4019-84fa-27c1290843d7,,Medical Supply Items,Glove Heavy  Duty Latex (Disposable)-small,CONCEPT-SET,3106
821c9778-aa3a-4b12-8cc7-2977282ca407,,Medical Supply Items,"Mortar and Pestle-100mm((dia)x45mm,Small",CONCEPT-SET,3107
6ea2341c-bfa4-4b77-a7e5-d855bd074557,,Medical Supply Items,"Mortal and Pestle-160mm(dia) x75mm,Medium",CONCEPT-SET,3108
6f697d62-73ef-4a4e-915d-7fb9c991380a,,Medical Supply Items,"Brush for Test Tube-19mm(dia) x 89mm,fan stayle tip",CONCEPT-SET,3109
892e4f0e-8f13-4be4-8c5a-53ea23a85d90,,Medical Supply Items,Cover Slide-20x20mm Thickness 13 mm,CONCEPT-SET,3110
170ac9d7-69a7-40b9-886a-1698535b6760,,Medical Supply Items,Cover Glass slide Box-76x25x1mm,CONCEPT-SET,3111
a0ed50e8-028c-426a-97ba-059a111db913,,Medical Supply Items,Graduated Measuring Cylinder-250 ml,CONCEPT-SET,3112
1648a117-40f9-4ada-b840-080ddcce498e,,Medical Supply Items,Graduated Measuring Cylinder-100 ml,CONCEPT-SET,3113
4adc1375-e54d-4ea5-ae8d-ee4f76ff53b8,,Medical Supply Items,Graduated Measuring Cylinder-500ml,CONCEPT-SET,3114
2fcff1d0-4f49-4973-bc64-2453a4b17d17,,Medical Supply Items,"Jar-Glass,wide mouth,1000ml",CONCEPT-SET,3115
2c558935-0f21-4d2d-9dac-8787fdd67037,,Medical Supply Items,Graduated Measuring Cylinder-50ml,CONCEPT-SET,3116
328f4c4d-529e-4090-8e3a-cce50393841a,,Medical Supply Items,Graduated Measuring Cylinder-25ml,CONCEPT-SET,3117
f16066c9-b04c-492c-8973-07d8d367f18f,,Medical Supply Items,ESR graduated pipette-from 0 to 195mm with 1mm subdivision,CONCEPT-SET,3118
b7f858d0-b884-4843-bfbc-d51dce8f6eaf,,Medical Supply Items,Contact activated blood lancet-Length:40mm,CONCEPT-SET,3119
0feab245-b248-4780-8a84-8432bdde3ae7,,Medical Supply Items,"Micro Pipette Tips-10-100µl, Red",CONCEPT-SET,3120
42058bd5-7534-4e66-a8e1-0b235f156793,,Medical Supply Items,"Micro Pipette Tips-10-100µl, Yellow",CONCEPT-SET,3121
f3bade64-1b29-45a3-80b4-02836d54c2c6,,Medical Supply Items,Catheter  Umblical-3.5CH,CONCEPT-SET,3122
f4286709-8a24-4b67-98ea-c361f4d36593,,Medical Supply Items,Aspirator-Nasal-Oral,CONCEPT-SET,3123
91e31346-3adf-4646-b43d-50350a599ff0,,Medical Supply Items,Nasopharyngeal airways-5CH,CONCEPT-SET,3124
e289169a-81e5-4133-b84f-f4a03e432c9b,,Medical Supply Items,Dental Cotton wool-N0. 2,CONCEPT-SET,3125
ba4dfd36-9652-4530-9a5d-b2e3291a805e,,Medical Supply Items,Mindray BS-200E - Cuvette,CONCEPT-SET,3126
d142ad56-bcaf-41d4-a2ba-b0654af15195,,Medical Supply Items,Mindray BS-200E - Lamp,CONCEPT-SET,3127
e94562cc-f18d-4dcd-99cb-e23f4956530d,,Medical Supply Items,Mindray BS-200E - Probe,CONCEPT-SET,3128
13f84b28-c914-46ea-a2bc-8d43a073a91c,,Medical Supply Items,Biohazard Bag - 94cmx122cm,CONCEPT-SET,3129
569d573d-95c3-4a4d-827f-d3c3e3da007d,,Medical Supply Items,Colostomy Bag Adhesive Regulator Closed - 25cmx14cm 60mm Opening – Adult Opec Medium,CONCEPT-SET,3130
ea23712d-d490-4fa5-af85-1d51cf3ceb09,,Medical Supply Items,"Tube – Suction, Disposable – 15mmx2m",CONCEPT-SET,3131
e8b8ebd1-5c8e-4705-90a4-423852017792,,Medical Supply Items,"Conical Test Tube – Plastic, Graduated – 15ml",CONCEPT-SET,3132
f9b4c413-c42d-4866-9e08-1825b5a9135b,,Medical Supply Items,"Flask - Erlenmeyer, Glass, Heat Resistant, 2Litre",CONCEPT-SET,3133
2766d402-4304-4f87-bd7f-c70bd0edee53,,Medical Supply Items,Autoclave Indicator Tape - 1.9cmx5cm,CONCEPT-SET,3134
f0c6ab4c-7e26-4eda-b9aa-f0b9f8031fec,,Medical Supply Items,Oronasopharyngeal (Airway) Sterile-60mm,CONCEPT-SET,3135
6f737265-be55-4df3-9226-7f27f03f7184,,Medical Supply Items,Oronasopharyngeal (Airway) Sterile-90mm,CONCEPT-SET,3136
741b7958-43fa-48df-94ea-6be8cf9ac0ab,,Medical Supply Items,Oronasopharyngeal (Airway) Sterile-120mm,CONCEPT-SET,3137
3c66e50c-e970-47c0-b5e0-194553042009,,Medical Supply Items,Oronasopharyngeal (Airway) Sterile-80mm,CONCEPT-SET,3138
c01c6ea6-4ccf-4455-99a6-473c5a430ca1,,Medical Supply Items,Polyglycolic acid absorbable braided violet-Gauge 1.0(5/0) 75cm on 13mm 1/2 Circle Round Bodied Needle,CONCEPT-SET,3139
480000b8-fa27-497f-a6d6-da82799e3700,,Medical Supply Items,"Applicator Wooden Stick with Cotton Tip-2.2mm x 150mm – Individually Packed, Sterile",CONCEPT-SET,3140
f39c9068-729b-4d85-9f07-4ce2fef7f809,,Medical Supply Items,Trachoma Clap-small,CONCEPT-SET,3141
6cfe5b82-26b4-40de-a27a-f6edbdf32049,,Medical Supply Items,Trachoma Clap-large,CONCEPT-SET,3142
1a60cc61-edb2-4667-bd6d-ea7a8305e955,,Medical Supply Items,Swap Disinfecting Imppreginated with Isopropyl Alchol-70%,CONCEPT-SET,3143
96ab46aa-d193-4a28-a7a1-709c7a32a4dc,,Medical Supply Items,Adhesive Wound Plaster with Absorbent Anticeptic pad individually packed-2 size,CONCEPT-SET,3144
f3f832d7-8e5c-47cf-88f9-6fd9bd4da86a,,Medical Supply Items,Adhesive Plaster Zinc Oxide-2.5cmx10m,CONCEPT-SET,3145
a11554ca-088e-42cc-89c0-ec589e539b6c,,Medical Supply Items,Sysmex XP-300 - Thermal Printing Paper,CONCEPT-SET,3146
960d538b-7012-439d-96ab-d59030e1e83b,,Medical Supply Items,"Microscope Slide - 27x75mm, 1.2mm Thickness - Frosted",CONCEPT-SET,3147
040e542a-99f9-416c-ac2b-dfa333925038,,Medical Supply Items,"Microscope Slide - 27x75mm, 1.2mm Thickness",CONCEPT-SET,3148
2b4c22a5-e6e7-4e3d-bfbe-48cfe6cd0c46,,Medical Supply Items,Micropipette Tips - 10-200µl,CONCEPT-SET,3149
7a7a17a4-8772-49da-b6fc-9b41a66e3564,,Medical Supply Items,Micropipette Tips - 200-1000µl,CONCEPT-SET,3150
b4eaedbf-0e29-4163-b831-dc320aeb059a,,Medical Supply Items,"Sealer - Capillary Tube, 2mm Thickness",CONCEPT-SET,3151
a0d9bfa2-2b4e-4c8e-9a5c-c22e6e882644,,Medical Supply Items,"Pasteur Pipette – 3ml, Non-sterile, Plastic",CONCEPT-SET,3152
776b70e9-1974-40e0-bb9f-b905caeca38a,,Medical Supply Items,"Biohazard Bags - Disposable, Orange - 32x34Inch",CONCEPT-SET,3153
6b010dcb-f57a-47ad-a58c-33b8de7267d3,,Medical Supply Items,DxC 700 AU/ Unicel DxI 800 - Carbon Powder Filter,CONCEPT-SET,3154
1675e1a0-1152-427e-9c54-ff2c72d8c7fd,,Medical Supply Items,DxC 700 AU/ Unicel DxI 800 - Micron Filter with Antibacterial,CONCEPT-SET,3155
0720abcf-f7bb-4493-99ce-a5a8005e7493,,Medical Supply Items,DxC 700 AU/ Unicel DxI 800 - Improved GAC,CONCEPT-SET,3156
237d2fa1-f6b8-427a-b513-3d6463dc1059,,Medical Supply Items,DxC 700 AU/ Unicel DxI 800 - LC 177 Protek L1,CONCEPT-SET,3157
fa37b074-50a6-42d7-9172-4a2a72bf8ef6,,Medical Supply Items,DxC 700 AU/ Unicel DxI 800 - LC 174 Protek L1,CONCEPT-SET,3158
52e13957-c4fe-412d-8704-8606e7ba1208,,Medical Supply Items,DxC 700 AU/ Unicel DxI 800 - LC 174 MEDPURE Cartridge,CONCEPT-SET,3159
1aa640bd-0089-46d3-bbcc-e1aaf18988f6,,Medical Supply Items,DxC 700 AU/ Unicel DxI 800  - Peristatic Tubing - Roller Pump,CONCEPT-SET,3160
ce187b91-f3a0-4d84-a13d-e7017a7c72d5,,Medical Supply Items,Gauze Dressing - 5cmx4cm,CONCEPT-SET,3161
adc2c5be-a2fd-4e49-9c1c-19939c3c52a4,,Medical Supply Items,Cobas C 311 - Reference Electrode,CONCEPT-SET,3162
23ed31ad-d4b4-4116-aef1-a0ac2e8aecb2,,Medical Supply Items,Cobas 6000 - Reference Electrode,CONCEPT-SET,3163
46f36fd3-4392-4c8b-a138-9cd542d6d921,,Medical Supply Items,ANGIO DIAGNOSTIC CATHETER-5FR JR 3.5,CONCEPT-SET,3164
60fb9484-f85a-4f7c-ad77-4471d4832f81,,Medical Supply Items,ANGIO DIAGNOSTIC CATHETER-5FR  JR 4,CONCEPT-SET,3165
7efd0c2b-1fde-49c3-9787-dacdb4c18fc5,,Medical Supply Items,ANGIO DIAGNOSTIC CATHETER-5FR×100CM  MPA 1,CONCEPT-SET,3166
9a5e2a4e-5a5b-4d50-8763-0dada4343c5d,,Medical Supply Items,ANGIO DIAGNOSTIC CATHETER-5FR  PIGTAIL,CONCEPT-SET,3167
04d29083-52ae-4078-9c0b-45bff218e9f9,,Medical Supply Items,ANGIO DIAGNOSTIC CATHETER-Radial 5FR  4.0,CONCEPT-SET,3168
2a1a0132-0661-45bc-a4a4-85e6ce28bf9e,,Medical Supply Items,ANGIO DIAGNOSTIC CATHETER-Radial 5FR  3.5,CONCEPT-SET,3169
0600c7f6-5b75-4bc7-8101-8a346bb9a2b6,,Medical Supply Items,ANGIO DIAGNOSTIC CATHETER-Radial 6FR  4.0,CONCEPT-SET,3170
3b677523-3a20-40ce-b13c-6367364807ca,,Medical Supply Items,ANGIO DIAGNOSTIC CATHETER-Radial 6FR  3.5,CONCEPT-SET,3171
8c366b06-e3fa-4f0b-b092-28fc745204c5,,Medical Supply Items,ANGIO DIAGNOSTIC CATHETER-6FR × 100CM – JR 3.5,CONCEPT-SET,3172
25c3e31a-7649-400c-89e9-8aa86183e6b7,,Medical Supply Items,ANGIO DIAGNOSTIC CATHETER-6FR × 100CM – JR 4,CONCEPT-SET,3173
4ced0712-e8b9-4de9-8b6d-be91d3bceed2,,Medical Supply Items,ANGIO DIAGNOSTIC CATHETER-6FR × 100CM – JL 3.5,CONCEPT-SET,3174
36a81d14-676e-4110-81be-4099d435c045,,Medical Supply Items,ANGIO DIAGNOSTIC CATHETER-6FR × 100CM – JL 4,CONCEPT-SET,3175
4e3b4ee2-5b92-49c4-a583-1307306faf84,,Medical Supply Items,ANGIO DIAGNOSTIC CATHETER-5FR × 100CM – JL 4,CONCEPT-SET,3176
8b1a5eba-1880-42e6-8415-fd41f341d865,,Medical Supply Items,ANGIO DIAGNOSTIC CATHETER-6FR × 100CM – JL 5,CONCEPT-SET,3177
3e9fd188-0f5b-4ca1-8c74-f17dfc12c946,,Medical Supply Items,ANGIO DIAGNOSTIC CATHETER-6FR × 100CM – AL I,CONCEPT-SET,3178
26b4ca0d-0caf-43e8-9c88-3d29bb8e3772,,Medical Supply Items,ANGIO DIAGNOSTIC CATHETER-6FR × 100CM – AL II,CONCEPT-SET,3179
3a5c06e7-8b6a-498c-91b6-b2f378991b4f,,Medical Supply Items,ANGIO DIAGNOSTIC CATHETER-6FR × 100CM – MPA 2,CONCEPT-SET,3180
a82fd273-c7d3-437a-a1df-0b53bb17ca95,,Medical Supply Items,ANGIO DIAGNOSTIC CATHETER-6FR × 100CM – PIGTAIL,CONCEPT-SET,3181
4f1dfa1b-94e0-40bc-a764-73e37c78ddda,,Medical Supply Items,Tube Connector Y-connector,CONCEPT-SET,3182
c8c9c9b0-f851-4368-8203-5779509fa1ad,,Medical Supply Items,Three-way stop cock,CONCEPT-SET,3183
f2328d21-dfdb-4b85-be23-1c6ae115d31b,,Medical Supply Items,Sterile gown-XL size,CONCEPT-SET,3184
3eb2d923-c5e0-4743-999f-61761be571c2,,Medical Supply Items,Sterile drape-Adult,CONCEPT-SET,3185
e3e50fe3-8801-48b9-833e-e1e1174a4633,,Medical Supply Items,"Prolene Double-arm, round needle 6-0",CONCEPT-SET,3186
0fc26a70-9516-40fe-a908-e09ceb7c5fda,,Medical Supply Items,"Prolene Double-arm, round needle 5-0",CONCEPT-SET,3187
99b01f86-9118-4bd1-a150-30796aa7b8a5,,Medical Supply Items,"Prolene Double-arm, round needle 4-0",CONCEPT-SET,3188
ebc69d44-989e-4592-848b-4d7cbcc51974,,Medical Supply Items,Perfusion custom pack Weight->40 kg,CONCEPT-SET,3189
0b6df62a-578d-4c15-99d6-3503871c8dc7,,Medical Supply Items,Perfusion custom pack Weight-10-25 kg,CONCEPT-SET,3190
3c28be3b-18de-41f5-b564-6d2adad0a14a,,Medical Supply Items,Perfusion custom pack Weight-25-40 kg,CONCEPT-SET,3191
acc10a1a-d32f-432a-982a-7ec15bae3aab,,Medical Supply Items,Oxygen nasal cannula-Adult,CONCEPT-SET,3192
fc3be87f-6fe3-48f8-8752-11ec8530a215,,Medical Supply Items,Oxygen nasal cannula-Pediatric,CONCEPT-SET,3193
6389a082-c93b-451f-9959-f03af5072696,,Medical Supply Items,Nylon tape-3mm x 70cm,CONCEPT-SET,3194
8704a7e9-01b6-4903-8d07-c086a72cea80,,Medical Supply Items,ANGIO DIAGNOSTIC CATHETER-5FR × 100CM – NTR ( SITE SEER),CONCEPT-SET,3195
03f56920-8437-4990-b5a9-793186a27ef7,,Medical Supply Items,ANGIO DIAGNOSTIC CATHETER-6FR × 100CM – NTR,CONCEPT-SET,3196
64802823-25ca-4ff2-bd86-3330eaa4422b,,Medical Supply Items,"GUIDING CATHETER-JL 4.0, 6Fr, 100cm",CONCEPT-SET,3197
bfea6d0f-ccc7-4a7b-8c58-66f0fdaba2e4,,Medical Supply Items,Mechanical Valve prostheses-Aortic Valve - 23mm,CONCEPT-SET,3198
ffa34da6-d7bc-4be3-8a75-4ff4678b200f,,Medical Supply Items,"GUIDING CATHETER-JL 3.5, 6Fr, 100cm",CONCEPT-SET,3199
71536447-5dc3-462f-b1ff-ca70956231a2,,Medical Supply Items,"GUIDING CATHETER-JL 4.5, 6Fr, 100cm",CONCEPT-SET,3200
4e6ada70-419b-4a57-bc8c-986b554e7ccb,,Medical Supply Items,"GUIDING CATHETER-JR 4.0, 6Fr, 100cm",CONCEPT-SET,3201
e20dd963-aea5-4966-871b-1a498abbc608,,Medical Supply Items,"GUIDING CATHETER-JR3.5, 6Fr",CONCEPT-SET,3202
8b3d87db-ffdc-48d8-8754-38c14e45f62e,,Medical Supply Items,"GUIDING CATHETER-JL 4.0, 7Fr, 100cm",CONCEPT-SET,3203
15c1dce3-c187-41ec-b4d4-5bf57a571279,,Medical Supply Items,"GUIDING CATHETER-AL2, 6Fr",CONCEPT-SET,3204
43cfe502-15ff-47f8-8027-6266c28c2025,,Medical Supply Items,"Urine Cup - Plastic, 40ml",CONCEPT-SET,3205
2b1e975b-7a2c-4cb4-962b-80d0e2e1873f,,Medical Supply Items,GUIDING CATHETER-IMA 6F,CONCEPT-SET,3206
038b7d15-af14-433e-ae4e-6d8223bdf77e,,Medical Supply Items,"GUIDING CATHETER-AL1, 6Fr",CONCEPT-SET,3207
c837849b-236e-4658-b0ba-b6416a5d3d96,,Medical Supply Items,GUIDING CATHETER-6F AR 2.0,CONCEPT-SET,3208
05cd04d0-389e-433e-b450-426a2c05ce14,,Medical Supply Items,GUIDING CATHETER-6FR –  AR 1.0,CONCEPT-SET,3209
d3539041-b0ba-4d31-a738-7a889c649863,,Medical Supply Items,GUIDING CATHETER-6F EBU/voda left 3.5,CONCEPT-SET,3210
08516490-2913-4248-9525-9f582b283235,,Medical Supply Items,GUIDING CATHETER-6FR –  EBU/ voda left 3.0,CONCEPT-SET,3211
bc35e9f1-6eb1-479b-b9da-6a8d0c322127,,Medical Supply Items,GUIDING CATHETER-6FR –  EBU/ voda left  4.0,CONCEPT-SET,3212
8d7c8639-33fc-470a-bd80-f230cea5b45b,,Medical Supply Items,GUIDING CATHETER-7FR –  EBU/ voda left  3.5,CONCEPT-SET,3213
1a3a0ef2-5b83-4c62-90db-d6192d8d883f,,Medical Supply Items,"ANGIOGRAPHIC  GUIDEWIRE-0.035"", 260CM, J TIP BOX5",CONCEPT-SET,3214
55e7f3bf-0d41-4ec9-a339-897be25f600e,,Medical Supply Items,ANGIOGRAPHIC  GUIDEWIRE-0.032 × 145CM – J TIP hydrophilic wire,CONCEPT-SET,3215
75486b37-8d78-400a-a8f5-146576bf4201,,Medical Supply Items,ANGIOGRAPHIC  GUIDEWIRE-0.038 × 145CM – J TIP  3MM,CONCEPT-SET,3216
b910cb05-c1c7-46f5-8bb8-564ae6efe8ed,,Medical Supply Items,Mechanical Valve prostheses-Aortic Valve - 21mm,CONCEPT-SET,3217
9b8e9b0d-970e-4e07-a15e-4056eae41069,,Medical Supply Items,Mechanical Valve prostheses-Aortic Valve - 19mm,CONCEPT-SET,3218
732f1657-5869-43ed-a7c5-5012deea3325,,Medical Supply Items,"PCI Guide wire-Floppy LIGHT SUPPORT, 190CM, JTIP",CONCEPT-SET,3219
2253b9b4-251b-4a4f-aa42-ffde6a77b810,,Medical Supply Items,PCI Guide wire-Hydrophilic  180,CONCEPT-SET,3220
b85e6bf6-9246-4c08-8457-f71a994246b1,,Medical Supply Items,"PCI Guide wire-FLOPPY, LIGHT SUPPORT, J TIP, 300cm",CONCEPT-SET,3221
891a748d-316f-4e01-8858-60fbd6cd0c0d,,Medical Supply Items,PCI Guide wire-medium support 180cm,CONCEPT-SET,3222
7c4270a2-6c40-484f-beee-ec260343a483,,Medical Supply Items,PCI Guide wire-HYDROPHILLIC WORKHORSE 180CM  3g,CONCEPT-SET,3223
9d95ec44-b94e-4eb9-befa-0386f810bca5,,Medical Supply Items,Mechanical Valve prostheses-Mitral Valve - 27mm,CONCEPT-SET,3224
7d1ee262-4149-4835-b601-0c76c1628801,,Medical Supply Items,DRUG ELUTING STENT-2.25 x 18MM (17-19),CONCEPT-SET,3225
ec5544ea-77f9-41b4-a78f-b78cfa46d531,,Medical Supply Items,Mechanical Valve prostheses-Mitral Valve - 29mm,CONCEPT-SET,3226
a608d8e8-54cd-4784-957a-c1c84b745fbe,,Medical Supply Items,DRUG ELUTING STENT-2.25 x 22MM (21-23),CONCEPT-SET,3227
415d8159-fbe9-4a81-9f16-109fc99c6f00,,Medical Supply Items,DRUG ELUTING STENT-2.5 x 12MM (11-13),CONCEPT-SET,3228
07ca8a47-1a1b-4ebe-969a-1110544cd100,,Medical Supply Items,DRUG ELUTING STENT-2.5 x 15MM (14-16),CONCEPT-SET,3229
daf74145-d9d8-49e2-853f-d8dd3bb67f64,,Medical Supply Items,Luer-lock,CONCEPT-SET,3230
f1badfd7-6d46-4726-86aa-33d2b9bec63c,,Medical Supply Items,Liga Clips-small,CONCEPT-SET,3231
69195b69-1dfe-40bf-b83f-f01d468722ae,,Medical Supply Items,DRUG ELUTING STENT-2.5 x 18MM (17-19),CONCEPT-SET,3232
4681fa16-145a-4736-b4a5-7f57f8dabe53,,Medical Supply Items,DRUG ELUTING STENT-2.5 x 22MM (21-23),CONCEPT-SET,3233
b03903a3-777a-496d-87e9-c6834e1de40c,,Medical Supply Items,DRUG ELUTING STENT-2.5 x 26MM (25-27),CONCEPT-SET,3234
bedd6fce-725b-407b-89e8-6880d2a16c47,,Medical Supply Items,DRUG ELUTING STENT-2.5 x 34MM (33-35),CONCEPT-SET,3235
f647a522-6a4b-436f-ba41-298f4fb8ca1e,,Medical Supply Items,DRUG ELUTING STENT-2.75 x 15MM (14-16),CONCEPT-SET,3236
e1b51526-56d8-4468-b4f0-95b97aee6555,,Medical Supply Items,Liga Clips-Medium,CONCEPT-SET,3237
eab847a1-7933-45cc-b600-3edbc4c31321,,Medical Supply Items,DRUG ELUTING STENT-2.75 x 18MM (17-19),CONCEPT-SET,3238
53c5a067-de89-4950-87bc-827386ee058f,,Medical Supply Items,DRUG ELUTING STENT-2.75 x 22MM (21-23),CONCEPT-SET,3239
402aa36c-eae6-460f-acd4-e4499fc91586,,Medical Supply Items,DRUG ELUTING STENT-2.75 x 26MM (25-27),CONCEPT-SET,3240
90385607-d83e-4fac-b53d-1e13f3b6d84f,,Medical Supply Items,Gore Tex suture  CV 5,CONCEPT-SET,3241
34842a72-9c9d-416c-a681-a635c4cdd11e,,Medical Supply Items,DRUG ELUTING STENT-2.75 x 34MM (33-35),CONCEPT-SET,3242
f7ea9116-cd58-4471-9d34-40a5c21ad636,,Medical Supply Items,DRUG ELUTING STENT-3.0 x 8MM (7-9),CONCEPT-SET,3243
bbbc37f5-7047-4ba0-9091-8e8ad547b82e,,Medical Supply Items,DRUG ELUTING STENT-3.0 x 12MM (11-13),CONCEPT-SET,3244
a7a6b4e3-c4a9-41db-8be4-c5c755ab6541,,Medical Supply Items,Extensions-15cm,CONCEPT-SET,3245
0b73bc2a-a441-40fe-9e54-bfbe396764b4,,Medical Supply Items,Extensions-100cm,CONCEPT-SET,3246
9ba36b2f-e02a-47b5-b38d-e18556378c04,,Medical Supply Items,DRUG ELUTING STENT-3.0 x 18MM (17-19),CONCEPT-SET,3247
996c89b3-f266-4fbb-8e17-5c398a724a2f,,Medical Supply Items,DRUG ELUTING STENT-3.0 x 22MM (21-23),CONCEPT-SET,3248
dc118d60-6299-4951-aa68-1cb776e23c04,,Medical Supply Items,DRUG ELUTING STENT-3.0 x 26MM (25-27),CONCEPT-SET,3249
19130039-d47c-4039-ae3a-c7dcb317d846,,Medical Supply Items,DRUG ELUTING STENT-3.0 x 30MM (29-31),CONCEPT-SET,3250
9287aed7-5084-47b8-a9bc-2c827d3caf35,,Medical Supply Items,DRUG ELUTING STENT-3.5 x 12MM (11-13),CONCEPT-SET,3251
1201e566-752a-4fe7-bfa0-bda0af93df9c,,Medical Supply Items,DRUG ELUTING STENT-3.5 x 18MM (17-19),CONCEPT-SET,3252
3425b92d-3ec2-461c-bf27-c0132a302d31,,Medical Supply Items,DRUG ELUTING STENT-3.5 x 22MM (21-23),CONCEPT-SET,3253
e23fc738-4579-4910-9694-119c74cd712a,,Medical Supply Items,DRUG ELUTING STENT-4.0 x 12MM (11-13),CONCEPT-SET,3254
6d74d939-cba5-4727-b9fb-b791e54a4cd2,,Medical Supply Items,CORONARY BALLOON DILATION CATHETERS - semicompliant balloon-1.25 X 6MM (5-7),CONCEPT-SET,3255
5f7d08d3-5c45-4587-ac76-e9f7ee78b231,,Medical Supply Items,Extensions-200 cm,CONCEPT-SET,3256
38d466dc-82f7-4d7f-816f-7cff3237d904,,Medical Supply Items,CORONARY BALLOON DILATION CATHETERS - semicompliant balloon-1.25 X 10MM (9-11) SPL12510X,CONCEPT-SET,3257
fc88a2ff-bf7c-4dff-a0be-49a6add0380c,,Medical Supply Items,CORONARY BALLOON DILATION CATHETERS - semicompliant balloon-1.5 X 6MM (5-7),CONCEPT-SET,3258
50b7f650-ad38-4eb1-9434-b57efd98e4e3,,Medical Supply Items,CORONARY BALLOON DILATION CATHETERS - semicompliant balloon-1.5 X 10MM (9-11),CONCEPT-SET,3259
ba81c5b0-da15-48bc-be2c-1ca77a3434e8,,Medical Supply Items,CORONARY BALLOON DILATION CATHETERS - semicompliant balloon-1.5 X 15MM (14-16),CONCEPT-SET,3260
d661e422-18b4-401e-953b-982623b3be29,,Medical Supply Items,"Ethibond - 2-0-non-pledgetted, 17mm",CONCEPT-SET,3261
a7a8d44e-9bb6-4767-afe7-83f7835f4a62,,Medical Supply Items,CORONARY BALLOON DILATION CATHETERS - semicompliant balloon-1.5 X 20MM (19-21),CONCEPT-SET,3262
5eb3d6eb-8ab3-4f76-a720-1ac9df41264f,,Medical Supply Items,"Ethibond - 2-0-non-pledgetted, 21mm",CONCEPT-SET,3263
68abdf78-6539-4b8e-b188-12164fc68967,,Medical Supply Items,"Ethibond - 2-0-pledgetted, 17mm",CONCEPT-SET,3264
db5652f5-c243-4b3b-85d9-924ddfca6ddb,,Medical Supply Items,"Ethibond - 2-0-pledgetted, 21mm",CONCEPT-SET,3265
c3059b60-8044-4589-9b84-9b0101d044bb,,Medical Supply Items,CORONARY BALLOON DILATION CATHETERS - semicompliant balloon-2.0 X 6MM (6-8 ),CONCEPT-SET,3266
88aa465e-9c03-4ba2-ba5f-b4bcc0f1a600,,Medical Supply Items,CORONARY BALLOON DILATION CATHETERS - semicompliant balloon-2.0 X 10MM (9-11),CONCEPT-SET,3267
04939b21-3bef-4ec0-a835-1aa7e4709c00,,Medical Supply Items,CORONARY BALLOON DILATION CATHETERS - semicompliant balloon-2.0 X 15MM (14-16),CONCEPT-SET,3268
ea6f62da-efdb-43c7-8b6b-a443cae915a1,,Medical Supply Items,CORONARY BALLOON DILATION CATHETERS - semicompliant balloon-2.0 X 20MM (19-21),CONCEPT-SET,3269
1ef58ddc-2801-4a32-a8ef-a5491f318a53,,Medical Supply Items,CORONARY BALLOON DILATION CATHETERS - semicompliant balloon-2.5 x 15MM (14-16),CONCEPT-SET,3270
ebd84d59-7bbb-4ed0-b022-03bc5818f06c,,Medical Supply Items,CORONARY BALLOON DILATION CATHETERS - semicompliant balloon-2.5 X 10MM (9-11),CONCEPT-SET,3271
8edc0adc-7c1e-44ec-848b-f71632ba40ea,,Medical Supply Items,CORONARY BALLOON DILATION CATHETERS - semicompliant balloon-2.5 X 6MM (5-7),CONCEPT-SET,3272
d923e401-c9ef-4c74-8e1d-2bcbf615a017,,Medical Supply Items,CORONARY BALLOON DILATION CATHETERS - semicompliant balloon-2.5 X 20MM (19-21),CONCEPT-SET,3273
41546d19-a104-44d9-9c13-3c5c59a06913,,Medical Supply Items,NC PTCA BALLOON CATHETER-2.5 X 8MM (7-9),CONCEPT-SET,3274
20036e5c-5bbf-41ba-abec-1ba96b373c73,,Medical Supply Items,NC PTCA BALLOON CATHETER-2.5 x 12MM (11-13),CONCEPT-SET,3275
b162c61e-7095-450b-b220-4e10500eaef5,,Medical Supply Items,NC PTCA BALLOON CATHETER-2.75 X 8MM (7-9 ),CONCEPT-SET,3276
55a7cbdd-ac70-4186-bec2-133df24a5089,,Medical Supply Items,NC PTCA BALLOON CATHETER-2.75 X 12MM (11-13),CONCEPT-SET,3277
26d3d6d2-ae1d-45be-9a6d-89ece237827c,,Medical Supply Items,NC PTCA BALLOON CATHETER-2.75 x 15MM (14-16),CONCEPT-SET,3278
babc32af-96b5-4292-a919-595d4ae827ef,,Medical Supply Items,NC PTCA BALLOON CATHETER-3.0 x 8MM (7-9),CONCEPT-SET,3279
6bd61992-d874-4928-bfc6-c8d8a6c7778a,,Medical Supply Items,NC PTCA BALLOON CATHETER-3.0 x 12MM (11-13),CONCEPT-SET,3280
41134cf9-f0e4-4365-a9ba-2d909e39314b,,Medical Supply Items,NC PTCA BALLOON CATHETER-3.0 X 15MM ( 14-16 ),CONCEPT-SET,3281
b370c6c2-35b8-4f27-a494-590e072deab3,,Medical Supply Items,NC PTCA BALLOON CATHETER-3.25 X 8MM (7-9),CONCEPT-SET,3282
82453da2-4bac-4d2f-b674-c84994d867ec,,Medical Supply Items,NC PTCA BALLOON CATHETER-3.25 X 15MM (14-16),CONCEPT-SET,3283
c9a99ec5-4b53-47cf-b6db-2575a07dddc1,,Medical Supply Items,NC PTCA BALLOON CATHETER-3.50 X 8MM (7-9),CONCEPT-SET,3284
6319a949-ee4e-4660-ba8d-56eb8dfb61ec,,Medical Supply Items,NC PTCA BALLOON CATHETER-3.50 X 12MM ( 11- 13),CONCEPT-SET,3285
1500c34d-ca30-487a-842d-77387211a0a1,,Medical Supply Items,"5Fr. TransRadial Introducer kit with introducer sheath, dilator, SPRINGmini guidewire. Introduce like 5Fr, use as a 6Fr  11CM SHEATH,",CONCEPT-SET,3286
169521fa-8811-4cbd-9e2b-cf99665b9d55,,Medical Supply Items,"Femoral INTRODUCER, 11CM SHEATH,  17CM DILATOR, 0.038"" GUIDEWIRE  SET,-6F",CONCEPT-SET,3287
88cd060b-963b-46f0-819d-476bd430035e,,Medical Supply Items,"Femoral INTRODUCER, 11CM SHEATH,  17CM DILATOR, 0.038"" GUIDEWIRE  SET,-7F",CONCEPT-SET,3288
1f7106b0-06e9-4c29-9d33-065a94aef531,,Medical Supply Items,"26 - 30 ATM INFLATION DEVICE AND PITON ACCESSORIES / PCI Kit  with 26-30 ATM ,  Y-Adaptor,  Torque device,  Insertion tool , High pressure",CONCEPT-SET,3289
e47dd55e-07f9-4cea-bb53-20fce8136fc9,,Medical Supply Items,Manifold – 3way,CONCEPT-SET,3290
b26ead3a-eef1-43c3-9a98-515af2335a50,,Medical Supply Items,Thrombus ASPIRATION CATHETER-6F,CONCEPT-SET,3291
40c10382-75a1-445b-a194-4afe2ecec263,,Medical Supply Items,Puncture needle-18G,CONCEPT-SET,3292
4fc657f2-95f6-4831-b211-27a8719fe14b,,Medical Supply Items,"ANGIODRAPE, 2 FEMORAL HOLES, ONE TRANSPARENT (RIGHT SIDE)-330x218cm",CONCEPT-SET,3293
f112dba9-6e75-4570-aa7e-e91c8650bf7b,,Medical Supply Items,Sterile waterproof covering for table-150 x 250 CM,CONCEPT-SET,3294
08f18fd4-6700-441a-b38f-9c1d4677a14a,,Medical Supply Items,Image intensifier cover-90x90cm,CONCEPT-SET,3295
25b91c1e-f262-40e0-b647-d23865b28dce,,Medical Supply Items,Cardioplegia aortic root needle-14G,CONCEPT-SET,3296
c19c3618-aff6-4334-984e-8c607bc7db8b,,Medical Supply Items,Cardioplegia aortic root needle-16G,CONCEPT-SET,3297
540b218f-c13b-4a50-a7f0-c0bdf3369f1c,,Medical Supply Items,Cardioplegia aortic root needle-18G,CONCEPT-SET,3298
a4617186-8e11-46af-b3ad-d83e02a26958,,Medical Supply Items,Arterial filter-Adult,CONCEPT-SET,3299
05e1a1fa-c2a5-4bf1-a07b-5883fbbd5de8,,Medical Supply Items,Arterial filter-Pediatric,CONCEPT-SET,3300
7abb1b6e-c386-4941-9ece-e5d849c5a4a6,,Medical Supply Items,INTRODUCER NEEDLE-18G,CONCEPT-SET,3301
acfac49d-2e11-48ec-96a0-461b39e6231e,,Medical Supply Items,"BRKTM -1 Transeptal Needle 71cm, 1.3,.50mm ST. JUDE MEDICAL",CONCEPT-SET,3302
c400f6aa-9958-4ed7-9745-517eabcf47e0,,Medical Supply Items,"BRKTM–XS Transeptal Needle 71cm, 1.3,.50mm  ST. JUDE MEDICAL",CONCEPT-SET,3303
3acc59b3-8ac7-49f3-aabc-526c9a4bd915,,Medical Supply Items,"BRKTM Transeptal Needle 71cm, 1.3,.50mm  ST. JUDE MEDICAL",CONCEPT-SET,3304
dd9ae10d-2f0b-4f7e-8b17-431dd2a668ff,,Medical Supply Items,"FAST-CATHTM SL1 Transeptal Guiding Introducer 8.5F ,67cm",CONCEPT-SET,3305
0c452c53-6fe4-4796-a87b-3abcf76cd8c8,,Medical Supply Items,INOUE BALLOON-22mm,CONCEPT-SET,3306
c3fa2f97-8b41-4bc4-ab2a-d2c2f1b6d6e4,,Medical Supply Items,INOUE BALLOON-24mm,CONCEPT-SET,3307
4a351306-cd06-4640-b10c-aabae742a879,,Medical Supply Items,INOUE BALLOON-26mm,CONCEPT-SET,3308
a200fd00-7fae-408b-b66d-f1f08ef4355b,,Medical Supply Items,INOUE BALLOON-28mm,CONCEPT-SET,3309
a6aea00f-e1b9-4789-b968-e2376016cdca,,Medical Supply Items,active fixation lead-58cm,CONCEPT-SET,3310
a88a0cf8-3963-4f3e-a6f9-119acd28a0e7,,Medical Supply Items,active fixation lead-52cm,CONCEPT-SET,3311
08106cef-0f87-45f5-b05a-6c40da4e078a,,Medical Supply Items,Introducer-7FR  Peel away,CONCEPT-SET,3312
0e8f698c-3a3c-422f-99d5-463e34815583,,Medical Supply Items,Introducer-9FR  Peel away,CONCEPT-SET,3313
bd700444-231e-4a22-ba76-b5848de1469a,,Medical Supply Items,"Sheath short ( 7.5 CM) Introducer sheath, dilator, mini,guide wire-4F",CONCEPT-SET,3314
95a632fe-66b8-4ef0-8663-eb27d79dd8bf,,Medical Supply Items,"Sheath short ( 7.5 CM) Introducer sheath, dilator, mini,guide wire-5F",CONCEPT-SET,3315
a4af467f-9de0-4ace-aa03-db41f5ab164e,,Medical Supply Items,"Sheath short ( 7.5 CM) Introducer sheath, dilator, mini,guide wire-6F",CONCEPT-SET,3316
33d06415-0012-4ad4-955b-387c22a2390d,,Medical Supply Items,"Sheath short ( 7.5 CM) Introducer sheath, dilator, mini,guide wire-7F",CONCEPT-SET,3317
4fa905d9-3694-4787-9a34-969d1b1fbbb7,,Medical Supply Items,Epicardial leads 4968-35,CONCEPT-SET,3318
085d1373-5bd4-4cee-ae50-d000c05a4dfc,,Medical Supply Items,"Sheath short ( 7.5 CM) Introducer sheath, dilator, mini,guide wire-8F",CONCEPT-SET,3319
b8f86f0a-154b-41ee-a11b-8549d91049e8,,Medical Supply Items,"Sheath short ( 7.5 CM) Introducer sheath, dilator, mini,guide wire-10F",CONCEPT-SET,3320
a26fc4c9-f90a-4c05-b061-f7059e0dd687,,Medical Supply Items,"Sheath short ( 7.5 CM) Introducer sheath, dilator, mini,guide wire-12F",CONCEPT-SET,3321
d01b7f29-7003-4e6d-85ed-e0c7d5092e97,,Medical Supply Items,Septal Occluder-ASD012 device size 12,CONCEPT-SET,3322
d6e31c92-bfe9-4086-89a5-17d871dfce5f,,Medical Supply Items,Septal Occluder-ASD014 device size 14,CONCEPT-SET,3323
12c9d74c-0934-4c8b-8989-03ab45019737,,Medical Supply Items,Septal Occluder-ASD015 device size 15,CONCEPT-SET,3324
30dc88b2-bda2-4b39-aecd-a17ee63c178c,,Medical Supply Items,Septal Occluder-ASD018 device size 18,CONCEPT-SET,3325
8f92ec57-fd67-47fe-a834-4e28e39a675c,,Medical Supply Items,Septal Occluder-ASD020 device size 20,CONCEPT-SET,3326
12ae88c2-6a8b-44bd-8de4-8546905a08f2,,Medical Supply Items,DIAGNOSTIC CATHETER 5FR × 100CM – JR 4,CONCEPT-SET,3327
fb1d7108-25bc-442e-8e7e-41045942afd1,,Medical Supply Items,Septal Occluder-ASD022 device size 22,CONCEPT-SET,3328
ac78dd34-86d5-4a07-977a-ebc32edffcbc,,Medical Supply Items,Septal Occluder-ASD024 device size 24,CONCEPT-SET,3329
564581ce-3b15-4348-8d2b-adfd12e741f4,,Medical Supply Items,Septal Occluder-ASD026 device size 26,CONCEPT-SET,3330
a0e4d8ac-0a25-4f51-ba53-00c95f039d93,,Medical Supply Items,DIAGNOSTIC CATHETER 5FR × 100CM – JR 3.5,CONCEPT-SET,3331
363c6804-70b7-4ccb-b0f4-461addc1e69d,,Medical Supply Items,Septal Occluder-ASD028 device size 28,CONCEPT-SET,3332
3b28a254-093f-40b0-ab3d-cd17cb9bce58,,Medical Supply Items,Septal Occluder-ASD030 device size 30,CONCEPT-SET,3333
5a0a5106-d50c-4d04-a457-c2b1476ff409,,Medical Supply Items,Septal Occluder-ASD032 device size 32,CONCEPT-SET,3334
f9d0cd58-9271-43c8-bcf5-e5b10c30140a,,Medical Supply Items,Septal Occluder-ASD034 device size 34,CONCEPT-SET,3335
0643160c-015f-468a-8cf3-4b6bc4c558a1,,Medical Supply Items,Septal Occluder-ASD038 device size 38,CONCEPT-SET,3336
7b974437-6087-4c21-a907-9a3fc9325799,,Medical Supply Items,"MPA 1/ MULTIPURPOSE ,CATHETER-6F",CONCEPT-SET,3337
52e7dbd9-5bc9-4f8c-84c8-bd3cb3683e35,,Medical Supply Items,"MPA 1/ MULTIPURPOSE ,CATHETER-5F",CONCEPT-SET,3338
9bbc4323-cfc2-4da7-9000-dfc7b904b2ac,,Medical Supply Items,DIAGNOSTIC PIGTAIL CATHETER-5F,CONCEPT-SET,3339
59b98552-6378-430b-a982-9dde49dfd811,,Medical Supply Items,DIAGNOSTIC PIGTAIL CATHETER-4F,CONCEPT-SET,3340
e6de6b63-d1b4-4e67-95a4-eecdd22ef980,,Medical Supply Items,Duct occluder-8x6,CONCEPT-SET,3341
650ed96c-8267-48f5-9f46-ba84162541fc,,Medical Supply Items,"Regular J-tip guidewire .035""x150cm, Non-Hydrophilic",CONCEPT-SET,3342
00057788-fd85-4286-afd4-55f10b19b73d,,Medical Supply Items,Duct occluder-10x8,CONCEPT-SET,3343
dd1697dd-0e02-4d12-9a0a-072d34cfda44,,Medical Supply Items,"Regular J-tip guidewire .035""x180cm, Non-Hydrophilic",CONCEPT-SET,3344
2f360022-c9a1-43dd-92c6-0bcd61213ca8,,Medical Supply Items,Duct occluder-12x10,CONCEPT-SET,3345
7b381d67-8b85-49ee-8ac2-194b7ad16778,,Medical Supply Items,"Regular J-tip guidewire .035""x260cm,  Non-Hydrophilic",CONCEPT-SET,3346
51363a3c-f1b4-46ee-b6ab-14bf00d6d146,,Medical Supply Items,Duct occluder-14x12,CONCEPT-SET,3347
347149e3-e818-417f-8faf-869bc0eb7576,,Medical Supply Items,Duct occluder-16x14,CONCEPT-SET,3348
b8481815-2ecc-46e2-bd9b-a0fee20fcbc6,,Medical Supply Items,0.035 × 150CM – J TIP Hydrophilic,CONCEPT-SET,3349
005a3cb4-eb0b-48ca-8eca-66403b6e4ace,,Medical Supply Items,0.025 × 150CM – J TIP Hydrophilic,CONCEPT-SET,3350
d6986a67-5b84-4749-8c0e-52db66e745a4,,Medical Supply Items,VSD-MUSC008 size 8,CONCEPT-SET,3351
d8aeefe0-c7b7-44ab-894b-8097f0da8f20,,Medical Supply Items,VSD-MUSC010 size 10,CONCEPT-SET,3352
4cb51d05-78f1-40ca-9860-da70f6f39396,,Medical Supply Items,VSD-MUSC012 size 12,CONCEPT-SET,3353
2d85cb1d-7cb6-406d-9e90-3e34037455b6,,Medical Supply Items,Delivery  Sheath-06F18060,CONCEPT-SET,3354
b84f0d29-0f77-4ec9-82dd-358b883842a3,,Medical Supply Items,Delivery  Sheath-06F18080,CONCEPT-SET,3355
cc4e6f40-75fd-4012-812a-53ad3ee70061,,Medical Supply Items,Delivery  Sheath-07F18080,CONCEPT-SET,3356
c78a0d7e-7dd1-4c3d-8ac8-e580669ee13d,,Medical Supply Items,Balloon Dilatation Catheter-(Balloon Diameter X balloon length) 10mmx3cm,CONCEPT-SET,3357
e4ea3e27-0f7b-4d04-b8c5-b19ee58fe43f,,Medical Supply Items,Balloon Dilatation Catheter-(Balloon Diameter X balloon length) 12mmx2cm,CONCEPT-SET,3358
cba141d1-89ce-4684-a5cc-2cea696936ea,,Medical Supply Items,Delivery  Sheath-07F18060,CONCEPT-SET,3359
efa59f6c-a446-4490-9e3f-78caa9f6a765,,Medical Supply Items,Balloon Dilatation Catheter-(Balloon Diameter X balloon length) 12mmx3cm,CONCEPT-SET,3360
c46d69fd-94ed-4ad4-a446-d162277d7403,,Medical Supply Items,Delivery  Sheath-08F18080,CONCEPT-SET,3361
863110f1-00d7-4503-94a6-2f077c183061,,Medical Supply Items,Delivery  Sheath-08F4560,CONCEPT-SET,3362
fa31bc25-faff-4c0c-8ce0-74404929d9ce,,Medical Supply Items,Balloon Dilatation Catheter-(Balloon Diameter X balloon length) 14mmx3cm,CONCEPT-SET,3363
0c6e325b-4ce1-44a0-909c-e38f3bba1cc1,,Medical Supply Items,Delivery  Sheath-08F4580,CONCEPT-SET,3364
e3f9b73e-397b-470d-a4ba-40ba8b032fb2,,Medical Supply Items,Balloon Dilatation Catheter-(Balloon Diameter X balloon length) 15mmx3cm,CONCEPT-SET,3365
8d618eae-1cde-45df-a26a-f47b15c94441,,Medical Supply Items,Delivery  Sheath-09F4580,CONCEPT-SET,3366
9fb2393d-23f4-4f8d-9f93-9c0fdf6829e6,,Medical Supply Items,Balloon Dilatation Catheter-(Balloon Diameter X balloon length) 16mmx3/4cm,CONCEPT-SET,3367
2826bc9e-b5f6-4425-9b2b-9fffa1662ec6,,Medical Supply Items,Delivery  Sheath-10F4580,CONCEPT-SET,3368
09447a1f-fc53-4ae6-b827-4301caf658ca,,Medical Supply Items,Delivery  Sheath-12F4580,CONCEPT-SET,3369
b17d2e62-c14e-4965-8e09-e86519289fab,,Medical Supply Items,Balloon Dilatation Catheter-(Balloon Diameter X balloon length) 18mmx4cm,CONCEPT-SET,3370
9d0ee3f5-103f-442a-98eb-8e79eeee7ad0,,Medical Supply Items,Delivery  Sheath-14F4580,CONCEPT-SET,3371
ad9e88d6-43a8-4222-be5c-bee2c4569cb3,,Medical Supply Items,Balloon Dilatation Catheter-(Balloon Diameter X balloon length) 20mmx4cm,CONCEPT-SET,3372
a9ce6a14-91d3-4779-ab05-09490e3d57ca,,Medical Supply Items,Balloon Dilatation Catheter-(Balloon Diameter X balloon length) 20mmx5cm,CONCEPT-SET,3373
a275e565-9e83-4a70-be11-d6e136dc904c,,Medical Supply Items,Balloon Dilatation Catheter-(Balloon Diameter X balloon length) 25mmx4cm,CONCEPT-SET,3374
7fae6545-f20d-41a0-8d04-839023d1fb5e,,Medical Supply Items,Balloon Dilatation Catheter-(Balloon Diameter X balloon length) 25mmx5cm,CONCEPT-SET,3375
ae19730f-a8b6-495e-b62a-ce52086966f8,,Medical Supply Items,Balloon Dilatation Catheter-(Balloon Diameter X balloon length) 26mmx4cm,CONCEPT-SET,3376
cc5f15ae-f334-42b7-a9c3-022ebcaf8453,,Medical Supply Items,Balloon Dilatation Catheter-(Balloon Diameter X balloon length) 26mmx6cm,CONCEPT-SET,3377
82faefd7-c5a3-498b-88c2-3c1f8694341a,,Medical Supply Items,"Sheath short ( 7.5 CM) Introducer sheath, dilator, mini,guide wire-9F",CONCEPT-SET,3378
d81af32a-ded5-4c04-a900-d77bf5c939b6,,Medical Supply Items,Contact activated blood lancet-length 2mm,CONCEPT-SET,3379
b6975dc3-85de-4e69-a1cd-50fe31b7ea05,,Medical Supply Items,Mechanical Valve prostheses-Mitral Valve - 25mm,CONCEPT-SET,3380
1038dabd-98bd-41c4-bc0d-91020a026338,,Medical Supply Items,"Prolone - 6.0 double armed-round, 75cm long",CONCEPT-SET,3381
96580235-9ba2-4192-9f9e-2f2223e88ea8,,Medical Supply Items,"Prolene - 5.0 double armed-round, 75cm long",CONCEPT-SET,3382
5ca83e6b-2f3f-48b5-8d4c-f6c141b92e39,,Medical Supply Items,"Prolene - 3.0 double armed-round, 75cm long",CONCEPT-SET,3383
153757ae-774d-4762-83d5-c7e5b62a9ec9,,Medical Supply Items,"Prolene - 4.0 double armed-round, 75cm long",CONCEPT-SET,3384
113dd4d4-d924-4ba3-a6a2-3d602c1161f9,,Medical Supply Items,"Polydioxanone (PDS) - 5.0-round, 75cm long",CONCEPT-SET,3385
22afa794-a14f-4825-8e93-729bfea68edf,,Medical Supply Items,"Polydioxanone (PDS) - 4.0-round, 75cm long",CONCEPT-SET,3386
78e8c092-7537-46b7-b503-65c075f6ee20,,Medical Supply Items,"Prolene - 7.0, Double armed, round, 15-20cm needle length, 60-75cm stich length",CONCEPT-SET,3387
f22e9adf-298f-4fee-85d4-a314b13ed0a6,,Medical Supply Items,Cauthery patient plate/pad - Plastic Electero-cauthery plates,CONCEPT-SET,3388
440aa31e-624c-40ea-92dd-4d4e5a20f723,,Medical Supply Items,"Silk ties (sutures  without needle) - 2.0, 45cm long (5-12 strands/ties per package)",CONCEPT-SET,3389
be6a5dd1-c17c-4181-91e7-2e1d96cab1b0,,Medical Supply Items,"Silk ties (sutures  without needle) - 0, 75cm  (4-6 strands/ties per package )",CONCEPT-SET,3390
6f50cfa4-5c19-4fc5-a218-9a64f77f44a3,,Medical Supply Items,Delivery sheath 9-ITV07F45/60,CONCEPT-SET,3391
31cafb2f-9201-427e-a3d1-d44486ea08f8,,Medical Supply Items,Delivery sheath 9-ITV08F45/80,CONCEPT-SET,3392
ee70785c-b332-4fb2-864e-076dfc65182f,,Medical Supply Items,Delivery sheath 9-ITV09F45/80,CONCEPT-SET,3393
87e235ff-8910-4d55-8a9c-5a6c01fe45e6,,Medical Supply Items,Delivery sheath 9-ITV10F45/80,CONCEPT-SET,3394
4dbdc765-fc2d-410a-b7cf-240f9c25e4a5,,Medical Supply Items,Delivery sheath 9-ITV12F45/80,CONCEPT-SET,3395
2d3d70c3-f026-48cd-985c-e41c3d3b3dbf,,Medical Supply Items,Delivery sheath 9-ITV06F180/80,CONCEPT-SET,3396
2d26bf51-c940-4d68-b45f-c1ea935fcfdd,,Medical Supply Items,Delivery sheath 9-ITV07F180/80,CONCEPT-SET,3397
42a19fe1-def1-414d-b4bf-3a68f2a97f35,,Medical Supply Items,Delivery sheath 9-ITV06F45/60,CONCEPT-SET,3398
54023acb-339d-452c-8efa-e15f87faa32e,,Medical Supply Items,Endotracheal Tube - 18CH,CONCEPT-SET,3399
5d439f52-2233-4e26-8b3c-2e7b44d66698,,Medical Supply Items,Septal Occluder  ASD012 device size 12 with (Delivery sheath 9-ITV07F45/60),CONCEPT-SET,3400
6327b67a-954e-479a-9fea-e8ece0950de1,,Medical Supply Items,Septal Occluder  ASD014 device size 14 with (Delivery sheath 9-ITV07F45/60),CONCEPT-SET,3401
9a8e48d8-e500-4dda-bd8c-6deb48d69a35,,Medical Supply Items,Septal Occluder  ASD015 device size 15 with (Delivery sheath 9-ITV07F45/60),CONCEPT-SET,3402
327dce1a-4247-4a92-8f6c-8c67f13153db,,Medical Supply Items,Septal Occluder  ASD018 device size 18 with (Delivery sheath 9-ITV08F45/80),CONCEPT-SET,3403
ecc7f38d-317e-4463-be54-09cb7403bc0e,,Medical Supply Items,Septal Occluder  ASD020 device size 20 with (Delivery sheath 9-ITV09F45/80),CONCEPT-SET,3404
14014654-1d9a-4ca2-be31-84a9e32fdee8,,Medical Supply Items,Septal Occluder  ASD022 device size 22 with (Delivery sheath 9-ITV09F45/80),CONCEPT-SET,3405
b5a7ffdf-eb41-42c0-b08e-89a9af099416,,Medical Supply Items,Septal Occluder  ASD024 device size 24 with (Delivery sheath 9-ITV09F45/80),CONCEPT-SET,3406
61ee448d-c610-42fe-b5a6-e565ac27d862,,Medical Supply Items,Septal Occluder  ASD026 device size 26 with (Delivery sheath 9-ITV10F45/80),CONCEPT-SET,3407
4fe70904-55cb-4406-814c-6ed711a8eb42,,Medical Supply Items,Septal Occluder  ASD028 device size 28 with (Delivery sheath 9-ITV10F45/80),CONCEPT-SET,3408
8e937ae0-c177-460d-bc81-ebe55b16a6c2,,Medical Supply Items,Septal Occluder  ASD030 device size 30 with (Delivery sheath 9-ITV10F45/80),CONCEPT-SET,3409
730d914f-ec6f-4b25-a7fb-52f6b4d84f76,,Medical Supply Items,Septal Occluder  ASD032 device size 32 with (Delivery sheath 9-ITV12F45/80),CONCEPT-SET,3410
9b46cd49-42a5-4ce7-9dff-5927e15f1f5b,,Medical Supply Items,Septal Occluder  ASD034 device size 34 with (Delivery sheath 9-ITV12F45/80),CONCEPT-SET,3411
4e243e33-ef3d-4795-80b8-68180647eba5,,Medical Supply Items,Septal Occluder  ASD038 device size 38 with (Delivery sheath 9-ITV12F45/80),CONCEPT-SET,3412
f285f28f-7422-457a-870d-db39e64d3e71,,Medical Supply Items,Duct occluder   8x6 with (Delivery sheath 9-ITV06F180/80),CONCEPT-SET,3413
fc39fe37-41d7-4bae-ac7a-0b5844096214,,Medical Supply Items,Duct occluder  10x8 with (Delivery sheath 9-ITV06F180/80),CONCEPT-SET,3414
854c5256-9e42-46ff-8adb-0d1cd0fcd6c7,,Medical Supply Items,Duct occluder  12x10 with (Delivery sheath 9-ITV07F180/80),CONCEPT-SET,3415
084cecc3-1902-4799-9670-18c16f072b45,,Medical Supply Items,Duct occluder  14x12 with (Delivery sheath 9-ITV07F180/80),CONCEPT-SET,3416
04abb4c2-807b-43b2-ba22-c98f27ad1ab5,,Medical Supply Items,Duct occluder  16x14 with (Delivery sheath 9-ITV07F180/80),CONCEPT-SET,3417
fbc450d0-a4dc-4f42-ae75-08170eb3dde0,,Medical Supply Items,VSD MUSC008 size 8 with (Delivery sheath 9-ITV06F45/60),CONCEPT-SET,3418
4fbf8f3e-f9b9-46d0-bd1c-355cc5fd6104,,Medical Supply Items,VSD MUSC010 size 10 with (Delivery sheath 9-ITV06F45/60),CONCEPT-SET,3419
c859b449-efa5-4d33-bf9e-d8414027a0e2,,Medical Supply Items,VSD MUSC012 size 12 with (Delivery sheath 9-ITV07F45/60),CONCEPT-SET,3420
2493148c-ff0b-4906-955a-f122b0492e16,,Medical Supply Items,Syringe (Disposable)-23G,CONCEPT-SET,3421
33c35b50-712a-4802-b6f0-4350faf948a8,,Medical Supply Items,Syringe (Disposable)-5ml with  Needle 23G,CONCEPT-SET,3422
fa0c1cfa-4b25-442f-96e3-a76aacb44cf1,,Medical Supply Items,"Gauze Compress-10cm x 10cm, Sterile",CONCEPT-SET,3423
3dbd978b-0c7c-4808-b978-2fa9dafc3372,,Medical Supply Items,Etacoat 2.4%HPMC-2.3ml,CONCEPT-SET,3424
2764b019-a580-45e7-bf7f-bc452830cca0,,Medical Supply Items,ADVIA 560 - Thermal Paper,CONCEPT-SET,3425
7460f227-0170-47ac-bcb0-2b3922045670,,Medical Supply Items,ADVIA 360 - Thermal Paper,CONCEPT-SET,3426
6ee381c0-10d9-4e07-805e-b144ab430843,,Medical Supply Items,"Filter Paper - High Grade, Diameter 5.5cm",CONCEPT-SET,3427
d808f36e-f729-4841-8bb1-10a065b0573b,,Medical Supply Items,Spectra Optia Apheresis – Platelet blood collecting bag in set,CONCEPT-SET,3428
b1533b19-54d7-4379-a621-bbdf83469c39,,Medical Supply Items,Lint Free Disposable Lab Wipes - 13.5 x 14.5 Inches,CONCEPT-SET,3429
5dc61538-c4c3-4ca9-9280-95be95b55e40,,Medical Supply Items,Lint Free Disposable Lab Wipes - 12.5 x 14.4 Inches,CONCEPT-SET,3430
823f05cf-63fa-4401-974f-bd8b3d741c83,,Medical Supply Items,"Biohazard Bags - Disposable, Red - 830x930mm",CONCEPT-SET,3431
4674d000-8017-46df-ae04-db7178bbcdff,,Medical Supply Items,"Adhesive Wound Plaster - 19mm x 72mm, Sterile",CONCEPT-SET,3432
56fc2ebd-077c-4575-b2a1-702d02f83ec1,,Medical Supply Items,"Dialysis Blood Tube, Adult - Free Size",CONCEPT-SET,3433
cc8c27f0-b761-40af-88be-ea47538dc776,,Medical Supply Items,AV Fistula Needle - 16G,CONCEPT-SET,3434
45e25ff3-051f-49a6-8b7e-8bc63a27312f,,Medical Supply Items,AV Fistula Needle - 17G,CONCEPT-SET,3435
09e6783c-72e7-4066-87dd-d6621c0f0593,,Medical Supply Items,"Dialysis Catheter, Temporary Double Lumen - 12FR, 15cm",CONCEPT-SET,3436
1c34ca1e-58f9-47a7-bade-456b08518ac6,,Medical Supply Items,"Dialysis Catheter, Temporary Double Lumen - 12FR, 20cm",CONCEPT-SET,3437
44797fff-b03d-4f88-abbe-bdb34fd4112d,,Medical Supply Items,"Dialysis Catheter, Temporary Double Lumen - 9FR, 12cm",CONCEPT-SET,3438
2269f4c1-de6f-44e9-b93b-f89c7efd2872,,Medical Supply Items,Dialyzer - 1.7m2,CONCEPT-SET,3439
7ceec1a9-fda3-41f3-aa4c-81d5c6753501,,Medical Supply Items,Dialyzer - 1.8m2,CONCEPT-SET,3440
a8211f02-42f0-4a2f-80b0-60b81d6aae68,,Medical Supply Items,Dialyzer - 1m2,CONCEPT-SET,3441
662c6eb7-ab4e-4c71-bc57-02bfdee16275,,Medical Supply Items,Dialyzer - 1.6m2,CONCEPT-SET,3442
f14aa967-3131-4a3d-b6d5-fdcdb028195c,,Medical Supply Items,Dialyzer - 1.1m2,CONCEPT-SET,3443
8ab95a21-3545-4387-9f74-d7102ac36c28,,Medical Supply Items,Dialyzer - 1.9m2,CONCEPT-SET,3444
799867eb-2b96-4926-92e4-cd4601684439,,Medical Supply Items,Dialyzer - 1.5m2,CONCEPT-SET,3445
bf34b870-63f6-4290-b1b7-8ce7786ce3cb,,Medical Supply Items,disposable protective clothing-plastic,CONCEPT-SET,3446
9e5778da-53c6-471a-abc4-84c7ba315684,,Medical Supply Items,Detection Kit for 2019 Novel Coronavirus (2019-nCoV) RNA (PCR-Fluorescence Probing)-plastic,CONCEPT-SET,3447
e4493040-b560-44d7-854b-35724e74b40f,,Medical Supply Items,Face Shield Guardall-plastic,CONCEPT-SET,3448
a41ee21f-da32-4056-a97f-8f54e10c0f82,,Medical Supply Items,Face Mask - KN95,CONCEPT-SET,3449
243c42af-21d2-4e58-b829-5e1981c8c064,,Medical Supply Items,Glove Examination Powder Free Vinyl - Large,CONCEPT-SET,3450
9b1cfcc8-57a6-4ba9-addf-247e4341829f,,Medical Supply Items,Glove Examination Powder Free Vinyl - Medium,CONCEPT-SET,3451
24580852-5300-43c6-9da8-0a4b59056f21,,Medical Supply Items,Glove Examination Powder Free Vinyl - Small,CONCEPT-SET,3452
e20c9454-b9f7-4c0b-8da1-ca8ded386019,,Medical Supply Items,USB Card XN-L Check,CONCEPT-SET,3453
fdc7d6db-8aa4-4ffc-b2fa-b0911770d03a,,Medical Supply Items,Face Mask-Reusable,CONCEPT-SET,3454
5a356faa-57c9-4614-875f-a8e7eeb72a80,,Medical Supply Items,Face Mask-Full series,CONCEPT-SET,3455
19f5a98c-fbc8-4f45-9988-96aeda68a312,,Medical Supply Items,Power Air - Purifying System With Hood,CONCEPT-SET,3456
a603e341-9c49-47a2-bae1-4c1fde80247f,,Medical Supply Items,Power Air - Purifying System Without Hood,CONCEPT-SET,3457
c190dd1c-c9f3-469a-b7ac-4b353985a84f,,Medical Supply Items,Starter Kit - Cervical Cancer screening,CONCEPT-SET,3458
c4d9dee6-95a8-45b6-893f-8434e89fc7ff,,Medical Supply Items,Sterile - Polystyrene Dacron Swab,CONCEPT-SET,3459
d79fd6ce-d89f-4682-967b-fc04a5a4209f,,Medical Supply Items,Mersilk  Braided Black-guage 3.5 (0) 75cm on 32mm 1/2 circle round bodied needle,CONCEPT-SET,3460
ba896789-bc4e-49db-a1c3-2d25239d9cb5,,Medical Supply Items,Tracheostomy Tube-Plastic With 90 Degree Curvature Size 3.5,CONCEPT-SET,3461
b7c11a6b-1a62-440c-8ec2-d66bd14f7dd8,,Medical Supply Items,Tracheostomy Tube-Plastic With 90 Degree Curvature Size 5.0,CONCEPT-SET,3462
4593630a-3098-4b6f-a747-87e3c7e786ac,,Medical Supply Items,"Perma Hemodialysis Catheter Double Lumen – 13.5Fr, 32cm",CONCEPT-SET,3463
72ca137f-8e47-47e5-a5d3-698c45c3a479,,Medical Supply Items,"Personal Protective Equipment Kit - (Includes Coverall with Hood, Surgical Face Mask, Surgical Glove Pair, Shoe Cover Pair, Waste Bag-Black)",CONCEPT-SET,3464
69dfdec0-193a-4b22-a5ee-753a2ab482ef,,Medical Supply Items,Coverall – Medium,CONCEPT-SET,3465
6fe29358-4529-44da-bc2f-8295c9466641,,Medical Supply Items,Coverall – Extra Large,CONCEPT-SET,3466
c498e386-de08-440b-a63d-d2efc22b8bde,,Medical Supply Items,Coverall – Large,CONCEPT-SET,3467
8c568783-8717-4cad-84f0-9b9b2b3047f3,,Medical Supply Items,Personal Protective Equipment Kit - (Cover all + Shoe cover),CONCEPT-SET,3468
a17f57a6-d0ac-4c8a-88fa-aec511fd7571,,Medical Supply Items,Medical Scrub composed of - ( one V-neck shirt and drawcord trouser)-Polyester Viscose 300gms/m2,CONCEPT-SET,3469
9fdee3c7-e3c9-4a72-95a9-0439d99695be,,Medical Supply Items,Meri Silk Black-guage -2.0 (3) 75cm On 33mm 1/2 Circle Round bodied,CONCEPT-SET,3470
f9c6a85f-c7ef-454d-b47f-c3b97d3ef83d,,Medical Supply Items,Bone Marrow - Aspiration Needle-Blue line short 18G,CONCEPT-SET,3471
a4924719-950a-4529-b4a5-e590ce15def6,,Medical Supply Items,Face Mask-Child,CONCEPT-SET,3472
0f084c79-e6bb-4c2b-8fac-1b625bd333c1,,Medical Supply Items,Face Mask-KF94,CONCEPT-SET,3473
658ce2be-de34-4255-afa1-e753b3a955d5,,Medical Supply Items,Eppendorf Tips-PCR Clean Sterile 5-1000 Micro L,CONCEPT-SET,3474
358c084c-5ad8-4b3d-9896-00fb6f401afa,,Medical Supply Items,Eppendorf Tips-2-20 Micro L,CONCEPT-SET,3475
f54b052c-bd40-4d9b-83fc-dc36931b39e9,,Medical Supply Items,Eppendorf Tips-PCR Clean Sterile 2-20 Micro L,CONCEPT-SET,3476
664ea63e-d8ba-4fe4-bf72-a4a18e59c4cc,,Medical Supply Items,Optical Flat 8-Cap-Strips for 0.2ml Tubes,CONCEPT-SET,3477
f8742fd5-2a5d-4402-a23c-fd81a0e473e6,,Medical Supply Items,Face Mask-Non Medical Cloth,CONCEPT-SET,3478
26cfc7a6-bd48-42b7-a695-59a75dd4b745,,Medical Supply Items,Wipes - Container,CONCEPT-SET,3479
26dd5478-207f-4a55-a07c-29e20bea08bb,,Medical Supply Items,Face Mask-CPR,CONCEPT-SET,3480
7020bff5-b499-44ab-82a0-d82cbc5b1135,,Medical Supply Items,Doctors Shoe-small,CONCEPT-SET,3481
9e91c7d8-5c67-42c0-9d8d-ceb5e77f5140,,Medical Supply Items,Doctors Shoe-Medium,CONCEPT-SET,3482
e76619c7-144f-456a-bc9f-88b0cb884ea4,,Medical Supply Items,Doctors Shoe-large,CONCEPT-SET,3483
42eb5dad-42bd-402a-aaac-9835898a5659,,Medical Supply Items,Pads - With Alcohol,CONCEPT-SET,3484
0ee84123-f2ed-49d5-b04b-b77f48c45ddb,,Medical Supply Items,"Cryogenic Vial-2 ml,Self Standing,Round Bottom",CONCEPT-SET,3485
cb221885-4666-4f03-8079-512352baa5b2,,Medical Supply Items,Spatula -Stainless Steel,CONCEPT-SET,3486
c8ca480b-121b-47f5-8066-a2cc415fde01,,Medical Supply Items,Pasteur pipette plastic-Non sterile 3ml,CONCEPT-SET,3487
27f2093d-cea0-4c17-af94-633ea530c92a,,Medical Supply Items,Vacutainer Blood Collection Tube-with EDTA anticoagulant purple top 4ml Plastic,CONCEPT-SET,3488
e401bbe8-1f2c-411b-b082-ed67ab03da8f,,Medical Supply Items,"Cover Slide-22x22mm, 13mm Thickness",CONCEPT-SET,3489
924b18f1-1dcf-4553-9fd6-227995cf55bf,,Medical Supply Items,Cat Gut Chromic-Gauge 2.0(4/0) 75cm on 15mm 1/2 Circle Reverse Cutting Needle,CONCEPT-SET,3490
8dc0de84-cb97-4973-ae01-76b31a302cab,,Medical Supply Items,Vacutainer Blood Collection Tube-with citrated anticoagulant blue top 4ml Plastic,CONCEPT-SET,3491
47213192-16dd-4c4c-a0c8-cc0b7bdb0295,,Medical Supply Items,Drainage Chest Tube-20FG,CONCEPT-SET,3492
e324b522-3467-4364-a3c6-45d77b26bcc3,,Medical Supply Items,Drainage Chest Tube-16FG,CONCEPT-SET,3493
637f4024-0520-4816-bfbe-79972b78c3a3,,Medical Supply Items,Transport Swab Sterile with transport  media,CONCEPT-SET,3494
c5e58fb7-b250-48e2-843f-6cbbb970e097,,Medical Supply Items,Glove Examination Powder Free Nitrile  Non sterile-X Large,CONCEPT-SET,3495
c208e03c-fa1a-42f7-95a2-ba63487087c8,,Medical Supply Items,NEO Iris - Stir Balls Dispenser,CONCEPT-SET,3496
6bf68ff1-3601-45eb-bffe-cb4b01ce61b7,,Medical Supply Items,Medical Protective Clothing For an Emergency-X-Large sterilizable,CONCEPT-SET,3497
1bf434ec-5d70-4558-9f44-e31c426b7c34,,Medical Supply Items,Alinity i - Closure Gap for Reagents,CONCEPT-SET,3498
93cd9916-2410-4808-b558-082da389c6c4,,Medical Supply Items,"Polydioxanone (PDS) - 4.0-Round , 70Cm Long",CONCEPT-SET,3499
a223449b-7921-4100-b8e7-cd2f64ba7339,,Medical Supply Items,Pipette Tip - sterile with filter 1000 Micro Litter,CONCEPT-SET,3500
5957faf3-39c1-44ef-aa3e-7720ffadb06d,,Medical Supply Items,Cobas 6000 - Halogen Lamp,CONCEPT-SET,3501
a97bc110-da2c-42b7-a182-736f8dbb076a,,Medical Supply Items,Spinal Needle  10cm-25G,CONCEPT-SET,3502
3edd94ba-d198-4960-85cf-c41aa8ce1426,,Medical Supply Items,Glove Examination Powder Free Nitrile Sterile-Xs Size,CONCEPT-SET,3503
21eb4124-71e0-4143-a779-d637d727e65b,,Medical Supply Items,NEO Iris - Barcoded Microplates,CONCEPT-SET,3504
ace818e8-f769-4e02-8cf5-a7029385affd,,Medical Supply Items,Medical Protective Clothing For an Emergency-Large sterilizable,CONCEPT-SET,3505
236a523b-2af4-4479-a0c5-3bc581ce23ab,,Medical Supply Items,Alinity i - Reaction Vessel,CONCEPT-SET,3506
fb2c0dbe-5a76-4bec-b0fc-6861e8fb60bc,,Medical Supply Items,Pipette Tip - sterile with filter 200 Micro Litter,CONCEPT-SET,3507
9dcea329-051a-44cd-8c20-5f106ca781e2,,Medical Supply Items,Biohazard Bag Specimen-15x23 cm,CONCEPT-SET,3508
435c4267-7319-4927-94a8-593f22ceb612,,Medical Supply Items,NEO Iris - Select Wells,CONCEPT-SET,3509
3889bc4f-f775-4828-99ad-ef15ef4e964b,,Medical Supply Items,Alinity i - Maintenance Kit,CONCEPT-SET,3510
53dc46ff-9891-4e7e-9647-f133af7ed32c,,Medical Supply Items,Pipette Tip - sterile with filter 20 Micro Litter,CONCEPT-SET,3511
85c227fa-065f-432c-9047-4e52d067c0d2,,Medical Supply Items,Drainage Chest Tube-24FG,CONCEPT-SET,3512
965055c5-e790-4a26-8c9b-94992bd63c62,,Medical Supply Items,NEO Iris - Stir Balls,CONCEPT-SET,3513
50756eaa-9ff8-4374-b358-672e2765eb8a,,Medical Supply Items,Cat Gut Chromic - Guage 6.0(2) 75cm on 35mm 1/2 circle round bodied Heavy needle,CONCEPT-SET,3514
73d88d2e-c8d2-4209-8c6f-ee0fdff1b5dc,,Medical Supply Items,Medical Protective Clothing For an Emergency-XX-Large sterilizable,CONCEPT-SET,3515
9c324c05-f7fa-4178-8e61-8e1c6df7a9ca,,Medical Supply Items,Alinity i - Sample Cup,CONCEPT-SET,3516
28639884-0f69-4206-953f-20aea8b5263f,,Medical Supply Items,Under Pad Absorbent Plastic Backing-45x60cm,CONCEPT-SET,3517
95a3f62a-de33-42fe-b0fe-5d15dc13d419,,Medical Supply Items,Drainage Chest Tube-36FG,CONCEPT-SET,3518
f40cde1a-3bbe-424c-93c7-3be303d7b6eb,,Medical Supply Items,Cobas 6000 - Reaction Cell set,CONCEPT-SET,3519
d2a73358-f248-4d92-b36e-300112e34f95,,Medical Supply Items,Glass Vial with a rubber stopper flip top - Sterile Non latex,CONCEPT-SET,3520
1ab56b67-bceb-4d3e-9774-53d8b1cc3dc4,,Medical Supply Items,EX - Tube-X2 - FL100,CONCEPT-SET,3521
4e308ff2-3798-42b4-b93d-20d608845611,,Medical Supply Items,Lab Coat-Blue Medium,CONCEPT-SET,3522
05577660-0a28-4fc8-a18e-77c74de485ee,,Medical Supply Items,Fenestrated Towel-1mX1m,CONCEPT-SET,3523
4bcc5048-9a73-4198-9fae-1fb9d33a6429,,Medical Supply Items,Syringe Pump-50ml,CONCEPT-SET,3524
9c44d376-b167-4156-bbd2-88e094853396,,Medical Supply Items,Neck Collar-Hard Medium size,CONCEPT-SET,3525
084a8004-6cf2-4cdc-bce7-69fcb9eb540a,,Medical Supply Items,IV Catheter-20G,CONCEPT-SET,3526
edb54bd6-fa35-44cc-8e89-48047603aeae,,Medical Supply Items,Bed Sheet-small,CONCEPT-SET,3527
39e9182d-a6fd-4c22-af8b-4dc052b0020d,,Medical Supply Items,Mosquito Bed Net (LLIN) - PBO-190x180x170 cm (LxWxH),CONCEPT-SET,3528
a75c10a1-7afe-483a-a87c-f2fb5dc3c8ee,,Medical Supply Items,Syringe Pump-20ml,CONCEPT-SET,3529
73c06b80-885e-45ed-b584-e17d7209d034,,Medical Supply Items,Mersilk Black Braided Black-Gauge 1.5(4/0) 75 cm on 19 mm 3/8 Circle Reverse Cutting Needle,CONCEPT-SET,3530
e08e96be-286e-4756-a755-621bd3b31a57,,Medical Supply Items,Table Drape-70cmx80cm,CONCEPT-SET,3531
846a826f-dd79-4c6f-80c2-8210abe7bf5f,,Medical Supply Items,Syringe Pump-10ml,CONCEPT-SET,3532
1c901d21-5b30-4216-8a0c-6881cc8301c2,,Medical Supply Items,Lab Coat-White-Large,CONCEPT-SET,3533
efc74948-d940-415d-bfe0-e6ef1b314a10,,Medical Supply Items,Neck Collar-Hard Large size,CONCEPT-SET,3534
3d4f89c4-6784-4bae-9c67-c630f4a831b1,,Medical Supply Items,"First Aid Tape-1""x10yd, cloth non-sterile",CONCEPT-SET,3535
7b2efb1c-4176-433f-9773-bc8c3ccee912,,Medical Supply Items,Tools Towel-50cm X 50cm,CONCEPT-SET,3536
e4dd9161-b753-4179-8299-f958b9d51412,,Medical Supply Items,Gown - Isolation,CONCEPT-SET,3537
1bc35f42-f9b9-45fa-9b42-8fa9a9d30589,,Medical Supply Items,Chest Tube-32Fr,CONCEPT-SET,3538
07f3ae11-9ab2-49ce-b7be-437ddd743f1d,,Medical Supply Items,IV Catheter-24G,CONCEPT-SET,3539
4ebb2d51-15c6-48a1-b9c9-3d76c26de0ce,,Medical Supply Items,"Prolene - 4.0 double armed-Round , 90cm Long",CONCEPT-SET,3540
e105e074-e83f-4b6a-a723-e61ede44a713,,Medical Supply Items,Face Mask-KF80,CONCEPT-SET,3541
46b3b870-a437-42c7-9c56-4a7b498f9199,,Medical Supply Items,Towel-small,CONCEPT-SET,3542
2ec0a377-5d4c-4b8a-b98c-b8fba743489e,,Medical Supply Items,Mask - Non  re-breathing oxygen-Large Size 50x36x30,CONCEPT-SET,3543
0eee7497-9eeb-401b-8bc7-89108c211ea4,,Medical Supply Items,Chest Tube-20Fr,CONCEPT-SET,3544
c2b822f1-e2c3-4f89-85ce-b2580808bccb,,Medical Supply Items,AV Fistula Needle - 16G-16G*25mm rotable wing with backeye,CONCEPT-SET,3545
79f5394c-26fd-42f0-940a-c3e41c44c669,,Medical Supply Items,Mask - Non  re-breathing oxygen-Medium Size 50x36x30,CONCEPT-SET,3546
fe4e42b8-d6c2-459d-a561-2a442c2dd6fd,,Medical Supply Items,Burner - Bunsen,CONCEPT-SET,3547
8db6d533-f77a-47eb-a274-fb0c417f5c42,,Medical Supply Items,IV Catheter-22G,CONCEPT-SET,3548
468b3876-2838-4d6b-9f32-49c02429cf81,,Medical Supply Items,Syringe Pump-30ml,CONCEPT-SET,3549
1c1c291f-41e3-47af-8958-4413d5707f05,,Medical Supply Items,"Set Administration-Luer - lock ports, 105''tubing, DEHP, NLatex baxter",CONCEPT-SET,3550
f3ba47d9-3478-4164-be92-b8dd08ce3a2a,,Medical Supply Items,Mask - Non  re-breathing oxygen-Small Size 50x36x30,CONCEPT-SET,3551
9bcd855f-d988-470e-ac59-41df3ce10692,,Medical Supply Items,Dialyzer - 1.6m2-Polyether sulfon surface area 1.6m2,CONCEPT-SET,3552
8d67be80-51af-4d0e-8f5c-ac9039016eb9,,Medical Supply Items,Towel-X Small,CONCEPT-SET,3553
494c0a50-4a4e-4aab-a1b8-5938bd7dcc11,,Medical Supply Items,Glove Surgical  Latex Sterile-No 6,CONCEPT-SET,3554
4943acf9-fb95-418f-afad-274318ce7a39,,Medical Supply Items,EX - Tube-X2FL,CONCEPT-SET,3555
7079edfa-941c-4f2e-88c2-416767d945d5,,Medical Supply Items,Neck Collar-Hard Small size,CONCEPT-SET,3556
cf58e09c-f926-4d67-aadb-70c0c18fbdaf,,Medical Supply Items,Report Requisition Form -For health Center,CONCEPT-SET,3557
c0adb7db-cda8-4236-9d34-0bc382ccd2dc,,Medical Supply Items,Meri Silk Black-No.2/0-5E75DX26,CONCEPT-SET,3558
645eec07-1369-4a59-a72c-dedcfee008d9,,Medical Supply Items,"Examination Glove-Powder free-Nitrile, Non sterile, Medium",CONCEPT-SET,3559
99f4cd70-5991-4eac-afd4-e530d969e8d5,,Medical Supply Items,Vacutainer serum separator tube-with yellow top 5ml Plastic,CONCEPT-SET,3560
431c0c76-620f-4261-88f5-fe8722a3faaa,,Medical Supply Items,Vacutainer serum separator tube-with yellow top 5ml,CONCEPT-SET,3561
67803e9f-5baa-4cf0-91f9-a3b366265500,,Medical Supply Items,Spinal Needle  8cm,CONCEPT-SET,3562
70c1fd7b-fb1a-4b72-a8a5-e1831c5bc127,,Medical Supply Items,Catheter Ureteral-6CH,CONCEPT-SET,3563
e7d6394c-b8ac-424f-9bf8-9d5a72ed922b,,Medical Supply Items,Endotracheal Tube Sterile Cuffed-7CH,CONCEPT-SET,3564
768d457f-15fd-4da9-8d95-ba9aedbd6332,,Medical Supply Items,Endotracheal Tube Sterile Cuffed-7.5CH,CONCEPT-SET,3565
fcefd7d5-446a-4c9e-8a89-03e9ce401687,,Medical Supply Items,Mersilk  Braided Black,CONCEPT-SET,3566
8c90daf1-931a-4859-b0d1-91a64f2423d9,,Medical Supply Items,Catheter Ureteral-8CH,CONCEPT-SET,3567
b60df9ec-3583-45a1-8596-7a5391ffd81e,,Medical Supply Items,"Petri Dishes - Disposable polystyrene,sterile,autoclavable-15mmx100mm",CONCEPT-SET,3568
57c3207a-e779-4810-b3f5-4e33bcd5f4ce,,Medical Supply Items,Oxygen Mask with Reservoir bag 1000ml-Transparent Mask 5.5mm + 2m Tube Latex green elastic strap L (126 x 83x63mm) Non- sterile,CONCEPT-SET,3569
8a99ef6b-75a7-494d-83f4-30e48fb8f809,,Medical Supply Items,"Plate - Microtitration, DAT test, 96wells, V Shaped bottom",CONCEPT-SET,3570
a37a818d-1ab7-4ec5-8de2-ea4fb109f5c1,,Medical Supply Items,Micropipette Tip RNA free with filter 0.1-10ul,CONCEPT-SET,3571
98c686f0-f9b7-4287-8d56-3bc0af06fd21,,Medical Supply Items,Glove Examination Non Latex-small,CONCEPT-SET,3572
25fef8cb-f6fb-4d4d-825e-1fb1aea4c724,,Medical Supply Items,Tubes - sterile culture with snap cap polypropylene-12mmx75mm,CONCEPT-SET,3573
bde2ba7f-20cc-402d-b1df-534ccc4cceab,,Medical Supply Items,Micropipette Tip RNA free with filter  100ul-1000ul,CONCEPT-SET,3574
a6be42dd-dd53-4c10-8505-eb1ae11cabb0,,Medical Supply Items,Intubating Stylet-FR14 390mm EO Sterile,CONCEPT-SET,3575
0ae445c0-8361-4ea5-aa08-ae0c017b9451,,Medical Supply Items,Nephrostomy Tube-10Fr,CONCEPT-SET,3576
af3e886b-caaf-4f4c-883c-11c2309f277d,,Medical Supply Items,Glove Examination Non Latex-large,CONCEPT-SET,3577
d50e2033-3e25-4866-866c-30669913b061,,Medical Supply Items,Disposable Under Pad-23'' x 24'',CONCEPT-SET,3578
fb1add79-8262-4ffa-bdc8-cefeb6ba371a,,Medical Supply Items,Nephrostomy Tube-12Fr,CONCEPT-SET,3579
17000e0c-8430-449e-ab50-3a75548bb4b6,,Medical Supply Items,"Petri Dishes - Disposable polystyrene,sterile,autoclavable-15mmx150mm",CONCEPT-SET,3580
a1e6a316-8008-4e0b-8057-a4cb1237e3e1,,Medical Supply Items,Corrugated Circuit for CPAP Mask Adult-Pu tube 1.8m connector ID 22mm Non Sterile,CONCEPT-SET,3581
5ffda375-8794-4c50-94ed-db0dd7d8cae4,,Medical Supply Items,Lab Coat White-Large Disposable,CONCEPT-SET,3582
e41056ab-7b36-4557-8938-97b864a74abe,,Medical Supply Items,Filter paper - Size circular qualitative grad plan circular or sheet,CONCEPT-SET,3583
be86f661-36cd-4065-9fc2-c826b6690615,,Medical Supply Items,"Roche Cell Collection-Medium, 250 x 20 mL, 1 Kit [Roche]",CONCEPT-SET,3584
99cd1927-c6e7-4875-abcb-58cd5e523af2,,Medical Supply Items,Lab Coat Blue-Medium Disposable,CONCEPT-SET,3585
3a4c644c-490f-4539-a0a1-908fe577cef5,,Medical Supply Items,Micropipette Tip RNA free with filter  20ul-200ul,CONCEPT-SET,3586
c8d7fa6f-3432-47bf-8c3d-90e3743c16d8,,Medical Supply Items,Glove Examination Non Latex-Medium,CONCEPT-SET,3587
deb69eb5-4a23-4f47-bdcd-6051ccfd9480,,Medical Supply Items,Oxygen Mask with Reservoir bag 1000ml-Transparent Mask 5.5mm + 2m Tube Latex green elastic strap L (114 x 83x60mm) Non- sterile,CONCEPT-SET,3588
1fd4b918-969d-46c2-985d-6aefb9c87230,,Medical Supply Items,"Pasteur Transfer Pipette-60 uL, Graduated, Plastic, Non-Sterile",CONCEPT-SET,3589
273ed135-7297-4b9e-9857-6f6c28250623,,Medical Supply Items,Syringe Filter-25mm,CONCEPT-SET,3590
29820f25-79f5-49d3-b916-f3a231b89033,,Medical Supply Items,Face Mask - N95/FPP2 (Non-medical),CONCEPT-SET,3591
deb4988d-b045-48c3-87f3-2bd684f8f201,,Medical Supply Items,Pipette - Sterile transfer plastic disposable individually wrapped-3ml,CONCEPT-SET,3592
2d8ffa41-a0d6-4758-9e8f-1f38c7b92d83,,Medical Supply Items,Bag - Back Pack,CONCEPT-SET,3593
f88f567c-6747-4e74-b8c6-ed2ac899e98f,,Medical Supply Items,Glove Examination Powder Free Nitrile-Medium,CONCEPT-SET,3594
a5f311f2-fcda-4810-a6fa-4b2a1037e4df,,Medical Supply Items,Lactate Dehydrogenase(LDH)-UV enzaymatic kinetic method,CONCEPT-SET,3595
eb0c73df-08d1-48c2-8955-8a8ce3759895,,Medical Supply Items,Surgical Gown-large,CONCEPT-SET,3596
8090c52e-5d87-4352-83a9-ed60f65d9fb8,,Medical Supply Items,plastic Bag -For seed 5 Litter,CONCEPT-SET,3597
9e00a6d5-1577-476e-905a-9e45bec73db3,,Medical Supply Items,Biohazard Bags Disposable Red-830x930mm,CONCEPT-SET,3598
d7ea16e7-108b-4fd1-80ed-1b83ac2cf031,,Medical Supply Items,"Mask-Surgical Type IIR, level 2,s.u,non sterile, earloop",CONCEPT-SET,3599
884f6544-a28b-470d-ae74-8bfdcb24c80a,,Medical Supply Items,Mask-CPAP Medium size,CONCEPT-SET,3600
23c62633-b692-4717-9c1d-e8cd0010c9ed,,Medical Supply Items,plastic Bag -For seed 0.5 Litter,CONCEPT-SET,3601
fb604b94-310f-4c88-8f26-cfa87935ff54,,Medical Supply Items,Dust Bin - For Bio hazard bag Yellow,CONCEPT-SET,3602
5a8b20e7-f4a1-4df5-ada7-232264bac53c,,Medical Supply Items,COBAS - 4800 Amplification and Detection plate and seal,CONCEPT-SET,3603
986b0e82-4196-4758-b4a5-809434936404,,Medical Supply Items,Mask-CPAP Large size,CONCEPT-SET,3604
6a02df2d-6208-4bb6-b9a7-d0692256d3a3,,Medical Supply Items,Dust Bin - For Bio hazard bag Black,CONCEPT-SET,3605
f7febe38-1b50-4365-ab51-cc219a1e0047,,Medical Supply Items,"Haematocrit Capillary tube-length 75mm,ID 1.1-1.2mm,OD 1.5-1.6mm,20µl",CONCEPT-SET,3606
f59c5724-7a06-4063-b31f-a038249f752f,,Medical Supply Items,Mask-Non Breathing adult,CONCEPT-SET,3607
d9759d6e-b50d-4126-a62e-a862d4c45e4e,,Medical Supply Items,"Lab Wipe-Poly,14.4x12.5 in",CONCEPT-SET,3608
4fa099ef-11aa-4455-97de-ad8bc7244180,,Medical Supply Items,Dust Bin - For Bio hazard bag Red,CONCEPT-SET,3609
32eb4f89-be69-4e05-8c8e-d77fbc9797b4,,Medical Supply Items,Syringe Insulin (Disposable)-1ml on 4mm with Fixed Needle 29G,CONCEPT-SET,3610
f55079a0-55f4-4a41-9f5f-575c6732eb0b,,Medical Supply Items,Surgical Gown-X Large,CONCEPT-SET,3611
eb13fc40-2fe9-4361-ad4a-81cdd2d94bf3,,Medical Supply Items,Mask-Venturi Large  for oxygen supply,CONCEPT-SET,3612
de931f89-6bd6-47ef-930b-61834afad58f,,Medical Supply Items,Tubing Oxygen supply-7.6 meter,CONCEPT-SET,3613
fcc57646-c2d8-46a6-985c-c7ddea0db8dd,,Medical Supply Items,Mask-Venturi Small for oxygen supply,CONCEPT-SET,3614
45e8e2c9-fef7-49f4-a96a-1ccd50514b76,,Medical Supply Items,Bandage jersey tubular-10cm x 4m,CONCEPT-SET,3615
7ceab876-846a-4788-97e7-7b5f475f8967,,Medical Supply Items,Plaster Of Paris (P.O.P) -7.5cm x 2.7m,CONCEPT-SET,3616
b9904035-e719-4108-8053-7ff155d58fed,,Medical Supply Items,Hypodermic Needle-21G,CONCEPT-SET,3617
84668841-10d7-4c55-a0b3-cabc407c1423,,Medical Supply Items,Adhesive Plaster Zinc Oxide-10cm x 5m,CONCEPT-SET,3618
bd310eb8-c3da-4c8d-a192-e6c7da42cba8,,Medical Supply Items,Bandage Extensible Non Adhesive-7cm X 4m,CONCEPT-SET,3619
d5cfb38a-2d78-4d3c-9a4d-d32349c75c5e,,Medical Supply Items,Surgical Glove-Sterial Latex No. 8.5,CONCEPT-SET,3620
f9b0009a-bf2e-41a2-b0ea-e49d9ef6bb0f,,Medical Supply Items,Bandage jersey tubular-15cm X 4m,CONCEPT-SET,3621
05b0ff58-0e4a-4f49-8376-ffcffcb7de04,,Medical Supply Items,Plaster Of Paris (P.O.P) -10cm x 2.7m,CONCEPT-SET,3622
151e2d13-09d2-461b-a19b-25b953f82e2e,,Medical Supply Items,Hypodermic Needle-25G,CONCEPT-SET,3623
7c9cfeb2-26e5-4fc1-8782-5e1c7e22d4bd,,Medical Supply Items,Bandage crepe-6cmx4m,CONCEPT-SET,3624
76363740-ec8d-4b94-889c-b750368c22d4,,Medical Supply Items,Disposable Syringe Without Needle-5ml,CONCEPT-SET,3625
5df1ac69-987e-4216-b294-f4295f1fc59e,,Medical Supply Items,Glove Gynecological Examination(Elbow Glove)-No 8.5,CONCEPT-SET,3626
8bdf7130-be6d-46bc-b1b1-89f3c5bf1cf9,,Medical Supply Items,Bandage crepe-10cm x 4m,CONCEPT-SET,3627
1752f294-0c4a-4e14-a0e7-516d8745d890,,Medical Supply Items,Disposable Syringe Without Needle-20ml,CONCEPT-SET,3628
b49bbf31-a98c-4698-9723-d138982b254f,,Medical Supply Items,Gauze Swab-10cm X 10cm non sterile,CONCEPT-SET,3629
3e705e09-3741-4656-93c3-2c983267d171,,Medical Supply Items,Bandage jersey tubular-6cmx4m,CONCEPT-SET,3630
594da0f3-b362-4c5e-b4f0-6c545a11248b,,Medical Supply Items,Disposable Syringe Without Needle-60ml,CONCEPT-SET,3631
541153c1-5b6b-4df7-a2c1-d8783daff023,,Medical Supply Items,Hypodermic Needle-19G,CONCEPT-SET,3632
deb81541-cd07-45e7-bdb9-35a23deb550b,,Medical Supply Items,Bandage Extensible Non Adhesive-6cmx4m,CONCEPT-SET,3633
d0b3f630-05b2-4359-8f14-cf8d219fb143,,Medical Supply Items,Blood Collecting  Bag CPDA1 Anticoagulant Single-1000ml,CONCEPT-SET,3634
dc04e8dc-13d1-4bbc-a084-f9b0742f94d6,,Medical Supply Items,Mucus Extractor-Different Size,CONCEPT-SET,3635
01466138-6fad-441b-a8ee-3c85ef630b84,,Medical Supply Items,Bandage jersey tubular-15cm X 25m,CONCEPT-SET,3636
2c0171af-b1b2-4601-9ad5-c5a9e9206386,,Medical Supply Items,Blood Collecting  Bag CPDA1 Anticoagulant Single-500ml,CONCEPT-SET,3637
a428ff1b-9939-4ffe-af0a-66c9189bde19,,Medical Supply Items,Glove Kichen-Different Size,CONCEPT-SET,3638
5d0f2416-0a6a-47b3-b48e-6aa9c236361e,,Medical Supply Items,"Insulin Delivery Device-100units/ml, 3ml",CONCEPT-SET,3639
394be12e-80b9-46c6-bf9d-cecd0af42320,,Medical Supply Items,Syringe(AD) -0.3ml,CONCEPT-SET,3640
992d07e0-2522-49e7-86b3-e0477673632e,,Medical Supply Items,Plaster Of Paris (P.O.P) -20cm x 2.7m,CONCEPT-SET,3641
a95f6d98-a2d5-4640-b5e4-df6160b477bc,,Medical Supply Items,Blood Collecting  Bag CPDA1 Anticoagulant Single-150ml,CONCEPT-SET,3642
d3da55cb-7f3c-4a4d-bea1-a3298f109ffa,,Medical Supply Items,Infusion Giving Set-Pediatric,CONCEPT-SET,3643
977a57d9-1de9-4842-aace-a752effd0971,,Medical Supply Items,Adhesive Plaster Zinc Oxide-2.5cm x 5m,CONCEPT-SET,3644
7f5e0e66-1633-4b5d-8daf-a129ae4f7fb5,,Medical Supply Items,Tracheostomy Tube-Plastic With 90 Degree Curvature Size 6,CONCEPT-SET,3645
3fe607c2-8496-41c6-907d-eb9bad06bc68,,Medical Supply Items,Tracheostomy Tube-Plastic With 90 Degree Curvature Size 5.5,CONCEPT-SET,3646
8646fc4b-0900-45ae-b3e1-05d24746f330,,Medical Supply Items,Tracheostomy Tube-Plastic With 90 Degree Curvature Size 4.5,CONCEPT-SET,3647
34c9d9ee-87aa-421c-b7f1-61c58820b0e5,,Medical Supply Items,"Absorbent pad with plastic Backing (Blue diapers),-, 17x24 inches, 250/cases/5/pack",CONCEPT-SET,3648
3d8f9f91-af9f-45a8-85c8-7d70b3ce9d10,,Medical Supply Items,Alinity i - Pipettor probes,CONCEPT-SET,3649
1da15f54-a0bd-426c-b08a-0524cdf3443c,,Medical Supply Items,"Bed Sheet-289x178cm , Washable",CONCEPT-SET,3650
0051985b-8e79-451f-b7f8-d736cc51da84,,Medical Supply Items,"Polyglycolic acid absorbable braided violet-Size 3, 27mm KS reverse cutting",CONCEPT-SET,3651
e2831f14-88a0-4593-9770-17ee9a53971b,,Medical Supply Items,COBAS Omni 6800/8800 - Secondary Tube,CONCEPT-SET,3652
0c365338-33b8-49a8-9226-64b25748c1fe,,Medical Supply Items,"Polyglycolic acid absorbable braided violet-Size 4, 18mm Ps-3 cutting",CONCEPT-SET,3653
d399c639-6962-4a13-8912-b58597d7174b,,Medical Supply Items,"Polyglycolic acid absorbable braided violet-Size 3, 18mm RB-1 Taper",CONCEPT-SET,3654
de859507-1c23-4f06-b55a-4860dcd62e84,,Medical Supply Items,"Polyglycolic acid absorbable braided violet-Size 4, 18mm RB-1 Taper",CONCEPT-SET,3655
758584f9-d8e3-4238-a670-3baf49f57a4c,,Medical Supply Items,"Polyglycolic acid absorbable braided violet-Size 3, 27mm CT-3 cutting",CONCEPT-SET,3656
17220a82-c258-4479-bc66-65dfbd6a6ca0,,Medical Supply Items,"Polyglycolic acid absorbable braided violet-Size 4, 27mm Ps-1 cutting",CONCEPT-SET,3657
4191a50c-1ce7-4d86-ad73-ae5a74752a7e,,Medical Supply Items,"Polyglycolic acid absorbable braided violet-Size 3, 18mm PS-2",CONCEPT-SET,3658
554a738c-2203-46a3-9d5f-95939645f5df,,Medical Supply Items,FACS presto - Thermal paper Roll-6cm x 12m,CONCEPT-SET,3659
272f77db-5910-4336-9b2f-497e9cc2f92b,,Medical Supply Items,"Polyglycolic acid absorbable braided violet-Size 0, 0.8x18mm CT-2 Taper",CONCEPT-SET,3660
2d922fe5-a07b-4ad2-bf41-da4ff4d22fad,,Medical Supply Items,Syringe(AD) -0.3ml with 23G,CONCEPT-SET,3661
78e1edbe-bc18-4f16-8ef1-7c5373f65a46,,Medical Supply Items,CVP line kit-Size 7Fr,CONCEPT-SET,3662
88180d9f-c66b-41d5-9a60-d0b41b0ea83e,,Medical Supply Items,St.Jude master Aortic Mechanical heart valve with standard cuff-Size 29mm,CONCEPT-SET,3663
08ff51d5-a3ca-4551-9913-e95116ac3814,,Medical Supply Items,"Prolene Double arm-round needle 5/0, 90cm on 17mm",CONCEPT-SET,3664
5dc9d00b-0320-496d-8ff9-0bb37c38bf58,,Medical Supply Items,St.Jude master Aortic Mechanical heart valve with standard cuff-Size 31mm,CONCEPT-SET,3665
4027283d-bc0a-4a26-af15-a4b4ed3f18fd,,Medical Supply Items,St.Jude master Aortic Mechanical heart valve with standard cuff-Size 27mm,CONCEPT-SET,3666
1ef5a033-1a4d-473f-956e-55344bb1c5c9,,Medical Supply Items,St.Jude master Aortic Mechanical heart valve with standard cuff-Size 23mm,CONCEPT-SET,3667
fdf86de6-bb96-4026-9cc8-2f84bb7cda3a,,Medical Supply Items,"Prolene Double arm-round needle 4/0, 90cm on 17mm",CONCEPT-SET,3668
cf70a025-cb8a-45f6-8a97-d432634dce5a,,Medical Supply Items,St.Jude master Aortic Mechanical heart valve with standard cuff-Size 21mm,CONCEPT-SET,3669
9ae41260-0a32-483d-90af-8fcdcae249ec,,Medical Supply Items,"Prolene Double arm-round needle 4/0, 90cm on 26mm",CONCEPT-SET,3670
22b5fb26-61ce-43b2-b2c5-059873c7ea0d,,Medical Supply Items,St.Jude master Aortic Mechanical heart valve with standard cuff-Size 25mm,CONCEPT-SET,3671
289cc09f-df18-4028-bbb7-d0ab8f3eeb46,,Medical Supply Items,"Prolene Double arm-round needle 4/0, 90cm on 22mm",CONCEPT-SET,3672
067d0a28-fb11-468d-9131-3a3e3418f03d,,Medical Supply Items,St.Jude master Aortic Mechanical heart valve with standard cuff-Size 19mm,CONCEPT-SET,3673
13985a02-0677-498b-b84b-ff42b5d868a3,,Medical Supply Items,"Prolene Double arm-round needle 5/0, 75cm on 13mm",CONCEPT-SET,3674
d377c9da-870b-46de-bc0e-b8ec3af455e9,,Medical Supply Items,"Gown - Isolation-Non woven, Disposable extra large",CONCEPT-SET,3675
e920a863-e0a4-463b-a1ef-e368cdd878d3,,Medical Supply Items,Centrifuge-Secondary Tube 5 ml 13x75mm,CONCEPT-SET,3676
9554cbdf-3fb5-4db4-b947-914d6f76c73f,,Medical Supply Items,"Gown - Isolation-Non woven, Disposable large",CONCEPT-SET,3677
767c31ac-afee-42a3-9f5c-afa831ce3d91,,Medical Supply Items,Cryogenic Vial-of 50 pcs,CONCEPT-SET,3678
04cd687c-10a3-4025-828c-7605794d0923,,Medical Supply Items,Umblical Cord Tie/Cotton Tape-6mm x 24.5m,CONCEPT-SET,3679
4d4517dc-3220-4d0d-a5bd-a7569b69a524,,Medical Supply Items,Syringe Insulin (Disposable)-1ml on 4mm with Fixed Needle 32G,CONCEPT-SET,3680
54ebebe3-2ef7-4a12-9018-2aafcc82bcdf,,Medical Supply Items,Catheter Ureteral-12CH,CONCEPT-SET,3681
84049500-be68-4a68-bcae-9536d2a29db5,,Medical Supply Items,Test Tube-Plastic 12x75mm round bottom sterile with snap cap,CONCEPT-SET,3682
b386378f-5192-430b-8883-7898e77b94c2,,Medical Supply Items,"Gown - Isolation - Non woven, Disposable, Medium",CONCEPT-SET,3683
d8192090-1327-4aa2-a781-5048ff657154,,Medical Supply Items,Syringe(AD) -0.05ml with Needle 27G,CONCEPT-SET,3684
9f718856-2b81-431f-91ce-9a874ff2b105,,Medical Supply Items,Gown - Isolation-130cmx150cm,CONCEPT-SET,3685
8990a71d-40a6-43b4-baf1-d7019233a0f6,,Medical Supply Items,Gown - Isolation-120cmx140cm,CONCEPT-SET,3686
f8f758f0-175b-4eaf-8116-cc654695e025,,Medical Supply Items,Tracheostomy Tube-Plastic With 90 Degree Curvature Size 4,CONCEPT-SET,3687
e9a2e120-8289-4a2c-a206-6a4d6db30692,,Medical Supply Items,Mosquito Bednet-180cm x 190cm x 150cm (LxWxH),CONCEPT-SET,3688
b9322f06-5aa1-4a5a-b729-d8886ebc54a2,,Medical Supply Items,Mosquito Bednet-180cm x 190cm x 160cm (LxWxH),CONCEPT-SET,3689
c2d247a3-a06e-4ab9-a789-46a5dd1304dd,,Medical Supply Items,Dental Wire-22CH,CONCEPT-SET,3690
cf886016-54cb-4e46-a022-75d6199d7d46,,Medical Supply Items,Mosquito Bednet-190cm x 180cm x 180cm (LxWxH),CONCEPT-SET,3691
8626b2b3-67fa-4eb8-9361-e4f17ac3abd9,,Medical Supply Items,Mosquito Bednet-190x180x170 cm (LxWxH),CONCEPT-SET,3692
c0126713-eaad-4e0e-b62c-b81ab5a47b4f,,Medical Supply Items,Plastic droper-Non sterile size hold 7ml of liquid with graduated marking in 0.5ml increments,CONCEPT-SET,3693
da03d62c-b0e3-4661-9485-9a1eca2263b7,,Medical Supply Items,Tubular bandage-2m,CONCEPT-SET,3694
d03c582f-4574-40e4-924c-20ee8545949d,,Medical Supply Items,"Polysulfone filter-Surface area 1.8, low flux m2 gamma sterilization",CONCEPT-SET,3695
f489ae06-d07e-446e-aee0-5a394ff2739b,,Medical Supply Items,Surgical Scalpel Blade -No. 18,CONCEPT-SET,3696
6b642fd0-e1b3-433c-9916-ee5577a36aa1,,Medical Supply Items,"Polysulfone filter-Surface area 1.6, low flux m2 gamma sterilization",CONCEPT-SET,3697
f809b20c-87b0-4ea4-ab8d-52cb3e14b625,,Medical Supply Items,"Hemodialysis catheter (non-tunneled)-12Fr, 15cm length",CONCEPT-SET,3698
4205b76a-d611-4388-a715-2bf552b56d74,,Medical Supply Items,"Kidney biopsy needle-18G,20cm length",CONCEPT-SET,3699
1e274e4c-1f7c-468a-8487-6773797563e3,,Medical Supply Items,"Kidney biopsy needle-16G,20cm length",CONCEPT-SET,3700
53c80de2-0120-4ae6-99a1-143e5941da0a,,Medical Supply Items,"Polysulfone filter-Surface area 1.0, low flux m2 gamma sterilization",CONCEPT-SET,3701
e51db562-eb3d-45aa-b0f5-37d754a3729a,,Medical Supply Items,"Hemodialysis catheter tunneled cuffed, cuff top tip-23 cm length",CONCEPT-SET,3702
05ec6d89-b742-4352-a158-9a1eeabaa921,,Medical Supply Items,"Hemodialysis catheter (non-tunneled)-12Fr, 20cm length",CONCEPT-SET,3703
b61acc9c-3f10-4f5e-b3a2-ff7b7cc3ff11,,Medical Supply Items,Syringe(AD) -2ml with Needle 23G,CONCEPT-SET,3704
11e465b3-3faa-4751-b042-315ec46c1082,,Medical Supply Items,K-wire-2.5mm Diameter with 25cm length,CONCEPT-SET,3705
bccacaad-6664-4653-9f6a-a567e499f345,,Medical Supply Items,K-wire-1.8mm Diameter with 25cm length,CONCEPT-SET,3706
437da5be-bc2a-4a3a-b10b-fafc196b3947,,Medical Supply Items,Polypropylene homo polymer sheet-3mm olive,CONCEPT-SET,3707
6501dca8-7f09-4f11-8250-b4a09fbe002f,,Medical Supply Items,Polypropylene homo polymer sheet-5mm olive,CONCEPT-SET,3708
040615f4-90d9-4847-b4ab-e80a401b717a,,Medical Supply Items,Polypropylene homo polymer sheet-4mm olive,CONCEPT-SET,3709
ff828812-6b63-41a5-920e-0f3d194a44ce,,Medical Supply Items,Mosquito Bed Net (LLIN)-180cm x 160cm x 150cm (LxWxH),CONCEPT-SET,3710
31b549fb-e8b7-4f76-9b34-fc17462c6703,,Medical Supply Items,Lab Wipe-30 X 35cm,CONCEPT-SET,3711
c4e059a9-f0a2-49c4-bada-854f883be33b,,Medical Supply Items,Adhesive Tape-10cm x 5m,CONCEPT-SET,3712
9fe21a91-cd1f-4111-b71e-7b510574f3ec,,Medical Supply Items,"Centrifuge-Secondary Tube 5 ml 13x75mm,With cap",CONCEPT-SET,3713
19f81685-8138-4c01-b34e-69b02f5cbc70,,Medical Supply Items,Paster Transfer Pipet-3-4ml sterile individual wrapped,CONCEPT-SET,3714
96e03aed-b888-4c49-a86f-65c8704d91bf,,Medical Supply Items,Level 2 Gown with velcro knit cuff-X Large,CONCEPT-SET,3715
81ba61b3-b7f8-4d78-99c1-77ea97981862,,Medical Supply Items,Level 2 Gown with tie back and elastic cuff-X Large,CONCEPT-SET,3716
e51edc9c-8b52-48e6-8f17-7afbdc9756d9,,Medical Supply Items,Level 3 Gown white cuff-large,CONCEPT-SET,3717
e749a16b-12a6-4691-823b-975b0670f785,,Medical Supply Items,St. Jude masters series mitral Mechanical  heart Valve standard cuff-Size 29mm,CONCEPT-SET,3718
e057d769-6ccc-4c2d-8938-29eb7869e189,,Medical Supply Items,Level 2 Gown with tie back and elastic cuff-large,CONCEPT-SET,3719
661ede45-e632-4ff1-acac-ae8f5b3958f3,,Medical Supply Items,St. Jude masters series mitral Mechanical  heart Valve standard cuff-Size 27mm,CONCEPT-SET,3720
cc713a61-5123-40fd-bd60-694ae5e6a758,,Medical Supply Items,Level 2 Gown with velcro knit cuff-large,CONCEPT-SET,3721
5d5020c7-f138-49ef-a438-1efc761c0be6,,Medical Supply Items,St. Jude masters series mitral Mechanical  heart Valve standard cuff-Size 31mm,CONCEPT-SET,3722
757ef353-66db-41fc-bc0f-19674aeb3783,,Medical Supply Items,Level 3 Gown white cuff-X Large,CONCEPT-SET,3723
7b632ec0-5390-42a8-be4d-00b52f12f169,,Medical Supply Items,St. Jude masters series mitral Mechanical  heart Valve standard cuff-Size 25mm,CONCEPT-SET,3724
4b069050-ea3f-47a3-857f-16dbcf91d5c8,,Medical Supply Items,Wire Splint-Hand,CONCEPT-SET,3725
8ca7c17a-1f47-4bc0-8d17-b912e031089d,,Medical Supply Items,Wire Splint-Leg,CONCEPT-SET,3726
e6fae9ad-44fd-485e-beb6-022b1d4301f6,,Medical Supply Items,Vacutainer needle-20G,CONCEPT-SET,3727
cef6e9d1-8d07-4914-b808-1688460973e4,,Medical Supply Items,Vacutainer serum separator tube-with red top 3.5ml,CONCEPT-SET,3728
d02c69f8-0810-427d-b794-53c144ee0443,,Medical Supply Items,Catheter Ureteral-16CH,CONCEPT-SET,3729
d1862558-22b9-4ef8-820c-c2d0d465fd4d,,Medical Supply Items,Laboratory Supplies - Urine cup plastic 40ml capacity,CONCEPT-SET,3730
0b3a4e4d-272b-431b-b6ba-aa8bc04aa667,,Medical Supply Items,"Laboratory Supplies -  Microscope Lens cleaning solution, non flammable: 2 oz",CONCEPT-SET,3731
82afb967-af61-488c-83fc-d7a8e6466945,,Medical Supply Items,Brown glass bottle-500ml,CONCEPT-SET,3732
74438f94-bfc4-4342-b44b-908378a963e2,,Medical Supply Items,Laboratory Supplies - Microscope Lens cleaning tissue paper lint free:  4x6 inch W(10.1x15.2 cm) sheets per book,CONCEPT-SET,3733
680b0928-912a-4bcb-9998-ecce8ed4707d,,Medical Supply Items,"Laboratory Supplies - Stool Specimen Container disposable, polypropylene, with Cover",CONCEPT-SET,3734
a3b23293-cdbe-4109-bf35-b614a08fd456,,Medical Supply Items,Microscope Slide-Frosted 75mmx25mm x 1mm thick,CONCEPT-SET,3735
8978a072-587e-4a88-9228-f991d3e7eec3,,Medical Supply Items,Gauze Dressing-2 In x 2 In,CONCEPT-SET,3736
d6e1b69c-9de8-4a78-b483-e59e083cd660,,Medical Supply Items,"Laboratory Supplies - Conical test tube , Graduated 10ml, plastic",CONCEPT-SET,3737
1d291cac-0b05-4c44-97e2-b1504c981bda,,Medical Supply Items,Autoclave Indicator  Tape-1.9cm x 5m,CONCEPT-SET,3738
25d248bf-2453-4b09-aee9-72acbd54b3e8,,Medical Supply Items,Gauze Bandage-8cm x 4m,CONCEPT-SET,3739
39f819c7-2b07-4529-a654-d6e7351dc7cb,,Medical Supply Items,Polyamide Monofilament - Gauge 0.2(10/0) 38cm on 6mm 3/8 Circle Spatula Single Armed Needle,CONCEPT-SET,3740
48820a32-9bec-456f-bd57-ec949047b2c4,,Medical Supply Items,Pump Breast Manual Plastic-30ml,CONCEPT-SET,3741
b6b4d42c-7c23-4725-9f1f-29f2f966f481,,Medical Supply Items,Adhesive Plaster Zinc Oxide-2.5 cm x 5 m,CONCEPT-SET,3742
ae8274bb-4e5f-41ca-8a41-06a49bed5724,,Medical Supply Items,Colostomy Bag Adhesive Regulator Closed - 25cmx14cm 30mm Opening Pediatric,CONCEPT-SET,3743
aab6995b-671f-47dd-9860-2dc126f0a943,,Medical Supply Items,Laboratory - disposable plastic citrated ESR graduated pipette tube-total length of 200mm and graduation from 0-150mm increment of 1mm,CONCEPT-SET,3744
ce0e111a-75b5-47d0-82a6-36a13d6f36ce,,Medical Supply Items,PPIUCD - Postpartum CU T 380 A IUD,CONCEPT-SET,3745
bef4c331-8d2a-4d20-9d03-ff66fb74550f,,Medical Supply Items,Nelaton Catheter-4CH,CONCEPT-SET,3746
ae79c08d-3a51-4cd3-a524-e1065e2fc03d,,Medical Supply Items,First Responder Backpack 50 L TRM-27,CONCEPT-SET,3747
29d286ea-10f3-4a5d-8ba9-3cc784442e87,,Medical Supply Items,"Test Tube Plug, Non-Sterile, for Centrifuge Tube 5",CONCEPT-SET,3748
b05e1b08-7f60-4ec0-8a88-0203ec6398a4,,Medical Supply Items,Mersilk Braided Black-Gauge 2.0(3/0) 75cm on 26mm 1/2 Circle Cutting Needle,CONCEPT-SET,3749
6e095788-5de1-41c1-8a96-7e53022e1c86,,Medical Supply Items,Insertion/removal accessories for implanol -For 50 insertion/removal procedures,CONCEPT-SET,3750
c0f52025-e99b-45e5-8931-56510909ec02,,Medical Supply Items,Mersilk Braided Black-Gauge 3.0(2/0) 75cm on 33mm 1/2 Circle Cutting Needle,CONCEPT-SET,3751
705e1c82-7d6c-48c4-a326-59b45c5cefc1,,Medical Supply Items,"Paster Transfer Pipet-Disposable, 40 ul, Plastic,",CONCEPT-SET,3752
0e136097-fe13-4ad0-ba5e-57c48dc58620,,Medical Supply Items,"Prolene Double arm round needle-8/0, 90cm on 17mm",CONCEPT-SET,3753
16531fba-4a88-4881-8fef-6ef762d30ed5,,Medical Supply Items,Hernia-Mesh 11cm x 6cm,CONCEPT-SET,3754
358ed84e-d97e-4518-8e77-d97cb7b583a0,,Medical Supply Items,Surgical Gown-small,CONCEPT-SET,3755
b288df08-00a0-4d72-a6fb-9ab2236bb383,,Medical Supply Items,Plastic droper-Non sterile 5ml graduated mark with  holding size 7ml of liquid with graduated marking in 0.5ml increments,CONCEPT-SET,3756
811e9ee7-044b-437f-b6c2-a08c3f234d2e,,Medical Supply Items,Tracheostomy Tube-2.0 mm with 90 curvature armoured with low Pressure Cuff Universal inflation fun...,CONCEPT-SET,3757
0d008fcf-a124-43ee-9e3b-f58dc355f3e5,,Medical Supply Items,Surgical Gown-Medium,CONCEPT-SET,3758
fba8f59e-a514-4f05-b891-fff2dda509ff,,Medical Supply Items,oxygen Nasal cannula(prong) - Neonatal,CONCEPT-SET,3759
73febd4d-6289-4203-8d4c-28875c7215f3,,Medical Supply Items,"Prolene Double arm round needle-10/0, 90cm on 17mm",CONCEPT-SET,3760
209ab866-b174-4c92-9bf2-831a50059bda,,Medical Supply Items,Hernia-Mesh 15cm x 15cm,CONCEPT-SET,3761
cb830327-d61f-4315-bc12-914b7b215119,,Medical Supply Items,"Prolene Double arm round needle-9/0, 90cm on 17mm",CONCEPT-SET,3762
bc723127-c787-444b-90cb-823f2dd50989,,Medical Supply Items,Mask-Of N95,CONCEPT-SET,3763
3bb7238c-8c23-4c37-8597-e1a834a39cac,,Medical Supply Items,Naso Gastric Tube Sterile Adult-18CH,CONCEPT-SET,3764
d2416463-6984-4b42-b7c2-a193890262f1,,Medical Supply Items,Naso Gastric Tube Sterile Infant-8CH,CONCEPT-SET,3765
3281362e-dde0-4ad8-9a99-ba04a677b81a,,Medical Supply Items,Naso Gastric Tube Sterile Infant-4CH,CONCEPT-SET,3766
8c6274aa-a7b2-43a9-a237-049601eb7cfb,,Medical Supply Items,Naso Gastric Tube Sterile Infant-6CH,CONCEPT-SET,3767
8209d71e-02f3-482c-8086-f2f0ffab55bd,,Medical Supply Items,Naso Gastric Tube Sterile Adult-16CH,CONCEPT-SET,3768
62f879ac-c762-4385-82b7-b1d5f800f533,,Medical Supply Items,Pump Breast-Manual Plastic 30ml,CONCEPT-SET,3769
808fe326-f537-461e-a85b-fa04738bcbec,,Medical Supply Items,"Google-indirect vent,wraparound lens,opticalclass",CONCEPT-SET,3770
a0fcf87e-4375-43ae-bab7-912d9202fc73,,Medical Supply Items,Anti-theft lock,CONCEPT-SET,3771
b7510a6c-f0b8-4153-88c2-767760d1ce2c,,Medical Supply Items,Plastic Dropper Non - sterile Graduated up to 5ml,CONCEPT-SET,3772
91b44b97-a89f-4591-926f-9ae70774bf13,,Medical Supply Items,Catheter Folley- silconized latex 5-15ml balloon sterile three ways size 14CH,CONCEPT-SET,3773
cdc39832-6ecc-4a12-8aa0-4b89e86e3420,,Medical Supply Items,Cotton Absorbant-100gm,CONCEPT-SET,3774
504c9753-af2e-4945-bb15-6775e08de2a0,,Medical Supply Items,DxC 700 AU/ Unicel DxI 800 - Cuvette - 5x5mm,CONCEPT-SET,3775
