Uuid,Void/Retire,Same as mappings,Fully specified name:en,Short name:en,Description:en,Data class,Data type,Answers,Members,_version:15,_order:1
0041f9d1-20e5-43f8-a9ee-43a0aa297d5c,,,IV,,Answer option denoting grade IV severity on the grading scale applied during neurovascular foot examination.,Finding,N/A,,,1,1
007155ea-ad0e-40ee-bb7c-9b0cb912755e,,,Oxygen Saturation (%),,"Numeric value of the patient's peripheral oxygen saturation, expressed as a percentage, measured by pulse oximetry.",Question,Numeric,,,1,1
00aab2a8-39a0-4d5b-9bc0-110904a24457,,,2 hours after Dinner,,"Answer option denoting that a measurement, typically blood glucose, was taken two hours after the evening meal.",Finding,N/A,,,1,1
012fad59-0be6-4472-815a-f0dd3c70f7ac,,,Diagnosis,,"Records the clinician's final diagnosis for the encounter, selected from the coded diagnosis dictionary.",Question,Coded,,,1,1
01e7c3ec-440f-4abf-9a3c-2cf851038b17,,,Conflict resolution,,Answer option denoting conflict resolution as a planned or delivered intervention in the patient's care plan.,Finding,N/A,,,1,1
01f37406-40a8-4a9e-9901-03649fa361eb,,,Group Therapy,,Answer option denoting group therapy as a treatment modality planned or provided for the patient.,Finding,N/A,,,1,1
02187b0e-a4e4-49aa-8043-fdca00c3bc65,,,Heart Rate,,"Numeric value of the patient's heart rate in beats per minute, recorded during vital sign monitoring.",Question,Numeric,,,1,1
021d7ff2-db7e-416f-8b88-a20fc2340cbf,,,Crisis Counseling,,Answer option denoting crisis counseling as an intervention planned or delivered in the patient's care plan.,Finding,N/A,,,1,1
0289ede1-072d-46dd-bf73-fcd960a31efe,,,Identified Goals,,Answer option denoting that treatment goals have been identified with or for the patient during care planning.,Finding,N/A,,,1,1
02b03370-c4da-4591-9910-b55a9e37d808,,,High (risk level),,"Answer option denoting that the assessed risk level is high, indicating need for closer monitoring or urgent intervention.",Finding,N/A,,,1,1
02c29949-9d84-4468-930c-d47d5e534cc6,,,Mild Impairment,,Answer option denoting mild impairment of the assessed function or domain.,Finding,N/A,,,1,1
02ea8df7-5bb5-41a8-b89b-fa32711606c9,,,Increase Participation Support,,Answer option denoting a plan to increase support for the patient's participation in activities or therapy.,Finding,N/A,,,1,1
041ef669-a0ea-40b9-a375-a44bf67bff12,,,Motivation for recovery,,Answer option denoting the patient's motivation for recovery as an assessed strength or focus of treatment.,Finding,N/A,,,1,1
047b7b4b-bd8f-45df-a6c3-d2bb26d86104,,,Financial functioning,,Answer option denoting the patient's financial functioning as an assessed domain of psychosocial status.,Finding,N/A,,,1,1
0480fa63-b6c2-4230-953c-55eb9c093cd8,,,Number of Feedings Administered,,Numeric value of the count of feedings given to the patient or infant during the documented period.,Question,Numeric,,,1,1
0497ba5a-8463-4b23-b5aa-120903ad4e11,,,Partially Reliable,,Answer option denoting that the history source or informant is judged only partially reliable.,Finding,N/A,,,1,1
04a9e8d5-9ec0-4371-8a78-ea3f015a102c,,,Thought (Form and Content),,Free-text record of the patient's thought form and content findings from the mental status examination.,Question,Text,,,1,1
04fb586f-8342-450c-8b0d-90c4bf1ff9ae,,,Family History,,"Free-text record of relevant illnesses and conditions in the patient's family, noted during history taking.",Question,Text,,,1,1
051720eb-0034-430d-b619-e93f1df90901,,,Once,,"Answer option denoting a frequency of once only for an ordered treatment, medication, or nursing task.",Finding,N/A,,,1,1
0533ee37-a0b1-4cb1-9707-d054d2ee76b6,,,Indication for Instrumental Delivery,Indication for Instrumental Deliver,Free-text record of the clinical indication justifying instrumental (vacuum or forceps) delivery.,Question,Text,,,1,1
053b4d95-c66b-4772-a094-8b43bc9d4123,,,Irritable (observed mood),,Answer option denoting that the patient's observed mood during the encounter is irritable.,Finding,N/A,,,1,1
0549d740-18b5-4678-829f-6a9a1a06a6f8,,,Occupational functioning,,Answer option denoting the patient's occupational functioning as an assessed domain of psychosocial status.,Finding,N/A,,,1,1
05c08765-c45c-4f8b-b431-b5f5e67c3d40,,,"Bath / Skin care given and recorded (Moist, clean skin and lips)",Bath / Skin care given and recorded,"Answer option denoting that bathing and skin care were given and documented, with skin and lips moist and clean.",Finding,N/A,,,1,1
069d2899-a149-4767-b41f-3f23d796ad2a,,,QD,,"Answer option denoting a once-daily (QD) frequency for an ordered treatment, medication, or nursing task.",Finding,N/A,,,1,1
06ba03db-a4b8-4777-a270-dc9804091db6,,,Gestational Age at Delivery (weeks),,Numeric value of the gestational age in completed weeks at the time of delivery.,Question,Numeric,,,1,1
06d981e4-ae28-40d7-ba37-ad4cd788e58d,,,Saline,,Answer option denoting saline as the fluid or solution used in the patient's treatment.,Finding,N/A,,,1,1
06dd147d-2afa-4a55-a8aa-8f52a1fe69fc,,,Cyanosis relieved by oxygen,,"Answer option denoting cyanosis that improves with oxygen administration, suggesting a respiratory rather than cardiac cause.",Finding,N/A,,,1,1
07de20cc-6ac2-4c11-a2af-b63b960f27e4,,,Sample collection / Blood draw,,Answer option denoting that specimen collection or blood draw was performed as a care activity.,Finding,N/A,,,1,1
0808d009-2b17-4769-bb3c-df060417e872,,,Intense suicidal thoughts/plans with high intent requiring close observation,Intense suicidal thoughts/plans wit,"Answer option denoting intense suicidal ideation or plans with high intent, requiring close observation of the patient.",Finding,N/A,,,1,1
089773bf-4080-4ecf-ae02-ce11dfa444cc,,,Bag-Valve-Mask (PPV),,Answer option denoting oxygen delivered by bag-valve-mask with positive pressure ventilation.,Finding,N/A,,,1,1
0948f769-a5c7-4fba-a3e6-9676dcbf2f48,,,Medical History,,Free-text record of the patient's past and current medical conditions relevant to the present care episode.,Question,Text,,,1,1
099f5cf0-9c82-4f75-91f5-ea92012e0af9,,,Masters,,Answer option denoting a master's degree as the patient's highest level of education attained.,Finding,N/A,,,1,1
09f8c67f-9569-4cf1-bc74-ff81c9cee765,,,Tangential,,"Answer option denoting tangential thought process, in which responses drift from the topic without returning, on mental status examination.",Finding,N/A,,,1,1
0a23beb4-67c5-45ea-b1f2-6306e3037840,,,Oral Penicillin V (Daily),,Answer option denoting daily oral penicillin V as the prescribed prophylactic or treatment regimen.,Finding,N/A,,,1,1
0a65e846-7815-43f4-b768-d645f39a65be,,,Follow-up Appointment Date,,Date when the patient is scheduled to return for follow-up review.,Question,Date,,,1,1
0a896e28-f6f9-43d1-951e-6b54c92ce89a,,,Family Declined,,"Answer option denoting that the patient's family declined the proposed intervention, service, or procedure.",Finding,N/A,,,1,1
0ad94662-9ba0-4094-a5a1-c2c7e802f548,,,Specify Source of History,,"Free-text record identifying the person or source providing the clinical history, such as the patient, a relative, or records.",Question,Text,,,1,1
0b584147-1523-489f-8ae7-69b0f47be9cf,,,Seeking meaning,,"Answer option denoting that the patient is seeking meaning or purpose, noted as a spiritual or psychosocial finding.",Finding,N/A,,,1,1
0bdd6db9-5769-4ddb-a716-070dac4f263a,,,Unreliable,,Answer option denoting that the history source or informant is judged unreliable.,Finding,N/A,,,1,1
0c5ec4fa-f41a-4a6d-bd07-969872b69165,,,SpO2,,Numeric value of the patient's peripheral oxygen saturation (SpO2) percentage measured by pulse oximetry.,Question,Numeric,,,1,1
0cf2541b-a589-4a3d-8f6d-9ce0536cf2ef,,,Medically Unsuitable,,Answer option denoting that the patient is medically unsuitable for the proposed procedure or intervention.,Finding,N/A,,,1,1
0cfc45f2-c676-4c57-a510-bd934ea3eee7,,,Urinalysis Results,,"Free-text record of the patient's urinalysis findings, such as protein, glucose, or microscopy results.",Question,Text,,,1,1
0d4b1526-fcb8-4ae6-9541-2affa8529022,,,Number of Diaper / Wet Cloth Changes,Number of Diaper / Wet Cloth Change,"Numeric value of the count of diaper or wet cloth changes during the documented period, reflecting infant urine output.",Question,Numeric,,,1,1
0dc72c7e-235e-4542-9154-0a4b2aeb0857,,,Lethargic,,Answer option denoting a lethargic level of consciousness on assessment of mental status.,Finding,N/A,,,1,1
0dd34d26-3166-4af0-ba16-bdbc0b323d1d,,,Job Coaching,,Answer option denoting job coaching as a rehabilitative intervention planned or delivered in the care plan.,Finding,N/A,,,1,1
0dfbbf5c-02cb-48cb-ba3b-780210a0dc42,,,Motivational interviewing (intervention),,Answer option denoting that motivational interviewing was provided as an intervention during the encounter.,Finding,N/A,,,1,1
0e07473f-8cb1-459d-a854-130d8b50ec0d,,,Renal Function Test (RFT),,"Free-text record of the patient's renal function test results, such as creatinine and urea values.",Question,Text,,,1,1
0e3a44df-2b8b-4d9b-9e89-40a47644760f,,,System Auto-Classification,,Free-text record of the classification assigned automatically by the system for the assessed case.,Question,Text,,,1,1
0e9cb32a-a012-49b5-b31e-11a87262c8f5,,,"Affect, narrative description",,Free-text record of the clinician's narrative description of the patient's observed affect on mental status examination.,Question,Text,,,1,1
0ebc96f5-fbbf-45c9-b2d1-a5c9aeab59b1,,,Reason for Failed Instrumental Delivery,Reason for Failed Instrumental Deli,Free-text record of the reason an attempted instrumental (vacuum or forceps) delivery failed.,Question,Text,,,1,1
0f09da40-837b-4797-b405-38cbc44a19d2,,,Thought Process (text),,"Free-text record of the clinician's observations of the patient's thought process, such as organization, coherence, and goal-directedness.",Question,Text,,,1,1
0f66086a-d1ba-448d-8c47-47a32343deb3,,,Technical/Vocational,,Answer option denoting technical or vocational training as the patient's highest level of education attained.,Finding,N/A,,,1,1
112cb702-94e3-48f8-bea7-bb69728fa339,,,+3,,"Answer option denoting ASA physical status class III, a patient with severe systemic disease, on anesthesia risk classification.",Finding,N/A,,,1,1
1145e8f4-17a4-43af-a28a-94399aef3c0b,,,Blood Pressure (Systolic),,"Numeric value of the patient's systolic blood pressure, typically in mmHg.",Question,Numeric,,,1,1
11659bd4-d901-4b12-91ff-b841e168b197,,,Formula feeding exclusively,,"Answer option denoting that the infant is fed exclusively with formula, with no breast milk.",Finding,N/A,,,1,1
11a8ab8b-3617-493e-acfb-00cd9b3a9356,,,Presenting Symptoms,,Free-text record of the symptoms with which the patient presented at this encounter.,Question,Text,,,1,1
11b71304-69bd-4d14-a48e-eadb71dbe35a,,,Pressured,,"Answer option denoting pressured speech, rapid and difficult to interrupt, on mental status examination.",Finding,N/A,,,1,1
11c8283b-ed42-4635-90d4-8a4ae3ee3f37,,,Every otherday,,"Answer option denoting an every-other-day frequency for an ordered treatment, medication, or nursing task.",Finding,N/A,,,1,1
11f7f807-b654-4e75-a779-5c672048137f,,,Aggression risk,,Answer option denoting an identified risk of aggression toward others on psychiatric risk assessment.,Finding,N/A,,,1,1
1241a7b5-0187-43ef-8a52-b52ee91f7c1f,,,Male (infant sex),,Answer option denoting that the infant's sex is male.,Finding,N/A,,,1,1
12fc6438-0057-4c3f-bab2-c3f0808c6835,,,Proceeded,,Answer option denoting that the planned procedure or intervention was proceeded with as intended.,Finding,N/A,,,1,1
130eb6a7-b7d2-4e83-83ce-e57c6f566537,,,Every Shift,,"Answer option denoting an every-shift frequency for an ordered treatment, observation, or nursing task.",Finding,N/A,,,1,1
13aab196-42db-422c-b906-c7087817d048,,,Fasting Blood Sugar (FBS),,Answer option denoting a fasting blood sugar (FBS) measurement as the glucose test performed or ordered.,Finding,N/A,,,1,1
13d4fe75-618e-4e2e-a500-18a726374be7,,,Resident,,Answer option denoting a resident physician as the referring or attending professional.,Finding,N/A,,,1,1
145ae1ea-24c7-430f-9fb3-6c439634f599,,,Normal / Intact,,Answer option denoting that the examined structure or function is normal and intact.,Finding,N/A,,,1,1
1515dffa-d5d7-4a46-90dd-74139c8408f3,,,Fair understanding,,"Answer option denoting fair understanding by the patient of their condition or treatment, on insight assessment.",Finding,N/A,,,1,1
1517b74b-b213-4b49-ae52-4ccffcb5ba43,,,Assessment Time,,"Date when the clinical assessment was performed, including the time of assessment.",Question,Datetime,,,1,1
158ee43a-f72c-4a87-a39b-6d29a426d8a8,,,Impaired,,Answer option denoting that the assessed function or domain is impaired.,Finding,N/A,,,1,1
15e50795-bb71-4199-8a91-eb9d1ca37233,,,Past Psychiatric History,,"Free-text record of the patient's previous psychiatric illnesses, admissions, and treatments.",Question,Text,,,1,1
16559292-cce9-460f-970b-b11bd2c127b5,,,Fluid Restricted,,Answer option denoting that the patient is on fluid restriction as part of their management plan.,Finding,N/A,,,1,1
167787AAAAAAAAAAAAAAAAAAAAAAAAAAAAAA,,,HCV RNA quantitative (IU/mL),,Quantitative hepatitis C virus RNA viral load in IU/mL.,Test,Numeric,,,1,1
168323AAAAAAAAAAAAAAAAAAAAAAAAAAAAAA,,,HBV DNA (IU/mL),,Quantitative hepatitis B virus DNA viral load in IU/mL.,Test,Numeric,,,1,1
16d1efc5-c008-4911-92fb-b33d971e22e4,,,BID,,"Answer option denoting a twice-daily (BID) frequency for an ordered treatment, medication, or nursing task.",Finding,N/A,,,1,1
17090bb9-aad7-433c-b72c-30f141582dbe,,,Not Completed,,"Answer option denoting that the planned task, procedure, or treatment was not completed.",Finding,N/A,,,1,1
17934f26-331d-411a-9a75-1450e86e06c0,,,Has the patient resumed sexual intercourse since delivery?,Has the patient resumed sexual inte,"Answer option denoting that the patient has resumed sexual intercourse since delivery, assessed during postpartum follow-up.",Finding,N/A,,,1,1
18a3c9a1-74b7-412e-96f0-ef8190315cb6,,,Hopeful,,Answer option denoting a hopeful affect or outlook expressed by the patient on assessment.,Finding,N/A,,,1,1
18a757a2-d482-49b6-be80-68afe27b1b0f,,,2 hours after Midnight / at 2:00 AM,,"Answer option denoting that a measurement, typically blood glucose, was taken at 2:00 AM, two hours after midnight.",Finding,N/A,,,1,1
1976f18f-e3e0-4f26-b226-b964e8b3b82f,,,Clinical Notes,,"Free-text record of the clinician's notes on the patient's condition, progress, and management during the encounter.",Question,Text,,,1,1
1a1a577a-3f23-4988-8e07-6a90ca0bb80a,,,Previous Treatment,,Free-text record of treatments the patient has previously received for the presenting condition.,Question,Text,,,1,1
1a1b61eb-7131-4b4c-81c2-f6ee62946967,,,Formula,,Answer option denoting formula as the patient's or infant's diet type.,Finding,N/A,,,1,1
1a2d82eb-491e-4d07-b8c3-2adb5ec148f1,,,Liver Function Test (LFT),,"Free-text record of the patient's liver function test results, such as transaminase values in U/L.",Question,Text,,,1,1
1a7fa97a-711e-4400-bad1-a2bf376b0805,,,EBM (Expressed Breast Milk),,Answer option denoting expressed breast milk (EBM) as the infant's feed type.,Finding,N/A,,,1,1
1ac81d3a-1462-418f-8e2f-454b46e1b5e2,,,Next Scheduled Follow-up Date,,Date when the patient's next scheduled follow-up visit is due.,Question,Date,,,1,1
1b64171c-61c1-4425-93d3-7161276c0953,,,Foul-smelling,,"Answer option denoting a foul-smelling character of the examined discharge, fluid, or lesion.",Finding,N/A,,,1,1
1bf6d74e-4fb8-43a4-84bf-bd445ff2463f,,,Modify activities,,Answer option denoting a plan to modify the patient's activities as part of therapy or management.,Finding,N/A,,,1,1
1c95977d-8902-4d2b-814a-5e979d32c1a2,,,Attention,,Answer option denoting attention as the cognitive domain assessed or found affected on mental status examination.,Finding,N/A,,,1,1
1d5c8cad-87d8-4914-bcfd-9d2f7a77e720,,,Vacuum then Forceps,,Answer option denoting that vacuum extraction was attempted first and followed by forceps during instrumental delivery.,Finding,N/A,,,1,1
1d8bcc19-0537-4b63-905c-df6ccecfd1ff,,,PRN,,"Answer option denoting an as-needed (PRN) frequency for an ordered treatment, medication, or nursing task.",Finding,N/A,,,1,1
1e91c4fc-6456-4506-bf67-7d4b6007b82f,,,Continue Group Therapy,,Answer option denoting a plan for the patient to continue group therapy.,Finding,N/A,,,1,1
1ee2c81f-97a0-4241-8745-084642974fc7,,,Duration of Lesion,,Free-text record of how long the patient's lesion has been present.,Question,Text,,,1,1
1f16a80e-baaa-4b4b-a58f-ed1bf38b4685,,,Cup Size (cm),,Numeric value of the vacuum cup size in centimeters used during assisted vaginal delivery.,Question,Numeric,,,1,1
1f181513-2a20-40ed-bd35-5e2ef8872789,,,Not Available,,"Answer option denoting that the required resource, result, or service is not available.",Finding,N/A,,,1,1
1f4305ec-2a5b-42e8-a56d-c12311d6927e,,,Good bilaterally,,Answer option denoting good air entry heard bilaterally on chest auscultation.,Finding,N/A,,,1,1
1f5d7d9b-e4eb-4948-a3e8-7216875783bf,,,Number of Pulls,,Numeric value of the number of traction pulls applied during vacuum or forceps-assisted delivery.,Question,Numeric,,,1,1
1f9b961b-b682-4d71-99c9-32271ad3903d,,,Weaving,,Answer option denoting weaving as a therapeutic or vocational activity in the patient's rehabilitation program.,Finding,N/A,,,1,1
202e5b1c-886c-4a81-846f-d306847bf385,,,Every 4 hours,,"Answer option denoting an every-4-hours frequency for an ordered treatment, medication, or nursing task.",Finding,N/A,,,1,1
203b26d9-dba2-4652-8ad6-4f3aa9883b95,,,Scheduled Time,,"Date when the planned procedure, treatment, or appointment is scheduled, including the scheduled time.",Question,Datetime,,,1,1
2052f1c6-9ee9-4b18-857f-5cdce1879b70,,,IM,,"Answer option denoting the intramuscular (IM) route, recorded as the method of anesthesia induction or drug administration.",Finding,N/A,,,1,1
217eb64b-324a-4411-83a7-3a667c37f3df,,,Long-Term Goals,,Free-text record of the long-term goals set in the patient's treatment or rehabilitation plan.,Question,Text,,,1,1
2192bceb-2c89-45a7-88d4-e379e9014acd,,,+1,,"Answer option denoting ASA physical status class I, a normal healthy patient, on anesthesia risk classification.",Finding,N/A,,,1,1
22c1dcb5-ebc5-41a8-aad5-0a452e227f23,,,Blood transfusion (Followed by transfusion form and recorded),Blood transfusion (Followed by tran,"Answer option denoting that blood transfusion was given, documented on the accompanying transfusion recording form.",Finding,N/A,,,1,1
22d31fe6-2c74-4a1c-abf5-ae23e19391ac,,,Increase complexity,,Answer option denoting a plan to increase the complexity of the patient's therapeutic tasks or activities.,Finding,N/A,,,1,1
22d3453a-0b87-460b-a8b9-a5eacd1bb865,,,Vulnerable Adult Notes,,"Free-text record of concerns, safeguarding issues, and actions relating to the patient's status as a vulnerable adult.",Question,Text,,,1,1
22e3978c-aace-418f-aa8d-5aa9c2cf0f24,,,Regular,,Answer option denoting a regular pulse rhythm on vital sign assessment.,Finding,N/A,,,1,1
24555540-c82c-4664-a76b-5b7157739afd,,,Social,,Answer option denoting the social domain as the area assessed or addressed in the patient's care.,Finding,N/A,,,1,1
24cc0e8a-7579-4cdc-bfe1-48ba4b2c0332,,,Class IV: Unable to carry out any physical activity without discomfort.,Class IV: Unable to carry out any p,"Answer option denoting NYHA functional class IV, the patient being unable to carry out any physical activity without discomfort.",Finding,N/A,,,1,1
2559521a-0cb3-4af7-8c2f-6a1bc0136c33,,,Normal / Present,,Answer option denoting that the examined structure or function is normal and present.,Finding,N/A,,,1,1
25639fca-22c7-4821-bfc0-f9dbcb4d05bc,,,Engagement in treatment,,Answer option denoting the patient's engagement in treatment as an assessed strength or focus of care.,Finding,N/A,,,1,1
25644755-9182-473f-8100-3fa686495eef,,,Specific Task,,Free-text record of the specific task assigned to the patient within the therapy or rehabilitation plan.,Question,Text,,,1,1
25db5489-c63c-48f8-a0ba-4f484884a061,,,Next appointment,,Date when the patient's next appointment is scheduled.,Question,Date,,,1,1
25e86579-aef2-4968-8ae7-d2e41ab37f08,,,Passive,,Answer option denoting a passive attitude or level of participation observed in the patient.,Finding,N/A,,,1,1
26127232-328e-43cb-8d85-93613456f780,,,Painful (P),,Answer option denoting that the patient responds only to painful stimulus (P) on the AVPU responsiveness scale.,Finding,N/A,,,1,1
26899baa-5cd4-404c-85db-af3d21471e87,,,Current Treatment,,Free-text record of the treatment the patient is currently receiving for the presenting condition.,Question,Text,,,1,1
268f7268-b98b-431d-9526-e51c906e802e,,,Role Play Participation,,Answer option denoting the patient's participation in role play as a therapeutic group activity.,Finding,N/A,,,1,1
2745ef2b-2944-4f8d-8825-ba362f25c2c8,,,Therapist,,Free-text record of the name or identity of the therapist delivering the patient's therapy session.,Question,Text,,,1,1
275eeb1d-f94a-4242-9584-2bc5ee2f5c9d,,,"If not fully present, reason",,Free-text record of the reason the patient or required party was not fully present for the session or assessment.,Question,Text,,,1,1
27944de0-6d92-4c52-bd0a-1d8d68d88ffa,,,Start Date,,"Date when the recorded treatment, medication, or program was started.",Question,Date,,,1,1
27bb96ef-4f0e-4351-b96c-85dae1270bb9,,,9,,Answer option denoting a score or grade of 9 on the applied clinical rating scale.,Finding,N/A,,,1,1
2843e66e-daf3-47b5-b28c-46bbe7e7f305,,,Has the patient experienced any return of monthly menstrual bleeding?,Has the patient experienced any ret,"Answer option denoting that the patient reports return of monthly menstrual bleeding after a period of amenorrhoea, such as postpartum or during contraceptive use.",Finding,N/A,,,1,1
290b01dd-fe5d-48f4-be43-893a6fc06019,,,Good coping skills,,"Answer option denoting the patient demonstrates effective coping skills, noted during psychosocial or mental health assessment.",Finding,N/A,,,1,1
291a757d-a2a0-4f84-a366-b0dac790820d,,,Chosen Method Provided/Prescribed,,Free-text record of the family planning method chosen by the client and provided or prescribed at this visit.,Question,Text,,,1,1
293c0bba-2908-4800-b986-8e4480e1acbe,,,Last Use Date,,"Date when the substance, medication, or method in question was last used by the patient.",Question,Date,,,1,1
29692478-ece5-463e-9424-16c0318a5985,,,Health,,"Answer option denoting health as a selected domain, topic, or area of concern in the assessment.",Finding,N/A,,,1,1
2969ce34-7a95-4c71-a891-6aead0e7d598,,,Cognitive Games Notes,,Free-text record of the patient's participation and performance in cognitive games during therapeutic or rehabilitation activities.,Question,Text,,,1,1
29bbf66d-8d1a-41a0-a272-7b957892c19b,,,Expressed Ambivalence,,"Answer option denoting the patient expressed ambivalence, for example toward treatment or behaviour change, during counselling.",Finding,N/A,,,1,1
2a06d8c8-1bc6-4a2d-8d06-239cf1d2e2e9,,,Outside Facility,,Answer option denoting that the event or service occurred at an outside facility rather than the current one.,Finding,N/A,,,1,1
2a7374dd-17b7-406b-ae76-f78879da33cc,,,Gastric aspirate description,,Free-text record of the appearance and character of gastric aspirate obtained from the patient.,Question,Text,,,1,1
2a935d2a-a61f-4dae-aec8-3b8b8a0d3da1,,,Other facility,,"Answer option denoting another health facility as the location or source of the care, referral, or event recorded.",Finding,N/A,,,1,1
2c3fba8d-5e65-4d38-8604-b1b00419e3e9,,,Pertinent Physical Examination and Investigation Findings,Pertinent Physical Examination and,Free-text record of pertinent physical examination and investigation findings supporting the clinical assessment.,Question,Text,,,1,1
2ce41dc2-8425-4e57-9d03-e5b0dd244651,,,Chronic (months–years),,"Answer option denoting a chronic duration of the symptom or condition, lasting months to years.",Finding,N/A,,,1,1
2dc8a667-c685-442f-a389-bd1d9072b71c,,,End/Expiration Date,,"Date when the treatment, prescription, or item ends or expires.",Question,Date,,,1,1
2e18275a-de4c-4552-b22c-6b3c92908f39,,,Client was counseled on the health benefits of spacing births at least 2 years apart.,Client was counseled on the health,Answer option denoting the client was counselled on the health benefits of spacing births at least two years apart.,Finding,N/A,,,1,1
2e5af552-ac44-4cde-aebb-0e7ad8772b7a,,,Blood output volume,Blood output (mL),Volume of blood output or loss recorded in milliliters for an observation period.,Question,Numeric,,,1,1
2e679812-7f71-428f-b7f0-bc8b6ec660fb,,,Hypotonia,,Answer option denoting decreased muscle tone (hypotonia) found on neurological or neonatal examination.,Finding,N/A,,,1,1
2e97743c-a59b-45d3-b2d4-418dbb3c9e6a,,,No access to means,,"Answer option denoting the patient has no access to means of self-harm, noted during suicide risk assessment.",Finding,N/A,,,1,1
2f05a1bc-20c2-4b30-baaf-c6b87c6230d8,,,Challenged Distortions,,Answer option denoting cognitive distortions were identified and challenged during a psychotherapy session.,Finding,N/A,,,1,1
2f0eae6a-19b5-445b-bddb-3ee875c9416a,,,Laboratory Investigations,,Free-text record of laboratory investigations ordered or their results relevant to the current clinical assessment.,Question,Text,,,1,1
2f3f0dbe-6266-4162-b319-13a70851b52e,,,+2,,"Answer option denoting a grade of +2 on the clinical grading scale in use, such as anaesthesia pre-operative classification.",Finding,N/A,,,1,1
2f47ab4b-da74-41d4-9a8c-95dc30b5f723,,,Intake/Output (I/O) Monitoring,,Answer option denoting fluid intake and output monitoring as a planned or ongoing nursing intervention.,Finding,N/A,,,1,1
303e1071-ac36-45b0-a8be-dc068678616e,,,PhD,,Answer option denoting doctoral (PhD) level as the patient's highest educational attainment.,Finding,N/A,,,1,1
307c9e11-a793-4f86-a63e-2a7a2af6db34,,,Peaceful,,Answer option denoting a peaceful demeanour or affect observed during mental status or behavioural assessment.,Finding,N/A,,,1,1
30a31fe9-3fd7-461b-b674-4c427b573fc5,,,Risk Notes,,Free-text record of identified risks and contextual details supplementing the structured risk assessment.,Question,Text,,,1,1
30f65120-2910-45f7-bea6-5f8a5ddd8da9,,,Mood (numeric),,Numeric value of the patient's rated mood on the scale used by the assessing service.,Question,Numeric,,,1,1
31088b52-7a48-4b20-878c-54f9a2e97b80,,,Woodwork,,Answer option denoting woodwork as an occupational therapy or rehabilitation activity undertaken by the patient.,Finding,N/A,,,1,1
3167689e-a1d8-43c0-bc80-c1103a42d19f,,,Contraction Duration,,"Numeric value of the duration of each uterine contraction, typically in seconds, assessed during labour monitoring.",Question,Numeric,,,1,1
319266b3-90d9-41ed-b636-026e507001af,,,High energy,,Answer option denoting an abnormally high energy level observed during mental status or behavioural assessment.,Finding,N/A,,,1,1
320d2ce9-2b71-42c6-a4a3-4029e7ed615b,,,Percent,,Numeric value of a measurement expressed as a percentage.,Question,Numeric,,,1,1
325fc972-fc3c-4ff4-b0e1-32c6bd0c6d61,,,STAT,,"Answer option denoting immediate, one-time (STAT) administration as the ordered frequency.",Finding,N/A,,,1,1
32962fc3-2416-4312-98d5-9d9b8ed0775f,,,Fluid Restriction Amount,,"Numeric value of the prescribed fluid restriction volume for the patient, typically in millilitres per day.",Question,Numeric,,,1,1
32afe028-41dc-4d2a-a6a7-a9ecb9109667,,,Employment / school involvement,,Answer option denoting employment or school involvement as a psychosocial domain assessed or addressed.,Finding,N/A,,,1,1
32b3a08f-d3fc-4fbd-9e79-24436e44a34b,,,Perception,,"Free-text record of perceptual findings, such as hallucinations or illusions, from the mental status examination.",Question,Text,,,1,1
32eed3e1-a392-4e23-bf43-691f4b6774bc,,,Poor: Missed multiple doses / Stopped taking medication,Poor: Missed multiple doses / Stopp,"Answer option denoting poor medication adherence, with multiple missed doses or medication stopped entirely.",Finding,N/A,,,1,1
334309df-2668-453a-b654-1e5175f956e4,,,Reason for Discontinuation,,Free-text record of the reason a treatment or contraceptive method was discontinued.,Question,Text,,,1,1
3393996a-dee5-4b66-aa2d-0925b091f7a8,,,Social and Developmental History,,Free-text record of the patient's social circumstances and developmental history.,Question,Text,,,1,1
35ae1662-c801-40e4-a67a-1b623aa79d0b,,,Cooperative (therapy session behavior),,Answer option denoting that the patient's behavior during the therapy session was cooperative.,Finding,N/A,,,1,1
35e2997d-f5e2-4fea-a7e5-4848139b4c9b,,,Catheterized,,Answer option denoting the bladder is managed with a urinary catheter.,Finding,N/A,,,1,1
36909e36-5141-4744-a07b-5fdcd5878b27,,,Insight into illness,,"Answer option denoting the patient's insight into their illness, assessed or addressed during psychiatric evaluation or therapy.",Finding,N/A,,,1,1
36afa955-dc48-4862-954c-39fb6d5515d2,,,Died within 42 days of pregnancy termination/delivery,Died within 42 days of pregnancy te,Answer option denoting maternal death occurring within 42 days of delivery or pregnancy termination.,Finding,N/A,,,1,1
37c943fb-c416-4916-a3b4-fb052d3fe32a,,,Other (specify),,Free-text record specifying a response not covered by the listed options of the associated question.,Question,Text,1067AAAAAAAAAAAAAAAAAAAAAAAAAAAAAAAA;1115AAAAAAAAAAAAAAAAAAAAAAAAAAAAAAAA;1116AAAAAAAAAAAAAAAAAAAAAAAAAAAAAAAA,,1,1
380c16ad-238e-44dd-b0f2-cfc1ba09159c,,,Specify Education Level,,Free-text record specifying the patient's education level when not captured by the listed options.,Question,Text,,,1,1
38b19c5f-fcda-42c0-8f4a-f24dc99e0686,,,Housing situation,,Answer option denoting the patient's housing situation as a psychosocial domain of concern or discussion.,Finding,N/A,,,1,1
38d3a45d-3d9c-408c-bbec-637c324c02dc,,,Intubation,,Answer option denoting endotracheal intubation performed or required for airway management.,Finding,N/A,,,1,1
3909cd44-bfd7-4c78-b549-971d35e5fe1c,,,Uterine Contractions: Frequency,,"Numeric value of the frequency of uterine contractions, typically counted per 10 minutes during labour monitoring.",Question,Numeric,,,1,1
3a12e9c3-f578-4a69-aa77-5c163967e621,,,Treatment Modality - Other,,Free-text record of a treatment modality used that is not among the listed options.,Question,Text,,,1,1
3a140057-d512-407d-99cf-17ab9e65e228,,,Low (risk level),,"Answer option denoting that the assessed risk level is low, indicating routine follow-up is sufficient.",Finding,N/A,,,1,1
3a2fee7e-ca87-4253-a6c5-b74618aba4b6,,,Out of Stock,,Answer option denoting the required medication or commodity is out of stock at the facility.,Finding,N/A,,,1,1
3ad83a4d-e936-4746-98b1-2bc282f17e68,,,Forgot,,Answer option denoting forgetting doses as the reason for fair or poor medication adherence.,Finding,N/A,,,1,1
3b40da3a-415f-42b7-a362-d0248341f908,,,<60/min,,"Answer option denoting a measured rate below 60 per minute, such as a neonatal heart rate requiring intervention.",Finding,N/A,,,1,1
3b7b5ff5-09bd-4767-a753-766cc493c138,,,Thought process - Other,,Free-text record of a thought process abnormality not covered by the listed mental status options.,Question,Text,,,1,1
3c461e91-4ac9-45c8-9932-476ae0fc8eaf,,,Empty,,Answer option denoting an empty bladder on abdominal palpation during physical examination.,Finding,N/A,,,1,1
3c6e893a-9f61-456f-8fa5-57dc6370c274,,,Motivated,,"Answer option denoting the patient appears motivated, for example toward treatment or recovery goals.",Finding,N/A,,,1,1
3cfa8323-5df6-4430-b8ae-c46c432edbb6,,,Anticoagulation initiated/adjusted (for Atrial Fibrillation or Mechanical Valve),Anticoagulation initiated/adjusted,Answer option denoting anticoagulation was initiated or adjusted for atrial fibrillation or a mechanical heart valve.,Finding,N/A,,,1,1
3d006620-e869-4605-a69b-05589959dbe0,,,Permanent Method (Bilateral Tubal Ligation),Permanent Method (Bilateral Tubal L,Answer option denoting bilateral tubal ligation chosen as a permanent contraceptive method.,Finding,N/A,,,1,1
3d9050de-7f6a-4ac2-ad7e-116e77d2ea2b,,,10% Formalin,,Answer option denoting 10% formalin as the fixative or solution used for the specimen.,Finding,N/A,,,1,1
3e1e601c-b68a-477e-aef5-27555f529bdc,,,Every 6 week,,Answer option denoting administration or follow-up at a frequency of every six weeks.,Finding,N/A,,,1,1
3e247c00-a353-4220-9039-910569c22d24,,,History of Substance Use Disorder,,"Free-text record of the patient's history of substance use disorder, including substances used, duration, and prior treatment.",Question,Text,,,1,1
3e76d09e-31af-409e-ab6e-7bb95d0701f1,,,Insight Development,,Answer option denoting development of patient insight as a focus or outcome of the psychotherapy session.,Finding,N/A,,,1,1
3ebd5c95-dfbb-4c7c-b0ce-a3caa9de801f,,,Once Per 5 month,,Answer option denoting administration or follow-up at a frequency of once every five months.,Finding,N/A,,,1,1
3ed56d96-4863-4ccc-b59e-412c7a366e59,,,IM Dose Administered,,Numeric value of the intramuscular medication dose administered to the patient.,Question,Numeric,,,1,1
3f2f74ff-6061-40a0-bf04-401f55365285,,,Mildly decreased,,Answer option denoting mildly decreased air entry on chest auscultation.,Finding,N/A,,,1,1
3f439a71-27d1-4d8f-88dd-0b194997d5a2,,,Suicide plan Details,,"Free-text record of the details of the patient's suicide plan, documented during suicide risk assessment.",Question,Text,,,1,1
3fd93e8c-1370-4ba1-9bc7-a7e3a9749aab,,,Total Output,,"Numeric value of the patient's total fluid output over the monitoring period, typically in millilitres.",Question,Numeric,,,1,1
40b350e1-cfa5-4aa5-82d4-0baf5c0cb1ff,,,Comatose,,Answer option denoting a comatose level of consciousness on mental status or neurological assessment.,Finding,N/A,,,1,1
418cd335-fa92-4879-a37f-b0cb13a5812c,,,Pregnant at time of death,,"Answer option denoting the woman was pregnant at the time of death, recorded in maternal mortality review.",Finding,N/A,,,1,1
41aa4deb-a775-4bbf-b677-642e07e15698,,,Laboratory and Imaging Investigations,Laboratory and Imaging Investigatio,Free-text record of laboratory and imaging investigations ordered or their results relevant to the clinical assessment.,Question,Text,,,1,1
41c23397-989b-4b4e-b157-49444135ec45,,,OI Follow-up,,Answer option denoting follow-up for an opportunistic infection as the visit purpose or care activity in HIV care.,Finding,N/A,,,1,1
41eff4ad-707e-44f9-931c-ba4a75c6dee3,,,Creative Expression,,Answer option denoting creative expression as a therapeutic or rehabilitation activity undertaken by the patient.,Finding,N/A,,,1,1
41f567cc-fb75-441e-9d02-2d9576e2631c,,,Weight Daily,,Answer option denoting daily weight measurement as a planned monitoring intervention.,Finding,N/A,,,1,1
42456201-59a1-42c3-a8e8-7509cb5495e1,,,Flow,,"Numeric value of a flow rate, such as oxygen administration flow.",Question,Numeric,,,1,1
42c16460-5230-43a7-9465-3fe91e2e75a2,,,ICU (n/a),,"Answer option denoting that the recorded location, such as the place of death, was the intensive care unit.",Finding,N/A,,,1,1
42fa59ea-9457-4f04-a469-5cd49f59d98f,,,Bed Number,,Free-text record of the ward bed number identifying the patient's location during inpatient care.,Question,Text,,,1,1
43551cfb-1f0a-4137-8d44-c3277911b91f,,,Continue plan (finding),,Answer option denoting the decision to continue the current treatment or therapy plan unchanged.,Finding,N/A,,,1,1
43606a0e-3a9c-4888-8941-cf555f825b76,,,Fluctuating,,"Answer option denoting a fluctuating course or level, such as of consciousness or symptoms.",Finding,N/A,,,1,1
43c9e295-da49-4d58-80ee-9a9f4ddb3eae,,,Once Per 3 month,,Answer option denoting administration or follow-up at a frequency of once every three months.,Finding,N/A,,,1,1
43ec4509-4cab-4800-a1da-eb1a597804b7,,,Slowed,,"Answer option denoting slowed speech, movement, or thought processes observed on mental status examination.",Finding,N/A,,,1,1
43ef2cd3-af2e-4585-8aed-e340dcb2d44c,,,No concerns,,Answer option denoting no concerns identified in the domain assessed.,Finding,N/A,,,1,1
43fa3695-72fc-415d-9506-6fd5154e0889,,,Isolated,,Answer option denoting the patient is socially isolated or withdrawn.,Finding,N/A,,,1,1
445985d8-6217-4797-9be3-aae0d412288a,,,Problem-Solving,,Answer option denoting problem-solving as a therapeutic technique or skill addressed during the session.,Finding,N/A,,,1,1
4550525b-47c2-41c3-8442-ac87c81ba73d,,,Clinician Name and Signature,,Free-text record of the name and signature of the clinician completing the assessment.,Question,Text,,,1,1
455f723e-b9ac-4df1-8fec-c9d0b4eb524b,,,Family functioning,,Answer option denoting family functioning as a psychosocial domain assessed or addressed.,Finding,N/A,,,1,1
4575f556-1e3a-4411-92c3-43c95feae501,,,Judgment and Insight,,Free-text record of the patient's judgment and insight as assessed on mental status examination.,Question,Text,,,1,1
45bd999e-2abf-44d0-a544-d83b4c31635c,,,Amount Given,,"Numeric value of the amount of fluid, feed, or medication given to the patient.",Question,Numeric,,,1,1
460685be-e27b-4cb5-9d97-869e4dfec652,,,Person (disorientation finding),,Answer option denoting that the patient is disoriented to person on orientation assessment.,Finding,N/A,,,1,1
46cfe098-3d00-424e-9d39-e6a37aafcb1d,,,Reason for Medication Change,,"Free-text record of the clinical reason a medication was changed, such as adverse effects or inadequate response.",Question,Text,,,1,1
4716050c-596e-4de5-b3ae-84aa1fa057f5,,,Discharge Date,,Date when the patient was discharged from the hospital.,Question,Date,,,1,1
4736bed3-34c7-47bb-a2ef-926635504d7f,,,Low Vacuum,,"Answer option denoting a low vacuum setting used, such as during vacuum-assisted procedures or suction.",Finding,N/A,,,1,1
48489d16-d5a4-403d-a3a4-1275ff1755b6,,,Time,,Date and time when the medication dose was administered.,Question,Datetime,,,1,1
48e336bd-0ac5-4c05-84be-d4c851eeaffa,,,both,,Answer option denoting that both of the listed alternatives apply.,Finding,N/A,,,1,1
49084b31-b53e-4a89-a43a-3c0775e0e6f5,,,Attempt Details,,"Free-text record of the details of a prior suicide or self-harm attempt, including method and circumstances.",Question,Text,,,1,1
490dca17-a568-49e8-9da4-b5982d36a3ce,,,Full,,"Answer option denoting a full, palpable bladder on physical examination.",Finding,N/A,,,1,1
49364955-e4f3-45d2-8b84-5375a5fe6ead,,,Safety Plan / Interventions,,Free-text record of the safety plan and interventions agreed for a patient at risk of harm.,Question,Text,,,1,1
4b3d4bbe-62f4-431b-9f5a-e395a6134767,,,Planned Interventions,,Free-text record of the interventions planned for the patient's ongoing care.,Question,Text,,,1,1
4b76ec17-e61d-458a-bd0b-86b7e801f590,,,Doctorate,,Answer option denoting doctorate level as the patient's highest educational attainment.,Finding,N/A,,,1,1
4bd4c788-58e0-463b-83d1-583dcac32b21,,,Handicraft,,Answer option denoting handicraft as an occupational therapy or rehabilitation activity undertaken by the patient.,Finding,N/A,,,1,1
4c40ec0d-2611-434e-85e6-d3c1baacb746,,,DBT,,Answer option denoting dialectical behaviour therapy (DBT) as the psychotherapy modality used.,Finding,N/A,,,1,1
4c50a82f-b138-4029-b7b9-4766e8069e7e,,,ICD-10/ICD-11 Code,,Free-text record of the ICD-10 or ICD-11 code assigned to the patient's diagnosis.,Question,Text,,,1,1
4ca8c9ef-59ba-4bad-8a81-cc4ceb7d41c4,,,Clear / Milky,,"Answer option denoting a clear or milky appearance of the fluid, discharge, or specimen examined.",Finding,N/A,,,1,1
4cc20ea1-5d57-4ae3-a30f-23d38a21c7b7,,,Flat,,"Answer option denoting a flat nipple on breast examination, relevant to breastfeeding assessment.",Finding,N/A,,,1,1
4ce6f9fc-814f-4648-8497-727e7c97e501,,,Disruptive,,Answer option denoting disruptive behaviour observed during assessment or therapeutic activities.,Finding,N/A,,,1,1
4ced48d0-5f3c-4511-9e72-65e86808fc9c,,,CBT,,Answer option denoting cognitive behavioural therapy (CBT) as the intervention or psychotherapy modality used.,Finding,N/A,,,1,1
4cf4f073-bd22-45bd-9390-26680370811c,,,"Mood, narrative description",,Free-text record of the patient's reported mood and the clinician's narrative description of it.,Question,Text,,,1,1
4d740bc6-1174-45f8-853c-8cfb151f5aba,,,Bed making,,Answer option denoting bed making as a daily-living or occupational therapy activity undertaken by the patient.,Finding,N/A,,,1,1
4d9b315a-bbf8-4755-81c8-4caf9d93fc11,,,Medication Adjustments,,"Free-text record of adjustments made to the patient's medications, including dose changes and rationale.",Question,Text,,,1,1
4da36be2-b458-4020-b14f-fcf711364157,,,Anxious,,Answer option denoting an anxious mood or affect observed during assessment.,Finding,N/A,,,1,1
4e4df57f-75c0-4d9c-822d-54abc065cea3,,,Strength,,Records the strength of uterine contractions assessed during labour monitoring; options include Strong.,Question,Coded,1498AAAAAAAAAAAAAAAAAAAAAAAAAAAAAAAA;1499AAAAAAAAAAAAAAAAAAAAAAAAAAAAAAAA;78696882-91bd-43b1-b86f-c83b7e7f1c44,,1,1
4e642221-f647-423f-9ec5-b1aefb791c9c,,,Green / Bilious,,"Answer option denoting a green or bilious appearance, such as of vomitus, aspirate, or drainage fluid.",Finding,N/A,,,1,1
4e65bddc-0d5d-4933-96bf-4477f82b8b3f,,,Identified Thoughts,,Answer option denoting that automatic or distressing thoughts were identified during a psychotherapy session.,Finding,N/A,,,1,1
4eee4131-edd9-4a6d-bd1d-f23b9cc774c8,,,Summary of Interventions Provided,,Free-text record summarising the interventions provided during the encounter or therapy session.,Question,Text,,,1,1
4f4caba9-1bbc-4046-b8e5-7d08dae10221,,,Positive / Suspected,,Answer option denoting a positive or suspected result or status for the condition assessed.,Finding,N/A,,,1,1
4f5428ee-69ee-4831-8cbf-bb125b38929e,,,Clinical Summary (Followup note),,"Free-text record of the clinical summary at a follow-up visit, including interval course and current status.",Question,Text,,,1,1
4f9ad1e9-9853-4c60-90e8-d03f3669a340,,,Every 5 days,,Answer option denoting administration or follow-up at a frequency of every five days.,Finding,N/A,,,1,1
4fb6fa47-0fad-49c5-a5a4-834faab6ac2f,,,Partially Compliant,,Answer option denoting partial adherence to the prescribed treatment or recommendations.,Finding,N/A,,,1,1
4fe7f775-4252-4ae4-bb43-33fed9a4eab1,,,Increase Support Level,,Answer option denoting a plan to increase the patient's level of support or observation.,Finding,N/A,,,1,1
502a5aa7-f44b-4f0c-969d-b3c9b65cf2e9,,,Random Blood Sugar (RBS),,"Numeric value of random blood sugar in mg/dl, measured regardless of fasting status.",Question,Numeric,,,1,1
5109d66a-241d-462f-ae74-ed8a10363c23,,,Importance Ruler,,Numeric value of the patient's self-rated importance of change on a motivational interviewing importance ruler.,Question,Numeric,,,1,1
511523e9-e3b4-4962-a859-67b82c1d1586,,,Patient referred to Cardiothoracic Surgery for Valve Repair/Replacement,Patient referred to Cardiothoracic,Answer option denoting referral of the patient to cardiothoracic surgery for heart valve repair or replacement.,Finding,N/A,,,1,1
51826a3c-0fac-4d72-945f-969c7c3304a0,,,Suicidal Ideation (finding),,Answer option denoting that suicidal ideation is present as an identified risk or safety concern.,Finding,N/A,,,1,1
52342945-b5f9-4c5c-9084-3ef50c37f3dd,,,Group Topic/Theme,,Free-text record of the topic or theme of the group therapy session.,Question,Text,,,1,1
52786fe5-19ee-4f01-8d9d-8fce68b50d95,,,Fall risk,,Answer option denoting the patient is at risk of falls.,Finding,N/A,,,1,1
52789b7b-5c76-4392-af39-04d5778eb440,,,Focus,,Free-text record of the primary clinical focus or topic addressed during the encounter or therapy session.,Question,Text,,,1,1
52e16ee4-d0ae-46ab-b958-5cc746b58844,,,Delivery Time,,"Date when the baby was delivered, including the time of birth.",Question,Datetime,,,1,1
537a033b-a9a6-4b22-aaf9-49b7c53b7f99,,,Hyperactive,,Answer option denoting hyperactive behavior or increased motor activity observed on assessment.,Finding,N/A,,,1,1
538bcfe5-42d3-48a2-bafc-0f49d6d3ec40,,,Date/Time MgSO4 Started,,"Date when magnesium sulfate therapy was started, including the time, typically for eclampsia prophylaxis or treatment.",Question,Datetime,,,1,1
548d0e31-811d-40c3-aba6-4ffdc8b90049,,,Outlet Vacuum,,Answer option denoting vacuum-assisted delivery applied at the pelvic outlet.,Finding,N/A,,,1,1
5544ced5-0fad-4dcf-af80-09798fa30da0,,,Cyanosis not relieved by oxygen,,"Answer option denoting central cyanosis persisting despite oxygen therapy, a danger sign suggesting cyanotic cardiac disease.",Finding,N/A,,,1,1
5593777f-9e00-479e-bb6f-155ee941fa18,,,Specify Marital Status,,Free-text record of the patient's marital status when not covered by the listed options.,Question,Text,,,1,1
55eeabae-f612-4b1e-8ecb-02c4801c5cc6,,,Place,,Answer option denoting orientation to place on mental status assessment.,Finding,N/A,,,1,1
55f04455-b91d-4c65-badf-215003a890ea,,,Disorganized,,Answer option denoting disorganized thought process or behavior on mental status examination.,Finding,N/A,,,1,1
562ca076-8bc4-4d11-8961-10720395fc6c,,,Passed,,"Answer option denoting a passed outcome, such as a screening test passed or tissue passed, for the question asked.",Finding,N/A,,,1,1
564201be-3a78-48c4-a231-26f2bb7ba3c7,,,Confidence Ruler,,"Numeric value of the patient's self-rated confidence in making a change, typically on a 0-10 motivational interviewing ruler.",Question,Numeric,,,1,1
566b3685-226a-4136-bf26-83d08575a8bd,,,NPO,,Answer option denoting nil per os (nothing by mouth) as the feeding route.,Finding,N/A,,,1,1
57d9f29b-50b5-4c10-bfed-deb06be8aba5,,,In facility,,Answer option denoting that the event or care occurred within the health facility.,Finding,N/A,,,1,1
580bb81f-e14e-4821-844d-976a01e4c501,,,6,,Answer option denoting a score or count of 6 on the associated scale or question.,Finding,N/A,,,1,1
5839820a-3bf3-48c6-9fe2-f03ee14bb3e1,,,Refer to Specialist,,Answer option denoting a plan to refer the patient to specialist care.,Finding,N/A,,,1,1
5841a35c-02fb-4f29-98e3-6e12757413fe,,,Other Maternal Complication,,Free-text record of a maternal complication not listed among the coded options.,Question,Text,,,1,1
584b03d9-3fbf-4c06-a0b9-1abfa41e5fae,,,"Treatment given, free text",Treatment given,Free-text treatment or interventions provided during this poisoning encounter,Question,Text,,,1,1
586ad85f-6190-4f65-8de6-dd56b57b88ee,,,Abdominal Girth,,"Numeric value of abdominal girth measurement, typically in centimeters, used to monitor distension or ascites.",Question,Numeric,,,1,1
5880ba16-de9c-4a83-8f01-909bf041b8e8,,,"Responsibility toward family (e.g., children)","Responsibility toward family (e.g.,",Answer option denoting responsibility toward family or children identified as a protective factor against self-harm.,Finding,N/A,,,1,1
591c0cfa-a144-4aab-b008-d160a82255f3,,,Discharge Planning Notes,,"Free-text record of discharge planning details, including follow-up arrangements and patient instructions.",Question,Text,,,1,1
5936f0b2-e4ca-42a9-84fd-fbeff22bfa96,,,Irregular,,Answer option denoting an irregular heart rhythm on cardiac examination.,Finding,N/A,,,1,1
593c92c5-6d69-42b8-a6ca-f28fee78008a,,,Prescribed medication name,,"Records the name of the medication prescribed to the patient, selected from the configured medication list.",Question,Coded,,,1,1
59a2b27b-7866-43f1-89f1-7c724a681e50,,,Site and Description of Lesion,,Free-text record of the anatomical site and clinical description of a lesion.,Question,Text,,,1,1
59b5391d-344e-4200-87b1-183146c0b53a,,,Current symptoms,,Free-text record of symptoms the patient currently reports at the follow-up visit.,Question,Text,,,1,1
59d52916-48cf-4f32-8ccc-639cc0b87545,,,Follow-up Action,,Free-text record of the follow-up action planned or taken for the patient.,Question,Text,,,1,1
5a2315f3-6c66-45d8-8a1b-29919927c42d,,,Skin Breakdown (B),,Answer option denoting skin breakdown identified as a nursing problem or care risk.,Finding,N/A,,,1,1
5a83035b-9fef-4605-9cd5-609aa7503980,,,Recent,,Answer option denoting recent onset or occurrence of the assessed item.,Finding,N/A,,,1,1
5a902fba-9c29-4761-86e4-89a8aea99371,,,2 = Moderate,,"Answer option denoting a score of 2, indicating moderate severity on the rating scale.",Finding,N/A,,,1,1
5ac2b392-6007-459f-b80a-a0eca7bf709e,,,Contraction Frequency,,"Numeric value of uterine contraction frequency, typically contractions per 10 minutes during labor monitoring.",Question,Numeric,,,1,1
5acd6256-57e1-4adb-9792-de40ef6462ff,,,1 = Minimal,,"Answer option denoting a score of 1, indicating minimal severity on the rating scale.",Finding,N/A,,,1,1
5b310520-7730-49e0-b6be-aa25912531d2,,,Functioning (work/school/social),,"Free-text record of the patient's functioning across work, school, and social domains.",Question,Text,,,1,1
5be887dd-97c5-47ef-9919-f0f212b1fdf4,,,Group (session format),,Answer option denoting that the session or therapy was delivered in a group format.,Finding,N/A,,,1,1
5bf40b68-b65a-4e57-9641-e9cb2a121718,,,Immediate,,"Answer option denoting immediate timing, such as an action or referral required without delay.",Finding,N/A,,,1,1
5cb70bf7-75c3-4511-b063-59c79cc546d1,,,Link to Treatment Goals,,Free-text record linking the session's interventions or progress to the patient's treatment goals.,Question,Text,,,1,1
5cc22d0e-d7d7-4af3-a1d4-70a9063739c1,,,Neonatal Reflexes,,"Free-text record of neonatal reflex examination findings, such as Moro, suck, and grasp reflexes.",Question,Text,,,1,1
5d5e7d38-4bc0-45a9-8202-040339147f4a,,,Acute on Chronic (an acute exacerbation on a chronic setup),Acute on Chronic (an acute exacerba,Answer option denoting an acute exacerbation superimposed on a chronic underlying condition.,Finding,N/A,,,1,1
5d8d59a2-4be5-402b-adcc-3a9883258d97,,,Physical threats toward patients or staff,Physical threats toward patients or,"Answer option denoting physical threats made toward patients or staff, a behavioral risk indicator.",Finding,N/A,,,1,1
5e9b2264-a552-4040-9ee1-b1d0c8421cfd,,,Declining,,Answer option denoting a declining trend or deteriorating status of the assessed parameter.,Finding,N/A,,,1,1
5eb00557-b047-43c6-ac05-100827b0d4aa,,,Appropriate Peer Interaction,,"Answer option denoting appropriate peer interaction observed, for example during group therapy or ward activities.",Finding,N/A,,,1,1
5f2b572c-2467-4a3b-bdaa-80ce3b4b7c76,,,Motivational Enhancement Notes,,Free-text record of motivational enhancement therapy content and the patient's responses during the session.,Question,Text,,,1,1
5f870ee2-4f01-4360-80ea-4b945e635b64,,,Administering Nurse,,Free-text record of the name of the nurse who administered the medication or treatment.,Question,Text,,,1,1
5f988086-1dbf-480b-97c5-e015053f46e4,,,Held,,Answer option denoting that a dose or intervention was withheld (held).,Finding,N/A,,,1,1
5faa7682-6fa1-4729-a87d-ae95be54fb44,,,Step-Up Care,,Answer option denoting escalation of the patient to a higher intensity level of care.,Finding,N/A,,,1,1
609ddaa1-871e-4f99-ab61-2dae6476d922,,,Protective Factors - Other,,Free-text record of protective factors against self-harm not captured by the listed options.,Question,Text,,,1,1
612a5ece-ef03-438e-a9b5-c63e07575c16,,,Challenged Cognitive Distortions,,Answer option denoting that cognitive distortions were identified and challenged during the therapy session.,Finding,N/A,,,1,1
61955040-f8a0-4d94-b40b-8a8ed0bcc19e,,,Refer,,Answer option denoting a decision to refer the patient for further care.,Finding,N/A,,,1,1
61a26390-40f2-49c6-ac55-228118303e8b,,,Intravenous fluid volume administered,IV fluid volume (mL),Volume of intravenous fluids administered in milliliters for an observation period.,Question,Numeric,,,1,1
61a4173e-22fa-4105-8105-d736308112aa,,,Green / Bilious (numeric),,"Numeric value of the volume of green or bilious gastric aspirate observed, recorded in milliliters.",Question,Numeric,,,1,1
61f1dd43-265a-4652-ac93-036c66bf4ad1,,,Amount of Feeding,,"Numeric value of the feed volume given, typically in milliliters.",Question,Numeric,,,1,1
6211a61e-ba24-4c5b-b9a3-08ba3881b1a9,,,Activity,,"Records the patient's post-anesthesia motor activity level; options include moves four extremities voluntarily, some flexion, and walks frequently.",Question,Coded,097d2c93-0d8e-5a0d-acea-5093a46cb9c2;1065AAAAAAAAAAAAAAAAAAAAAAAAAAAAAAAA;1066AAAAAAAAAAAAAAAAAAAAAAAAAAAAAAAA;4fe5fe0b-416a-4a20-876f-bcb60e76182f;501AAAAAAAAAAAAAAAAAAAAAAAAAAAAAAAAA;57494ae6-a1f4-48da-9b49-41e6396e45b5;78c89db3-8376-4672-b572-52ea22b2a671;8a0d63a8-528a-4d9b-b399-24c1f8a66806;97222af6-82f2-4409-941f-3e32ec031fae;b98924ce-ab68-4cef-acdc-bf1e41919f09;ed34385c-f1a9-49d1-90b3-72bbe7744600;f9202993-4f28-45ba-816b-a8946616bd82,,1,1
62544495-2bb0-46f7-b990-4c0a0398af97,,,Homicidal plan,,"Answer option denoting that the patient has a specific plan to harm others, a high-risk finding.",Finding,N/A,,,1,1
62df5bc5-d4f1-421f-9187-6c262653e863,,,IV line maintained with Normal Saline,IV line maintained with Normal Sali,Answer option denoting that an intravenous line was kept open with normal saline infusion.,Finding,N/A,,,1,1
63b68913-b547-4ede-a47e-03da86d77d76,,,Date and Time Signed,,Date when the document or consent was signed.,Question,Date,,,1,1
63eee848-5376-4497-bc71-e67619f4e27b,,,Changing wet cloth,,"Answer option denoting changing of wet cloths or linen as a care intervention, such as for newborn thermal protection.",Finding,N/A,,,1,1
63f0de76-e37a-40a4-9d34-d21377b95fe5,,,Psychomotor retardation (observed finding),,Answer option denoting that psychomotor retardation was observed during the mental status examination.,Finding,N/A,,,1,1
63f9d0cc-bb7b-48fa-975a-bf7ad8ffd89d,,,Benzathine Penicillin G (BPG) Injection (Every 3 or 4 weeks),Benzathine Penicillin G (BPG) Injec,"Answer option denoting benzathine penicillin G injection every 3-4 weeks, standard secondary prophylaxis for rheumatic heart disease.",Finding,N/A,,,1,1
642db34a-de98-43bf-b2f1-5a2fe8d2b900,,,Referral Needed,,"Free-text record of the referral required following nutrition assessment, including the destination service if applicable.",Finding,Text,,,1,1
64628458-7d95-425c-9518-6df1d9e7077f,,,4 weeks to 6 weeks,,Answer option denoting a duration or interval of 4 to 6 weeks.,Finding,N/A,,,1,1
6486757a-b9eb-48cf-8821-433edade0f07,,,Specify Other Reason for Transfer,,Free-text record of the reason for patient transfer when not covered by the listed options.,Question,Text,,,1,1
650b6fb3-90e5-4779-8539-2abf3e3d66f4,,,Rule difficulty,,"Answer option denoting difficulty following rules, observed as a behavioral concern.",Finding,N/A,,,1,1
6529170e-53e4-4928-9fab-3a6e268e8b8d,,,Next Session (finding),,Answer option denoting that the item or goal is deferred for review at the next scheduled session.,Finding,N/A,,,1,1
65704992-6565-4ca2-bc4f-d4132ad431ab,,,Health Education,,Answer option denoting that health education was provided as an intervention.,Finding,N/A,,,1,1
657dd4f6-45b7-41cb-9c08-fa5f90727c3b,,,Requires prompting,,Answer option denoting that the patient engages only when prompted during the session or visit.,Finding,N/A,,,1,1
65bd61a6-c59e-4913-acdc-e5de1091d3bd,,,More assistance,,Answer option denoting that the patient requires more assistance with the assessed activity.,Finding,N/A,,,1,1
66158254-f088-4bbd-94f9-cba86ad9d7f5,,,Fragmented/Incomplete,,"Answer option denoting a fragmented or incomplete pattern of the assessed feature, such as sleep or recall.",Finding,N/A,,,1,1
6622da62-be5b-4386-82ff-239540c8f92d,,,0 = Refused,,"Answer option denoting a score of 0, indicating the patient refused the assessed task or dose.",Finding,N/A,,,1,1
662c1e2c-7c1a-442d-ac47-b066356e8167,,,Logical,,Answer option denoting logical thought process on mental status examination.,Finding,N/A,,,1,1
667056e3-c75a-4afc-b93b-8d0ec75d4075,,,Mid Vacuum,,Answer option denoting vacuum-assisted delivery applied at the mid-pelvic station.,Finding,N/A,,,1,1
66d49124-2634-4ed7-83ab-f7844ad6f3e2,,,"Rate/Rhythm control initiated (e.g., Beta-blockers, Digoxin)",Rate/Rhythm control initiated (e.g.,"Answer option denoting initiation of heart rate or rhythm control therapy, such as beta-blockers or digoxin.",Finding,N/A,,,1,1
67a6f635-a3a5-4d81-9661-c9628642f2ff,,,Cognition,,"Free-text record of the patient's cognitive status, including memory, attention, and orientation findings.",Question,Text,,,1,1
67e54701-e4b3-462d-99a5-7aa1a52ae205,,,Fully or nearly fully breastfeeding (Eligible for LAM),Fully or nearly fully breastfeeding,"Answer option denoting full or nearly full breastfeeding, qualifying the mother for the lactational amenorrhea contraceptive method.",Finding,N/A,,,1,1
69089e91-a03c-469f-9f41-56391c96d3ae,,,Slow,,"Answer option denoting a slow rate of the assessed feature, such as speech, movement, or progress.",Finding,N/A,,,1,1
6921db30-39f2-4564-bdb2-700e6e402659,,,Clinical History,,Free-text record of the patient's relevant clinical history for the current encounter.,Question,Text,,,1,1
693f200e-ed64-437e-9f57-8c8a17975cc6,,,Counseling Provider Name,,Free-text record of the name of the provider who delivered the counseling.,Question,Text,,,1,1
69fe57fe-126d-4bb5-8876-981958efddc2,,,Spontaneous,,Answer option denoting spontaneous abortion (miscarriage) rather than an induced procedure.,Finding,N/A,,,1,1
6a024780-469e-4397-a69a-d823b83f8af3,,,Occupational therapy (treatment modality),,Answer option denoting that occupational therapy was the treatment modality provided to the patient.,Finding,N/A,,,1,1
6a63ba3c-c5cb-4846-a61d-79191f526a28,,,End Date,,"Date when the treatment, episode, or monitoring period ended.",Question,Date,,,1,1
6a772477-0862-4d69-a5a7-b58d73f53c97,,,Persistent homicidal ideation,,"Answer option denoting ongoing homicidal ideation, a high-risk mental health finding.",Finding,N/A,,,1,1
6aa3e317-a094-48d2-8239-4d7c450730b0,,,Drain output volume,Drain output (mL),Volume of drain output recorded in milliliters for an observation period.,Question,Numeric,,,1,1
6aebbbaf-462c-4c41-ab59-8bc423274775,,,Supportive friends / social network,,Answer option denoting supportive friends or a social network identified as a protective factor.,Finding,N/A,,,1,1
6b5bd0b3-40f0-4d83-a262-d120f71478b2,,,Fetal Position,,"Free-text record of the fetal position on obstetric examination, such as occiput anterior.",Question,Text,,,1,1
6bc85ef9-f62d-4f0c-aed6-fc0c9e3da9d4,,,Initial OI Assessment,,Answer option denoting an initial assessment for opportunistic infections.,Finding,N/A,,,1,1
6bceeae9-93a8-4326-ab23-9863ab938428,,,Speech,,"Free-text record of speech characteristics on mental status examination, such as rate, volume, and coherence.",Question,Text,,,1,1
6bcf0dc7-0738-4e77-8f61-9f9716e1059f,,,Delayed,,"Answer option denoting a delayed finding or timing, such as a delayed response or milestone.",Finding,N/A,,,1,1
6c70ef43-1fbe-4657-a927-8f24b3d57fff,,,Late (attendance status),,Answer option denoting that the patient arrived late to the scheduled session or appointment.,Finding,N/A,,,1,1
6dc2f7f6-2afb-4337-aa70-725d7482723e,,,Bed Rest,,Answer option denoting bed rest prescribed or advised as part of management.,Finding,N/A,,,1,1
6e01d490-0ad0-481f-bac1-e4b865502237,,,Partial: Missed 1 dose or delayed by more than a week,Partial: Missed 1 dose or delayed b,"Answer option denoting partial adherence, with one dose missed or delayed by more than a week.",Finding,N/A,,,1,1
6ea195eb-3cbc-4560-85ea-f500404c60c2,,,Specify Referral Source,,Free-text record of the referral source when not covered by the listed options.,Question,Text,,,1,1
6ead2b51-b199-4cd2-8798-680f76d7de25,,,Tactile Stimulation,,"Answer option denoting tactile stimulation performed, such as during newborn resuscitation.",Finding,N/A,,,1,1
6eb8b4f6-851f-4eb9-a1c7-acf9c3bf2c7d,,,Behavioral Activation,,Answer option denoting behavioral activation used as a psychotherapeutic intervention.,Finding,N/A,,,1,1
6ee2ebb0-d5c2-4ed5-84fd-99fafcebf20d,,,Tetracycline Ophthalmic Ointment (1%) applied,Tetracycline Ophthalmic Ointment (1,"Answer option denoting application of 1% tetracycline eye ointment, routine newborn ocular prophylaxis.",Finding,N/A,,,1,1
6f68d071-9922-4849-8c39-67175213f19c,,,Excellent: Received all scheduled doses on time (100%),Excellent: Received all scheduled d,"Answer option denoting excellent adherence, with all scheduled doses received on time.",Finding,N/A,,,1,1
6fc8e4f9-2d7e-44ce-9e0b-24abba0be7b1,,,Suicidal ideation Details,,"Free-text record of the nature, frequency, plan, and intent of reported suicidal ideation.",Question,Text,,,1,1
6fe68801-1ae8-4a43-958e-f523e65e1881,,,End/Expiration Time,,"Date when the procedure, infusion, or observation period ended, including the time.",Question,Datetime,,,1,1
7094618d-1e64-4e3c-929c-db4696f227a5,,,Depressed (observed emotional state),,Answer option denoting that the patient's observed emotional state during the encounter is depressed.,Finding,N/A,,,1,1
7164fe52-3543-492e-b010-ef898e2ee922,,,Positioning accordingly,,Answer option denoting appropriate patient positioning performed as a nursing intervention.,Finding,N/A,,,1,1
716e6220-3475-4f94-a3af-aed9885fd7b4,,,Type of IV Fluid,,"Free-text record of the type of intravenous fluid administered, such as normal saline or Ringer's lactate.",Question,Text,,,1,1
717e048b-ca0f-42b6-9ca0-079ebeab4f55,,,Cognitive Flexibility,,"Answer option denoting cognitive flexibility addressed or observed, for example as a therapy skill or cognitive domain.",Finding,N/A,,,1,1
71c8afd8-69a2-4ba9-bea6-8a7e5b8e5bc1,,,Clinical Remarks / Notes,,Free-text record of additional clinical remarks or observations about the encounter.,Question,Text,,,1,1
71e2a5b6-4ea5-4a5f-9b01-353aa172dfb4,,,Once per 3 week,,Answer option denoting a frequency of once every three weeks.,Finding,N/A,,,1,1
72380894-8412-4b0e-bef0-18de883fd32d,,,Family Therapy,,Answer option denoting family therapy provided or planned as an intervention.,Finding,N/A,,,1,1
726788a9-eec8-403e-a771-3630fd09318e,,,Once a year,,Answer option denoting a frequency of once per year.,Finding,N/A,,,1,1
7297151c-81cc-4544-93b6-809380a5378a,,,Sleep,,Free-text record of the patient's sleep pattern and any reported disturbances.,Question,Text,,,1,1
73babbdc-526f-43c3-8c52-5353817a9d1a,,,NGT Feeding,,Answer option denoting feeding administered via nasogastric tube.,Finding,N/A,,,1,1
73edf75d-240e-48c4-93d3-fadd0b96eca0,,,Social functioning,,Answer option denoting the social functioning domain assessed or affected.,Finding,N/A,,,1,1
7416af1a-7c60-4c55-a61a-5fe0cf5e8229,,,Care Provider Name,,Free-text record of the name of the provider who performed the test or delivered the care.,Question,Text,,,1,1
744827f6-4d57-4821-abc3-415e6daa667d,,,Link to Care Plan Goal,,Free-text record linking the documented intervention or progress to a specific care plan goal.,Question,Text,,,1,1
744e82a4-79c8-4e04-9673-3e0959056e92,,,Pressure,,"Numeric value of the pressure recorded, such as a respiratory support delivery pressure setting.",Question,Numeric,,,1,1
749dff1c-1137-4862-93f7-c365dec78168,,,Encouragement,,Answer option denoting encouragement or emotional support provided as a nursing intervention.,Finding,N/A,,,1,1
749f1ccb-2aa3-455a-9e82-c7da56d9c522,,,Practiced Skill,,Answer option denoting that the patient practiced a therapeutic skill during or between sessions.,Finding,N/A,,,1,1
74ac7d31-ddc6-42ec-9d12-013f1cab290c,,,Poor Insight,,Answer option denoting poor insight into illness on mental status examination.,Finding,N/A,,,1,1
74d3c750-8066-4491-8b48-626fa3086a26,,,CPAP,,Answer option denoting continuous positive airway pressure (CPAP) respiratory support.,Finding,N/A,,,1,1
7509d90e-7188-4100-bc0a-216ac44855fe,,,Stockout,,Answer option denoting that a medication or supply was unavailable due to stockout.,Finding,N/A,,,1,1
75b6a873-39cb-4697-93df-cbc87d23ca07,,,Delayed cord clamping (> or = 1–3 minutes),Delayed cord clamping (> or = 1–3 m,"Answer option denoting delayed umbilical cord clamping, performed 1-3 minutes or more after birth.",Finding,N/A,,,1,1
7659c02c-a969-4de4-a9c8-bdd6b6d17ebe,,,Single,,Answer option denoting single marital status.,Finding,N/A,,,1,1
76cd153f-7bab-41ce-a56b-7410ac561a1b,,,Fully Absent,,Answer option denoting that the assessed feature or response is completely absent.,Finding,N/A,,,1,1
77459bff-b817-46f3-94a1-67aec5da5133,,,Dose Number,,Numeric value of the dose number within the treatment or immunization series.,Question,Numeric,,,1,1
774b9166-7bae-4a37-b481-35aa53e64a86,,,Low Forceps,,Answer option denoting low forceps-assisted vaginal delivery.,Finding,N/A,,,1,1
7860441e-27e2-4e35-a59c-3d06931fbde0,,,Group ID,,Free-text record of the identifier for the therapy or support group session.,Question,Text,,,1,1
7870f442-62ec-45bb-9ce7-0b6b8e7e436c,,,Blunted,,Answer option denoting blunted affect on mental status examination.,Finding,N/A,,,1,1
78a4e276-ddc8-421e-8009-6b63d31f725d,,,Self-care (ADLs),,"Answer option denoting the self-care domain, covering activities of daily living.",Finding,N/A,,,1,1
78be40ce-c8d4-4d0d-bec9-3a932c7150f7,,,Post-mortem care,,Answer option denoting care of the body provided after a patient's death.,Finding,N/A,,,1,1
78ce3281-c5bd-4b39-bd52-f168bde368ac,,,Psychodrama Notes,,"Free-text record of observations, themes, and patient participation during a psychodrama therapy session.",Question,Text,,,1,1
7944948c-0a13-474c-a5c6-8b302a90f686,,,Nasal Cannula,,Answer option denoting oxygen delivery via nasal cannula prongs.,Finding,N/A,,,1,1
79796ad1-fd89-4c95-8279-e3b7e12b145d,,,Completed Activity,,Answer option denoting that a planned therapeutic or care activity was completed.,Finding,N/A,,,1,1
7ad4c294-b06a-46d1-bac2-3fb265971810,,,Next Review Date,,Date when the patient is due for the next scheduled clinical review.,Question,Date,,,1,1
7ae130c0-8acf-4b3c-8418-ef247eb1d84f,,,Under 48 hours (Pre-discharge window),Under 48 hours (Pre-discharge windo,"Answer option denoting a timeframe of less than 48 hours, within the pre-discharge window.",Finding,N/A,,,1,1
7b0b8093-16b5-48dc-83d6-0251627f1f53,,,Psychiatric Symptoms Reported by Patient,Psychiatric Symptoms Reported by Pa,Free-text record of psychiatric symptoms the patient reports experiencing.,Question,Text,,,1,1
7bca0115-24d9-4cc8-83d9-0007c4af928e,,,Location / Department,,"Free-text record of the ward, unit, or department where the care event occurred.",Question,Text,,,1,1
7bf57815-87b9-4369-852f-b9e991c716ff,,,Acute (hours–days),,Answer option denoting acute onset or duration of hours to days.,Finding,N/A,,,1,1
7c053647-c194-47d6-94f8-4c5fcde7e32d,,,Peer Interaction Practice,,Answer option denoting a therapeutic activity practicing social interaction with peers.,Finding,N/A,,,1,1
7c93eeb2-c3f8-4a74-8627-e771091f1e18,,,Religious / spiritual beliefs,,Answer option denoting religious or spiritual beliefs as a relevant psychosocial factor or support area.,Finding,N/A,,,1,1
7ca76c24-1a20-4841-981c-258aa1b3ad6d,,,Outlet Forceps,,Answer option denoting an outlet forceps-assisted vaginal delivery.,Finding,N/A,,,1,1
7d048a0a-0913-4a4f-bc6d-d1a85345ce01,,,Clear (observed characteristic),,Answer option denoting that the observed fluid or material appears clear on inspection.,Finding,N/A,,,1,1
7d8882cc-f05a-4727-abce-5a9ab8110289,,,Immediate drying and stimulation,,Answer option denoting immediate drying and stimulation of the newborn performed after birth.,Finding,N/A,,,1,1
7da849bf-3fd3-441e-9715-7af376de4949,,,Refill Needed,,Answer option denoting that a medication refill is required.,Finding,N/A,,,1,1
7dcc2512-ebee-4082-81f2-73c48c5a133b,,,Engaged,,"Answer option denoting active engagement, such as the patient participating attentively during the session or assessment.",Finding,N/A,,,1,1
7de82b44-0cb1-4614-b8bf-1edefaaf6729,,,Diabetic,,Answer option denoting that the patient has diabetes mellitus.,Finding,N/A,,,1,1
7e21e259-12b5-4751-9c3a-c32ff54934e3,,,Medical and Surgical History,,Free-text record of the patient's past medical conditions and surgical procedures.,Question,Text,,,1,1
7ea6bd33-4d45-4820-b549-517701da0230,,,Emotional Expression,,Answer option denoting emotional expression as an observed behaviour or focus of the therapy session.,Finding,N/A,,,1,1
7ee2ff7f-a39a-4894-93e4-7cfc6b328807,,,Cervical Dilatation,,Numeric value of cervical dilatation in centimetres assessed on vaginal examination during labour.,Question,Numeric,,,1,1
7eff0f2c-e05c-4528-9c0b-24ab5e3cfb8f,,,Early initiation of breastfeeding (within 1 hour),Early initiation of breastfeeding (,Answer option denoting breastfeeding initiated within one hour of birth.,Finding,N/A,,,1,1
7f643c27-80e0-4bc8-8473-9cd8fd08d9f0,,,Work,,"Answer option denoting work or employment as the relevant context, stressor, or activity domain.",Finding,N/A,,,1,1
7f76d4a6-7ae1-43d1-ace8-d2c90006fd16,,,Access to healthcare,,Answer option denoting access to healthcare services as a relevant psychosocial factor or need.,Finding,N/A,,,1,1
7f8c744d-0c49-4ba7-9077-b2d14a53e743,,,+5,,Answer option denoting a grade of +5 on the classification scale recorded during anaesthesia assessment.,Finding,N/A,,,1,1
801de9d6-4e75-42eb-95e0-a62b86cdefdc,,,Date and Time of Evaluation,,"Date when the clinical evaluation was performed, including the time.",Question,Datetime,,,1,1
809df17b-85c7-485f-9f77-033688cbc9d3,,,Reason for non-compliance,Non-compliance reason,Free-text record of the patient's stated or observed reason for not adhering to the prescribed treatment or care plan.,Question,Text,,,1,1
819390ed-6665-463b-80a4-7141db1b5235,,,Nature of Specimen,,Free-text record of the type and nature of the specimen submitted for laboratory or pathology examination.,Question,Text,,,1,1
819aa2b0-0fbf-42b6-a1ce-436d3cdaac75,,,Significant Impairment,,Answer option denoting significant functional impairment.,Finding,N/A,,,1,1
81f60061-fa9c-4ea2-ab59-e4e6de9c2b35,,,Not Clinically Indicated,,Answer option denoting that the intervention or test was not clinically indicated.,Finding,N/A,,,1,1
81fb9328-f6ac-45a3-b09b-7ec6aad29ced,,,Stable housing (protective factor),,Answer option denoting that stable housing is present as a protective factor in the patient's risk assessment.,Finding,N/A,,,1,1
82c2d72d-31cc-45f5-8476-b8256df42e0e,,,Forensic History,,"Free-text record of the patient's forensic history, including arrests, convictions, or other legal involvement.",Question,Text,,,1,1
83e94e9b-32df-463b-9f89-758fbc462f1e,,,Repetitive suicide attempts requiring active suicide watch,Repetitive suicide attempts requiri,Answer option denoting repeated suicide attempts necessitating active suicide watch.,Finding,N/A,,,1,1
842cf386-80dc-42b1-a8c9-e7ccd616f91d,,,Given,,Records the treatment administered during emergency care; options include Antiepileptic among the listed medications.,Finding,Coded,2157ee62-b83f-47ef-883b-76c5f21255f6;77054AAAAAAAAAAAAAAAAAAAAAAAAAAAAAAA;80367AAAAAAAAAAAAAAAAAAAAAAAAAAAAAAA,,1,1
84bb0676-b4e9-4d90-8d69-179f213bb94c,,,Order Detail / Specifics,,Free-text record of specific details or instructions accompanying a clinical order.,Question,Text,,,1,1
8524bad5-7021-4a20-b55c-82b7d3985779,,,Female (infant sex),,Answer option denoting that the infant's sex is female.,Finding,N/A,,,1,1
85af5b72-663d-4258-aac3-2cdc510ef899,,,Managed by Patient/Family,,Answer option denoting that the care task or problem is managed by the patient or family.,Finding,N/A,,,1,1
864e6c73-9884-4a9c-839a-39e956561366,,,"Additional notes, free text",,Free-text record of additional clinical observations or remarks not captured by the structured fields of the form.,Question,Text,,,1,1
8681455d-55a7-4fb3-84a4-bb336d60823c,,,Patient Refused,,"Answer option denoting that the patient declined the offered intervention, medication, or service.",Finding,N/A,,,1,1
874163af-d4c0-4ebe-9aec-369809b8cf9b,,,Number of Blood Draws / Samples Collected,Number of Blood Draws / Samples Col,Numeric value of the count of blood draws or samples collected.,Question,Numeric,,,1,1
87444ec0-6fd2-4140-920e-88e2f4aff768,,,Undecided,,Answer option denoting that the patient remains undecided about the choice or plan in question.,Finding,N/A,,,1,1
8757065d-f074-48bc-b10a-8ab26ec21892,,,Operative Vaginal,,"Answer option denoting an operative vaginal delivery, such as vacuum- or forceps-assisted birth.",Finding,N/A,,,1,1
8769edca-b37a-4f6d-bbe0-fd712eab70c6,,,Markedly decreased,,Answer option denoting markedly decreased air entry on chest auscultation.,Finding,N/A,,,1,1
8770a17f-9f9f-4150-995b-bea934826c49,,,Home grown (HG),,"Answer option denoting a locally produced, home-grown (HG) equipment or supply source.",Finding,N/A,,,1,1
87e7b129-aa2b-4c06-9d7d-36b3733014ef,,,Client successfully repeated usage instructions back to the provider.,Client successfully repeated usage,"Answer option denoting that the client correctly repeated usage instructions back to the provider, confirming understanding.",Finding,N/A,,,1,1
8871e3f8-b960-45c4-8199-9743ed857691,,,<2s,,"Answer option denoting capillary refill time under two seconds, indicating adequate peripheral perfusion.",Finding,N/A,,,1,1
888c1cad-c890-47a8-90ef-e17827184801,,,Distracted,,Answer option denoting that the patient appeared distracted or poorly focused during the session.,Finding,N/A,,,1,1
891d59fe-eab5-4de1-bfbc-daf53120d903,,,Resistant to Treatment,,Answer option denoting that the condition has been resistant to treatment.,Finding,N/A,,,1,1
8a741d24-55d3-4b94-8628-343e720c80ca,,,Suctioning,,Answer option denoting airway suctioning performed as an intervention.,Finding,N/A,,,1,1
8b2783b8-6206-463c-9f58-b4c39f42cd5d,,,Daily,,Answer option denoting a once-daily frequency.,Finding,N/A,,,1,1
8b4817b1-4c04-4f4c-a5ea-a15d33832213,,,Total Input,,Numeric value of total fluid intake over the monitoring period.,Question,Numeric,,,1,1
8b67c373-0c20-44df-ae66-8d0180172f1c,,,Refused (patient response),,"Answer option denoting that the patient refused the offered service, medication, or procedure.",Finding,N/A,,,1,1
8c04b9a4-9099-433c-b4f8-52eec873382a,,,More than 6 weeks postpartum,,Answer option denoting that the patient is more than six weeks after delivery at the time of assessment.,Finding,N/A,,,1,1
8c4b8e3f-6579-4a51-92e2-108e8fe9cd25,,,Agitated,,Answer option denoting an agitated state observed on behavioural or mental state assessment.,Finding,N/A,,,1,1
8c6689e5-1382-48bf-8598-e49d34742db9,,,Omitted,,Answer option denoting that a scheduled dose or intervention was omitted.,Finding,N/A,,,1,1
8ce23c63-f9b3-4234-ae24-79e20a14819c,,,Morning (time of entry),,Answer option denoting that the entry or observation was recorded during the morning period.,Finding,N/A,,,1,1
8d82393f-2ca0-43e1-99b7-1cc73cac19ee,,,Limited,,Answer option denoting limited extent of disease on assessment.,Finding,N/A,,,1,1
8da81516-fd4d-48b8-9426-8e6aefe2e7c1,,,Audible with ear,,"Answer option denoting sounds audible with the unaided ear, without a stethoscope or Doppler.",Finding,N/A,,,1,1
8df0d97f-d0c6-4937-9d06-d21e7c54eb5c,,,Homework adherence (if applicable),,Free-text record of the patient's adherence to therapy homework assignments between sessions.,Question,Text,,,1,1
8e2e9801-921f-4600-a0f1-9df967d1142c,,,Breakdown (B),,"Answer option denoting a breakdown (B), such as equipment failure or service interruption.",Finding,N/A,,,1,1
8e33f9f6-0ecf-4589-9a0c-91aedfb110b8,,,Fluid balance narrative,Fluid balance note,Free-text narrative or calculated summary of fluid balance for an observation period.,Question,Text,,,1,1
8e777f8f-120d-4f5a-9552-d17ac2b957ae,,,Outpatient,,Records the outpatient tuberculosis management outcome; options include transfer to DRTB treatment initiation centre and first-line anti-TB regimen.,Finding,Coded,2a7850e6-e745-4864-9ddc-17e4c10a4b0a;55afa075-53e6-478d-a009-6dae608808e7;b1130cb7-7a11-54dd-9f56-875eb4e3fc7e;fd475c4f-d7f5-42b6-b5d1-758e5e3ca963,,1,1
8e9abc72-e9fb-401b-b7ea-0d889bcd4620,,,Crisis Visit,,Answer option denoting that the encounter was an unscheduled crisis visit.,Finding,N/A,,,1,1
8f35bf8b-d656-4cb5-9073-2f8d8ebf8f11,,,2 hours after Lunch,,"Answer option denoting a timing of two hours after lunch, typically for glucose monitoring or medication dosing.",Finding,N/A,,,1,1
8f878873-0de1-4abe-a3a0-3152caa6fe03,,,Cohabiting,,Answer option denoting that the patient is cohabiting with a partner without formal marriage.,Finding,N/A,,,1,1
8fa7e472-8ee5-4b64-9b4a-50ea8b7ef00b,,,Lifelong/since childhood,,Answer option denoting that the symptom or condition has been present lifelong or since childhood.,Finding,N/A,,,1,1
8fb4a7b7-0cfa-4f3b-a380-afde8332cd31,,,Chief Complaint / Presenting Complaint,Chief Complaint / Presenting Compla,"Free-text record of the patient's main presenting complaint, ideally in their own words.",Question,Text,,,1,1
9024c9b8-b6b6-4ec6-83ad-58f83734d470,,,Behavioral Intervention,,Answer option denoting a behavioural intervention provided as part of the nursing care plan.,Finding,N/A,,,1,1
90b58d66-7609-4bce-82cb-cdc7611201b7,,,Ambivalent,,"Answer option denoting an ambivalent attitude, such as mixed feelings toward treatment or a decision.",Finding,N/A,,,1,1
90b6aebc-e797-4e1e-ad5f-4c3c15384fa9,,,Resuscitation (emergency intervention),,Answer option denoting that resuscitation was performed as an emergency intervention for the patient.,Finding,N/A,,,1,1
90cb94d9-bde5-468e-9abe-92cc15a94878,,,If Other Presentation,,Free-text record specifying a presentation not covered by the listed options.,Question,Text,,,1,1
9246b3fc-82b6-4a9c-a1ff-615619babb9c,,,Bachelor's Degree,,Answer option denoting a bachelor's degree as the highest education level attained.,Finding,N/A,,,1,1
929cdc13-6f0d-4c38-b42b-d90e6513275e,,,Diamedica (D),,"Answer option denoting Diamedica (D) equipment, such as an anaesthesia or oxygen device, in use.",Finding,N/A,,,1,1
936ee1d7-567b-4b7d-bf7f-e9225853d62b,,,Skills Training,,"Answer option denoting skills training, such as caregiver teaching, provided as a care-plan intervention.",Finding,N/A,,,1,1
93ea8583-efa8-498d-bf3f-2a8b684c3146,,,Skill Practice,,Answer option denoting practice of a therapeutic skill during the session.,Finding,N/A,,,1,1
941c275a-b40c-4d5e-a497-15e639e691cf,,,Specify Fixative,,"Free-text record of the fixative used to preserve the pathology specimen, such as formalin.",Question,Text,,,1,1
95abc7da-24bf-4dce-9507-74d33452c71a,,,Elevated,,Answer option denoting an elevated level or finding above the normal range.,Finding,N/A,,,1,1
95afb696-e3cb-4132-9044-1e3e97cf356d,,,IV Dose Administered,,Numeric value of the intravenous medication dose administered.,Question,Numeric,,,1,1
976f9a71-024d-457d-b99e-aef583634845,,,Class II: Slight limitation of physical activity.,Class II: Slight limitation of phys,"Answer option denoting functional Class II: slight limitation of physical activity, comfortable at rest.",Finding,N/A,,,1,1
97735cdf-7c7e-41dc-9b76-1dc3ddc3f6a6,,,Retarded,,Answer option denoting psychomotor retardation observed on mental state examination.,Finding,N/A,,,1,1
97c497b1-0157-4670-9023-f04e63f85f0a,,,Platelets (blood component),,Answer option denoting that platelets were the blood component ordered or transfused.,Finding,N/A,,,1,1
983a7c88-7107-4c2b-b0f7-887446419152,,,Impulsive,,Answer option denoting impulsive behaviour observed or reported.,Finding,N/A,,,1,1
9883e103-618d-405a-ade7-4e0ced8bd37b,,,Understood Skill,,Answer option denoting that the patient demonstrated understanding of the skill taught.,Finding,N/A,,,1,1
98de0b0d-7832-47e8-a6a4-2f79a36e5c3b,,,Physician notified,,Answer option denoting that the physician was notified of the finding or event.,Finding,N/A,,,1,1
993446d8-e718-4a4c-bb1a-1a5b082e9afd,,,Session Number,,Numeric value of the sequential therapy or treatment session number.,Question,Numeric,,,1,1
9937be1d-a516-48a1-8e56-68abf0e7d754,,,Progestin-only Implants,,Answer option denoting progestin-only contraceptive implants as the family planning method.,Finding,N/A,,,1,1
99efb67a-3bf7-4f65-9f30-a081c9fea542,,,Medication Side Effects,,Free-text record of side effects the patient has experienced from current medications.,Question,Text,,,1,1
9a1a3c8a-0794-41fd-9b41-b55f5782c5a6,,,Progressive Patient Assessment,,Free-text record of the ongoing clinical assessment of the patient's condition and progress.,Question,Text,,,1,1
9a39f702-3b2f-4357-8194-65d2b11046fe,,,TPN (Total Parenteral Nutrition),,Answer option denoting total parenteral nutrition as the feeding method.,Finding,N/A,,,1,1
9a4df013-8f4b-4eab-ab13-af7e6189401c,,,Symptom Worsening,,Answer option denoting worsening of the patient's symptoms.,Finding,N/A,,,1,1
9acc10bb-dde9-4f75-bfaf-20200e59a72e,,,Specific Instructions for Post-Discharge Care,Specific Instructions for Post-Disc,Free-text record of specific instructions for the patient's care after discharge.,Question,Text,,,1,1
9aef850c-b9e3-4d6e-a525-2d955e48cafa,,,Discharge Time,,"Date when the patient was discharged, including the time.",Question,Datetime,,,1,1
9b11a375-2613-4747-849b-94f23c0e9031,,,Oral Erythromycin (For Penicillin-allergic patients),Oral Erythromycin (For Penicillin-a,Answer option denoting oral erythromycin given as the alternative antibiotic for penicillin-allergic patients.,Finding,N/A,,,1,1
9b21ecf7-b64d-4a4d-aeb7-97fa7b842089,,,Psychotic Behavior,,Answer option denoting psychotic behaviour observed or reported.,Finding,N/A,,,1,1
9b55ccd6-fe12-47b6-9e47-df7fb7513fb1,,,IV Push,,Answer option denoting intravenous push as the medication administration route.,Finding,N/A,,,1,1
9b8fdd65-dc11-457e-8151-6c1a5b3c5b65,,,Linked Goal #,,Free-text record of the treatment-plan goal number to which this intervention or note is linked.,Question,Text,,,1,1
9bc867f5-2cd1-44df-b1b9-d14097bcb3fe,,,Vascular Access Care,,"Answer option denoting care of a vascular access device, such as catheter site maintenance.",Finding,N/A,,,1,1
9be12c5a-db24-4e8f-949d-e2cf77739b47,,,Appearance and Behaviour,,Free-text record of the patient's appearance and behaviour on mental state examination.,Question,Text,,,1,1
9be4cbeb-e958-4269-832c-e66889d628ce,,,< 2 secs,,"Answer option denoting capillary refill time under two seconds, indicating adequate peripheral perfusion.",Finding,N/A,,,1,1
9caace24-470c-48d2-b931-59f23bb7cb2b,,,Meconium-stained,,Answer option denoting meconium-stained amniotic fluid observed at delivery.,Finding,N/A,,,1,1
9cdc3892-87dd-4fb7-b1db-cc41ff5ea3e8,,,Routine Follow-Up,,Answer option denoting a routine scheduled follow-up visit.,Finding,N/A,,,1,1
9d62981f-184b-4fd9-8359-b9afff30ddf2,,,Date and Time of Transfer,,"Date when the patient was transferred, including the time.",Question,Datetime,,,1,1
9d92b3ae-f9a8-44a5-bdc6-e3a6aff7669d,,,Reliable,,Answer option denoting that the patient's or informant's history is considered reliable.,Finding,N/A,,,1,1
9d9e5d87-7aa2-46f5-b72f-39caca921b30,,,Obstetrician,,Answer option denoting an obstetrician as the responsible or attending clinician.,Finding,N/A,,,1,1
9ddab0ca-b2e9-4aa8-8419-c6075bf789a2,,,Time (finding),,"Answer option denoting that the finding relates to time, such as disorientation to time on orientation assessment.",Finding,N/A,,,1,1
9e71e964-a2b1-4a91-b3bd-96dd54689723,,,Date and Time,,"Date when the observation or care event occurred, including the time.",Question,Datetime,,,1,1
9e75c1a9-692d-4298-a59c-a2998fdd0088,,,Incoherent,,Answer option denoting incoherent speech or thought observed on mental state examination.,Finding,N/A,,,1,1
9fb3017f-22e9-4f49-b8e5-7145b18ae533,,,"Differential diagnosis, narrative description",,Free-text record of the differential diagnoses the clinician is considering for the patient's presentation.,Question,Text,,,1,1
a0190e22-e0dd-454e-a05e-27fe7627819a,,,Individual (session format),,Answer option denoting that the session or therapy was delivered one-to-one in an individual format.,Finding,N/A,,,1,1
a097de0d-d0c8-4551-998b-e693d2d14c95,,,Understood Topic,,Answer option denoting that the patient demonstrated understanding of the topic discussed.,Finding,N/A,,,1,1
a0a60bef-7124-4d56-a96e-2d78b2d687d9,,,Shared Work,,Answer option denoting shared or collaborative work undertaken during a therapeutic activity.,Finding,N/A,,,1,1
a0b9cd92-8f83-42eb-9dcc-4dcfac8cf786,,,Forceps then Vacuum,,Answer option denoting an attempted forceps delivery followed by vacuum extraction.,Finding,N/A,,,1,1
a1080688-a427-45ec-97d4-570d76d24e59,,,Patient concerns/stressors,,Free-text record of concerns and stressors reported by the patient.,Question,Text,,,1,1
a13e9816-9826-4648-9114-4b2381cf054a,,,Time of Evaluation (Check every 3 hours),Time of Evaluation (Check every 3 h,"Date when the scheduled three-hourly evaluation was performed, including the time.",Question,Datetime,,,1,1
a1abf370-cf96-452d-b2bb-3a59ea864c55,,,10,,Answer option denoting a value of ten on the recorded scale or score.,Finding,N/A,,,1,1
a1c5f920-077b-452e-b6dd-62e27495e74b,,,NGT insertion,,Answer option denoting insertion of a nasogastric tube performed as an intervention.,Finding,N/A,,,1,1
a1e6bb44-6aa0-4cf9-8322-8e22943cde21,,,Patient's Engagement and Motivation for Treatment,Patient's Engagement and Motivation,Free-text record of the patient's engagement with and motivation for treatment.,Question,Text,,,1,1
a30faed8-f3dc-4780-be86-64a7a7d108cd,,,Fresh,,"Answer option denoting a fresh state, such as an unfixed specimen or a fresh stillbirth.",Finding,N/A,,,1,1
a3b9a351-e657-4e01-b46c-11a536ae3092,,,Details,,Free-text record of additional details elaborating on the selected finding or response.,Question,Text,,,1,1
a481d910-6961-4c11-9898-79f84808e280,,,Other Complication Description,,Free-text record describing a complication not listed among the standard options.,Question,Text,,,1,1
a4b1c3a3-8e1d-45e8-9fc5-cdc0c0b52eb1,,,Past attempts Details,,"Free-text record of details of previous suicide or self-harm attempts, including method and circumstances.",Question,Text,,,1,1
a5491569-807b-4c10-a338-f126bb631ea7,,,Interval IUD insertion,,"Answer option denoting intrauterine device insertion performed at an interval visit, not related to delivery.",Finding,N/A,,,1,1
a62baecb-bcb1-417d-9de7-4f3f21c76e1f,,,Duration of Procedure (minutes),,Numeric value of the procedure duration in minutes.,Question,Numeric,,,1,1
a6626bea-7ae2-4b75-a937-a4029010d219,,,Appropriate,,"Answer option denoting a finding appropriate to context, such as affect or behaviour on examination.",Finding,N/A,,,1,1
a7127567-1fb4-434d-b182-7beb75208921,,,Partial Insight,,Answer option denoting partial insight into the illness on mental state examination.,Finding,N/A,,,1,1
a720316b-4723-4f82-bf4b-4958766c08b1,,,Left Early,,Answer option denoting that the patient left the facility or session before care or the scheduled activity was completed.,Finding,N/A,,,1,1
a76d147c-bddf-4e8c-ba8f-c5090fdea0e6,,,Actual Administration Time,,Date and time when the medication or treatment was actually administered to the patient.,Question,Datetime,,,1,1
a7e6fe3e-6030-45cb-9533-243074269941,,,Work Simulation,,Answer option denoting work simulation as a rehabilitative intervention provided to prepare the patient for occupational tasks.,Finding,N/A,,,1,1
a7fdde71-d503-428f-abd2-7d7e3631790d,,,Focused,,Answer option denoting that the patient was focused and attentive during the clinical encounter or counselling session.,Finding,N/A,,,1,1
a837e308-d883-4952-b48d-402a72e74cd2,,,Follow-Up Date,,Date when the patient is scheduled to return for the next follow-up visit.,Question,Date,,,1,1
a84ceec6-6263-4828-b55b-e7b3e7e1bb60,,,Mixed feeding (infant feeding practice),,Answer option denoting that the infant receives both breast milk and other foods or liquids.,Finding,N/A,,,1,1
a8f67f5a-1497-49ec-8b4f-45456a3ada3a,,,Harm to others Details,,"Free-text record of details about the patient's expressed thoughts, threats, or acts of harm toward other people.",Question,Text,,,1,1
a92aa9c8-0861-4809-9498-5d270d9ea417,,,New activity,,Answer option denoting introduction of a new activity into the patient's therapy or care plan.,Finding,N/A,,,1,1
a980059f-261d-425f-a06d-72f636026766,,,Respiratory Care (Non-Medication),,"Answer option denoting non-pharmacological respiratory care, such as positioning, suctioning, or chest physiotherapy, provided to support breathing.",Finding,N/A,,,1,1
a9b0af74-d36b-424c-8989-9ae93fa10f7b,,,Staff Name,,"Records the staff member responsible for the documented care activity, selected from the facility's configured staff list.",Question,Coded,,,1,1
aa463e74-4ea1-4c36-8d13-ca802b6a2bbf,,,Insight Gained,,Answer option denoting that the patient gained insight into their condition or behaviour during the session.,Finding,N/A,,,1,1
aa7440ae-e7e6-4243-b600-8398cd87ecf0,,,Transfusion stopped immediately,,"Answer option denoting that the blood transfusion was stopped immediately, typically in response to a suspected transfusion reaction.",Finding,N/A,,,1,1
aa9310af-fd8e-4e7f-8a77-262dc7339420,,,Reality Testing,,"Answer option denoting assessment or therapeutic work on reality testing, the patient's ability to distinguish internal experience from external reality.",Finding,N/A,,,1,1
ace4d1fb-f8e4-4a7d-a29e-986faa4460de,,,Adverse,,"Answer option denoting an adverse event, reaction, or unfavourable outcome associated with the treatment or observation.",Finding,N/A,,,1,1
ad2af1a4-59fe-4de9-bb57-5398b11c8448,,,2 hours after Breakfast,,"Answer option denoting that the measurement, typically blood glucose, was taken two hours after breakfast (postprandial).",Finding,N/A,,,1,1
adbc836c-1b76-419c-84c8-af106bee998c,,,Description of Mood,,Free-text record of the patient's reported or observed mood as described during the mental state examination.,Question,Text,,,1,1
ae3c0bcd-583a-4f72-89a5-dcfa13a4c78b,,,Reason for Exception,,"Free-text record of the justification for deviating from the standard protocol, schedule, or expected procedure.",Question,Text,,,1,1
ae939d92-b049-41c9-9de7-005456829ef3,,,CPR,,Answer option denoting that cardiopulmonary resuscitation (CPR) was performed or is applicable to the patient's care.,Finding,N/A,,,1,1
af481562-cf0f-42c9-b2ce-8f01d251e857,,,Caregiver,,"Answer option denoting the patient's caregiver as the person involved, responsible, or providing the reported information or support.",Finding,N/A,,,1,1
afceb83f-2543-43e5-b022-ba0f271deae1,,,Displaced,,"Answer option denoting that the structure assessed, such as a device, tube, or anatomical part, is displaced from its correct position.",Finding,N/A,,,1,1
b051c2e2-8350-45d9-bcab-f39fa0ab62cd,,,TID,,Answer option denoting a three-times-daily (TID) frequency for medication administration or a prescribed care activity.,Finding,N/A,,,1,1
b0bb1750-57c6-4d6c-97d5-8a0c79e41355,,,Good problem-solving,,Answer option denoting that the patient demonstrated good problem-solving ability during assessment or therapy.,Finding,N/A,,,1,1
b10d0a08-73b0-4eef-ba4a-a86f9d730917,,,Turn every 2 hours,,"Answer option denoting a nursing instruction to reposition the patient every two hours, typically for pressure injury prevention.",Finding,N/A,,,1,1
b20b9773-e993-4b4d-beef-5f29e83bc59c,,,48 hours to 4 weeks,,Answer option denoting onset or duration of the condition between 48 hours and 4 weeks.,Finding,N/A,,,1,1
b312c6aa-d000-4adf-92c7-c04a5aacc9ef,,,0,,Answer option denoting a score or count of zero on the assessed scale or item.,Finding,N/A,,,1,1
b34b663e-aa65-4e9e-9831-835797a82382,,,"If yes, details",,Free-text record of additional details elaborating on a preceding question answered affirmatively.,Question,Text,,,1,1
b368a108-2b2d-48b5-904b-98824951c2e2,,,psychiatric,,"Answer option denoting a psychiatric category, such as a psychiatric cause, condition type, or service involved in the patient's care.",Finding,N/A,,,1,1
b3a9efc6-412b-4ed9-9679-e7fc656bb731,,,Blood Glucose Level,,Numeric value of the patient's measured blood glucose concentration.,Question,Numeric,,,1,1
b43d5781-2d28-4026-b30b-46e6a9a4aa62,,,Strong family support,,Answer option denoting strong family support as a protective factor in the patient's psychosocial assessment.,Finding,N/A,,,1,1
b4bdb9ad-6dab-484f-b68d-69a48114e9cd,,,Interventions Provided,,Free-text record of the clinical or therapeutic interventions delivered to the patient during the encounter.,Question,Text,,,1,1
b55c244e-84e0-40d4-af61-f882213ac321,,,+4,,Answer option denoting a grade of +4 on the scale assessed during anesthesia re-evaluation classification.,Finding,N/A,,,1,1
b614b6bf-0b2e-46be-b986-46dcd5f407bf,,,Diploma,,Answer option denoting diploma-level education as the patient's or staff member's highest educational attainment.,Finding,N/A,,,1,1
b6f8afb4-5b0c-45f9-9cfc-ea8d35b29624,,,Erythematous (E),,"Answer option denoting an erythematous (reddened) appearance of the assessed site, such as skin, a wound, or an insertion site.",Finding,N/A,,,1,1
b721a37b-79b6-4a15-a1d4-f5a3cb21f978,,,Sewing,,Answer option denoting sewing as an activity used or observed in occupational therapy or skills assessment.,Finding,N/A,,,1,1
b745e721-bae6-4445-b75d-2710a1debe10,,,Class III: Marked limitation of physical activity.,Class III: Marked limitation of phy,"Answer option denoting functional Class III: marked limitation of physical activity, with symptoms on less-than-ordinary exertion.",Finding,N/A,,,1,1
b79763c4-d518-43ae-8472-a9415aa6b64a,,,Calm,,Answer option denoting that the patient appeared calm on behavioural or mental state observation.,Finding,N/A,,,1,1
b7b07c42-7251-4dc3-b10b-82e9fb17e5bd,,,Vacuum,,Answer option denoting a vacuum device as the instrument used for the documented procedure.,Finding,N/A,,,1,1
b85f0e48-d15f-404d-b052-b2c2fc411aab,,,3 = Active,,"Answer option denoting a score of 3, indicating an active level on the assessed rating scale.",Finding,N/A,,,1,1
b89183ac-66b8-4cb5-b8e7-b710e49dfae8,,,Therapeutic Approach - Other,,Free-text record of a therapeutic approach used that is not listed among the predefined options.,Question,Text,,,1,1
b96bc7c1-aaf3-43f7-aed4-ac7c1af283e8,,,Mother's Admission Diagnosis,,"Free-text record of the mother's diagnosis at admission, documented in the newborn's or maternity record.",Question,Text,,,1,1
b9950d94-acdc-4b89-bbee-ae846b653bb4,,,Cryoprecipitate,,Answer option denoting cryoprecipitate as the blood product transfused or prescribed.,Finding,N/A,,,1,1
b9bb963c-6c5e-4fc4-afed-cabef10c7461,,,Once Per 2 month,,Answer option denoting a frequency of once every two months for the prescribed treatment or care activity.,Finding,N/A,,,1,1
b9d31f53-193c-4f53-945a-c29b863f78e6,,,Interview Language,,Free-text record of the language in which the clinical interview or assessment was conducted.,Question,Text,,,1,1
b9e63df4-dbc6-45b7-9ea3-b0013f437d3b,,,Sub acute (days–weeks),,"Answer option denoting a subacute onset or course, developing over days to weeks.",Finding,N/A,,,1,1
ba1f92b1-741a-49a0-bf35-57d66a5194b3,,,"Progestin-only Injectables (e.g., DMPA)","Progestin-only Injectables (e.g., D","Answer option denoting progestin-only injectable contraception, such as DMPA, as the family planning method chosen or provided.",Finding,N/A,,,1,1
baabef34-cfa8-4da3-ad62-d882250b7e70,,,Not Assigned,,"Answer option denoting that no value, category, or responsible person has yet been assigned for this item.",Finding,N/A,,,1,1
baf864b1-62b0-45df-b90f-d9a09f727b95,,,SC,,Answer option denoting the subcutaneous (SC) route of medication administration.,Finding,N/A,,,1,1
bb148095-1fef-46f1-a1e2-299c6d5e6fc5,,,ADL Training,,Answer option denoting training in activities of daily living (ADL) as a rehabilitative intervention provided.,Finding,N/A,,,1,1
bb35baff-f288-4d99-ab09-3714e25d3508,,,Relaxation Techniques,,Answer option denoting relaxation techniques as a non-pharmacological intervention provided to the patient.,Finding,N/A,,,1,1
bb44f625-9dfc-433c-a36c-0fc48879ac93,,,Current Weight,,Numeric value of the patient's current body weight.,Question,Numeric,,,1,1
bb734330-1853-4842-8a8e-425e2257e298,,,Barrier Methods (Male/Female Condoms),Barrier Methods (Male/Female Condom,"Answer option denoting barrier contraception, male or female condoms, as the family planning method chosen or provided.",Finding,N/A,,,1,1
bba176ad-e443-4222-9056-fda3de6138c4,,,Uterine Contractions: Duration,,"Numeric value of the duration of each uterine contraction, typically in seconds, assessed during labor monitoring.",Question,Numeric,,,1,1
bbe2c152-7bc2-4507-851a-0716c68b269a,,,Combined Oral Contraceptive Pills (COCs) - If non-breastfeeding,Combined Oral Contraceptive Pills (,"Answer option denoting combined oral contraceptive pills as the method chosen, appropriate only for non-breastfeeding postpartum clients.",Finding,N/A,,,1,1
bc4e7e34-1f22-4dee-9c97-dc2d30c1d7b5,,,Catheterization (performed procedure),,Answer option denoting that urinary catheterization was performed on the patient.,Finding,N/A,,,1,1
bcfdaedc-6be5-451f-adc5-e4a4f65ce899,,,Q4H,,Answer option denoting an every-four-hours (Q4H) frequency for medication administration or a prescribed care activity.,Finding,N/A,,,1,1
bdb738f0-9b84-4d01-9d65-0eeb19c7516b,,,Lactational Amenorrhea Method (LAM) - Only if fully breastfeeding,Lactational Amenorrhea Method (LAM),"Answer option denoting the lactational amenorrhea method (LAM) of contraception, applicable only while the client is fully breastfeeding.",Finding,N/A,,,1,1
bdd025f1-c787-4802-a4c2-cbd4fe0dfd5c,,,Hudson (H),,Answer option denoting a Hudson mask as the oxygen delivery device used for the patient.,Finding,N/A,,,1,1
beec1437-9864-40c5-a118-a8047206d1aa,,,Readiness to Change,,Answer option denoting assessment or therapeutic focus on the patient's readiness to change health-related behaviour.,Finding,N/A,,,1,1
bf08083c-dfb7-4625-ad7a-d6783e235756,,,Activity- Specific Observations Notes,Activity- Specific Observations Not,"Free-text record of observations specific to the activity the patient performed, noted during the therapy or care session.",Question,Text,,,1,1
c027aaa3-7d6f-42dd-b2fc-2d5530387814,,,Redirection,,Answer option denoting redirection as a behavioural intervention used to guide the patient back to appropriate activity or focus.,Finding,N/A,,,1,1
c08a234b-c36c-429b-9738-feab2bd84271,,,Mood/Affect,,Free-text record of the patient's mood and affect as observed during the mental state examination.,Question,Text,,,1,1
c0a8efd1-187c-4438-a04e-74ab0de43fcb,,,GP,,Free-text record of the patient's gravida and parity (GP) obstetric summary documented on ward assessment.,Finding,Text,,,1,1
c0e211e6-e503-4b66-aed3-6f2d92b8c67a,,,Blood-stained,,"Answer option denoting a blood-stained appearance of the fluid, discharge, or secretion observed.",Finding,N/A,,,1,1
c1086239-cb5b-40a4-a90c-05404d455ba2,,,Side Effects Observed,,Free-text record of side effects observed in the patient following medication administration or treatment.,Question,Text,,,1,1
c11e0dc8-739a-4c4e-ab87-38247733a6ce,,,Pain score (numeric rating),,"Numeric value of the patient's reported pain intensity on a standard rating scale, typically 0 to 10.",Question,Numeric,,,1,1
c121a498-f962-4ed3-aae7-cb44f3bca8e4,,,Asked Questions,,"Answer option denoting that the patient or client asked questions, indicating engagement with the education or counselling provided.",Finding,N/A,,,1,1
c1266278-54d4-4fef-a2fc-a1e1b695ba68,,,Once Per month,,Answer option denoting a once-monthly frequency for the prescribed treatment or care activity.,Finding,N/A,,,1,1
c20fd536-e211-440c-99cb-5d00cfcb93cc,,,Total Hourly Infusion,,Numeric value of the total volume of fluid infused per hour from all running infusions.,Question,Numeric,,,1,1
c3c2c358-8a30-4458-9056-2958acddb5d0,,,Date and Time Stopped,,"Date and time when the infusion, transfusion, or treatment was stopped.",Question,Datetime,,,1,1
c3e868cc-2d80-499c-b462-7501e319a5db,,,Clear / Milky (numeric),,"Numeric value of the volume of clear or milky gastric aspirate observed, recorded in milliliters.",Question,Numeric,,,1,1
c43d13b2-95cb-4c7b-a59f-d4de8555195d,,,Fatigued,,Answer option denoting that the patient appeared or reported feeling fatigued.,Finding,N/A,,,1,1
c448383e-29e2-41fa-ade5-7e036bb89063,,,Appetite (text),,Free-text record of the patient's appetite and any recent changes in eating pattern.,Question,Text,,,1,1
c472e28e-2293-4db2-9b1e-726fb78af6e3,,,Client was informed of warning signs regarding their chosen method and when to return to the facility.,Client was informed of warning sign,Answer option denoting that the client was counselled on warning signs of their chosen contraceptive method and when to return.,Finding,N/A,,,1,1
c48170e6-022c-40d8-a26d-89541982761b,,,Start Time,,"Date and time when the documented activity, such as a nursing round, procedure, or session, began.",Question,Datetime,,,1,1
c4d25a57-5f07-4baf-b581-fd35970d6a13,,,Summary of Interventions Provided/ Clinical Observation,Summary of Interventions Provided/,Free-text record summarizing the interventions provided and the clinical observations made during the encounter.,Question,Text,,,1,1
c4da62de-00d5-44b3-ae1c-7f1ffb330621,,,Recalled Key Points,,Answer option denoting that the patient recalled the key points of the education or counselling previously given.,Finding,N/A,,,1,1
c4e2e25b-cd85-417c-8ad7-22279f8e7e47,,,Session duration,,"Numeric value of the length of the therapy or counselling session, typically in minutes.",Question,Numeric,,,1,1
c52aa24d-30a0-4126-8c01-8d522cabafc9,,,Dose Administered,,Numeric value of the medication dose actually administered to the patient.,Question,Numeric,,,1,1
c5443c8e-5829-49bc-b8f3-71523709745e,,,Tremors,,"Answer option denoting that tremors were observed in the patient, for example as a medication side effect or neurological sign.",Finding,N/A,,,1,1
c5a05e50-7b99-492b-a028-f4dabcb25bc6,,,Out of Bed to Chair,,Answer option denoting a mobility order or achievement of transferring the patient out of bed to a chair.,Finding,N/A,,,1,1
c5d54f83-76d8-44ee-8abf-9f70d4b46ed9,,,Ambulate with Assistance,,"Answer option denoting that the patient ambulates with assistance, as a mobility status or activity order.",Finding,N/A,,,1,1
c602b29c-77fe-49ad-a25e-9ba0237368be,,,Treatment goals for next session,,Free-text record of the treatment goals agreed for the patient's next therapy session.,Question,Text,,,1,1
c60dcb9b-ee9e-4685-9af2-ce776d5e24a7,,,Oligohydramnios / Polyhydramnios,,"Answer option denoting abnormal amniotic fluid volume, either oligohydramnios (too little) or polyhydramnios (too much), identified on obstetric assessment.",Finding,N/A,,,1,1
c64ce46a-2b9a-4bb2-9e42-c8d98fbe25d0,,,Identified Thoughts / Beliefs,,"Answer option denoting that the patient identified relevant thoughts or beliefs, typically during cognitive-behavioural therapeutic work.",Finding,N/A,,,1,1
c6741acf-8f93-400e-8a44-5e2453a855b0,,,Remote,,"Answer option denoting a remote timeframe, mode of care delivery, or distant history as applicable to the assessed item.",Finding,N/A,,,1,1
c69ea33f-4cc3-42ea-909b-5d7403bb3c3c,,,Postpartum IUD (PPIUD) insertion,,Answer option denoting insertion of a postpartum intrauterine device (PPIUD) as the contraceptive method provided after delivery.,Finding,N/A,,,1,1
c6a0cda9-6d1e-43d5-a0cb-08a6757f4263,,,Psychiatric History,,"Free-text record of the patient's past psychiatric history, including previous diagnoses, admissions, and treatments.",Question,Text,,,1,1
c7c9a8f7-cd2f-4c6c-b482-935f3677d430,,,RAM,,Answer option denoting a RAM cannula as the respiratory support interface used for the patient.,Finding,N/A,,,1,1
c8081e79-ea6a-437e-8868-099b9b4fa309,,,Self-Neglect Notes,,"Free-text record of observations concerning the patient's self-neglect, such as poor hygiene, nutrition, or self-care.",Question,Text,,,1,1
c950c653-f8bd-42eb-936e-ef56da4d153f,,,Interventions - Other,,Free-text record of an intervention provided that is not listed among the predefined options.,Question,Text,,,1,1
c9822fb4-3b34-46e5-811d-2464c54246b2,,,Pending,,"Answer option denoting that the result, action, or decision is still pending and not yet completed.",Finding,N/A,,,1,1
c9e43224-f310-4e35-98a6-479ca02ca1c0,,,Time of Next Feeding,,Date and time when the patient's or infant's next feeding is scheduled.,Question,Datetime,,,1,1
ca721ea3-54fa-4b07-988a-23167dcf43fc,,,Class I: No limitation of physical activity.,Class I: No limitation of physical,"Answer option denoting functional Class I: no limitation of physical activity, with ordinary activity causing no symptoms.",Finding,N/A,,,1,1
cb080b73-3065-43eb-a12f-ad94903824fb,,,Uterine Contractions (Ux Contraction),Uterine Contractions (Ux Contractio,"Free-text record of the character of uterine contractions, such as frequency, strength, and regularity, assessed during labor monitoring.",Question,Text,,,1,1
cb3e06aa-9fc1-4183-89a1-b977f70607bb,,,Frustrated,,Answer option denoting that the patient appeared or reported feeling frustrated during observation or the session.,Finding,N/A,,,1,1
cb954dad-451e-466a-9b4a-fa7d200f225f,,,Total Downes' Score,,"Numeric value of the total Downes' score, grading the severity of neonatal respiratory distress.",Question,Numeric,,,1,1
cbb5c0bf-a8cf-4f49-83c0-7f92e9049a94,,,Swelling (S),,"Answer option denoting swelling at the assessed site, such as skin, a wound, or an insertion site.",Finding,N/A,,,1,1
ccebf75c-ce2f-40fa-adc7-fb52dc7999b6,,,Reason for Sequential Use,,"Free-text record of the clinical rationale for using treatments, methods, or medications sequentially rather than concurrently.",Question,Text,,,1,1
cd093525-1f35-4e91-8c15-204c1d932175,,,Behavior (text),,Free-text record of the patient's observed behavior during the encounter or therapy session.,Question,Text,,,1,1
cd0b047b-9fee-4d13-8028-cdaa7366d69d,,,Vitamin K1 administered,,"Answer option denoting that prophylactic vitamin K1 was administered, typically to the newborn after delivery.",Finding,N/A,,,1,1
ce04e913-0df8-47fa-b90a-314c67ca5d36,,,Occasional,,"Answer option denoting that the symptom, behaviour, or finding occurs occasionally rather than frequently or constantly.",Finding,N/A,,,1,1
ce0ac621-7856-4a72-a157-3c444d7816c9,,,BCG Vaccine Date,,Date when the BCG vaccine was administered to the child.,Question,Date,,,1,1
ce243029-c835-4836-9d26-a07c39a7845b,,,In patient,,Answer option denoting inpatient status as the setting of the patient's care or the disposition chosen.,Finding,N/A,,,1,1
ce7b850b-ab76-4d44-9893-9ea8fa897c7c,,,Undetermined,,"Answer option denoting that the item, such as the patient's discharge destination, has not yet been determined.",Finding,N/A,,,1,1
ce923c49-abf5-4d97-bad2-34ee4158c75c,,,Community/Self,,"Answer option denoting the community or the patient themselves as the source of referral, support, or care.",Finding,N/A,,,1,1
cfcfa90b-e304-47e7-98ac-7ebf08242664,,,Attentive,,"Answer option denoting that the patient was attentive during observation, assessment, or the counselling session.",Finding,N/A,,,1,1
d040a264-9f7e-4981-88b0-38e18f7f2f2b,,,Supported Employment,,Answer option denoting supported employment as a psychosocial rehabilitation intervention provided to the patient.,Finding,N/A,,,1,1
d067def5-f667-4d4e-b711-4177585e2b6e,,,Skills coaching,,Answer option denoting skills coaching as a rehabilitative or psychosocial intervention provided to the patient.,Finding,N/A,,,1,1
d0cbec71-b7ee-4745-8f56-3b14909d3647,,,Afternoon (time of entry),,Answer option denoting that the entry or observation was recorded during the afternoon period.,Finding,N/A,,,1,1
d0cec53d-92f2-43eb-b321-9f8ffed7110f,,,"Diuretics adjusted (e.g., Furosemide)","Diuretics adjusted (e.g., Furosemid","Answer option denoting that diuretic therapy, such as furosemide, was adjusted as part of the patient's management.",Finding,N/A,,,1,1
d129e9d0-fccd-46cc-9d27-cdbfdc0260ba,,,Isolation (order type),,Answer option denoting that isolation precautions were the type of order placed for the patient.,Finding,N/A,,,1,1
d170eb95-b657-46f3-a08a-464762f60006,,,Time of Admission,,Date and time when the patient was admitted to the ward or unit.,Question,Datetime,,,1,1
d1b8a5b1-753c-49f8-8c2c-0e4ffe7865e2,,,Last Menstrual Period,,"Date when the patient's last menstrual period began, used for obstetric dating and gynecologic assessment.",Question,Date,,,1,1
d269a661-f1bf-4a11-8b82-1207de30a4da,,,Oxygen Flow Rate (L/min),,"Numeric value of the oxygen flow rate delivered to the patient, in liters per minute (L/min).",Question,Numeric,,,1,1
d3b1e013-27ab-4b8c-a4f4-be2e7650ac77,,,Withdrawn,,Answer option denoting that the patient appeared withdrawn or disengaged during the clinical encounter or counselling session.,Finding,N/A,,,1,1
d3b5c439-e7ac-4e20-9b7c-ab5057a309ef,,,Remarks,,"Free-text record of additional remarks or comments relevant to the assessment, checklist, or encounter.",Question,Text,,,1,1
d3e8204c-b25f-46a5-a806-d45115346954,,,Receiving Clinician Name,,"Free-text record of the name of the clinician receiving the patient at handover, referral, or transfer.",Question,Text,,,1,1
d5be35b5-f65f-480b-b66b-a1fdb6416e5c,,,Clear Liquids,,Answer option denoting a clear-liquids diet as the patient's prescribed oral intake.,Finding,N/A,,,1,1
d5e2997f-6561-4a16-8b4d-19f5c57f6aa2,,,Needs Support,,Answer option denoting that the patient requires assistance or support in the assessed area of functioning.,Finding,N/A,,,1,1
d65d37d5-b60a-4d23-8703-d8693dbd6831,,,Once Per 4 month,,Answer option denoting a visit or treatment frequency of once every four months.,Finding,N/A,,,1,1
d680ba8f-b114-4e9d-82f7-7322e2354acb,,,Speech - Other,,Free-text record of a speech abnormality observed on mental status examination that is not covered by the listed speech descriptors.,Question,Text,,,1,1
d6b2651d-823b-4806-8d6e-2453aa45ee88,,,Serum Electrolytes (text),,Free-text record of the patient's serum electrolyte results as transcribed from the laboratory report.,Question,Text,,,1,1
d722748a-b37b-4cc1-97c8-9c8ab25a1df7,,,Psychoeducation Notes,,"Free-text record of psychoeducation provided during the session, including topics covered and the patient's understanding or response.",Question,Text,,,1,1
d7a95bc4-0f96-42ce-bb9f-034ebb148a0d,,,Infant date of birth,,"Date when the infant was born, recorded for newborn care documentation.",Question,Date,,,1,1
d8136dfa-cfb1-46a6-95e8-771fc1e83dc4,,,Active (participation level),,Answer option denoting that the patient participated actively in the session or activity.,Finding,N/A,,,1,1
d821e8c9-0e3d-42dc-866b-4e4644908b20,,,Blood Bag / Unit Number,,"Free-text record of the identification number of the blood bag or unit transfused, used for traceability and transfusion-reaction investigation.",Question,Text,,,1,1
d8481801-d998-4f04-83ce-e43b65221caa,,,Diluent Used,,Free-text record of the diluent solution used to reconstitute or dilute an administered medication.,Question,Text,,,1,1
d89c421f-2662-477b-b3c9-e5358de3b5ea,,,Referrals / Consultations,,"Free-text record of referrals made or consultations requested for the patient, including the receiving service or specialist.",Question,Text,,,1,1
d8a35aab-ed7c-40ab-8dcc-073d6c50dd04,,,Twice weekly,,Answer option denoting a visit or treatment frequency of two times per week.,Finding,N/A,,,1,1
d8f5921b-6052-4226-99c2-280dec9a18f6,,,Specify Other Condition,,Free-text record specifying a patient condition not listed among the predefined options.,Question,Text,,,1,1
d94166e7-718a-42d2-9e3f-967f6628303b,,,Guarded,,"Answer option denoting a guarded attitude or demeanor, with the patient reluctant to share information during assessment.",Finding,N/A,,,1,1
d9d47adf-11db-4614-9e8a-26a8d98ed555,,,Individual Therapy,,Answer option denoting individual (one-to-one) therapy as the treatment modality or intervention provided.,Finding,N/A,,,1,1
da6005ce-be83-40db-bf69-759535c4d9d5,,,Date Received,,"Date when the item, specimen, or referral was received by the responsible unit.",Question,Date,,,1,1
db294d57-a10c-46de-8f03-a3f4d2a51326,,,Date of Specimen Taken,,Date when the laboratory specimen was collected from the patient.,Question,Date,,,1,1
db33ed5a-5dd5-4907-bbd3-36af6401104d,,,Loss of control,,Answer option denoting a reported or observed loss of behavioral or emotional control.,Finding,N/A,,,1,1
dcf88ce9-74e9-4c6c-a2ff-d189136699d6,,,Spontaneous Vaginal,,Answer option denoting a spontaneous vaginal delivery without instrumental or operative assistance.,Finding,N/A,,,1,1
dd29af66-ac05-4706-8f19-ef2925101e9e,,,Required Redirection,,Answer option denoting that the patient required redirection by staff during the session or observed activity.,Finding,N/A,,,1,1
dd55a56d-315f-47d4-aba4-e430533cccb8,,,Forceps,,"Answer option denoting forceps as the instrument used during the procedure, such as biopsy forceps at colonoscopy.",Finding,N/A,,,1,1
ddeaf4fb-e863-4b2b-8a12-4704f2c46e20,,,Feeding,,"Free-text record of the patient's feeding status and plan, including route, type, and tolerance, as documented in the ICU progress note.",Finding,Text,,,1,1
dec671ea-cc7f-4fa4-8b82-e48e3a3e9db1,,,Commode Privileges,,Answer option denoting an activity order permitting the patient to use a bedside commode.,Finding,N/A,,,1,1
df2383c0-1c37-4e3b-8d1e-fd801e4e1ec2,,,Contraindicated/Allergy,,Answer option denoting that an intervention or medication was withheld because it is contraindicated or the patient is allergic.,Finding,N/A,,,1,1
df46852b-73d0-4575-85cd-a5f3f44ff225,,,8,,Answer option denoting a value or score of 8 on the relevant scale or count.,Finding,N/A,,,1,1
e023e64d-c632-452e-9596-8bdd06c13e9c,,,Thought Content (text),,"Free-text record of the patient's thought content, including delusions, obsessions, or preoccupations noted on mental status examination.",Question,Text,,,1,1
e058b288-a3bf-4447-81f2-c27daf308fb4,,,Distended,,Answer option denoting a distended abdomen found on inspection or examination.,Finding,N/A,,,1,1
e0fd2ff5-f4f4-4beb-8524-3bbe6207107b,,,Manual,,"Answer option denoting a manual method or technique, performed by hand rather than with an instrument or device.",Finding,N/A,,,1,1
e122d712-a317-4bcc-8671-9bd0bd00e128,,,"Are there signs of a postpartum complication or infection? (e.g., severe fever, unexplained pelvic pain)",Are there signs of a postpartum com,"Answer option denoting the presence of warning signs of postpartum complication or infection, such as severe fever or unexplained pelvic pain.",Finding,N/A,,,1,1
e338e305-37c6-4572-bd2c-276e599a8d36,,,Frequency - Other,,Free-text record specifying a frequency not listed among the predefined frequency options.,Question,Text,,,1,1
e38571e6-de99-4c7d-844e-711c3b500562,,,University/College,,Answer option denoting university or college as the patient's highest educational level attained.,Finding,N/A,,,1,1
e3b80b24-3b54-4a00-8251-e6459499ab95,,,Family Counseling,,"Answer option denoting family counseling provided as an intervention, such as supporting parents of a neonate in intensive care.",Finding,N/A,,,1,1
e3d066f5-f8ab-4e8d-bc21-df2fcbe4af30,,,IM 1mg,,"Answer option denoting intramuscular administration of a 1 mg dose, as for neonatal vitamin K1 prophylaxis.",Finding,N/A,,,1,1
e3f8f465-2863-4a77-b5d0-da623203a3ce,,,60-80/min,,Answer option denoting a measured rate of 60 to 80 per minute.,Finding,N/A,,,1,1
e409215e-2e9d-4fa6-9c94-362eaf8263b1,,,Body Mass Index (BMI),,"Free-text record of the patient's body mass index (BMI), the weight-for-height ratio used to classify nutritional status.",Question,Text,,,1,1
e44a7548-302b-462f-a8a6-1aa964c3a335,,,Intended Victim,,"Free-text record identifying the person toward whom the patient has expressed harmful intent, documented during violence-risk assessment.",Question,Text,,,1,1
e4e6c741-37aa-4b5b-8c4e-16c7428f0b07,,,Ad Lib,,"Answer option denoting an unrestricted (ad lib) order, allowing activity or intake as the patient desires.",Finding,N/A,,,1,1
e5b51400-7cab-446b-8161-37bed4c82bcb,,,Substance Use Counseling,,Answer option denoting substance use counseling provided as an intervention during the encounter.,Finding,N/A,,,1,1
e602b903-01a1-4bb3-872a-e9e2ad0534db,,,Every Other week,,Answer option denoting a visit or treatment frequency of once every two weeks.,Finding,N/A,,,1,1
e64da8c0-87be-47cb-ae11-60fdb7099142,,,Wound Care,,Answer option denoting wound care performed or planned as a nursing intervention.,Finding,N/A,,,1,1
e67dfd3b-be23-404d-82f7-a544bc9bef09,,,Previous Similar Episode Details,,"Free-text record describing previous episodes similar to the presenting complaint, including timing, treatment, and outcome.",Question,Text,,,1,1
e6a33ffc-c6f0-4722-8027-78dfb2b296de,,,Spiritual distress,,Answer option denoting spiritual distress identified as a patient problem or nursing diagnosis.,Finding,N/A,,,1,1
e6a3d743-a89e-448b-b8b2-b9467a6b0b55,,,Pronouncing Provider,,Free-text record of the name of the clinician who pronounced the patient's death.,Question,Text,,,1,1
e6c5a098-f9d8-45fa-aa0c-8cc30e27a79f,,,Fluid Intake (mL/4 hrs),,"Numeric value of the patient's fluid intake in milliliters over a four-hour period, used for intake-output monitoring.",Question,Numeric,,,1,1
e72fbc6a-01ce-4889-8ddb-9b757964739b,,,Skin-to-skin contact initiated (> 1 hour),Skin-to-skin contact initiated (> 1,Answer option denoting that skin-to-skin contact between mother and newborn was initiated and maintained for more than one hour.,Finding,N/A,,,1,1
e7397a74-ada5-4c96-8e3c-6974f81a8e94,,,Continuous Infusion,,Answer option denoting administration of a medication or fluid by continuous intravenous infusion.,Finding,N/A,,,1,1
e7b2e98b-4022-42d2-a2c7-6aa79ff184e5,,,Progestin-only Pills (POPs),,Answer option denoting progestin-only pills (POPs) as the contraceptive method chosen or in use.,Finding,N/A,,,1,1
e80a84c5-e1dd-418e-835a-a968ab1a2de5,,,IV cannula insertion,,Answer option denoting insertion of an intravenous cannula performed as a procedure or intervention.,Finding,N/A,,,1,1
e8110afa-2f17-42e6-9b90-21e5c511a44e,,,Non-Compliant,,Answer option denoting that the patient is not adherent to the prescribed treatment or plan.,Finding,N/A,,,1,1
e87cd304-2c09-41a1-aa16-6554936641ea,,,Good Insight,,"Answer option denoting good insight, with the patient recognizing their illness and the need for treatment.",Finding,N/A,,,1,1
e8821c1e-a3d6-43c6-af96-96fe5c56f798,,,Discharge from Group,,Answer option denoting the patient's discharge from group therapy or a group program.,Finding,N/A,,,1,1
e8d7c1eb-6432-48b7-8458-782d4a9827a7,,,Other Lab Tests (Specify),,Free-text record specifying laboratory tests ordered or performed that are not listed among the predefined options.,Question,Text,,,1,1
e915db4f-bcb3-42b6-bfae-75b593da9fc9,,,Once Per 6 month,,Answer option denoting a visit or treatment frequency of once every six months.,Finding,N/A,,,1,1
e9664bd0-3c69-4178-99bf-e3304e3acfc1,,,Medication Review,,Answer option denoting a medication review performed or planned as part of the patient's care.,Finding,N/A,,,1,1
e9864c7f-9b69-431b-a289-0dc092cb7bda,,,Duration of CPR,,"Numeric value of the duration of cardiopulmonary resuscitation performed, typically recorded in minutes.",Question,Numeric,,,1,1
e9a931ba-5910-439e-8760-d4ef368c991d,,,Every other Month,,Answer option denoting a visit or treatment frequency of once every two months.,Finding,N/A,,,1,1
ebe5dcf5-0201-4984-8911-edb744f34024,,,Aggression (risk and safety concern),,Answer option denoting that aggression is present as an identified risk or safety concern.,Finding,N/A,,,1,1
ec21eac4-efd2-4538-96a7-05982cd4a7ad,,,Goal Setting,,Answer option denoting goal setting undertaken with the patient as a therapeutic intervention.,Finding,N/A,,,1,1
ecae5a1f-5351-4841-ab5d-d94962cd55a2,,,Blood-stained (numeric),,"Numeric value of the volume of blood-stained gastric aspirate observed, recorded in milliliters.",Question,Numeric,,,1,1
ed20c24d-91fb-45da-9d24-12a25d54b594,,,Episodic (illness course),,"Answer option denoting that the illness follows an episodic course, with discrete episodes separated by periods of remission.",Finding,N/A,,,1,1
ed6d2bd5-e5d6-4d91-8dfa-52791010d7f1,,,Donor Milk,,Answer option denoting donor human milk as the feed type given to the infant.,Finding,N/A,,,1,1
ed8159a9-a6c8-4b5d-8d6c-8e03fe71ba98,,,Low Sodium,,Answer option denoting a low-sodium diet prescribed or provided to the patient.,Finding,N/A,,,1,1
edfd55c2-963b-47d2-a8e8-95a1303a8622,,,Master's Degree,,Answer option denoting a master's degree as the patient's highest educational level attained.,Finding,N/A,,,1,1
ee0de178-b8e4-43c9-a4fd-0a7778d3f939,,,Post-reaction blood and urine samples collected from patient,Post-reaction blood and urine sampl,Answer option denoting that post-reaction blood and urine samples were collected from the patient for transfusion-reaction investigation.,Finding,N/A,,,1,1
ee91c1ee-ef51-4f01-962b-ecee32966c8d,,,Delivery Date,,Date when the delivery of the baby occurred.,Question,Date,,,1,1
ee9b33fc-0aaa-494a-bec6-e887289be71f,,,Nursing Care / Interventions,,Answer option denoting nursing care or interventions as the category of care provided or planned.,Finding,N/A,,,1,1
eef7dd68-474d-4b85-a275-fa0b531fb913,,,Art/Music/Writing Notes,,"Free-text record of the patient's participation and response in art, music, or writing therapy activities.",Question,Text,,,1,1
f0115012-ad2b-41b7-b273-3551de91f315,,,Relapse Prevention,,Answer option denoting relapse prevention work provided as a therapeutic intervention.,Finding,N/A,,,1,1
f02f5bfb-3a6e-4d47-af3b-b5e155a96991,,,Gestational Age After Newborn Assessment (weeks),Gestational Age After Newborn Asses,Numeric value of the gestational age in completed weeks determined by postnatal assessment of the newborn.,Question,Numeric,,,1,1
f13f46d6-a281-4c0b-bc4e-bca9a5c1d8e3,,,Bilirubin,,"Numeric value of the patient's measured bilirubin level, used to assess jaundice and hepatic function.",Question,Numeric,,,1,1
f14d4033-1c5e-4771-8e67-d1a7aa2010cf,,,Clinical Assessment Summary,,Free-text record summarizing the clinician's overall assessment of the patient's condition at this encounter.,Question,Text,,,1,1
f2026b49-0790-49cb-937e-72632c2b3686,,,Adequate (water level),,"Answer option denoting that the observed water level, such as in a humidifier chamber, is adequate.",Finding,N/A,,,1,1
f252aef4-00b3-48a7-919a-95a7e9775e77,,,7,,Answer option denoting a value or score of 7 on the relevant scale or count.,Finding,N/A,,,1,1
f3434a31-2517-45bf-bee9-875fbdaa4738,,,Several times weekly,,Answer option denoting an occurrence or treatment frequency of several times per week.,Finding,N/A,,,1,1
f4275835-e3f4-4332-ad51-1fa64c742008,,,Behavior - Other,,Free-text record of a behavioral observation on mental status examination not covered by the listed behavior descriptors.,Question,Text,,,1,1
f44f232f-6fbd-4b7b-ac41-a041a24740cc,,,substance,,"Answer option denoting a substance-related cause or category, such as substance use contributing to the assessed problem.",Finding,N/A,,,1,1
f48eab79-62ef-4874-a493-1ebfe2c848bc,,,Protective Factors,,"Free-text record of protective factors that reduce the patient's risk of self-harm or suicide, such as family support or future plans.",Question,Text,,,1,1
f4a01bd9-93ba-4899-9d62-223af2f94892,,,Fully Compliant,,Answer option denoting that the patient is fully adherent to the prescribed treatment or plan.,Finding,N/A,,,1,1
f4cf3619-5a34-48c1-bfcb-778f936ddb32,,,"Client was informed of common side effects, correct usage, and effectiveness of their chosen method.",Client was informed of common side,"Answer option denoting that the client was counseled on common side effects, correct usage, and effectiveness of their chosen contraceptive method.",Finding,N/A,,,1,1
f4d78c1f-89a0-48f2-9866-a902821087b4,,,Chlorhexidine applied to cord stump,,Answer option denoting that chlorhexidine was applied to the newborn's umbilical cord stump for infection prevention.,Finding,N/A,,,1,1
f501fed2-9edc-44c3-bc16-169e1347e7ed,,,Blood unit and remaining sets saved for blood bank investigation,Blood unit and remaining sets saved,Answer option denoting that the blood unit and remaining administration sets were saved and returned to the blood bank for reaction investigation.,Finding,N/A,,,1,1
f568e872-cb03-4f24-8123-8b1624443b3f,,,Distance to facility,,Answer option denoting distance to the health facility as a barrier or factor affecting the patient's access to care.,Finding,N/A,,,1,1
f5b39ad1-1ca4-4c61-91ab-1aab1e7f7474,,,Final Diagnostic Notes,,Free-text record of the final diagnostic conclusions and supporting notes at the end of the patient's evaluation.,Question,Text,,,1,1
f5cf6948-9861-4e20-a05f-12decf465aac,,,Changing diaper,,Answer option denoting diaper changing performed or taught as part of newborn care.,Finding,N/A,,,1,1
f5d010cb-4200-4983-b20e-678ec9751a11,,,Appearance - Other,,Free-text record of an appearance finding on mental status examination not covered by the listed appearance descriptors.,Question,Text,,,1,1
f7084012-8290-42fb-88b7-00773c698389,,,Fully Present,,Answer option denoting that the patient was fully present and engaged throughout the session or activity.,Finding,N/A,,,1,1
f73f263c-cb91-4b11-a27e-5791b48cfbc3,,,Labile,,"Answer option denoting labile affect, with rapid and unstable shifts in emotional expression.",Finding,N/A,,,1,1
f7439191-f29e-44d5-b95e-02d7e37be2cf,,,Additional pertinent physical examination findings,Other exam findings,Other pertinent physical examination findings not captured elsewhere,Question,Text,,,1,1
f7708de5-a510-4b55-8126-7d87c1e85d46,,,Legal,,Answer option denoting a legal issue or legal domain as the relevant problem area or service category.,Finding,N/A,,,1,1
f7b39152-e072-4717-8ce8-ae53407bd848,,,Ordered Dose,,"Numeric value of the medication dose ordered by the prescriber, recorded for comparison with the dose administered.",Question,Numeric,,,1,1
f81af728-9574-475e-9678-56d4b185e0fc,,,Mid Forceps,,"Answer option denoting a mid forceps delivery, with forceps applied before the fetal head reaches the pelvic outlet.",Finding,N/A,,,1,1
f85e25ba-ea54-48f5-8ff1-ee91f3203706,,,Audible with stethoscope,,"Answer option denoting a sound, such as the fetal heartbeat, heard on auscultation with a stethoscope.",Finding,N/A,,,1,1
f879d4bb-96a0-4e7b-acf0-8f06d3f2f4a8,,,Frozen,,"Answer option denoting a frozen state, such as frozen storage of a blood product or specimen.",Finding,N/A,,,1,1
f8a40688-db92-43fd-b5fc-c25b6e9cef7c,,,Individual Follow-Up,,Answer option denoting individual follow-up arranged or provided as the next step in the patient's care.,Finding,N/A,,,1,1
f8b9f018-3828-4ef8-8eef-fc8308544718,,,Diagnosis and Laboratory Investigations,Diagnosis and Laboratory Investigat,Free-text record of the patient's diagnoses and the laboratory investigations ordered or their results.,Question,Text,,,1,1
f8c17c3a-2cf5-403f-b1ae-954e2593cd65,,,Activity and Ambulation,,"Answer option denoting activity and ambulation as the category of care, teaching, or assessment addressed.",Finding,N/A,,,1,1
f90ff969-7d68-42bc-a0a5-5e4e41c205a6,,,>80/min,,Answer option denoting a measured rate greater than 80 per minute.,Finding,N/A,,,1,1
f9162585-85ef-4668-ab6e-cf9e2cac8f49,,,Died 43 days to 1 year after pregnancy termination/delivery,Died 43 days to 1 year after pregna,Answer option denoting a late maternal death occurring 43 days to one year after pregnancy termination or delivery.,Finding,N/A,,,1,1
f96088b0-326b-4a68-bb24-0ed6ae4b9143,,,Not required at this stage,,Answer option denoting that the intervention or service is not required at the current stage of care.,Finding,N/A,,,1,1
fc4fa9bd-9da5-4d62-a3a8-bb704a85180a,,,Air Flow,,"Numeric value of the air or gas flow rate delivered to the patient, as in oxygen or CPAP therapy.",Question,Numeric,,,1,1
fc734174-a9e0-4e21-8de0-57e1b1d4ee04,,,Post-operative follow-up (Valve surgery completed),Post-operative follow-up (Valve sur,Answer option denoting that the patient is in post-operative follow-up after completed heart valve surgery.,Finding,N/A,,,1,1
fc7d5526-2adf-46b7-881b-b5acd5a4104a,,,Positive future plans,,Answer option denoting positive future plans identified as a protective factor against self-harm or suicide.,Finding,N/A,,,1,1
fcdad924-1fd6-49c9-ad03-016948deacd4,,,Diet / Nutrition,,"Answer option denoting diet and nutrition as the category of care, counseling, or assessment addressed.",Finding,N/A,,,1,1
fcfc096f-1f27-4911-a8e5-c13a87edbec1,,,Life Skills Notes,,Free-text record of the patient's participation and progress in life skills training activities.,Question,Text,,,1,1
fd971676-9446-4d56-92f7-562657deb527,,,Memory (finding),,Answer option denoting that memory was the cognitive domain assessed or exercised during the session.,Finding,N/A,,,1,1
feb6887f-c42c-4146-88b8-66eb71782d07,,,Follow-Up Time,,Date and time when the follow-up visit or reassessment is scheduled or occurred.,Question,Datetime,,,1,1
fef43917-2bf0-4ddc-9ada-8354f41ab937,,,Hypertonia,,"Answer option denoting hypertonia, an abnormally increased muscle tone found on examination.",Finding,N/A,,,1,1
fffa1a53-8db2-416e-9c2d-a5f39a9a447b,,,Short-Term Goals,,Free-text record of the short-term goals agreed in the patient's treatment or care plan.,Question,Text,,,1,1
00dbb52c-ca25-4517-a921-8be7d426196d,,,Emergency Interventions,,"Records emergency interventions performed for the patient; options include resuscitation, CPR, and post-mortem care.",Question,Coded,78be40ce-c8d4-4d0d-bec9-3a932c7150f7;90b6aebc-e797-4e1e-ad5f-4c3c15384fa9;ae939d92-b049-41c9-9de7-005456829ef3,,1,2
031cd9bb-c480-470a-a868-5ab7fb6253fe,,,Hospital-acquired condition present,Hospital-acquired condition,Indicates whether the patient has a condition acquired during the hospital stay rather than present on admission.,Question,Boolean,1065AAAAAAAAAAAAAAAAAAAAAAAAAAAAAAAA;1066AAAAAAAAAAAAAAAAAAAAAAAAAAAAAAAA,,1,2
0346fd09-8d0e-4ba8-9104-506fa4a2c598,,,Neonatal Resuscitation Required?,,Records whether the newborn required resuscitation at or after birth; options include Yes and No.,Question,Coded,1065AAAAAAAAAAAAAAAAAAAAAAAAAAAAAAAA;1066AAAAAAAAAAAAAAAAAAAAAAAAAAAAAAAA,,1,2
04ab2181-39fc-4297-b58e-e519394882b5,,,Forceps Classification,,"Records the station-based classification of a forceps-assisted delivery; options include Low Forceps, Outlet Forceps, and Mid Forceps.",Question,Coded,774b9166-7bae-4a37-b481-35aa53e64a86;7ca76c24-1a20-4841-981c-258aa1b3ad6d;f81af728-9574-475e-9678-56d4b185e0fc,,1,2
08db8436-2638-422c-821a-3e5169cb9304,,,Mood (Subjective),,"Records the patient's self-reported mood on mental status examination; options include Stable, Low, Anxious, and Irritable.",Question,Coded,053b4d95-c66b-4772-a094-8b43bc9d4123;06398754-8865-4004-805e-926636d6d6c2;3a140057-d512-407d-99cf-17ab9e65e228;4da36be2-b458-4020-b14f-fcf711364157;95abc7da-24bf-4dce-9507-74d33452c71a,,1,2
090ef0a9-1e95-498c-855b-e82edbf3bad2,,,Vitamin K1 administered route,,Records the route by which vitamin K1 prophylaxis was given to the newborn; options include intramuscular 1 mg and oral.,Question,Coded,160240AAAAAAAAAAAAAAAAAAAAAAAAAAAAAA;e3d066f5-f8ab-4e8d-bc21-df2fcbe4af30,,1,2
0925e76f-84fa-48b7-8c98-8075038ab89a,,,Route,,"Records the route of administration of the medication given; options include intravenous, intramuscular, and oral.",Question,Coded,0041f9d1-20e5-43f8-a9ee-43a0aa297d5c;1067AAAAAAAAAAAAAAAAAAAAAAAAAAAAAAAA;160240AAAAAAAAAAAAAAAAAAAAAAAAAAAAAA;160241AAAAAAAAAAAAAAAAAAAAAAAAAAAAAA;162976AAAAAAAAAAAAAAAAAAAAAAAAAAAAAA;2052f1c6-9ee9-4b18-857f-5cdce1879b70;4834b58e-4d7d-47b5-a6fe-eae60c9e4825;5256AAAAAAAAAAAAAAAAAAAAAAAAAAAAAAAA;6d8f3b52-1739-5fc8-8c9d-2be88b872db0;6f56af83-c15a-4b92-9a8e-848275ae8294;7e09eb81-099f-4ce1-8125-14105d031c28;8145dac0-b17b-5e7d-a368-860d3175d4fd;8526f708-5960-7890-1234-567890abcd0b;8f9d3a51-7f76-40b0-9b52-54a84c5f9763;98eb62c3-8e5d-42a2-886c-1b936bbc4d52;9b55ccd6-fe12-47b6-9e47-df7fb7513fb1;a951934f-d030-42b8-8e20-297e751db9db;b30d4133-af56-422b-a241-e861dd89fb34;baf864b1-62b0-45df-b90f-d9a09f727b95;bde5bd81-43fa-555b-ad65-c7e7c1b52fa5;c4ee92c2-dfc7-4118-8f9a-b454b8b8f29e;d8a42fcc-ac60-4226-b2c8-d821c3b14a15;e8bf0e40-3f47-4e28-a947-7784abd286a5,,1,2
097114bf-1afc-483a-bfb0-710687f65fdd,,,If Activity,,"Records the patient's prescribed activity level; options include Bed Rest, Out of Bed to Chair, Ambulate with Assistance, and Ad Lib.",Question,Coded,6dc2f7f6-2afb-4337-aa70-725d7482723e;c5a05e50-7b99-492b-a028-f4dabcb25bc6;c5d54f83-76d8-44ee-8abf-9f70d4b46ed9;dec671ea-cc7f-4fa4-8b82-e48e3a3e9db1;e4e6c741-37aa-4b5b-8c4e-16c7428f0b07,,1,2
0ba28d81-7afd-4332-9df3-d382515c3b15,,,Previous Similar Episodes,,Indicates whether the patient has experienced previous episodes similar to the presenting complaint.,Question,Boolean,1065AAAAAAAAAAAAAAAAAAAAAAAAAAAAAAAA;1066AAAAAAAAAAAAAAAAAAAAAAAAAAAAAAAA,,1,2
0c1f5cef-e20b-4445-8018-04887ad5f80c,,,Homework / Task Completion (if any),,"Records the patient's completion of assigned therapeutic homework or tasks; options include Completed, Partial, Not Completed, and Not Assigned.",Question,Coded,1267AAAAAAAAAAAAAAAAAAAAAAAAAAAAAAAA;17090bb9-aad7-433c-b72c-30f141582dbe;46969e18-a3c4-4fcc-ba87-907917ac0986;baabef34-cfa8-4da3-ad62-d882250b7e70,,1,2
0da193c1-6822-41b6-812a-d50bc0537730,,,Infant Sex,,"Records the sex of the infant observed at birth; options include Male, Female, and Indeterminate.",Question,Coded,1138AAAAAAAAAAAAAAAAAAAAAAAAAAAAAAAA;1241a7b5-0187-43ef-8a52-b52ee91f7c1f;8524bad5-7021-4a20-b55c-82b7d3985779;ce7b850b-ab76-4d44-9893-9ea8fa897c7c,,1,2
10628b26-c102-46c5-8773-082ed4672961,,,Interventions,,"Records interventions provided during the encounter; options include CPAP adjustment, crisis counseling, motivational interviewing, and conflict resolution.",Question,Coded,01e7c3ec-440f-4abf-9a3c-2cf851038b17;021d7ff2-db7e-416f-8b88-a20fc2340cbf;0dd34d26-3166-4af0-ba16-bdbc0b323d1d;0dfbbf5c-02cb-48cb-ba3b-780210a0dc42;163313AAAAAAAAAAAAAAAAAAAAAAAAAAAAAA;3c7bc83c-8291-4daf-9609-0f905798662a;4ced48d0-5f3c-4511-9e72-65e86808fc9c;5622AAAAAAAAAAAAAAAAAAAAAAAAAAAAAAAA;749dff1c-1137-4862-93f7-c365dec78168;8a741d24-55d3-4b94-8628-343e720c80ca;9024c9b8-b6b6-4ec6-83ad-58f83734d470;936ee1d7-567b-4b7d-bf7f-e9225853d62b;a7e6fe3e-6030-45cb-9533-243074269941;bb35baff-f288-4d99-ab09-3714e25d3508;c027aaa3-7d6f-42dd-b2fc-2d5530387814;d040a264-9f7e-4981-88b0-38e18f7f2f2b;d067def5-f667-4d4e-b711-4177585e2b6e;d728f207-a584-48af-bf0e-4744a7fb223b;e3b80b24-3b54-4a00-8251-e6459499ab95,,1,2
106d931e-c179-4f03-a41e-5e399719d0b9,,,Reliability,,"Records the assessed reliability of the patient as a historian; options include Reliable, Partially Reliable, and Unreliable.",Question,Coded,0497ba5a-8463-4b23-b5aa-120903ad4e11;0bdd6db9-5769-4ddb-a716-070dac4f263a;9d92b3ae-f9a8-44a5-bdc6-e3a6aff7669d,,1,2
11ae4e64-85a8-47af-ac3a-247cb5942697,,,Bowel Sounds,,"Records auscultated bowel sound findings on abdominal examination; options include Normal/Present, Absent, Hyperactive, and Excessive.",Question,Coded,1115AAAAAAAAAAAAAAAAAAAAAAAAAAAAAAAA;163747AAAAAAAAAAAAAAAAAAAAAAAAAAAAAA;2559521a-0cb3-4af7-8c2f-6a1bc0136c33;4c800f38-4f75-461c-b092-6d706e3da6e5;537a033b-a9a6-4b22-aaf9-49b7c53b7f99;e25ba417-39ef-467b-b3aa-9d455dc31850;06c23f94-e79f-4e12-adbb-e44fa64abca2;2ac67b35-e372-47fb-a8df-70e2849c19ad;a25cfa3c-47fc-4ca5-829f-7ed83c37e483,,1,2
13ceab90-40e6-443b-b322-d466749e4553,,,Safety plan reviewed,,Records whether the patient's suicide/crisis safety plan was reviewed during the encounter; options include Yes and No.,Question,Coded,1065AAAAAAAAAAAAAAAAAAAAAAAAAAAAAAAA;1066AAAAAAAAAAAAAAAAAAAAAAAAAAAAAAAA,,1,2
158013bf-659f-43fc-8b07-be865ab02ef8,,,Vulnerable Adult,,Indicates whether the patient is identified as a vulnerable adult requiring safeguarding consideration.,Question,Boolean,1065AAAAAAAAAAAAAAAAAAAAAAAAAAAAAAAA;1066AAAAAAAAAAAAAAAAAAAAAAAAAAAAAAAA,,1,2
167785AAAAAAAAAAAAAAAAAAAAAAAAAAAAAA,,,HBeAg assay,,Hepatitis B e-antigen (HBeAg) assay result.,Test,Coded,703AAAAAAAAAAAAAAAAAAAAAAAAAAAAAAAAA;664AAAAAAAAAAAAAAAAAAAAAAAAAAAAAAAAA;1138AAAAAAAAAAAAAAAAAAAAAAAAAAAAAAAA,,1,2
16e1eaac-2160-455a-a62e-986389edd0fc,,,"Respiratory rate, newborn assessment",,"Records the newborn's respiratory rate category on assessment; options include under 60/min, 60-80/min, and over 80/min.",Question,Coded,3b40da3a-415f-42b7-a362-d0248341f908;e3f8f465-2863-4a77-b5d0-da623203a3ce;f90ff969-7d68-42bc-a0a5-5e4e41c205a6,,1,2
16f4d33a-9c2f-40c7-80a5-f532bfebcb17,,,Amniotic Fluid Characteristics,,"Records the observed character of the amniotic fluid at rupture of membranes; options include Clear, Meconium-stained, Foul-smelling, and Oligohydramnios/Polyhydramnios.",Question,Coded,1077AAAAAAAAAAAAAAAAAAAAAAAAAAAAAAAA;1b64171c-61c1-4425-93d3-7161276c0953;7d048a0a-0913-4a4f-bc6d-d1a85345ce01;9caace24-470c-48d2-b931-59f23bb7cb2b;c60dcb9b-ee9e-4685-9af2-ce776d5e24a7,,1,2
175d2e8d-4a8d-46ab-80ec-3299980c91e4,,,Stool passage status,,Records whether the infant has passed stool; options include Passed and Absent.,Question,Coded,163747AAAAAAAAAAAAAAAAAAAAAAAAAAAAAA;562ca076-8bc4-4d11-8961-10720395fc6c,,1,2
17dc402d-00d0-43c8-a042-a62ef0c73df1,,,Abdominal Distention,,Records whether abdominal distention is found on examination; options include Present and Absent.,Question,Coded,1065AAAAAAAAAAAAAAAAAAAAAAAAAAAAAAAA;1066AAAAAAAAAAAAAAAAAAAAAAAAAAAAAAAA;163747AAAAAAAAAAAAAAAAAAAAAAAAAAAAAA;163748AAAAAAAAAAAAAAAAAAAAAAAAAAAAAA,,1,2
180879dc-ece9-40ea-b08d-5146812ef5c7,,,Psychotherapeutic modality,,"Records the psychotherapeutic modality used in the session; options include CBT, DBT, motivational interviewing, and relapse prevention.",Question,Coded,0dfbbf5c-02cb-48cb-ba3b-780210a0dc42;4c40ec0d-2611-434e-85e6-d3c1baacb746;4ced48d0-5f3c-4511-9e72-65e86808fc9c;5622AAAAAAAAAAAAAAAAAAAAAAAAAAAAAAAA;f0115012-ad2b-41b7-b273-3551de91f315,,1,2
1a79e80a-01b9-448f-888d-fb27ea03e446,,,Participation Level (Score 0–3),,"Records the patient's level of participation in the therapeutic activity on a 0-3 scale; options include 0 = Refused, 1 = Minimal, and 2 = Moderate.",Question,Coded,1499AAAAAAAAAAAAAAAAAAAAAAAAAAAAAAAA;5a902fba-9c29-4761-86e4-89a8aea99371;5acd6256-57e1-4adb-9792-de40ef6462ff;6622da62-be5b-4386-82ff-239540c8f92d;7fa2d574-5f17-4595-9e8a-8e75dcfdef2b;8b67c373-0c20-44df-ae66-8d0180172f1c;b85f0e48-d15f-404d-b052-b2c2fc411aab;d8136dfa-cfb1-46a6-95e8-771fc1e83dc4,,1,2
1a9f755a-20ca-4850-920d-abd1ace597b6,,,Urine Output <100 mL in 4 hrs,Urine Output <100 mL in 4 hr,"Indicates whether urine output fell below 100 mL over 4 hours, a sign of oliguria used in magnesium sulfate toxicity monitoring.",Question,Boolean,1065AAAAAAAAAAAAAAAAAAAAAAAAAAAAAAAA;1066AAAAAAAAAAAAAAAAAAAAAAAAAAAAAAAA,,1,2
1bcde0f5-a91a-4ab7-9949-5fb4fa146b8e,,,Intent,,Records whether the patient expresses intent to act on reported harmful thoughts during risk assessment; options include Yes and No.,Question,Coded,1065AAAAAAAAAAAAAAAAAAAAAAAAAAAAAAAA;1066AAAAAAAAAAAAAAAAAAAAAAAAAAAAAAAA,,1,2
1d6e974a-5c97-43e7-bcb3-ff4ee4bbcf07,,,Capillary Refill Time,,Records capillary refill time assessed on peripheral perfusion examination; options include Normal (<2 seconds) and Delayed (>2 seconds).,Question,Coded,6a95e040-c5a7-4017-9aac-2754757ce53f;8871e3f8-b960-45c4-8199-9743ed857691;9be4cbeb-e958-4269-832c-e66889d628ce;fd9ef368-a9cc-5689-a766-47d256725cbc,,1,2
1e5bf2d9-a484-4426-bc99-7eaa61b0ea67,,,Lidocaine Used,,Indicates whether lidocaine local anesthetic was used during the procedure.,Question,Boolean,1065AAAAAAAAAAAAAAAAAAAAAAAAAAAAAAAA;1066AAAAAAAAAAAAAAAAAAAAAAAAAAAAAAAA,,1,2
1e9722da-5b27-4e9a-9afe-7d75c0811f32,,,MgSO4 Discontinued,,"Indicates whether magnesium sulfate therapy was discontinued, for example due to toxicity or completion of the treatment course.",Question,Boolean,1065AAAAAAAAAAAAAAAAAAAAAAAAAAAAAAAA;1066AAAAAAAAAAAAAAAAAAAAAAAAAAAAAAAA,,1,2
1f63337a-4696-460c-b874-7204f8a1d905,,,Risk Level,,"Records the overall assessed risk level for the patient; options include Low, Moderate, and High.",Question,Coded,02b03370-c4da-4591-9910-b55a9e37d808;1499AAAAAAAAAAAAAAAAAAAAAAAAAAAAAAAA;3a140057-d512-407d-99cf-17ab9e65e228,,1,2
20040bdd-58ce-4235-9804-ffd596ec9356,,,Instrument Used,,Records the instrument used for the assisted procedure or operative delivery; options include Vacuum and Forceps.,Question,Coded,b7b07c42-7251-4dc3-b10b-82e9fb17e5bd;dd55a56d-315f-47d4-aba4-e430533cccb8,,1,2
2017638f-89e2-4b58-b4e9-14a48b97a606,,,Discharge Plan Discussed,,Records whether the discharge plan was discussed with the patient or family; options include Yes and No.,Question,Coded,1065AAAAAAAAAAAAAAAAAAAAAAAAAAAAAAAA;1066AAAAAAAAAAAAAAAAAAAAAAAAAAAAAAAA,,1,2
224f2abf-5854-4c14-bcda-db90eba4631a,,,Prior suicide attempt reported,Previous Suicide Attempt,Indicates whether the patient reports any previous suicide attempt.,Question,Boolean,1065AAAAAAAAAAAAAAAAAAAAAAAAAAAAAAAA;1066AAAAAAAAAAAAAAAAAAAAAAAAAAAAAAAA,,1,2
2392bb08-2801-4f3e-a59b-f9589d2e7422,,,Mode of Delivery,,"Records how the baby was delivered; options include Spontaneous vaginal delivery, Caesarean section, Operative vaginal, and Vacuum.",Question,Coded,1170AAAAAAAAAAAAAAAAAAAAAAAAAAAAAAAA;1171AAAAAAAAAAAAAAAAAAAAAAAAAAAAAAAA;5622AAAAAAAAAAAAAAAAAAAAAAAAAAAAAAAA;8757065d-f074-48bc-b10a-8ab26ec21892;9ac3d994-fc0a-5541-90ca-ac537f98e976;b7b07c42-7251-4dc3-b10b-82e9fb17e5bd;dcf88ce9-74e9-4c6c-a2ff-d189136699d6;dd55a56d-315f-47d4-aba4-e430533cccb8,,1,2
2597367c-e4c8-4327-9fcf-08fcada95ad1,,,Pain Score (0–10),,"Records the patient's self-reported pain intensity on a 0-10 scale, used for early warning scoring and pain management.",Question,Coded,112cb702-94e3-48f8-bea7-bb69728fa339;2192bceb-2c89-45a7-88d4-e379e9014acd;27bb96ef-4f0e-4351-b96c-85dae1270bb9;2f3f0dbe-6266-4162-b319-13a70851b52e;580bb81f-e14e-4821-844d-976a01e4c501;7f8c744d-0c49-4ba7-9077-b2d14a53e743;a1abf370-cf96-452d-b2bb-3a59ea864c55;b312c6aa-d000-4adf-92c7-c04a5aacc9ef;b55c244e-84e0-40d4-af61-f882213ac321;df46852b-73d0-4575-85cd-a5f3f44ff225;f252aef4-00b3-48a7-919a-95a7e9775e77,,1,2
25b2f4e2-a79b-4941-9cb5-106886ba9632,,,Activity- Specific Observations,,"Records cognitive work demonstrated during the therapy activity; options include Identified Thoughts, Challenged Distortions, and Reality Testing.",Question,Coded,2f05a1bc-20c2-4b30-baaf-c6b87c6230d8;4e65bddc-0d5d-4933-96bf-4477f82b8b3f;aa9310af-fd8e-4e7f-8a77-262dc7339420,,1,2
25c6c719-7a22-414d-974f-50f3b9ad5d85,,,Oxygen Saturation (SpO2) measured on,Oxygen Saturation (SpO2) measured o,Records whether the oxygen saturation (SpO2) reading was taken on room air or on supplemental oxygen.,Question,Coded,162735AAAAAAAAAAAAAAAAAAAAAAAAAAAAAA;81341AAAAAAAAAAAAAAAAAAAAAAAAAAAAAAA,,1,2
26509b2b-ed1f-4a61-b59c-2ed5901f5bd5,,,Treatment unit category,,"Records the treatment unit category for the patient's care; options include psychiatric, substance, or both.",Question,Coded,b368a108-2b2d-48b5-904b-98824951c2e2;f44f232f-6fbd-4b7b-ac41-a041a24740cc;48e336bd-0ac5-4c05-84be-d4c851eeaffa,,1,2
269a3549-c82d-483d-b971-60c75ba57eeb,,,Reason for Missed Doses (If applicable),Reason for Missed Doses (If applica,"Records the reason the patient missed medication doses; options include Forgot, Stockout, and Distance to facility.",Question,Coded,3ad83a4d-e936-4746-98b1-2bc282f17e68;7509d90e-7188-4100-bc0a-216ac44855fe;f568e872-cb03-4f24-8123-8b1624443b3f,,1,2
26bf76c8-34eb-4c4d-b824-aa51eb5696e2,,,Apgar Score - 1 Minute,,"Records the newborn's Apgar score assessed at 1 minute after birth, summarizing heart rate, respiration, tone, reflex, and color.",Question,Coded,112cb702-94e3-48f8-bea7-bb69728fa339;2192bceb-2c89-45a7-88d4-e379e9014acd;27bb96ef-4f0e-4351-b96c-85dae1270bb9;2f3f0dbe-6266-4162-b319-13a70851b52e;580bb81f-e14e-4821-844d-976a01e4c501;7f8c744d-0c49-4ba7-9077-b2d14a53e743;a1abf370-cf96-452d-b2bb-3a59ea864c55;b312c6aa-d000-4adf-92c7-c04a5aacc9ef;b55c244e-84e0-40d4-af61-f882213ac321;df46852b-73d0-4575-85cd-a5f3f44ff225;f252aef4-00b3-48a7-919a-95a7e9775e77,,1,2
298b25f9-d586-47b6-92cd-27a557990cd0,,,Loading Dose Given,,"Indicates whether the initial loading dose of the prescribed medication, such as magnesium sulfate, was administered.",Question,Boolean,1065AAAAAAAAAAAAAAAAAAAAAAAAAAAAAAAA;1066AAAAAAAAAAAAAAAAAAAAAAAAAAAAAAAA,,1,2
2a8d5bb8-d868-42df-998a-6865b1926154,,,Memory,,"Records memory findings on mental status examination; options include Intact, Impaired, Recent, Immediate, and Remote.",Question,Coded,158ee43a-f72c-4a87-a39b-6d29a426d8a8;5a83035b-9fef-4605-9cd5-609aa7503980;5bf40b68-b65a-4e57-9641-e9cb2a121718;a6d00512-9786-45d6-8886-be160acfd5d4;c6741acf-8f93-400e-8a44-5e2453a855b0,,1,2
2e11d5e6-593f-44f4-af1e-2d93fbc8660e,,,Progress Summary,,"Records the overall summary of the patient's clinical progress since the last review; options include Stable, Improving, and Declining.",Question,Coded,06398754-8865-4004-805e-926636d6d6c2;163053AAAAAAAAAAAAAAAAAAAAAAAAAAAAAA;5e9b2264-a552-4040-9ee1-b1d0c8421cfd,,1,2
2e15e417-50ce-4bd9-a46b-b02be963b4f8,,,Pattern of Use,,"Records the frequency pattern of the patient's substance use; options include Daily, Several times weekly, and Occasional.",Question,Coded,1099AAAAAAAAAAAAAAAAAAAAAAAAAAAAAAAA;8b2783b8-6206-463c-9f58-b4c39f42cd5d;ce04e913-0df8-47fa-b90a-314c67ca5d36;f3434a31-2517-45bf-bee9-875fbdaa4738,,1,2
2e557697-b848-4e90-bbb2-fbc8af6a2aff,,,Apgar Score - 5 Minutes,,"Records the newborn's Apgar score assessed at 5 minutes after birth, summarizing heart rate, respiration, tone, reflex, and color.",Question,Coded,112cb702-94e3-48f8-bea7-bb69728fa339;2192bceb-2c89-45a7-88d4-e379e9014acd;27bb96ef-4f0e-4351-b96c-85dae1270bb9;2f3f0dbe-6266-4162-b319-13a70851b52e;580bb81f-e14e-4821-844d-976a01e4c501;7f8c744d-0c49-4ba7-9077-b2d14a53e743;a1abf370-cf96-452d-b2bb-3a59ea864c55;b312c6aa-d000-4adf-92c7-c04a5aacc9ef;b55c244e-84e0-40d4-af61-f882213ac321;df46852b-73d0-4575-85cd-a5f3f44ff225;f252aef4-00b3-48a7-919a-95a7e9775e77,,1,2
2ea51496-938d-48c2-b5a7-44ebdf9ade3d,,,Urine passage status,,Records whether the infant has passed urine; options include Passed and Absent.,Question,Coded,163747AAAAAAAAAAAAAAAAAAAAAAAAAAAAAA;562ca076-8bc4-4d11-8961-10720395fc6c,,1,2
30567905-29cf-4f02-ba9e-95e8d055fb61,,,Check to confirm essential counseling steps have been completed,Check to confirm essential counseli,"Records which essential counseling steps were completed with the client; options include counseling given, client repeated key information, and client informed of warnings.",Question,Coded,2e18275a-de4c-4552-b22c-6b3c92908f39;87e7b129-aa2b-4c06-9d7d-36b3733014ef;c472e28e-2293-4db2-9b1e-726fb78af6e3;f4cf3619-5a34-48c1-bfcb-778f936ddb32,,1,2
3178949e-f1df-4b7c-aec8-6fd977093001,,,Insight,,"Records the patient's insight into their illness on mental status examination; options include Good, Partial, Limited, and Poor.",Question,Coded,159405AAAAAAAAAAAAAAAAAAAAAAAAAAAAAA;159407AAAAAAAAAAAAAAAAAAAAAAAAAAAAAA;46969e18-a3c4-4fcc-ba87-907917ac0986;74ac7d31-ddc6-42ec-9d12-013f1cab290c;8d82393f-2ca0-43e1-99b7-1cc73cac19ee;a7127567-1fb4-434d-b182-7beb75208921;e87cd304-2c09-41a1-aa16-6554936641ea,,1,2
318b906a-9b57-4e36-995a-2b5eec38bf3f,,,Right Thigh,,"Indicates whether the right thigh was the anatomical site used, for example for an injection or immunization.",Question,Boolean,1065AAAAAAAAAAAAAAAAAAAAAAAAAAAAAAAA;1066AAAAAAAAAAAAAAAAAAAAAAAAAAAAAAAA,,1,2
33422f45-8de9-4582-8ef1-562d78716a34,,,Psychodrama session outcome,,"Records the outcome of a psychodrama session; options include role play participation, emotional expression, and insight gained.",Question,Coded,268f7268-b98b-431d-9526-e51c906e802e;7ea6bd33-4d45-4820-b549-517701da0230;aa463e74-4ea1-4c36-8d13-ca802b6a2bbf,,1,2
33b2d439-3f46-4ef0-9164-5f9d3678264c,,,IV Site Check,,"Records the condition of the intravenous access site on inspection; options include Normal/Intact, Erythematous, Swelling, and Painful.",Question,Coded,145ae1ea-24c7-430f-9fb3-6c439634f599;26127232-328e-43cb-8d85-93613456f780;5a2315f3-6c66-45d8-8a1b-29919927c42d;b6f8afb4-5b0c-45f9-9cfc-ea8d35b29624;cbb5c0bf-a8cf-4f49-83c0-7f92e9049a94,,1,2
346a79bb-1800-488d-aa34-0274d6f76ba5,,,Bloody Stool,,Records whether blood is present in the stool; options include Present and Absent.,Question,Coded,163747AAAAAAAAAAAAAAAAAAAAAAAAAAAAAA;163748AAAAAAAAAAAAAAAAAAAAAAAAAAAAAA,,1,2
34cf0bf7-4662-4545-845a-f56fd6f318bd,,,Autopsy performed,,Indicates whether an autopsy was performed on the deceased patient.,Question,Boolean,1065AAAAAAAAAAAAAAAAAAAAAAAAAAAAAAAA;1066AAAAAAAAAAAAAAAAAAAAAAAAAAAAAAAA,,1,2
34e2835a-ad93-41ec-a7bf-ec79ebfe5202,,,Vaginal Bleeding (Vx bleeding),,Records whether vaginal bleeding is observed on assessment; options include Present and Absent.,Question,Coded,163747AAAAAAAAAAAAAAAAAAAAAAAAAAAAAA;163748AAAAAAAAAAAAAAAAAAAAAAAAAAAAAA,,1,2
356d0c65-d245-4637-b4c8-b6b2117dfc01,,,Activity Type,,"Records the type of therapeutic or occupational activity the patient engaged in; options include Weaving, Woodwork, Handicraft, and Sewing.",Question,Coded,160130AAAAAAAAAAAAAAAAAAAAAAAAAAAAAA;1f9b961b-b682-4d71-99c9-32271ad3903d;31088b52-7a48-4b20-878c-54f9a2e97b80;4bd4c788-58e0-463b-83d1-583dcac32b21;5622AAAAAAAAAAAAAAAAAAAAAAAAAAAAAAAA;b721a37b-79b6-4a15-a1d4-f5a3cb21f978;bb148095-1fef-46f1-a1e2-299c6d5e6fc5,,1,2
36a93524-c2cf-433f-82b5-178e4bd5ec85,,,Self-Neglect,,"Indicates whether the patient shows evidence of self-neglect, such as poor self-care or hygiene, on assessment.",Question,Boolean,1065AAAAAAAAAAAAAAAAAAAAAAAAAAAAAAAA;1066AAAAAAAAAAAAAAAAAAAAAAAAAAAAAAAA,,1,2
3709e09c-b4b8-4a5a-ad96-4791975053d4,,,Intervention Response,,"Records the patient's response to the therapeutic intervention; options include Insight Development, Behavioral Activation, Emotional Expression, and Peer Interaction Practice.",Question,Coded,3e76d09e-31af-409e-ab6e-7bb95d0701f1;612a5ece-ef03-438e-a9b5-c63e07575c16;6eb8b4f6-851f-4eb9-a1c7-acf9c3bf2c7d;7c053647-c194-47d6-94f8-4c5fcde7e32d;7ea6bd33-4d45-4820-b549-517701da0230;93ea8583-efa8-498d-bf3f-2a8b684c3146;c64ce46a-2b9a-4bb2-9e42-c8d98fbe25d0;ec21eac4-efd2-4538-96a7-05982cd4a7ad,,1,2
380cff99-a60d-4f6f-8d47-6e07777c8df9,,,Self-harm risk level,,"Records the assessed level of self-harm risk; options include high, moderate, and low.",Question,Coded,02b03370-c4da-4591-9910-b55a9e37d808;1499AAAAAAAAAAAAAAAAAAAAAAAAAAAAAAAA;3a140057-d512-407d-99cf-17ab9e65e228,,1,2
39fbd823-b110-4507-9a82-2064e460d21b,,,Does the client desire more children in the future?,Does the client desire more childre,"Records whether the client wishes to have more children in the future, guiding family planning method choice; options include Yes, No, and Undecided.",Question,Coded,1065AAAAAAAAAAAAAAAAAAAAAAAAAAAAAAAA;1066AAAAAAAAAAAAAAAAAAAAAAAAAAAAAAAA;87444ec0-6fd2-4140-920e-88e2f4aff768,,1,2
3ad9ba43-0576-4c95-86f4-94c94168ac18,,,Neonatal Resuscitation Initiated?,,Records whether neonatal resuscitation was initiated for the newborn at birth; options include Yes and No.,Question,Coded,1065AAAAAAAAAAAAAAAAAAAAAAAAAAAAAAAA;1066AAAAAAAAAAAAAAAAAAAAAAAAAAAAAAAA,,1,2
3be71250-c3be-46a4-940e-e72dbac3caba,,,Behaviour,,"Records the patient's observed behaviour during the session; options include Cooperative, Agitated, Withdrawn, and Guarded.",Question,Coded,35ae1662-c801-40e4-a67a-1b623aa79d0b;8c4b8e3f-6579-4a51-92e2-108e8fe9cd25;d3b1e013-27ab-4b8c-a4f4-be2e7650ac77;d94166e7-718a-42d2-9e3f-967f6628303b,,1,2
3c90ee06-af1f-4c30-9d18-57236193ec04,,,"Affect, psychiatric assessment",,"Records the patient's observed affect on mental status examination; options include flat, blunted, appropriate, and labile.",Question,Coded,4cc20ea1-5d57-4ae3-a30f-23d38a21c7b7;7870f442-62ec-45bb-9ce7-0b6b8e7e436c;a6626bea-7ae2-4b75-a937-a4029010d219;f73f263c-cb91-4b11-a27e-5791b48cfbc3,,1,2
3ccbabf1-45d4-43a3-9ca7-5090669e4721,,,Resuscitation Details,,"Records the resuscitation measures performed on the newborn; options include Tactile Stimulation, Suctioning, Bag-Valve-Mask (PPV), and Intubation.",Question,Coded,089773bf-4080-4ecf-ae02-ce11dfa444cc;38d3a45d-3d9c-408c-bbec-637c324c02dc;6ead2b51-b199-4cd2-8798-680f76d7de25;8a741d24-55d3-4b94-8628-343e720c80ca,,1,2
3fb47816-dc46-4c6f-a7b1-9ea4ba1fd54d,,,Psychoeducation session outcome,,"Records the outcome of a psychoeducation session; options include understood topic, asked questions, and recalled key points.",Question,Coded,a097de0d-d0c8-4551-998b-e693d2d14c95;c121a498-f962-4ed3-aae7-cb44f3bca8e4;c4da62de-00d5-44b3-ae1c-7f1ffb330621,,1,2
4028fd85-341d-4d5a-b484-ada20f7a1591,,,IV Route Given,,Indicates whether the medication was administered by the intravenous route.,Question,Boolean,1065AAAAAAAAAAAAAAAAAAAAAAAAAAAAAAAA;1066AAAAAAAAAAAAAAAAAAAAAAAAAAAAAAAA,,1,2
41333d8a-19ff-45b1-8100-c0468dcd6cc2,,,Shift / Time of Entry,,"Records the work shift or time of day the entry was documented; options include Morning, Afternoon, and Night.",Question,Coded,8ce23c63-f9b3-4234-ae24-79e20a14819c;99b09cea-6460-4b81-8d80-c2814b11cbb8;d0cbec71-b7ee-4745-8f56-3b14909d3647,,1,2
41bc15aa-75e3-4173-a7e1-aa2ada059f0e,,,Was Death Expected,,"Records whether the patient's death was clinically anticipated; options include Yes, No, and Unknown.",Question,Coded,1065AAAAAAAAAAAAAAAAAAAAAAAAAAAAAAAA;1066AAAAAAAAAAAAAAAAAAAAAAAAAAAAAAAA;1067AAAAAAAAAAAAAAAAAAAAAAAAAAAAAAAA,,1,2
44a44147-a58c-462b-aef2-0ddb537585b5,,,Mental Status,,"Records the patient's level of consciousness and mental status on assessment; options include Alert, Lethargic, and Comatose.",Question,Coded,0dc72c7e-235e-4542-9154-0a4b2aeb0857;40b350e1-cfa5-4aa5-82d4-0baf5c0cb1ff;9694701e-109a-41d3-8adb-8f07670fbcb5,,1,2
47999088-dff1-4515-a47f-78cadd67b843,,,Timing of death relative to pregnancy,Timing of death relative to pregnan,"Records when the woman's death occurred relative to pregnancy, for maternal death classification; options include Pregnant at time of death, Within 42 days postpartum, and 43 days to 1 year after.",Question,Coded,36afa955-dc48-4862-954c-39fb6d5515d2;418cd335-fa92-4879-a37f-b0cb13a5812c;f9162585-85ef-4668-ab6e-cf9e2cac8f49,,1,2
48e500e5-60d9-4ac5-8135-ab891d6f851d,,,Did the patient show any signs of a transfusion reaction?,Did the patient show any signs of a,Records whether the patient showed any signs of a blood transfusion reaction during or after transfusion; options include Yes and No.,Question,Coded,1065AAAAAAAAAAAAAAAAAAAAAAAAAAAAAAAA;1066AAAAAAAAAAAAAAAAAAAAAAAAAAAAAAAA,,1,2
4a5a0ea0-5ab9-4e93-b7d9-23a706994481,,,Nasal Septum Findings,,"Records the condition of the nasal septum on inspection, typically during CPAP or nasal device care; options include Intact, Red, and Breakdown.",Question,Coded,309ecfa6-f682-4867-8462-25f12344d2c9;8e2e9801-921f-4600-a0f1-9df967d1142c;a6d00512-9786-45d6-8886-be160acfd5d4,,1,2
4abd56e8-46df-44e9-8320-bce1276bb529,,,Current Functional Capacity (NYHA Classification),Current Functional Capacity (NYHA C,Records the patient's current functional capacity by NYHA class; options range from Class I (no limitation) to Class IV (unable to carry out activity).,Question,Coded,24cc0e8a-7579-4cdc-bfe1-48ba4b2c0332;976f9a71-024d-457d-b99e-aef583634845;b745e721-bae6-4445-b75d-2710a1debe10;ca721ea3-54fa-4b07-988a-23167dcf43fc,,1,2
4b35c2fa-a06f-4566-84fa-a6b3d2f8efd6,,,Autopsy requested,,Indicates whether an autopsy was requested for the deceased patient.,Question,Boolean,1065AAAAAAAAAAAAAAAAAAAAAAAAAAAAAAAA;1066AAAAAAAAAAAAAAAAAAAAAAAAAAAAAAAA,,1,2
4cb34b4f-50e2-4108-9e55-fa95a02c4ceb,,,Degree of Molding,,Records the degree of fetal skull bone molding assessed during labor; options include 0 (none) and + grades.,Question,Coded,4d934e4c-cf97-40b9-bffe-8d6765acd4bc;b312c6aa-d000-4adf-92c7-c04a5aacc9ef,,1,2
4d7b28d3-4a88-48b4-bc32-74eefb09e4dd,,,Memory/Attention,,"Records memory and attention findings on cognitive assessment; options include Intact, Mild Impairment, and Significant Impairment.",Question,Coded,02c29949-9d84-4468-930c-d47d5e534cc6;819aa2b0-0fbf-42b6-a1ce-436d3cdaac75;a6d00512-9786-45d6-8886-be160acfd5d4,,1,2
4e22b707-1a8d-4b09-a27a-15d15dbb2119,,,Continue therapy,,Records whether the current therapy should be continued at this review; options include Yes and No.,Question,Coded,1065AAAAAAAAAAAAAAAAAAAAAAAAAAAAAAAA;1066AAAAAAAAAAAAAAAAAAAAAAAAAAAAAAAA,,1,2
4e354c77-5851-4b7c-bd24-6b06b6791af4,,,Engagement,,"Records the patient's level of engagement with care or the session; options include Full, Partial, Requires prompting, and Poor.",Question,Coded,159405AAAAAAAAAAAAAAAAAAAAAAAAAAAAAA;159406AAAAAAAAAAAAAAAAAAAAAAAAAAAAAA;159407AAAAAAAAAAAAAAAAAAAAAAAAAAAAAA;46969e18-a3c4-4fcc-ba87-907917ac0986;490dca17-a568-49e8-9da4-b5982d36a3ce;657dd4f6-45b7-41cb-9c08-fa5f90727c3b;888c1cad-c890-47a8-90ef-e17827184801;8d82393f-2ca0-43e1-99b7-1cc73cac19ee;a7fdde71-d503-428f-abd2-7d7e3631790d;d3b1e013-27ab-4b8c-a4f4-be2e7650ac77,,1,2
5127814f-9ec7-40a5-b52e-5d112a4c2f77,,,Time Elapsed Since Delivery,,"Records the time elapsed since delivery at the postpartum contact; options include Under 48 hours, 48 hours to 4 weeks, 4 to 6 weeks, and More than 6 weeks.",Question,Coded,64628458-7d95-425c-9518-6df1d9e7077f;7ae130c0-8acf-4b3c-8418-ef247eb1d84f;8c04b9a4-9099-433c-b4f8-52eec873382a;b20b9773-e993-4b4d-beef-5f29e83bc59c,,1,2
523554ec-cb7c-4fb4-8330-85cae025ed74,,,Adverse Reaction?,,Records whether the patient experienced an adverse reaction to the treatment or product given; options include Yes and No.,Question,Coded,1065AAAAAAAAAAAAAAAAAAAAAAAAAAAAAAAA;1066AAAAAAAAAAAAAAAAAAAAAAAAAAAAAAAA,,1,2
523fadea-019f-4be2-8abc-6036e4b744b6,,,Platcenta Delivered,,"Records how the placenta was delivered in the third stage of labor; options include Spontaneous, Manual, and Fragmented/Incomplete.",Question,Coded,66158254-f088-4bbd-94f9-cba86ad9d7f5;69fe57fe-126d-4bb5-8876-981958efddc2;e0fd2ff5-f4f4-4beb-8524-3bbe6207107b,,1,2
5298c08b-2f67-4b55-974e-a9b16814b7e8,,,Violence Risk,,"Records the assessed risk of violence toward others; options include Low, Moderate, and High.",Question,Coded,02b03370-c4da-4591-9910-b55a9e37d808;1499AAAAAAAAAAAAAAAAAAAAAAAAAAAAAAAA;3a140057-d512-407d-99cf-17ab9e65e228,,1,2
53a742c0-0504-444d-a218-629506890164,,,Risk and Safety,,"Records risk and safety concerns identified on assessment; options include No Risk Observed, Suicidal Ideation, Self-Harm Risk, Aggression, and Safeguarding Concern.",Question,Coded,2cd7cc44-7225-4d59-8bd4-65225c4bd6a0;2daeb16d-11b6-4ade-a392-776da8df70f2;51826a3c-0fac-4d72-945f-969c7c3304a0;9b21ecf7-b64d-4a4d-aeb7-97fa7b842089;9c54b605-c358-45c7-973b-2407a4a60a9f;ebe5dcf5-0201-4984-8911-edb744f34024,,1,2
54460716-55f0-4d53-876d-598dd1f5f4a8,,,Plan/ Recommendations,,"Records the clinician's plan or recommendation following review; options include Continue plan, Refer to Specialist, Step-Up Care, Medication Review, and Discharge from Group.",Question,Coded,02ea8df7-5bb5-41a8-b89b-fa32711606c9;5839820a-3bf3-48c6-9fe2-f03ee14bb3e1;5faa7682-6fa1-4729-a87d-ae95be54fb44;43551cfb-1f0a-4137-8d44-c3277911b91f;e8821c1e-a3d6-43c6-af96-96fe5c56f798;e9664bd0-3c69-4178-99bf-e3304e3acfc1;f8a40688-db92-43fd-b5fc-c25b6e9cef7c,,1,2
546875fb-51ec-446a-b4cd-b1d90a0be880,,,Engagement Quality,,"Records the quality of the patient's engagement during the group or therapy session; options include Attentive, Distracted, Withdrawn, and Disruptive.",Question,Coded,4ce6f9fc-814f-4648-8497-727e7c97e501;888c1cad-c890-47a8-90ef-e17827184801;cfcfa90b-e304-47e7-98ac-7ebf08242664;d3b1e013-27ab-4b8c-a4f4-be2e7650ac77,,1,2
55f69240-1af9-44c7-812d-c31b17d30951,,,Select all interventions successfully completed within the first hour of birth,Select all interventions successful,"Records essential newborn care interventions completed within the first hour of birth; options include Immediate drying and stimulation, Early initiation of breastfeeding, Delayed cord clamping, and Vitamin K1 administration.",Question,Coded,6ee2ebb0-d5c2-4ed5-84fd-99fafcebf20d;75b6a873-39cb-4697-93df-cbc87d23ca07;7d8882cc-f05a-4727-abce-5a9ab8110289;7eff0f2c-e05c-4528-9c0b-24ab5e3cfb8f;cd0b047b-9fee-4d13-8028-cdaa7366d69d;e72fbc6a-01ce-4889-8ddb-9b757964739b;f4d78c1f-89a0-48f2-9866-a902821087b4,,1,2
569b48a3-e824-4a72-be08-7fe7dead9c0c,,,Refer to External Site for TB Screening?,Refer to External Site for TB Scree,Records whether the patient was referred to an external site for tuberculosis screening; options include Yes and No.,Question,Coded,1065AAAAAAAAAAAAAAAAAAAAAAAAAAAAAAAA;1066AAAAAAAAAAAAAAAAAAAAAAAAAAAAAAAA,,1,2
569c60da-6284-4908-ae07-07b0b49eddf7,,,Education Level,,"Records the patient's highest level of educational attainment; options include none, primary, secondary, technical/vocational, and university degrees.",Question,Coded,099f5cf0-9c82-4f75-91f5-ea92012e0af9;0f66086a-d1ba-448d-8c47-47a32343deb3;159943AAAAAAAAAAAAAAAAAAAAAAAAAAAAAA;159944AAAAAAAAAAAAAAAAAAAAAAAAAAAAAA;160294AAAAAAAAAAAAAAAAAAAAAAAAAAAAAA;303e1071-ac36-45b0-a8be-dc068678616e;4b76ec17-e61d-458a-bd0b-86b7e801f590;5622AAAAAAAAAAAAAAAAAAAAAAAAAAAAAAAA;594ca3f5-8918-4c06-954a-17a81d379d3c;71be8c02-af00-40fb-8c09-f2ed52382763;9246b3fc-82b6-4a9c-a1ff-615619babb9c;b614b6bf-0b2e-46be-b986-46dcd5f407bf;e38571e6-de99-4c7d-844e-711c3b500562;edfd55c2-963b-47d2-a8e8-95a1303a8622,,1,2
58f2f59c-3627-4491-a0e2-f160d9d9338c,,,Adherence Tracking (Over the past 3 months),Adherence Tracking (Over the past 3,"Records the patient's medication adherence over the past 3 months; options include Excellent (received all doses), Partial (missed 1 dose), and Poor (missed multiple doses).",Question,Coded,32eed3e1-a392-4e23-bf43-691f4b6774bc;6e01d490-0ad0-481f-bac1-e4b865502237;6f68d071-9922-4849-8c39-67175213f19c,,1,2
59b6d30a-6bc5-47ca-8eaf-95fa664e0d2c,,,Symptom severity,,"Records the assessed severity of the patient's symptoms; options include mild, moderate, and severe.",Question,Coded,1498AAAAAAAAAAAAAAAAAAAAAAAAAAAAAAAA;1499AAAAAAAAAAAAAAAAAAAAAAAAAAAAAAAA;1500AAAAAAAAAAAAAAAAAAAAAAAAAAAAAAAA,,1,2
5a2e5c8f-c59b-4f41-bd79-02a1ba86dd2e,,,Infant Nevirapine (NVP) Syrup initiated?,Infant Nevirapine (NVP) Syrup initi,Records whether nevirapine (NVP) syrup prophylaxis was initiated for the HIV-exposed infant; options include Yes and No.,Question,Coded,1065AAAAAAAAAAAAAAAAAAAAAAAAAAAAAAAA;1066AAAAAAAAAAAAAAAAAAAAAAAAAAAAAAAA,,1,2
5d2ab031-bea1-4276-acb6-3493839092cf,,,Provided Cotrimoxazole (Cotrim) Prophylaxis?,Provided Cotrimoxazole (Cotrim) Pro,Records whether cotrimoxazole prophylaxis was provided to the patient; options include Yes and No.,Question,Coded,1065AAAAAAAAAAAAAAAAAAAAAAAAAAAAAAAA;1066AAAAAAAAAAAAAAAAAAAAAAAAAAAAAAAA,,1,2
5d720c49-28ff-4756-82f4-8295e064211d,,,Impaired orientation,,"Records the sphere of impaired orientation found on mental status examination; options include Person, Place, and Time.",Question,Coded,460685be-e27b-4cb5-9d97-869e4dfec652;55eeabae-f612-4b1e-8ecb-02c4801c5cc6;9ddab0ca-b2e9-4aa8-8419-c6075bf789a2,,1,2
5d9df536-31fb-4a8a-a46a-7174ffb89901,,,Screening outcome,,Records the result of the screening performed; options include positive/suspected and negative.,Question,Coded,4f4caba9-1bbc-4046-b8e5-7d08dae10221;664AAAAAAAAAAAAAAAAAAAAAAAAAAAAAAAAA,,1,2
5dffc725-1f25-46c6-992d-930d29a944c3,,,Was TB Screening Completed On-Site?,,Records whether tuberculosis screening was completed on-site at this facility; options include Yes and No.,Question,Coded,1065AAAAAAAAAAAAAAAAAAAAAAAAAAAAAAAA;1066AAAAAAAAAAAAAAAAAAAAAAAAAAAAAAAA,,1,2
5e9c8422-22cd-41bd-9f6b-ef82a1f1ae2c,,,Deep Tendon Reflexes Absent,,"Indicates whether deep tendon reflexes are absent, a key sign of magnesium sulfate toxicity.",Question,Boolean,1065AAAAAAAAAAAAAAAAAAAAAAAAAAAAAAAA;1066AAAAAAAAAAAAAAAAAAAAAAAAAAAAAAAA,,1,2
5f1b80e3-a99a-4f3a-ab4d-3ec42f069860,,,Medication Status,,"Records the administration status of the scheduled medication dose; options include Given, Held, Delayed, Refused, and Omitted.",Question,Coded,1f181513-2a20-40ed-bd35-5e2ef8872789;5f988086-1dbf-480b-97c5-e015053f46e4;6bcf0dc7-0738-4e77-8f61-9f9716e1059f;842cf386-80dc-42b1-a8c9-e7ccd616f91d;8b67c373-0c20-44df-ae66-8d0180172f1c;8c6689e5-1382-48bf-8598-e49d34742db9,,1,2
5fe69e73-3e3c-4f9a-b715-9da4682987a2,,,Cognitive games session outcome,,"Records the outcome of a cognitive games session; options include attention, problem-solving, memory, and insight gained.",Question,Coded,1c95977d-8902-4d2b-814a-5e979d32c1a2;445985d8-6217-4797-9be3-aae0d412288a;717e048b-ca0f-42b6-9ca0-079ebeab4f55;aa463e74-4ea1-4c36-8d13-ca802b6a2bbf;fd971676-9446-4d56-92f7-562657deb527,,1,2
64052969-09ec-4988-8eea-0baddcb39a12,,,Motivational enhancement session outcome,,"Records the outcome of a motivational enhancement session; options include identified goals, expressed ambivalence, and readiness to change.",Question,Coded,0289ede1-072d-46dd-bf73-fcd960a31efe;29bbf66d-8d1a-41a0-a272-7b957892c19b;beec1437-9864-40c5-a118-a8047206d1aa,,1,2
650acff8-4921-4237-8fca-57ff678f48e9,,,On Oxygen,,Indicates whether the patient is currently receiving supplemental oxygen.,Question,Boolean,1065AAAAAAAAAAAAAAAAAAAAAAAAAAAAAAAA;1066AAAAAAAAAAAAAAAAAAAAAAAAAAAAAAAA,,1,2
697e5245-0ca1-4ae3-8879-2e9d3e503606,,,Family Planning Counseling Completed?,Family Planning Counseling Complete,Records whether family planning counseling was completed with the client; options include Yes and No.,Question,Coded,1065AAAAAAAAAAAAAAAAAAAAAAAAAAAAAAAA;1066AAAAAAAAAAAAAAAAAAAAAAAAAAAAAAAA,,1,2
6b6a3970-32d5-4f43-bf6e-fc506efdd969,,,Medication adherence,,"Records the patient's adherence to prescribed psychiatric medication; options include Good, Fair, Poor, and Not Available.",Question,Coded,1065AAAAAAAAAAAAAAAAAAAAAAAAAAAAAAAA;1066AAAAAAAAAAAAAAAAAAAAAAAAAAAAAAAA;159405AAAAAAAAAAAAAAAAAAAAAAAAAAAAAA;159406AAAAAAAAAAAAAAAAAAAAAAAAAAAAAA;159407AAAAAAAAAAAAAAAAAAAAAAAAAAAAAA;1f181513-2a20-40ed-bd35-5e2ef8872789,,1,2
6cf307aa-7986-4995-abaa-4672138fe5a0,,,IM Route Given,,Indicates whether the medication was administered by the intramuscular route.,Question,Boolean,1065AAAAAAAAAAAAAAAAAAAAAAAAAAAAAAAA;1066AAAAAAAAAAAAAAAAAAAAAAAAAAAAAAAA,,1,2
6d979399-5f17-4ce2-b839-b849da306628,,,Crisis plan discussed,,Records whether a crisis plan was discussed with the patient during the encounter; options include Yes and No.,Question,Coded,1065AAAAAAAAAAAAAAAAAAAAAAAAAAAAAAAA;1066AAAAAAAAAAAAAAAAAAAAAAAAAAAAAAAA,,1,2
6e167626-7ec0-4030-9e3b-94d3ec23a4e1,,,Frequency,,"Records the frequency at which the medication or intervention is given; options include Once, Once daily (QD), Every other day, and Every Shift.",Question,Coded,051720eb-0034-430d-b619-e93f1df90901;069d2899-a149-4767-b41f-3f23d796ad2a;1079AAAAAAAAAAAAAAAAAAAAAAAAAAAAAAAA;11c8283b-ed42-4635-90d4-8a4ae3ee3f37;130eb6a7-b7d2-4e83-83ce-e57c6f566537;162245AAAAAAAAAAAAAAAAAAAAAAAAAAAAAA;16d1efc5-c008-4911-92fb-b33d971e22e4;1d8bcc19-0537-4b63-905c-df6ccecfd1ff;202e5b1c-886c-4a81-846f-d306847bf385;325fc972-fc3c-4ff4-b0e1-32c6bd0c6d61;3e1e601c-b68a-477e-aef5-27555f529bdc;3ebd5c95-dfbb-4c7c-b0ce-a3caa9de801f;43c9e295-da49-4d58-80ee-9a9f4ddb3eae;4f9ad1e9-9853-4c60-90e8-d03f3669a340;5622AAAAAAAAAAAAAAAAAAAAAAAAAAAAAAAA;71e2a5b6-4ea5-4a5f-9b01-353aa172dfb4;726788a9-eec8-403e-a771-3630fd09318e;33460abd-8a92-11e4-977f-0800271c1b75;8b2783b8-6206-463c-9f58-b4c39f42cd5d;33436036-8a92-11e4-977f-0800271c1b75;b051c2e2-8350-45d9-bcab-f39fa0ab62cd;b9bb963c-6c5e-4fc4-afed-cabef10c7461;bcfdaedc-6be5-451f-adc5-e4a4f65ce899;c1266278-54d4-4fef-a2fc-a1e1b695ba68;d65d37d5-b60a-4d23-8703-d8693dbd6831;d8a35aab-ed7c-40ab-8dcc-073d6c50dd04;e602b903-01a1-4bb3-872a-e9e2ad0534db;e915db4f-bcb3-42b6-bfae-75b593da9fc9;e9a931ba-5910-439e-8760-d4ef368c991d,,1,2
6e43eda7-1fa5-4f9f-a91c-0303e138434a,,,Degree of Caput,,"Records the degree of caput succedaneum (fetal scalp swelling) assessed during labor; options include None, Mild, Moderate, and Severe.",Question,Coded,1107AAAAAAAAAAAAAAAAAAAAAAAAAAAAAAAA;1498AAAAAAAAAAAAAAAAAAAAAAAAAAAAAAAA;1499AAAAAAAAAAAAAAAAAAAAAAAAAAAAAAAA;1500AAAAAAAAAAAAAAAAAAAAAAAAAAAAAAAA,,1,2
6e9fcf93-9ed6-4c83-8f71-86e750a32472,,,Therapy session plan,,"Records the plan agreed after the therapy session; options include continue plan, modify activities, and increase complexity.",Question,Coded,1065AAAAAAAAAAAAAAAAAAAAAAAAAAAAAAAA;1066AAAAAAAAAAAAAAAAAAAAAAAAAAAAAAAA;159835AAAAAAAAAAAAAAAAAAAAAAAAAAAAAA;1bf6d74e-4fb8-43a4-84bf-bd445ff2463f;22d31fe6-2c74-4a1c-abf5-ae23e19391ac;43551cfb-1f0a-4137-8d44-c3277911b91f;61955040-f8a0-4d94-b40b-8a8ed0bcc19e;6529170e-53e4-4928-9fab-3a6e268e8b8d;65bd61a6-c59e-4913-acdc-e5de1091d3bd;a92aa9c8-0861-4809-9498-5d270d9ea417,,1,2
70d6044c-d082-43ef-a173-665e2b9a34f1,,,Suicide plan reported,,Records whether the patient reports having a suicide plan; options include yes and no.,Question,Coded,1065AAAAAAAAAAAAAAAAAAAAAAAAAAAAAAAA;1066AAAAAAAAAAAAAAAAAAAAAAAAAAAAAAAA,,1,2
71cf497e-2684-4c9b-b1cc-621c2cbc57da,,,Blood Group of Unit,,"Records the ABO/Rh blood group of the blood unit being transfused; options include A+, B+, AB+, and O+.",Question,Coded,03dbdf85-7184-431f-a5c2-f7428c66f18d;62d85dd0-f9ce-47d5-8a6f-4f1ba99543d9;73d8593d-edcd-454f-b2e8-c25f4c1b46a2;c85790b1-398f-4797-b5f4-25018a96fffc,,1,2
71ee01e7-3d0b-47fa-a75e-25a32d5d9981,,,Retractions,,"Records the severity of chest wall retractions observed on respiratory examination; options include None, Mild, and Severe.",Question,Coded,1107AAAAAAAAAAAAAAAAAAAAAAAAAAAAAAAA;1498AAAAAAAAAAAAAAAAAAAAAAAAAAAAAAAA;1500AAAAAAAAAAAAAAAAAAAAAAAAAAAAAAAA,,1,2
720049c9-e755-42ab-b4b5-1ffa24c70614,,,Death within 24 hours of admission,Death within 24 hours of adm,"Indicates whether the patient died within 24 hours of admission, for mortality review classification.",Question,Boolean,1065AAAAAAAAAAAAAAAAAAAAAAAAAAAAAAAA;1066AAAAAAAAAAAAAAAAAAAAAAAAAAAAAAAA,,1,2
7266c360-ee57-4a16-95c8-a9532383c1c4,,,Autopsy findings available,,"Records whether autopsy findings are available for the deceased patient; options include Yes, No, and Pending.",Question,Coded,1065AAAAAAAAAAAAAAAAAAAAAAAAAAAAAAAA;1066AAAAAAAAAAAAAAAAAAAAAAAAAAAAAAAA;c9822fb4-3b34-46e5-811d-2464c54246b2,,1,2
72e5f625-6fc8-43d2-b716-1bc6f138f964,,,Reason for Follow-Up,,"Records the reason for the patient's follow-up visit; options include Routine Follow-Up, Symptom Worsening, and Crisis Visit.",Question,Coded,5622AAAAAAAAAAAAAAAAAAAAAAAAAAAAAAAA;8e9abc72-e9fb-401b-b7ea-0d889bcd4620;9a4df013-8f4b-4eab-ab13-af7e6189401c;9cdc3892-87dd-4fb7-b1db-cc41ff5ea3e8,,1,2
75bf7fd1-c30a-4a2a-aff7-8faf9ef1b816,,,Type of Visit,,Records the type of opportunistic infection visit; options include Initial OI Assessment and OI Follow-up.,Question,Coded,41c23397-989b-4b4e-b157-49444135ec45;6bc85ef9-f62d-4f0c-aed6-fc0c9e3da9d4,,1,2
7768dc3f-f58d-4149-8d32-b5852d645a41,,,Seizure Activity,,Records whether seizure activity is observed during monitoring; options include Present and Absent.,Question,Coded,163747AAAAAAAAAAAAAAAAAAAAAAAAAAAAAA;163748AAAAAAAAAAAAAAAAAAAAAAAAAAAAAA,,1,2
777f5c7a-987f-4f02-a687-0e3651893127,,,Vacuum Classification,,"Records the classification of the vacuum-assisted delivery by fetal head station; options include Outlet Vacuum, Low Vacuum, and Mid Vacuum.",Question,Coded,4736bed3-34c7-47bb-a2ef-926635504d7f;548d0e31-811d-40c3-aba6-4ffdc8b90049;667056e3-c75a-4afc-b93b-8d0ec75d4075,,1,2
77cb2d59-2ef7-43ab-8773-caf5beb5fe3e,,,Suspected MgSO4 Toxicity,,"Indicates whether magnesium sulfate toxicity is suspected, based on signs such as absent reflexes, low urine output, or respiratory depression.",Question,Boolean,1065AAAAAAAAAAAAAAAAAAAAAAAAAAAAAAAA;1066AAAAAAAAAAAAAAAAAAAAAAAAAAAAAAAA,,1,2
78b4fa73-78ed-453a-ab14-46144f181a52,,,Surgical Referral Status,,"Records the status of surgical referral for the patient; options include Not required at this stage, Patient referred to cardiac surgery, and Post-operative follow-up.",Question,Coded,511523e9-e3b4-4962-a859-67b82c1d1586;f96088b0-326b-4a68-bb24-0ed6ae4b9143;fc734174-a9e0-4e21-8de0-57e1b1d4ee04,,1,2
7a18c5ce-9ef3-4905-9ddc-42bf1d54dbe1,,,"HIV status, reported",,"Records the patient's reported HIV status; options include positive, negative, and unknown.",Question,Coded,1067AAAAAAAAAAAAAAAAAAAAAAAAAAAAAAAA;664AAAAAAAAAAAAAAAAAAAAAAAAAAAAAAAAA;703AAAAAAAAAAAAAAAAAAAAAAAAAAAAAAAAA,,1,2
7a567790-8fa6-47da-a77b-c3d7abe07807,,,Insight and Judgment,,"Records the patient's insight and judgment on mental status examination; options include Good, Fair, and Poor.",Question,Coded,159405AAAAAAAAAAAAAAAAAAAAAAAAAAAAAA;159406AAAAAAAAAAAAAAAAAAAAAAAAAAAAAA;159407AAAAAAAAAAAAAAAAAAAAAAAAAAAAAA,,1,2
7a69c594-c7ca-433a-af8e-97983e8c99f4,,,Psychotherapy format,,"Records the format in which psychotherapy was delivered; options include group, individual, and family.",Question,Coded,5be887dd-97c5-47ef-9919-f0f212b1fdf4;a0190e22-e0dd-454e-a05e-27fe7627819a;b7e66596-ba11-4fe2-bdc5-a3775c6cf4fa,,1,2
7c45a9ea-53d0-477e-b3b4-c221893dbf7e,,,CPAP System,,Records the type of CPAP system in use for respiratory support; options include Home grown (HG) and Diamedica (D).,Question,Coded,8770a17f-9f9f-4150-995b-bea934826c49;929cdc13-6f0d-4c38-b42b-d90e6513275e,,1,2
7e613438-bcac-4804-bd7a-951ca21d1696,,,OPV-0 Administered,,Records whether the birth dose of oral polio vaccine (OPV-0) was administered to the newborn; options include Yes and No.,Question,Coded,1065AAAAAAAAAAAAAAAAAAAAAAAAAAAAAAAA;1066AAAAAAAAAAAAAAAAAAAAAAAAAAAAAAAA,,1,2
7ea3d5d4-e4b9-4807-a7e6-e9a5c17706d6,,,Type,,"Records the specific type qualifying the reported history item, such as substance used or injury mechanism; options include Tobacco, Marijuana, Beating, and Biting.",Question,Coded,091a2b3c-4c53-4eed-6b78-23456789abc4;0ac4ac6f-40ae-4600-a179-e0be8f0e45a7;380069fd-def8-4bcf-93a8-b3a745088442;5163ef81-caba-4788-ab86-1e44fb7df051;5622AAAAAAAAAAAAAAAAAAAAAAAAAAAAAAAA;56de197f-3fc1-4815-8ea8-bebfde220929;5be887dd-97c5-47ef-9919-f0f212b1fdf4;a0190e22-e0dd-454e-a05e-27fe7627819a;c122ca04-3bdb-4199-ba08-f181e1ab5c51;cd15152c-33c8-4aa9-9b25-10e284ad785c;e5e36d28-3ff6-4075-97aa-ad02a8ab6c95;f8691a2b-3b42-4ddc-5a67-123456789ab3;f9744e3e-b394-4f56-85b2-08be1447a8b9;451c1363-5c92-47be-8bca-8d044f021da5,,1,2
7f0c091d-d270-4b5b-9254-85d11cd54635,,,Referred to Neonatology/NICU,,Records whether the newborn was referred to neonatology or the NICU; options include Yes and No.,Question,Coded,1065AAAAAAAAAAAAAAAAAAAAAAAAAAAAAAAA;1066AAAAAAAAAAAAAAAAAAAAAAAAAAAAAAAA,,1,2
7fa392be-d408-4193-82c5-2a57f2d5a3bc,,,Treatment Modality,,"Records the treatment modality used in the patient's mental health care; options include Group Therapy, Family Therapy, Art Therapy, and Occupational Therapy.",Question,Coded,01f37406-40a8-4a9e-9901-03649fa361eb;163313AAAAAAAAAAAAAAAAAAAAAAAAAAAAAA;5622AAAAAAAAAAAAAAAAAAAAAAAAAAAAAAAA;5d9e7003-3b3d-434b-88a4-dd4487411675;6a024780-469e-4397-a69a-d823b83f8af3;72380894-8412-4b0e-bef0-18de883fd32d;d9d47adf-11db-4614-9e8a-26a8d98ed555;e5b51400-7cab-446b-8161-37bed4c82bcb;fbe48307-73af-4a2f-a20e-afeafa428763,,1,2
839bb84b-c4ca-4e34-bc53-818f71f066f4,,,Has an Echo been performed since the last review?,Has an Echo been performed since th,Records whether an echocardiogram has been performed since the last cardiac review; options include Yes and No.,Question,Coded,1065AAAAAAAAAAAAAAAAAAAAAAAAAAAAAAAA;1066AAAAAAAAAAAAAAAAAAAAAAAAAAAAAAAA,,1,2
83ac5a1d-e89e-406e-adfd-8f6b8e0b17b6,,,Previous Arrests,,"Indicates whether the patient has a history of previous arrests, as part of forensic or psychosocial assessment.",Question,Boolean,1065AAAAAAAAAAAAAAAAAAAAAAAAAAAAAAAA;1066AAAAAAAAAAAAAAAAAAAAAAAAAAAAAAAA,,1,2
841a92d3-5ed8-4b9a-bafb-d36e1ff9b0f3,,,In Facility Type,,Records the care setting in which the patient is being managed; options include Outpatient and Inpatient.,Question,Coded,8e777f8f-120d-4f5a-9552-d17ac2b957ae;ce243029-c835-4836-9d26-a07c39a7845b,,1,2
84635eec-eabc-4fc3-a6bb-15832480e717,,,Pending Legal Cases,,"Indicates whether the patient has pending legal cases, as part of forensic or psychosocial assessment.",Question,Boolean,1065AAAAAAAAAAAAAAAAAAAAAAAAAAAAAAAA;1066AAAAAAAAAAAAAAAAAAAAAAAAAAAAAAAA,,1,2
84e65038-44e5-4d6a-9efd-bfff54c3b608,,,Follow-up Timeline,,"Records the planned interval until the patient's next follow-up contact, graded from +1 to +5.",Question,Coded,112cb702-94e3-48f8-bea7-bb69728fa339;2192bceb-2c89-45a7-88d4-e379e9014acd;2f3f0dbe-6266-4162-b319-13a70851b52e;7f8c744d-0c49-4ba7-9077-b2d14a53e743;b55c244e-84e0-40d4-af61-f882213ac321,,1,2
852c0be5-0946-4277-9117-a5f13129b7c1,,,"Homicidal ideation, safety screening",Homicidal Ideation (Eka),Indicates whether the patient expresses thoughts of harming others on safety screening.,Question,Boolean,1065AAAAAAAAAAAAAAAAAAAAAAAAAAAAAAAA;1066AAAAAAAAAAAAAAAAAAAAAAAAAAAAAAAA,,1,2
85862263-2106-4c12-98df-d97eab93c8e2,,,If Nursing Care,,"Records the nursing care interventions ordered for the patient; options include Intake/Output Monitoring, Daily Weight, Turn every 2 hours, and Wound Care.",Question,Coded,2f47ab4b-da74-41d4-9a8c-95dc30b5f723;41f567cc-fb75-441e-9d02-2d9576e2631c;b10d0a08-73b0-4eef-ba4a-a86f9d730917;e64da8c0-87be-47cb-ae11-60fdb7099142,,1,2
858ede1a-8431-4f97-b93a-12eb2c15d02d,,,Molding Present,,Records whether molding of the fetal skull is present on labor assessment; options include Yes and No.,Question,Coded,1065AAAAAAAAAAAAAAAAAAAAAAAAAAAAAAAA;1066AAAAAAAAAAAAAAAAAAAAAAAAAAAAAAAA,,1,2
85b6987a-a32d-4ca7-95aa-70400bc09b60,,,Motivation,,"Records the patient's motivation toward treatment; options include Motivated, Ambivalent, and Resistant to Treatment.",Question,Coded,3c6e893a-9f61-456f-8fa5-57dc6370c274;891d59fe-eab5-4de1-bfbc-daf53120d903;90b58d66-7609-4bce-82cb-cdc7611201b7,,1,2
8737e0e4-7fc7-4807-a058-bf4386ab6eee,,,Respiratory Modality,,Records the respiratory support modality the patient is receiving; options include CPAP and Nasal Cannula.,Question,Coded,74d3c750-8066-4491-8b48-626fa3086a26;7944948c-0a13-474c-a5c6-8b302a90f686,,1,2
887846fd-9709-4388-ba57-b1fa487538ac,,,Cyanosis assessment (oxygen response),,"Records the newborn's cyanosis response to oxygen; options include relieved by oxygen, not relieved by oxygen, and none observed.",Question,Coded,06dd147d-2afa-4a55-a8aa-8f52a1fe69fc;1107AAAAAAAAAAAAAAAAAAAAAAAAAAAAAAAA;5544ced5-0fad-4dcf-af80-09798fa30da0,,1,2
88e2c576-543a-459b-b49c-780b643fe3d4,,,Component Type,,"Records the type of blood component transfused; options include Whole blood, Packed red cells, Platelets, and Cryoprecipitate.",Question,Coded,161925AAAAAAAAAAAAAAAAAAAAAAAAAAAAAA;161926AAAAAAAAAAAAAAAAAAAAAAAAAAAAAA;161939AAAAAAAAAAAAAAAAAAAAAAAAAAAAAA;97c497b1-0157-4670-9023-f04e63f85f0a;b9950d94-acdc-4b89-bbee-ae846b653bb4,,1,2
8c0fa5ed-e493-4976-b298-9db8cb9f2a1b,,,Donation outcome,,"Records the outcome of the organ or tissue donation process; options include Proceeded, Family Declined, and Medically Unsuitable.",Question,Coded,0a896e28-f6f9-43d1-951e-6b54c92ce89a;0cf2541b-a589-4a3d-8f6d-9ce0536cf2ef;12fc6438-0057-4c3f-bab2-c3f0808c6835,,1,2
8d1ab0e1-61b3-40b3-b687-da81c3cc8b46,,,Suicidal ideation screening,,"Records whether suicidal ideation is present and its character on screening; options include yes, no, passive, and active.",Question,Coded,1065AAAAAAAAAAAAAAAAAAAAAAAAAAAAAAAA;1066AAAAAAAAAAAAAAAAAAAAAAAAAAAAAAAA;1107AAAAAAAAAAAAAAAAAAAAAAAAAAAAAAAA;25e86579-aef2-4968-8ae7-d2e41ab37f08;d8136dfa-cfb1-46a6-95e8-771fc1e83dc4,,1,2
8d4d806b-8d3c-42af-9a14-16c84fb0e3c4,,,Immediate Actions Taken,,"Records the immediate actions taken in response to a suspected transfusion reaction; options include Transfusion stopped immediately, IV line maintained, Physician notified, and Post-reaction samples sent.",Question,Coded,62df5bc5-d4f1-421f-9187-6c262653e863;98de0b0d-7832-47e8-a6a4-2f79a36e5c3b;aa7440ae-e7e6-4243-b600-8398cd87ecf0;ee0de178-b8e4-43c9-a4fd-0a7778d3f939;f501fed2-9edc-44c3-bc16-169e1347e7ed,,1,2
8d83b799-62f0-4679-acfa-e8ff80397052,,,Behavior,,"Records the patient's observed behavior during the therapy session; options include Cooperative, Social, Motivated, Isolated, and Disruptive.",Question,Coded,24555540-c82c-4664-a76b-5b7157739afd;35ae1662-c801-40e4-a67a-1b623aa79d0b;3c6e893a-9f61-456f-8fa5-57dc6370c274;43fa3695-72fc-415d-9506-6fd5154e0889;4ce6f9fc-814f-4648-8497-727e7c97e501;5622AAAAAAAAAAAAAAAAAAAAAAAAAAAAAAAA;7dcc2512-ebee-4082-81f2-73c48c5a133b;888c1cad-c890-47a8-90ef-e17827184801;8c4b8e3f-6579-4a51-92e2-108e8fe9cd25;983a7c88-7107-4c2b-b0f7-887446419152;b79763c4-d518-43ae-8472-a9415aa6b64a;cb3e06aa-9fc1-4183-89a1-b977f70607bb;d3b1e013-27ab-4b8c-a4f4-be2e7650ac77,,1,2
8dcf85ca-ee71-4093-ae37-b6050d3f1152,,,Medication Compliance,,"Records the patient's compliance with prescribed medication; options include Fully Compliant, Partially Compliant, and Non-Compliant.",Question,Coded,4fb6fa47-0fad-49c5-a5a4-834faab6ac2f;e8110afa-2f17-42e6-9b90-21e5c511a44e;f4a01bd9-93ba-4899-9d62-223af2f94892,,1,2
8fc5a39a-343f-4079-a66c-339da3ce03ee,,,Functional Impairment,,"Records the life domains in which the patient shows functional impairment; options include Social, Occupational, Family, Financial functioning, and Self-care.",Question,Coded,047b7b4b-bd8f-45df-a6c3-d2bb26d86104;0549d740-18b5-4678-829f-6a9a1a06a6f8;38b19c5f-fcda-42c0-8f4a-f24dc99e0686;455f723e-b9ac-4df1-8fec-c9d0b4eb524b;73edf75d-240e-48c4-93d3-fadd0b96eca0;78a4e276-ddc8-421e-8009-6b63d31f725d,,1,2
8fdfb34f-56ce-4f9d-9c52-16b6d1d57dae,,,Cadre/Profession,,"Records the professional cadre of the health worker involved; options include GP, Resident, and Obstetrician.",Question,Coded,13d4fe75-618e-4e2e-a500-18a726374be7;1578AAAAAAAAAAAAAAAAAAAAAAAAAAAAAAAA;5622AAAAAAAAAAAAAAAAAAAAAAAAAAAAAAAA;9d9e5d87-7aa2-46f5-b72f-39caca921b30;c0a8efd1-187c-4438-a04e-74ab0de43fcb,,1,2
905c5a6b-76a6-46c8-81ec-59e9dd490c84,,,Reason for Transfer,,"Records the clinical reason for transferring the psychiatric patient; options include Intense suicidal thoughts, Persistent homicidal ideation, and Physical threats toward others.",Question,Coded,0808d009-2b17-4769-bb3c-df060417e872;5622AAAAAAAAAAAAAAAAAAAAAAAAAAAAAAAA;5d8d59a2-4be5-402b-adcc-3a9883258d97;62544495-2bb0-46f7-b990-4c0a0398af97;6a772477-0862-4d69-a5a7-b58d73f53c97;83e94e9b-32df-463b-9f89-758fbc462f1e,,1,2
9168fd9b-2455-4cc1-9459-4c974eb6f547,,,Air Entry,,"Records air entry heard on chest auscultation; options include Good bilaterally, Mildly decreased, Markedly decreased, and Absent.",Question,Coded,1115AAAAAAAAAAAAAAAAAAAAAAAAAAAAAAAA;163747AAAAAAAAAAAAAAAAAAAAAAAAAAAAAA;164470AAAAAAAAAAAAAAAAAAAAAAAAAAAAAA;1f4305ec-2a5b-42e8-a56d-c12311d6927e;3f2f74ff-6061-40a0-bf04-401f55365285;8769edca-b37a-4f6d-bbe0-fd712eab70c6,,1,2
91d80c7f-1986-4a52-88b9-12fed8b335ea,,,Sequential Use of Instruments,,Records whether both vacuum and forceps were used sequentially during the operative vaginal delivery; options include Yes and No.,Question,Coded,1065AAAAAAAAAAAAAAAAAAAAAAAAAAAAAAAA;1066AAAAAAAAAAAAAAAAAAAAAAAAAAAAAAAA,,1,2
92d81ee0-3b58-4242-b54c-677c6a57093f,,,Psychomotor,,"Records observed psychomotor activity on mental status examination; options include Normal, Agitated, and Retarded.",Question,Coded,1115AAAAAAAAAAAAAAAAAAAAAAAAAAAAAAAA;8c4b8e3f-6579-4a51-92e2-108e8fe9cd25;97735cdf-7c7e-41dc-9b76-1dc3ddc3f6a6,,1,2
93bbbbc8-ac8f-4fca-955a-a23e25f87724,,,Source of History,,"Records who supplied the clinical history when it was not obtained directly from the patient; options include Caregiver, Family, and Police.",Question,Coded,162571AAAAAAAAAAAAAAAAAAAAAAAAAAAAAA;5622AAAAAAAAAAAAAAAAAAAAAAAAAAAAAAAA;af481562-cf0f-42c9-b2ce-8f01d251e857;b7e66596-ba11-4fe2-bdc5-a3775c6cf4fa;c9ea5e58-6f10-484a-88f9-075fa641c018,,1,2
93ffe250-9416-4485-a2f0-39aa1a3dae83,,,Routine Daily Care,,"Records routine nursing care activities delivered during the shift; options include Bath/skin care, Bed making, Feeding, and Health education.",Question,Coded,05c08765-c45c-4f8b-b431-b5f5e67c3d40;4d740bc6-1174-45f8-853c-8cfb151f5aba;63eee848-5376-4497-bc71-e67619f4e27b;65704992-6565-4ca2-bc4f-d4132ad431ab;7164fe52-3543-492e-b010-ef898e2ee922;ddeaf4fb-e863-4b2b-8a12-4704f2c46e20;f5cf6948-9861-4e20-a05f-12decf465aac,,1,2
9480c4cf-15f8-4cc6-b33c-feeab19ecbd3,,,Cervix Fully Dilated,,Records whether the cervix has reached full dilatation on vaginal examination during labor; options include Yes and No.,Question,Coded,1065AAAAAAAAAAAAAAAAAAAAAAAAAAAAAAAA;1066AAAAAAAAAAAAAAAAAAAAAAAAAAAAAAAA,,1,2
94902ff1-1153-4562-8828-2e2ac732ff4a,,,Spiritual Status,,"Records the patient's spiritual well-being as assessed during holistic or palliative review; options include Hopeful, Peaceful, and Spiritual distress.",Question,Coded,0b584147-1523-489f-8ae7-69b0f47be9cf;18a3c9a1-74b7-412e-96f0-ef8190315cb6;307c9e11-a793-4f86-a63e-2a7a2af6db34;e6a33ffc-c6f0-4722-8027-78dfb2b296de,,1,2
94f4a4bd-9768-4012-a9d1-77e8040950b7,,,Suicide plan present,Suicide Plan,Indicates whether the patient has formulated a specific plan for suicide.,Question,Boolean,1065AAAAAAAAAAAAAAAAAAAAAAAAAAAAAAAA;1066AAAAAAAAAAAAAAAAAAAAAAAAAAAAAAAA,,1,2
95e5e7d1-3d91-442c-8ef7-ab6664b52a1b,,,Clinical Procedures and Interventions,Clinical Procedures and Interventio,"Records bedside procedures or interventions performed by nursing staff; options include Blood transfusion, NGT insertion, Catheterization, and IV cannula insertion.",Question,Coded,07de20cc-6ac2-4c11-a2af-b63b960f27e4;22c1dcb5-ebc5-41a8-aad5-0a452e227f23;a1c5f920-077b-452e-b6dd-62e27495e74b;bc4e7e34-1f22-4dee-9c97-dc2d30c1d7b5;e80a84c5-e1dd-418e-835a-a968ab1a2de5,,1,2
97a1bf66-04d8-4d81-8628-e8967df53e59,,,Postnatal Health Education Provided?,Postnatal Health Education Provided,Records whether postnatal health education was given to the mother before discharge; options include Yes and No.,Question,Coded,1065AAAAAAAAAAAAAAAAAAAAAAAAAAAAAAAA;1066AAAAAAAAAAAAAAAAAAAAAAAAAAAAAAAA,,1,2
9a20c522-af9b-4ee1-a8a2-d587a2bc8085,,,Interface Type,,"Records the oxygen delivery interface used for respiratory support; options include Nasal cannula, Hudson mask, and RAM cannula.",Question,Coded,7944948c-0a13-474c-a5c6-8b302a90f686;bdd025f1-c787-4802-a4c2-cbd4fe0dfd5c;c7c9a8f7-cd2f-4c6c-b482-935f3677d430,,1,2
9adccdd5-773d-4224-b1bb-4ad9d69818a9,,,Homicidal ideation reported,,Records whether the patient reports thoughts of killing another person; options include yes and no.,Question,Coded,1065AAAAAAAAAAAAAAAAAAAAAAAAAAAAAAAA;1066AAAAAAAAAAAAAAAAAAAAAAAAAAAAAAAA,,1,2
9b3b0d5f-3f27-4d3c-8c0b-eea3fda27361,,,Lidocaine Given,,Indicates whether lidocaine local anaesthetic was administered to the patient during the procedure.,Question,Boolean,1065AAAAAAAAAAAAAAAAAAAAAAAAAAAAAAAA;1066AAAAAAAAAAAAAAAAAAAAAAAAAAAAAAAA,,1,2
9ccbbcc6-9461-430e-a046-b0060ef08168,,,Baby Needs Prophylactic/Therapeutic Antibiotics?,Baby Needs Prophylactic/Therapeutic,Records whether the newborn requires prophylactic or therapeutic antibiotics based on risk assessment; options include Yes and No.,Question,Coded,1065AAAAAAAAAAAAAAAAAAAAAAAAAAAAAAAA;1066AAAAAAAAAAAAAAAAAAAAAAAAAAAAAAAA,,1,2
9d17c533-6a5a-4a2f-8911-75811d00ea35,,,Art/Music/Writing,,"Records the patient's engagement in art, music, or writing during therapeutic activity sessions; options include Creative expression, Completed activity, and Shared work.",Question,Coded,41eff4ad-707e-44f9-931c-ba4a75c6dee3;79796ad1-fd89-4c95-8279-e3b7e12b145d;a0a60bef-7124-4d56-a96e-2d78b2d687d9,,1,2
9e801017-7ce4-4ee1-9cce-3abeedbbf707,,,Suicide intent present,Suicide Intent,Indicates whether the patient expresses intent to act on suicidal thoughts.,Question,Boolean,1065AAAAAAAAAAAAAAAAAAAAAAAAAAAAAAAA;1066AAAAAAAAAAAAAAAAAAAAAAAAAAAAAAAA,,1,2
9f967ed3-24cd-443e-868e-d4ce5c1db438,,,Behavior during session,,"Records the patient's observed behavior during a therapy session; options include Cooperative, Agitated, Anxious, and Calm.",Question,Coded,053b4d95-c66b-4772-a094-8b43bc9d4123;35ae1662-c801-40e4-a67a-1b623aa79d0b;4da36be2-b458-4020-b14f-fcf711364157;5eb00557-b047-43c6-ac05-100827b0d4aa;8c4b8e3f-6579-4a51-92e2-108e8fe9cd25;b79763c4-d518-43ae-8472-a9415aa6b64a;dd29af66-ac05-4706-8f19-ef2925101e9e,,1,2
a03d561d-34bd-4026-945b-294de58eead2,,,Means,,Records whether the patient has access to means of self-harm in the suicide risk assessment; options include Yes and No.,Question,Coded,1065AAAAAAAAAAAAAAAAAAAAAAAAAAAAAAAA;1066AAAAAAAAAAAAAAAAAAAAAAAAAAAAAAAA,,1,2
a102a74d-e4fa-4feb-a1c9-0be2d9a24549,,,Eye contact,,Records the quality of eye contact observed on mental status examination; options include Good and Poor.,Question,Coded,159405AAAAAAAAAAAAAAAAAAAAAAAAAAAAAA;159407AAAAAAAAAAAAAAAAAAAAAAAAAAAAAA,,1,2
a39a45b1-f842-46c0-8525-0692768e784c,,,Life skills session outcome,,"Records the outcome of a life skills session; options include practiced skill, understood skill, and needs support.",Question,Coded,749f1ccb-2aa3-455a-9e82-c7da56d9c522;9883e103-618d-405a-ade7-4e0ced8bd37b;d5e2997f-6561-4a16-8b4d-19f5c57f6aa2,,1,2
a7b9201b-be22-4381-a054-28e05b9154a6,,,Is this a pregnancy-related death,Is this a pregnancy-related,"Indicates whether the death occurred during pregnancy, childbirth, or the postpartum period (a pregnancy-related death).",Question,Boolean,1065AAAAAAAAAAAAAAAAAAAAAAAAAAAAAAAA;1066AAAAAAAAAAAAAAAAAAAAAAAAAAAAAAAA,,1,2
a7eedbb3-9c86-4b55-a3f9-368ea2b636f5,,,Prescribed Prophylaxis Regimen,,"Records the antibiotic prophylaxis regimen prescribed to the patient; options include Oral penicillin V, Benzathine penicillin G, and Oral erythromycin.",Question,Coded,0a23beb4-67c5-45ea-b1f2-6306e3037840;63f9d0cc-bb7b-48fa-975a-bf7ad8ffd89d;9b11a375-2613-4747-849b-94f23c0e9031,,1,2
a7f34de9-30ba-4d48-8b20-96c327e4a006,,,Cognitive Functioning,,"Records the patient's cognitive functioning observed during therapeutic assessment; options include Fair understanding, Rule difficulty, and Good problem-solving.",Question,Coded,1515dffa-d5d7-4a46-90dd-74139c8408f3;650b6fb3-90e5-4779-8539-2abf3e3d66f4;b0bb1750-57c6-4d6c-97d5-8a0c79e41355,,1,2
a9ebd893-e7bc-4c51-a6b9-59ab4bc67ae4,,,Type of Milk,,Records the type of milk given to the infant at a feed; options include Formula and Expressed breast milk (EBM).,Question,Coded,1a1b61eb-7131-4b4c-81c2-f6ee62946967;1a7fa97a-711e-4400-bad1-a2bf376b0805,,1,2
ab26b7e2-6614-4f2f-8c3b-33551b53b2bf,,,"Speech, psychiatric assessment",,"Records the patient's observed speech on mental status examination; options include normal, pressured, slowed, and incoherent.",Question,Coded,1115AAAAAAAAAAAAAAAAAAAAAAAAAAAAAAAA;11b71304-69bd-4d14-a48e-eadb71dbe35a;43ec4509-4cab-4800-a1da-eb1a597804b7;5622AAAAAAAAAAAAAAAAAAAAAAAAAAAAAAAA;69089e91-a03c-469f-9f41-56391c96d3ae;9e75c1a9-692d-4298-a59c-a2998fdd0088,,1,2
acb1633e-9216-4790-bf64-74f31d326b3b,,,Homicidal Plan (boolean),,Indicates whether the patient has formulated a specific plan to harm another person.,Question,Boolean,1065AAAAAAAAAAAAAAAAAAAAAAAAAAAAAAAA;1066AAAAAAAAAAAAAAAAAAAAAAAAAAAAAAAA,,1,2
ad672fbd-bcc2-4a70-8a9e-e11350b724a2,,,Grunting,,"Records the presence and severity of expiratory grunting in the newborn respiratory assessment; options include None, Audible with ear, and Audible with stethoscope.",Question,Coded,1107AAAAAAAAAAAAAAAAAAAAAAAAAAAAAAAA;8da81516-fd4d-48b8-9426-8e6aefe2e7c1;f85e25ba-ea54-48f5-8ff1-ee91f3203706,,1,2
b08a7f9e-e748-4336-97fa-820ad6e820f8,,,Bladder Status,,"Records the bladder status found on maternal physical examination; options include Empty, Full, Urinary retention, and Catheterized.",Question,Coded,1067AAAAAAAAAAAAAAAAAAAAAAAAAAAAAAAA;162976AAAAAAAAAAAAAAAAAAAAAAAAAAAAAA;c536d3b2-42b3-4d3e-9e12-87c548ae1f24;35e2997d-f5e2-4fea-a7e5-4848139b4c9b;3c461e91-4ac9-45c8-9932-476ae0fc8eaf;490dca17-a568-49e8-9da4-b5982d36a3ce;e058b288-a3bf-4447-81f2-c27daf308fb4,,1,2
b1a6fe4f-37b3-43b8-917e-946022ad5f51,,,Session format (group or individual),,Records whether the session was conducted with a group or one-to-one; options include group and individual.,Question,Coded,5be887dd-97c5-47ef-9919-f0f212b1fdf4;a0190e22-e0dd-454e-a05e-27fe7627819a,,1,2
b1c41715-5c74-4156-92ff-d5d02c0759ae,,,Continue Current Medications,,Records the decision on whether the patient's current medications should be continued; options include Yes and No.,Question,Coded,1065AAAAAAAAAAAAAAAAAAAAAAAAAAAAAAAA;1066AAAAAAAAAAAAAAAAAAAAAAAAAAAAAAAA,,1,2
b372abfa-34d3-43bb-8bab-27a39ca0ba2b,,,Behavior and Group Dynamics,,"Records the patient's behavior and interaction within group therapy; options include Cooperative, Appropriate peer interaction, Agitated, and Calm.",Question,Coded,053b4d95-c66b-4772-a094-8b43bc9d4123;35ae1662-c801-40e4-a67a-1b623aa79d0b;4da36be2-b458-4020-b14f-fcf711364157;5eb00557-b047-43c6-ac05-100827b0d4aa;8c4b8e3f-6579-4a51-92e2-108e8fe9cd25;b79763c4-d518-43ae-8472-a9415aa6b64a;dd29af66-ac05-4706-8f19-ef2925101e9e,,1,2
b38282a6-da07-42d2-bc6e-179abadbaed9,,,Appetite,,"Records the patient's appetite as assessed in the nursing comprehensive assessment; options include Good, Fair, Poor, and Increased.",Question,Coded,1107AAAAAAAAAAAAAAAAAAAAAAAAAAAAAAAA;1115AAAAAAAAAAAAAAAAAAAAAAAAAAAAAAAA;159405AAAAAAAAAAAAAAAAAAAAAAAAAAAAAA;159406AAAAAAAAAAAAAAAAAAAAAAAAAAAAAA;159407AAAAAAAAAAAAAAAAAAAAAAAAAAAAAA;164470AAAAAAAAAAAAAAAAAAAAAAAAAAAAAA;164471AAAAAAAAAAAAAAAAAAAAAAAAAAAAAA,,1,2
b3aa0877-b93a-4c08-9adf-2801cf4307b5,,,Onset and Duration,,"Records the onset and duration of the presenting illness; options include Acute (hours-days), Subacute (days-weeks), Chronic (months-years), and Lifelong/since childhood.",Question,Coded,2ce41dc2-8425-4e57-9d03-e5b0dd244651;5d5e7d38-4bc0-45a9-8202-040339147f4a;7bf57815-87b9-4369-852f-b9e991c716ff;8fa7e472-8ee5-4b64-9b4a-50ea8b7ef00b;b9e63df4-dbc6-45b7-9ea3-b0013f437d3b,,1,2
b57a4231-262d-4410-899b-61f9226b5863,,,Risk of harm to others,,Records whether the patient is assessed to pose a risk of harm to others; options include yes and no.,Question,Coded,1065AAAAAAAAAAAAAAAAAAAAAAAAAAAAAAAA;1066AAAAAAAAAAAAAAAAAAAAAAAAAAAAAAAA,,1,2
b7f192cf-4f4a-4330-a6d7-ec204489b512,,,Past attempts,,Records whether the patient has made previous suicide or self-harm attempts; options include Yes and No.,Question,Coded,1065AAAAAAAAAAAAAAAAAAAAAAAAAAAAAAAA;1066AAAAAAAAAAAAAAAAAAAAAAAAAAAAAAAA,,1,2
b84c5ce9-35dc-43d9-ae60-7c181ecf2bda,,,Sending Source,,Records whether the patient was referred from within this facility or from an outside source; options include In facility and Outside facility.,Question,Coded,2a06d8c8-1bc6-4a2d-8d06-239cf1d2e2e9;57d9f29b-50b5-4c10-bfed-deb06be8aba5,,1,2
b92a2c85-809e-4e77-a35c-2090c5dc7dda,,,Impact,,"Records the life domains affected by the patient's condition or substance use; options include Health, Work, Family, and Legal.",Question,Coded,29692478-ece5-463e-9424-16c0318a5985;7f643c27-80e0-4bc8-8473-9cd8fd08d9f0;b7e66596-ba11-4fe2-bdc5-a3775c6cf4fa;f7708de5-a510-4b55-8126-7d87c1e85d46,,1,2
b95c1104-64c0-4173-a3ce-871d89160b25,,,Return of Spontaneous Circulation (ROSC) achieved,Return of Spontaneous Circul,Indicates whether return of spontaneous circulation (ROSC) was achieved during resuscitation.,Question,Boolean,1065AAAAAAAAAAAAAAAAAAAAAAAAAAAAAAAA;1066AAAAAAAAAAAAAAAAAAAAAAAAAAAAAAAA,,1,2
be5ceb9f-0de5-483c-8e22-1d98b792c3ce,,,Place of Death,,"Records the location where the patient's death occurred; options include Home, Emergency department, ICU, and Other.",Question,Coded,1536AAAAAAAAAAAAAAAAAAAAAAAAAAAAAAAA;159626AAAAAAAAAAAAAAAAAAAAAAAAAAAAAA;160473AAAAAAAAAAAAAAAAAAAAAAAAAAAAAA;164834AAAAAAAAAAAAAAAAAAAAAAAAAAAAAA;42c16460-5230-43a7-9465-3fe91e2e75a2;5622AAAAAAAAAAAAAAAAAAAAAAAAAAAAAAAA;bbcaba10-693d-464d-aa88-9c21ab34082e;d8176d1b-1234-11ee-be56-0242ac120013;ee7ce4a6-1bc2-401c-b2cd-6e51c5de3370,,1,2
c0fa55b3-b39d-4240-8726-ac1764242935,,,Instrumental Delivery Successful,,Records whether the attempted instrumental (vacuum or forceps) delivery was successful; options include Yes and No.,Question,Coded,1065AAAAAAAAAAAAAAAAAAAAAAAAAAAAAAAA;1066AAAAAAAAAAAAAAAAAAAAAAAAAAAAAAAA,,1,2
c1d96e12-cad6-4f6f-8fe4-7e702d84ee8b,,,If Diet,,"Records the therapeutic diet ordered for the patient; options include Regular, NPO, Diabetic, and Low sodium.",Question,Coded,16559292-cce9-460f-970b-b11bd2c127b5;22e3978c-aace-418f-aa8d-5aa9c2cf0f24;566b3685-226a-4136-bf26-83d08575a8bd;7de82b44-0cb1-4614-b8bf-1edefaaf6729;d5be35b5-f65f-480b-b66b-a1fdb6416e5c;ed8159a9-a6c8-4b5d-8d6c-8e03fe71ba98,,1,2
c246b6b2-69f4-4a23-90d7-eb5f9d36edee,,,On Room Air,,Indicates whether the patient is breathing room air without supplemental oxygen.,Question,Boolean,1065AAAAAAAAAAAAAAAAAAAAAAAAAAAAAAAA;1066AAAAAAAAAAAAAAAAAAAAAAAAAAAAAAAA,,1,2
c3187dfc-7359-4e11-a33e-3dbdb6facc68,,,Deep Tendon Reflexes,,Records whether deep tendon reflexes are elicitable on neurological examination; options include Present and Absent.,Question,Coded,163747AAAAAAAAAAAAAAAAAAAAAAAAAAAAAA;163748AAAAAAAAAAAAAAAAAAAAAAAAAAAAAA,,1,2
c34c987b-c1b9-474b-967e-4920d22932e5,,,Reason Not Provided,,"Records the reason an indicated medication or intervention was not given; options include Out of stock, Not clinically indicated, Patient refused, and Contraindicated/allergy.",Question,Coded,3a2fee7e-ca87-4253-a6c5-b74618aba4b6;81f60061-fa9c-4ea2-ab59-e4e6de9c2b35;8681455d-55a7-4fb3-84a4-bb336d60823c;df2383c0-1c37-4e3b-8d1e-fd801e4e1ec2,,1,2
c3a14782-0985-4168-94a9-df2744c907c1,,,Fixative,,"Records the fixative or preservation state of the specimen sent to pathology; options include 10% formalin, Saline, Fresh, and Frozen.",Question,Coded,06d981e4-ae28-40d7-ba37-ad4cd788e58d;3d9050de-7f6a-4ac2-ad7e-116e77d2ea2b;5622AAAAAAAAAAAAAAAAAAAAAAAAAAAAAAAA;a30faed8-f3dc-4780-be86-64a7a7d108cd;f879d4bb-96a0-4e7b-acf0-8f06d3f2f4a8;f9744e3e-b394-4f56-85b2-08be1447a8b9,,1,2
c46b71a2-f7d6-4982-a645-97e7d5c257c9,,,Left Thigh,,Indicates whether the left thigh was used as the injection or administration site.,Question,Boolean,1065AAAAAAAAAAAAAAAAAAAAAAAAAAAAAAAA;1066AAAAAAAAAAAAAAAAAAAAAAAAAAAAAAAA,,1,2
c6d59bdb-5b63-44c5-b795-b874b5efefd9,,,Reliability of History,,"Records the clinician's judgment of how dependable the obtained history is; options include Reliable, Partially reliable, and Unreliable.",Question,Coded,0497ba5a-8463-4b23-b5aa-120903ad4e11;0bdd6db9-5769-4ddb-a716-070dac4f263a;9d92b3ae-f9a8-44a5-bdc6-e3a6aff7669d,,1,2
ca6bfa32-93a1-4966-94c5-6c989ef362a0,,,Protective factors (risk assessment),,"Records protective factors identified on risk assessment; options include motivation for recovery, engagement in treatment, good coping skills, and no access to means.",Question,Coded,041ef669-a0ea-40b9-a375-a44bf67bff12;25639fca-22c7-4821-bfc0-f9dbcb4d05bc;290b01dd-fe5d-48f4-be43-893a6fc06019;2e97743c-a59b-45d3-b2d4-418dbb3c9e6a;32afe028-41dc-4d2a-a6a7-a9ecb9109667;36909e36-5141-4744-a07b-5fdcd5878b27;5622AAAAAAAAAAAAAAAAAAAAAAAAAAAAAAAA;5880ba16-de9c-4a83-8f01-909bf041b8e8;6aebbbaf-462c-4c41-ab59-8bc423274775;7c93eeb2-c3f8-4a74-8627-e771091f1e18;7f76d4a6-7ae1-43d1-ace8-d2c90006fd16;81fb9328-f6ac-45a3-b09b-7ec6aad29ced;b43d5781-2d28-4026-b30b-46e6a9a4aa62;fc7d5526-2adf-46b7-881b-b5acd5a4104a,,1,2
ca85a550-c97e-4d9a-b360-39b836cc2c5c,,,Plan / Next steps,,"Records the planned next steps for the client's ongoing care; options include Continue group therapy, Increase support level, Referral needed, and Address adherence barriers.",Question,Coded,1e91c4fc-6456-4506-bf67-7d4b6007b82f;4fe7f775-4252-4ae4-bb43-33fed9a4eab1;529f2a55-7cdb-4dd2-9a85-b67328c0b533;642db34a-de98-43bf-b2f1-5a2fe8d2b900;791e650f-d6ff-4175-89ba-217791fe860b;e46cf133-bb74-430f-8c38-01e48bad5ec0;e8821c1e-a3d6-43c6-af96-96fe5c56f798;e9664bd0-3c69-4178-99bf-e3304e3acfc1;f8a40688-db92-43fd-b5fc-c25b6e9cef7c,,1,2
cabe288f-5728-4d99-bdd5-55e4a89e52ce,,,BCG Vaccine Administered,,Records whether BCG vaccine was administered to the newborn; options include Yes and No.,Question,Coded,1065AAAAAAAAAAAAAAAAAAAAAAAAAAAAAAAA;1066AAAAAAAAAAAAAAAAAAAAAAAAAAAAAAAA,,1,2
cae03b8e-16f0-43d5-9291-26c0e3c92b0a,,,Follow-up Appointment Scheduled?,,Records whether a follow-up appointment has been scheduled for the patient; options include Yes and No.,Question,Coded,1065AAAAAAAAAAAAAAAAAAAAAAAAAAAAAAAA;1066AAAAAAAAAAAAAAAAAAAAAAAAAAAAAAAA,,1,2
cb08f85d-e18d-433f-adb3-9c8e1b10c0af,,,Sequence Used,,Records the order in which instruments were applied during a sequential instrumental delivery; options include Vacuum then forceps and Forceps then vacuum.,Question,Coded,1d5c8cad-87d8-4914-bcfd-9d2f7a77e720;a0b9cd92-8f83-42eb-9dcc-4dcfac8cf786,,1,2
cbdcc31d-29b0-4ecf-a9e0-e77cc6b87a3e,,,Postpartum Hemorrhage (PPH) Protocol Initiated?,Postpartum Hemorrhage (PPH) Protoco,Records whether the postpartum hemorrhage (PPH) management protocol was activated; options include Yes and No.,Question,Coded,1065AAAAAAAAAAAAAAAAAAAAAAAAAAAAAAAA;1066AAAAAAAAAAAAAAAAAAAAAAAAAAAAAAAA,,1,2
cdc9f938-6eb3-401f-8bea-07d38b3b3346,,,Injection Site Right Buttock,,Indicates whether the right buttock was used as the injection site.,Question,Boolean,1065AAAAAAAAAAAAAAAAAAAAAAAAAAAAAAAA;1066AAAAAAAAAAAAAAAAAAAAAAAAAAAAAAAA,,1,2
ce3c88ca-9fe0-44cb-8d01-0aa81a4005d6,,,Orientation,,"Records the patient's orientation assessed during labor and delivery evaluation; options include Person, Place, and Time.",Question,Coded,460685be-e27b-4cb5-9d97-869e4dfec652;48489d16-d5a4-403d-a3a4-1275ff1755b6;4b31f9a3-bb87-48ca-a1d3-c3c4623bb81c;55eeabae-f612-4b1e-8ecb-02c4801c5cc6;9ddab0ca-b2e9-4aa8-8419-c6075bf789a2,,1,2
cfbfcda6-4a96-46e1-80b8-80368e267fd3,,,Injection Site Left Buttock,,Indicates whether the left buttock was used as the injection site.,Question,Boolean,1065AAAAAAAAAAAAAAAAAAAAAAAAAAAAAAAA;1066AAAAAAAAAAAAAAAAAAAAAAAAAAAAAAAA,,1,2
d157ef34-c211-4c56-accb-654b2fd6c92b,,,Is the mother known to be HIV Positive?,Is the mother known to be HIV Posit,"Records whether the newborn's mother is known to be HIV positive; options include Yes, No, and Unknown.",Question,Coded,1065AAAAAAAAAAAAAAAAAAAAAAAAAAAAAAAA;1066AAAAAAAAAAAAAAAAAAAAAAAAAAAAAAAA;1067AAAAAAAAAAAAAAAAAAAAAAAAAAAAAAAA,,1,2
d189f98e-2cde-419e-ac34-4fd7b1e35ffe,,,Pattern,,"Records the pattern or regularity of the assessed habit or symptom in the nursing assessment; options include Regular, Irregular, Daily, and Occasional.",Question,Coded,1099AAAAAAAAAAAAAAAAAAAAAAAAAAAAAAAA;22e3978c-aace-418f-aa8d-5aa9c2cf0f24;5936f0b2-e4ca-42a9-84fd-fbeff22bfa96;8b2783b8-6206-463c-9f58-b4c39f42cd5d;ce04e913-0df8-47fa-b90a-314c67ca5d36,,1,2
d208e4b4-4543-4ea8-abf7-f5fe0e3d6465,,,Order Type,,"Records the category of nursing care order placed; options include Vascular access care, Respiratory care, Isolation, and Activity and ambulation.",Question,Coded,9bc867f5-2cd1-44df-b1b9-d14097bcb3fe;a980059f-261d-425f-a06d-72f636026766;d129e9d0-fccd-46cc-9d27-cdbfdc0260ba;ee9b33fc-0aaa-494a-bec6-e887289be71f;f8c17c3a-2cf5-403f-b1ae-954e2593cd65;fcdad924-1fd6-49c9-ad03-016948deacd4,,1,2
d31b70f1-9878-4fb8-8be4-3eae868ad516,,,Type of Feeding,,"Records the ICU patient's feeding method or substrate; options include Breastfeeding, Formula, NGT feeding, and Total parenteral nutrition (TPN).",Question,Coded,160240AAAAAAAAAAAAAAAAAAAAAAAAAAAAAA;1a1b61eb-7131-4b4c-81c2-f6ee62946967;1a7fa97a-711e-4400-bad1-a2bf376b0805;5622AAAAAAAAAAAAAAAAAAAAAAAAAAAAAAAA;73babbdc-526f-43c3-8c52-5353817a9d1a;9a39f702-3b2f-4357-8194-65d2b11046fe;a5c7f899-4ee9-5aa9-8394-3aceea98f8e1;ed6d2bd5-e5d6-4d91-8dfa-52791010d7f1,,1,2
d31f31ea-34f5-40e1-94ca-d364fbb8e90d,,,Physical Status,,"Records the patient's ASA physical status classification for anaesthesia risk; options include ASA I, ASA III, ASA IV, and ASA V.",Question,Coded,0c5a8eb6-2f8d-444f-a6fc-c497fbabd6d3;1d005485-b22d-44fc-8bad-f29a47a14fe5;319266b3-90d9-41ed-b636-026e507001af;3495231e-abc6-4750-8218-6f7f8541b176;4e9af104-8319-4063-be1c-4aeec5cbfb34;63f0de76-e37a-40a4-9d34-d21377b95fe5;a640fafc-5724-453e-9092-449325e2e570;c43d13b2-95cb-4c7b-a59f-d4de8555195d;c5443c8e-5829-49bc-b8f3-71523709745e;d19f6182-3d41-4227-9fe7-9382962c0474,,1,2
d3abe7b6-0a5f-4aa7-839d-dedaede93ffe,,,Additional Dose Required,,Indicates whether an additional dose of the medication is required for the patient.,Question,Boolean,1065AAAAAAAAAAAAAAAAAAAAAAAAAAAAAAAA;1066AAAAAAAAAAAAAAAAAAAAAAAAAAAAAAAA,,1,2
d4fd847b-bbe9-4641-b8e7-300f65d0d128,,,Mother currently on Antiretroviral Therapy (ART)?,Mother currently on Antiretroviral,Records whether the mother is currently receiving antiretroviral therapy (ART); options include Yes and No.,Question,Coded,1065AAAAAAAAAAAAAAAAAAAAAAAAAAAAAAAA;1066AAAAAAAAAAAAAAAAAAAAAAAAAAAAAAAA,,1,2
d6436455-af71-4fc6-9fc5-3739a2e64f5b,,,Understanding of Material,,"Records how well the patient understood the educational material presented; options include Good, Fair, and Poor.",Question,Coded,159405AAAAAAAAAAAAAAAAAAAAAAAAAAAAAA;159406AAAAAAAAAAAAAAAAAAAAAAAAAAAAAA;159407AAAAAAAAAAAAAAAAAAAAAAAAAAAAAA,,1,2
d65764e0-51e7-485e-a82a-35ef54a2d0f0,,,Organ donation referral made,,Indicates whether a referral for organ donation was made following the patient's death or terminal assessment.,Question,Boolean,1065AAAAAAAAAAAAAAAAAAAAAAAAAAAAAAAA;1066AAAAAAAAAAAAAAAAAAAAAAAAAAAAAAAA,,1,2
d66a5a36-7b79-46e3-b75b-13c59636d0fe,,,Motor Tone,,"Records the patient's muscle tone on motor examination; options include Normal, Hypotonia, and Hypertonia.",Question,Coded,1115AAAAAAAAAAAAAAAAAAAAAAAAAAAAAAAA;2e679812-7f71-428f-b7f0-bc8b6ec660fb;fef43917-2bf0-4ddc-9ada-8354f41ab937,,1,2
d8c915e9-0cd2-451c-ace2-a2b6910f69d4,,,Sex of Newborn,,Records the sex of the newborn documented at delivery; options include Male and Female.,Question,Coded,1241a7b5-0187-43ef-8a52-b52ee91f7c1f;8524bad5-7021-4a20-b55c-82b7d3985779,,1,2
d9a014f6-fe6a-46ba-8cf4-b6aa0f90fea9,,,APGAR Score (1 Min),,"Records the newborn's APGAR score assessed at one minute after birth, graded on the standard 0-10 scale.",Question,Coded,112cb702-94e3-48f8-bea7-bb69728fa339;2192bceb-2c89-45a7-88d4-e379e9014acd;27bb96ef-4f0e-4351-b96c-85dae1270bb9;2f3f0dbe-6266-4162-b319-13a70851b52e;580bb81f-e14e-4821-844d-976a01e4c501;7f8c744d-0c49-4ba7-9077-b2d14a53e743;a1abf370-cf96-452d-b2bb-3a59ea864c55;b312c6aa-d000-4adf-92c7-c04a5aacc9ef;b55c244e-84e0-40d4-af61-f882213ac321;df46852b-73d0-4575-85cd-a5f3f44ff225;f252aef4-00b3-48a7-919a-95a7e9775e77,,1,2
da88be9b-a0fa-45d7-bb79-e94cf446b77b,,,Outside Facility Type,,Records the type of outside source the patient came from; options include Other facility and Community/self.,Question,Coded,2a935d2a-a61f-4dae-aec8-3b8b8a0d3da1;ce923c49-abf5-4d97-bad2-34ee4158c75c,,1,2
db423dfe-60ca-4cea-a316-a2f5d6d3f03a,,,Previous Convictions,,"Indicates whether the patient has previous criminal convictions, documented in the forensic or psychosocial history.",Question,Boolean,1065AAAAAAAAAAAAAAAAAAAAAAAAAAAAAAAA;1066AAAAAAAAAAAAAAAAAAAAAAAAAAAAAAAA,,1,2
dcaae3e2-8fe8-4d47-9b1b-526eb8d09501,,,OG Tube Check,,"Records the status of the orogastric (OG) tube on routine check; options include Patent, Displaced, and None.",Question,Coded,1175AAAAAAAAAAAAAAAAAAAAAAAAAAAAAAAA;888065b6-4fe6-4584-b62c-7698bba2582d;afceb83f-2543-43e5-b022-ba0f271deae1,,1,2
dd56b1d1-082b-4d5a-9e64-ebb94bb62d88,,,Quantity / Severity,,"Records the quantity or severity of the reported substance use or symptom; options include Mild, Moderate, Severe, and Loss of control.",Question,Coded,1499AAAAAAAAAAAAAAAAAAAAAAAAAAAAAAAA;159562AAAAAAAAAAAAAAAAAAAAAAAAAAAAAA;159563AAAAAAAAAAAAAAAAAAAAAAAAAAAAAA;db33ed5a-5dd5-4907-bbd3-36af6401104d,,1,2
dde85c03-7e28-470c-9bae-aba5fb41f32b,,,"Orientation to time, place and person","Orientation to time, place and pers","Records whether the patient is oriented to time, place, and person on examination; options include Intact and Impaired.",Question,Coded,1065AAAAAAAAAAAAAAAAAAAAAAAAAAAAAAAA;1066AAAAAAAAAAAAAAAAAAAAAAAAAAAAAAAA;158ee43a-f72c-4a87-a39b-6d29a426d8a8;a6d00512-9786-45d6-8886-be160acfd5d4,,1,2
deeea714-c381-48bb-965b-a401a3301b6a,,,Expression of Ideas,,"Records how clearly the patient expresses ideas during assessment or therapy; options include Clear, Limited, and Disorganized.",Question,Coded,55f04455-b91d-4c65-badf-215003a890ea;7d048a0a-0913-4a4f-bc6d-d1a85345ce01;8d82393f-2ca0-43e1-99b7-1cc73cac19ee,,1,2
df6e8ddd-b91e-48c5-a225-91a18b4ba700,,,Communication Between Units,,Records whether handover communication between units was carried out for the patient transfer; options include Completed and Not completed.,Question,Coded,1267AAAAAAAAAAAAAAAAAAAAAAAAAAAAAAAA;17090bb9-aad7-433c-b72c-30f141582dbe,,1,2
e4a71855-21dd-4a0f-85f9-d29e002c872d,,,Suction Performed,,Records whether airway suctioning was performed during ICU monitoring; options include Yes and No.,Question,Coded,1065AAAAAAAAAAAAAAAAAAAAAAAAAAAAAAAA;1066AAAAAAAAAAAAAAAAAAAAAAAAAAAAAAAA,,1,2
e4d5fdf0-2608-497a-9061-58a1b93171c9,,,Emotional Status,,"Records the patient's observed emotional state during assessment; options include Stable, Anxious, Depressed, and Irritable.",Question,Coded,053b4d95-c66b-4772-a094-8b43bc9d4123;06398754-8865-4004-805e-926636d6d6c2;4cc20ea1-5d57-4ae3-a30f-23d38a21c7b7;4da36be2-b458-4020-b14f-fcf711364157;7094618d-1e64-4e3c-929c-db4696f227a5;95abc7da-24bf-4dce-9507-74d33452c71a,,1,2
e5106ec0-0df4-4c51-a7e2-4ec6b9464632,,,Check all conditions that apply to the patient,Check all conditions that apply to,"Records applicable postpartum screening conditions identified at review; options include resumed sexual activity, experienced complications, and signs of possible pregnancy.",Question,Coded,17934f26-331d-411a-9a75-1450e86e06c0;2843e66e-daf3-47b5-b28c-46bbe7e7f305;e122d712-a317-4bcc-8671-9bd0bd00e128,,1,2
e524706d-906d-4659-a2b7-582fc85cef86,,,Infant Feeding Intent / Status,,"Records the infant feeding intention or current practice; options include Exclusive formula feeding, Fully or nearly fully breastfeeding, and Mixed feeding.",Question,Coded,11659bd4-d901-4b12-91ff-b841e168b197;67e54701-e4b3-462d-99a5-7aa1a52ae205;a84ceec6-6263-4828-b55b-e7b3e7e1bb60,,1,2
e6e85210-66f9-4b58-a172-eae79fcfa446,,,Caput Present,,Records whether caput succedaneum is present on fetal head examination during labor; options include Yes and No.,Question,Coded,1065AAAAAAAAAAAAAAAAAAAAAAAAAAAAAAAA;1066AAAAAAAAAAAAAAAAAAAAAAAAAAAAAAAA,,1,2
e7d14ed9-7fc3-4367-a873-d01a00760d26,,,Response to intervention,,"Records the patient's clinical response to the intervention given; options include Positive, Minimal, None, and Adverse.",Question,Coded,1107AAAAAAAAAAAAAAAAAAAAAAAAAAAAAAAA;703AAAAAAAAAAAAAAAAAAAAAAAAAAAAAAAAA;7fa2d574-5f17-4595-9e8a-8e75dcfdef2b;ace4d1fb-f8e4-4a7d-a29e-986faa4460de,,1,2
ea14a625-13d1-4733-ac29-2f3c2d510574,,,Risk/Safety,,"Records identified risk and safety concerns for the patient; options include Self-harm risk, Aggression risk, Fall risk, and No concerns.",Question,Coded,11f7f807-b654-4e75-a779-5c672048137f;43ef2cd3-af2e-4585-8aed-e340dcb2d44c;52786fe5-19ee-4f01-8d9d-8fce68b50d95;9c54b605-c358-45c7-973b-2407a4a60a9f,,1,2
eb00ed2c-f21b-42c3-8201-5aa7d1ea2c26,,,Mother Needs Prophylactic/Therapeutic Antibiotics?,Mother Needs Prophylactic/Therapeut,Records whether the mother requires prophylactic or therapeutic antibiotics in the peripartum period; options include Yes and No.,Question,Coded,1065AAAAAAAAAAAAAAAAAAAAAAAAAAAAAAAA;1066AAAAAAAAAAAAAAAAAAAAAAAAAAAAAAAA,,1,2
eb9bc1ad-f503-40c6-8710-66a066c8efc8,,,Judgment,,Records the patient's judgment as assessed on mental status examination; options include Good and Impaired.,Question,Coded,158ee43a-f72c-4a87-a39b-6d29a426d8a8;159405AAAAAAAAAAAAAAAAAAAAAAAAAAAAAA,,1,2
eba1b818-bf7d-4fed-b5cd-7995fe2b4c5d,,,CPR performed,,Indicates whether cardiopulmonary resuscitation (CPR) was performed on the patient.,Question,Boolean,1065AAAAAAAAAAAAAAAAAAAAAAAAAAAAAAAA;1066AAAAAAAAAAAAAAAAAAAAAAAAAAAAAAAA,,1,2
ec29238c-f259-4de1-8db9-acf3717e24e3,,,Understanding of Content,,"Records the patient's comprehension of the content covered in the education or counseling session; options include Good, Fair, and Poor.",Question,Coded,159405AAAAAAAAAAAAAAAAAAAAAAAAAAAAAA;159406AAAAAAAAAAAAAAAAAAAAAAAAAAAAAA;159407AAAAAAAAAAAAAAAAAAAAAAAAAAAAAA,,1,2
ed647579-0e67-41ed-814b-a13b56abfcff,,,Patient Blood Group,,"Records the patient's ABO and Rhesus blood group for transfusion compatibility; options include A+, B+, AB+, and O+.",Question,Coded,03dbdf85-7184-431f-a5c2-f7428c66f18d;62d85dd0-f9ce-47d5-8a6f-4f1ba99543d9;73d8593d-edcd-454f-b2e8-c25f4c1b46a2;c85790b1-398f-4797-b5f4-25018a96fffc,,1,2
f04293ae-82f0-476f-add9-1ce81e6d8bdb,,,Follow-up Appointment Required?,,"Records whether the patient requires a follow-up appointment; options include Yes, No, and Managed by patient/family.",Question,Coded,1065AAAAAAAAAAAAAAAAAAAAAAAAAAAAAAAA;1066AAAAAAAAAAAAAAAAAAAAAAAAAAAAAAAA;85af5b72-663d-4258-aac3-2cdc510ef899,,1,2
f079c8c0-c84a-4eec-9403-3f91dd5228c1,,,Current Medical Management Adjustments,Current Medical Management Adjustme,"Records adjustments made to the patient's current medical management; options include Anticoagulation initiated, Rate/rhythm control initiated, and Diuretics adjusted.",Question,Coded,3cfa8323-5df6-4430-b8ae-c46c432edbb6;66d49124-2634-4ed7-83ab-f7844ad6f3e2;d0cec53d-92f2-43eb-b321-9f8ffed7110f,,1,2
f0fcae3f-a4c0-4d52-bd86-7c74edbd4705,,,Organ donation eligible,,Indicates whether the patient is eligible for organ donation.,Question,Boolean,1065AAAAAAAAAAAAAAAAAAAAAAAAAAAAAAAA;1066AAAAAAAAAAAAAAAAAAAAAAAAAAAAAAAA,,1,2
f1b13c1a-c08c-45d5-84d9-c01ab6574331,,,Feeding Interval,,"Records the prescribed interval between the patient's feeds; options include Every 2 hours, Every 3 hours, Every 4 hours, and Continuous infusion.",Question,Coded,202e5b1c-886c-4a81-846f-d306847bf385;33460abd-8a92-11e4-977f-0800271c1b75;33436036-8a92-11e4-977f-0800271c1b75;e7397a74-ada5-4c96-8e3c-6974f81a8e94,,1,2
f1fe1a51-251f-40e1-a30b-dc05e8984946,,,Fetal Station,,"Records the fetal station, the level of the presenting part relative to the ischial spines on vaginal examination; options include 0, +1, +2, and +3.",Question,Coded,112cb702-94e3-48f8-bea7-bb69728fa339;2192bceb-2c89-45a7-88d4-e379e9014acd;2f3f0dbe-6266-4162-b319-13a70851b52e;7f8c744d-0c49-4ba7-9077-b2d14a53e743;b312c6aa-d000-4adf-92c7-c04a5aacc9ef;b55c244e-84e0-40d4-af61-f882213ac321,,1,2
f265856c-8fb7-4b1f-bcc7-2e4b9c291220,,,Respiratory Rate <12/min,,"Indicates whether the patient's respiratory rate is below 12 breaths per minute, a sign of respiratory depression.",Question,Boolean,1065AAAAAAAAAAAAAAAAAAAAAAAAAAAAAAAA;1066AAAAAAAAAAAAAAAAAAAAAAAAAAAAAAAA,,1,2
f291a7e6-b7b7-4556-8cc1-31091829f1eb,,,Type of Glucose Check,,"Records the timing context of the blood glucose measurement; options include Fasting, 2 hours after breakfast, 2 hours after lunch, and 2 hours after dinner.",Question,Coded,00aab2a8-39a0-4d5b-9bc0-110904a24457;13aab196-42db-422c-b906-c7087817d048;18a757a2-d482-49b6-be80-68afe27b1b0f;8f35bf8b-d656-4cb5-9073-2f8d8ebf8f11;ad2af1a4-59fe-4de9-bb57-5398b11c8448,,1,2
f2e5b317-d624-470b-8298-1890b2801cba,,,Water Level,,Records the water level in the humidifier or reservoir during respiratory therapy checks; options include Adequate and Refill needed.,Question,Coded,7da849bf-3fd3-441e-9715-7af376de4949;f2026b49-0790-49cb-937e-72632c2b3686,,1,2
f42d6564-2004-402a-abc5-15d87c250902,,,Course and Progression,,"Records the course and progression of the patient's illness over time; options include Stable, Fluctuating, Episodic, and Improving/worsening.",Question,Coded,06398754-8865-4004-805e-926636d6d6c2;163053AAAAAAAAAAAAAAAAAAAAAAAAAAAAAA;163055AAAAAAAAAAAAAAAAAAAAAAAAAAAAAA;43606a0e-3a9c-4888-8941-cf555f825b76;ed20c24d-91fb-45da-9d24-12a25d54b594,,1,2
f4d2de4c-a0ee-4a61-a0d7-53354db7db1e,,,"Thought process, psychiatric assessment",,"Records the patient's thought process on mental status examination; options include logical, tangential, and disorganized.",Question,Coded,09f8c67f-9569-4cf1-bc74-ff81c9cee765;55f04455-b91d-4c65-badf-215003a890ea;5622AAAAAAAAAAAAAAAAAAAAAAAAAAAAAAAA;662c1e2c-7c1a-442d-ac47-b066356e8167,,1,2
f4e8cad1-d99f-4003-8843-dda9289f64f8,,,Attendance,,"Records the patient's attendance at the scheduled session or program; options include Present, Absent, Regular, and Partial.",Question,Coded,163747AAAAAAAAAAAAAAAAAAAAAAAAAAAAAA;163748AAAAAAAAAAAAAAAAAAAAAAAAAAAAAA;22e3978c-aace-418f-aa8d-5aa9c2cf0f24;46969e18-a3c4-4fcc-ba87-907917ac0986;490dca17-a568-49e8-9da4-b5982d36a3ce;5936f0b2-e4ca-42a9-84fd-fbeff22bfa96;6c70ef43-1fbe-4657-a927-8f24b3d57fff;76cd153f-7bab-41ce-a56b-7410ac561a1b;a720316b-4723-4f82-bf4b-4958766c08b1;f7084012-8290-42fb-88b7-00773c698389,,1,2
f5d93f22-7547-4381-8e7a-c8790532cdc6,,,Immediate Postpartum Methods (< 48 hours / Before Discharge),Immediate Postpartum Methods (< 48,"Records the family planning method provided within 48 hours of delivery, before discharge; options include Postpartum IUD, Progestin-only implants, Lactational amenorrhea method, and Permanent method.",Question,Coded,3d006620-e869-4605-a69b-05589959dbe0;9937be1d-a516-48a1-8e56-68abf0e7d754;bb734330-1853-4842-8a8e-425e2257e298;bdb738f0-9b84-4d01-9d65-0eeb19c7516b;c69ea33f-4cc3-42ea-909b-5d7403bb3c3c;e7b2e98b-4022-42d2-a2c7-6aa79ff184e5,,1,2
f634d574-3925-4bbe-97c8-bdc2a9b89a04,,,Marital Status,,"Records the patient's marital status for the psychosocial and counseling record; options include Married, Never married, Divorced, and Widowed.",Question,Coded,1056AAAAAAAAAAAAAAAAAAAAAAAAAAAAAAAA;1057AAAAAAAAAAAAAAAAAAAAAAAAAAAAAAAA;1058AAAAAAAAAAAAAAAAAAAAAAAAAAAAAAAA;1059AAAAAAAAAAAAAAAAAAAAAAAAAAAAAAAA;5555AAAAAAAAAAAAAAAAAAAAAAAAAAAAAAAA;5622AAAAAAAAAAAAAAAAAAAAAAAAAAAAAAAA;6f4e7a3f-55ef-4da0-b07d-bdead49528b8;7659c02c-a969-4de4-a9c8-bdd6b6d17ebe;8f878873-0de1-4abe-a3a0-3152caa6fe03,,1,2
f92243a3-49a3-4f5a-8d0c-db89cb299ef3,,,Prior violent behavior reported,History of Violence,Indicates whether the patient has a reported history of violent behavior toward others.,Question,Boolean,1065AAAAAAAAAAAAAAAAAAAAAAAAAAAAAAAA;1066AAAAAAAAAAAAAAAAAAAAAAAAAAAAAAAA,,1,2
fc1c4054-37ea-4f9a-8b01-616dc0d9c1f9,,,Gastric Residual Volume,,"Records the character of gastric residual aspirate checked before enteral feeding; options include None, Clear/milky, Green/bilious, and Blood-stained.",Question,Coded,1107AAAAAAAAAAAAAAAAAAAAAAAAAAAAAAAA;4ca8c9ef-59ba-4bad-8a81-cc4ceb7d41c4;4e642221-f647-423f-9ec5-b1aefb791c9c;c0e211e6-e503-4b66-aed3-6f2d92b8c67a,,1,2
fe40122a-054d-42fc-b805-97a0e0f59d62,,,Delayed Postpartum Methods (Delayed to 6 weeks),Delayed Postpartum Methods (Delayed,"Records the family planning method planned or provided at the delayed postpartum stage (around 6 weeks); options include Interval IUD insertion, Progestin-only injectable, and Combined oral contraceptives.",Question,Coded,a5491569-807b-4c10-a338-f126bb631ea7;ba1f92b1-741a-49a0-bf35-57d66a5194b3;bbe2c152-7bc2-4507-851a-0716c68b269a,,1,2
52d87ac1-16e5-4251-a365-2511f0026a8e,,,Maintenance Dose Post Delivery (group),Maintenance Dose Post Delivery,"Groups the observations recorded for each maintenance dose administered after delivery, one entry per dose given.",ConvSet,N/A,,77459bff-b817-46f3-94a1-67aec5da5133;9e71e964-a2b1-4a91-b3bd-96dd54689723;c52aa24d-30a0-4126-8c01-8d522cabafc9;0925e76f-84fa-48b7-8c98-8075038ab89a;318b906a-9b57-4e36-995a-2b5eec38bf3f;c46b71a2-f7d6-4982-a645-97e7d5c257c9;a9b0af74-d36b-424c-8989-9ae93fa10f7b;d3b5c439-e7ac-4e20-9b7c-ab5057a309ef,1,2
7887fa56-e6ee-4888-b855-6453be4315a3,,,Monitoring Entries (group),Monitoring Entries,"Groups the observations recorded at each scheduled monitoring entry, allowing repeated entries over the monitoring period.",ConvSet,N/A,,9637081c-6071-8901-2345-678901abce00;48489d16-d5a4-403d-a3a4-1275ff1755b6;1145e8f4-17a4-43af-a28a-94399aef3c0b;5087AAAAAAAAAAAAAAAAAAAAAAAAAAAAAAAA;5242AAAAAAAAAAAAAAAAAAAAAAAAAAAAAAAA;5088AAAAAAAAAAAAAAAAAAAAAAAAAAAAAAAA;61c417bc-49a9-41b8-a7a4-d640c824b95b;5ac2b392-6007-459f-b80a-a0eca7bf709e;3167689e-a1d8-43c0-bc80-c1103a42d19f;7ee2ff7f-a39a-4894-93e4-7cfc6b328807;7415869c-4859-6789-0123-456789abcd14;21AAAAAAAAAAAAAAAAAAAAAAAAAAAAAAAAAA;163126AAAAAAAAAAAAAAAAAAAAAAAAAAAAAA;864e6c73-9884-4a9c-839a-39e956561366,1,2
799fc567-03ea-4b24-9c27-cf0f8d4f6ea4,,,Maintenance Dose Administration (group),Maintenance Dose Administration,"Groups the observations recorded for each administration of a maintenance dose, one entry per dose given.",ConvSet,N/A,,77459bff-b817-46f3-94a1-67aec5da5133;9e71e964-a2b1-4a91-b3bd-96dd54689723;c52aa24d-30a0-4126-8c01-8d522cabafc9;1e5bf2d9-a484-4426-bc99-7eaa61b0ea67;0925e76f-84fa-48b7-8c98-8075038ab89a;318b906a-9b57-4e36-995a-2b5eec38bf3f;c46b71a2-f7d6-4982-a645-97e7d5c257c9;a9b0af74-d36b-424c-8989-9ae93fa10f7b;d3b5c439-e7ac-4e20-9b7c-ab5057a309ef,1,2
90ae72d3-9aff-4f63-8b53-b1c1acda004c,,,Feeding Metrics (group),Feeding Metrics,"Groups the feeding measurements recorded for the infant at each feed, such as volume and route.",ConvSet,N/A,,9637081c-6071-8901-2345-678901abce00;48489d16-d5a4-403d-a3a4-1275ff1755b6;d31b70f1-9878-4fb8-8be4-3eae868ad516;37c943fb-c416-4916-a3b4-fb052d3fe32a;61f1dd43-265a-4652-ac93-036c66bf4ad1;f1b13c1a-c08c-45d5-84d9-c01ab6574331;c9e43224-f310-4e35-98a6-479ca02ca1c0,1,2
f02db60e-299c-450b-9060-91ff7b540929,,,Monitoring Before Each Dose (group),Monitoring Before Each Dose,"Groups the safety observations recorded before each dose is given, such as reflexes, respiratory rate, and urine output.",ConvSet,N/A,,1517b74b-b213-4b49-ae52-4ccffcb5ba43;1145e8f4-17a4-43af-a28a-94399aef3c0b;5242AAAAAAAAAAAAAAAAAAAAAAAAAAAAAAAA;007155ea-ad0e-40ee-bb7c-9b0cb912755e;c246b6b2-69f4-4a23-90d7-eb5f9d36edee;650acff8-4921-4237-8fca-57ff678f48e9;d269a661-f1bf-4a11-8b82-1207de30a4da;c3187dfc-7359-4e11-a33e-3dbdb6facc68;161929AAAAAAAAAAAAAAAAAAAAAAAAAAAAAA;e6c5a098-f9d8-45fa-aa0c-8cc30e27a79f;a9b0af74-d36b-424c-8989-9ae93fa10f7b;d3b5c439-e7ac-4e20-9b7c-ab5057a309ef;b5b26f02-d1ac-40c2-a7bb-4a5166524b21,1,2
