Uuid,Void/Retire,Same as mappings,Fully specified name:en,Short name:en,Description:en,Data class,Data type,Answers,Members,_version:10,_order:1
265ec950-3744-435e-9d5a-3b0e1c89ac3b,,,0 (None),,0 (None),Finding,N/A,,,1,1
7d5edf8a-25a7-437b-ae75-b41bf921b488,,,0 = < 3 sniffs,,0 = < 3 sniffs,Finding,N/A,,,1,1
d1900105-e6a1-49ef-8f97-b5ccb2fe8619,,,0 = absent,,0 = absent,Finding,N/A,,,1,1
9ad46716-5a4e-4dd7-a15c-12ab6827d320,,,0 = no yawns,,0 = no yawns,Finding,N/A,,,1,1
83c81e40-7c95-4372-ae8a-1de542d91534,,,0 no nausea and no vomiting,,0 no nausea and no vomiting,Finding,N/A,,,1,1
f9d5e01b-4c03-4a07-9660-80292c82101c,,,0 no sweat visible,,0 no sweat visible,Finding,N/A,,,1,1
bf0b40a2-fad6-42dd-8f31-7e15d115c749,,,0 no tremor,,0 no tremor,Finding,N/A,,,1,1
51183727-6cfb-4696-9105-35da4f8f52bf,,,0 none,,0 none,Finding,N/A,,,1,1
caaaa28a-4134-4250-8411-73b9f26f9aa7,,,0 normal activity,,0 normal activity,Finding,N/A,,,1,1
ecf349d5-eb12-4498-af7f-83c34a524a1e,,,0 not present,,0 not present,Finding,N/A,,,1,1
e165d582-e691-4311-8bc2-0a0cfd812544,,,0 oriented and can do serial additions,0 oriented and can do serial additi,0 oriented and can do serial additions,Finding,N/A,,,1,1
93582f48-936b-49a8-b1ba-4916625404bd,,,"1 (Minimal, maybe normal)",,"1 (Minimal, maybe normal)",Finding,N/A,,,1,1
df21bfe8-b331-4bd3-8745-3b6589966fc5,,,1 = 1 yawn,,1 = 1 yawn,Finding,N/A,,,1,1
8c8586eb-19a6-47a9-bbe2-a83d0baff942,,,1 = 3 mm,,1 = 3 mm,Finding,N/A,,,1,1
4ed0b3b1-9fdf-42a2-9bd4-3bd267eebed8,,,1 = 3 sniffs,,1 = 3 sniffs,Finding,N/A,,,1,1
c0a0c1ac-da19-47f8-9e57-a0f7bc5cf5f7,,,1 = Holding stomach,,1 = Holding stomach,Finding,N/A,,,1,1
afbd6f4b-54c7-4a20-85b0-4991b5a0ec81,,,1 = frequent shifts of position,,1 = frequent shifts of position,Finding,N/A,,,1,1
22a16963-1523-4dbb-92f4-e98209e4c673,,,1 = mild - severe,,1 = mild - severe,Finding,N/A,,,1,1
cfa09fb3-fb52-4225-a922-fa475a9272a9,,,1 = present,,1 = present,Finding,N/A,,,1,1
7852823d-61b3-4dff-b226-9f5e3972ab6a,,,1 = shivering / huddling for warmth,,1 = shivering / huddling for warmth,Finding,N/A,,,1,1
68747763-a749-43b4-a31c-53f22ea1475b,,,"1 barely perceptible sweating, palms moist","1 barely perceptible sweating, palm","1 barely perceptible sweating, palms moist",Finding,N/A,,,1,1
3e3efdcc-33e9-41e6-8516-47cd70b187bf,,,1 cannot do serial additions or is uncertain about date,1 cannot do serial additions or is ,1 cannot do serial additions or is uncertain about date,Finding,N/A,,,1,1
e533564d-0713-42e4-aeb9-6eb28c278385,,,1 mild nausea with no vomiting,,1 mild nausea with no vomiting,Finding,N/A,,,1,1
8fdddf9d-b15c-42da-91f5-edb82f8906c4,,,"1 not visible, but can be felt fingertip to fingertip","1 not visible, but can be felt fing","1 not visible, but can be felt fingertip to fingertip",Finding,N/A,,,1,1
5d47df07-1fdd-4871-b8c3-6cd11d8daaaa,,,1 somewhat more than normal activity,1 somewhat more than normal activit,1 somewhat more than normal activity,Finding,N/A,,,1,1
3f1060a3-0e10-4bc8-a18f-6de03ca9a03b,,,1 very mild,,1 very mild,Finding,N/A,,,1,1
4a362fda-0c80-4c52-b507-5d9227792f75,,,1 very mild harshness or ability to frighten,1 very mild harshness or ability to,1 very mild harshness or ability to frighten,Finding,N/A,,,1,1
e5a06640-9714-46a9-bebd-dc080b4f1c33,,,"1 very mild itching, pins and needles, burning or numbness","1 very mild itching, pins and needl","1 very mild itching, pins and needles, burning or numbness",Finding,N/A,,,1,1
93950d50-6c4d-44c4-9f5d-aa1a18da04a2,,,1 very mild sensitivity,,1 very mild sensitivity,Finding,N/A,,,1,1
b5c4f7ce-1cbc-41f8-bef5-cc86845f5096,,,2 (Mild),,2 (Mild),Finding,N/A,,,1,1
660a6640-cc83-4a36-98a8-4d12799ceb85,,,2 disoriented for date by no more than 2 calendar days,2 disoriented for date by no more t,2 disoriented for date by no more than 2 calendar days,Finding,N/A,,,1,1
fbba74ee-d2bc-4881-9dde-5f881c6d59d4,,,2 mild,,2 mild,Finding,N/A,,,1,1
8f72733b-4bc5-4121-b2e7-a51b0a257d59,,,2 mild harshness or ability to frighten,2 mild harshness or ability to frig,2 mild harshness or ability to frighten,Finding,N/A,,,1,1
77549b49-e301-447d-9152-5fac50225f88,,,"2 mild itching, pins and needles, burning or numbness","2 mild itching, pins and needles, b","2 mild itching, pins and needles, burning or numbness",Finding,N/A,,,1,1
3189789e-e034-4836-8155-ab4b9225cbf9,,,2 mild sensitivity,,2 mild sensitivity,Finding,N/A,,,1,1
93d98807-89b8-4a7b-9938-86283841c592,,,3 (Moderate),,3 (Moderate),Finding,N/A,,,1,1
9456e518-49e1-4e60-ba47-2d95b61855ca,,,3 disoriented for date by more than 2 calendar days,3 disoriented for date by more than,3 disoriented for date by more than 2 calendar days,Finding,N/A,,,1,1
14b0c4a6-7fd9-4c58-a53f-c8d55dd3036a,,,3 moderate,,3 moderate,Finding,N/A,,,1,1
28f4588b-8f0a-403b-9854-02707e3a6eaf,,,3 moderate harshness or ability to frighten,3 moderate harshness or ability to ,3 moderate harshness or ability to frighten,Finding,N/A,,,1,1
4e767a33-0bb4-40d1-9285-f02e2e1366d9,,,"3 moderate itching, pins and needles, burning or numbness","3 moderate itching, pins and needle","3 moderate itching, pins and needles, burning or numbness",Finding,N/A,,,1,1
c692fe0f-ae99-4786-a102-eac6570e5a80,,,3 moderate sensitivity,,3 moderate sensitivity,Finding,N/A,,,1,1
78503633-3d69-42fa-9776-faf7a2e1da9b,,,4 (Severe),,4 (Severe),Finding,N/A,,,1,1
a1eb9855-cad1-47f6-9642-7fbcf238093a,,,4 beads of sweat obvious on forehead,4 beads of sweat obvious on forehea,4 beads of sweat obvious on forehead,Finding,N/A,,,1,1
10912ec7-d2f5-43cd-a64b-bb000a4bf7cf,,,4 disoriented for place and/or person,4 disoriented for place and/or pers,4 disoriented for place and/or person,Finding,N/A,,,1,1
4ecc593f-9bf1-46af-b35b-855710706917,,,4 intermittent nausea with dry heaves,4 intermittent nausea with dry heav,4 intermittent nausea with dry heaves,Finding,N/A,,,1,1
2c33a29a-3566-49ad-a539-2ffb49f189d0,,,4 moderate with patient's arms extended,4 moderate with patient's arms exte,4 moderate with patient's arms extended,Finding,N/A,,,1,1
a47baf16-12a8-41f8-8653-e30da2766616,,,4 moderately fidgety and restless,,4 moderately fidgety and restless,Finding,N/A,,,1,1
6b04ee42-2d6a-4a68-ab63-170a1b0cc1f0,,,4 moderately severe,,4 moderately severe,Finding,N/A,,,1,1
135ef07a-cbd6-4ef8-ae04-9a7bc69ef966,,,4 moderately severe hallucinations,,4 moderately severe hallucinations,Finding,N/A,,,1,1
de3b9a1b-732b-4c9b-bc82-5d0bd2a3a0d9,,,5 severe,,5 severe,Finding,N/A,,,1,1
1452dca9-2788-4e89-9b7e-d4e2e74102a3,,,5 severe hallucinations,,5 severe hallucinations,Finding,N/A,,,1,1
4bd3e641-41be-4234-b2c2-c4d1ecebdfd4,,,6 extremely severe hallucinations,,6 extremely severe hallucinations,Finding,N/A,,,1,1
f327c515-d5c8-49e7-bdee-904515ae9eee,,,6 very severe,,6 very severe,Finding,N/A,,,1,1
5245f7d7-ed17-47cd-bc07-bff460da2535,,,7 (equivalent to acute panic states as seen in severe delirium or acute schizophrenic reactions),7 (equivalent to acute panic states,7 (equivalent to acute panic states as seen in severe delirium or acute schizophrenic reactions),Finding,N/A,,,1,1
4428799f-e0fe-41b0-9d63-af6f4262fbbf,,,"7 constant nausea, frequent dry heaves and vomiting","7 constant nausea, frequent dry hea","7 constant nausea, frequent dry heaves and vomiting",Finding,N/A,,,1,1
ade5289c-27ca-4b34-9d30-5923cfb2995a,,,7 continuous hallucinations,,7 continuous hallucinations,Finding,N/A,,,1,1
7ff733bc-2fe0-43bd-be1d-4e66b9410cf2,,,7 drenching sweats,,7 drenching sweats,Finding,N/A,,,1,1
80a6ff02-7b62-4104-a207-f60cf83f944a,,,7 extremely severe,,7 extremely severe,Finding,N/A,,,1,1
78830e12-41e8-43f0-92b3-8446fa8f9aa1,,,"7 paces back and forth during most of the interview, or constantly thrashes about",7 paces back and forth during most ,"7 paces back and forth during most of the interview, or constantly thrashes about",Finding,N/A,,,1,1
5e11a999-6572-4c11-9305-9fc8f82aa9d6,,,"7 severe, even with arms not extended","7 severe, even with arms not extend","7 severe, even with arms not extended",Finding,N/A,,,1,1
f6d69ecd-c769-49d2-a1ef-4beaf87f6873,,,Absconding (incident type),,Absconding,Finding,N/A,,,1,1
ebab863f-b174-4d49-8a48-8d0de7700442,,,Absence of other unmanaged physical illness,,Absence of other unmanaged physical illness,Finding,N/A,,,1,1
da766980-8e3b-44bc-a96e-bb119a56766d,,,Abstinent,,Abstinent,Finding,N/A,,,1,1
1a3d0b42-02d0-418f-8d9a-a2bbd5e97c87,,,Abuse / Neglect Allegation,,Abuse / Neglect Allegation,Finding,N/A,,,1,1
59ca968f-8dfc-4a22-b61c-a321028fb3f2,,,Achieve safe detoxification and medical stabilization,Achieve safe detoxification and med,Achieve safe detoxification and medical stabilization,Finding,N/A,,,1,1
18b831e2-2612-47c4-be20-5a4398ec8354,,,Action (actively changing behavior),,Action (actively changing behavior),Finding,N/A,,,1,1
f172a581-9d3f-4d01-ae4b-99ff1b943127,,,Active (clinical status),,Active,Finding,N/A,,,1,1
b4bbbee4-be0d-4745-b4ee-0557ee4ac85e,,,Active Seeking/Use,,Active Seeking/Use,Finding,N/A,,,1,1
123e3b90-e976-4830-8498-4a0fa6adb3b2,,,Active Violent Thoughts / Threats,,Active Violent Thoughts / Threats,Finding,N/A,,,1,1
b03764e6-2bf8-4789-b48b-4e4b7485313b,,,Adequate (motor coordination),,Adequate,Finding,N/A,,,1,1
f23f2168-503f-4ae7-8eb0-061a3a5e4294,,,Admit (Admission Required),,Admit (Admission Required),Finding,N/A,,,1,1
e1831303-404a-4277-9e15-2ad3937958d1,,,Aggression / Violence,,Aggression / Violence,Finding,N/A,,,1,1
2cd68aa4-2709-4070-8053-15cee0311159,,,Aggressive,,Aggressive,Finding,N/A,,,1,1
3cc851e5-6fbe-4515-97df-0064c0241e11,,,Agitated (observed behavior),,Agitated,Finding,N/A,,,1,1
dbaff1fe-52ce-485e-bedd-a9044eeaaaff,,,Alone,,Alone,Finding,N/A,,,1,1
b295f9dd-0f87-4968-95bd-40abe5659a59,,,Ambivalent Intent,,Ambivalent Intent,Finding,N/A,,,1,1
c3fcb551-08f3-41bb-8b45-813addf03eb5,,,Anxious (observed mood),,Anxious,Finding,N/A,,,1,1
dbeacd0b-a575-4fd4-9db5-fd514474ac7c,,,Appropriate (observed affect),,Appropriate,Finding,N/A,,,1,1
c712a067-e07e-47ce-8d7e-156b377c174b,,,Aspiration,,Aspiration,Finding,N/A,,,1,1
02ef98f2-06a0-4282-bb7b-f83765495696,,,At room air,,At room air,Finding,N/A,,,1,1
8ebff391-a3ad-40e9-bdce-7cfe8c4c3d9a,,,Auditory,,Auditory,Finding,N/A,,,1,1
a107f732-a494-47c8-add4-96dc3eec44ed,,,Binge,,Binge,Finding,N/A,,,1,1
de963260-5cbf-4ee3-a2d1-7650f8172e78,,,Binge / Heavy Use Pattern,,Binge / Heavy Use Pattern,Finding,N/A,,,1,1
779d0afd-373f-47ef-b99a-b2356648b476,,,Binge use,,Binge use,Finding,N/A,,,1,1
c4571176-a1c5-49e7-801b-9a9f914b98e4,,,Biweekly,,Biweekly,Finding,N/A,,,1,1
5fc9d3d1-dea5-420b-af8d-c3ffe2de288b,,,Bizarre,,Bizarre,Finding,N/A,,,1,1
a23f84f3-3c82-48fd-b72d-34387482494a,,,Blunted (observed affect),,Blunted,Finding,N/A,,,1,1
3535bd08-6b70-417a-a35e-8e48050e515a,,,CBR,,CBR,Finding,N/A,,,1,1
185984d1-5d94-4fa9-ab15-96632e039daf,,,Calm (observed behavior),,Calm,Finding,N/A,,,1,1
e7f587b5-1578-4b33-afe1-ab82c8100819,,,Cannabis,,Cannabis,Finding,N/A,,,1,1
7db5a6b4-6efd-4bb7-9a41-e5e6def1037a,,,Caregiver (household member),,Caregiver,Finding,N/A,,,1,1
9eb3114b-2af7-4206-8d54-43bf16f3c3d6,,,Catatonic and/or catatonic with refusal to eat,,Catatonic and/or catatonic with refusal to eat,Finding,N/A,,,1,1
e45f9895-44f7-480d-bdf6-909366cfa781,,,Circumstantial,,Circumstantial,Finding,N/A,,,1,1
5dcdf4e9-085b-4d3b-ad3d-8e329ccc28cc,,,Clean (personal appearance),,Clean,Finding,N/A,,,1,1
201dd6e8-e6ce-44b2-ab73-aa880c6114d4,,,Clear Intent,,Clear Intent,Finding,N/A,,,1,1
b3e27c8a-2d26-4dbc-ac35-029b9873772d,,,Clear intent to act,,Clear intent to act,Finding,N/A,,,1,1
75849ab2-2c0d-4636-82bd-0811c58a7933,,,Clear intent to harm others,,Clear intent to harm others,Finding,N/A,,,1,1
8d30da28-3066-4429-862f-1aced115b71f,,,Closed,,Closed,Finding,N/A,,,1,1
eb900158-27a3-4995-9a82-459779a8b020,,,Community (referral source),,Community,Finding,N/A,,,1,1
ba2cbb4d-5599-4ad8-aa14-43a1d8fe0090,,,Complications from eating disorder,,Complications from eating disorder,Finding,N/A,,,1,1
8617f1ec-56dc-45e5-b3ed-76e3cbe808d7,,,Consultant Psychiatrist,,Consultant Psychiatrist,Finding,N/A,,,1,1
18154bf8-5346-43ef-ab04-617b749e6eff,,,Contemplation (ambivalent about change),Contemplation (ambivalent about cha,Contemplation (ambivalent about change),Finding,N/A,,,1,1
ade6426d-68e8-45c7-9ff8-f9b1d38c3c30,,,Continue Follow-up,,Continue Follow-up,Finding,N/A,,,1,1
d22dcf3d-fa42-4e67-b585-0d715862773d,,,Continued use despite harm,,Continued use despite harm,Finding,N/A,,,1,1
fb58dd15-b7cb-4f7c-a670-c6c40f9e008e,,,Cooperative (observed behavior),,Cooperative,Finding,N/A,,,1,1
7a8169e4-9060-4a1d-aa33-116629ddd4c8,,,Counseling,,Counseling,Finding,N/A,,,1,1
f1f038fb-5900-48b6-af48-78e2c7c08d31,,,Craving,,Craving,Finding,N/A,,,1,1
6755b785-1a7c-4c5f-b650-3f0e2d37c691,,,Daily (frequency of use),,Daily,Finding,N/A,,,1,1
9cc9d880-dcbb-49a7-a1c8-76379e364a3a,,,Degree+,,Degree+,Finding,N/A,,,1,1
db3dbd0d-b506-480f-8002-4fece8917490,,,Delusion (psychiatric symptom),,Delusion,Finding,N/A,,,1,1
0b7cf0f6-fd21-4978-9f34-5b52dc6d0100,,,Dependent,,Dependent,Finding,N/A,,,1,1
3539231e-97bf-4f99-96de-74ac37617e7b,,,Depersonalization,,Depersonalization,Finding,N/A,,,1,1
b0981c4c-bf20-446e-94b8-28ef84c2c807,,,"Depressed (mood, mental status exam)",,Depressed,Finding,N/A,,,1,1
dde98732-6821-4e11-8e13-9c042bcc7501,,,Detox,,Detox,Finding,N/A,,,1,1
6ff8a4a2-e569-46ec-87c2-b3412244638a,,,Develop coping skills to prevent relapse,Develop coping skills to prevent re,Develop coping skills to prevent relapse,Finding,N/A,,,1,1
a7bfc404-61e6-482b-9b50-e31b958eff30,,,Diploma (educational attainment),,Diploma,Finding,N/A,,,1,1
9dbbbbd8-2cf2-4217-9470-97651aaa6fd2,,,Disability-related,,Disability-related,Finding,N/A,,,1,1
2846f831-acfa-408f-81f2-b111ef5ee6b0,,,Disordered and/or bizarre thinking / retarded,,Disordered and/or bizarre thinking / retarded,Finding,N/A,,,1,1
445056ab-f8c3-41fd-a925-c30d58953ba3,,,Disorganized (thought process finding),,Disorganized,Finding,N/A,,,1,1
69465abe-14e6-4f37-812b-1284a17ec249,,,Drug failure or resistance to treatment,,Drug failure or resistance to treatment,Finding,N/A,,,1,1
105d6a51-2445-48de-8d3c-1fa3a2410a42,,,Drug non-compliance or refusal,,Drug non-compliance or refusal,Finding,N/A,,,1,1
b8c21d04-6424-480a-8987-7ee7b6e884e4,,,Ear (temperature site),,Ear,Finding,N/A,,,1,1
aa502691-f237-46c8-84d1-e1ab3a6fcf22,,,Easy Access,,Easy Access,Finding,N/A,,,1,1
6f191b6d-ecd3-4096-a3b4-4d0f26f0294b,,,Easy access to lethal means,,Easy access to lethal means,Finding,N/A,,,1,1
d4bb71cd-a987-4218-b564-df45825f9f1f,,,Electroconvulsive Therapy (ECT) candidate,,Electroconvulsive Therapy (ECT) candidate,Finding,N/A,,,1,1
71129829-dc9b-4730-90cb-a38ac72d8fd7,,,Elementary school education,,Elementary,Finding,N/A,,,1,1
8a09ea33-6afe-4e98-857e-045e47b07ab6,,,Elevated (observed mood),,Elevated,Finding,N/A,,,1,1
dc328bd2-ec6e-4aab-befb-53c178d2f318,,,Emergency ward,,Emergency,Finding,N/A,,,1,1
4befe3ce-4ad1-4c46-bd66-93d403a802e8,,,Currently employed,,Employed,Finding,N/A,,,1,1
f5f09db9-bab7-4e5e-b3b7-5d0fe07b3500,,,Enhance daily functioning and self-care skills,Enhance daily functioning and self-,Enhance daily functioning and self-care skills,Finding,N/A,,,1,1
a990e867-d1aa-4a3b-9cca-f6c2e42cc1ed,,,Enthusiastic,,Enthusiastic,Finding,N/A,,,1,1
27f67e09-0a71-497c-a73c-a1c23e9c9770,,,Euthymic,,Euthymic,Finding,N/A,,,1,1
ea96b311-bbc5-407c-859e-e5a4c1ec71e9,,,Evening (work shift),,Evening,Finding,N/A,,,1,1
bb9b093b-692e-453d-bb4c-4f98784e4806,,,Evidence of physical health complications,Evidence of physical health complic,Evidence of physical health complications,Finding,N/A,,,1,1
00e1590b-67b3-4e1b-b0f0-016e88441a4e,,,Extended,,Extended,Finding,N/A,,,1,1
4f227fa2-1f8a-4030-9fe2-24fe6e19c429,,,FBS,,FBS,Finding,N/A,,,1,1
5ead1ccf-5b36-4ef7-8b70-d0e766d879a5,,,Facility visit (follow-up type),,Facility,Finding,N/A,,,1,1
f6fdeddf-1888-49eb-bc91-b05fb13105a6,,,Fall (incident type),,Fall,Finding,N/A,,,1,1
b998b822-9843-4630-8d06-b26694df8783,,,Family mediation,,Family mediation,Finding,N/A,,,1,1
aba6997d-82bf-4221-8bce-767e159123e9,,,Family/Caregiver,,Family/Caregiver,Finding,N/A,,,1,1
096cbb4d-4a2a-433a-8faf-24d12c962d58,,,Financial,,Financial,Finding,N/A,,,1,1
2acde057-a91b-4f91-bf57-26e625c81e53,,,Flat (observed affect),,Flat,Finding,N/A,,,1,1
685a8309-8d9e-44ae-8a02-aac35270660d,,,Flight of Idea,,Flight of Idea,Finding,N/A,,,1,1
0aabbe1b-baf6-41bb-b99c-96cbe27e6415,,,Fluctuating (emotional stability),,Fluctuating,Finding,N/A,,,1,1
3591287e-f4c1-4325-976f-e19951718c70,,,Forehead(Gun Thermometer),,Forehead(Gun Thermometer),Finding,N/A,,,1,1
0afb2f27-69af-4860-8d92-5ec3e17c0307,,,Forensic case,,Forensic case,Finding,N/A,,,1,1
a91d2ae3-a7ff-47df-bf9d-0048b6888432,,,Frequent,,Frequent,Finding,N/A,,,1,1
68892aef-7ed8-43ba-aef8-4841190f3e6d,,,Frequent Active Ideation,,Frequent Active Ideation,Finding,N/A,,,1,1
91f73c81-b99c-49eb-ab71-e8893814cfab,,,Full (functional level),,Full,Finding,N/A,,,1,1
249a137c-c05d-4acc-843b-2392132f6a5f,,,Functional,,Functional,Finding,N/A,,,1,1
af346dd1-5470-44f7-8df3-59a5fea1f634,,,General practitioner (reporter role),,GP,Finding,N/A,,,1,1
37f0bb46-d170-40e9-91a9-21d355dcdac0,,,General / unspecified target,,General / unspecified target,Finding,N/A,,,1,1
c11d6aa2-97f2-49f7-b77b-7abe5ac0106c,,,General Target,,General Target,Finding,N/A,,,1,1
d5da6c9d-0665-4ca3-9acc-c0e762a739ae,,,Grade 1 (school grade),,Grade 1,Finding,N/A,,,1,1
ac5b782f-8ddd-435b-9fb4-7f0cd5852330,,,Grade 10 (educational attainment),,Grade 10,Finding,N/A,,,1,1
1701d647-4251-4bad-a883-f88994cd63b4,,,Grade 11,,Grade 11,Finding,N/A,,,1,1
b2f6b27d-0e2b-465e-a4e8-a013ef9cd8e2,,,Grade 12,,Grade 12,Finding,N/A,,,1,1
9ad9edc9-d03f-4570-b07f-96f312efcee3,,,Grade 2 (school grade),,Grade 2,Finding,N/A,,,1,1
97a9cfb4-7d5f-4b8c-9567-52c8b1f14bc5,,,Grade 3 (school grade),,Grade 3,Finding,N/A,,,1,1
a227c19c-1daf-4d68-9ac5-daa65eb87958,,,Grade 4 (educational attainment),,Grade 4,Finding,N/A,,,1,1
9b26ed51-5f1a-4c83-b444-d210477a4bbe,,,Grade 5 (educational attainment),,Grade 5,Finding,N/A,,,1,1
1797be2d-e4d2-4484-a19f-b00a32ac58e9,,,Grade 6 (educational attainment),,Grade 6,Finding,N/A,,,1,1
a54bccb3-3f0f-42ab-b1a9-e7ad770a7942,,,Grade 7 (educational attainment),,Grade 7,Finding,N/A,,,1,1
f4b9e2ee-ff89-468b-abe9-716145c22eb8,,,Grade 8 (educational attainment),,Grade 8,Finding,N/A,,,1,1
53167c4c-602f-460f-a2b3-c5a6835b4dfe,,,Grade 9 (educational attainment),,Grade 9,Finding,N/A,,,1,1
1908da4d-969e-4f4b-95b5-214a98da04d8,,,Grandiose,,Grandiose,Finding,N/A,,,1,1
f55c5742-2e90-4b43-b342-ab3a0db67d9e,,,Guarded (observed behavior),,Guarded,Finding,N/A,,,1,1
0380a3b8-37c4-4cf7-b1ec-23886554ca00,,,Guardian Consent (Minor / unable),,Guardian Consent (Minor / unable),Finding,N/A,,,1,1
425cf922-cfca-4696-92e2-d43fa99b3fb0,,,Hallucination (Auditory),,Hallucination (Auditory),Finding,N/A,,,1,1
7355702e-a65f-4330-b228-d2065d154ec8,,,Has health ID,,Has health ID,Finding,N/A,,,1,1
0a37ba6e-3bb3-4961-a94c-7cfcdd01c7a4,,,Have health ID,,Have health ID,Finding,N/A,,,1,1
99160c83-13c9-4e30-8ac5-784a1eababd3,,,Health Officer,,Health Officer,Finding,N/A,,,1,1
693f4784-9933-4a3b-856e-6ccaa382247f,,,High (rating scale level),,High,Finding,N/A,,,1,1
818c725f-cc73-4e35-8277-291dcdc37bb0,,,High school (educational attainment),,High school,Finding,N/A,,,1,1
f9325089-a04a-426d-b0a5-068ead036afd,,,Highly destructive,,Highly destructive,Finding,N/A,,,1,1
0ab4f633-7d24-420d-be8f-f7fb7c9bb6ba,,,Highly homicidal,,Highly homicidal,Finding,N/A,,,1,1
7874d9f2-822b-472e-ac21-8622caf8c536,,,Highly suicidal,,Highly suicidal,Finding,N/A,,,1,1
e8c206a2-04eb-4fd8-9e04-e593e85c3c10,,,Home visit (follow-up type),,Home visit,Finding,N/A,,,1,1
0e31a57c-1cc0-434e-88c3-c104d6bf13b8,,,Homicidal (finding),,Homicidal,Finding,N/A,,,1,1
591f70d7-2766-4dee-8dc5-68c7264585e3,,,Hospital Administration,,Hospital Administration,Finding,N/A,,,1,1
89cc92e0-bc39-4b89-899b-39dba3daacaf,,,Housing,,Housing,Finding,N/A,,,1,1
3646c1ed-32bb-4d63-9440-c6e53484dc33,,,Guardian responsibility agreement statement,I agree to: Support patient treatment and follow-up; Provide accurate information; Cooperate with healthcare providers; Assist adherence to the care plan; To take the patient at discharge time; I know that institution never takes accountability because of,I agree to: Support patient treatment and follow-up; Provide accurate information; Cooperate with healthcare providers; Assist adherence to the care plan; To take the patient at discharge time; I know that institution never takes accountability because of pacient scaped,Finding,N/A,,,1,1
cfc7a89d-5a20-4ed8-b9ae-3fa8ae30c30a,,,"I confirm that: I understand the social work services (assessment, counseling, referral, follow-up); I agree to share relevant information for care coordination; I understand services are confidential and voluntary",,"I confirm that: I understand the social work services (assessment, counseling, referral, follow-up); I agree to share relevant information for care coordination; I understand services are confidential and voluntary",Finding,N/A,,,1,1
286f264a-7e2e-4b1e-baa5-072654863f32,,,ICU (finding),,ICU,Finding,N/A,,,1,1
c602b6f9-fd14-4af3-80db-47ebdc981ed4,,,Illusion,,Illusion,Finding,N/A,,,1,1
7acf2842-fb7d-4c80-8e86-5e84615cf7a8,,,Impaired (functional status),,Impaired,Finding,N/A,,,1,1
2d2e6e79-c7c2-45e0-ac89-b3cb868b5845,,,Improve emotional and psychiatric stability,Improve emotional and psychiatric s,Improve emotional and psychiatric stability,Finding,N/A,,,1,1
44884203-7341-4d06-9802-51aa20e70cbb,,,Improve insight into substance use and its consequences,Improve insight into substance use ,Improve insight into substance use and its consequences,Finding,N/A,,,1,1
bdddc06d-89b8-4b08-ad37-58ef85cb1c54,,,Impulsive (personality trait),,Impulsive,Finding,N/A,,,1,1
a2dd62ce-d401-4615-8f48-aeb972478487,,,Inconsistent,,Inconsistent,Finding,N/A,,,1,1
b6072ad0-8ea5-45f2-9b68-cc1915c8befb,,,Increase motivation for recovery and behavior change,Increase motivation for recovery an,Increase motivation for recovery and behavior change,Finding,N/A,,,1,1
83ed948b-9604-423e-981a-b3c2dbc2d0aa,,,Independent (functional status),,Independent,Finding,N/A,,,1,1
355251bf-b021-4c5b-b192-a4eb91461086,,,Initial,,Initial,Finding,N/A,,,1,1
eb378104-3388-4018-9933-b5df2404d3b4,,,Injection (route of administration),,Injection,Finding,N/A,,,1,1
4b3e4686-8e1e-41cb-a240-e36c4615fd18,,,Injection drug use,,Injection drug use,Finding,N/A,,,1,1
94bd4ea2-6651-4da4-9cf4-bbae6bd69a54,,,Injury (post-procedure complication),,Injury,Finding,N/A,,,1,1
286b3413-fe92-4680-957b-42a324a792d4,,,Institutional,,Institutional,Finding,N/A,,,1,1
0319d9c9-acdf-495d-8147-45d0f2eded5a,,,Irregular (attendance pattern),,Irregular,Finding,N/A,,,1,1
3f20305f-ef44-40ff-b7c0-9c6fa7a29b10,,,Irregularly irregular pulse pattern,,Irregularly Irregular,Finding,N/A,,,1,1
40d60fa7-47b0-46a0-a4d4-2f040014dc80,,,"Irritable (mood, mental status exam)",,Irritable,Finding,N/A,,,1,1
f7a8ee1c-e416-40c4-baa2-0e09b1b8ae78,,,Isolated (social functioning),,Isolated,Finding,N/A,,,1,1
9afdc1c7-c1c5-41b0-bbde-a6d2c09a2434,,,Leave of absence (LOA),,LOA,Finding,N/A,,,1,1
41c0d582-d06f-449a-8753-bf570a37793c,,,Labile (observed affect),,Labile,Finding,N/A,,,1,1
70cbf3e0-d796-43d3-bd8b-4f6e3dd0e32b,,,Lack of adequate family or social support,,Lack of adequate family or social support,Finding,N/A,,,1,1
cd46b3e7-608f-41fa-acbb-a3278e391961,,,Lack of social support (admission criterion),,Lack of social support,Finding,N/A,,,1,1
bb18efa6-0b27-4b06-abfc-d43ecbad1fb2,,,Legal Representative,,Legal Representative,Finding,N/A,,,1,1
d46c1cd5-79f0-412f-a854-978bed3d7cc4,,,Life-threatening,,Life-threatening,Finding,N/A,,,1,1
d444fd09-b6a1-477c-bf73-000cf877ac2a,,,Limited (functional level),,Limited,Finding,N/A,,,1,1
96d9a37f-f362-4511-84be-ac05ee2005b3,,,Limited Access,,Limited Access,Finding,N/A,,,1,1
bb5469e7-bff0-4b0f-a147-ac6652d93d22,,,Linkage,,Linkage,Finding,N/A,,,1,1
c3ab9aa7-4c91-4685-8640-a150ad9750e4,,,Logical (thought process finding),,Logical,Finding,N/A,,,1,1
55cf40d1-f5b7-4fd6-ae34-ac5c18b4ee62,,,Loss of control over substance use,,Loss of control,Finding,N/A,,,1,1
acddd261-594a-4c15-9d78-f8c98ffa9470,,,Low (rating scale level),,Low,Finding,N/A,,,1,1
b7d259c0-321c-48d7-b5fa-fa60a5ef5dae,,,Low volume,,Low volume,Finding,N/A,,,1,1
42745b8a-c896-4adb-a573-4efe8b1b38a5,,,Maintenance (sustained recovery behavior),Maintenance (sustained recovery beh,Maintenance (sustained recovery behavior),Finding,N/A,,,1,1
8518a807-8785-4f1f-a111-8d7555afe61e,,,Mania,,Mania,Finding,N/A,,,1,1
6bf960c5-4d4f-4bdc-b198-15fe28b2a7df,,,Medical emergency (incident type),,Medical Emergency,Finding,N/A,,,1,1
d6bfd6a6-cd00-445e-863e-e23fed6e2649,,,Medical Ward (finding),,Medical Ward,Finding,N/A,,,1,1
c73f265f-bff4-4363-a074-3f8c1a654ce3,,,Medication Adjustment,,Medication Adjustment,Finding,N/A,,,1,1
604166f7-2134-4fc1-9cfe-36a5a9e436b9,,,Medication Error,,Medication Error,Finding,N/A,,,1,1
5d87412e-ffd3-417f-bc45-8fc7c72c089b,,,Medication adherence (finding),,Medication adherence,Finding,N/A,,,1,1
0455c7fc-93bd-46e5-a9d8-c59a00651b90,,,Middle,,Middle,Finding,N/A,,,1,1
3301f8b0-5f59-49c2-8f9f-dbde6d9a3838,,,Mindfulness Practices,,Mindfulness Practices,Finding,N/A,,,1,1
9e5e916f-80a7-4b75-b727-f0c2f5991a36,,,Minor,,Minor,Finding,N/A,,,1,1
ed32bf36-7e99-47ff-acca-31dfd253b091,,,Missed,,Missed,Finding,N/A,,,1,1
0ab614be-4923-4c42-be06-9a95e256f5e5,,,Mixing substances,,Mixing substances,Finding,N/A,,,1,1
db22b342-fbbf-49b0-a43e-22abbb53c6b3,,,Morning (work shift),,Morning,Finding,N/A,,,1,1
022705f6-ca57-48d1-ba41-a79824043fec,,,Multiple Attempts,,Multiple Attempts,Finding,N/A,,,1,1
68dedea1-f219-429b-9815-e33c50484ed7,,,Non-governmental organization (referral source),,NGO,Finding,N/A,,,1,1
40f0b13b-18f3-4201-8473-b1a0604cfc1c,,,Neglect of responsibilities,,Neglect of responsibilities,Finding,N/A,,,1,1
30012781-525a-4828-a7e9-25ac987cc122,,,Neutral (emotional state),,Neutral,Finding,N/A,,,1,1
66111b42-5925-4b56-bd17-89bc083bebdd,,,Next of Kin,,Next of Kin,Finding,N/A,,,1,1
ba07f508-90bc-4d9f-8aed-77140c7661fd,,,No Access,,No Access,Finding,N/A,,,1,1
aa89f5ec-6d2c-4b82-b673-8797f24290f8,,,No History,,No History,Finding,N/A,,,1,1
bd1dddce-fa0e-4096-8fcb-c9d0d81164fb,,,No Intent,,No Intent,Finding,N/A,,,1,1
9a19e347-6aae-41cb-bbe4-3a786e4e118f,,,No Plan,,No Plan,Finding,N/A,,,1,1
d8769aef-9dc7-4fed-9679-bebf6f671b7b,,,No Target,,No Target,Finding,N/A,,,1,1
0ccbf5d8-01da-4ba2-a474-e7cbab27c6d4,,,No formal education yet,,No formal education yet,Finding,N/A,,,1,1
b642ae48-c069-49ab-8206-37519c568dde,,,No home or home is far away plus at least one of the above risks,,No home or home is far away plus at least one of the above risks,Finding,N/A,,,1,1
a7aa711e-d0b0-4113-b940-bf93b981f433,,,No identified target,,No identified target,Finding,N/A,,,1,1
8d6ebc22-f773-45d4-a454-806f68d6e879,,,No income,,No income,Finding,N/A,,,1,1
4ab8ff5d-45f3-4d9e-9907-f5f9595e8fd8,,,No past violent acts,,No past violent acts,Finding,N/A,,,1,1
9f0f09c7-7e54-4b3e-8c9f-d1eed1c67480,,,Non-palpable (pulse finding),,Non palpable,Finding,N/A,,,1,1
2e4d2588-d968-4afe-843d-97d947b4885f,,,Nuclear,,Nuclear,Finding,N/A,,,1,1
64cf4f9f-45a7-4bde-a6fe-ca130172d2f0,,,Nurse Manager,,Nurse Manager,Finding,N/A,,,1,1
81e8c994-78eb-426a-a75f-2f92025e2dc4,,,Nursery (school grade),,Nursery,Finding,N/A,,,1,1
58170b4a-7660-443c-be19-f8072d464cd4,,,Observation required,,Observation required,Finding,N/A,,,1,1
598db71a-a96f-4129-9a97-aca0624f2e15,,,Occasional (frequency of use),,Occasional,Finding,N/A,,,1,1
e9faea9c-525d-4fba-b967-9c3a857ce11f,,,Occasional Active Ideation,,Occasional Active Ideation,Finding,N/A,,,1,1
d63e24f6-a488-42ee-ad10-595b4296761b,,,Occasional Use,,Occasional Use,Finding,N/A,,,1,1
022bddb4-4acc-4460-ba23-06cce66cdbe4,,,Occupational therapy (recommended intervention),,Occupational Therapy,Finding,N/A,,,1,1
326e8ff2-cb5e-4cc5-beac-bb38e493fec1,,,On CPAP,,On CPAP,Finding,N/A,,,1,1
6616f57c-0dc8-441d-88e7-4197a2ced454,,,On Face Mask,,On Face Mask,Finding,N/A,,,1,1
2caaf622-fb39-4a02-8d9f-35900d5605cf,,,On Mechanical Ventilation,,On Mechanical Ventilation,Finding,N/A,,,1,1
8ef9cb2d-96e6-45c6-9c4e-fd8df821c0ee,,,On Nasal Oxygen,,On Nasal Oxygen,Finding,N/A,,,1,1
61a5eb23-2e80-4699-b1ec-c2bcc3ba176a,,,Opioids (substance of use),,Opioids,Finding,N/A,,,1,1
366db065-6ed0-40af-9dc7-7a11664c7b84,,,Organization,,Organization,Finding,N/A,,,1,1
ec97b844-082b-4d9e-b58f-d39d1ad48b5c,,,"Passive (Wish to die, no plan)",,"Passive (Wish to die, no plan)",Finding,N/A,,,1,1
f06f5163-f08c-4d54-89c0-f8a9d7229d0a,,,Passive Thoughts of Harm,,Passive Thoughts of Harm,Finding,N/A,,,1,1
af318775-e711-4abd-a8e4-b35a152aa45a,,,Past history of alcohol withdrawal seizure,Past history of alcohol withdrawal ,Past history of alcohol withdrawal seizure,Finding,N/A,,,1,1
a1621daf-d49d-4d01-99e2-928c7ae680c2,,,Past history of delirium tremens,,Past history of delirium tremens,Finding,N/A,,,1,1
71885729-f485-4a1d-8b8d-310e53d9ca41,,,Past physical violence / assault,,Past physical violence / assault,Finding,N/A,,,1,1
8ccb7361-dac7-4ceb-b8fc-4c6f133c3696,,,Past verbal aggression only,,Past verbal aggression only,Finding,N/A,,,1,1
61fee09e-d682-437b-aa29-08460a6910d7,,,Patient has delirium tremens,,Patient has delirium tremens,Finding,N/A,,,1,1
2b67f300-59fb-4455-974f-fdcfc21e23fe,,,Patient is committed to treatment,,Patient is committed to treatment,Finding,N/A,,,1,1
db436cc5-7669-4212-a73e-7083f33f341a,,,Pending (consent status),,Pending,Finding,N/A,,,1,1
4303cea1-5917-4e74-bb47-1f6a8d4dda94,,,Persecutory,,Persecutory,Finding,N/A,,,1,1
4725fae8-d299-4f5a-aabd-883d6ebbdda9,,,Person (orientation domain),,Person,Finding,N/A,,,1,1
d0bcc6f8-6b14-422c-a31c-c56c8ebcbcf7,,,Phone,,Phone,Finding,N/A,,,1,1
def5fda2-4d78-498f-8e12-4a5fa5b66e23,,,Physical Violence/Assault,,Physical Violence/Assault,Finding,N/A,,,1,1
713824d0-0295-4e15-ba87-ef8dc55d2891,,,Place (orientation domain),,Place,Finding,N/A,,,1,1
baec01f4-3ad5-4847-8a7f-7b8c6290b9c6,,,Planning Access,,Planning Access,Finding,N/A,,,1,1
d55e663a-240f-4661-8229-c15d7bdd77b3,,,Pre-Discharge,,Pre-Discharge,Finding,N/A,,,1,1
67e34bc5-7c97-431b-913a-1f5fc26e4de2,,,Precontemplation (no intention to change),Precontemplation (no intention to c,Precontemplation (no intention to change),Finding,N/A,,,1,1
31ca7db4-0169-4f5e-8972-f2b9d05bc286,,,Prep,,Prep,Finding,N/A,,,1,1
f64116ae-777f-49ca-9e34-c0b013c28f19,,,Preparation (planning change),,Preparation (planning change),Finding,N/A,,,1,1
9d3627b2-813a-4a03-be43-e2e2df3aef96,,,Pressured (speech quality),,Pressured,Finding,N/A,,,1,1
9d56f1c9-e83b-4d5d-8c80-b179981402f9,,,Previous Suicide Attempt,,Previous Suicide Attempt,Finding,N/A,,,1,1
feb9095e-5c0e-4398-9268-56d091830a49,,,Prolonged Seizure,,Prolonged Seizure,Finding,N/A,,,1,1
330846b4-c2c7-4640-833b-ec38698edd18,,,Property Damage,,Property Damage,Finding,N/A,,,1,1
404b7818-c1ce-450f-9d57-a5d548cd6978,,,Psychiatrist (reporter role),,Psychiatrist,Finding,N/A,,,1,1
aa076803-e955-4043-a296-8b475b2dc56b,,,Psychiatry Ward,,Psychiatry Ward,Finding,N/A,,,1,1
290d3ab5-f683-402b-9de7-5a275520343a,,,Psychosocial,,Psychosocial,Finding,N/A,,,1,1
e6093ae0-db6c-4b28-b7bd-d1c3a1d482ce,,,Psychotic disorder directly linked to substance abuse,,Psychotic disorder directly linked to substance abuse,Finding,N/A,,,1,1
41e5a541-fe4c-4033-92d7-6b0d26596abc,,,Psychotic disorder directly non-emergency comorbidity with substance abuse,,Psychotic disorder directly non-emergency comorbidity with substance abuse,Finding,N/A,,,1,1
d4b59a14-f80e-4360-9995-7da2f31cb204,,,Quarterly (follow-up frequency),,Quarterly,Finding,N/A,,,1,1
e22f3086-8be5-4c0e-b6b8-7094a8384a49,,,RBS,,RBS,Finding,N/A,,,1,1
b9c1ce49-7d1d-40a9-8719-9f1705cac8e3,,,Random,,Random,Finding,N/A,,,1,1
3ab362da-0a95-448e-8027-565090e2dde3,,,Recreational activities,,Recreational activities,Finding,N/A,,,1,1
ea0e90d7-9457-4df6-8705-f0646ebae612,,,Reduce cravings and manage withdrawal symptoms,Reduce cravings and manage withdraw,Reduce cravings and manage withdrawal symptoms,Finding,N/A,,,1,1
f7e08750-8385-41c6-95c7-86f3b29c0b97,,,Refusal,,Refusal,Finding,N/A,,,1,1
72e760d6-f370-4c9c-bf3b-e2ca284fc950,,,Regular (attendance pattern),,Regular,Finding,N/A,,,1,1
fb4ff13d-27ca-4c27-8949-02e015c9b829,,,Regular Use,,Regular Use,Finding,N/A,,,1,1
2167bf41-8839-4ef7-ae8b-06b605d762ef,,,Regularly irregular pulse pattern,,Regularly Irregular,Finding,N/A,,,1,1
6dc256c8-f079-47bc-8370-57a9f47a6534,,,Rehab,,Rehab,Finding,N/A,,,1,1
bc1e232c-ba5c-4b14-baf2-a339bcb4e6aa,,,Relapse prevention (rehabilitation goal),,Relapse prevention,Finding,N/A,,,1,1
8b4f9d2d-569f-4c9e-8a5d-5127221648d5,,,Relapsed,,Relapsed,Finding,N/A,,,1,1
22fc1ea4-e908-4625-9375-0e618e4df92c,,,Relative,,Relative,Finding,N/A,,,1,1
3ff1bf58-bceb-4463-b479-6e40df67e809,,,Resident physician (reporter role),,Resident,Finding,N/A,,,1,1
c9dcbea6-0cf5-4d07-83f3-aa7683090736,,,Respiratory Depression,,Respiratory Depression,Finding,N/A,,,1,1
4b102da6-13cb-45ed-b708-650c1e517141,,,Restless,,Restless,Finding,N/A,,,1,1
2147a792-d04d-41ad-88aa-9223069e0a13,,,Restraint Related,,Restraint Related,Finding,N/A,,,1,1
3ff0362c-6ef1-4703-aa94-21bedc44c875,,,Restricted,,Restricted,Finding,N/A,,,1,1
eefab079-0416-4412-9c36-7aca9d6b17e9,,,Rigid,,Rigid,Finding,N/A,,,1,1
11bad009-1807-4c37-b48e-7872d0ade354,,,Risk,,Risk,Finding,N/A,,,1,1
964f9da2-e359-46f8-8290-79294b6dbe66,,,Safe,,Safe,Finding,N/A,,,1,1
b5a17318-998f-46f4-ab83-3d259f2cd1b4,,,Seclusion Related,,Seclusion Related,Finding,N/A,,,1,1
8bf06daf-950f-408c-a562-7ee344211e83,,,Security,,Security,Finding,N/A,,,1,1
9c1770e7-3a82-4dc6-bbf4-c8a9683ec91c,,,Seizure Related,,Seizure Related,Finding,N/A,,,1,1
f6c947af-7643-49a8-9338-f384af037f8f,,,Self Consent (Patient capable),,Self Consent (Patient capable),Finding,N/A,,,1,1
920e3b34-86b7-4943-a83e-73696fa0c5ac,,,Self-Harm Without Intent,,Self-Harm Without Intent,Finding,N/A,,,1,1
d35b2630-388e-414e-8e58-333b94220350,,,Self-care improvement,,Self-care improvement,Finding,N/A,,,1,1
270faa43-e7cf-4638-b2d3-6db198824d38,,,Self-harm / Suicide Attempt,,Self-harm / Suicide Attempt,Finding,N/A,,,1,1
eee53490-e9ff-4603-9fce-41169238420a,,,Severe benzodiazepine dependence,,Severe benzodiazepine dependence,Finding,N/A,,,1,1
d8caf3af-91fd-4cd4-8ede-35d5d23ac924,,,Severe catatonia,,Severe catatonia,Finding,N/A,,,1,1
6c56eb15-58b8-4200-877b-f2424686b320,,,Severe emotional trauma / PTSD,,Severe emotional trauma / PTSD,Finding,N/A,,,1,1
69b128f6-d04d-4a59-9aa1-dae80dc26f0b,,,Severe mania with psychotic features,,Severe mania with psychotic features,Finding,N/A,,,1,1
687de801-1186-4e44-95a8-bbd16512c683,,,Severe opioid dependence,,Severe opioid dependence,Finding,N/A,,,1,1
de064d9b-0a57-442e-9110-99d40f5d5aac,,,Severe withdrawal symptoms,,Severe withdrawal symptoms,Finding,N/A,,,1,1
14e83323-26c1-49a7-b2da-7aa9de79d2b4,,,Shallow,,Shallow,Finding,N/A,,,1,1
ef3f0aa9-09aa-4f33-b424-8807cceb50a6,,,Shock and refusal to eat,,Shock and refusal to eat,Finding,N/A,,,1,1
f5033445-d49a-48e8-af2b-cbd820984ecf,,,Signed,,Signed,Finding,N/A,,,1,1
52dcc88b-4dac-4e30-b5cd-7e31fa90b4b2,,,Single (marital status),,Single,Finding,N/A,,,1,1
0ecce16f-e9d3-4a6b-bac0-cc7ef11b4f52,,,Single parent,,Single parent,Finding,N/A,,,1,1
67aa3165-2067-4165-8d7b-1e9d4ec26c65,,,Slow (speech rate),,Slow,Finding,N/A,,,1,1
1d460eb3-c9f0-469c-86bb-1bdac581395c,,,Slowed (motor activity),,Slowed,Finding,N/A,,,1,1
ab506f53-3430-4521-b6ea-b93f50447744,,,Slurred,,Slurred,Finding,N/A,,,1,1
9877103b-2974-4ae8-afb8-375c16140027,,,Smoking,,Smoking,Finding,N/A,,,1,1
cfe9c43d-7b07-4b41-b1a6-d963a893785e,,,Sociable (personality trait),,Social,Finding,N/A,,,1,1
8e412e1e-84ec-44df-80b2-fdfda8e95159,,,Social skills,,Social skills,Finding,N/A,,,1,1
76490134-481e-4474-8cb8-b5ea0f3d4360,,,Social/financial linkage,,Social/financial linkage,Finding,N/A,,,1,1
9c25ed3f-3803-4d96-afb3-c91d5e0c8343,,,Somatic,,Somatic,Finding,N/A,,,1,1
620cc756-ac45-4752-be23-c288ce1edf6e,,,Son/Daughter,,Son/Daughter,Finding,N/A,,,1,1
7b700e8e-b19e-4154-b3a7-09631a704931,,,Special,,Special,Finding,N/A,,,1,1
32ecbc67-176b-4553-a2e6-02927dc9d8f3,,,Specific Person or Group,,Specific Person or Group,Finding,N/A,,,1,1
fe99cf75-7b4e-4910-b5a0-8f8cd111c4fe,,,Specific Plan,,Specific Plan,Finding,N/A,,,1,1
35be9f27-fa19-4674-a9e9-3fbbf5597294,,,Specific identified person or group,,Specific identified person or group,Finding,N/A,,,1,1
278983f5-8cd2-48bb-aa0c-51fa170cb264,,,Staff (finding),,Staff,Finding,N/A,,,1,1
dfef0dd8-ec1a-4455-83ee-f7e99fd6d290,,,Strengthen social and family support,Strengthen social and family suppor,Strengthen social and family support,Finding,N/A,,,1,1
78696882-91bd-43b1-b86f-c83b7e7f1c44,,,Strong (assessment rating),,Strong,Finding,N/A,,,1,1
383b9933-5668-4017-94c1-475c5bd7149b,,,Suicidal (finding),,Suicidal,Finding,N/A,,,1,1
f3dcc97b-8ef9-41f6-98ee-410bbb918535,,,Suicidal Risk,,Suicidal Risk,Finding,N/A,,,1,1
5c78dbad-3853-471f-bbe4-ff5c2b1b8a89,,,Supportive,,Supportive,Finding,N/A,,,1,1
afc7c7d0-a599-4741-9335-00d1c63dbad7,,,Sustained (attention span),,Sustained,Finding,N/A,,,1,1
7451413b-dbac-4888-b173-47e02c613874,,,Tangential (thought process finding),,Tangential,Finding,N/A,,,1,1
e7c62f6c-f87b-42d6-969a-b1dbd7ef1270,,,Thoughts Only,,Thoughts Only,Finding,N/A,,,1,1
1c4f3893-7991-4292-a06f-af9fda1a2b6b,,,Time (orientation domain),,Time,Finding,N/A,,,1,1
557cca37-0624-4616-9d91-4a24926239f8,,,Tolerance (need more substance),,Tolerance (need more substance),Finding,N/A,,,1,1
823f1bb8-bfab-45c5-9aa7-c59cb0fc853e,,,Transferred (post-incident status),,Transferred,Finding,N/A,,,1,1
82cb6878-c557-43c8-90c5-4801b57b7e1b,,,Treat Comorbid Conditions,,Treat Comorbid Conditions,Finding,N/A,,,1,1
d554ec79-ceea-404e-b34e-0da261749324,,,Treatment Resistant Depression,,Treatment Resistant Depression,Finding,N/A,,,1,1
62cf907c-f77c-450f-a34e-32ad70a0c9be,,,Unclear / ambivalent intent,,Unclear / ambivalent intent,Finding,N/A,,,1,1
27d1dd46-bb4f-4271-87f0-b710e7d2ce84,,,Unclear/Ambivalent,,Unclear/Ambivalent,Finding,N/A,,,1,1
7125f223-a6b6-411a-850e-1726760ea419,,,Unilateral,,Unilateral,Finding,N/A,,,1,1
e7972d3b-cd3b-4374-8dc0-68921294fca9,,,Unmanageable at outpatient level,,Unmanageable at outpatient level,Finding,N/A,,,1,1
a39473d2-6097-46d5-b305-5e0abbfb1f17,,,Unsafe,,Unsafe,Finding,N/A,,,1,1
fd84e104-7207-40f1-a0bc-cd3a55f9c7f2,,,Unusual,,Unusual,Finding,N/A,,,1,1
3e1492a4-15e0-4a75-a7bd-ef6273800233,,,Urgent (review type),,Urgent,Finding,N/A,,,1,1
42d66530-ea55-45c5-86c2-b43079420c8b,,,Vague Plan,,Vague Plan,Finding,N/A,,,1,1
013e77ef-823d-4777-872a-2536bb150e64,,,Verbal Aggression Only,,Verbal Aggression Only,Finding,N/A,,,1,1
00a72dc5-b0e4-4622-bfa1-4b1eaa00c426,,,Visitor,,Visitor,Finding,N/A,,,1,1
37887ad0-ee93-4f54-87e3-0627e3111bb4,,,Visual,,Visual,Finding,N/A,,,1,1
d44d2cdd-d58d-47f0-a0a2-821b0627d34f,,,Vocational skills,,Vocational skills,Finding,N/A,,,1,1
7a37fa21-587e-437d-846f-6c29e7fad9d9,,,Volatile,,Volatile,Finding,N/A,,,1,1
5598dd37-4640-4b14-a5dc-fff394b65aa8,,,Ward Nurse,,Ward Nurse,Finding,N/A,,,1,1
750c7a46-03f0-4cba-aa58-f5dc0efca955,,,Weak (assessment rating),,Weak,Finding,N/A,,,1,1
a40404bc-5a49-4c0f-b933-1e98b2ba21e3,,,Duration in weeks,,Weeks,Finding,N/A,,,1,1
12dcf873-5006-47d8-a3e9-3d4d1a32031e,,,Withdrawal symptoms (finding),,Withdrawal symptoms,Finding,N/A,,,1,1
5694beba-b221-4eb2-bbe8-8077431f9753,,,Withdrawal symptoms present (finding),Withdrawal symptoms present (findin,Withdrawal symptoms present,Finding,N/A,,,1,1
91c35190-6651-46a4-9eb8-409c4a5cf007,,,Withdrawn (observed behavior),,Withdrawn,Finding,N/A,,,1,1
f3b32ffb-24f1-400c-b8f0-d382728ff8e2,,,Incoherent (speech quality),,incoherent,Finding,N/A,,,1,1
cad01128-787f-4388-982b-4e10f4c2f2c3,,,Son or daughter (relationship to patient),,son or daughter,Finding,N/A,,,1,1
2d44565e-f1b9-4d61-8ff6-22135da6550f,,,spouse,,spouse,Finding,N/A,,,1,1
98f58b87-ff43-42fd-976a-098196ebbc86,,,Activities of daily living status,,ADL,Question,Coded,0b7cf0f6-fd21-4978-9f34-5b52dc6d0100;162678AAAAAAAAAAAAAAAAAAAAAAAAAAAAAA;164381AAAAAAAAAAAAAAAAAAAAAAAAAAAAAA;162677AAAAAAAAAAAAAAAAAAAAAAAAAAAAAA;46969e18-a3c4-4fcc-ba87-907917ac0986;83ed948b-9604-423e-981a-b3c2dbc2d0aa,,1,1
7c3cc7df-0544-41db-bc04-3d6538d006f5,,,"Abdominal examination, narrative findings",,Abdomen,Question,Text,,,1,1
62637f33-3932-463d-8b0c-ee0d8d8ae91a,,,Abdominal cramps,,Abdominal cramps,Question,Coded,c0a0c1ac-da19-47f8-9e57-a0f7bc5cf5f7;d1900105-e6a1-49ef-8f97-b5ccb2fe8619,,1,1
9ad335db-0f7e-45a1-b263-41f69799455a,,,Ability to Follow Therapeutic Instructions,Ability to Follow Therapeutic Instr,Ability to Follow Therapeutic Instructions,Question,Coded,1499AAAAAAAAAAAAAAAAAAAAAAAAAAAAAAAA;693f4784-9933-4a3b-856e-6ccaa382247f;acddd261-594a-4c15-9d78-f8c98ffa9470,,1,1
6034cdf3-de44-4c9a-9710-87d4b42a67f6,,,Ability to Process and Reflect on Therapeutic Concepts,Ability to Process and Reflect on T,Ability to Process and Reflect on Therapeutic Concepts,Question,Coded,1499AAAAAAAAAAAAAAAAAAAAAAAAAAAAAAAA;693f4784-9933-4a3b-856e-6ccaa382247f;d444fd09-b6a1-477c-bf73-000cf877ac2a,,1,1
a24c0011-dba0-4d2b-a0e9-8239191a4439,,,Ability to Regulate Emotions,,Ability to Regulate Emotions,Question,Coded,1499AAAAAAAAAAAAAAAAAAAAAAAAAAAAAAAA;750c7a46-03f0-4cba-aa58-f5dc0efca955;78696882-91bd-43b1-b86f-c83b7e7f1c44,,1,1
104bbab7-356f-4fa6-95f5-86392ee1ceaf,,,Abstract Thinking,,Abstract Thinking,Question,Coded,159405AAAAAAAAAAAAAAAAAAAAAAAAAAAAAA;159407AAAAAAAAAAAAAAAAAAAAAAAAAAAAAA,,1,1
99df1ad8-8a94-4864-87ad-411a85b953cb,,,Abuse / Violence,,Abuse / Violence,Question,Coded,1065AAAAAAAAAAAAAAAAAAAAAAAAAAAAAAAA;1066AAAAAAAAAAAAAAAAAAAAAAAAAAAAAAAA,,1,1
cee15914-b771-4984-89e0-75dba01f6847,,,Access to Means,,Access to Means,Question,Coded,96d9a37f-f362-4511-84be-ac05ee2005b3;aa502691-f237-46c8-84d1-e1ab3a6fcf22;ba07f508-90bc-4d9f-8aed-77140c7661fd,,1,1
769662d2-755d-4997-840c-fa7b270a1d45,,,Access to Means of suicide,,Access to Means of suicide,Question,Coded,6f191b6d-ecd3-4096-a3b4-4d0f26f0294b;96d9a37f-f362-4511-84be-ac05ee2005b3;ba07f508-90bc-4d9f-8aed-77140c7661fd,,1,1
cbef28cf-fc8b-454f-beed-60b3a12248c3,,,Accompanied By - Has Health ID,,Accompanied By - Has Health ID,Question,Coded,7355702e-a65f-4330-b228-d2065d154ec8,,1,1
0c83bf37-0a56-46fd-8a48-91a220099250,,,Accompanied by,,Accompanied by,Question,Coded,7355702e-a65f-4330-b228-d2065d154ec8,,1,1
db36c64b-b5de-4e8b-9e4a-3e4ae455a377,,,Accompanying Person Relationship,,Accompanying Person Relationship,Question,Text,,,1,1
6adbffc1-dfa2-41c6-ac1e-2f1416881476,,,Additional Note,,Additional Note,Question,Text,,,1,1
247a0c22-012c-4f54-8768-e5eddce120e6,,,Additional Observations and Recommendations,Additional Observations and Recomme,Additional Observations and Recommendations,Question,Text,,,1,1
d87f0dd2-2ffc-46ae-92d8-83a481b1fa4d,,,Adequate Seizure Achieved,,Adequate Seizure Achieved,Question,Coded,1065AAAAAAAAAAAAAAAAAAAAAAAAAAAAAAAA;1066AAAAAAAAAAAAAAAAAAAAAAAAAAAAAAAA,,1,1
51d4ffa9-13c9-4d15-a1af-fb9385ef8134,,,Adherence,,Adherence,Question,Text,,,1,1
19e3d0be-4dd7-4d30-9248-e3dd1b0995fb,,,Admission criteria present (SRD Ward),Admission criteria present (SRD War,Admission criteria present (SRD Ward),Question,Coded,687de801-1186-4e44-95a8-bbd16512c683;a1621daf-d49d-4d01-99e2-928c7ae680c2;af318775-e711-4abd-a8e4-b35a152aa45a;bb9b093b-692e-453d-bb4c-4f98784e4806;cd46b3e7-608f-41fa-acbb-a3278e391961;de064d9b-0a57-442e-9110-99d40f5d5aac;eee53490-e9ff-4603-9fce-41169238420a,,1,1
803441e5-e206-4e41-8b01-ba070e1efd7a,,,Admitted From,,Admitted From,Question,Text,,,1,1
109bae0a-7ed5-4976-aa3c-f27ac34325db,,,"Admission unit, free text",,Admitted To,Question,Text,,,1,1
d8260e41-0e3a-413a-b692-a2c83d1e70b0,,,"Affect, mental status examination",,Affect,Question,Coded,2acde057-a91b-4f91-bf57-26e625c81e53;3ff0362c-6ef1-4703-aa94-21bedc44c875;41c0d582-d06f-449a-8753-bf570a37793c;a23f84f3-3c82-48fd-b72d-34387482494a;dbeacd0b-a575-4fd4-9db5-fd514474ac7c,,1,1
f57471d7-b1fa-4052-aaac-c8e777af0535,,,Age at first use,,Age at first use,Question,Numeric,,,1,1
762a60ba-fba6-4e0b-9316-6641cea40960,,,Aggression present,,Aggression,Question,Coded,1065AAAAAAAAAAAAAAAAAAAAAAAAAAAAAAAA;1066AAAAAAAAAAAAAAAAAAAAAAAAAAAAAAAA,,1,1
2d3c733c-6d73-4844-bc9c-8dc789a1eaa0,,,Aggression Comments,,Aggression Comments,Question,Text,,,1,1
e5ac2cdc-4d76-4ac1-8a6c-d90aee2c0c81,,,Agitation,,Agitation,Question,Coded,5d47df07-1fdd-4871-b8c3-6cd11d8daaaa;78830e12-41e8-43f0-92b3-8446fa8f9aa1;a47baf16-12a8-41f8-8653-e30da2766616;caaaa28a-4134-4250-8411-73b9f26f9aa7,,1,1
110e41a0-5a65-471b-9b0a-c9072fcad556,,,Allergies reported,,Allergies,Question,Coded,1065AAAAAAAAAAAAAAAAAAAAAAAAAAAAAAAA;1066AAAAAAAAAAAAAAAAAAAAAAAAAAAAAAAA,,1,1
46744d82-0156-4e15-b4f2-884afb9f9d97,,,"Allergies - If Yes, Specify",,"Allergies - If Yes, Specify",Question,Text,,,1,1
87cb9a21-9c78-4090-a14a-358f02fd50d0,,,Allergy Note,,Allergy Note,Question,Text,,,1,1
8efb0023-a138-4998-af57-343cee424937,,,Allergy Present,,Allergy Present,Question,Coded,1065AAAAAAAAAAAAAAAAAAAAAAAAAAAAAAAA;1066AAAAAAAAAAAAAAAAAAAAAAAAAAAAAAAA,,1,1
c197a18b-fe4f-454e-9841-ba7751b191d2,,,Amount Used,,Amount Used,Question,Text,,,1,1
bbdcda1c-1b0b-493e-83b9-2e8778e63e12,,,Anesthesia Medication - Dose,,Anesthesia Medication - Dose,Question,Text,,,1,1
377b8ceb-ee21-4d35-aa21-9f376b430aaf,,,Anesthesia Medication - Medication,,Anesthesia Medication - Medication,Question,Text,,,1,1
c657a886-c5bc-4c73-83a4-af0ba290489f,,,Anesthesia Medication - Route,,Anesthesia Medication - Route,Question,Coded,,,1,1
75fd468a-0efc-420e-bf16-48a39a98e69d,,,Anesthesia Medication - Time Given,,Anesthesia Medication - Time Given,Question,Datetime,,,1,1
4ee56c04-eaa8-425a-8a08-d61feef5dc6c,,,Anesthetist,,Anesthetist,Question,Text,,,1,1
c1774897-a1a0-4276-9fa2-c7770c62f93a,,,Antecedents (Events Before Incident),Antecedents (Events Before Incident,Antecedents (Events Before Incident),Question,Text,,,1,1
06db0e94-5ae8-4368-856c-1eac49390e81,,,Anxiety (withdrawal assessment scale),,Anxiety,Question,Coded,22a16963-1523-4dbb-92f4-e98209e4c673;265ec950-3744-435e-9d5a-3b0e1c89ac3b;5245f7d7-ed17-47cd-bc07-bff460da2535;78503633-3d69-42fa-9776-faf7a2e1da9b;93582f48-936b-49a8-b1ba-4916625404bd;d1900105-e6a1-49ef-8f97-b5ccb2fe8619,,1,1
87690d4a-1cc1-4100-980a-a3c1a7b8ad38,,,Anxiety (text),,Anxiety,Question,Text,,,1,1
996bd1fb-f6fd-4e42-9792-b2b6be088e4c,,,Appointment Date,,Appointment Date,Question,Datetime,,,1,1
50856a58-2a82-4449-8687-30393c7eae36,,,Are dentures usually worn?,,Are dentures usually worn?,Question,Coded,1065AAAAAAAAAAAAAAAAAAAAAAAAAAAAAAAA;1066AAAAAAAAAAAAAAAAAAAAAAAAAAAAAAAA,,1,1
6ea6e128-da3f-4f43-8d7e-8acab299a899,,,Areas for Improvement,,Areas for Improvement,Question,Text,,,1,1
c5ef795f-8231-4df6-957e-4b360d1987b7,,,"Assessment, nursing care plan",,Assessment,Question,Text,,,1,1
8f83c9b7-56a0-46c1-ae24-ba07ef938fc7,,,Assisting Nurse,,Assisting Nurse,Question,Text,,,1,1
eb0a523a-24ea-44af-a564-936da438821b,,,Session attendance status,,Attendance,Question,Coded,163747AAAAAAAAAAAAAAAAAAAAAAAAAAAAAA;163748AAAAAAAAAAAAAAAAAAAAAAAAAAAAAA,,1,1
90043fb5-cd10-42ce-a361-e38682f9cba4,,,Attention Span,,Attention Span,Question,Coded,1499AAAAAAAAAAAAAAAAAAAAAAAAAAAAAAAA;afc7c7d0-a599-4741-9335-00d1c63dbad7;d444fd09-b6a1-477c-bf73-000cf877ac2a,,1,1
6353b96e-1670-4c12-9488-c8339596384a,,,Auditory Disturbances,,Auditory Disturbances,Question,Coded,135ef07a-cbd6-4ef8-ae04-9a7bc69ef966;1452dca9-2788-4e89-9b7e-d4e2e74102a3;28f4588b-8f0a-403b-9854-02707e3a6eaf;4a362fda-0c80-4c52-b507-5d9227792f75;4bd3e641-41be-4234-b2c2-c4d1ecebdfd4;8f72733b-4bc5-4121-b2e7-a51b0a257d59;ade5289c-27ca-4b34-9d30-5923cfb2995a;ecf349d5-eb12-4498-af7f-83c34a524a1e,,1,1
8dbc97c1-cc29-4823-b10e-58f03773588d,,,BMI,,BMI,Question,Numeric,,,1,1
745d1ba5-f2fa-4c46-a333-b5df3b9d835d,,,"Basic functions (sleeping, eating, toilet training)","Basic functions (sleeping, eating, ","Basic functions (sleeping, eating, toilet training)",Question,Text,,,1,1
8ad7dd07-8743-46bc-997c-925937537bca,,,Inpatient bed number,,Bed Number,Question,Text,,,1,1
deee3bf9-ba36-43a9-b1ba-ac8bedd5cb00,,,"Behavior, mental status examination",,Behavior,Question,Coded,185984d1-5d94-4fa9-ab15-96632e039daf;2cd68aa4-2709-4070-8053-15cee0311159;3cc851e5-6fbe-4515-97df-0064c0241e11;91c35190-6651-46a4-9eb8-409c4a5cf007;f55c5742-2e90-4b43-b342-ab3a0db67d9e;fb58dd15-b7cb-4f7c-a670-c6c40f9e008e,,1,1
8965baa1-47dc-4eb9-bc32-dc1aac3e8a6e,,,Behavior Observed,,Behavior Observed,Question,Text,,,1,1
e0610ba4-abc5-4d1a-bec3-66e0614b0bc9,,,Behavioral Observations,,Behavioral Observations,Question,Text,,,1,1
b01f1d0f-407c-4873-811d-9a4b46e03492,,,Behavioral changes,,Behavioral changes,Question,Text,,,1,1
1f672169-16c1-44d1-9041-b6fc780adc44,,,Blood Sugar (Optional),,Blood Sugar (Optional),Question,Numeric,,,1,1
426fc8a7-d294-4c62-9d21-0ccd65183d3d,,,Blood Sugar Type,,Blood Sugar Type,Question,Coded,4f227fa2-1f8a-4030-9fe2-24fe6e19c429;e22f3086-8be5-4c0e-b6b8-7094a8384a49,,1,1
2b81bafa-fd60-46a8-a96d-7175a09cad4c,,,Blood Sugar Value,,Blood Sugar Value,Question,Numeric,,,1,1
3f28533b-1b35-4e97-9e39-819368d277c4,,,Body Part Affected,,Body Part Affected,Question,Text,,,1,1
0903af90-01d1-48c0-9e00-69182e63c6da,,,CNS,,CNS,Question,Text,,,1,1
5e72cd38-9bba-4840-944c-499847713785,,,Can the patient cognitively engage with structured therapeutic activities?,Can the patient cognitively engage ,Can the patient cognitively engage with structured therapeutic activities?,Question,Text,,,1,1
6ef73469-6b8c-418a-b4f8-12e72f7badd3,,,Cardiovascular,,Cardiovascular,Question,Text,,,1,1
97418a86-fb19-45d3-9681-cf40bfc6ca7e,,,"Cardiovascular examination, narrative findings",,Cardiovascular System,Question,Text,,,1,1
e00b5366-4e95-4ee7-9fbb-4459fc2890e5,,,Caregiver's presenting chief complaint,Caregiver's presenting chief compla,Caregiver's presenting chief complaint,Question,Text,,,1,1
a747030a-44a6-4690-ba86-becaff16f43c,,,Case status (social work follow-up),,Case Status,Question,Coded,163053AAAAAAAAAAAAAAAAAAAAAAAAAAAAAA;8d30da28-3066-4429-862f-1aced115b71f;f172a581-9d3f-4d01-ae4b-99ff1b943127,,1,1
97632dda-019d-48eb-a92b-26e2b9a1a477,,,"Neurological examination, narrative findings",,Central Nervous System,Question,Text,,,1,1
6a97a2e9-5533-4519-a22b-280e42aa6767,,,Change in observation level,,Change in observation level,Question,Coded,1065AAAAAAAAAAAAAAAAAAAAAAAAAAAAAAAA;1066AAAAAAAAAAAAAAAAAAAAAAAAAAAAAAAA,,1,1
0aee29c8-3b0d-4028-861e-306da18b7a3f,,,Changes Recommended,,Changes Recommended,Question,Text,,,1,1
337adf99-f36f-491a-95c7-69433453cf57,,,Chest/Respiratory,,Chest/Respiratory,Question,Text,,,1,1
835e8b50-60da-4a76-9160-a10825b15f61,,,Child's / Adolescent's chief complaint,Child's / Adolescent's chief compla,Child's / Adolescent's chief complaint,Question,Text,,,1,1
832490d5-31aa-4fb4-b2b0-0d7a19296282,,,"Child's appearance, symptoms, behavior, grooming, eye contact","Child's appearance, symptoms, behav","Child's appearance, symptoms, behavior, grooming, eye contact",Question,Text,,,1,1
9982be15-16b0-4e0d-80d0-741ae4d37de8,,,Chronic illness,,Chronic illness,Question,Coded,1065AAAAAAAAAAAAAAAAAAAAAAAAAAAAAAAA;1066AAAAAAAAAAAAAAAAAAAAAAAAAAAAAAAA,,1,1
ecfb5eeb-5ecb-4c4c-b322-62c45139aa2c,,,"Chronic illness - If Yes, Specify",,"Chronic illness - If Yes, Specify",Question,Text,,,1,1
8288ced4-88b3-42f3-8c16-eb9cc06fcb61,,,Chronic illness notes,,Chronic illness notes,Question,Text,,,1,1
914470cc-a483-4561-83a4-77c7f0206e18,,,Clinical notes (incident report),,Clinical Notes,Question,Text,,,1,1
cbffa234-827b-47a3-a447-a93de53275f9,,,Clinical Response,,Clinical Response,Question,Coded,162677AAAAAAAAAAAAAAAAAAAAAAAAAAAAAA;b6d89254-f3a6-43b6-b9cf-97d9354044f3;162679AAAAAAAAAAAAAAAAAAAAAAAAAAAAAA,,1,1
92565900-bd63-44f7-8f7d-1f99c0dee9de,,,Clinical Status,,Clinical Status,Question,Coded,06398754-8865-4004-805e-926636d6d6c2;162678AAAAAAAAAAAAAAAAAAAAAAAAAAAAAA;163053AAAAAAAAAAAAAAAAAAAAAAAAAAAAAA,,1,1
eb5e9a4b-d81e-4a84-940c-5d4a79edbcf4,,,"Cognition, mental status examination",,Cognition,Question,Coded,7acf2842-fb7d-4c80-8e86-5e84615cf7a8;a6d00512-9786-45d6-8886-be160acfd5d4,,1,1
bcecda7e-ec1c-4806-bc1a-958d5c5223c3,,,"Cognition, if impaired specify",,"Cognition, if impaired specify",Question,Text,,,1,1
462fb2a2-c698-4a6c-b6c7-d0bf49c7fb9d,,,"Cognitive functioning, narrative description",,Cognitive functioning,Question,Text,,,1,1
9143ad25-4416-40c2-a13f-22c79013c28e,,,Comments,,Comments,Question,Text,,,1,1
013f519e-d9b8-4c2f-aabd-6be9a97bd038,,,Communicable disease,,Communicable disease,Question,Coded,1065AAAAAAAAAAAAAAAAAAAAAAAAAAAAAAAA;1066AAAAAAAAAAAAAAAAAAAAAAAAAAAAAAAA,,1,1
b9f9b7ce-2333-46e7-a02e-84e5dda2f75a,,,Communicable disease notes,,Communicable disease notes,Question,Text,,,1,1
865137cf-654c-4661-865e-4f976b312b2c,,,Comorbid Psychiatric Screening,,Comorbid Psychiatric Screening,Question,Text,,,1,1
5fbd1f41-369e-4932-8d16-5c235330de3e,,,Comorbid Psychiatry Screening,,Comorbid Psychiatry Screening,Question,Text,,,1,1
4301eaa6-e595-4f28-935d-77371ef0abb1,,,Comorbid diagnoses,,Comorbid diagnoses,Question,Text,,,1,1
746bcb82-b420-4398-baf1-6a7f7e8bd357,,,Comorbid diagnosis,,Comorbid diagnosis,Question,Text,,,1,1
be13e771-755c-4a9f-825c-16d7118f30ed,,,Comprehension of Complex Instructions,Comprehension of Complex Instructio,Comprehension of Complex Instructions,Question,Coded,1499AAAAAAAAAAAAAAAAAAAAAAAAAAAAAAAA;159405AAAAAAAAAAAAAAAAAAAAAAAAAAAAAA;159407AAAAAAAAAAAAAAAAAAAAAAAAAAAAAA,,1,1
732952fd-b71c-48ad-95dd-f5c3a5e98856,,,"Concentration, mental status examination",,Concentration,Question,Coded,159405AAAAAAAAAAAAAAAAAAAAAAAAAAAAAA;159407AAAAAAAAAAAAAAAAAAAAAAAAAAAAAA,,1,1
0544d3bd-fcdc-4075-a454-a8ef00695982,,,Consent Confirmation,,Consent Confirmation,Question,Coded,cfc7a89d-5a20-4ed8-b9ae-3fa8ae30c30a,,1,1
3c99ac8e-4fed-4110-a458-d83e0ed6243f,,,Consent Obtained,,Consent Obtained,Question,Coded,1065AAAAAAAAAAAAAAAAAAAAAAAAAAAAAAAA;1066AAAAAAAAAAAAAAAAAAAAAAAAAAAAAAAA,,1,1
6b7a6b4d-84ff-484c-842f-0cf373f51250,,,Consent Obtained From,,Consent Obtained From,Question,Coded,1527AAAAAAAAAAAAAAAAAAAAAAAAAAAAAAAA;160639AAAAAAAAAAAAAAAAAAAAAAAAAAAAAA;162571AAAAAAAAAAAAAAAAAAAAAAAAAAAAAA;2d44565e-f1b9-4d61-8ff6-22135da6550f;5622AAAAAAAAAAAAAAAAAAAAAAAAAAAAAAAA;66111b42-5925-4b56-bd17-89bc083bebdd;bb18efa6-0b27-4b06-abfc-d43ecbad1fb2,,1,1
95cab602-2f8a-4d96-a5bf-1d7dc18b0616,,,"Consent Obtained From - Other, specify","Consent Obtained From - Other, spec","Consent Obtained From - Other, specify",Question,Text,,,1,1
d59277f3-0a5b-4be8-bc92-bc715a8c4030,,,Consent Status,,Consent Status,Question,Coded,db436cc5-7669-4212-a73e-7083f33f341a;f5033445-d49a-48e8-af2b-cbd820984ecf,,1,1
eb142bd1-e423-4ca6-8264-44010ae58b3b,,,Consent Type,,Consent Type,Question,Coded,0380a3b8-37c4-4cf7-b1ec-23886554ca00;f6c947af-7643-49a8-9338-f384af037f8f,,1,1
8dfe4ead-fb7f-4044-985e-8fb9ff383c8b,,,Continue current plan,,Continue current plan,Question,Coded,1065AAAAAAAAAAAAAAAAAAAAAAAAAAAAAAAA;1066AAAAAAAAAAAAAAAAAAAAAAAAAAAAAAAA,,1,1
c01d301c-25ad-4ee6-b957-60d5db91c66d,,,Convulsion Present,,Convulsion Present,Question,Coded,1065AAAAAAAAAAAAAAAAAAAAAAAAAAAAAAAA;1066AAAAAAAAAAAAAAAAAAAAAAAAAAAAAAAA,,1,1
08f4004a-c89b-4365-9a38-6c70d1f516b9,,,Counseling Participation,,Counseling Participation,Question,Coded,159405AAAAAAAAAAAAAAAAAAAAAAAAAAAAAA;159407AAAAAAAAAAAAAAAAAAAAAAAAAAAAAA;46969e18-a3c4-4fcc-ba87-907917ac0986,,1,1
36b7f90a-6a34-4670-972f-3336caa22520,,,Craving Risk Level,,Craving Risk Level,Question,Coded,1107AAAAAAAAAAAAAAAAAAAAAAAAAAAAAAAA;1498AAAAAAAAAAAAAAAAAAAAAAAAAAAAAAAA;1499AAAAAAAAAAAAAAAAAAAAAAAAAAAAAAAA;1500AAAAAAAAAAAAAAAAAAAAAAAAAAAAAAAA,,1,1
2200d32e-4ebc-493f-8fdd-1db19c7aacd7,,,Criteria met,,Criteria met,Question,Text,,,1,1
36866f8c-7aa0-4565-8573-2ab618bab70d,,,Current,,Current,Question,Numeric,,,1,1
ca061619-58e6-4059-a12c-2260e2fcca2d,,,Current CNS Medications - Dose,,Current CNS Medications - Dose,Question,Text,,,1,1
62da1a95-ef32-4641-a309-98bf83a0c136,,,Current CNS Medications - Frequency,,Current CNS Medications - Frequency,Question,Coded,,,1,1
c0b037f5-d64e-4c5d-bf03-f95901650c2b,,,Current CNS Medications - Medication,Current CNS Medications - Medicatio,Current CNS Medications - Medication,Question,Text,,,1,1
2764d828-04b0-4c74-99b6-d71bdd18ca90,,,Current CNS Medications - Route,,Current CNS Medications - Route,Question,Coded,,,1,1
d6f6ff4f-053b-4921-bded-ce3417938fec,,,Current Craving Stage,,Current Craving Stage,Question,Coded,1107AAAAAAAAAAAAAAAAAAAAAAAAAAAAAAAA;b4bbbee4-be0d-4745-b4ee-0557ee4ac85e;baec01f4-3ad5-4847-8a7f-7b8c6290b9c6;e7c62f6c-f87b-42d6-969a-b1dbd7ef1270,,1,1
03e853aa-5630-4f31-9fe5-9ae34dc45427,,,Current Diagnosis,,Current Diagnosis,Question,Text,,,1,1
58271d8b-120d-4899-9d07-adafc0b859f0,,,Current Emotional State,,Current Emotional State,Question,Coded,30012781-525a-4828-a7e9-25ac987cc122;664AAAAAAAAAAAAAAAAAAAAAAAAAAAAAAAAA;703AAAAAAAAAAAAAAAAAAAAAAAAAAAAAAAAA,,1,1
b20ed28b-079d-4e53-ad63-d15eac6711d5,,,Current Mental State,,Current Mental State,Question,Text,,,1,1
da37f924-2749-4b81-ab50-9b095ade53f5,,,Current Use Pattern,,Current Use Pattern,Question,Coded,d63e24f6-a488-42ee-ad10-595b4296761b;da766980-8e3b-44bc-a96e-bb119a56766d;de963260-5cbf-4ee3-a2d1-7650f8172e78;fb4ff13d-27ca-4c27-8949-02e015c9b829,,1,1
6bade912-6522-401b-b4c6-660a7f865f1c,,,Current problems with teeth and/or dentures?,,Current problems with teeth and/or dentures?,Question,Coded,1065AAAAAAAAAAAAAAAAAAAAAAAAAAAAAAAA;1066AAAAAAAAAAAAAAAAAAAAAAAAAAAAAAAA,,1,1
0004a17a-a654-47b5-a552-c2d8a94be3db,,,Currently on Medication,,Currently on Medication,Question,Coded,1065AAAAAAAAAAAAAAAAAAAAAAAAAAAAAAAA;1066AAAAAAAAAAAAAAAAAAAAAAAAAAAAAAAA,,1,1
d9adeeec-b0f4-44f9-93ec-1eb0f65e5ddf,,,Daily Functioning,,Daily Functioning,Question,Coded,159405AAAAAAAAAAAAAAAAAAAAAAAAAAAAAA;7acf2842-fb7d-4c80-8e86-5e84615cf7a8,,1,1
726afe8a-46bc-4473-9c18-6e9edb9c318a,,,Date of documentation,,Date,Question,Datetime,,,1,1
4adc1ced-b345-4f5e-9863-a73602a16db6,,,Date (date),,Date,Question,Date,,,1,1
839f0998-44ce-451f-9bd6-20772039316f,,,Date of Incident,,Date of Incident,Question,Date,,,1,1
1f12bde1-8f71-4c38-930e-a0cd86840a27,,,Date of Next MDT,,Date of Next MDT,Question,Datetime,,,1,1
74895bd6-06a3-42da-afcf-d9448621194d,,,Date of referral,,Date of referral,Question,Date,,,1,1
52cc588c-c34e-46c4-b7d2-a73b5ba587b7,,,Delusions (coded 3),,Delusions,Question,Coded,1107AAAAAAAAAAAAAAAAAAAAAAAAAAAAAAAA;1908da4d-969e-4f4b-95b5-214a98da04d8;4303cea1-5917-4e74-bb47-1f6a8d4dda94;5622AAAAAAAAAAAAAAAAAAAAAAAAAAAAAAAA;9c25ed3f-3803-4d96-afb3-c91d5e0c8343,,1,1
d8275643-0c89-4454-883f-6d28dcc5c014,,,"Delusions, other (specify)",,"Delusions, other (specify)",Question,Text,,,1,1
6ebfb16f-37f0-43bf-b311-7a91aa84409b,,,Dependence Features,,Dependence Features,Question,Coded,12dcf873-5006-47d8-a3e9-3d4d1a32031e;40f0b13b-18f3-4201-8473-b1a0604cfc1c;557cca37-0624-4616-9d91-4a24926239f8;55cf40d1-f5b7-4fd6-ae34-ac5c18b4ee62;5ec51542-6a40-4f25-8654-6af7628002a9;d22dcf3d-fa42-4e67-b585-0d715862773d;f1f038fb-5900-48b6-af48-78e2c7c08d31,,1,1
5ad7d0ec-7230-4e44-9919-a77e2db87b1c,,,"Dependence Features (Others, specify)","Dependence Features (Others, specif","Dependence Features (Others, specify)",Question,Text,,,1,1
e8c3ecb4-8cb7-4f0c-b701-e741c1a3cc41,,,Destructive,,Destructive,Question,Coded,1065AAAAAAAAAAAAAAAAAAAAAAAAAAAAAAAA;1066AAAAAAAAAAAAAAAAAAAAAAAAAAAAAAAA,,1,1
3041a171-394f-4b49-9cb3-934e05703d86,,,Detailed Description of Incident,,Detailed Description of Incident,Question,Text,,,1,1
a2858e35-ca66-434f-98b7-a79b8195a828,,,Developmental history,,Developmental history,Question,Text,,,1,1
62c3f2f7-c9ab-4ead-bffc-4f780d4de04a,,,"Diagnosis, psychiatric assessment",,Diagnosis,Question,Text,,,1,1
085b663b-4729-4553-9499-723487852532,,,Diagnosis (Dx),,Diagnosis (Dx),Question,Text,,,1,1
ced8abea-226c-4bb8-a5dd-efc432d08d06,,,Diagnosis / revised diagnosis,,Diagnosis / revised diagnosis,Question,Text,,,1,1
decc6158-b7d4-44c0-9e73-14b2e6fcc4b5,,,Do movements disappear in sleep?,,Do movements disappear in sleep?,Question,Coded,1065AAAAAAAAAAAAAAAAAAAAAAAAAAAAAAAA;1066AAAAAAAAAAAAAAAAAAAAAAAAAAAAAAAA,,1,1
34b736ca-63f2-4bb3-8403-4ec255e0918d,,,Does the patient demonstrate sufficient memory and insight to benefit from therapeutic services?,Does the patient demonstrate suffic,Does the patient demonstrate sufficient memory and insight to benefit from therapeutic services?,Question,Text,,,1,1
4296ba95-8094-4d78-b10c-0537c50322ce,,,Does the patient exhibit behaviors conducive to therapeutic participation?,Does the patient exhibit behaviors ,Does the patient exhibit behaviors conducive to therapeutic participation?,Question,Text,,,1,1
cd9f19fd-f82b-4777-93e4-a081b9e1f80f,,,Dose,,Dose,Question,Text,,,1,1
efa82d2d-c82b-464c-b8d4-00e1a17a92ca,,,Duration,,Duration,Question,Text,,,1,1
dc2aa8e7-5de8-4208-8696-2b94d901157f,,,Duration of Incident,,Duration of Incident,Question,Numeric,,,1,1
a1090a20-779c-4093-94ba-9da13b1e0c2f,,,Duration of use,,Duration of use,Question,Numeric,,,1,1
f5fdb36c-53b9-44fc-92f2-d7e6adadf30b,,,Duration of use unit,,Duration of use unit,Question,Coded,1074AAAAAAAAAAAAAAAAAAAAAAAAAAAAAAAA;1734AAAAAAAAAAAAAAAAAAAAAAAAAAAAAAAA;a40404bc-5a49-4c0f-b933-1e98b2ba21e3,,1,1
ccfea680-1702-49b3-8913-f859add98183,,,ECG,,ECG,Question,Coded,1115AAAAAAAAAAAAAAAAAAAAAAAAAAAAAAAA;1116AAAAAAAAAAAAAAAAAAAAAAAAAAAAAAAA;1118AAAAAAAAAAAAAAAAAAAAAAAAAAAAAAAA,,1,1
25750095-cd45-4cf1-a874-8b1d5f0da58e,,,ECG Abnormality Details,,ECG Abnormality Details,Question,Text,,,1,1
414a7a3f-d942-4d08-b7e8-f794b7a89570,,,ECT Attempt Number,,ECT Attempt Number,Question,Numeric,,,1,1
2a404895-d861-46c6-b2d3-7d621a1f771b,,,ECT Method,,ECT Method,Question,Coded,160406AAAAAAAAAAAAAAAAAAAAAAAAAAAAAA;7125f223-a6b6-411a-850e-1726760ea419,,1,1
cec8261b-a84c-4d30-94b5-11b88e71cfda,,,EEG Seizure Duration,,EEG Seizure Duration,Question,Numeric,,,1,1
d137ded0-0fce-41e4-adb2-0e5f6a3742d8,,,Economic Status,,Economic Status,Question,Coded,0455c7fc-93bd-46e5-a9d8-c59a00651b90;06398754-8865-4004-805e-926636d6d6c2;8d6ebc22-f773-45d4-a454-806f68d6e879;acddd261-594a-4c15-9d78-f8c98ffa9470,,1,1
fbc1d60d-61f8-4157-ad68-4c60448af099,,,Edentia?,,Edentia?,Question,Coded,1065AAAAAAAAAAAAAAAAAAAAAAAAAAAAAAAA;1066AAAAAAAAAAAAAAAAAAAAAAAAAAAAAAAA,,1,1
cc27a91e-c4a8-44ad-b2ed-25219216dfbb,,,Education,,Education,Question,Coded,1107AAAAAAAAAAAAAAAAAAAAAAAAAAAAAAAA;71129829-dc9b-4730-90cb-a38ac72d8fd7;818c725f-cc73-4e35-8277-291dcdc37bb0;9cc9d880-dcbb-49a7-a1c8-76379e364a3a;a7bfc404-61e6-482b-9b50-e31b958eff30,,1,1
bb496f0e-ca73-4f73-86a2-9fc799a782e7,,,"Education level, free text",,Education Level,Question,Text,,,1,1
347036f6-5a7c-4749-9056-c73318ba5d8a,,,Emergency admission criteria,,Emergency admission criteria,Question,Coded,0ab4f633-7d24-420d-be8f-f7fb7c9bb6ba;61fee09e-d682-437b-aa29-08460a6910d7;7874d9f2-822b-472e-ac21-8622caf8c536;ba2cbb4d-5599-4ad8-aa14-43a1d8fe0090;d8caf3af-91fd-4cd4-8ede-35d5d23ac924;f9325089-a04a-426d-b0a5-068ead036afd,,1,1
0a270b0d-56aa-41c4-9612-237cc74b0884,,,Emotional stability assessment,,Emotional Stability,Question,Coded,06398754-8865-4004-805e-926636d6d6c2;0aabbe1b-baf6-41bb-b99c-96cbe27e6415;7a37fa21-587e-437d-846f-6c29e7fad9d9,,1,1
98f97d04-4920-48b6-a9c2-dc5387cd6cbf,,,Current employment status,,Employment status,Question,Coded,4befe3ce-4ad1-4c46-bd66-93d403a802e8,,1,1
fcd062dd-9b1b-4a72-8e4b-2a3396b533ac,,,Energy and Stamina Levels,,Energy and Stamina Levels,Question,Coded,1499AAAAAAAAAAAAAAAAAAAAAAAAAAAAAAAA;693f4784-9933-4a3b-856e-6ccaa382247f;acddd261-594a-4c15-9d78-f8c98ffa9470,,1,1
dc1d8ec8-3ba5-465e-8b27-9af565b6be2c,,,Engagement with Treatment,,Engagement with Treatment,Question,Text,,,1,1
ad02a0d4-9b11-47ef-b4e6-72e22c29be2d,,,Epilepsy,,Epilepsy,Question,Coded,1065AAAAAAAAAAAAAAAAAAAAAAAAAAAAAAAA;1066AAAAAAAAAAAAAAAAAAAAAAAAAAAAAAAA,,1,1
4b2742ad-a064-40bc-a6d4-12e6216a6bbf,,,Escape/Absconding Risk,,Escape/Absconding Risk,Question,Coded,1499AAAAAAAAAAAAAAAAAAAAAAAAAAAAAAAA;693f4784-9933-4a3b-856e-6ccaa382247f;acddd261-594a-4c15-9d78-f8c98ffa9470,,1,1
b40facca-3238-49ac-8e10-f2923c343337,,,Evaluation,,Evaluation,Question,Text,,,1,1
c9e85601-2bca-4da0-9635-ee4dda3d30c8,,,Expected discharge date,,Expected discharge date,Question,Datetime,,,1,1
4ec06533-028c-42f1-acc0-3c64d27f851d,,,Family Structure,,Family Structure,Question,Coded,00e1590b-67b3-4e1b-b0f0-016e88441a4e;0ecce16f-e9d3-4a6b-bac0-cc7ef11b4f52;163468AAAAAAAAAAAAAAAAAAAAAAAAAAAAAA;286b3413-fe92-4680-957b-42a324a792d4;2e4d2588-d968-4afe-843d-97d947b4885f;dbaff1fe-52ce-485e-bedd-a9044eeaaaff,,1,1
cf833692-ee14-4586-b303-2e1145897075,,,Family support level,,Family Support,Question,Coded,1107AAAAAAAAAAAAAAAAAAAAAAAAAAAAAAAA;159405AAAAAAAAAAAAAAAAAAAAAAAAAAAAAA;159407AAAAAAAAAAAAAAAAAAAAAAAAAAAAAA;5c78dbad-3853-471f-bbe4-ff5c2b1b8a89;d444fd09-b6a1-477c-bf73-000cf877ac2a,,1,1
2c347aaf-a5e7-4b2f-b791-47adff9c293f,,,"Family history, narrative description",,Family history,Question,Text,,,1,1
aef734ac-3ff6-4291-89b9-2e5ccc29aadb,,,Family psychiatry and medical history,Family psychiatry and medical histo,Family psychiatry and medical history,Question,Text,,,1,1
b37d7757-80b6-41a5-b977-6b88978fa151,,,Financial problems reported,,Financial problems,Question,Coded,1065AAAAAAAAAAAAAAAAAAAAAAAAAAAAAAAA;1066AAAAAAAAAAAAAAAAAAAAAAAAAAAAAAAA,,1,1
53c21705-15d8-4fce-8372-41a7a412f085,,,First Aid Provided,,First Aid Provided,Question,Coded,1065AAAAAAAAAAAAAAAAAAAAAAAAAAAAAAAA;1066AAAAAAAAAAAAAAAAAAAAAAAAAAAAAAAA,,1,1
dd785d57-054f-4920-b6f9-394ded9ad499,,,Follow up type,,Follow up type,Question,Coded,1098AAAAAAAAAAAAAAAAAAAAAAAAAAAAAAAA;1099AAAAAAAAAAAAAAAAAAAAAAAAAAAAAAAA;6755b785-1a7c-4c5f-b650-3f0e2d37c691;c4571176-a1c5-49e7-801b-9a9f914b98e4,,1,1
064d728c-485b-4412-88a7-04a9b6b6745d,,,Follow-up Attendance,,Follow-up Attendance,Question,Coded,0319d9c9-acdf-495d-8147-45d0f2eded5a;72e760d6-f370-4c9c-bf3b-e2ca284fc950;ed32bf36-7e99-47ff-acca-31dfd253b091,,1,1
06fb04c2-cc46-4054-9608-708549431d92,,,Follow-up Needed,,Follow-up Needed,Question,Coded,1065AAAAAAAAAAAAAAAAAAAAAAAAAAAAAAAA;1066AAAAAAAAAAAAAAAAAAAAAAAAAAAAAAAA,,1,1
d8794378-77d0-4f3f-bf79-70517feba9ab,,,Follow-up Plan,,Follow-up Plan,Question,Coded,1098AAAAAAAAAAAAAAAAAAAAAAAAAAAAAAAA;1099AAAAAAAAAAAAAAAAAAAAAAAAAAAAAAAA;5ec51542-6a40-4f25-8654-6af7628002a9;d4b59a14-f80e-4360-9995-7da2f31cb204,,1,1
0b3d2f81-891b-4c41-b705-0f85366a39a4,,,Follow-up Plan (text),,Follow-up Plan,Question,Text,,,1,1
48888a54-b8e9-434f-bee6-86917826170c,,,Follow-up Plan - Other (specify),,Follow-up Plan - Other (specify),Question,Text,,,1,1
b1b4ac7b-27cc-4d11-be1e-e4e6308e1e79,,,Next follow-up visit date,,Follow-up date,Question,Datetime,,,1,1
23136076-79a7-4dea-9c26-31607d4532e0,,,Form and content of thinking,,Form and content of thinking,Question,Text,,,1,1
365ebdf5-75f7-484e-851c-6f4f52b815d1,,,Medication dosing frequency,,Frequency,Question,Coded,,,1,1
86e24a7d-6bbc-4996-9e30-cfeb5efc6cb0,,,Frequency (numeric),,Frequency,Question,Numeric,,,1,1
84f6bb32-e24e-4d38-913d-ab70f59452ad,,,Functional Disability Impact,,Functional Disability Impact,Question,Coded,1065AAAAAAAAAAAAAAAAAAAAAAAAAAAAAAAA;1066AAAAAAAAAAAAAAAAAAAAAAAAAAAAAAAA,,1,1
48408e58-b585-453c-b774-b95a97c3a255,,,General Appearance,,General Appearance,Question,Text,,,1,1
78c21b0a-a698-4568-9242-f32f5051c81b,,,Genitourinary,,Genitourinary,Question,Text,,,1,1
6ab88e73-0d91-482c-8370-a12502976e8d,,,"Genitourinary examination, narrative findings",,Genitourinary System,Question,Text,,,1,1
3107d488-b179-4d6d-844a-1a52082ac64e,,,Grade,,Grade,Question,Coded,0ccbf5d8-01da-4ba2-a474-e7cbab27c6d4;1701d647-4251-4bad-a883-f88994cd63b4;1797be2d-e4d2-4484-a19f-b00a32ac58e9;31ca7db4-0169-4f5e-8972-f2b9d05bc286;53167c4c-602f-460f-a2b3-c5a6835b4dfe;81e8c994-78eb-426a-a75f-2f92025e2dc4;97a9cfb4-7d5f-4b8c-9567-52c8b1f14bc5;9ad9edc9-d03f-4570-b07f-96f312efcee3;9b26ed51-5f1a-4c83-b444-d210477a4bbe;a227c19c-1daf-4d68-9ac5-daa65eb87958;a40404bc-5a49-4c0f-b933-1e98b2ba21e3;a54bccb3-3f0f-42ab-b1a9-e7ad770a7942;ac5b782f-8ddd-435b-9fb4-7f0cd5852330;b2f6b27d-0e2b-465e-a4e8-a013ef9cd8e2;d5da6c9d-0665-4ca3-9acc-c0e762a739ae;f4b9e2ee-ff89-468b-abe9-716145c22eb8,,1,1
5320e8de-7217-4ce9-9bdf-be7cd75cf02a,,,"Grade reports, peer relations, changes in school","Grade reports, peer relations, chan","Grade reports, peer relations, changes in school",Question,Text,,,1,1
077701bb-b479-46c8-9c69-4c2b411fc8f7,,,Gross facial dysmorphic feature,,Gross facial dysmorphic feature,Question,Text,,,1,1
423ed0c1-d8e0-4c13-b267-65d09346829a,,,Guardian Full Name,,Guardian Full Name,Question,Text,,,1,1
c6bd1291-26cf-4d10-918f-d547018f3b90,,,Guardian Phone Number,,Guardian Phone Number,Question,Text,,,1,1
23fcbadc-61c1-4f9b-81fd-ee7fb207f044,,,Guardian responsibility acknowledgment,,Guardian Responsibility,Question,Coded,3646c1ed-32bb-4d63-9440-c6e53484dc33,,1,1
1d2c8250-f1a4-4993-b3f2-01e6402d7295,,,Guardian has Health ID,,Guardian has Health ID,Question,Coded,0a37ba6e-3bb3-4961-a94c-7cfcdd01c7a4,,1,1
54bd868a-a9a5-49ba-9aa7-830ecd46a00c,,,H.E.E.N.T,,H.E.E.N.T,Question,Text,,,1,1
e19a72b3-b119-4dc6-bec1-a7b9098af731,,,HEENT,,HEENT,Question,Text,,,1,1
2bf9e5f3-a4f7-4aae-b44f-edd3a7204b21,,,Hallucination modality,,Hallucinations,Question,Coded,1107AAAAAAAAAAAAAAAAAAAAAAAAAAAAAAAA;37887ad0-ee93-4f54-87e3-0627e3111bb4;5622AAAAAAAAAAAAAAAAAAAAAAAAAAAAAAAA;8ebff391-a3ad-40e9-bdce-7cfe8c4c3d9a,,1,1
6f7cccb9-831d-4be6-bcc6-9f6dc36c7b8d,,,"Hallucinations, other (specify)",,"Hallucinations, other (specify)",Question,Text,,,1,1
506a2275-de14-4ae3-97ac-c6b832ebf78a,,,Harm Plan,,Harm Plan,Question,Coded,42d66530-ea55-45c5-86c2-b43079420c8b;9a19e347-6aae-41cb-bbe4-3a786e4e118f;fe99cf75-7b4e-4910-b5a0-8f8cd111c4fe,,1,1
f0af6b9d-079e-403a-8252-75f8b1d33556,,,Harmful behavior (injury toward self and others),Harmful behavior (injury toward sel,Harmful behavior (injury toward self and others),Question,Text,,,1,1
23b0bfe5-6e3c-4970-92f8-5fbfc37b4a92,,,Head injury,,Head injury,Question,Coded,1065AAAAAAAAAAAAAAAAAAAAAAAAAAAAAAAA;1066AAAAAAAAAAAAAAAAAAAAAAAAAAAAAAAA,,1,1
f513a22b-2c97-41ca-882d-8f6e6d3b8374,,,"Headache, Fullness in Head",,"Headache, Fullness in Head",Question,Coded,14b0c4a6-7fd9-4c58-a53f-c8d55dd3036a;3f1060a3-0e10-4bc8-a18f-6de03ca9a03b;6b04ee42-2d6a-4a68-ab63-170a1b0cc1f0;80a6ff02-7b62-4104-a207-f60cf83f944a;de3b9a1b-732b-4c9b-bc82-5d0bd2a3a0d9;ecf349d5-eb12-4498-af7f-83c34a524a1e;f327c515-d5c8-49e7-bdee-904515ae9eee;fbba74ee-d2bc-4881-9dde-5f881c6d59d4,,1,1
a44536ea-4ee2-4cc6-beed-bfdc3df564da,,,High-Risk Use,,High-Risk Use,Question,Coded,1065AAAAAAAAAAAAAAAAAAAAAAAAAAAAAAAA;1066AAAAAAAAAAAAAAAAAAAAAAAAAAAAAAAA,,1,1
e8547882-8ca1-4ec1-8be4-029a3b243f92,,,High-Risk Use Types,,High-Risk Use Types,Question,Coded,0ab614be-4923-4c42-be06-9a95e256f5e5;4b3e4686-8e1e-41cb-a240-e36c4615fd18;5622AAAAAAAAAAAAAAAAAAAAAAAAAAAAAAAA;779d0afd-373f-47ef-b99a-b2356648b476,,1,1
ad682da4-471e-40b3-b2f6-b7675a9f90c1,,,History of Violence,,History of Violence,Question,Coded,013e77ef-823d-4777-872a-2536bb150e64;1065AAAAAAAAAAAAAAAAAAAAAAAAAAAAAAAA;1066AAAAAAAAAAAAAAAAAAAAAAAAAAAAAAAA;4ab8ff5d-45f3-4d9e-9907-f5f9595e8fd8;71885729-f485-4a1d-8b8d-310e53d9ca41;8ccb7361-dac7-4ceb-b8fc-4c6f133c3696;aa89f5ec-6d2c-4b82-b673-8797f24290f8;def5fda2-4d78-498f-8e12-4a5fa5b66e23,,1,1
f3a7bd64-594d-46bf-bf55-08b89bb888fc,,,History of aggression,,History of aggression,Question,Text,,,1,1
e6e59f8d-fc68-4512-b224-104fa4c203ef,,,History of suicide,,History of suicide,Question,Coded,1065AAAAAAAAAAAAAAAAAAAAAAAAAAAAAAAA;1066AAAAAAAAAAAAAAAAAAAAAAAAAAAAAAAA,,1,1
7fea9fa1-9296-4873-964c-663bee9f2e2e,,,Home Visit - Environment,,Home Visit - Environment,Question,Coded,11bad009-1807-4c37-b48e-7872d0ade354;964f9da2-e359-46f8-8290-79294b6dbe66;a39473d2-6097-46d5-b305-5e0abbfb1f17,,1,1
4a0e8af0-a04e-4390-af8e-01f2f1b5a9ee,,,Home Visit - Family Support,,Home Visit - Family Support,Question,Coded,1107AAAAAAAAAAAAAAAAAAAAAAAAAAAAAAAA;5c78dbad-3853-471f-bbe4-ff5c2b1b8a89;d444fd09-b6a1-477c-bf73-000cf877ac2a,,1,1
e17a32d8-e47f-4c27-b487-91be997eb388,,,Homicidal,,Homicidal,Question,Coded,1065AAAAAAAAAAAAAAAAAAAAAAAAAAAAAAAA;1066AAAAAAAAAAAAAAAAAAAAAAAAAAAAAAAA,,1,1
331738aa-92fb-4eb3-8e35-66aa629d731c,,,Homicidal ideation severity,,Homicidal Ideation,Question,Coded,1107AAAAAAAAAAAAAAAAAAAAAAAAAAAAAAAA;ec97b844-082b-4d9e-b58f-d39d1ad48b5c;f172a581-9d3f-4d01-ae4b-99ff1b943127,,1,1
a7677530-3869-4edb-960e-456838e94318,,,Homicide/Violence Risk,,Homicide/Violence Risk,Question,Coded,1499AAAAAAAAAAAAAAAAAAAAAAAAAAAAAAAA;693f4784-9933-4a3b-856e-6ccaa382247f;acddd261-594a-4c15-9d78-f8c98ffa9470,,1,1
d429f868-0b60-45c9-a9a1-2b680b341e4c,,,Hot and cold flushes,,Hot and cold flushes,Question,Coded,7852823d-61b3-4dff-b226-9f5e3972ab6a;d1900105-e6a1-49ef-8f97-b5ccb2fe8619,,1,1
dcf9adec-f881-41b8-bffd-18bbef6262c6,,,Identified Strengths,,Identified Strengths,Question,Text,,,1,1
c5a325c9-2115-488c-8c2c-f1e6ea6af551,,,"If Yes, specify side effects",,"If Yes, specify side effects",Question,Text,,,1,1
fa242bdf-3a13-4c71-ab73-5cac9e923b3b,,,If yes specify,,If yes specify,Question,Text,,,1,1
58b3a804-f08a-404f-9205-6ab5c21ea446,,,Immediate Action Taken,,Immediate Action Taken,Question,Text,,,1,1
6b5cb07d-797b-42c9-8e5b-4e05d7c8ea4b,,,Immediate Side Effects,,Immediate Side Effects,Question,Coded,1107AAAAAAAAAAAAAAAAAAAAAAAAAAAAAAAA;120345AAAAAAAAAAAAAAAAAAAAAAAAAAAAAA;122983AAAAAAAAAAAAAAAAAAAAAAAAAAAAAA;133632AAAAAAAAAAAAAAAAAAAAAAAAAAAAAA;139084AAAAAAAAAAAAAAAAAAAAAAAAAAAAAA;5978AAAAAAAAAAAAAAAAAAAAAAAAAAAAAAAA,,1,1
edd1e932-ca96-430b-afe4-4eca3655fdd8,,,Immigration and other important social history,Immigration and other important soc,Immigration and other important social history,Question,Text,,,1,1
e4909b80-412b-48f5-8498-f6010df59a8c,,,Impact of Medication Side Effects on Functional Participation,Impact of Medication Side Effects o,Impact of Medication Side Effects on Functional Participation,Question,Coded,1065AAAAAAAAAAAAAAAAAAAAAAAAAAAAAAAA;1066AAAAAAAAAAAAAAAAAAAAAAAAAAAAAAAA,,1,1
866b18a2-87f6-4d23-b2b7-04696d0d149b,,,Impact of Trauma on Therapeutic Participation,Impact of Trauma on Therapeutic Par,Impact of Trauma on Therapeutic Participation,Question,Coded,052c10cc-633e-4c49-8541-a469c94d0318;1107AAAAAAAAAAAAAAAAAAAAAAAAAAAAAAAA;1498AAAAAAAAAAAAAAAAAAAAAAAAAAAAAAAA,,1,1
c81b13d2-be7a-4d5e-9ef2-58ab7f901a27,,,Implementation,,Implementation,Question,Text,,,1,1
b9ffb42c-13b4-48db-92aa-ebbde405b530,,,Improvement in symptoms,,Improvement in symptoms,Question,Coded,1065AAAAAAAAAAAAAAAAAAAAAAAAAAAAAAAA;1066AAAAAAAAAAAAAAAAAAAAAAAAAAAAAAAA;46969e18-a3c4-4fcc-ba87-907917ac0986,,1,1
eec6036b-5ee2-437a-b24b-03b64f5caae9,,,Incapacitation due to abnormal movements,,Incapacitation due to abnormal movements,Question,Coded,265ec950-3744-435e-9d5a-3b0e1c89ac3b;78503633-3d69-42fa-9776-faf7a2e1da9b;93582f48-936b-49a8-b1ba-4916625404bd;93d98807-89b8-4a7b-9938-86283841c592;b5c4f7ce-1cbc-41f8-bef5-cc86845f5096,,1,1
c5325d59-46ba-4c99-a315-856651325904,,,Incident Resolved,,Incident Resolved,Question,Coded,1065AAAAAAAAAAAAAAAAAAAAAAAAAAAAAAAA;1066AAAAAAAAAAAAAAAAAAAAAAAAAAAAAAAA,,1,1
1b77d735-8649-455c-a1ec-d37a797c6d19,,,Indication for ECT,,Indication for ECT,Question,Coded,773fd47a-0ace-4d88-9e11-a5808e1d82d4;5622AAAAAAAAAAAAAAAAAAAAAAAAAAAAAAAA;8518a807-8785-4f1f-a111-8d7555afe61e;d554ec79-ceea-404e-b34e-0da261749324;f3dcc97b-8ef9-41f6-98ee-410bbb918535,,1,1
5156b8c9-c512-4ede-823d-b4fa474feadb,,,"Indication for ECT - Other, specify",,"Indication for ECT - Other, specify",Question,Text,,,1,1
dfcd094a-ec12-4c19-a2fc-35286c1094a1,,,Initial Treatment,,Initial Treatment,Question,Text,,,1,1
4d270afa-af5a-44b8-a31c-ef04a7228079,,,Injury Occurred,,Injury Occurred,Question,Coded,1065AAAAAAAAAAAAAAAAAAAAAAAAAAAAAAAA;1066AAAAAAAAAAAAAAAAAAAAAAAAAAAAAAAA,,1,1
a21f1d64-3213-48f1-b489-3e50acd94352,,,"Insight, mental status examination",,Insight,Question,Coded,159405AAAAAAAAAAAAAAAAAAAAAAAAAAAAAA;159406AAAAAAAAAAAAAAAAAAAAAAAAAAAAAA;159407AAAAAAAAAAAAAAAAAAAAAAAAAAAAAA;46969e18-a3c4-4fcc-ba87-907917ac0986,,1,1
92034d06-c0f1-4a64-922b-476442c89d9a,,,Insight Into Condition and Treatment,Insight Into Condition and Treatmen,Insight Into Condition and Treatment,Question,Coded,1499AAAAAAAAAAAAAAAAAAAAAAAAAAAAAAAA;78696882-91bd-43b1-b86f-c83b7e7f1c44;7fa2d574-5f17-4595-9e8a-8e75dcfdef2b,,1,1
9d9746e8-48c2-4447-9937-c57d0d30fe91,,,Insight/Judgment,,Insight/Judgment,Question,Coded,159405AAAAAAAAAAAAAAAAAAAAAAAAAAAAAA;159406AAAAAAAAAAAAAAAAAAAAAAAAAAAAAA;159407AAAAAAAAAAAAAAAAAAAAAAAAAAAAAA,,1,1
766b2b95-5f46-4a2a-b2b2-0b3994b6aa7c,,,Integumentary,,Integumentary,Question,Text,,,1,1
2451c3b3-9e1b-40a2-b4da-9b885967cfa6,,,"Integumentary examination, narrative findings",,Integumentary System,Question,Text,,,1,1
b8957f59-10b6-4fa3-9167-16a7bfdedcd0,,,Intent to Harm Others,,Intent to Harm Others,Question,Coded,201dd6e8-e6ce-44b2-ab73-aa880c6114d4;27d1dd46-bb4f-4271-87f0-b710e7d2ce84;62cf907c-f77c-450f-a34e-32ad70a0c9be;75849ab2-2c0d-4636-82bd-0811c58a7933;bd1dddce-fa0e-4096-8fcb-c9d0d81164fb,,1,1
08f941b2-7fcc-4ecd-8fbc-790072f42d6b,,,Interactions with family and others,,Interactions with family and others,Question,Text,,,1,1
c8a9d9ac-291d-4ac0-af2c-b0c747f691a6,,,Interpretation,,Interpretation,Question,Text,,,1,1
e31fd3dc-aaac-4c33-839c-1775b603d0eb,,,Intervention Plan,,Intervention Plan,Question,Coded,3535bd08-6b70-417a-a35e-8e48050e515a;76490134-481e-4474-8cb8-b5ea0f3d4360;7a8169e4-9060-4a1d-aa33-116629ddd4c8;b998b822-9843-4630-8d06-b26694df8783;ba49c378-aa2e-449f-81c4-75409e1ec20a,,1,1
4b0eb0c6-025c-4b78-9359-864e7dcb63bd,,,Intoxication,,Intoxication,Question,Coded,1065AAAAAAAAAAAAAAAAAAAAAAAAAAAAAAAA;1066AAAAAAAAAAAAAAAAAAAAAAAAAAAAAAAA,,1,1
d7b43d70-7737-4df9-b813-2f42a0cab310,,,Is the patient emotionally prepared for structured therapeutic interventions?,Is the patient emotionally prepared,Is the patient emotionally prepared for structured therapeutic interventions?,Question,Coded,1065AAAAAAAAAAAAAAAAAAAAAAAAAAAAAAAA;1066AAAAAAAAAAAAAAAAAAAAAAAAAAAAAAAA,,1,1
deda28b1-4181-4379-bd86-bef062568780,,,Is the patient physically prepared for sustained therapeutic engagement?,Is the patient physically prepared ,Is the patient physically prepared for sustained therapeutic engagement?,Question,Coded,1065AAAAAAAAAAAAAAAAAAAAAAAAAAAAAAAA;1066AAAAAAAAAAAAAAAAAAAAAAAAAAAAAAAA,,1,1
56b0d94e-197a-4214-9e05-df8066599010,,,"Jaw (e.g., biting, clenching, chewing, mouth opening, lateral movement)",,"Jaw (e.g., biting, clenching, chewing, mouth opening, lateral movement)",Question,Coded,265ec950-3744-435e-9d5a-3b0e1c89ac3b;78503633-3d69-42fa-9776-faf7a2e1da9b;93582f48-936b-49a8-b1ba-4916625404bd;93d98807-89b8-4a7b-9938-86283841c592;b5c4f7ce-1cbc-41f8-bef5-cc86845f5096,,1,1
c6a9627b-7474-40f5-a96e-1b795f4cd4bf,,,"Judgment, mental status examination",,Judgment,Question,Coded,7acf2842-fb7d-4c80-8e86-5e84615cf7a8;a6d00512-9786-45d6-8886-be160acfd5d4,,1,1
3a426ef5-c683-4f4e-8787-96a7de71b6e8,,,"Judgment and insight, narrative description",,Judgment and insight,Question,Text,,,1,1
c1d80e8d-74eb-4204-85c0-5689e9ba6f20,,,Lacrimation,,Lacrimation,Question,Coded,cfa09fb3-fb52-4225-a922-fa475a9272a9;d1900105-e6a1-49ef-8f97-b5ccb2fe8619,,1,1
4245fc74-77b8-4a29-babd-f91f0c961927,,,Language of the interview,,Language of the interview,Question,Text,,,1,1
6033d496-383f-4ca6-b13e-2ec0e9f61768,,,Date of last substance use,,Last Use Date,Question,Date,,,1,1
f18e1305-5680-497a-8617-a770f5e34d49,,,Last use,,Last use,Question,Text,,,1,1
85422ead-6987-4404-baad-a523d756c505,,,Last use (datetime),,Last use,Question,Datetime,,,1,1
01554f86-2414-4d99-9d24-6e660bae7d5f,,,Lead by,,Lead by,Question,Text,,,1,1
36c9ffda-485a-44ae-b6e9-77855d3fde81,,,Legal issues reported,,Legal issues,Question,Coded,1065AAAAAAAAAAAAAAAAAAAAAAAAAAAAAAAA;1066AAAAAAAAAAAAAAAAAAAAAAAAAAAAAAAA,,1,1
544c601a-5912-4cad-a05f-bdecc73b6990,,,"Legal issues - If Yes, Specify",,"Legal issues - If Yes, Specify",Question,Text,,,1,1
7edff3ad-d4ec-4efa-b792-57352940f7a6,,,Legal problems,,Legal problems,Question,Coded,1065AAAAAAAAAAAAAAAAAAAAAAAAAAAAAAAA;1066AAAAAAAAAAAAAAAAAAAAAAAAAAAAAAAA,,1,1
8c036844-64cf-4e0b-aba7-479f1acad73a,,,Legal problems (specify),,Legal problems (specify),Question,Text,,,1,1
2aad15ff-5ce7-4001-92ec-ea25d0a9986c,,,Level of Functioning,,Level of Functioning,Question,Text,,,1,1
921c4afa-0d5a-4463-8a51-b0f8186a2ea7,,,"Lips and Perioral Area (e.g., puckering, pouting, smacking)",,"Lips and Perioral Area (e.g., puckering, pouting, smacking)",Question,Coded,265ec950-3744-435e-9d5a-3b0e1c89ac3b;78503633-3d69-42fa-9776-faf7a2e1da9b;93582f48-936b-49a8-b1ba-4916625404bd;93d98807-89b8-4a7b-9938-86283841c592;b5c4f7ce-1cbc-41f8-bef5-cc86845f5096,,1,1
8eead176-4e38-4f33-8d3e-4c1fa657d94e,,,Living Condition,,Living Condition,Question,Coded,06398754-8865-4004-805e-926636d6d6c2;163468AAAAAAAAAAAAAAAAAAAAAAAAAAAAAA;70d68ce3-d932-4f97-a186-efb4c3608efc,,1,1
6959d46f-e3c9-4aa9-9552-28894b709554,,,Living with,,Living with,Question,Coded,1527AAAAAAAAAAAAAAAAAAAAAAAAAAAAAAAA;366db065-6ed0-40af-9dc7-7a11664c7b84;5622AAAAAAAAAAAAAAAAAAAAAAAAAAAAAAAA;7db5a6b4-6efd-4bb7-9a41-e5e6def1037a,,1,1
3397f882-cd03-4d96-89af-a6e60aa42e29,,,"Living with (other, specify)",,"Living with (other, specify)",Question,Text,,,1,1
674bde73-22c5-4517-9160-24d6d0a8183c,,,Location/Ward,,Location/Ward,Question,Text,,,1,1
d8982f86-b2be-4e82-9bdd-52bb1c7967a0,,,Long-Term Memory Function,,Long-Term Memory Function,Question,Coded,1499AAAAAAAAAAAAAAAAAAAAAAAAAAAAAAAA;750c7a46-03f0-4cba-aa58-f5dc0efca955;78696882-91bd-43b1-b86f-c83b7e7f1c44,,1,1
6532a489-099b-4f56-86ad-1c1d354b6ca0,,,"Lower (legs, knees, ankles, toes) (e.g., lateral knee movement, foot tapping, heel dropping, foot squirming, inversion and eversion of foot)",,"Lower (legs, knees, ankles, toes) (e.g., lateral knee movement, foot tapping, heel dropping, foot squirming, inversion and eversion of foot)",Question,Coded,265ec950-3744-435e-9d5a-3b0e1c89ac3b;78503633-3d69-42fa-9776-faf7a2e1da9b;93582f48-936b-49a8-b1ba-4916625404bd;93d98807-89b8-4a7b-9938-86283841c592;b5c4f7ce-1cbc-41f8-bef5-cc86845f5096,,1,1
62319f15-7e5d-490f-9221-83d8b61193bd,,,Lymphatic,,Lymphatic,Question,Text,,,1,1
8a6f2874-5826-43c0-a9bb-d1af9829656e,,,Lymphoglandular System,,Lymphoglandular System,Question,Text,,,1,1
6c2ba8e8-85b1-41d5-ab0f-58f6b2a62376,,,MDT Member,,MDT Member,Question,Text,,,1,1
59b099ea-41ba-4b40-b65e-6dce43be14c9,,,MUAC,,MUAC,Question,Numeric,,,1,1
6b7da9d0-dbba-46e3-8faf-1dbf906a7ccc,,,Management Given,,Management Given,Question,Text,,,1,1
df305b1a-cc5a-4db9-9a43-215355259350,,,Management Plan,,Management Plan,Question,Coded,7a8169e4-9060-4a1d-aa33-116629ddd4c8;82cb6878-c557-43c8-90c5-4801b57b7e1b;ade6426d-68e8-45c7-9ff8-f9b1d38c3c30;ba49c378-aa2e-449f-81c4-75409e1ec20a;bb5469e7-bff0-4b0f-a147-ac6652d93d22;c73f265f-bff4-4363-a074-3f8c1a654ce3;f23f2168-503f-4ae7-8eb0-061a3a5e4294,,1,1
57f88223-6397-4a96-a147-6aadee6d784c,,,Management Plan (text),,Management Plan,Question,Text,,,1,1
1321d860-ca6f-4518-be56-949dc5661ba6,,,Marital status (psychosocial assessment),,Marital Status,Question,Coded,1058AAAAAAAAAAAAAAAAAAAAAAAAAAAAAAAA;1059AAAAAAAAAAAAAAAAAAAAAAAAAAAAAAAA;52dcc88b-4dac-4e30-b5cd-7e31fa90b4b2;5555AAAAAAAAAAAAAAAAAAAAAAAAAAAAAAAA,,1,1
503f0301-1f61-4947-90d0-42f786299840,,,Medical Comorbidities Note,,Medical Comorbidities Note,Question,Text,,,1,1
a3a93eb6-912b-4f24-8e04-c4de07b96482,,,Medical Conditions,,Medical Conditions,Question,Text,,,1,1
56d5c4c4-fd8e-4762-8578-935adff0d4be,,,Medical comorbidity,,Medical comorbidity,Question,Text,,,1,1
d94fd113-d759-4b74-87ac-8dffc700e057,,,Medical emergency occurred,,Medical emergency,Question,Coded,1065AAAAAAAAAAAAAAAAAAAAAAAAAAAAAAAA;1066AAAAAAAAAAAAAAAAAAAAAAAAAAAAAAAA,,1,1
c92b24c6-bf40-4e74-bb38-16954b1fd676,,,"Current medication, free text",,Medication,Question,Text,,,1,1
e0012af2-5b2f-491a-a6dd-e85afb3f4543,,,Medication adherence level,,Medication Adherence,Question,Coded,159405AAAAAAAAAAAAAAAAAAAAAAAAAAAAAA;159407AAAAAAAAAAAAAAAAAAAAAAAAAAAAAA;46969e18-a3c4-4fcc-ba87-907917ac0986,,1,1
0e0ae274-5a8c-4e39-80c9-114c42f01b3a,,,"Medication side effects, narrative description",,Medication Side Effects,Question,Text,,,1,1
a08b1655-0250-4481-b942-7da5c6512b82,,,Medication adjustment made,,Medication adjustment,Question,Coded,1065AAAAAAAAAAAAAAAAAAAAAAAAAAAAAAAA;1066AAAAAAAAAAAAAAAAAAAAAAAAAAAAAAAA,,1,1
427e1f22-a7f3-418c-9c8a-f3e03211bc6e,,,"Memory, mental status examination",,Memory,Question,Coded,7acf2842-fb7d-4c80-8e86-5e84615cf7a8;a6d00512-9786-45d6-8886-be160acfd5d4,,1,1
c75666b2-4c79-47ac-944c-bb1e1d5b15a1,,,Memory (text),,Memory,Question,Text,,,1,1
ba86483e-6cf4-48f2-925b-4395a05cbad9,,,Memory and Recall Ability,,Memory and Recall Ability,Question,Coded,1499AAAAAAAAAAAAAAAAAAAAAAAAAAAAAAAA;750c7a46-03f0-4cba-aa58-f5dc0efca955;78696882-91bd-43b1-b86f-c83b7e7f1c44,,1,1
34a0514f-92c6-4bd1-ab67-acecf7173ff2,,,Meningeal Signs,,Meningeal Signs,Question,Coded,664AAAAAAAAAAAAAAAAAAAAAAAAAAAAAAAAA;703AAAAAAAAAAAAAAAAAAAAAAAAAAAAAAAAA,,1,1
3e05d98a-776a-4b72-9a91-ba34cfb0131b,,,Meningeal sign,,Meningeal sign,Question,Coded,664AAAAAAAAAAAAAAAAAAAAAAAAAAAAAAAAA;703AAAAAAAAAAAAAAAAAAAAAAAAAAAAAAAAA,,1,1
b913f3ea-f604-4041-89d9-bc1d7ac8e93c,,,Mental Health Concern,,Mental Health Concern,Question,Coded,1065AAAAAAAAAAAAAAAAAAAAAAAAAAAAAAAA;1066AAAAAAAAAAAAAAAAAAAAAAAAAAAAAAAA,,1,1
b7740d04-40ae-4778-bb83-7ec2b3c72e33,,,Mental illness,,Mental illness,Question,Coded,1065AAAAAAAAAAAAAAAAAAAAAAAAAAAAAAAA;1066AAAAAAAAAAAAAAAAAAAAAAAAAAAAAAAA,,1,1
a099b881-d26c-44da-a276-5d6d083d9b6c,,,Mental illness in family,,Mental illness in family,Question,Coded,1065AAAAAAAAAAAAAAAAAAAAAAAAAAAAAAAA;1066AAAAAAAAAAAAAAAAAAAAAAAAAAAAAAAA,,1,1
50676ecd-52dd-48d9-b1ae-38f925b09e67,,,Milestones,,Milestones,Question,Text,,,1,1
5e73193d-a8ad-48cd-80f0-7c13b17f24dd,,,Mobility Status,,Mobility Status,Question,Coded,46969e18-a3c4-4fcc-ba87-907917ac0986;91f73c81-b99c-49eb-ab71-e8893814cfab;d444fd09-b6a1-477c-bf73-000cf877ac2a,,1,1
f48939f2-8c95-4b05-a535-af8a63425905,,,Monitoring Required (text),,Monitoring Required,Question,Text,,,1,1
fa747c79-cd17-4c89-9ae3-65cab085bb91,,,"Mood, mental status examination",,Mood,Question,Coded,27f67e09-0a71-497c-a73c-a1c23e9c9770;40d60fa7-47b0-46a0-a4d4-2f040014dc80;5622AAAAAAAAAAAAAAAAAAAAAAAAAAAAAAAA;8a09ea33-6afe-4e98-857e-045e47b07ab6;b0981c4c-bf20-446e-94b8-28ef84c2c807;c3fcb551-08f3-41bb-8b45-813addf03eb5,,1,1
2e4a2e73-618c-49e1-b6d3-658328cb9da5,,,Mood Other (Specify),,Mood Other (Specify),Question,Text,,,1,1
20b1ef67-61fc-4b55-8de8-f27c6aa27f70,,,Mood and affect,,Mood and affect,Question,Text,,,1,1
a65c8737-e245-4cba-892e-87fcd55f6a0f,,,Motivation for recovery level,,Motivation for Recovery,Question,Coded,1499AAAAAAAAAAAAAAAAAAAAAAAAAAAAAAAA;693f4784-9933-4a3b-856e-6ccaa382247f;acddd261-594a-4c15-9d78-f8c98ffa9470,,1,1
7ceee4cd-08c0-4e81-b013-d0ef73e7938d,,,Motor Activity,,Motor Activity,Question,Coded,1115AAAAAAAAAAAAAAAAAAAAAAAAAAAAAAAA;1d460eb3-c9f0-469c-86bb-1bdac581395c;3cc851e5-6fbe-4515-97df-0064c0241e11;4b102da6-13cb-45ed-b708-650c1e517141,,1,1
0f2281fe-9ffd-4176-b6c2-d8f4fadfc66d,,,Motor Coordination,,Motor Coordination,Question,Coded,159407AAAAAAAAAAAAAAAAAAAAAAAAAAAAAA;b03764e6-2bf8-4789-b48b-4e4b7485313b;d444fd09-b6a1-477c-bf73-000cf877ac2a,,1,1
e450cbdc-4687-4c57-be6a-5cf428a0a1a3,,,Motor Seizure Duration,,Motor Seizure Duration,Question,Numeric,,,1,1
394e4041-5539-4e00-854e-8e1495a6af0e,,,Muscle Relaxant - Dose,,Muscle Relaxant - Dose,Question,Text,,,1,1
3cc06298-75f5-4679-8085-2697c9754abd,,,Muscle Relaxant - Medication,,Muscle Relaxant - Medication,Question,Text,,,1,1
3a9e54fc-1019-4858-a586-f8648a22670a,,,Muscle Relaxant - Route,,Muscle Relaxant - Route,Question,Coded,,,1,1
18159e12-4030-404b-a06b-b367b43cc83e,,,Muscle Relaxant - Time Given,,Muscle Relaxant - Time Given,Question,Datetime,,,1,1
f2dd7bb1-ba2b-40fe-9ebd-f38939c68d0b,,,Muscle twitches,,Muscle twitches,Question,Coded,cfa09fb3-fb52-4225-a922-fa475a9272a9;d1900105-e6a1-49ef-8f97-b5ccb2fe8619,,1,1
059aa3fa-4420-4932-b78c-fbdd57d0dbb8,,,"Muscles of Facial Expression (e.g., movements of forehead, eyebrows, periorbital area, cheeks, including frowning, blinking, smiling, grimacing)",,"Muscles of Facial Expression (e.g., movements of forehead, eyebrows, periorbital area, cheeks, including frowning, blinking, smiling, grimacing)",Question,Coded,265ec950-3744-435e-9d5a-3b0e1c89ac3b;78503633-3d69-42fa-9776-faf7a2e1da9b;93582f48-936b-49a8-b1ba-4916625404bd;93d98807-89b8-4a7b-9938-86283841c592;b5c4f7ce-1cbc-41f8-bef5-cc86845f5096,,1,1
fba209e8-cc4d-4851-ae85-c90a50250842,,,Musculoskeletal,,Musculoskeletal,Question,Text,,,1,1
51c17fc8-9778-455c-bdc8-09973c625e36,,,"Musculoskeletal examination, narrative findings",,Musculoskeletal System,Question,Text,,,1,1
6d999a2a-dba0-4451-94b6-4c932581afd5,,,Mydriasis,,Mydriasis,Question,Coded,8c8586eb-19a6-47a9-bbe2-a83d0baff942;d1900105-e6a1-49ef-8f97-b5ccb2fe8619,,1,1
e3b2b7b3-1bff-4595-ad5b-3f37f68e322c,,,NPO Status Confirmed,,NPO Status Confirmed,Question,Coded,1065AAAAAAAAAAAAAAAAAAAAAAAAAAAAAAAA;1066AAAAAAAAAAAAAAAAAAAAAAAAAAAAAAAA,,1,1
6db17571-2573-417b-bdc7-b3831b684807,,,Name of Physician,,Name of Physician,Question,Text,,,1,1
38e50167-1fb5-4d3e-997e-3a67535e91cf,,,Name of institution,,Name of institution,Question,Text,,,1,1
f802b1c3-5f9e-48bd-8ad6-1d1ad228990b,,,Nausea and vomiting (withdrawal assessment scale),,Nausea and Vomiting,Question,Coded,4428799f-e0fe-41b0-9d63-af6f4262fbbf;4ecc593f-9bf1-46af-b35b-855710706917;83c81e40-7c95-4372-ae8a-1de542d91534;e533564d-0713-42e4-aeb9-6eb28c278385,,1,1
e9339bda-6a1c-4ff6-9bc9-bf412f519c5b,,,"Neck, shoulders, hips (e.g., rocking, twisting, squirming, pelvic gyrations)",,"Neck, shoulders, hips (e.g., rocking, twisting, squirming, pelvic gyrations)",Question,Coded,265ec950-3744-435e-9d5a-3b0e1c89ac3b;78503633-3d69-42fa-9776-faf7a2e1da9b;93582f48-936b-49a8-b1ba-4916625404bd;93d98807-89b8-4a7b-9938-86283841c592;b5c4f7ce-1cbc-41f8-bef5-cc86845f5096,,1,1
2d6ef41f-a4c3-4435-a2f9-3be4122382ca,,,Neurological condition,,Neurological condition,Question,Coded,1065AAAAAAAAAAAAAAAAAAAAAAAAAAAAAAAA;1066AAAAAAAAAAAAAAAAAAAAAAAAAAAAAAAA,,1,1
826116e0-ead4-4a4e-b11c-0c2a73a81b48,,,New interventions,,New interventions,Question,Text,,,1,1
495acbe0-cfe3-4231-99a4-a7ac32c2886a,,,Next Appointment Date,,Next Appointment Date,Question,Date,,,1,1
168c1f77-9ffd-4b9b-a5a8-c58ee2d2e5b2,,,Pulse palpation check,,Non palpable,Question,Coded,9f0f09c7-7e54-4b3e-8c9f-d1eed1c67480,,1,1
75980fcc-0ddb-41a7-bec9-87138e4928c1,,,Note,,Note,Question,Text,,,1,1
78bb5fbf-4702-4143-8c2f-8d08e7304150,,,Notification Time,,Notification Time,Question,Datetime,,,1,1
61eea548-3ef9-47a9-8f57-6a616614823f,,,Nursing Diagnoses,,Nursing Diagnoses,Question,Text,,,1,1
1c6bba47-28b0-44d0-a6fa-a793df238122,,,Nursing Psycho-education Note,,Nursing Psycho-education Note,Question,Text,,,1,1
b80b0dc5-6a84-4b51-a453-d7620661d078,,,"Objective findings, narrative description",,Objective Findings,Question,Text,,,1,1
92a0a836-c5c5-4b88-87a5-20253b5cc261,,,Occupation skills,,Occupation skills,Question,Coded,249a137c-c05d-4acc-843b-2392132f6a5f;7acf2842-fb7d-4c80-8e86-5e84615cf7a8,,1,1
aab5bc8e-31e5-4d2f-ac18-bfa1c4581864,,,"Orientation, mental status examination",,Orientation,Question,Coded,1c4f3893-7991-4292-a06f-af9fda1a2b6b;4725fae8-d299-4f5a-aabd-883d6ebbdda9;713824d0-0295-4e15-ba87-ef8dc55d2891;7acf2842-fb7d-4c80-8e86-5e84615cf7a8;a6d00512-9786-45d6-8886-be160acfd5d4,,1,1
96eb3625-20ee-484f-90dc-1939acecffe9,,,Orientation (text),,Orientation,Question,Text,,,1,1
83aa23e4-d0aa-4564-9b10-d57e3f0cd238,,,Orientation and Clouding of Sensorium,Orientation and Clouding of Sensori,Orientation and Clouding of Sensorium,Question,Coded,10912ec7-d2f5-43cd-a64b-bb000a4bf7cf;3e3efdcc-33e9-41e6-8516-47cd70b187bf;660a6640-cc83-4a36-98a8-4d12799ceb85;9456e518-49e1-4e60-ba47-2d95b61855ca;e165d582-e691-4311-8bc2-0a0cfd812544,,1,1
fb621190-c127-4e75-84a8-5db523343058,,,Other High-Risk Use,,Other High-Risk Use,Question,Text,,,1,1
f92cd6ac-fd38-4c23-81e0-27da26a0a7dc,,,Other Medications - Dose,,Other Medications - Dose,Question,Text,,,1,1
bc5f9db1-c984-4727-87b4-08022731801e,,,Other Medications - Frequency,,Other Medications - Frequency,Question,Coded,,,1,1
90eaee4b-1ac1-4b59-be67-997fd7b588cc,,,Other Medications - Medication,,Other Medications - Medication,Question,Text,,,1,1
374668f2-b94f-43ca-b3c6-148cd404f45d,,,Other Medications - Route,,Other Medications - Route,Question,Coded,,,1,1
76170f4e-006b-4e0c-b1ca-2fffaa483038,,,Other Substance,,Other Substance,Question,Text,,,1,1
e4eb3efc-7bae-4e00-9425-c7fafc7f3ca0,,,Others (text),,Others,Question,Text,,,1,1
9a1b8a61-9305-4d8e-9629-fa50fc846957,,,Overall Physical Health Status,,Overall Physical Health Status,Question,Coded,159405AAAAAAAAAAAAAAAAAAAAAAAAAAAAAA;159406AAAAAAAAAAAAAAAAAAAAAAAAAAAAAA;159407AAAAAAAAAAAAAAAAAAAAAAAAAAAAAA;164076AAAAAAAAAAAAAAAAAAAAAAAAAAAAAA,,1,1
deb0dfa2-dd8f-4f0e-a462-fbd0a1b865d9,,,Overdose Risk,,Overdose Risk,Question,Coded,1499AAAAAAAAAAAAAAAAAAAAAAAAAAAAAAAA;693f4784-9933-4a3b-856e-6ccaa382247f;acddd261-594a-4c15-9d78-f8c98ffa9470,,1,1
0a1b6af2-5fa3-40b2-858a-791c237b44af,,,Oxygen Delivery,,Oxygen Delivery,Question,Coded,02ef98f2-06a0-4282-bb7b-f83765495696;162735AAAAAAAAAAAAAAAAAAAAAAAAAAAAAA;2caaf622-fb39-4a02-8d9f-35900d5605cf;326e8ff2-cb5e-4cc5-beac-bb38e493fec1;6616f57c-0dc8-441d-88e7-4197a2ced454;81341AAAAAAAAAAAAAAAAAAAAAAAAAAAAAAA;8ef9cb2d-96e6-45c6-9c4e-fd8df821c0ee,,1,1
ac21a619-68c5-47e6-9b56-cc897dc964c1,,,Oxygen Flow Rate,,Oxygen Flow Rate,Question,Numeric,,,1,1
6afa667e-f345-4f0b-afc3-aa5d42f6522d,,,Oxygen Liter (Nasal Oxygen),,Oxygen Liter (Nasal Oxygen),Question,Numeric,,,1,1
54385c49-43f8-41df-bd58-4f92c36a6735,,,Oxygen Saturation,,Oxygen Saturation,Question,Numeric,,,1,1
da997e06-1786-4dfd-9d84-07788b1d9496,,,Oxygen Source,,Oxygen Source,Question,Coded,162735AAAAAAAAAAAAAAAAAAAAAAAAAAAAAA;81341AAAAAAAAAAAAAAAAAAAAAAAAAAAAAAA,,1,1
bd8288fd-223b-4bbb-a1e5-16be65c75c74,,,Pain intensity rating scale,,Pain Score,Question,Numeric,,,1,1
a20427de-e469-48bb-b100-36263479ee70,,,Paroxysmal Sweats,,Paroxysmal Sweats,Question,Coded,68747763-a749-43b4-a31c-53f22ea1475b;7ff733bc-2fe0-43bd-be1d-4e66b9410cf2;a1eb9855-cad1-47f6-9642-7fbcf238093a;f9d5e01b-4c03-4a07-9660-80292c82101c,,1,1
ae6b1935-445c-494c-9ef7-d5fd3a5dd3c7,,,Participation,,Participation,Question,Coded,1499AAAAAAAAAAAAAAAAAAAAAAAAAAAAAAAA;159405AAAAAAAAAAAAAAAAAAAAAAAAAAAAAA;159407AAAAAAAAAAAAAAAAAAAAAAAAAAAAAA,,1,1
8b49de81-dd55-4815-824e-469c0bc883fc,,,Participation in therapy,,Participation in therapy,Question,Coded,7fa2d574-5f17-4595-9e8a-8e75dcfdef2b;f172a581-9d3f-4d01-ae4b-99ff1b943127;f7e08750-8385-41c6-95c7-86f3b29c0b97,,1,1
83696d63-337c-41e8-aaf4-912110b3cd0c,,,Past Psychiatry illness,,Past Psychiatry illness,Question,Coded,1065AAAAAAAAAAAAAAAAAAAAAAAAAAAAAAAA;1066AAAAAAAAAAAAAAAAAAAAAAAAAAAAAAAA,,1,1
b571b3a4-96f4-4b93-92bb-92cba7324474,,,Past Psychiatry illness (specify),,Past Psychiatry illness (specify),Question,Text,,,1,1
27e8232c-a18a-4325-83c9-652714f111e0,,,Past Suicide Behavior,,Past Suicide Behavior,Question,Coded,022705f6-ca57-48d1-ba41-a79824043fec;920e3b34-86b7-4943-a83e-73696fa0c5ac;9d56f1c9-e83b-4d5d-8c80-b179981402f9;aa89f5ec-6d2c-4b82-b673-8797f24290f8,,1,1
8f2a492e-7d6d-4fe9-92d4-7a117e27fffb,,,"Past medical history, narrative description",,Past medical history,Question,Text,,,1,1
b9f76c01-973a-4f2b-927e-b7439b449ad6,,,"Past psychiatric history, narrative description",,Past psychiatric history,Question,Text,,,1,1
e9739b23-b803-4a4f-a8ef-7f7883596752,,,Past psychiatry history,,Past psychiatry history,Question,Text,,,1,1
1c571e21-4180-4dd0-8a59-5f5b5de0be50,,,Patient Condition After Incident,,Patient Condition After Incident,Question,Coded,06398754-8865-4004-805e-926636d6d6c2;159AAAAAAAAAAAAAAAAAAAAAAAAAAAAAAAAA;162679AAAAAAAAAAAAAAAAAAAAAAAAAAAAAA;162677AAAAAAAAAAAAAAAAAAAAAAAAAAAAAA;5622AAAAAAAAAAAAAAAAAAAAAAAAAAAAAAAA;823f1bb8-bfab-45c5-9aa7-c59cb0fc853e;8bc2e752-a1a7-4426-929d-43f228c2f74d,,1,1
f093e561-7fd3-4ceb-ace5-28a45d974b85,,,"Patient Condition After Incident - Other, specify",Patient Condition After Incident - ,"Patient Condition After Incident - Other, specify",Question,Text,,,1,1
09c565f5-92fd-4846-81ae-95317d91e7a6,,,Patient's awareness of abnormal movements (Rate only the client's report),,Patient's awareness of abnormal movements (Rate only the client's report),Question,Coded,265ec950-3744-435e-9d5a-3b0e1c89ac3b;78503633-3d69-42fa-9776-faf7a2e1da9b;93582f48-936b-49a8-b1ba-4916625404bd;93d98807-89b8-4a7b-9938-86283841c592;b5c4f7ce-1cbc-41f8-bef5-cc86845f5096,,1,1
b4573e8a-08ba-4400-8a07-86e22d67ab52,,,Patient(s),,Patient(s),Question,Text,,,1,1
0fa98728-8b47-4720-b5a1-6c099d51a0e5,,,Pattern of substance use (initial assessment),,Pattern,Question,Coded,598db71a-a96f-4129-9a97-aca0624f2e15;6755b785-1a7c-4c5f-b650-3f0e2d37c691;a107f732-a494-47c8-add4-96dc3eec44ed,,1,1
893dbb32-ae0e-48fc-818d-de7600de6b8a,,,Pattern of substance use (follow-up),,Pattern of Use,Question,Coded,1099AAAAAAAAAAAAAAAAAAAAAAAAAAAAAAAA;598db71a-a96f-4129-9a97-aca0624f2e15;6755b785-1a7c-4c5f-b650-3f0e2d37c691,,1,1
6a189a16-e897-4105-a59e-c50832a93885,,,"Perception, mental status examination",,Perception,Question,Coded,1107AAAAAAAAAAAAAAAAAAAAAAAAAAAAAAAA;3539231e-97bf-4f99-96de-74ac37617e7b;425cf922-cfca-4696-92e2-d43fa99b3fb0;5622AAAAAAAAAAAAAAAAAAAAAAAAAAAAAAAA;c602b6f9-fd14-4af3-80db-47ebdc981ed4,,1,1
49f11714-4eb4-4b28-bda6-9859cc253323,,,Perception Other (Specify),,Perception Other (Specify),Question,Text,,,1,1
54830751-f482-46d4-b560-fbc36aabea0d,,,Persons Notified,,Persons Notified,Question,Coded,5598dd37-4640-4b14-a5dc-fff394b65aa8;5622AAAAAAAAAAAAAAAAAAAAAAAAAAAAAAAA;591f70d7-2766-4dee-8dc5-68c7264585e3;64cf4f9f-45a7-4bde-a6fe-ca130172d2f0;8617f1ec-56dc-45e5-b3ed-76e3cbe808d7;8bf06daf-950f-408c-a562-7ee344211e83;aba6997d-82bf-4221-8bce-767e159123e9;c9ea5e58-6f10-484a-88f9-075fa641c018,,1,1
5a7894d7-577b-44e7-984b-2cf670e4ce73,,,"Persons Notified - Other, specify",,"Persons Notified - Other, specify",Question,Text,,,1,1
aedf2abe-5d87-45b9-9190-4d1dbfa15f1c,,,Perspiration,,Perspiration,Question,Coded,cfa09fb3-fb52-4225-a922-fa475a9272a9;d1900105-e6a1-49ef-8f97-b5ccb2fe8619,,1,1
4072ec96-491d-4565-9ade-f056c672f630,,,Physical aggression,,Physical aggression,Question,Coded,1065AAAAAAAAAAAAAAAAAAAAAAAAAAAAAAAA;1066AAAAAAAAAAAAAAAAAAAAAAAAAAAAAAAA,,1,1
6d836032-7537-448d-89e7-c947cf7205cb,,,Physical complaints,,Physical complaints,Question,Text,,,1,1
50e15bf0-b4e8-446e-bb31-a19f2884b316,,,Physical examination,,Physical examination,Question,Text,,,1,1
e1b72878-8597-4a70-8bc6-97fccc3f059e,,,Piloerection (observe arm),,Piloerection (observe arm),Question,Coded,cfa09fb3-fb52-4225-a922-fa475a9272a9;d1900105-e6a1-49ef-8f97-b5ccb2fe8619,,1,1
b5e06c49-97c2-4b2b-a4db-ae6dba331d07,,,Plan / revised plan,,Plan / revised plan,Question,Text,,,1,1
a688007c-0fab-468f-9c58-abc63832ef5a,,,Plan for Harm,,Plan for Harm,Question,Coded,42d66530-ea55-45c5-86c2-b43079420c8b;9a19e347-6aae-41cb-bbe4-3a786e4e118f;fe99cf75-7b4e-4910-b5a0-8f8cd111c4fe,,1,1
c78a3ced-552d-4dd1-8986-6d2515ee825e,,,Plan for Harm - Means,,Plan for Harm - Means,Question,Text,,,1,1
8f429942-c676-4e61-a9c3-cdcce82457c3,,,Plan for Harm - Method,,Plan for Harm - Method,Question,Text,,,1,1
bed7b0ba-a8a2-49db-9f14-c03d26a6ddb0,,,Plan for Harm - Time,,Plan for Harm - Time,Question,Datetime,,,1,1
6002e744-d6dd-4407-833b-aa397cd64b78,,,Plan for Next Session,,Plan for Next Session,Question,Text,,,1,1
6e788229-fb07-4c2d-a61e-0eacda0d4f4f,,,Planning,,Planning,Question,Text,,,1,1
584c44e6-fd24-47b6-b9eb-1dc8dbf6f5fc,,,Post-ECT Blood Pressure Diastolic,,Post-ECT Blood Pressure Diastolic,Question,Numeric,,,1,1
65602fbd-26a3-4fdf-b8b1-e54a378196fb,,,Post-ECT Blood Pressure Systolic,,Post-ECT Blood Pressure Systolic,Question,Numeric,,,1,1
a094c5f0-ec2f-46f0-98a7-57dc59c0232f,,,Post-ECT Complication,,Post-ECT Complication,Question,Coded,1065AAAAAAAAAAAAAAAAAAAAAAAAAAAAAAAA;1066AAAAAAAAAAAAAAAAAAAAAAAAAAAAAAAA,,1,1
95cb7fda-9ed8-40e2-8cfc-89f5d64f78b4,,,"Post-ECT Complications - Other, specify","Post-ECT Complications - Other, spe","Post-ECT Complications - Other, specify",Question,Text,,,1,1
174ba258-53cf-4e62-90ac-355aadf273ce,,,Post-ECT Pulse Rate,,Post-ECT Pulse Rate,Question,Numeric,,,1,1
6c1531d9-3e3f-4c74-a06a-8d8380e348c3,,,Post-ECT Respiratory Rate,,Post-ECT Respiratory Rate,Question,Numeric,,,1,1
a9d2226d-4868-461d-9918-378b3de27b93,,,Post-ECT SpO₂,,Post-ECT SpO₂,Question,Numeric,,,1,1
df24952f-da5a-4e24-9950-ad53cc2cf09f,,,Post-ECT Temperature,,Post-ECT Temperature,Question,Numeric,,,1,1
00ae94cc-f245-424d-915f-f14508551fa5,,,Pre-treatment Laboratory Results - Blood Glucose,Pre-treatment Laboratory Results - ,Pre-treatment Laboratory Results - Blood Glucose,Question,Text,,,1,1
510e0b8f-9b03-4c24-8867-345b551da380,,,Pre-treatment Laboratory Results - CBC,Pre-treatment Laboratory Results - ,Pre-treatment Laboratory Results - CBC,Question,Text,,,1,1
d1e20adb-b510-465c-ab19-f2182d80b337,,,Pre-treatment Laboratory Results - Electrolytes,Pre-treatment Laboratory Results - ,Pre-treatment Laboratory Results - Electrolytes,Question,Text,,,1,1
e433fade-f937-4537-b153-8120bd49fcff,,,Pre-treatment Laboratory Results - Liver Function,Pre-treatment Laboratory Results - ,Pre-treatment Laboratory Results - Liver Function,Question,Text,,,1,1
b6bf5efc-9713-48f6-a16b-7a418f26db49,,,Pre-treatment Laboratory Results - Pregnancy Test (if applicable),Pre-treatment Laboratory Results - ,Pre-treatment Laboratory Results - Pregnancy Test (if applicable),Question,Text,,,1,1
01d86c86-5394-45b2-8bf3-6898545c3f19,,,Pre-treatment Laboratory Results - Renal Function,Pre-treatment Laboratory Results - ,Pre-treatment Laboratory Results - Renal Function,Question,Text,,,1,1
9deb95c9-9120-47c7-98f0-f477ee538346,,,Pregnancy and labor,,Pregnancy and labor,Question,Text,,,1,1
7a852b08-36b9-4921-95c7-6c02d4de075b,,,Premorbid Personality,,Premorbid Personality,Question,Coded,185984d1-5d94-4fa9-ab15-96632e039daf;40d60fa7-47b0-46a0-a4d4-2f040014dc80;5ec51542-6a40-4f25-8654-6af7628002a9;91c35190-6651-46a4-9eb8-409c4a5cf007;bdddc06d-89b8-4b08-ad37-58ef85cb1c54;cfe9c43d-7b07-4b41-b1a6-d963a893785e;eefab079-0416-4412-9c36-7aca9d6b17e9,,1,1
8a3f0c5f-d576-4ea2-bf05-a9e996e42e92,,,"Premorbid Personality - Others, Specify","Premorbid Personality - Others, Spe","Premorbid Personality - Others, Specify",Question,Text,,,1,1
a31b4eec-a015-41c8-915d-5145082114c0,,,Presence of Disruptive Behaviors,,Presence of Disruptive Behaviors,Question,Coded,1498AAAAAAAAAAAAAAAAAAAAAAAAAAAAAAAA;163747AAAAAAAAAAAAAAAAAAAAAAAAAAAAAA;a91d2ae3-a7ff-47df-bf9d-0048b6888432,,1,1
b297fa28-ce24-4e93-8b0f-b2829f7738e7,,,Presence of Pain or Physical Discomfort,Presence of Pain or Physical Discom,Presence of Pain or Physical Discomfort,Question,Coded,1498AAAAAAAAAAAAAAAAAAAAAAAAAAAAAAAA;1500AAAAAAAAAAAAAAAAAAAAAAAAAAAAAAAA;163747AAAAAAAAAAAAAAAAAAAAAAAAAAAAAA,,1,1
1dea1ab1-9b5f-44de-a828-c9b46c5ae29e,,,Presenting Problems,,Presenting Problems,Question,Text,,,1,1
d0e2751a-95d3-4eb8-9b22-7bb2cbfc97ad,,,Preventive Measures,,Preventive Measures,Question,Text,,,1,1
58ce2f22-c7bc-4c95-9d22-cd2a887d8da5,,,Previous ECT Details,,Previous ECT Details,Question,Text,,,1,1
e63923bc-f308-41ff-a3de-60687b47fe0b,,,Previous ECT History,,Previous ECT History,Question,Coded,1065AAAAAAAAAAAAAAAAAAAAAAAAAAAAAAAA;1066AAAAAAAAAAAAAAAAAAAAAAAAAAAAAAAA,,1,1
6e64f351-13a3-45f8-b077-f8d9b37b749c,,,Previous admission,,Previous admission,Question,Coded,1065AAAAAAAAAAAAAAAAAAAAAAAAAAAAAAAA;1066AAAAAAAAAAAAAAAAAAAAAAAAAAAAAAAA,,1,1
16b70226-74f0-4610-9892-4eb75cfe4f0c,,,Previous mental illness,,Previous mental illness,Question,Coded,1065AAAAAAAAAAAAAAAAAAAAAAAAAAAAAAAA;1066AAAAAAAAAAAAAAAAAAAAAAAAAAAAAAAA,,1,1
5fc7dc23-c8a3-4b27-926b-3654b05fa72b,,,Previous psychiatric treatment received,,Previous treatment,Question,Coded,1065AAAAAAAAAAAAAAAAAAAAAAAAAAAAAAAA;1066AAAAAAAAAAAAAAAAAAAAAAAAAAAAAAAA,,1,1
9ed84ea5-1ebc-40c4-8f70-6ef87a74e5a8,,,Primary diagnosis (initial impression),,Primary,Question,Text,,,1,1
f57a9e57-be46-471c-9c82-0d9a4b588d83,,,"Primary diagnosis, narrative description",,Primary Diagnosis,Question,Text,,,1,1
0dad8294-78c6-4501-976d-8e9dc1f89ae1,,,Primary psychosocial problem,,Primary Problem,Question,Coded,096cbb4d-4a2a-433a-8faf-24d12c962d58;290d3ab5-f683-402b-9de7-5a275520343a;89cc92e0-bc39-4b89-899b-39dba3daacaf;9dbbbbd8-2cf2-4217-9470-97651aaa6fd2,,1,1
81a3b426-2963-4431-8894-588969a05a9c,,,Primary Substance,,Primary Substance,Question,Coded,380069fd-def8-4bcf-93a8-b3a745088442;5622AAAAAAAAAAAAAAAAAAAAAAAAAAAAAAAA;61a5eb23-2e80-4699-b1ec-c2bcc3ba176a;cd15152c-33c8-4aa9-9b25-10e284ad785c;e7f587b5-1578-4b33-afe1-ab82c8100819;f9744e3e-b394-4f56-85b2-08be1447a8b9,,1,1
f74add8e-4b2c-4dfc-b678-f8e077b1dd0d,,,Primary Substance Use Disorder,,Primary Substance Use Disorder,Question,Text,,,1,1
7ab4363d-7aa9-4fe7-a2e1-6e53c3c67c59,,,Primary addiction,,Primary addiction,Question,Coded,380069fd-def8-4bcf-93a8-b3a745088442;5622AAAAAAAAAAAAAAAAAAAAAAAAAAAAAAAA;56c2d8b2-62a0-4921-87cf-6b1fb08dddc1;61a5eb23-2e80-4699-b1ec-c2bcc3ba176a;c4b40dc8-bcee-4e67-aee6-f7dc7ecaa26c;cd15152c-33c8-4aa9-9b25-10e284ad785c;e7f587b5-1578-4b33-afe1-ab82c8100819;f9744e3e-b394-4f56-85b2-08be1447a8b9,,1,1
28d5888e-ffcc-4a3e-9c16-8b170794bba1,,,"Primary addiction (Other, specify)",,"Primary addiction (Other, specify)",Question,Text,,,1,1
77bd6c40-0e5b-45e8-b2bf-923f3e8bf4f5,,,Problem-Solving and Critical Thinking Skills,Problem-Solving and Critical Thinki,Problem-Solving and Critical Thinking Skills,Question,Coded,1499AAAAAAAAAAAAAAAAAAAAAAAAAAAAAAAA;159407AAAAAAAAAAAAAAAAAAAAAAAAAAAAAA;693f4784-9933-4a3b-856e-6ccaa382247f,,1,1
cfd98ff7-cbe3-4dc8-8987-291ba8fb5ec5,,,Procedure Date,,Procedure Date,Question,Date,,,1,1
ef7db5f7-ee61-448e-859c-b42bad8dc0f4,,,Property damage reported,,Property Damage,Question,Coded,1065AAAAAAAAAAAAAAAAAAAAAAAAAAAAAAAA;1066AAAAAAAAAAAAAAAAAAAAAAAAAAAAAAAA,,1,1
7b1e55f2-5580-492e-b046-0cbe4cf40c21,,,Property Damage Description,,Property Damage Description,Question,Text,,,1,1
d327b25f-6426-4e25-a020-6ab37eb8c5c4,,,Psychiatric history present,,Psychiatric History,Question,Coded,1065AAAAAAAAAAAAAAAAAAAAAAAAAAAAAAAA;1066AAAAAAAAAAAAAAAAAAAAAAAAAAAAAAAA,,1,1
c4b0de3e-a2db-4a81-82ed-55d67ed1b7d3,,,Psychiatric History Details,,Psychiatric History Details,Question,Text,,,1,1
31d7f6b0-b244-4d1e-902d-2bec2f14ad3e,,,Psychiatry Note,,Psychiatry Note,Question,Text,,,1,1
7f6cb139-e294-40b4-afcf-da56c96049f5,,,Psychomotor behavior and activity level,Psychomotor behavior and activity l,Psychomotor behavior and activity level,Question,Text,,,1,1
e2456cf4-29c2-4398-8372-128275841178,,,Pulse Width,,Pulse Width,Question,Numeric,,,1,1
d625a568-d151-458a-b1e0-68068e0abfc9,,,Pulse irregularity type,,Pulse irregularity type,Question,Coded,2167bf41-8839-4ef7-ae8b-06b605d762ef;3f20305f-ef44-40ff-b7c0-9c6fa7a29b10,,1,1
926d5ab3-9dff-436d-bfd0-0e2bfe072434,,,Pulse non-palpable,,Pulse non-palpable,Question,Coded,9f0f09c7-7e54-4b3e-8c9f-d1eed1c67480,,1,1
bc45acaa-11c5-4e0e-8060-2e28cf11e6fc,,,Pulse volume,,Pulse volume,Question,Coded,750c7a46-03f0-4cba-aa58-f5dc0efca955;78696882-91bd-43b1-b86f-c83b7e7f1c44,,1,1
3703ac87-755e-4e8c-b23b-145065a63cbd,,,Qualification,,Qualification,Question,Text,,,1,1
44b1cd22-59ef-493d-a394-e795d2add940,,,Readiness for discharge,,Readiness for discharge,Question,Coded,1065AAAAAAAAAAAAAAAAAAAAAAAAAAAAAAAA;1066AAAAAAAAAAAAAAAAAAAAAAAAAAAAAAAA,,1,1
f35a0d7b-645f-43fe-a151-22954fd0eb9b,,,Recent Overdose,,Recent Overdose,Question,Coded,1065AAAAAAAAAAAAAAAAAAAAAAAAAAAAAAAA;1066AAAAAAAAAAAAAAAAAAAAAAAAAAAAAAAA,,1,1
9010e5ce-c014-4806-8cbc-654575328194,,,Recent Substance Use,,Recent Substance Use,Question,Coded,1065AAAAAAAAAAAAAAAAAAAAAAAAAAAAAAAA;1066AAAAAAAAAAAAAAAAAAAAAAAAAAAAAAAA,,1,1
5acbf421-d912-4de7-9010-0c040eadf79c,,,Recommended Therapeutic Interventions,Recommended Therapeutic Interventio,Recommended Therapeutic Interventions,Question,Coded,022bddb4-4acc-4460-ba23-06cce66cdbe4;159364AAAAAAAAAAAAAAAAAAAAAAAAAAAAAA;160130AAAAAAAAAAAAAAAAAAAAAAAAAAAAAA;186ce776-7ae1-4db7-b988-6821b38d52ed;3301f8b0-5f59-49c2-8f9f-dbde6d9a3838;3ab362da-0a95-448e-8027-565090e2dde3;5d9e7003-3b3d-434b-88a4-dd4487411675;7d4f3f32-5217-40a9-8a25-ad24e20ca50f,,1,1
be6b6086-e5d4-4fbd-b7b2-cba0b4535c0a,,,Recovery Time,,Recovery Time,Question,Numeric,,,1,1
6151848d-94a1-4b7c-9d81-90ea62c1c48d,,,Referral from,,Referral from,Question,Coded,5622AAAAAAAAAAAAAAAAAAAAAAAAAAAAAAAA;68dedea1-f219-429b-9815-e33c50484ed7;eb900158-27a3-4995-9a82-459779a8b020,,1,1
dcfabb10-9ad2-4082-ac81-1f8cce51e757,,,Referral source (specify),,Referral source (specify),Question,Text,,,1,1
db5a3d93-4a88-4b16-a1b8-909818d0c57e,,,Referred to Medical Care,,Referred to Medical Care,Question,Coded,1065AAAAAAAAAAAAAAAAAAAAAAAAAAAAAAAA;1066AAAAAAAAAAAAAAAAAAAAAAAAAAAAAAAA,,1,1
d0a43ed7-0ff3-4af6-a68c-b7fba9dad467,,,Refusal of feed/medication,,Refusal of feed/medication,Question,Coded,1065AAAAAAAAAAAAAAAAAAAAAAAAAAAAAAAA;1066AAAAAAAAAAAAAAAAAAAAAAAAAAAAAAAA,,1,1
2f37dd77-d03d-4674-ba8c-e92ee59786d3,,,Rehab Goals,,Rehab Goals,Question,Coded,5d87412e-ffd3-417f-bc45-8fc7c72c089b;5ec51542-6a40-4f25-8654-6af7628002a9;8e412e1e-84ec-44df-80b2-fdfda8e95159;bc1e232c-ba5c-4b14-baf2-a339bcb4e6aa;d35b2630-388e-414e-8e58-333b94220350;d44d2cdd-d58d-47f0-a0a2-821b0627d34f,,1,1
ee257392-30c1-4964-9356-f0742913dbc0,,,Rehabilitation MDT Member(s),,Rehabilitation MDT Member(s),Question,Text,,,1,1
8c1745cb-16c3-4465-8042-b1746189bd9c,,,Reintegration,,Reintegration,Question,Coded,1107AAAAAAAAAAAAAAAAAAAAAAAAAAAAAAAA;46969e18-a3c4-4fcc-ba87-907917ac0986;91f73c81-b99c-49eb-ab71-e8893814cfab,,1,1
ab11b65e-f7be-4c93-a38e-23e6eddfe7f6,,,Relapse prevention plan,,Relapse prevention plan,Question,Text,,,1,1
e28d708f-7807-42d5-94c3-ffefaf615ac7,,,Relationship,,Relationship,Question,Text,,,1,1
eff16393-b569-4a8a-b3a2-98b4c624600b,,,Reported Date and Time,,Reported Date and Time,Question,Datetime,,,1,1
280c2efa-c1d2-49f1-9602-932f9ae0f2d1,,,Reporter Role,,Reporter Role,Question,Coded,1577AAAAAAAAAAAAAAAAAAAAAAAAAAAAAAAA;3ff1bf58-bceb-4463-b479-6e40df67e809;404b7818-c1ce-450f-9d57-a5d548cd6978;5622AAAAAAAAAAAAAAAAAAAAAAAAAAAAAAAA;8bf06daf-950f-408c-a562-7ee344211e83;99160c83-13c9-4e30-8ac5-784a1eababd3;af346dd1-5470-44f7-8df3-59a5fea1f634,,1,1
85d6e157-0300-4160-a046-afbea6fd3010,,,"Respiratory examination, narrative findings",,Respiratory System,Question,Text,,,1,1
4e6ffdcb-d141-414b-bb68-e1d148c9d9d1,,,Response to Current Medication,,Response to Current Medication,Question,Text,,,1,1
f08f0750-95cd-443e-9ea6-0fd5a733741b,,,Responsible Person,,Responsible Person,Question,Coded,1527AAAAAAAAAAAAAAAAAAAAAAAAAAAAAAAA;160639AAAAAAAAAAAAAAAAAAAAAAAAAAAAAA;22fc1ea4-e908-4625-9375-0e618e4df92c;5622AAAAAAAAAAAAAAAAAAAAAAAAAAAAAAAA;620cc756-ac45-4752-be23-c288ce1edf6e;978AAAAAAAAAAAAAAAAAAAAAAAAAAAAAAAAA,,1,1
5beccada-b8af-4801-8cf8-0cd9cfeb688b,,,Responsible Person - Other relationship (specify),,Responsible Person - Other relationship (specify),Question,Text,,,1,1
9e8ce44b-7d75-454d-b123-905348667264,,,Responsible Psychiatrist,,Responsible Psychiatrist,Question,Text,,,1,1
b54a5dd0-a0d8-41d3-9792-1bfa0ff9ae05,,,Restlessness (observed behavior),,Restlessness,Question,Coded,afbd6f4b-54c7-4a20-85b0-4991b5a0ec81;d1900105-e6a1-49ef-8f97-b5ccb2fe8619,,1,1
5c1f2222-0f09-4e9e-8e5a-d060e646f26c,,,Review Type,,Review Type,Question,Coded,1098AAAAAAAAAAAAAAAAAAAAAAAAAAAAAAAA;1099AAAAAAAAAAAAAAAAAAAAAAAAAAAAAAAA;355251bf-b021-4c5b-b192-a4eb91461086;3e1492a4-15e0-4a75-a7bd-ef6273800233;d55e663a-240f-4661-8229-c15d7bdd77b3,,1,1
a6836bce-3cec-4ac1-b89b-ed50d1967941,,,Revised Diagnosis,,Revised Diagnosis,Question,Text,,,1,1
a78e139f-4d89-43c6-b535-d68b6cc83a23,,,Rhinorrhoea (opioid withdrawal scale),,Rhinorrhoea,Question,Coded,4ed0b3b1-9fdf-42a2-9bd4-3bd267eebed8;7d5edf8a-25a7-437b-ae75-b41bf921b488,,1,1
4a82e10b-b119-4d1e-9572-7f9e9b27b48d,,,Risk Factors Identified,,Risk Factors Identified,Question,Text,,,1,1
59a5684f-01c3-4865-9124-c3f8f097a501,,,Risk assessment,,Risk assessment,Question,Text,,,1,1
1212cefd-d043-49f0-a3f0-9fe272e9513b,,,Risk management update,,Risk management update,Question,Coded,1065AAAAAAAAAAAAAAAAAAAAAAAAAAAAAAAA;1066AAAAAAAAAAAAAAAAAAAAAAAAAAAAAAAA,,1,1
7dd5849c-f1b3-449f-af01-12c4e45ae8b6,,,Route of substance use,,Route,Question,Coded,160240AAAAAAAAAAAAAAAAAAAAAAAAAAAAAA;5622AAAAAAAAAAAAAAAAAAAAAAAAAAAAAAAA;9877103b-2974-4ae8-afb8-375c16140027;eb378104-3388-4018-9933-b5df2404d3b4,,1,1
031fa224-5c3e-4bc3-855c-f930b768f378,,,Secondary diagnosis (initial impression),,Secondary,Question,Text,,,1,1
40115f96-95ab-4d7a-889e-5be6b11cdbc2,,,"Secondary diagnoses, narrative description",,Secondary Diagnoses,Question,Text,,,1,1
62eb0b83-30a0-4197-a932-d1e6669eb979,,,"Seizure, head injury, history of regression","Seizure, head injury, history of re","Seizure, head injury, history of regression",Question,Text,,,1,1
b13921ae-1e61-44da-b007-f62f8e84687d,,,Psychiatric admission clinical criteria,,Select all clinical criteria that apply,Question,Coded,0ab4f633-7d24-420d-be8f-f7fb7c9bb6ba;0afb2f27-69af-4860-8d92-5ec3e17c0307;105d6a51-2445-48de-8d3c-1fa3a2410a42;2846f831-acfa-408f-81f2-b111ef5ee6b0;58170b4a-7660-443c-be19-f8072d464cd4;69465abe-14e6-4f37-812b-1284a17ec249;69b128f6-d04d-4a59-9aa1-dae80dc26f0b;6c56eb15-58b8-4200-877b-f2424686b320;70cbf3e0-d796-43d3-bd8b-4f6e3dd0e32b;7874d9f2-822b-472e-ac21-8622caf8c536;9eb3114b-2af7-4206-8d54-43bf16f3c3d6;b642ae48-c069-49ab-8206-37519c568dde;ba2cbb4d-5599-4ad8-aa14-43a1d8fe0090;d4bb71cd-a987-4218-b564-df45825f9f1f;ef3f0aa9-09aa-4f33-b424-8807cceb50a6,,1,1
44195b65-6994-4fb5-b770-30910c577f4d,,,Self-Neglect Risk,,Self-Neglect Risk,Question,Coded,1065AAAAAAAAAAAAAAAAAAAAAAAAAAAAAAAA;1066AAAAAAAAAAAAAAAAAAAAAAAAAAAAAAAA,,1,1
1da61c6f-7c5c-495a-901b-a3679c0b4287,,,Treatment session number,,Session Number,Question,Numeric,,,1,1
6dc31652-9784-4fdf-a398-938c9d5b7063,,,Severe medical side effects,,Severe medical side effects,Question,Coded,1065AAAAAAAAAAAAAAAAAAAAAAAAAAAAAAAA;1066AAAAAAAAAAAAAAAAAAAAAAAAAAAAAAAA,,1,1
bdfcd55f-d0b8-4643-9aeb-e9c23f55c955,,,Incident severity,,Severity,Question,Coded,1498AAAAAAAAAAAAAAAAAAAAAAAAAAAAAAAA;1499AAAAAAAAAAAAAAAAAAAAAAAAAAAAAAAA;1500AAAAAAAAAAAAAAAAAAAAAAAAAAAAAAAA;9e5e916f-80a7-4b75-b727-f0c2f5991a36;d46c1cd5-79f0-412f-a854-978bed3d7cc4,,1,1
0402306e-b084-4dc4-85da-1f9fc37dcdb4,,,Severity Interpretation and Management Guidance,Severity Interpretation and Managem,Severity Interpretation and Management Guidance,Question,Text,,,1,1
955bceb0-0547-4985-9386-1897e23fd0ac,,,Severity of abnormal movements overall,,Severity of abnormal movements overall,Question,Coded,265ec950-3744-435e-9d5a-3b0e1c89ac3b;78503633-3d69-42fa-9776-faf7a2e1da9b;93582f48-936b-49a8-b1ba-4916625404bd;93d98807-89b8-4a7b-9938-86283841c592;b5c4f7ce-1cbc-41f8-bef5-cc86845f5096,,1,1
b6968a8d-5e53-46d5-955c-45474fcd8c0a,,,Sexual violence,,Sexual violence,Question,Coded,1065AAAAAAAAAAAAAAAAAAAAAAAAAAAAAAAA;1066AAAAAAAAAAAAAAAAAAAAAAAAAAAAAAAA,,1,1
e8c1ae15-bd77-43cf-a54b-6ddaa80784f6,,,Shift,,Shift,Question,Coded,99b09cea-6460-4b81-8d80-c2814b11cbb8;db22b342-fbbf-49b0-a43e-22abbb53c6b3;ea96b311-bbc5-407c-859e-e5a4c1ec71e9,,1,1
8ce3ca26-6cc9-4001-9fed-a03290d0cf5c,,,Short-Term Memory Function,,Short-Term Memory Function,Question,Coded,1499AAAAAAAAAAAAAAAAAAAAAAAAAAAAAAAA;750c7a46-03f0-4cba-aa58-f5dc0efca955;78696882-91bd-43b1-b86f-c83b7e7f1c44,,1,1
21f5767e-cc33-4990-889f-018d2d9e327d,,,Side Effects (text),,Side Effects,Question,Text,,,1,1
79f0b95d-83f0-4662-80a5-8ecdebbef6c3,,,Side effects,,Side effects,Question,Coded,1065AAAAAAAAAAAAAAAAAAAAAAAAAAAAAAAA;1066AAAAAAAAAAAAAAAAAAAAAAAAAAAAAAAA,,1,1
1733da45-7e1d-435d-bb99-142a4c18c4b5,,,Signed By,,Signed By,Question,Coded,5ec51542-6a40-4f25-8654-6af7628002a9;978AAAAAAAAAAAAAAAAAAAAAAAAAAAAAAAAA,,1,1
49d04da2-1ee8-44a2-8842-c27444a6f5ae,,,Signed By - Date,,Signed By - Date,Question,Datetime,,,1,1
8a9cf96c-2bd1-4dbd-947a-133c4f96de16,,,Signed By - Name,,Signed By - Name,Question,Text,,,1,1
194a5447-d678-46bd-94cc-ed8901b6f745,,,Signed By - Relationship,,Signed By - Relationship,Question,Coded,1527AAAAAAAAAAAAAAAAAAAAAAAAAAAAAAAA;160639AAAAAAAAAAAAAAAAAAAAAAAAAAAAAA;2d44565e-f1b9-4d61-8ff6-22135da6550f;cad01128-787f-4388-982b-4e10f4c2f2c3,,1,1
fc8b6db1-a0f3-47a5-80ff-db6ff561d1b4,,,Social engagement level,,Social,Question,Coded,159405AAAAAAAAAAAAAAAAAAAAAAAAAAAAAA;d444fd09-b6a1-477c-bf73-000cf877ac2a;f7a8ee1c-e416-40c4-baa2-0e09b1b8ae78,,1,1
68d71912-cb77-4388-8089-feef1cc75402,,,Social functioning status,,Social Functioning,Question,Coded,159405AAAAAAAAAAAAAAAAAAAAAAAAAAAAAA;7acf2842-fb7d-4c80-8e86-5e84615cf7a8,,1,1
4dd3b68d-be1a-442d-b545-1303b3d1901d,,,Social Isolation,,Social Isolation,Question,Coded,1107AAAAAAAAAAAAAAAAAAAAAAAAAAAAAAAA;1499AAAAAAAAAAAAAAAAAAAAAAAAAAAAAAAA;1500AAAAAAAAAAAAAAAAAAAAAAAAAAAAAAAA,,1,1
2f09fd7e-917a-4d78-ab6d-2e1d253cdfb1,,,Social and educational history,,Social and educational history,Question,Text,,,1,1
cd2e4cc9-846d-4349-ac0a-856bda4f8bb2,,,Social interaction level,,Social interaction,Question,Coded,1107AAAAAAAAAAAAAAAAAAAAAAAAAAAAAAAA;159405AAAAAAAAAAAAAAAAAAAAAAAAAAAAAA;d444fd09-b6a1-477c-bf73-000cf877ac2a,,1,1
416b4d9e-a4a2-4d30-a7cc-b35144b9e7ca,,,Social support,,Social support,Question,Coded,1107AAAAAAAAAAAAAAAAAAAAAAAAAAAAAAAA;159405AAAAAAAAAAAAAAAAAAAAAAAAAAAAAA;d444fd09-b6a1-477c-bf73-000cf877ac2a,,1,1
d03234e7-3076-4df4-b4ef-2ffea26a7b32,,,Source of clinical history,,Source of history,Question,Coded,5622AAAAAAAAAAAAAAAAAAAAAAAAAAAAAAAA;978AAAAAAAAAAAAAAAAAAAAAAAAAAAAAAAAA,,1,1
ae2aebf8-c22c-4448-858f-46b1fb356513,,,Specify Incident Type,,Specify Incident Type,Question,Text,,,1,1
0288f2af-cc59-46d0-bd02-d991623df43d,,,Specify Linkage,,Specify Linkage,Question,Text,,,1,1
aeb59b58-9d54-4a61-8cea-6ea08c278549,,,Specify Referral,,Specify Referral,Question,Text,,,1,1
29402901-303c-45bd-b290-0ecdcb77f887,,,"Speech, mental status examination",,Speech,Question,Coded,1115AAAAAAAAAAAAAAAAAAAAAAAAAAAAAAAA;1840AAAAAAAAAAAAAAAAAAAAAAAAAAAAAAAA;67aa3165-2067-4165-8d7b-1e9d4ec26c65;9d3627b2-813a-4a03-be43-e2e2df3aef96;ab506f53-3430-4521-b6ea-b93f50447744;b7d259c0-321c-48d7-b5fa-fa60a5ef5dae;f3b32ffb-24f1-400c-b8f0-d382728ff8e2,,1,1
b5485700-b54b-4096-ab88-6a47c7fb24e4,,,Speech and language,,Speech and language,Question,Text,,,1,1
c9dfe0c8-f543-414c-bdd8-ffb59b6d25f8,,,Staff,,Staff,Question,Text,,,1,1
e8e6e9cf-af72-4817-be38-49bdc0f2422e,,,Staff Condition,,Staff Condition,Question,Text,,,1,1
3d5f1beb-fa7c-4c68-a642-f91c7124f526,,,Staff Present,,Staff Present,Question,Text,,,1,1
790cb70d-b575-4fc9-9dc5-23485691d979,,,Stage of Change,,Stage of Change,Question,Coded,18154bf8-5346-43ef-ab04-617b749e6eff;18b831e2-2612-47c4-be20-5a4398ec8354;42745b8a-c896-4adb-a573-4efe8b1b38a5;67e34bc5-7c97-431b-913a-1f5fc26e4de2;f64116ae-777f-49ca-9e34-c0b013c28f19,,1,1
b648363f-a4d9-403c-b55a-cf87bf6c11f3,,,Stimulus Duration,,Stimulus Duration,Question,Numeric,,,1,1
7f6af9d1-2f46-4f33-bb4f-9953514f3bb7,,,Strength and Endurance,,Strength and Endurance,Question,Coded,1499AAAAAAAAAAAAAAAAAAAAAAAAAAAAAAAA;693f4784-9933-4a3b-856e-6ccaa382247f;acddd261-594a-4c15-9d78-f8c98ffa9470,,1,1
1e31e925-c3f7-40e2-9ec6-5e1a0862bf28,,,Stress and Anxiety Levels,,Stress and Anxiety Levels,Question,Coded,1499AAAAAAAAAAAAAAAAAAAAAAAAAAAAAAAA;693f4784-9933-4a3b-856e-6ccaa382247f;acddd261-594a-4c15-9d78-f8c98ffa9470,,1,1
e4fc3868-49cf-473c-af1e-e78351a8d677,,,Stressors,,Stressors,Question,Coded,1065AAAAAAAAAAAAAAAAAAAAAAAAAAAAAAAA;1066AAAAAAAAAAAAAAAAAAAAAAAAAAAAAAAA,,1,1
c19a6825-ddc3-4100-a590-668134f9f729,,,"Stressors - If Yes, Specify",,"Stressors - If Yes, Specify",Question,Text,,,1,1
d38cfc50-62e1-47d4-896e-090cc8d1e68c,,,Subjective data,,Subjective data,Question,Text,,,1,1
3a8472c2-cb55-492b-92ac-4f36a8fbf533,,,Substance History,,Substance History,Question,Coded,1065AAAAAAAAAAAAAAAAAAAAAAAAAAAAAAAA;1066AAAAAAAAAAAAAAAAAAAAAAAAAAAAAAAA,,1,1
ee034663-f688-4a23-86be-d92ac791c289,,,Substance History Details,,Substance History Details,Question,Text,,,1,1
43f2899b-a6b5-4779-9186-86948dc9ac8a,,,Substance Use and Behavioral Addiction History,Substance Use and Behavioral Addict,Substance Use and Behavioral Addiction History,Question,Text,,,1,1
0634d3a7-659d-4d71-b50b-27f04e5b89d6,,,Substance and Behavioral Addiction History,Substance and Behavioral Addiction ,Substance and Behavioral Addiction History,Question,Text,,,1,1
b072f386-0254-40a7-a7a8-9288ac204aa7,,,Substance dependence admission criteria,,Substance dependence admission criteria,Question,Coded,2b67f300-59fb-4455-974f-fdcfc21e23fe;41e5a541-fe4c-4033-92d7-6b0d26596abc;5694beba-b221-4eb2-bbe8-8077431f9753;e6093ae0-db6c-4b28-b7bd-d1c3a1d482ce;e7972d3b-cd3b-4374-8dc0-68921294fca9;ebab863f-b174-4d49-8a48-8d0de7700442,,1,1
35cacff6-4a02-468d-9694-d98c8f593eee,,,Substance history (text),,Substance history,Question,Text,,,1,1
8e16adf4-b55b-44ce-bdfd-faf9ff406c96,,,Substance intoxication,,Substance intoxication,Question,Coded,1065AAAAAAAAAAAAAAAAAAAAAAAAAAAAAAAA;1066AAAAAAAAAAAAAAAAAAAAAAAAAAAAAAAA,,1,1
a10b2a3f-55cb-456b-b232-544d433d9eb5,,,Substance use comorbidity,,Substance use comorbidity,Question,Text,,,1,1
ebecbaa0-635d-4752-8d7c-01e20beaf4cc,,,Substance use in family,,Substance use in family,Question,Coded,1065AAAAAAAAAAAAAAAAAAAAAAAAAAAAAAAA;1066AAAAAAAAAAAAAAAAAAAAAAAAAAAAAAAA,,1,1
694645cb-d343-49e1-8301-0973355e8913,,,Substance withdrawal,,Substance withdrawal,Question,Coded,1065AAAAAAAAAAAAAAAAAAAAAAAAAAAAAAAA;1066AAAAAAAAAAAAAAAAAAAAAAAAAAAAAAAA,,1,1
9cdf6f52-248f-47f5-86ae-e8de568f900d,,,Substances used,,Substances used,Question,Coded,380069fd-def8-4bcf-93a8-b3a745088442;5622AAAAAAAAAAAAAAAAAAAAAAAAAAAAAAAA;61a5eb23-2e80-4699-b1ec-c2bcc3ba176a;cd15152c-33c8-4aa9-9b25-10e284ad785c;e7f587b5-1578-4b33-afe1-ab82c8100819;f9744e3e-b394-4f56-85b2-08be1447a8b9,,1,1
30f712e0-53f9-4a8d-b40c-3eb4fabe34ed,,,Suicidal,,Suicidal,Question,Coded,1065AAAAAAAAAAAAAAAAAAAAAAAAAAAAAAAA;1066AAAAAAAAAAAAAAAAAAAAAAAAAAAAAAAA,,1,1
73dbdacc-6bd8-4699-a196-e35ac8e90995,,,Suicidal ideation severity,,Suicidal Ideation,Question,Coded,1107AAAAAAAAAAAAAAAAAAAAAAAAAAAAAAAA;68892aef-7ed8-43ba-aef8-4841190f3e6d;e9faea9c-525d-4fba-b967-9c3a857ce11f;ec97b844-082b-4d9e-b58f-d39d1ad48b5c;f172a581-9d3f-4d01-ae4b-99ff1b943127,,1,1
d82b1ea0-a473-4a23-abf2-5efe10d36085,,,"Suicidal ideation, narrative details",,Suicidal Ideation details,Question,Text,,,1,1
caa2da86-6575-4104-a606-3aba919be793,,,Suicidal Thoughts (coded 3),,Suicidal Thoughts,Question,Coded,1065AAAAAAAAAAAAAAAAAAAAAAAAAAAAAAAA;1066AAAAAAAAAAAAAAAAAAAAAAAAAAAAAAAA,,1,1
488a08f2-733d-4b33-b8be-7f01b49bde12,,,Suicidal Thoughts Comments,,Suicidal Thoughts Comments,Question,Text,,,1,1
fa17b141-19cf-4597-8ab8-62fd4db7b917,,,Suicide,,Suicide,Question,Coded,1065AAAAAAAAAAAAAAAAAAAAAAAAAAAAAAAA;1066AAAAAAAAAAAAAAAAAAAAAAAAAAAAAAAA,,1,1
9dbb1884-230c-4341-a829-acabc470c1a4,,,Suicide History,,Suicide History,Question,Coded,1065AAAAAAAAAAAAAAAAAAAAAAAAAAAAAAAA;1066AAAAAAAAAAAAAAAAAAAAAAAAAAAAAAAA,,1,1
d5aae931-6cf1-4b6f-9356-abda142af08e,,,Suicide History Details,,Suicide History Details,Question,Text,,,1,1
0ae645da-83c3-4633-a26c-a1f497d87ee8,,,Suicide Intent,,Suicide Intent,Question,Coded,201dd6e8-e6ce-44b2-ab73-aa880c6114d4;b295f9dd-0f87-4968-95bd-40abe5659a59;b3e27c8a-2d26-4dbc-ac35-029b9873772d;bd1dddce-fa0e-4096-8fcb-c9d0d81164fb,,1,1
0a9a1125-b03f-424c-9b5b-7f40a38d0457,,,Suicide Plan,,Suicide Plan,Question,Coded,42d66530-ea55-45c5-86c2-b43079420c8b;9a19e347-6aae-41cb-bbe4-3a786e4e118f;fe99cf75-7b4e-4910-b5a0-8f8cd111c4fe,,1,1
420b4724-bdf6-43db-8a8d-ebe6a3157a5b,,,Suicide Plan - Means,,Suicide Plan - Means,Question,Text,,,1,1
1d3e0c51-d965-4eef-ab00-a96364781a48,,,Suicide Plan - Method,,Suicide Plan - Method,Question,Text,,,1,1
a5973e5a-da86-4f41-8a3d-77b5f9cd8740,,,Suicide Plan - Time,,Suicide Plan - Time,Question,Datetime,,,1,1
f6b9ba9b-13ba-4c78-8915-d4a73e4330cf,,,Suicide Risk Level,,Suicide Risk Level,Question,Coded,1066AAAAAAAAAAAAAAAAAAAAAAAAAAAAAAAA;1107AAAAAAAAAAAAAAAAAAAAAAAAAAAAAAAA;1499AAAAAAAAAAAAAAAAAAAAAAAAAAAAAAAA;693f4784-9933-4a3b-856e-6ccaa382247f;acddd261-594a-4c15-9d78-f8c98ffa9470,,1,1
76c263b5-5400-463d-9407-0988deb2ecc6,,,Suicide in family,,Suicide in family,Question,Coded,1065AAAAAAAAAAAAAAAAAAAAAAAAAAAAAAAA;1066AAAAAAAAAAAAAAAAAAAAAAAAAAAAAAAA,,1,1
19a39bd4-7b89-4b53-b5f8-119558ecbf05,,,Summary,,Summary,Question,Text,,,1,1
cbf5a376-e659-42f6-9345-be9e98cbdd17,,,Systolic Blood Pressure,,Systolic Blood Pressure,Question,Numeric,,,1,1
fe5b5f0c-bb56-482c-8ac0-5414b3d9fd3e,,,Tactile Disturbance,,Tactile Disturbance,Question,Coded,135ef07a-cbd6-4ef8-ae04-9a7bc69ef966;1452dca9-2788-4e89-9b7e-d4e2e74102a3;4bd3e641-41be-4234-b2c2-c4d1ecebdfd4;4e767a33-0bb4-40d1-9285-f02e2e1366d9;51183727-6cfb-4696-9105-35da4f8f52bf;77549b49-e301-447d-9152-5fac50225f88;ade5289c-27ca-4b34-9d30-5923cfb2995a;e5a06640-9714-46a9-bebd-dc080b4f1c33,,1,1
92fd7158-6c6e-4fa1-9823-509661cd8fd0,,,Target Identification,,Target Identification,Question,Coded,32ecbc67-176b-4553-a2e6-02927dc9d8f3;35be9f27-fa19-4674-a9e9-3fbbf5597294;37f0bb46-d170-40e9-91a9-21d355dcdac0;a7aa711e-d0b0-4113-b940-bf93b981f433;c11d6aa2-97f2-49f7-b77b-7abe5ac0106c;d8769aef-9dc7-4fed-9679-bebf6f671b7b,,1,1
d02856eb-a0f7-4e1a-9d6a-13e5779dbdbd,,,Task Focus and Completion,,Task Focus and Completion,Question,Coded,159407AAAAAAAAAAAAAAAAAAAAAAAAAAAAAA;78696882-91bd-43b1-b86f-c83b7e7f1c44;a2dd62ce-d401-4615-8f48-aeb972478487,,1,1
eb8f1c58-ed95-41f3-ade9-c73a636eaf4d,,,Temperature measurement site,,Temperature measurement site,Question,Coded,160240AAAAAAAAAAAAAAAAAAAAAAAAAAAAAA;3591287e-f4c1-4325-976f-e19951718c70;5112AAAAAAAAAAAAAAAAAAAAAAAAAAAAAAAA;6f56af83-c15a-4b92-9a8e-848275ae8294;b8c21d04-6424-480a-8987-7ee7b6e884e4,,1,1
2e84e9c8-de2f-4fe5-a5c8-d574bdbb3398,,,Therapy modification,,Therapy modification,Question,Coded,1065AAAAAAAAAAAAAAAAAAAAAAAAAAAAAAAA;1066AAAAAAAAAAAAAAAAAAAAAAAAAAAAAAAA,,1,1
d4d99567-3bc3-43d7-a2ed-7672b7dd8c6d,,,Thought,,Thought,Question,Coded,1115AAAAAAAAAAAAAAAAAAAAAAAAAAAAAAAA;5622AAAAAAAAAAAAAAAAAAAAAAAAAAAAAAAA;db3dbd0d-b506-480f-8002-4fece8917490,,1,1
58184aae-6eb1-452e-899b-c79a7ffd75e9,,,Thought Form,,Thought Form,Question,Coded,685a8309-8d9e-44ae-8a02-aac35270660d;7451413b-dbac-4888-b173-47e02c613874;9afdc1c7-c1c5-41b0-bbde-a6d2c09a2434;a6d00512-9786-45d6-8886-be160acfd5d4;b9c1ce49-7d1d-40a9-8719-9f1705cac8e3;e45f9895-44f7-480d-bdf6-909366cfa781,,1,1
c814150a-8567-485b-bfa0-d72205555c60,,,Thought Other (Specify),,Thought Other (Specify),Question,Text,,,1,1
452da203-f6ae-40a2-a98c-10c9039d5303,,,"Thought process, mental status examination",,Thought Process,Question,Coded,445056ab-f8c3-41fd-a925-c30d58953ba3;7451413b-dbac-4888-b173-47e02c613874;c3ab9aa7-4c91-4685-8640-a150ad9750e4;e45f9895-44f7-480d-bdf6-909366cfa781,,1,1
bea998f6-65f7-4eab-82aa-37d277dd3eef,,,Time of admission entry,,Time,Question,Datetime,,,1,1
9d19d8cf-5f79-46d0-a9db-f54ddf20901a,,,Time of Incident,,Time of Incident,Question,Datetime,,,1,1
dbba2e9a-3ff4-4285-b225-72ed0c7ab449,,,Tongue (Rate only increases in movement both in and out of mouth. NOT inability to sustain movement. Darting in and out of the mouth.),,Tongue (Rate only increases in movement both in and out of mouth. NOT inability to sustain movement. Darting in and out of the mouth.),Question,Coded,265ec950-3744-435e-9d5a-3b0e1c89ac3b;78503633-3d69-42fa-9776-faf7a2e1da9b;93582f48-936b-49a8-b1ba-4916625404bd;93d98807-89b8-4a7b-9938-86283841c592;b5c4f7ce-1cbc-41f8-bef5-cc86845f5096,,1,1
fcd5fcc0-9953-4443-b9cc-b2cdfe957a71,,,Total AIMS Score,,Total AIMS Score,Question,Numeric,,,1,1
864e74c9-abbe-4962-a707-410e080e7bd6,,,Total CIWA-Ar Score,,Total CIWA-Ar Score,Question,Numeric,,,1,1
bdf9860e-6735-4027-9e03-2e55fd09a04f,,,Total OOWS Score,,Total OOWS Score,Question,Numeric,,,1,1
eca2f61e-1c3e-4d28-8743-1d8957a3464d,,,Trauma history including abuse and neglect,Trauma history including abuse and ,Trauma history including abuse and neglect,Question,Text,,,1,1
d475792b-af79-4184-bf48-f96401f30e99,,,Treatment Goals,,Treatment Goals,Question,Coded,2d2e6e79-c7c2-45e0-ac89-b3cb868b5845;44884203-7341-4d06-9802-51aa20e70cbb;5622AAAAAAAAAAAAAAAAAAAAAAAAAAAAAAAA;59ca968f-8dfc-4a22-b61c-a321028fb3f2;6ff8a4a2-e569-46ec-87c2-b3412244638a;b6072ad0-8ea5-45f2-9b68-cc1915c8befb;dfef0dd8-ec1a-4455-83ee-f7e99fd6d290;ea0e90d7-9457-4df6-8705-f0646ebae612;f5f09db9-bab7-4e5e-b3b7-5d0fe07b3500,,1,1
d000d496-2cad-4299-8cc8-de5039d1172b,,,Treatment Goals Other (Specify),,Treatment Goals Other (Specify),Question,Text,,,1,1
89a24bde-c611-4d6e-9cbd-fa1f63836464,,,Treatment response rating,,Treatment response,Question,Coded,1067AAAAAAAAAAAAAAAAAAAAAAAAAAAAAAAA;159405AAAAAAAAAAAAAAAAAAAAAAAAAAAAAA;159407AAAAAAAAAAAAAAAAAAAAAAAAAAAAAA,,1,1
0758a1bf-36b9-4758-964a-821b21c35fbd,,,Tremor (withdrawal assessment scale),,Tremor,Question,Coded,2c33a29a-3566-49ad-a539-2ffb49f189d0;5e11a999-6572-4c11-9305-9fc8f82aa9d6;8fdddf9d-b15c-42da-91f5-edb82f8906c4;bf0b40a2-fad6-42dd-8f31-7e15d115c749;cfa09fb3-fb52-4225-a922-fa475a9272a9;d1900105-e6a1-49ef-8f97-b5ccb2fe8619,,1,1
da9fe7a0-fa97-4649-a093-fd53aa1a8690,,,Type of follow-up contact,,Type,Question,Coded,161189AAAAAAAAAAAAAAAAAAAAAAAAAAAAAA;5ead1ccf-5b36-4ef7-8b70-d0e766d879a5;5ec51542-6a40-4f25-8654-6af7628002a9;6dc256c8-f079-47bc-8370-57a9f47a6534;7a8169e4-9060-4a1d-aa33-116629ddd4c8;d0bcc6f8-6b14-422c-a31c-c56c8ebcbcf7;dde98732-6821-4e11-8e13-9c042bcc7501;e8c206a2-04eb-4fd8-9e04-e593e85c3c10,,1,1
a9b23704-d982-41dc-a2e3-9f148a6b59e6,,,"Type (Others, specify)",,"Type (Others, specify)",Question,Text,,,1,1
ed548eea-3b3c-4ea8-a4b8-e29feaea7a30,,,Incident type (patient safety report),,Type of Incident,Question,Coded,1a3d0b42-02d0-418f-8d9a-a2bbd5e97c87;2147a792-d04d-41ad-88aa-9223069e0a13;270faa43-e7cf-4638-b2d3-6db198824d38;330846b4-c2c7-4640-833b-ec38698edd18;5622AAAAAAAAAAAAAAAAAAAAAAAAAAAAAAAA;604166f7-2134-4fc1-9cfe-36a5a9e436b9;6bf960c5-4d4f-4bdc-b198-15fe28b2a7df;9c1770e7-3a82-4dc6-bbf4-c8a9683ec91c;b5a17318-998f-46f4-ab83-3d259f2cd1b4;e1831303-404a-4277-9e15-2ad3937958d1;f6d69ecd-c769-49d2-a1ef-4beaf87f6873;f6fdeddf-1888-49eb-bc91-b05fb13105a6,,1,1
2f7021e0-9457-409e-9b39-5d3ab3895dcb,,,"Type of injury, free text",,Type of Injury,Question,Text,,,1,1
94ddae40-53d1-47f0-85b8-be852a488aff,,,Type of class,,Type of class,Question,Coded,72e760d6-f370-4c9c-bf3b-e2ca284fc950;7b700e8e-b19e-4154-b3a7-09631a704931,,1,1
305ea11c-6466-4867-8bbe-eec811d97574,,,"Upper (arms, wrists, hands, fingers) (Include choreic movements [i.e., rapid, objectively purposeless, irregular, spontaneous] and athetoid movements [i.e., slow, irregular, complex serpentine]. Do not include tremor [i.e., repetitive, regular, rhythmic]) (Eka)","Upper (arms, wrists, hands, fingers) (Include choreic movements [i.e., rapid, objectively purposeless, irregular, spontaneous] and athetoid movements [i.e., slow, irregular, complex serpentine]. Do not include tremor [i.e., repetitive, regular, rhythmic])","Upper (arms, wrists, hands, fingers) (Include choreic movements [i.e., rapid, objectively purposeless, irregular, spontaneous] and athetoid movements [i.e., slow, irregular, complex serpentine]. Do not include tremor [i.e., repetitive, regular, rhythmic])",Question,Coded,265ec950-3744-435e-9d5a-3b0e1c89ac3b;78503633-3d69-42fa-9776-faf7a2e1da9b;93582f48-936b-49a8-b1ba-4916625404bd;93d98807-89b8-4a7b-9938-86283841c592;b5c4f7ce-1cbc-41f8-bef5-cc86845f5096,,1,1
55fef24a-b6cb-435b-b06a-d542ee4e8254,,,Violence Risk Level,,Violence Risk Level,Question,Coded,1107AAAAAAAAAAAAAAAAAAAAAAAAAAAAAAAA;1499AAAAAAAAAAAAAAAAAAAAAAAAAAAAAAAA;693f4784-9933-4a3b-856e-6ccaa382247f;acddd261-594a-4c15-9d78-f8c98ffa9470,,1,1
aac44e69-ccf4-4db7-ae5e-6aeeb1fbeab8,,,Violence/Aggression Risk,,Violence/Aggression Risk,Question,Coded,1066AAAAAAAAAAAAAAAAAAAAAAAAAAAAAAAA;1499AAAAAAAAAAAAAAAAAAAAAAAAAAAAAAAA;693f4784-9933-4a3b-856e-6ccaa382247f;acddd261-594a-4c15-9d78-f8c98ffa9470,,1,1
c442551d-45c2-4eb0-b1e7-40bc94579f15,,,Violent Ideation,,Violent Ideation,Question,Coded,1107AAAAAAAAAAAAAAAAAAAAAAAAAAAAAAAA;123e3b90-e976-4830-8498-4a0fa6adb3b2;f06f5163-f08c-4d54-89c0-f8a9d7229d0a,,1,1
f6dc6ed0-ee57-4678-87a1-fdf66e74cfe8,,,Visitors,,Visitors,Question,Text,,,1,1
1b3f74ff-9a28-4082-a721-8acf25587f3d,,,Visual Disturbances,,Visual Disturbances,Question,Coded,135ef07a-cbd6-4ef8-ae04-9a7bc69ef966;1452dca9-2788-4e89-9b7e-d4e2e74102a3;3189789e-e034-4836-8155-ab4b9225cbf9;4bd3e641-41be-4234-b2c2-c4d1ecebdfd4;93950d50-6c4d-44c4-9f5d-aa1a18da04a2;ade5289c-27ca-4b34-9d30-5923cfb2995a;c692fe0f-ae99-4786-a102-eac6570e5a80;ecf349d5-eb12-4498-af7f-83c34a524a1e,,1,1
25569007-a867-40f4-9c1a-4a311ee30c90,,,Vomiting (opioid withdrawal scale),,Vomiting,Question,Coded,cfa09fb3-fb52-4225-a922-fa475a9272a9;d1900105-e6a1-49ef-8f97-b5ccb2fe8619,,1,1
deb5d4bb-c169-4c58-9cb0-675a518dabce,,,Ward of admission,,Ward,Question,Coded,286f264a-7e2e-4b1e-baa5-072654863f32;5622AAAAAAAAAAAAAAAAAAAAAAAAAAAAAAAA;aa076803-e955-4043-a296-8b475b2dc56b;d6bfd6a6-cd00-445e-863e-e23fed6e2649;dc328bd2-ec6e-4aab-befb-53c178d2f318,,1,1
c9ec999d-e220-4b51-a636-6f3fc9c6ee23,,,Ward Safety Restored,,Ward Safety Restored,Question,Coded,1065AAAAAAAAAAAAAAAAAAAAAAAAAAAAAAAA;1066AAAAAAAAAAAAAAAAAAAAAAAAAAAAAAAA,,1,1
dac4fc64-bf01-471f-ba54-ce2c1a2d2473,,,Who was injured,,Who was injured,Question,Coded,00a72dc5-b0e4-4622-bfa1-4b1eaa00c426;162571AAAAAAAAAAAAAAAAAAAAAAAAAAAAAA;278983f5-8cd2-48bb-aa0c-51fa170cb264;5622AAAAAAAAAAAAAAAAAAAAAAAAAAAAAAAA,,1,1
aa35177b-ba14-4cb9-9c6f-d7825f5b8190,,,Willingness to Engage in Therapy,,Willingness to Engage in Therapy,Question,Coded,a990e867-d1aa-4a3b-9cca-f6c2e42cc1ed;fa510000-0000-4000-8000-000000000003;fb58dd15-b7cb-4f7c-a670-c6c40f9e008e,,1,1
02484b4e-a082-4d74-8935-fa95241291ff,,,Withdrawal Risk,,Withdrawal Risk,Question,Coded,1065AAAAAAAAAAAAAAAAAAAAAAAAAAAAAAAA;1066AAAAAAAAAAAAAAAAAAAAAAAAAAAAAAAA,,1,1
8b2afb47-e83c-4bc4-998c-4ecccd3e5ad6,,,Withdrawal Symptoms Description,,Withdrawal Symptoms Description,Question,Text,,,1,1
939cb6b5-f5a4-468d-85f5-b3808a494b95,,,Withdrawal Symptoms Present,,Withdrawal Symptoms Present,Question,Coded,1065AAAAAAAAAAAAAAAAAAAAAAAAAAAAAAAA;1066AAAAAAAAAAAAAAAAAAAAAAAAAAAAAAAA,,1,1
1173dabf-f81b-4b45-91e4-fe87cc69d62b,,,Withdrawal symptoms,,Withdrawal symptoms,Question,Coded,1065AAAAAAAAAAAAAAAAAAAAAAAAAAAAAAAA;1066AAAAAAAAAAAAAAAAAAAAAAAAAAAAAAAA,,1,1
79b10099-e498-48eb-ac1a-c65c5f80a005,,,Withdrawal symptoms (specify),,Withdrawal symptoms (specify),Question,Text,,,1,1
767907b8-7f37-484a-88a6-a3bd464d0945,,,Witness(es),,Witness(es),Question,Text,,,1,1
1e1fac5c-8693-4bbe-a369-7b324c455247,,,Yawning (opioid withdrawal sign),,Yawning,Question,Coded,9ad46716-5a4e-4dd7-a15c-12ab6827d320;df21bfe8-b331-4bd3-8745-3b6589966fc5,,1,1
00c109ac-40f5-4aed-88a6-0994dc0f4ecc,,,"Current medications, dosing details (group)",,Repeating group: Current Medications,ConvSet,N/A,,513b3922-a4ed-4ccd-99b8-dd0475ab6ece;cd9f19fd-f82b-4777-93e4-a081b9e1f80f;365ebdf5-75f7-484e-851c-6f4f52b815d1;7dd5849c-f1b3-449f-af01-12c4e45ae8b6;efa82d2d-c82b-464c-b8d4-00e1a17a92ca,1,1
c37e8f82-bacf-41a9-a84f-341b1b77f321,,,Diagnosis (group),Diagnosis,Repeating group: Diagnosis,ConvSet,N/A,,f57a9e57-be46-471c-9c82-0d9a4b588d83;a6836bce-3cec-4ac1-b89b-ed50d1967941,1,1
4a2d804e-ad2a-48d3-8d39-8bf061a10bd3,,,"Current medications, side effects review (group)",,Repeating group: Current Medications,ConvSet,N/A,,c92b24c6-bf40-4e74-bb38-16954b1fd676;79f0b95d-83f0-4662-80a5-8ecdebbef6c3;c5a325c9-2115-488c-8c2c-f1e6ea6af551,1,1
5c3dfa09-2f5f-423e-a9db-2ad794d857b5,,,Chief Complaint (group),Chief Complaint,Repeating group: Chief Complaint,ConvSet,N/A,,5219AAAAAAAAAAAAAAAAAAAAAAAAAAAAAAAA;75980fcc-0ddb-41a7-bec9-87138e4928c1,1,1
72dc3099-72f1-43f5-8903-8a8a277131ce,,,MDT Members Present (group),MDT Members Present,Repeating group: MDT Members Present,ConvSet,N/A,,6c2ba8e8-85b1-41d5-ab0f-58f6b2a62376;01554f86-2414-4d99-9d24-6e660bae7d5f,1,1
b9ed290e-f13b-440a-8014-a291350e0b87,,,Post-ECT Complications,,Post-ECT Complications,Question,Coded,117399AAAAAAAAAAAAAAAAAAAAAAAAAAAAAA;120148AAAAAAAAAAAAAAAAAAAAAAAAAAAAAA;9eb8b6fb-cf70-4bee-b63d-276a5b9d6bb1;139084AAAAAAAAAAAAAAAAAAAAAAAAAAAAAA;5622AAAAAAAAAAAAAAAAAAAAAAAAAAAAAAAA;94bd4ea2-6651-4da4-9cf4-bbae6bd69a54;c712a067-e07e-47ce-8d7e-156b377c174b;c9dcbea6-0cf5-4d07-83f3-aa7683090736;feb9095e-5c0e-4398-9268-56d091830a49,,1,1
