Uuid,Void/Retire,Short name:en,Fully specified name:en,Fully specified name:fr,Data class,Data Type,Members,_order:500,_version:1,Mappings|SAME-AS
351fab8e-6966-4ab1-8d4b-aa708c8f09c1,,,Sodium Bicarbonate,,Drug,Text,,,3,ICD-11-WHO:XM4XZ4
26bdc123-0a25-4b66-beae-fb613d6a286c,,,Aluminium Hydroxide,,Drug,Text,,,3,
95790435-98f8-43b4-9ec4-0a76850f755b,,,Aluminium Hydroxide + Magnesium Trisilicate,,Drug,Text,,,3,
e9b33d83-5ae5-4b22-ab5f-c7b1a4e06a97,,,Magnesium Hydroxide,,Drug,Text,,,3,ICD-11-WHO:XM39M3
a60e4760-8f72-47aa-a3d3-0de2c6aeb3c3,,,Ranitidine,,Drug,Text,,,3,ICD-11-WHO:XM6WY8
c6d9589f-d912-4ddb-902c-07b10caa86fb,,,Hyoscine (Scopolamine) Hydrobromide,,Drug,Text,,,3,
2ed8b06c-aaaa-4048-9b84-e7e0d11d25e0,,,Metoclopramide,,Drug,Text,,,3,ICD-11-WHO:XM3XX3
14328927-abfe-437c-8ff7-ffe6b3036bb8,,,Promethazine HCL,,Drug,Text,,,3,
e2f02733-fafa-409d-aab5-5989a5dee264,,,Bisacodyl,,Drug,Text,,,3,ICD-11-WHO:XM14G1
1abb5a9f-b37c-4f81-a3c8-d556f2eec70d,,,Castor Oil,,Drug,Text,,,3,ICD-11-WHO:XM7G77
11c22597-08c1-42b9-a413-1f6e1fad5098,,,Glycerin,,Drug,Text,,,3,
85ce51ac-bec8-45c7-ba00-1e996ac634c0,,,Magnesium Sulphate Crystals,,Drug,Text,,,3,
c0655d70-9d5b-48b7-8455-1dde5125ce33,,,Loperamide HCL,,Drug,Text,,,3,
6d8cbc35-6824-4bf3-abe3-c00a1182afb2,,,Activated Charcoal,,Drug,Text,,,3,
d00700bb-4c14-40a4-ac8c-a995fa436ad0,,,Local Anesthetic + Astringent + Antiinflammatory,,Drug,Text,,,3,
05305b95-fb2f-443d-a679-8f6e9b5bd96c,,,Local Anesthetic+Antiinflammatory,,Drug,Text,,,3,
c0a971d2-e5ea-457a-905b-13771ad26874,,,Clobetasole Propionate,,Drug,Text,,,3,
e077b72e-b6f5-4bdb-bb48-0bc2f806e3bd,,,Digoxin,,Drug,Text,,,3,ICD-11-WHO:XM8VJ6
5419e766-1419-4dda-a37e-a539bbb5b058,,,Retinoic Acid (Tretinoin),,Drug,Text,,,3,
655bc3b5-ed51-4cc1-95b3-3667c6aa6f8c,,,Enalapril Maleate,,Drug,Text,,,3,
847859d5-9b17-401e-8ad7-d206dc581c86,,,Acetylsalicylic Acid,,Drug,Text,,,3,ICD-11-WHO:XM4G06
ef1ccd62-d433-4de2-8978-20c437f019f3,,,Verapamil,,Drug,Text,,,3,ICD-11-WHO:XM5GX3
dced0182-54d3-4253-92b2-b41b94858b9a,,,Isosorbide Dinitrate,,Drug,Text,,,3,ICD-11-WHO:XM3077
d7b1b4df-2802-446e-9a33-e50ae3e6c260,,,Glyceryl Trinitrate (Nitroglycerine),,Drug,Text,,,3,
a92b1732-3def-4659-9a50-b718aec69279,,,Hydralazine,,Drug,Text,,,3,ICD-11-WHO:XM8D89
12ef2c75-3244-4058-a67c-a9eb93ac828a,,,Methyldopa,,Drug,Text,,,3,ICD-11-WHO:XM9G49
ab90c333-cfad-451c-8ef3-a33f4f519536,,,Malathion,,Drug,Text,,,3,
a2da4096-3318-47f6-8be5-c51c32c8bd42,,,Frusemide,,Drug,Text,,,3,
ba89d6b3-853b-44b1-8b2b-621898ceb6fe,,,Hydrochlorothiazide,,Drug,Text,,,3,ICD-11-WHO:XM6910
a2c3c37c-f290-4b87-8144-3ba4cfe02e0a,,,Mannitol,,Drug,Text,,,3,ICD-11-WHO:XM5BJ8
b45f7749-ca48-4714-ba83-4ef552bd8544,,,Spironolactone,,Drug,Text,,,3,ICD-11-WHO:XM1JS8
d74d0045-2e36-4a2b-98f8-1318fc645354,,,Dextromethorphan Hydrobromide,,Drug,Text,,,3,
9072614c-57a6-417a-be99-b5c78f008928,,,Guaifenesin,,Drug,Text,,,3,
762927eb-fc0b-48d1-8eb0-65806dde36fd,,,Salbutamol (Albuterol),,Drug,Text,,,3,
cadb8343-e5ae-45f2-ab0d-4322eafb8038,,,Paracetamol,,Drug,Text,,,3,
ac596700-5446-4c02-81e5-cc780905662d,,,Diclofenac Sodium,,Drug,Text,,,3,
52545083-c8e7-4164-aea8-5c6b3541fe10,,,Morphine HCL,,Drug,Text,,,3,
5fc59931-d43d-4c30-8f95-705e681f4c1f,,,Diazepam,,Drug,Text,,,3,ICD-11-WHO:XM8P99
2562ccc8-b7ed-4fff-91ca-9fdf693a2fd1,,,Chlorpromazine HCL,,Drug,Text,,,3,
7fe8db9c-b67f-480d-a57a-2912b64190c2,,,Haloperidol,,Drug,Text,,,3,ICD-11-WHO:XM9580
6415b46d-eec4-46be-9fa6-903845c59f71,,,Haloperidol Deconate,,Drug,Text,,,3,
a4dbeeb6-3735-48f7-ad0c-c5357a730513,,,Chlordiazepoxide,,Drug,Text,,,3,ICD-11-WHO:XM5JC4
7e2df387-e179-443e-9d81-f596397cbc17,,,Bromazepam,,Drug,Text,,,3,ICD-11-WHO:XM9JC7
c31b5e0d-76b4-4e07-9c55-3ecd41211b66,,,Thioridazine HCL,,Drug,Text,,,3,
54ebfa9b-6208-445f-be62-f84ebf6db4b2,,,Risperidone,,Drug,Text,,,3,ICD-11-WHO:XM1Z15
40970f73-b2ba-4aff-a97a-eb8bc0777b5a,,,Amitriptyline,,Drug,Text,,,3,ICD-11-WHO:XM7BL0
94d249e7-797c-4677-b707-43f3cd16f952,,,Fluoxetine,,Drug,Text,,,3,ICD-11-WHO:XM7LE6
f1d50a43-5f0a-4b52-bd1d-e3c3f0976a59,,,Carbamazepine,,Drug,Text,,,3,ICD-11-WHO:XM3D95
5939da17-c503-4b39-948b-ca4b16af0dc5,,,Ethosuximide,,Drug,Text,,,3,ICD-11-WHO:XM1K85
43963ff1-1b6a-4106-8ca9-c1243deb5830,,,Phenobarbitone (Phenobarrbitat),,Drug,Text,,,3,
3f0b5c6f-95ab-4b61-bde9-d1e2d2dae321,,,Phenobarbitone (Phenobarrbital) Sodium,,Drug,Text,,,3,
2f0d890f-e0bf-41ed-a107-fd673cf27561,,,Clonazepam,,Drug,Text,,,3,ICD-11-WHO:XM2909
ab09105b-5372-4ece-a401-7bf6b1921170,,,Trichloethylene,,Drug,Text,,,3,
a20204f3-a050-477c-bae4-1c2e110fd454,,,Benzhexol,,Drug,Text,,,3,
efc56f85-84e9-42ae-ad4e-5ecc20a66a05,,,Procyclidine,,Drug,Text,,,3,ICD-11-WHO:XM9AG2
1e083223-86d3-4055-be9b-1415dd2239e1,,,Halothane,,Drug,Text,,,3,ICD-11-WHO:XM2FH0
03ed05d5-a7cd-44b5-bcdd-a5760ea803c2,,,Ketamine HCL,,Drug,Text,,,3,
1d78d9e7-4df1-4ee5-87a7-e0df87550ca5,,,Thiopental Sodium,,Drug,Text,,,3,ICD-11-WHO:XM0EL8
a53a5f00-a8b8-498e-9577-e30e432e8475,,,Lidocaine HCL + Adrenaline,,Drug,Text,,,3,
5056f6f7-4eb5-4edf-8d2e-3b805afaff73,,,Benoxinate Hydrochloride,,Drug,Text,,,3,
6a469109-ff2d-48c3-bc8d-f435a40b6471,,,Hyoscine (Scopolamine) Sulphate,,Drug,Text,,,3,
63d787a0-6b23-4fcf-884e-18c69bcda181,,,Methyl Prednisolone Aceponate,,Drug,Text,,,3,
295b17b4-3290-425c-a871-c4d202bc0898,,,Pancuronium Bromide,,Drug,Text,,,3,
32a08d82-c0bf-403e-8139-7e9ae93a55d5,,,Suxamethonium Chloride (Succinylcholine),,Drug,Text,,,3,
bdaab1d7-2627-40a0-84cf-086b605221a3,,,Ibuprofen,,Drug,Text,,,3,ICD-11-WHO:XM2RR6
611e84e8-ced5-4e7d-8352-81c0ce671c46,,,Indomethacin,,Drug,Text,,,3,
3eef06c3-834f-49e8-8f15-73ead0a9ac3f,,,Colchicine,,Drug,Text,,,3,ICD-11-WHO:XM3Q99
5b40dc12-8cb2-4e18-a5ee-ef9f547dbb9f,,,Amoxicillin,,Drug,Text,,,3,ICD-11-WHO:XM7CM1
59961191-19e8-4adc-9062-c5d8268bc012,,,Cloxacillin Sodium,,Drug,Text,,,3,
447a2a9b-5da4-490e-be4a-3da4790575fa,,,"Penicillin G, Benzanthin",,Drug,Text,,,3,
826956a6-7f84-42a8-9871-cc40aeb77cb2,,,Amoxicillin + Clavulanic Acid,,Drug,Text,,,3,
cc7ca740-7522-4b76-890e-f0eb1aad2921,,,Erythromycin,,Drug,Text,,,3,ICD-11-WHO:XM36F7
979a468f-e746-407a-b7fd-7b59de558d54,,,Clarithromycin,,Drug,Text,,,3,ICD-11-WHO:XM1VG4
f8e5dce6-bbf4-416e-9966-f08e47613771,,,Ciprofloxacin,,Drug,Text,,,3,ICD-11-WHO:XM77G2
158e3a4b-cab3-4bdf-b1ff-14a2d9ac3b24,,,Norfloxacin,,Drug,Text,,,3,ICD-11-WHO:XM85E7
86b02250-adaf-4db0-8681-ab1a938d1ed4,,,Doxycycline,,Drug,Text,,,3,ICD-11-WHO:XM7J58
da175cf0-1863-42aa-8374-a3be970e4398,,,Vancomycin,,Drug,Text,,,3,ICD-11-WHO:XM9YD1
151f3060-22c5-412e-be81-d702ee437349,,,Isoniazid,,Drug,Text,,,3,ICD-11-WHO:XM5FH2
08cbc7c8-9d09-4718-8689-df2a8be940f2,,,Ethambutol,,Drug,Text,,,3,ICD-11-WHO:XM4N96
30b42f3a-0695-462f-a6ec-5e45685cd0a8,,,EH(Ethamutol + Isoniazid),,Drug,Text,,,3,
31b6c30c-9dcf-48b5-997a-7508ccfd16d5,,,Streptomycin Sulphte,,Drug,Text,,,3,
171e65ac-c05f-4213-a468-fdeabf007709,,,Clofazimine,,Drug,Text,,,3,ICD-11-WHO:XM3122
6ddb3975-5b38-4c1a-b6ed-9a9ea214abfc,,,Dapsone,,Drug,Text,,,3,ICD-11-WHO:XM73W4
43c52bd0-d39a-41e9-a0e2-c032b98cc503,,,Fluconazole,,Drug,Text,,,3,ICD-11-WHO:XM97S6
138b7fbe-e71b-4133-b0ac-9c922e290044,,,Griseofulvin,,Drug,Text,,,3,ICD-11-WHO:XM8YE6
28592ce1-6abe-4e77-b64d-ad9c066c271c,,,Miconazole,,Drug,Text,,,3,ICD-11-WHO:XM9UH0
395d5069-e23d-49bf-9575-f8a4f42a0b92,,,Amphotericin B,,Drug,Text,,,3,ICD-11-WHO:XM5TR4
2a2b33c9-e7c6-47ac-a236-9a97e0bb708c,,,Acyclovir,,Drug,Text,,,3,
2fc6b04d-bd07-4af7-8143-aa69d4f374e5,,,Ganciclovir,,Drug,Text,,,3,ICD-11-WHO:XM1M61
7af06b07-54b0-40e5-937e-732ff83ad523,,,Chloroquine Phosphate,,Drug,Text,,,3,
7f8dee07-43a6-4b92-b641-c24a6ba51642,,,Primaquine Phosphate,,Drug,Text,,,3,
1c3bcbd1-782c-44e3-a205-de927a74b879,,,Quinine Dihydrochloride,,Drug,Text,,,3,
f43a3209-40b9-4b55-a77a-e38006c8be40,,,Artemether,,Drug,Text,,,3,ICD-11-WHO:XM7D52
fdc15df0-53c4-4355-8253-6da000693c4f,,,Metronidazole,,Drug,Text,,,3,ICD-11-WHO:XM5YM6
c0eb9a2a-cbd0-4171-a34b-334521e9a2e6,,,Tinidazole,,Drug,Text,,,3,ICD-11-WHO:XM7Z72
eb84a070-19d4-4aa7-906d-9c1886f3b0d2,,,Sodium Stibogluconate,,Drug,Text,,,3,ICD-11-WHO:XM2284
323f7961-617a-4293-9faa-83833f6a4bdb,,,Pentamidine Isethionate,,Drug,Text,,,3,
291441e3-fdcb-4e8a-a71a-b21c3b69706f,,,Suramin Sodium,,Drug,Text,,,3,ICD-11-WHO:XM11F5
25dba419-720f-4ff4-81ad-074ff5061e49,,,Pyrimethamine,,Drug,Text,,,3,ICD-11-WHO:XM0XQ2
145e6b29-f58e-405f-84e9-6a76becc4f16,,,Sulphadiazine,,Drug,Text,,,3,
59e5936c-b10c-4ab2-86e9-21088dd6060c,,,Folinic Acid,,Drug,Text,,,3,
78ac43ad-0a87-4202-9985-500cfe58368d,,,Clindamycin,,Drug,Text,,,3,ICD-11-WHO:XM8158
6f6085dc-30bf-4d9c-b5fc-f7e0cde9c763,,,Praziquantel,,Drug,Text,,,3,ICD-11-WHO:XM8205
2708c578-4e6b-4e94-b127-76a35301acd0,,,Albendazole,,Drug,Text,,,3,ICD-11-WHO:XM79J1
9243b460-84be-4db1-a364-0a6eb0045519,,,Levamisole,,Drug,Text,,,3,ICD-11-WHO:XM5W42
65f2d0c1-b368-4bc4-b154-81893465f15e,,,Mebendazole,,Drug,Text,,,3,ICD-11-WHO:XM3GX0
3e8c8a91-deb4-47aa-8d70-f6b041c1135b,,,Dexamethasone,,Drug,Text,,,3,ICD-11-WHO:XM72R5
b71ef433-1cec-41f2-b61b-c5b0b402457f,,,Piperazine Citrate,,Drug,Text,,,3,
370fe7ff-e18b-4d0d-a482-ac556590517b,,,Thiabendazole,,Drug,Text,,,3,
a1247ab5-5103-4a2b-b64d-1de1db745560,,,Prednisolone,,Drug,Text,,,3,ICD-11-WHO:XM6JJ4
b5b4977a-02e1-4ae8-864b-466b83bff926,,,Triamcinolone Acetonide,,Drug,Text,,,3,
d08719bd-07a2-4b22-99de-2b1ce5ed6b88,,,Neostigmine Bromide,,Drug,Text,,,3,ICD-11-WHO:XM3671
c423c575-cd76-4b5a-84b8-fc067279f5a3,,,Propylthiouracil,,Drug,Text,,,3,ICD-11-WHO:XM5DE7
9856dedb-6d5d-4871-9550-a52bbc44d5cc,,,Thyroxine Sodium,,Drug,Text,,,3,
ae263542-e53d-453e-a5b4-3fccdaddbea3,,,Insulin Soluble / Neutral (HPB),,Drug,Text,,,3,
2b716fdc-24e0-4b45-9408-152ffa8d968d,,,Insulin Zinc Suspension/Insulin Lente,,Drug,Text,,,3,
bd7a8189-e935-4b29-bb5c-5e34fbce0453,,,Glibenclamide,,Drug,Text,,,3,
bd2b9b2f-495a-4592-822a-ba5528e20702,,,Orphenadrine Citrate,,Drug,Text,,,3,ICD-11-WHO:XM6X03
280e2de6-13e0-41ed-a4a0-ea1b471b4005,,,Clotrimazole,,Drug,Text,,,3,ICD-11-WHO:XM8W85
483ebf41-542e-4138-a2e2-05aed837e20b,,,Ergometrine Maleate,,Drug,Text,,,3,
1cd80a67-9211-4f20-92c7-ec5fd9428ff8,,,Heparin,,Drug,Text,,,3,ICD-11-WHO:XM1MN3
992a09ab-1f86-467b-afaa-02f454fdd7c8,,,Warfarin Sodium,,Drug,Text,,,3,
6ea4c869-f60c-4e4a-8f09-6b4cb0e8a2fd,,,Ferrous Sulphate,,Drug,Text,,,3,
f2661aad-e4de-49dc-bdf1-2903f543f8da,,,Ferrous Gluconate,,Drug,Text,,,3,ICD-11-WHO:XM3N76
5b63296a-4a6e-49a3-bab5-f2355e32d599,,,Calcium Gluconate,,Drug,Text,,,3,ICD-11-WHO:XM3EU2
82228508-9ed0-4ace-b80a-3b26cf323346,,,Potassium Chloride,,Drug,Text,,,3,ICD-11-WHO:XM0U09
0afe1abb-e974-4655-923c-3fdfc7623c58,,,Dextrose,,Drug,Text,,,3,ICD-11-WHO:XM7BR0
eb29f156-d278-4d99-84dc-669ebc4a87d1,,,Dextrose in Normal Saline,,Drug,Text,,,3,
32efa0c1-61a9-40ef-ae9c-ce653de7f409,,,Calciiferol (Ergocalciferol/Vitamin D2),,Drug,Text,,,3,
6a6c04e5-f9ad-4d85-9c1e-4696eaee4f7d,,,Hydroxypropylmethylcellulose (Hypromellose),,Drug,Text,,,3,
cb2f9b5a-598d-4abd-8e50-77a9cbb4a446,,,Vitamin B12,,Drug,Text,,,3,
a2c2ad6a-2932-4981-9b7b-cfbec301720c,,,Chlorpheniramine Maleate,,Drug,Text,,,3,
4856ab22-146e-4c2c-a725-0b63b12a0f36,,,Cetrizine,,Drug,Text,,,3,
c5c7b0b7-17ad-45a1-b033-927873629771,,,Pilocarpine HCL,,Drug,Text,,,3,
d0ab4bd7-f717-4434-a548-7f3384ac58a6,,,Tropicamide,,Drug,Text,,,3,ICD-11-WHO:XM4466
2ebe9bfd-c1d4-414a-bbb8-48bedfb7751d,,,Chloramphenicol,,Drug,Text,,,3,ICD-11-WHO:XM2TE7
b6871d46-d18c-4d79-b455-9ea18c35f907,,,Gentamicin,,Drug,Text,,,3,ICD-11-WHO:XM3YS5
1dbc7501-d5ff-4f00-a919-f82d95d231ae,,,Tetracycline,,Drug,Text,,,3,ICD-11-WHO:XM0BP1
8b867d47-5d4d-41f9-9b0a-04771c4b83a6,,,Nystatin,,Drug,Text,,,3,ICD-11-WHO:XM32L5
051cbb47-a1d8-420c-bfd8-61bf6f020b02,,,Oxytetracycline HCL + Hydrocortisone Acetate,,Drug,Text,,,3,
c942dde4-415d-418c-b936-a7875ba75504,,,Benzyl Benzoate,,Drug,Text,,,3,ICD-11-WHO:XM7QG0
04980b7a-7d6d-4b35-813a-acb9fc7669f9,,,Sulphur,,Drug,Text,,,3,
9a639ef0-0df1-4f7b-b206-0f4df8313712,,,Fusidic Acid,,Drug,Text,,,3,ICD-11-WHO:XM6AH3
acfaf317-81ba-42b7-8cb7-15066654596f,,,Crotamiton,,Drug,Text,,,3,ICD-11-WHO:XM3726
691dd68d-eff8-4fcb-9eb9-76988c108049,,,Iodine,,Drug,Text,,,3,
74511675-62cb-48ca-a60d-31fa71a52a1d,,,Potassium Permanganate,,Drug,Text,,,3,
4a9f704d-2ed0-44f7-9ffc-01641f3dac88,,,Pralidoxime Chloride,,Drug,Text,,,3,ICD-11-WHO:XM6BZ5
13bbaf00-2108-4e1f-a5cd-e510e310bb4d,,,Diphtheria Antitoxin,,Drug,Text,,,3,ICD-11-WHO:XM2MN8
8c68ef44-ca57-48f3-bb8c-75e283907592,,,Haemophilus Influenza Type B (Hib) Vaccine,,Drug,Text,,,3,
39519468-a4b5-433d-8143-65e4d7bed717,,,Human Antirabies Immunoglobulin,,Drug,Text,,,3,
249bf715-1ed8-47fc-873e-160ac8545b1e,,,"Measles Virus Vaccine, Live Attenuated and Freeze Dried",,Drug,Text,,,3,
e7050a79-462b-46bd-b3d5-05c2bdf1584a,,,Meningococcal Polysaccharide Vaccine (Bivalent And Trivalent),,Drug,Text,,,3,
8d98bd13-a1d4-4c73-9be9-f0f93bcab595,,,Rabies (Human diploid cell) Vaccine,,Drug,Text,,,3,
e67675d6-6586-4984-b6e6-1f0350b7e357,,,Tetanus Antitoxin (Human) Equine,,Drug,Text,,,3,
dc63777f-026a-44f1-b05f-d0c359130a94,,,BCG Vaccine,,Drug,Text,,,3,
b038996b-8e88-4414-ab93-3e375962f096,,,"Diphteria,Tetanus Toxoid",,Drug,Text,,,3,
8f0d6de1-29a9-4c95-8c2f-92f884111569,,,"Diphteria,Tetanus Toxoid,Pertussis, Hemophilus +HI",,Drug,Text,,,3,
befb8cb7-ce7c-4c2d-b8b0-3233db550269,,,"Poliomyelitis Vaccine,Trivalent Type I,II,III",,Drug,Text,,,3,
94f634c4-e0c9-46ed-9321-b0aa10872c23,,,Yellow Fever Vaccine,,Drug,Text,,,3,
81784543-73f7-486a-9d30-4e1347a3e651,,,Abacavir,,Drug,Text,,,3,ICD-11-WHO:XM35P4
aed97f5d-c903-4bb8-b832-887256b255bf,,,Didanosine,,Drug,Text,,,3,ICD-11-WHO:XM8Z78
88779bd3-fb05-4a4a-ad74-be05258ccea5,,,Efavirenze,,Drug,Text,,,3,
4fba9015-786b-4f22-873b-5364cab315bf,,,Tenoxicam,,Drug,Text,,,3,ICD-11-WHO:XM1867
13d05118-a18b-48cd-a5d3-d1bd1da0fd41,,,Indinavir,,Drug,Text,,,3,ICD-11-WHO:XM1VT6
25cb14c9-8691-4197-8529-f2bc436163be,,,Lamivudine,,Drug,Text,,,3,ICD-11-WHO:XM5471
3c300b0f-00cc-4b76-b164-0943a6e863da,,,Nevirapine,,Drug,Text,,,3,ICD-11-WHO:XM10T5
880ddd9a-5898-4db2-bbc9-738c5b8195df,,,Ritonavir,,Drug,Text,,,3,ICD-11-WHO:XM56L1
c3d04a28-31a7-4877-9e99-4fbc5d722ff3,,,Tenofovir Disproxil Fumerate,,Drug,Text,,,3,
b4362318-390e-46b1-99a4-e5b007440dc6,,,Zidovudine,,Drug,Text,,,3,ICD-11-WHO:XM9C07
59009345-0ff5-499d-b790-0bad3be5f256,,,Piroxicam,,Drug,Text,,,3,ICD-11-WHO:XM9MD6
e0197ff2-c289-484f-90e2-b4299a5968f4,,,Sodium Fusidate,,Drug,Text,,,3,ICD-11-WHO:XM0BX1
e8b17ab9-dbbb-4603-b38c-4ed07fd0a230,,,Omeperazole,,Drug,Text,,,3,
f80f6035-a862-476f-933c-5edad6c70e27,,,Atenolol,,Drug,Text,,,3,ICD-11-WHO:XM0M62
6f5c3afc-b4b5-401a-823d-c7a9f541bcc2,,,Benzoyl Peroxide,,Drug,Text,,,3,ICD-11-WHO:XM43M3
34da515b-26d1-4df9-83e5-3201e3ed6e6a,,,Nifedipine,,Drug,Text,,,3,ICD-11-WHO:XM3N90
bd0e696d-e893-436a-afd7-19005b64de37,,,Acetazolamide,,Drug,Text,,,3,ICD-11-WHO:XM9X81
ddc5b01a-4261-4ce6-a124-ddeb7882b1e5,,,Magenta + Boric Acid + Phenol + Resorcinol + Alcoh,,Drug,Text,,,3,
92ed22bf-bbfa-41c2-a059-c39bcaf5c752,,,Proparacaine HCL,,Drug,Text,,,3,
ebd9878c-2146-43d5-82b4-22733bb58f56,,,Ketoconazole,,Drug,Text,,,3,ICD-11-WHO:XM9795
2359294e-1aad-40a7-b81a-4d45f1882a7e,,,Captopril,,Drug,Text,,,3,ICD-11-WHO:XM6P97
d63abc0a-e070-4c00-842c-55da6717684d,,,Tolmetin Sodium,,Drug,Text,,,3,
bf8a8328-4934-4c51-8106-3bf56acce758,,,Diphenhydramin +SodiumCitrate +Ammonium Chloride,,Drug,Text,,,3,
28106365-a678-4741-a360-25577a248945,,,Pethidine HCL,,Drug,Text,,,3,
e43478ef-51c7-459c-b267-58b9f8a41fcc,,,Azithromycine,,Drug,Text,,,3,
d8355719-7a0c-42ca-8aba-53b4ae203281,,,Cephalexine,,Drug,Text,,,3,
93eb27fc-a664-4bb4-af60-dcc67ad646c5,,,Spectinomycine,,Drug,Text,,,3,
6f36e942-cac3-4299-8067-e3f2cf2d2b39,,,Ivermectin,,Drug,Text,,,3,ICD-11-WHO:XM05F2
40d8b4f7-6c07-4e2b-98ac-12ba6f3ee387,,,Misoprostol,,Drug,Text,,,3,ICD-11-WHO:XM28N9
9b3db3ff-3551-42c5-992a-a9caa084f221,,,Cyanocobalamine(Vitamine B12),,Drug,Text,,,3,
c4efd6c7-28c0-44a2-a485-6476e8c46518,,,Clioquinol + Hydrocortisone,,Drug,Text,,,3,
40a137bf-f222-433d-9926-12f85427d3e8,,,Folic Acid,,Drug,Text,,,3,ICD-11-WHO:XM7R82
8fb0b3fc-110b-46a2-8ae2-c576e3ee9f27,,,Calamine,,Drug,Text,,,3,
ff4b02d8-2616-448d-96cc-0729d7c0acc8,,,Levocetrizine,,Drug,Text,,,3,
386a33c5-dcb5-4eb3-85cb-07b9e182af54,,,Pure Glycerol,,Drug,Text,,,3,
dab02802-8f52-439b-83cf-fc75faa972a9,,,Cimetidine,,Drug,Text,,,3,ICD-11-WHO:XM9YL4
71b2cfee-0482-496a-b7ff-7240f5a3be26,,,Codeine Phosphate,,Drug,Text,,,3,
f4c74501-6de8-4ec5-8acc-2509589b29f9,,,Water For Injection,,Drug,Text,,,3,
9171eff3-9796-4511-bef8-5f160f3147b3,,,RHZE (Rifampicin + Isoniazid + Pyrazinamide + Ethambutol),,Drug,Text,,,3,
dc28abb8-5b44-461b-a868-70852f302c08,,,Isoconazole,,Drug,Text,,,3,ICD-11-WHO:XM6BF8
e6db5bd2-5b59-4df7-8a3f-3a10ffc459c6,,,Levonorgestrel(D Norgestrel) +Ethinylestradiol and Ferrous Fumerate,,Drug,Text,,,3,
1069e450-4939-4bb0-95fc-e0aaa19a617b,,,Ampicillin,,Drug,Text,,,3,ICD-11-WHO:XM5MY7
74e2b6fb-a276-4eb5-8111-c4e650ba3348,,,Probenicid,,Drug,Text,,,3,
1f13806f-0c50-435c-9e37-50c3e0700d08,,,Vitamin B Complex Preparations,,Drug,Text,,,3,
5cabcd83-5b0f-4974-bb6a-8331537ac6c9,,,Tribenoside + Lidocaine,,Drug,Text,,,3,
be46f474-0b80-460f-a293-b165b520aeea,,,Lamivudine + Stavudine,,Drug,Text,,,3,
1b77678a-51c5-4c15-b535-1f44f0980fa0,,,Vitamin C,,Drug,Text,,,3,
04f917e4-9ad4-4d30-aff4-d31df71521e8,,,Balanced Salt Solution,,Drug,Text,,,3,
9e3f0299-2b09-4b53-a78e-0ce704f89c01,,,Dimenhydrinate,,Drug,Text,,,3,ICD-11-WHO:XM8ZH9
8c885e68-afa5-4c81-a29f-afb0bc76eec6,,,Bismuth Subgallate + Lidocain HCL + Menthol + Fluc,,Drug,Text,,,3,
427c1cab-775b-4867-b93a-70d4ba447ca6,,,Ephedrine HCL,,Drug,Text,,,3,
f5624f21-7135-4d7b-a2d1-6831ebbe83ce,,,Famotidine,,Drug,Text,,,3,ICD-11-WHO:XM6441
08acf345-dd9a-4bb5-8021-eee8f06cc629,,,Ergometrine Tartrate,,Drug,Text,,,3,
dc001cc5-627c-41f1-8dc2-fa65d476dd57,,,Amyl Meta Cresol + Dichlorobenzyl Alcohol,,Drug,Text,,,3,
71cc5759-a138-45bf-a97b-4a6df15a3fe7,,,Beclometasone Dipropionate,,Drug,Text,,,3,
366c6e4b-ce1d-40a3-9f44-f0c0a17cb8e2,,,Dequalinium Chloride,,Drug,Text,,,3,ICD-11-WHO:XM8CF0
95edb2e4-4cb4-4e01-b160-6e739c4bf06b,,,Ephedrine Sulphate,,Drug,Text,,,3,
9d1bf9e1-d272-4f65-a577-7bfbdb200175,,,Hexetidine,,Drug,Text,,,3,ICD-11-WHO:XM6UT2
33f3ebb4-d197-48b8-8257-680ae846f483,,,Mentol + Eucalyptus Oil + Light Magnesium Carbonat,,Drug,Text,,,3,
cb49b03f-237c-445d-95c5-6bd6fd92d989,,,Mometasone Furoate,,Drug,Text,,,3,
60f8919b-a812-40f8-8cb7-730cae4e7c7d,,,Sodium Polystrene Sulphonate pdr,,Drug,Text,,,3,
16ae1094-348d-467b-aa3e-8fcc3eb5abd4,,,Oxymetazoline HCL,,Drug,Text,,,3,
a74dd1b4-392a-45b1-83c1-cebe495c06b9,,,Phenylephrine,,Drug,Text,,,3,ICD-11-WHO:XM6ZQ3
8732a7d2-8040-4c71-8ff4-81c27cb4bac4,,,Povidone Iodine,,Drug,Text,,,3,ICD-11-WHO:XM24J7
84bf45a1-8704-4db7-9713-a5ee8a060c04,,,Pseudoephedrine HCL,,Drug,Text,,,3,
3fd4f879-91a8-4524-8b34-12a041ba8963,,,Triprolidine HCL,,Drug,Text,,,3,
3f1d68e5-58ec-4748-bbd2-8508d558982e,,,Xylometazoline HCL,,Drug,Text,,,3,
e8620c45-412c-4567-b2f6-4b301c296088,,,Fluorouracil,,Drug,Text,,,3,ICD-11-WHO:XM55V5
58e3e1a1-ebf6-4758-96e4-bfbab94c76f6,,,Neomycin + Bacitracin,,Drug,Text,,,3,
0b13b34d-5a27-4e3e-ba2c-be335819a5dc,,,Zolpidem,,Drug,Text,,,3,ICD-11-WHO:XM8188
be5f649f-03bb-42cc-8112-aac3e5c697c8,,,Aluminium Hydroxide + Magnesium Hydroxide,,Drug,Text,,,3,
1ebb3214-0e03-4ab7-8e43-90a2334bf4ba,,,Alphachymotrypsin,,Drug,Text,,,3,
109c33c2-cfe4-499d-b57f-48dd5e5de17c,,,Salicylic Acid,,Drug,Text,,,3,ICD-11-WHO:XM68B5
9e80d282-541f-4d68-8049-6faba78a9e6e,,,Trifluoperazine HCL,,Drug,Text,,,3,
6548a329-2334-41ca-b241-b5b051c0affa,,,Selenium Sulphide,,Drug,Text,,,3,
11cd645e-fbf7-4fc8-b0f3-aeb0b45e6fff,,,Dichlorobenzene +Turpentine Oil + Chlorobutol,,Drug,Text,,,3,
d3ce17e8-b93a-4670-b586-88dfc58e15e5,,,Hydrogen Peroxide,,Drug,Text,,,3,ICD-11-WHO:XM4AG2
92a4819e-2a92-465d-a737-7fcf14fcf728,,,Neomycin Sulphate + Hydrocortisone + Polymixin B Sulphate,,Drug,Text,,,3,
89a2bd08-7b57-44d5-a876-7be090f6455f,,,Oxytetracycline,,Drug,Text,,,3,ICD-11-WHO:XM8DQ8
4833407b-d41f-491b-9a8c-5baff9983409,,,Oxytetracycline HCl + Hydrocortisone Acetate + Polymixin B Sulphate,,Drug,Text,,,3,
de4ef061-e36b-4d43-8015-af77066cf396,,,Protamine Sulphate,,Drug,Text,,,3,
6eb69628-5d33-422d-932d-ab9a80131188,,,Acetic Acid Ear Drops,,Drug,Text,,,3,
3ee4bf99-f7c3-4b5f-9025-428cf1eddc39,,,Terfenadine,,Drug,Text,,,3,ICD-11-WHO:XM2S36
278d4aa1-baf3-4c72-9b56-4942356a81d2,,,Ammonium Chloride,,Drug,Text,,,3,ICD-11-WHO:XM1W37
78d26051-5c05-4a12-8cf6-0f35378179af,,,Calcium (Ionizable),,Drug,Text,,,3,
103bc879-621e-4fd0-9035-e9cfe41610d4,,,Calcium Glubionate + Calcium Galacto Gluconate,,Drug,Text,,,3,
8f8f2b2d-debd-49a5-bac3-752f5c81dedb,,,Sodium Chloride,,Drug,Text,,,3,ICD-11-WHO:XM0X22
793d1141-170c-4d92-9ae8-cf602b83b437,,,Pyridostigmine Bromide,,Drug,Text,,,3,ICD-11-WHO:XM41N9
8e8e6082-3c50-47e0-9738-3f5d1bd5d1b5,,,Lactated Potassium Saline (Darraw's) Soultion,,Drug,Text,,,3,
ff80f42a-9958-48fc-8d02-b5dcaf4e8ead,,,Sodium Nitrite,,Drug,Text,,,3,ICD-11-WHO:XM3810
86d2a504-4a17-44f5-a305-d8ab098d93d6,,,Ringer's Injection Solution,,Drug,Text,,,3,
6f240596-fc9d-4e07-9ced-6bbe2095733b,,,Peritoneal Dialysis(No.1),,Drug,Text,,,3,
6b631baa-cb60-4bb0-855c-9fd80ed280d6,,,Peritoneal Dialysis(No.2),,Drug,Text,,,3,
017f573a-d0a6-4442-8390-5715136af2ec,,,Calcium Ceseinate,,Drug,Text,,,3,
b52ba390-feda-4270-b527-461d0b1138de,,,Soya Based Non Milk Preparations,,Drug,Text,,,3,
2017fd28-ccb2-4566-98fb-5f5e2aa5d794,,,Apomorphine HCL,,Drug,Text,,,3,
fe6399a4-5246-48be-b4c7-c494c3d474bf,,,Calcium Gluconate(Levulinate) Chloride,,Drug,Text,,,3,
8601b01d-2fe4-4784-af24-2608f4a81663,,,"Digoxin Immune Fab(Ovine)/Digoxin Specific, Antibo",,Drug,Text,,,3,
ace05833-2f64-4106-b6fa-85d68a9d67da,,,Desferrioxamine Mesylate,,Drug,Text,,,3,
a7ecbd6f-4b14-4ad4-ac12-92c003a57754,,,Dimercaprol,,Drug,Text,,,3,ICD-11-WHO:XM89R9
f6134698-08cc-4c7d-bd55-97a7f807c5b8,,,Methionone,,Drug,Text,,,3,
4ee82043-f6e1-423c-a371-f6123f91aeb0,,,Naloxone HCL,,Drug,Text,,,3,
89e222f9-f23d-4e6d-9131-4de856693302,,,Penicillamine,,Drug,Text,,,3,ICD-11-WHO:XM1QA0
2ea7a80e-1690-4814-8f6d-91a9cf5f4c7c,,,Physostigmine Salicylate,,Drug,Text,,,3,
3d869179-fadb-47fd-bafe-3bc1ee1c184b,,,Sodium Calcium Edetate,,Drug,Text,,,3,
4faa618b-3b55-467e-bc2d-1988570626e6,,,Cyproheptadine HCL,,Drug,Text,,,3,
e78c5eb3-b8eb-4a5d-8ac9-f3d97056583c,,,Dexachloropheniramine Malate + Betamethasone,,Drug,Text,,,3,
44c86593-aa1c-4a2d-ba2b-bb899de4746b,,,Diphenhydramine Hydrochloride,,Drug,Text,,,3,
f82a45b5-8f37-4585-bad2-4930b1ab5880,,,Loratadine,,Drug,Text,,,3,ICD-11-WHO:XM4PE5
b22aec66-5c07-427e-bb54-b55480ffdffa,,,Pheniramine Aminosalicyalte,,Drug,Text,,,3,
57b6f191-89a0-4a0d-95bc-edf62855b318,,,Edrophonium,,Drug,Text,,,3,ICD-11-WHO:XM8B05
37698cd9-b033-4fb2-91c5-2a1320c0f0b2,,,Enflurane,,Drug,Text,,,3,ICD-11-WHO:XM35M6
8a412c76-e6c9-4552-b41d-bf2425220cb4,,,"Ether, Anaesthetic",,Drug,Text,,,3,
27cf99b7-473b-4916-80f6-e430f8d5fb7d,,,Etomidate,,Drug,Text,,,3,ICD-11-WHO:XM5MB2
bb4318a7-9de1-40c9-bbdb-33f63c8b2bbd,,,Atropine Sulphate,,Drug,Text,,,3,
67d355b8-5b21-45ad-8347-71923f680753,,,Droperidol,,Drug,Text,,,3,ICD-11-WHO:XM6FV0
56cdf76d-315e-4c98-a4c6-7dd535a8c819,,,Glycopyrronium Bromide (Glycopyrrolate),,Drug,Text,,,3,
c2f28f7a-fc9f-4f1b-8e6f-edabf33e247b,,,Hyoscine Hydrobromide,,Drug,Text,,,3,
1df6c3ee-bc92-4202-a8e8-9754eba087a5,,,Isoflurane,,Drug,Text,,,3,ICD-11-WHO:XM9HY9
6bc927f7-1091-4e3c-b920-e90b3838b472,,,Lidocaine HCL,,Drug,Text,,,3,
a0371cb3-105f-4903-8860-58dcefd0ac11,,,Acetylcysteine + Hypermellose,,Drug,Text,,,3,
bf5d44f2-ba3d-4b14-be1e-bbe1ea7a9442,,,Neostigmine,,Drug,Text,,,3,ICD-11-WHO:XM8C30
12d5cd76-2e69-466a-98ce-b1e57a874922,,,Atracurium Besylate,,Drug,Text,,,3,
81028d25-b157-4503-9cf6-01fa470a8c6a,,,Nitrous Oxide,,Drug,Text,,,3,ICD-11-WHO:XM73B5
f7030002-e969-4d96-afe0-92352f31e157,,,Sevoflurane,,Drug,Text,,,3,ICD-11-WHO:XM07G7
905c2f85-5053-4421-85ff-f65fb5d2cbcb,,,Tetracaine HCL,,Drug,Text,,,3,
2c4e795c-a5fd-4630-b0ab-cd786b5604e7,,,Oxygen(White Colored Cylinder),,Drug,Text,,,3,
96e77332-53e1-4aa2-bf1e-f2aba408d1f6,,,Calcium Folinate (Leucovorin Calcium),,Drug,Text,,,3,
b57e139c-7b2e-470c-a4c6-84444941deda,,,Epoetin Alfa,,Drug,Text,,,3,
5ba03e8f-1329-4ac6-8850-011e0fa12515,,,Epoetin Alfa Prefilled Syringe,,Drug,Text,,,3,
97b5d149-d5f2-4dd4-bd01-12ea90943794,,,Epoetin Beta,,Drug,Text,,,3,ICD-11-WHO:XM8VX7
a04aafe1-01ef-4e4e-a0f4-3e147748af5e,,,Fluoxymesterone,,Drug,Text,,,3,ICD-11-WHO:XM29P0
2b842492-7ad9-4dae-9962-3a4051610feb,,,Iron Gluconate + Manganese + Gluconate + Copper Gluconate,,Drug,Text,,,3,
e0ab321b-f26e-4ace-923b-23f862e5ca9e,,,Dalteparin (Antifactor Xa),,Drug,Text,,,3,
5a670e25-536b-4b9a-81e9-00f5a7549070,,,Enoxaparine,,Drug,Text,,,3,
680aaedc-e031-4fda-b4e9-80f86f29db68,,,Clopidogrel,,Drug,Text,,,3,ICD-11-WHO:XM7CM7
28d16b63-d8ae-4225-9a72-c9d6093e5180,,,Aminocaproic Acid,,Drug,Text,,,3,ICD-11-WHO:XM4BG8
75ba854b-0acd-4dec-af2d-2e8103fb0a41,,,Fibrinogen Pdr,,Drug,Text,,,3,
6f02c974-d99a-4d81-a2d7-e1a42234892d,,,Diclofenac Sodium + Misoprostol,,Drug,Text,,,3,
edf69a8f-d9e2-4da9-9b68-54e5dcfcbf4e,,,Clioquinol,,Drug,Text,,,3,ICD-11-WHO:XM1V59
79ea5d7f-dd35-4fe1-9f46-e8ce3a0e44e6,,,"Dextran (MW 40,000)",,Drug,Text,,,3,
ba848eda-f8f9-47be-b2d2-256aeaccb560,,,"Dextran (MW 70,000)",,Drug,Text,,,3,
24097230-9f74-4d4d-b278-0ab274e1b63e,,,Amiloride,,Drug,Text,,,3,ICD-11-WHO:XM1SM2
aafa97fa-697d-4134-ac5d-120824a9900d,,,Amiloride + Hydrochlorthiazide,,Drug,Text,,,3,
bebebdf2-40e5-48c9-9f5e-1dba1fc181ab,,,Ampicillin Sodium + Sulbactam Sodium,,Drug,Text,,,3,
8bd49b0d-639d-4c68-be54-2e8ea04b7d59,,,Metolazone,,Drug,Text,,,3,ICD-11-WHO:XM7G39
55ddf06c-9e4c-4545-906e-ef6b0e5b54a4,,,Amrinone Lactate,,Drug,Text,,,3,
2a91d321-1cbd-4b63-91c5-daa4e0dc0df6,,,Isoprenaline (Isopreterenol),,Drug,Text,,,3,
9b525c03-95c8-42f5-a16c-12329ced2e71,,,Levarterenol (Noradrenaline) Tartrate,,Drug,Text,,,3,
a80c646d-3770-4ee2-8602-f03d173c9af9,,,Phenylephrine HCL,,Drug,Text,,,3,
acf86265-bf28-4989-81a8-14eb0d3c443d,,,Alfuzosine,,Drug,Text,,,3,
a5fe81c9-9f03-45cc-aa91-68b1e91236da,,,Amlodipine,,Drug,Text,,,3,ICD-11-WHO:XM68M5
d6fee6ef-6daa-4212-bba0-93e563dd459a,,,Morphine Sulphate,,Drug,Text,,,3,
bbc033d7-ebda-4618-b15e-ffc0975b9267,,,Sumatriptan,,Drug,Text,,,3,ICD-11-WHO:XM9AV2
9e1c57c3-f1ad-409c-bad7-116340a6402c,,,Chlormezanone + Paracetamol,,Drug,Text,,,3,
4b006ec5-290f-4a26-a33f-9e6571abd4f3,,,Dantrolene Sodium,,Drug,Text,,,3,
b1ac2bf4-0159-4d74-a574-b32d71f40ba6,,,Methocarbamol,,Drug,Text,,,3,ICD-11-WHO:XM7AC3
bb0db044-4d25-4f05-baef-8ac6896516a8,,,Bretylium Tosylate,,Drug,Text,,,3,
7be90991-3e85-45f3-b871-20719a8fc9b0,,,Metoprolol,,Drug,Text,,,3,ICD-11-WHO:XM8L21
622160da-a7c4-4e29-95df-71417c90b910,,,Orphenadrine Citrate + Paracetamol,,Drug,Text,,,3,
40596572-d57d-470e-97fc-a446f646ec34,,,Mexiletine HCL,,Drug,Text,,,3,
e2a6c40b-55a2-4247-9d7e-d706da6f46fd,,,Procainamide HCL,,Drug,Text,,,3,
df1f8146-317a-4b9a-804d-c72037b2d037,,,Quinine Sulphate,,Drug,Text,,,3,
75941bdb-8772-4831-9592-9f43bf999f03,,,Sotalol,,Drug,Text,,,3,ICD-11-WHO:XM5BT4
f9b534f9-5e13-4401-88cf-1a156779e082,,,Calcium Carbonate,,Drug,Text,,,3,ICD-11-WHO:XM9003
6d4df341-b5ef-49fa-a1d3-f87169acf1e5,,,Fluorescein Sodium,,Drug,Text,,,3,
62b1f09c-326e-46db-8516-bc873650da61,,,Isosorbide Mononitrate,,Drug,Text,,,3,
c29c7a64-c4dc-4831-b966-38a022ca0ea3,,,Caleipotriol,,Drug,Text,,,3,
af6a750c-6d82-4c18-85f5-bedbee719b1d,,,Azelaic Acid,,Drug,Text,,,3,ICD-11-WHO:XM6SG3
5953e304-c185-467a-813e-1667ee1d54e4,,,Pentacrythritol Tetranitrate,,Drug,Text,,,3,
007afe9a-6f92-48c6-833b-1cab728c735e,,,Propranolol,,Drug,Text,,,3,ICD-11-WHO:XM3HA9
c476b352-cc16-4319-ab13-539f66912971,,,Candesartan,,Drug,Text,,,3,ICD-11-WHO:XM4168
ac41ead0-983b-4596-b2a3-5b42bca1e6f3,,,Carvedilol,,Drug,Text,,,3,ICD-11-WHO:XM80G6
e4c32826-331e-4e9e-b068-84b58ab0b7e6,,,Coal Tar + Salicylic Acid,,Drug,Text,,,3,
314c3338-5ee8-40c8-9d24-f579c8f5429c,,,Midazolam HCL,,Drug,Text,,,3,
be912ca3-356a-45a8-aeb9-1518f5530fde,,,Clonidine,,Drug,Text,,,3,ICD-11-WHO:XM6GV8
4a58c511-31dc-4e5f-8ffa-37745616be10,,,Diazoxide,,Drug,Text,,,3,ICD-11-WHO:XM8YG1
5813758d-9122-4f13-add1-b923a687048f,,,Clozapine,,Drug,Text,,,3,ICD-11-WHO:XM8UG6
cce61a0b-44b6-423b-b445-6ec169aa08fe,,,Cholestyramine,,Drug,Text,,,3,
029e6243-4994-4408-a4f5-824c4781c2b6,,,Felodipine,,Drug,Text,,,3,ICD-11-WHO:XM1BZ0
7e021372-2dd2-4b4a-b7be-8538df3c75ca,,,Fosinopril,,Drug,Text,,,3,ICD-11-WHO:XM4Z53
d5ae09de-b975-440c-bc8a-823a908352ac,,,Pyrazinamide,,Drug,Text,,,3,ICD-11-WHO:XM4611
89d09f4f-c401-4cc3-83ba-dd299962ce7b,,,Ethionamide,,Drug,Text,,,3,ICD-11-WHO:XM86N7
e68b0e94-6fc8-4949-9b50-4990227650a7,,,Dexamethasone NaPO4,,Drug,Text,,,3,
8a0a6a34-9604-414b-9a3d-05603dcc1457,,,Procaine HCL,,Drug,Text,,,3,
93c15a5e-d2e6-452b-992c-1af1b8ce37fc,,,Irbesaran,,Drug,Text,,,3,
8ade5961-de13-41c3-a225-02a36af0b6f4,,,Lebetalol HCL,,Drug,Text,,,3,
5ff86b7d-a27f-4837-9301-acac3629f964,,,Lisinopril,,Drug,Text,,,3,ICD-11-WHO:XM7TF8
b85e1159-274e-402d-b68f-5e3bdaf8d09d,,,Lisinopril + Hydrochlorthiazide,,Drug,Text,,,3,
4d8d1d24-9772-4c3b-8820-c63278d1c208,,,Losartan,,Drug,Text,,,3,ICD-11-WHO:XM7DY0
8dc7c86f-47a0-4bbe-bef9-67bee80cef19,,,Metoprolol Tertrate,,Drug,Text,,,3,
7f21ac14-06f8-4c5b-a72f-219d02b17b62,,,Salicylic Acid + Betamethasone Dipropionate,,Drug,Text,,,3,
3994cde8-2747-477a-b5e8-9d3ec46c9eb4,,,Fluvoxamine Meleate,,Drug,Text,,,3,
07d66c44-d396-4779-baad-9d92409403ef,,,Amiodarone,,Drug,Text,,,3,ICD-11-WHO:XM3ZJ7
924a9179-30f6-4f58-9eef-32dbdff5d8f2,,,Dithranol,,Drug,Text,,,3,ICD-11-WHO:XM8RS8
5911705d-f7cf-4583-b73b-a018c0e6a03f,,,Phenoxybenzamine HCL,,Drug,Text,,,3,
9615bd9e-de3c-4170-a126-90eddb9f3200,,,Phenoxybenzamine Mesylate,,Drug,Text,,,3,
c9715238-60d7-4b67-b1e0-52c42da07834,,,Prazocin HCL,,Drug,Text,,,3,
8133ed0b-ab07-4740-9e4a-39d62af809a4,,,Ramipril,,Drug,Text,,,3,ICD-11-WHO:XM2A48
79b9a931-09aa-4054-bedf-1a72f388c386,,,Reserpine,,Drug,Text,,,3,ICD-11-WHO:XM2764
dd2fa2a7-4ad0-48f1-9d86-aaa9c8dd0b67,,,Tolazoline,,Drug,Text,,,3,ICD-11-WHO:XM3BY1
0356f006-45ec-40a1-a851-075864cc087b,,,Valsartan,,Drug,Text,,,3,ICD-11-WHO:XM29M2
c0ea62ed-b8b4-4bec-8757-4319895cf5a9,,,Ethanolamine Oleate,,Drug,Text,,,3,ICD-11-WHO:XM1ME2
6fd323e4-5baa-49f4-bdf0-9ebcf743700c,,,Sodium Morrhuate,,Drug,Text,,,3,ICD-11-WHO:XM3846
fd6f85ea-acab-415d-b448-a54aae3d3868,,,Sodium Tetradecyl Sulphate,,Drug,Text,,,3,
49e9be0d-bbe1-4e50-85d9-49b3a2be47b4,,,Alteplase Pdr,,Drug,Text,,,3,
9fa8b72e-776b-490c-961a-e9d6496b1a21,,,Reteplase Pdr,,Drug,Text,,,3,
2e2b1340-f815-455c-833d-8716eb80cf73,,,Tenecteplase,,Drug,Text,,,3,ICD-11-WHO:XM5ZA2
654170f2-5b81-4213-a9f5-cd57e3606a38,,,Amikacin (as Sulphate),,Drug,Text,,,3,
64d8d6f4-02ec-456a-b0b6-20cddcfefdbc,,,Cefaclor,,Drug,Text,,,3,ICD-11-WHO:XM1ZJ9
308ae266-1460-4482-bac5-af5775eb8080,,,Cefadroxil,,Drug,Text,,,3,ICD-11-WHO:XM11S1
a99028bd-b66c-435a-bc5e-7e6b028f15bf,,,Cefixime,,Drug,Text,,,3,ICD-11-WHO:XM4Q77
650171dd-a4df-455d-98dd-9859685b4fa9,,,Magnesium Trisilicate,,Drug,Text,,,3,ICD-11-WHO:XM8L43
e216c48b-ef37-422f-bb35-f43d7f8d6926,,,Cefpodoxime,,Drug,Text,,,3,ICD-11-WHO:XM85Q0
fb1ef997-56a6-4d3f-bf50-fce1e4e8a048,,,Cefprozil,,Drug,Text,,,3,ICD-11-WHO:XM4CP3
4ce72888-1e90-49b0-9944-b88187b34d2c,,,Camphor,,Drug,Text,,,3,
a86e241c-4eb1-4110-b97d-e66353a4a18d,,,Ceftazidime,,Drug,Text,,,3,ICD-11-WHO:XM94G4
465afd31-7b55-4add-896b-19e84fd92ca2,,,Ceftriaxone,,Drug,Text,,,3,ICD-11-WHO:XM3P83
67a31e3f-728b-44a6-be48-9ac7ae969d13,,,Cephazoline Sodium,,Drug,Text,,,3,
45177918-9e25-4d2c-be37-1a4badf63915,,,Cephradine,,Drug,Text,,,3,
3315e017-594b-4a74-89c0-16bf0edb79b0,,,Permethrine,,Drug,Text,,,3,
1cce67c0-1ce8-4192-b534-a48efc21eefb,,,Carbenicillin,,Drug,Text,,,3,ICD-11-WHO:XM3D58
3cdbd7de-14ce-483f-846c-47b9f67c69f9,,,Carbenicillin Indanyl Sodium,,Drug,Text,,,3,
d03d0ff8-45c7-408b-8214-1bde2d3eca95,,,Atazanavir Sulphate,,Drug,Text,,,3,
45022254-bd94-42e0-af80-3f01e11dc1fe,,,Bismuth Salicylate,,Drug,Text,,,3,
e9611ea3-4171-4ccc-9cb1-9a74e668396e,,,Betametasone Valarate,,Drug,Text,,,3,
3efd8c0c-dd23-48e6-9460-954bf9e9783a,,,Sulphasalazine,,Drug,Text,,,3,
94214b50-4e70-49cf-9b13-8e5c99ff848b,,,Flucloxacillin,,Drug,Text,,,3,ICD-11-WHO:XM6AV2
2fc1ff38-c19e-4103-b9ca-04a877c2075b,,,Mezlocillin,,Drug,Text,,,3,ICD-11-WHO:XM1Z93
407bd004-c2fa-4579-a506-353e994aaa9c,,,Capreomycin,,Drug,Text,,,3,ICD-11-WHO:XM0892
65d7303e-7337-4e4b-ae8e-a4ac7fea895e,,,Liquid Nitrogen,,Drug,Text,,,3,
fa76c3ea-ad4b-4be1-a312-85c37f48e160,,,Flucytosine,,Drug,Text,,,3,ICD-11-WHO:XM3BU7
25573102-5ab2-4038-af4e-d15e0a6cc785,,,Efavirenz + Emitricitabine + Tenofovir,,Drug,Text,,,3,
b8898b7a-d3cb-47d5-8171-658239b5d67f,,,Emitricitabine,,Drug,Text,,,3,
5e52919e-be81-4e7a-97bc-85f578ecdf97,,,Emitricitabine + Tenofovir,,Drug,Text,,,3,
dd3fb601-b8fb-4357-84c4-e66894ac6c1b,,,Neostigmin Methylsulphate,,Drug,Text,,,3,
11cdac63-ca8e-41b5-9ff5-9b216aaff18c,,,Iodine + Potassium Iodide (Aqueous Iodine Oral Solution or Lugol's solution),,Drug,Text,,,3,
5341226f-a485-486d-bdc2-43fbe67fea66,,,Diethylcarbamazine Citrate,,Drug,Text,,,3,
1cc93709-cf93-4798-8b53-803925b1aaee,,,Itraconazole,,Drug,Text,,,3,ICD-11-WHO:XM5XD2
70756a58-a88e-4bd1-b7b5-e2d0a791217e,,,Baclofen,,Drug,Text,,,3,ICD-11-WHO:XM5US2
c408d9c5-9c2d-4bc5-a157-2088e4abd724,,,Lamivudine + Nevirapine + Stavudine,,Drug,Text,,,3,
c0f19462-bb85-4556-9da0-e579f23a9d52,,,Hyaluronidase,,Drug,Text,,,3,ICD-11-WHO:XM0543
9376c2bf-421c-4e7d-bc5b-ef540270be50,,,Nelfinavir,,Drug,Text,,,3,ICD-11-WHO:XM6175
fd71e613-bbc5-4541-b600-74e439876e3c,,,Silver Sulphadiazine,,Drug,Text,,,3,
52b896ac-6865-4182-9119-4aa88eb5ec6d,,,Saquinavir,,Drug,Text,,,3,ICD-11-WHO:XM7YP4
cb91bba9-ac43-4cc4-96fb-42b018817d9a,,,Tolnaftate,,Drug,Text,,,3,ICD-11-WHO:XM23C3
bf99554c-e215-45df-b57f-8eb0a547acbe,,,Terbenafine,,Drug,Text,,,3,
d9ece29e-b2af-4b5d-ad67-56532134eff0,,,"Zalcitabine (ddc,DDC)",,Drug,Text,,,3,
770d6e5f-5849-4db6-9995-27a2d4106bbc,,,Levonorgestrel (D Norgestrel),,Drug,Text,,,3,
5537975e-ce76-4306-8d58-764e240babdd,,,Medroxyprogesterone Acetate,,Drug,Text,,,3,
e07c8e5e-1ab9-4ba8-9bf8-a914053fead5,,,Clotrimazole + Hydrocortisone,,Drug,Text,,,3,
2c535248-fa98-45b9-b237-67ca03f2e247,,,Dehydroemetine,,Drug,Text,,,3,ICD-11-WHO:XM28N6
f37a44ca-2847-49a0-bac7-ff7bd069caab,,,Diloxanide Furoate,,Drug,Text,,,3,
3cc6c077-3ea1-4a7e-960c-4830ecddf50b,,,Niclosamide,,Drug,Text,,,3,ICD-11-WHO:XM2034
1cb1adb7-fb99-4c73-b699-0042e5c5c556,,,Levofloxain,,Drug,Text,,,3,
45946f33-24ff-4a72-8c92-b5a2645e88a4,,,Nalidixic Acid,,Drug,Text,,,3,ICD-11-WHO:XM82P4
749201d0-e260-44ff-8a21-c986f06623eb,,,Neomycin,,Drug,Text,,,3,
7174e4d9-a6d2-4014-aa56-101977d2a47b,,,Nitrofurantion,,Drug,Text,,,3,
42cf81c3-b189-42dc-8ecd-590bd301373c,,,Triamcinolone,,Drug,Text,,,3,ICD-11-WHO:XM4J30
45e90830-f526-4c4b-8304-17fd74f933f7,,,Ofloxacin,,Drug,Text,,,3,ICD-11-WHO:XM8072
eab7f642-b76b-4ca5-ad3a-d99a5d347e31,,,Miconazole Nitrate,,Drug,Text,,,3,
3cac8eb1-2096-4b4a-8ed3-0b4dc9a5efa4,,,Leflunomide,,Drug,Text,,,3,ICD-11-WHO:XM5M04
f1e553d8-f12f-4ef0-a494-af454aeefce8,,,Metrifonate,,Drug,Text,,,3,ICD-11-WHO:XM9H59
ce1de2b5-d23f-496d-98c2-f1c2e5640d0e,,,Oxaminquine,,Drug,Text,,,3,
4549da17-a531-4ebd-b86b-7df847399dae,,,Nimesulide,,Drug,Text,,,3,ICD-11-WHO:XM5C49
92257df7-79d2-49ab-8088-3b1af0e55285,,,Rifampicin,,Drug,Text,,,3,ICD-11-WHO:XM0R30
947a4d2c-2554-4ca1-a7ef-405a1408b656,,,Sodium Diethanolamine Fusidate,,Drug,Text,,,3,
5b09dec4-d58a-4125-906c-174c01dc5666,,,Sparfloxacin,,Drug,Text,,,3,ICD-11-WHO:XM6MR3
42c078c5-ad36-4104-a71b-be8f1464f7b4,,,Spiramycin,,Drug,Text,,,3,ICD-11-WHO:XM1K16
8fc8c5d7-107d-42a6-b81e-fc017481ca58,,,Sulphamethoxazole + Trimethoprim,,Drug,Text,,,3,
74ef4f4b-4ce5-4fd1-80ba-dc5c3b70213c,,,Melarsonyl Potassium,,Drug,Text,,,3,ICD-11-WHO:XM5NQ7
8ea48c91-d121-46aa-8d14-c8a73876df3f,,,Tetracycline HCL,,Drug,Text,,,3,
eff3d376-05c0-4e03-821b-8870bf08cf96,,,Thiamphenicol,,Drug,Text,,,3,ICD-11-WHO:XM40F4
0c86bc72-4cba-443b-95a4-8603c5b26992,,,Tobramycin,,Drug,Text,,,3,ICD-11-WHO:XM6G20
045491d2-cfbc-4aaf-8dfc-cc8f7eb01ff6,,,Trimethoprim,,Drug,Text,,,3,ICD-11-WHO:XM7NY9
9f28af97-d16b-4bf6-bcf4-8eb39dc01654,,,"Penicillin G, Sodium Crystalline",,Drug,Text,,,3,
3df49f3c-520e-417f-985e-3355905993c5,,,Phenoxy Methyl Penicillin,,Drug,Text,,,3,
b9c04bb0-00c0-4244-83d4-6bea0a5a9dea,,,Phenoxy Methyl Penicillin Potassium,,Drug,Text,,,3,
dd7499c6-f0c7-41bc-97e4-59692e068fa5,,,Piperacillin (as Sodium Salt),,Drug,Text,,,3,
78a15a08-5e98-46aa-bdac-74bace60a333,,,Sultamicillin (Ampicillin Sulbactam Doulbe Ester),,Drug,Text,,,3,
20cc0462-5ebe-4154-bc9d-741b442dbfe6,,,Adenine Arabinoside,,Drug,Text,,,3,
0e6f7f1a-dfde-4cc7-a608-ab0189d1f084,,,Amantadine HCL,,Drug,Text,,,3,
f9c47545-7175-4819-9309-1570e6f3d923,,,Famciclovir,,Drug,Text,,,3,ICD-11-WHO:XM3RL1
63630b23-084a-4db0-9832-25907063d5d3,,,Foscarnet,,Drug,Text,,,3,ICD-11-WHO:XM5XQ9
be61c3ad-df94-4569-ba74-9fc91660884e,,,Glutaraldehyde,,Drug,Text,,,3,
82d7f692-3978-4448-8dc9-d959f378a1e9,,,Proquanil HCL,,Drug,Text,,,3,
4445a4f4-13df-485f-b18c-ce21740780bb,,,Mefloquine,,Drug,Text,,,3,ICD-11-WHO:XM50J2
8e2494d7-5248-4eed-8c14-566a7a88ea32,,,Sulfadoxine + Pyrimethamine,,Drug,Text,,,3,
40c60799-6374-4936-bdbb-49fd3a041c90,,,Piperazine Adiptate,,Drug,Text,,,3,
197eb1c5-15f8-4940-a5e0-bb76373cf94e,,,Pyrantel Pamoate,,Drug,Text,,,3,
d20ce651-9987-49db-80c9-e0000c8fbf47,,,Clioquinol + Flumethasone Pivalate,,Drug,Text,,,3,
9f90f349-c22d-4f77-ae2a-4442710e07c8,,,Fluocortolone + Fluocortolone Hexanoate (Caproate),,Drug,Text,,,3,
8661debd-8147-48d5-ad3d-dd23591c3c43,,,Isoplasma,,Drug,Text,,,3,
010e927a-5440-4139-9926-19952124c858,,,Plasma Antiheamophile (Human),,Drug,Text,,,3,
3a351a1a-2636-4278-a516-521d518acc0c,,,Alprazolam,,Drug,Text,,,3,ICD-11-WHO:XM1030
2bc43ac4-83a1-41f1-909e-e6506bcde931,,,Ethyl Chloride,,Drug,Text,,,3,ICD-11-WHO:XM45K4
ff72f969-3099-4be4-8fb3-76589f9259c2,,,Chloral Hydrate,,Drug,Text,,,3,ICD-11-WHO:XM8AH5
f46841cd-e008-40b1-96fe-0f94a11325ee,,,Amitriptyline + Chlordiazepoxide,,Drug,Text,,,3,
f81a2f4f-ec0f-4707-9b43-d666ec12d61f,,,Clomipramine HCL,,Drug,Text,,,3,
ed776021-aafd-46e2-a372-3097b9e0c078,,,Duloxetin,,Drug,Text,,,3,
13723d34-c5a8-4a0c-83bb-eac9fc781d23,,,Escitalopram,,Drug,Text,,,3,ICD-11-WHO:XM7PX8
96c5d1b0-f201-477b-a9be-d4fd152f9f14,,,Imipramine,,Drug,Text,,,3,ICD-11-WHO:XM6PZ9
215b7af1-30f4-4251-9d23-988c5f6816df,,,Sertaline HCL,,Drug,Text,,,3,
f9430575-0f1e-4246-a1b8-a2805b4e07ec,,,Olanzapine,,Drug,Text,,,3,ICD-11-WHO:XM6GK7
e605b2fc-e9f2-440c-bba3-12140bee2f81,,,Paraldehyde,,Drug,Text,,,3,
9d97e714-a070-4b70-beda-fda3f0c2efaa,,,Ergometrine Tertrate + Caffeine,,Drug,Text,,,3,
dd80864b-13cb-447d-9386-a229703999e7,,,Methadone HCL,,Drug,Text,,,3,
3eee05ea-dd72-41a4-8343-95f94a9bb091,,,Pentazocine,,Drug,Text,,,3,ICD-11-WHO:XM9K14
135df87b-96fd-4ae6-b100-8927db6b4b2f,,,Fluphenazine Decanoate,,Drug,Text,,,3,
8ce25e46-ef9f-4158-916f-f9f5df09737c,,,Fluphenazine HCL,,Drug,Text,,,3,
1e74d753-e434-431b-8216-cc86b52d86c2,,,Lithium Carbonate,,Drug,Text,,,3,
123cb043-acdb-44db-b5e0-dc34c6abd9bc,,,Medazepam,,Drug,Text,,,3,ICD-11-WHO:XM9KN4
ff230aa6-9c5c-493b-8e57-d77955559cfd,,,Lansoprazole,,Drug,Text,,,3,ICD-11-WHO:XM39X4
2c4d677a-7b05-473c-8047-c052d4c8a854,,,Silver Nitrate + Potassium Nitrate,,Drug,Text,,,3,
80a11a27-0eca-4b30-9b91-01a8788ac2e2,,,Pimozide,,Drug,Text,,,3,ICD-11-WHO:XM1FB1
08e94315-12f9-4ac2-88ac-5104c9ae9e29,,,Benzhexol (Trihexyphenidyl HCL),,Drug,Text,,,3,
3a5441b1-de16-4533-8e38-680add9258b1,,,Benztropine (Meseylate),,Drug,Text,,,3,
b00c30fc-99e2-4196-9f9c-e0c9d1ad1404,,,Levodopa,,Drug,Text,,,3,ICD-11-WHO:XM2WU7
01611974-effd-4d9d-b25a-fc3eb4796a76,,,Levodopa + Benserazide,,Drug,Text,,,3,
0a891b3e-7213-4445-92cb-c357da00598b,,,Orphenadrine HCL,,Drug,Text,,,3,
a1bbfd73-882e-477c-af11-16b33a9f905b,,,Temazepam,,Drug,Text,,,3,ICD-11-WHO:XM3215
9dbbc3c5-e97a-419e-ad86-4c703ef2e051,,,Tramadol,,Drug,Text,,,3,ICD-11-WHO:XM7KC0
ecd2dc23-1d96-4cc2-8d3d-00bbc7a6d76e,,,Primidone,,Drug,Text,,,3,ICD-11-WHO:XM5J41
33e16492-45de-4dba-acc7-9c9f7e3efab3,,,Topiramate,,Drug,Text,,,3,ICD-11-WHO:XM2103
a06f9277-de8e-42c6-8636-07da85dd8f9f,,,Sodium Valproate,,Drug,Text,,,3,ICD-11-WHO:XM9F88
2d5a7f2e-ae91-4c02-9ac9-8aa1085db91d,,,Methylphenidate,,Drug,Text,,,3,ICD-11-WHO:XM1NX2
9adeb59a-5a47-4c11-aa31-e33cbf31fd65,,,Atomexitine,,Drug,Text,,,3,
e072aff8-52fc-46b0-95f1-1f7a827ee0bb,,,Isodipine,,Drug,Text,,,3,
ab5b186b-6aed-4926-b8c0-abc82ad2c352,,,Gamabenzene Hexachloride,,Drug,Text,,,3,
cb414ea0-62c4-4245-be92-921978c54a4d,,,Gemfibrozil,,Drug,Text,,,3,ICD-11-WHO:XM01S9
808df744-2ad3-4891-aa72-a7e1ace5c5b7,,,Lovastatin,,Drug,Text,,,3,ICD-11-WHO:XM72M6
cd4456a1-562a-4bf4-a2ea-2b9af013a5eb,,,Simvastatin,,Drug,Text,,,3,ICD-11-WHO:XM7AU9
951e5178-c83d-4183-ba65-425172c5cdb8,,,Enalaprilat,,Drug,Text,,,3,ICD-11-WHO:XM5609
bc93b6bd-c78f-445c-a09d-36c1ead53de7,,,Carbocisteine,,Drug,Text,,,3,ICD-11-WHO:XM3XU8
12bb8114-33eb-419d-a182-cb82909deef5,,,Pholcodine,,Drug,Text,,,3,ICD-11-WHO:XM4QV7
13c03e42-1fc6-4c06-ac14-003e7fed2768,,,Adrenaline (Epinephrine),,Drug,Text,,,3,
27439d09-049d-41c2-89d8-607cb6a56c5f,,,Aminophyline,,Drug,Text,,,3,
5e90ebdc-4d45-44a0-b90b-6cf81ce18055,,,Budesonide + Formoterol Fumarate,,Drug,Text,,,3,
4f88f5b6-d106-4bd8-98d5-b0488731a188,,,Fluticasone + Salmeterol,,Drug,Text,,,3,
92aaab28-0d1b-418b-804b-f1db0d6672b3,,,Formoterol,,Drug,Text,,,3,ICD-11-WHO:XM0QJ7
17052119-cb75-45af-9694-a71a94022875,,,Ipratropium Bromide,,Drug,Text,,,3,ICD-11-WHO:XM54K2
8b61742d-22af-467d-a672-f6e3924a0af4,,,Isoprenaline Sulphate,,Drug,Text,,,3,
f8bf68e1-8b82-4701-bd7c-9b6aad97719f,,,Sodium Cromoglycate,,Drug,Text,,,3,
6bedb25b-a396-4fda-8439-dc8c2c41ace0,,,Theophylline,,Drug,Text,,,3,ICD-11-WHO:XM1FP4
83ef2cce-bcd1-4502-ad5e-ad9e6766ea63,,,Theophylline + Guaifensin,,Drug,Text,,,3,
f89e3108-5a39-4516-a1ba-7eb2ba62084b,,,Podophylin,,Drug,Text,,,3,
4630c5f0-aff2-4bf5-8115-30be8fe1b3be,,,Vasopressin,,Drug,Text,,,3,ICD-11-WHO:XM6A76
f1c79514-ce2a-483d-8ad6-a414757a5941,,,Desmopressin Acetate,,Drug,Text,,,3,
0bb9902e-b7c8-469f-811e-d10492076289,,,Betamethasone,,Drug,Text,,,3,ICD-11-WHO:XM6SU0
2fa12963-17c8-4a72-92d4-4cdbdf852aa9,,,Biphasic Insulin(BP),,Drug,Text,,,3,
f542d5f3-4560-47d6-b808-296f2cfdea28,,,Biphasic Isophane Insuline (Soluble/Isophane Mixtu),,Drug,Text,,,3,
9347fefc-5a1d-47d4-a497-685f37b051bd,,,Chlorpropamide,,Drug,Text,,,3,ICD-11-WHO:XM8S18
fd138752-60ad-4bc7-b8da-ce2ad5c499a1,,,Hydrocortisone Sodium Succinate,,Drug,Text,,,3,
342aff56-43ea-4c86-a1e7-d0d5f5c2f410,,,Glimepride,,Drug,Text,,,3,
a8fc73ad-c823-48fe-b51e-b4658aee9d2d,,,Glipizide,,Drug,Text,,,3,ICD-11-WHO:XM3TQ4
217fdad3-c888-4be8-9fe1-7e145bfefeb8,,,Insulin Lispo,,Drug,Text,,,3,
55dd2c1a-d863-402e-951d-ca0ae7812481,,,Insulin Lispro/Insulin Protamine (Equivalent to 3.5mg Insulin Lispro),,Drug,Text,,,3,
e10077ee-1cf9-4ae7-871c-22e06a9bfa3d,,,Hydrocortisone,,Drug,Text,,,3,ICD-11-WHO:XM21H0
58185657-0181-4321-9d67-44ea0f9fdf40,,,Hydrocortisone Acetate,,Drug,Text,,,3,
2274ca36-a079-48da-9522-04790ff9ff4f,,,Methyl Prednisolone Acetate,,Drug,Text,,,3,
60d8f4a3-8f90-4064-9458-533f8bba8ea0,,,Sucralfate,,Drug,Text,,,3,ICD-11-WHO:XM0044
dba01478-ecea-4299-a287-4abc84a32075,,,Carbimazole,,Drug,Text,,,3,ICD-11-WHO:XM35K1
d846572e-fd11-4c50-85ba-dcb435aef361,,,Isophane/NPH Insulin(HPB),,Drug,Text,,,3,
4dea907a-b51e-49e2-8da4-6725583de913,,,Metformin,,Drug,Text,,,3,ICD-11-WHO:XM0JN5
ba7365ab-2252-414d-8eb8-0e0345e8abf8,,,Pioglitazone,,Drug,Text,,,3,ICD-11-WHO:XM0TX6
b6370e9a-64a3-4fa0-8416-458481e471f7,,,Rosiglitazone Meleate,,Drug,Text,,,3,
3edf711b-42df-4e13-ad6f-396b8a230c11,,,Tolbutamide,,Drug,Text,,,3,ICD-11-WHO:XM1RV6
da33df9b-3d1d-4bc0-8c2b-d720e3ec0597,,,Chorionic Gonadotrophin,,Drug,Text,,,3,ICD-11-WHO:XM49L1
4ad2dc90-b984-494f-bfa3-a4764ee21741,,,Tripotassium Dicitratobismuthate,,Drug,Text,,,3,
385307eb-871c-43ac-8a9c-c99263b747cd,,,Conjugated Estrogen (Equine),,Drug,Text,,,3,
92204a55-8272-4991-8429-711f4cbf25c8,,,Estradiol Valerate + Medroxyprogesterone Acetate,,Drug,Text,,,3,
b2b12959-a4e5-4dbb-a3d9-e5bad53ff90a,,,Conjugated Estrogen (Equine)(Inital phase) + Medroxyprogestrone Acetate (Second phase),,Drug,Text,,,3,
c2701d74-d069-411b-8e11-48a069117149,,,Conjugated Estrogen(Equine)(Initail phase)+Nogerstrel(=Levonorgestrel)(Second phase),,Drug,Text,,,3,
5d305f8a-0ad3-47d8-ad72-531d4e6476d6,,,Bromocriptine Mesylate,,Drug,Text,,,3,
65d1aed6-66ef-427a-b74e-2b72eccaf97f,,,Bupivacaine,,Drug,Text,,,3,ICD-11-WHO:XM5YL1
68f53334-c4d9-4bdf-85cb-02ed68922564,,,Dinoprostone (Prostaglandin E2),,Drug,Text,,,3,
c527a091-1472-47e4-9239-761a3a5a2823,,,Clomiphene Citrate,,Drug,Text,,,3,
524ed0e0-18f1-4456-8eeb-aa255890ece9,,,Magnesium Sulphate,,Drug,Text,,,3,
9902dcf6-6759-4d93-a2f0-d81a5bd330e3,,,Methylergometrine Maleate,,Drug,Text,,,3,
b4269051-d6ae-4fa2-a616-3dbc60290ba8,,,Neomycin + Polymixin B + Nystatin,,Drug,Text,,,3,
37deabf9-40a0-4cf6-99ac-b09f7e49b286,,,Oestradiol Valerate,,Drug,Text,,,3,
fff887b5-5b18-43cf-91cd-47d9aae449b3,,,Oxytocin,,Drug,Text,,,3,ICD-11-WHO:XM9SN0
72717372-da77-431b-ab0c-49d65b633fd1,,,Oxytocin + Ergometrine Maleate,,Drug,Text,,,3,
7686c139-b7eb-451b-843d-bbf415d1e052,,,Ritodrine HCL,,Drug,Text,,,3,
6920153d-3933-4c69-8c1f-9030ddb79927,,,Salbutamol,,Drug,Text,,,3,ICD-11-WHO:XM8MA0
1e606456-8b65-4bc7-a61e-d442c62e51c8,,,Tetracycline + Amphotericin B,,Drug,Text,,,3,
ab7629ea-5972-4a6f-88bf-1e2d96d0c40b,,,Vitamin A + D,,Drug,Text,,,3,
a342056c-3830-426c-aa0a-f957eb6e9baa,,,MultiVitamin,,Drug,Text,,,3,
4ddbee43-265d-4dbb-97e5-6e8560081d15,,,Multivitamin with Minerals,,Drug,Text,,,3,
7c452e57-8da5-4466-be19-cb78676197b1,,,Menadiol Sodium Diphoshate,,Drug,Text,,,3,
52ea9e17-6c69-49b8-8b70-a224fdbbfdfe,,,Nicotinamide,,Drug,Text,,,3,ICD-11-WHO:XM4PS9
9f0b0cd4-71c6-435e-b909-6e2ff23aea92,,,Nicotinic Acid,,Drug,Text,,,3,
98098f2e-94b6-4b77-b0e3-b958238c58d7,,,Vitamin A,,Drug,Text,,,3,
25d4ebc8-c6fd-46fc-99b4-feaa999aa5e0,,,Ketotifen,,Drug,Text,,,3,ICD-11-WHO:XM4F63
9ad2edb2-c6b5-43e4-a3af-3e8c1b66cce3,,,Vitamin E (Tocopherol),,Drug,Text,,,3,
b4e8c4a5-01ef-4cd4-8507-c1a8360fa3dd,,,"Botulism Antitozin Polyvalent Types A,B,and E",,Drug,Text,,,3,
d1eeaead-a55b-4f7a-ab58-61c6545e10b3,,,Cycloserine,,Drug,Text,,,3,ICD-11-WHO:XM63V4
e1ecb853-0533-4aff-8079-ebbb767ebe52,,,"Gas Gangrene Antitoxin, Mixed",,Drug,Text,,,3,
a32c6a49-eeb7-4606-999c-e29b9710ad19,,,"Immune Serem Globulin Human(Gmma Globulin,human)",,Drug,Text,,,3,
9ad4df0b-d0c7-4cf2-929c-8bcee89965b6,,,Interferon Alpha,,Drug,Text,,,3,
892babcb-f87d-4ca9-a22c-2e9e5a97bf61,,,Interferon Gamma,,Drug,Text,,,3,ICD-11-WHO:XM3KQ4
aef2c7f7-1db9-41d3-923e-d4c74c09fd19,,,"Hepatitis B Vaccine,Inactivated",,Drug,Text,,,3,
dabfa970-f030-4fcb-acff-1eb6268ddc95,,,"Hepatitis B Vaccine, Recombinant Yeast DNA",,Drug,Text,,,3,
40657a0e-6df1-424d-bd23-a261457c6fbf,,,Human Papiloma Virus Vaccine,,Drug,Text,,,3,
7003a43f-4014-4d64-9f15-55cd538f7ebc,,,Influenza Virus Vaccins Polyvalent,,Drug,Text,,,3,
fbc54fbf-56da-48c6-b5d3-ac8bf9ad85b1,,,Pneumeccocal Polxsaccharide Conjugate,,Drug,Text,,,3,
a5ffea61-cd77-4c7c-a964-a4e55eecfe22,,,Pnemococcal Polysaccharide Vaccine,,Drug,Text,,,3,
1993cbc6-47ed-49bc-a033-4068e491911c,,,Rabies Vaccine,,Drug,Text,,,3,
8de892ee-27c9-4557-a930-5b0fa23102ad,,,"Rabies Vaccine, Duck Embryo",,Drug,Text,,,3,
c7aa61af-9077-4452-96e3-017344be0bc3,,,Scorpion Venom Antisera (Scorpion Antivenom),,Drug,Text,,,3,
6aafb2c0-3faa-440b-aa11-cabaadd4cead,,,"Tetanus Antitoxin, Equine",,Drug,Text,,,3,
e895cd41-c365-4ce8-aadc-f8db6604b93d,,,Tetanus Immune Human Globulin,,Drug,Text,,,3,
260e37de-4536-4926-8300-c099f7b637c1,,,Tetanus Toxiod,,Drug,Text,,,3,
d112344a-cf57-4125-a929-df123a610c21,,,Estradiol Valerate(initial phase) + Norethisterone(second phase),,Drug,Text,,,3,
cf7f3dcc-e1a4-4140-8743-87f3a583f0b0,,,Estradiol Valerate(initial phase) + Dydrogestrone (second),,Drug,Text,,,3,
055d3ce2-04db-4786-8d78-dfe201c01414,,,Estradiol Valerate,,Drug,Text,,,3,
c1ed1aaf-ea4d-4c9d-ac65-ad19c2927de0,,,Estradiol + Estrol + Estrone,,Drug,Text,,,3,
cc308550-c0b4-4027-a476-089708a02178,,,Estraiol,,Drug,Text,,,3,
018654ab-d67c-4649-9e69-93b823b27899,,,Ethinylestradiol,,Drug,Text,,,3,
16b452d8-f287-46bf-b596-25ce39e4546c,,,Hydroxyprogestrone Carporate,,Drug,Text,,,3,
febd3d43-7dd0-4c5b-812c-4bf60cd391a6,,,Norethindrone (Norethisterone),,Drug,Text,,,3,
f078e44f-eabe-4249-a51e-cd8edf624247,,,Serum Gonadotrophin,,Drug,Text,,,3,ICD-11-WHO:XM5ZL8
074cbd19-f998-4ef0-afa8-840c97510f9f,,,Mesterolone,,Drug,Text,,,3,ICD-11-WHO:XM3QK3
4a4047d4-d976-4bd3-961f-e8a3f257805c,,,Testosterone Propionate,,Drug,Text,,,3,
3371a57b-d7b0-45c5-8fb3-62550d4fc42e,,,Testosterone Propionate+Testosterone Phenayl Propionate+Testosterone Isocaproate+Testosterone Decanoate,,Drug,Text,,,3,
04fec5ed-5cfa-45bc-8158-28cd0c574c41,,,Testosterone + Chorionic Gonadotrophin,,Drug,Text,,,3,
611b4097-4e6c-4ef0-84cb-b3c5a239277a,,,Norethindrone (Norethisterone) + Mestranol and Iron,,Drug,Text,,,3,
7f4fa17d-cf24-42e6-8352-83782208f379,,,Lynestrenol,,Drug,Text,,,3,ICD-11-WHO:XM8Y77
2ddaa82a-f9ef-47af-9e1a-0eb3feaa95fe,,,Norethindrone Enanthate (Norethisterone),,Drug,Text,,,3,
df82cc8a-2f1a-4cd5-b55a-454bf0c6ed20,,,Diaphragms With Spermicide,,Drug,Text,,,3,
3ed5219a-f4cf-4401-94cd-83a61b201d7a,,,Menfegol,,Drug,Text,,,3,
c54c9acd-1f02-487c-be71-bbeb87b9b97e,,,Nonoximol,,Drug,Text,,,3,
3bf32b76-516e-4187-ad6c-ca09a434c40e,,,Octoximol,,Drug,Text,,,3,
d9e1a2b7-f410-4033-9188-b75acb8dd482,,,Sildenafil,,Drug,Text,,,3,ICD-11-WHO:XM65A3
f8ee86eb-bff4-4d1c-870b-359a7603ff68,,,Anticoagulant Citrate (ACD Solution) + Soduim Citrate + Citric Acid + Dextrose,,Drug,Text,,,3,
8c051bf0-8c4b-4afd-a6bf-391cbc6c4bd1,,,Dicophane (DDT),,Drug,Text,,,3,
20ec9530-f36c-442f-8237-4c3bdeea452f,,,Disulfiram,,Drug,Text,,,3,ICD-11-WHO:XM51D2
cf86eecd-59a3-444f-aa08-efb8302e39e8,,,Formaldehyde,,Drug,Text,,,3,ICD-11-WHO:XM0TV9
9bf99039-92e8-4842-ab45-3c4bd77bebd5,,,Gliycine Bladder Irrigation Solution,,Drug,Text,,,3,
889b5537-e7ac-4179-a30e-021934e34f01,,,Halazone,,Drug,Text,,,3,
f52d367f-4e96-49c4-98bc-1184c148329f,,,Iodized Salt,,Drug,Text,,,3,
ea6e7cea-2e22-46a1-8dbc-83fb15a0b990,,,Oxidized Cellulose,,Drug,Text,,,3,ICD-11-WHO:XM6EK6
a98f50f2-eefc-469c-b1f3-2a8b0190e3ac,,,Saccharin,,Drug,Text,,,3,ICD-11-WHO:XM7CN5
fed5f662-3e02-439a-93c6-5658085ea49a,,,Sodium Chloride Free Salt,,Drug,Text,,,3,
04563a35-069a-40bf-a2cf-4e32e149ac0a,,,Sorbitol,,Drug,Text,,,3,ICD-11-WHO:XM9YJ1
5044393f-7f0f-4b71-907d-03b64cbb38e4,,,Supportive Hepatic Preparations that Contain Essential Phospholipids and Vitamins,,Drug,Text,,,3,
ce61e5c8-f954-4368-aaec-c5f436728f39,,,Acetazolamide Sodium,,Drug,Text,,,3,
3bdd36e6-e6a4-49b8-845d-3612c55148f8,,,Atrovastatin,,Drug,Text,,,3,
c5705a02-d72f-4583-bcc6-75123f639d72,,,Esomeprazole,,Drug,Text,,,3,ICD-11-WHO:XM8YE1
eb056e20-7b38-40ba-a994-ad8bcfe54dea,,,Polyvidone,,Drug,Text,,,3,
689b353b-5916-494c-944f-58bc071f052e,,,Rose Bengal,,Drug,Text,,,3,
35fb3b34-f1f1-4efa-bfc6-c65b438d5b2a,,,Demecarium Bromide,,Drug,Text,,,3,ICD-11-WHO:XM8S71
b53089f4-ae0c-4917-a6a1-0e826e0c4f2c,,,Dipiverfin Hydrochloride,,Drug,Text,,,3,
ffc99aeb-98c7-4f6e-8ccc-e999af2945d0,,,Dorzolamide HCL,,Drug,Text,,,3,
1a6a401b-6e77-44d4-abcd-870015994ed8,,,Isoflurophate,,Drug,Text,,,3,ICD-11-WHO:XM1NE7
1e19330d-a62f-47fa-8ce7-65b0ccd1a94d,,,Levobunolol Hydrochloride,,Drug,Text,,,3,
bf3c39b9-71be-45ba-ab21-e518e988df06,,,Timolol Maleate,,Drug,Text,,,3,
ca47417f-8717-4c30-a14d-6bb9d41d6480,,,Neomycin Sulphate,,Drug,Text,,,3,
3da7be73-1f78-4766-9240-24aacc868e64,,,Oxytetracycline Hydrocloride,,Drug,Text,,,3,
caf07849-ef93-4b61-af63-e925b13e6799,,,Polymyxin B + Bacitracin,,Drug,Text,,,3,
61d4c288-6f01-4672-8b80-52ef1ed0a92c,,,Rifamycin,,Drug,Text,,,3,ICD-11-WHO:XM7HL1
b6bd087d-4736-4564-af88-f9b8769aa466,,,Silver Nitrate,,Drug,Text,,,3,ICD-11-WHO:XM6RF0
4600fbc4-7cc7-425e-98de-98ee9adb9670,,,Iodoxouridine,,Drug,Text,,,3,
826d9705-6ecf-4c69-83c5-eed18912b055,,,Trifluridine,,Drug,Text,,,3,ICD-11-WHO:XM6WB2
32008794-0ac3-4abd-86cf-d0597c252498,,,Vidarabine,,Drug,Text,,,3,ICD-11-WHO:XM30N1
4919b60e-3fa8-4212-906d-0c929bf6aa27,,,Natamycin,,Drug,Text,,,3,ICD-11-WHO:XM2BK7
32ed9fdd-9795-4dea-8720-9f4e6e93908a,,,Flurbiprofen,,Drug,Text,,,3,ICD-11-WHO:XM8VP8
03875f3d-18b6-4f16-ad69-1831ee32e134,,,Flucortolone Pivalate + Chloramphenicol,,Drug,Text,,,3,
69c58fee-254d-49bd-b42c-566af82f9d9b,,,Gentamicin + Betamethasone,,Drug,Text,,,3,
6feb0f7a-0d98-4563-b50d-5fcdd03ccba2,,,Neomycin + Dexamethasone Phosphate,,Drug,Text,,,3,
b211b9aa-6465-422f-b671-1a799abc7511,,,Neomycin + Hydrocortisone + Polymixin B Sulphate,,Drug,Text,,,3,
c888553f-f032-447d-b636-e1372894c9e7,,,Cyclopentolate Hydrochloride,,Drug,Text,,,3,
9f57181a-ab6b-434a-a24d-0edac962f8aa,,,Homatropine Hydrobromide,,Drug,Text,,,3,
75af1e7b-381e-44b8-92f7-2421ec04ae39,,,Liquid Paraffin,,Drug,Text,,,3,ICD-11-WHO:XM8UE2
85da7964-030d-4dc2-ab3f-2e45a6bda2ce,,,Drotaverine,,Drug,Text,,,3,ICD-11-WHO:XM13K8
e8939e81-f81b-491f-a01a-f7e4a0d305c9,,,Meclizine HCL,,Drug,Text,,,3,
517e1929-8530-400e-b7f6-8632b26af551,,,Nizatidine,,Drug,Text,,,3,ICD-11-WHO:XM9ZP3
76678d90-6fe8-4844-b5e8-b73be4ff1680,,,Hyoscine (Scopolamine) Butylbromide,,Drug,Text,,,3,
e9ed45cd-0b13-460d-9a9a-5473b75de8c4,,,Propantheline Bromide,,Drug,Text,,,3,ICD-11-WHO:XM7VK4
32d23ee7-8d99-4296-bdcb-6f09a1defbc0,,,Thiethylperazine Malate,,Drug,Text,,,3,
02e759a1-febb-42f6-86ad-3b33d38ce6d6,,,Psyllium,,Drug,Text,,,3,
81fa196b-a6ce-4796-88d9-e37f203cabca,,,Senna,,Drug,Text,,,3,
af44cfc9-6b8f-49ad-aebd-c2751697eb38,,,Vitamin B1 + Vitamin B6 + Vitamin B12,,Drug,Text,,,3,
b6d4d1ab-2569-4df2-86d3-f236da3bff51,,,Acetylsalicylic Acid + Caffeine + Paracetamol,,Drug,Text,,,3,
0de62454-ce44-4034-841d-6e9e99464b62,,,Entecavir,,Drug,Text,,,3,ICD-11-WHO:XM0Z52
fd839292-8013-46ea-acf6-f831d6d70be9,,,Telbivudine,,Drug,Text,,,3,ICD-11-WHO:XM2P85
f2093c0f-c525-4fab-825e-4e305dd82d69,,,Mifeprostone,,Drug,Text,,,3,
fc4cb0d8-1b4f-4559-bd15-8cc5ce1aa699,,,Pilocarpine Nitrate,,Drug,Text,,,3,
75e6db3b-7d4b-48b9-9986-165fc64bcaff,,,Methoxsalen,,Drug,Text,,,3,ICD-11-WHO:XM47G3
7e5c7161-eb85-435c-9c59-ba14cfea00b0,,,Acitretin,,Drug,Text,,,3,ICD-11-WHO:XM2M63
7a8b392f-ad77-4f12-b319-befcb9f81a36,,,Etretinate,,Drug,Text,,,3,ICD-11-WHO:XM0Z07
9d40eb8f-48af-453c-b1b9-1d678dfb881f,,,Isotretinion,,Drug,Text,,,3,
74b1f909-5258-489b-829c-3fa3211ff6eb,,,Methoxalen + Pentosalen,,Drug,Text,,,3,
964a5b92-c431-4989-ab9b-58f58209a68e,,,Methyl Prednisolone,,Drug,Text,,,3,
d8bf558a-f124-4585-8b0c-ac43d92babe0,,,Aluminium Chloride,,Drug,Text,,,3,ICD-11-WHO:XM7FE1
2fe7fda6-1a49-49eb-99f2-ff5bb04de66c,,,Aminacrine (Aminoacridine) + Alantion,,Drug,Text,,,3,
17ebdd70-d0bf-460d-8f72-2145d16158ae,,,Paraffin Guaze Dreassing,,Drug,Text,,,3,
7df86e71-ea68-4773-a66d-22ae52ca96bb,,,Pimecrolimus,,Drug,Text,,,3,ICD-11-WHO:XM5DF2
4e01aacc-8e95-407a-b17e-3d52564f0a35,,,Azathioprine,,Drug,Text,,,3,ICD-11-WHO:XM99R8
6913747f-89c7-4bdc-992f-c155f8d103bd,,,Bleomycin,,Drug,Text,,,3,ICD-11-WHO:XM0VU1
f14e1ca8-61ee-4809-b26f-cf1a1e31bad0,,,Busulfan,,Drug,Text,,,3,ICD-11-WHO:XM7WX6
a71f42ca-d83c-4f94-b349-fc7c8b916e97,,,Capcetabine,,Drug,Text,,,3,
0d2cbcab-c640-45c2-a4f0-b6dc17479391,,,Chlorambucil,,Drug,Text,,,3,ICD-11-WHO:XM5TX7
e5749ba3-716f-486b-9055-7323d5f66a2e,,,Cisplatin,,Drug,Text,,,3,ICD-11-WHO:XM05M0
71f7e70f-5db5-4e02-a189-27ac95921843,,,Cyclophosphamide,,Drug,Text,,,3,ICD-11-WHO:XM7SY9
5e542a1b-ba13-4ae9-b39f-d41c2f66f9f0,,,Cytosine Arabinoside (Cytarabine),,Drug,Text,,,3,
3bd57580-9d7c-4b10-affa-dcea51be218f,,,Dacarbazine,,Drug,Text,,,3,ICD-11-WHO:XM32Y8
becff046-845e-460f-9b76-b4228b2c46ea,,,Daunomycin Hydro Chloride (Daunorubicin),,Drug,Text,,,3,
ef9911ee-892c-4443-8a03-0f5ef9fd869b,,,Etoposide,,Drug,Text,,,3,ICD-11-WHO:XM9VL7
b531743e-b0b3-47db-a915-825cfc22e4db,,,Filigrastin,,Drug,Text,,,3,
afe0afab-0633-46f5-84a3-e3a8a7d2e2c4,,,Granisetron HCL,,Drug,Text,,,3,
c4812bf6-ea6b-4ab9-ab93-d03d7c73a721,,,Ibandronate,,Drug,Text,,,3,
d3fc834b-b4ec-4f83-8fd7-ceaef97c90aa,,,Mechlorethamine HCL (Nitrogen Mustard),,Drug,Text,,,3,
db5a075c-b5f8-4124-9410-af40ce142f29,,,Melphalan,,Drug,Text,,,3,ICD-11-WHO:XM2VC7
b806ed4e-1864-44c3-b607-72b64dfb89e3,,,Mercaptopurine,,Drug,Text,,,3,ICD-11-WHO:XM1SK9
220c7890-ef7f-4e7a-9df8-33df6c44e981,,,Methotrexate,,Drug,Text,,,3,ICD-11-WHO:XM7KT0
dd9293c3-80ba-41f7-a9f7-265b4b344a20,,,Ondansetrone,,Drug,Text,,,3,
208922d8-38ec-449b-ae27-d515ce94c40f,,,Procarbazine HCL,,Drug,Text,,,3,
cfba7508-3cb4-4aa7-9325-e4e70b289bd0,,,Rituximab,,Drug,Text,,,3,ICD-11-WHO:XM3AY3
1d6413b9-65b8-4dab-a667-68a0352a17a9,,,Tamoxifen Citrate,,Drug,Text,,,3,
5bae7976-7c5c-4c01-bc0f-ccf1e60bfa2b,,,Thiotepa,,Drug,Text,,,3,ICD-11-WHO:XM8QS9
e45439ea-311b-4625-a9da-915726ef5dbb,,,Vinblastine,,Drug,Text,,,3,ICD-11-WHO:XM0BG8
3c69eafc-7439-4804-8036-ca72eb3736d3,,,Vincristine Sulphate,,Drug,Text,,,3,
065d751f-3496-439a-8e2b-e2df9ced551b,,,Diphenoxylate HCL + Atropin Sulphate,,Drug,Text,,,3,
5511aa97-10ec-400c-aed7-992b798d6ec2,,,Zinc Phosphate,,Drug,Text,,,3,
c1461f9a-1634-4887-adfb-d4c134e3b5c6,,,Pancreatin,,Drug,Text,,,3,ICD-11-WHO:XM6HM1
143dd05c-b992-433e-a7d2-e26c0bf8eb47,,,Bismuth Subgallate Compound,,Drug,Text,,,3,
b4900ae0-1fac-4377-83f6-6d72ffb3f97c,,,Bismuth Subgallate With Hydrocortisone,,Drug,Text,,,3,
ef6467d2-1eb0-4a1b-a2b9-fd6f6b12bd6d,,,Lidocaine + Aluminium Acetate + Zinc Oxide + Hydrocortisone Acetate,,Drug,Text,,,3,
ef8108d3-6af6-4de9-9ccb-841bcbf1b7ae,,,Prednisolone Caproate + Dibucaine Hydrochloride Hexachlorophene +Clemizole Undec enoate,,Drug,Text,,,3,
18f2bf4d-dc0b-4726-be0f-593d13f68e7f,,,Fluvastatin,,Drug,Text,,,3,ICD-11-WHO:XM5UF1
c0de0eed-55fb-44ea-8185-2e2050294685,,,Diltiazem HCL,,Drug,Text,,,3,
d97206df-9181-4f01-aa38-0fff071b7e56,,,Teltorodine,,Drug,Text,,,3,
611494e8-abc0-42d5-9c8f-7138faaa709d,,,Calcium Folinate,,Drug,Text,,,3,ICD-11-WHO:XM7BJ9
7a79bd2b-c899-443c-b116-29d28218cba6,,,Aluminium Hydroxide + Magnesium Hydroxide + Simethicon,,Drug,Text,,,3,
e2e2fa1a-0c7f-4a7a-b719-7b9af976e688,,,White Petrolatum,,Drug,Text,,,3,
fffd2f27-64d7-4fbd-84a3-b945bca45f6d,,,Strychenene Sulphate,,Drug,Text,,,3,
fb5713ac-cf70-462a-a1e7-92082180f95f,,,RHZ (Rifampicin + Isoniazid + Pyrazinamide),,Drug,Text,,,3,
404516e3-7f4a-465d-bfec-55827d8edf36,,,RH (Rifampicin + Isoniazid),,Drug,Text,,,3,
a85c42cd-89a6-4ac7-89fd-7aaad60ac53c,,,Diphinhydramin Hcl + Ammonium Chloride,,Drug,Text,,,3,
af26be25-17c0-4c94-b007-c6564c05ca8c,,,Theophylline + Ephedrine,,Drug,Text,,,3,
f1da1e4f-f1ae-4479-80e3-d0fb66c85af6,,,TT Vaccine (Adsorbed Tetanus Toxoid Vaccine),,Drug,Text,,,3,
f964c1c6-1ba1-42dd-b2d7-79cd60f40607,,,TOPV (Trivalent Oral Poliomyeltis Vaccine),,Drug,Text,,,3,
121788a8-43d5-43fe-8733-09a160b7de01,,,Iodized Oil,,Drug,Text,,,3,
61015b67-827b-4b52-a8c0-6f3a7e82b67f,,,Artemether + Lumefanthrine,,Drug,Text,,,3,
2ec73191-4efe-4de9-9ed4-fdc892219194,,,Meningities Antiserum,,Drug,Text,,,3,
ee59850c-520e-4981-891c-045668f959d3,,,Meningities Vaccine,,Drug,Text,,,3,
8b0ef7bb-200c-42a3-9045-c7625ca6a259,,,Indian Ink,,Drug,Text,,,3,
7dccaba5-a6de-47f0-965e-2b266b8bc07b,,,Aminosalicylic Acid Delayed,,Drug,Text,,,3,
07a6a437-bee0-4474-a5fd-ccf68f11e5bc,,,Ceftazidine,,Drug,Text,,,3,
4d6b1c72-d22e-40b2-9726-f7f48f36070f,,,Moxifloxacin,,Drug,Text,,,3,ICD-11-WHO:XM8147
f832fba4-6142-403d-81e6-66285b2c467d,,,Mycophenolate Mofetil,,Drug,Text,,,3,
99e03c97-876f-4354-aa3f-f87eb822752e,,,Tacrolimus,,Drug,Text,,,3,ICD-11-WHO:XM1661
ec082c3c-1be3-41fa-834f-e19afc001c9b,,,Vitamin D,,Drug,Text,,,3,ICD-11-WHO:XM5G71
21a602a8-d5cb-4817-83d4-b3ab694752b5,,,Cyclosporine A,,Drug,Text,,,3,
fdab668d-5d3d-4548-85d5-f6974b899373,,,Rotavirus Live,,Drug,Text,,,3,
2d34262e-9928-4bdb-9bc0-25cb39706ab4,,,Pandemic Influenza Vaccine,,Drug,Text,,,3,
6788d12f-2ddc-448a-8dd5-944d97b06ad7,,,Dipyrone,,Drug,Text,,,3,ICD-11-WHO:XM4T98
e0375c02-be80-4902-9409-95e6add748d4,,,WHO Diarrhoeal Disease Kit,,Drug,Text,,,3,
63a3675a-d22d-43f1-afcc-10d2edc7f323,,,Levonorgestrel,,Drug,Text,,,3,ICD-11-WHO:XM6U53
75d09c42-9c96-4b0d-8366-6569de192ead,,,Anti Haemorrhoidal,,Drug,Text,,,3,
7d27b393-d87e-4e42-89f9-7dd1491b628d,,,Etonorgestrol,,Drug,Text,,,3,
bb4a4dec-2f76-43f2-a5f3-9834c61c0d73,,,Kanamycin Sulphate,,Drug,Text,,,3,
cd0b5f4c-9012-45cd-a10e-6d7c149c9981,,,Artesunate,,Drug,Text,,,3,ICD-11-WHO:XM7Q22
ab8857ad-9644-4075-9e46-e6a644de41ba,,,Propofol,,Drug,Text,,,3,ICD-11-WHO:XM1903
ba361783-8e5b-4756-baeb-0a0e1ae49650,,,Bicalutamide,,Drug,Text,,,3,ICD-11-WHO:XM5FE9
3b1be442-945d-43df-b492-bf7ec7f0d8bc,,,Ifosfamide,,Drug,Text,,,3,ICD-11-WHO:XM7FY4
2cbf56bd-f637-4fb2-a8c1-33469aebd676,,,Resperidone,,Drug,Text,,,3,
774ff812-013c-43a3-8ad2-72e5859b2053,,,Thioridazine,,Drug,Text,,,3,ICD-11-WHO:XM4DG6
de6e384a-df36-4821-b1c7-427485ac9b67,,,Mifeprostone + Misoprostol,,Drug,Text,,,3,
be7efa5e-b1d1-4d11-a454-9b799951d1eb,,,Mesna,,Drug,Text,,,3,ICD-11-WHO:XM1JB5
41d03657-82a9-4542-9169-142967416dc2,,,Ferro Zinc C,,Drug,Text,,,3,
094e2e8b-8e9d-40fe-bfb5-abf3de17ce2f,,,Viscoelastic,,Drug,Text,,,3,
7647be3e-f7f8-43f0-9b16-a88499a5e991,,,Bronfenc,,Drug,Text,,,3,
2533d6c1-9b80-4d08-999c-6b6d322467c0,,,diluent of meningococal,,Drug,Text,,,3,
6a5d8d4a-9f50-4a23-a9c5-dae092b5f17d,,,Meglumine,,Drug,Text,,,3,
6543a51e-5e31-4915-83ff-23f3fc53e065,,,Filgrastim,,Drug,Text,,,3,ICD-11-WHO:XM93Q2
8adc3a84-35f3-4168-8435-2f29e0dfd71c,,,BOPV(Bivalent Oral Poliomyelits Vaccine,,Drug,Text,,,3,
8b1184f8-4d01-4407-98d5-e7d529864dd6,,,hydralazin hydrochloride injection,,Drug,Text,,,3,
9452a874-ff0b-4c20-8e80-087adaffe1f2,,,Thymoglobuline,,Drug,Text,,,3,
9d89f1e8-945e-458f-bfb9-df1a8cebe913,,,Capecitabine,,Drug,Text,,,3,ICD-11-WHO:XM40Y4
5f0add2d-c5a9-4330-92c7-8ff20001d61e,,,Addis Cure,,Drug,Text,,,3,
60df0148-5db9-45df-835b-9c035592eea4,,,Bleomycine sulphate,,Drug,Text,,,3,
f74c0c4c-8623-44f4-b39c-294ab2434bba,,,Fludarabine,,Drug,Text,,,3,ICD-11-WHO:XM9RH9
ce794990-ff02-4f69-8f58-e027c61c801f,,,carboplatine,,Drug,Text,,,3,
16c5a324-92cf-4a3b-8e82-96a04ff71227,,,meropenem,,Drug,Text,,,3,ICD-11-WHO:XM82S6
24949a67-9a08-4d8e-b47f-5d9d0bb4b54c,,,Therap Diet Sachet,,Drug,Text,,,3,
3d1b75dc-804f-4f09-8a1e-46b7ae036eb0,,,Azithromycin,,Drug,Text,,,3,ICD-11-WHO:XM1329
9c663c9a-3a1a-48f1-bb69-a102470e7b29,,,Lorazepam,,Drug,Text,,,3,ICD-11-WHO:XM85H7
31a86d4d-b66e-4be6-9b36-9908646a4dc0,,,Aciclovir,,Drug,Text,,,3,ICD-11-WHO:XM3MC4
e91f7083-533c-47a0-96a5-957231007d57,,,Bisiliximab,,Drug,Text,,,3,
5092d7b2-4bbd-4da8-b9eb-c700b4f4e036,,,Acarbose,,Drug,Text,,,3,ICD-11-WHO:XM9JV9
57606894-ddf7-4324-8c89-97c66c07752a,,,Cyproterone Acetate,,Drug,Text,,,3,
acf4b1ac-d7e4-46a9-a749-515a8c9a9ae3,,,Nimodipine,,Drug,Text,,,3,ICD-11-WHO:XM5TX8
22efeef9-db56-46d2-8ab9-c33cc5be002a,,,Bisiprolol Fumarate,,Drug,Text,,,3,
e7a30ea1-27e0-4ad0-ae94-96745ddbea7d,,,Valsartan + Hydrochlorthiazide,,Drug,Text,,,3,
94043534-b075-42cf-bfae-14e8c2a81d12,,,Irinotecan,,Drug,Text,,,3,ICD-11-WHO:XM0992
99dedadd-d1e7-4766-a962-1c02685a8ac6,,,Vardenafil,,Drug,Text,,,3,ICD-11-WHO:XM9AZ1
cab0f78c-1adb-4d76-9500-9bd8ee4ada59,,,Lamotrigine,,Drug,Text,,,3,ICD-11-WHO:XM6FN4
5173bb5e-9195-42e4-80ef-0220dc8bd263,,,Iron complex,,Drug,Text,,,3,
f1d467f5-58e3-4d98-bd5f-0a780ab2f1f2,,,Paclitaxel,,Drug,Text,,,3,ICD-11-WHO:XM5TC8
a8169f13-8755-425f-b492-071b316dcb99,,,Isoconazole + Diflucortolone,,Drug,Text,,,3,
e3227ed6-b26c-4459-96f8-f9f2391477a6,,,Gliclazide,,Drug,Text,,,3,ICD-11-WHO:XM2G21
6392ca73-ee00-458e-87f7-48e03d715099,,,L Asparaginase,,Drug,Text,,,3,
025ee2ee-a7f2-410b-a1e6-5643a82bde1d,,,Mycophenolate Sodium,,Drug,Text,,,3,
50c302c2-b710-4bcb-a042-8e6e84605ee1,,,Nilotinib,,Drug,Text,,,3,ICD-11-WHO:XM6BP0
aefc396b-a95b-4748-b463-3737808f10fb,,,Rosuvastatin,,Drug,Text,,,3,ICD-11-WHO:XM6NK5
5d585a8a-45dd-4b3a-b05f-379bbd474a06,,,Goserelin,,Drug,Text,,,3,ICD-11-WHO:XM8CG4
2ce284c9-a3e3-48ed-8c97-ff124a699c00,,,Latanoprost + Timolol Maleate,,Drug,Text,,,3,
8a9a2967-4ea8-4710-b7e6-3051a4053f8f,,,Zinc Oxide,,Drug,Text,,,3,ICD-11-WHO:XM7RG9
5e21efc1-28d2-416a-82bf-d8f6fea4fe49,,,Ursodeoxycholic acid,,Drug,Text,,,3,ICD-11-WHO:XM8MG9
537d6277-0af1-4688-aedc-55c16fb07081,,,Sulphametoxazole,,Drug,Text,,,3,
a87ff94d-445d-450c-8e63-9821c6a37318,,,suceptibility,,Drug,Text,,,3,
8efa26b7-6cdb-47f4-8ad7-5cec04a97e89,,,Esmolol,,Drug,Text,,,3,ICD-11-WHO:XM4AB1
0afd2c75-c480-412f-b7c8-5e3484f82e2a,,,Finasteride,,Drug,Text,,,3,ICD-11-WHO:XM8P68
ce4a2f6a-4003-4ff1-bfd4-314ff013a48f,,,Flutamide,,Drug,Text,,,3,ICD-11-WHO:XM3G31
d17898d6-2ecf-4e7a-9016-ab8771c38033,,,Linezolide,,Drug,Text,,,3,
7a70c2ed-dfa0-42fd-b924-cbb9ea78c0e1,,,Labetalol Hcl,,Drug,Text,,,3,
411ad0d1-1aa4-489e-bf18-3a8a06a6667b,,,Erythropoietin,,Drug,Text,,,3,ICD-11-WHO:XM9130
10564c88-39e5-482e-8cb2-b69309123a1f,,,Mebeverine,,Drug,Text,,,3,ICD-11-WHO:XM90R8
c48cbfaa-2c47-4ee4-82fe-bce03cc5c838,,,Etongestrel (Implanon) single rodw subdermal Implant with Applicator,,Drug,Text,,,3,
df9f789f-6388-4861-aecf-b7ebb4d244ea,,,Ultrasound Jel,,Drug,Text,,,3,
3ae06f5c-e48b-42d1-a1d5-e7bcf92bb07c,,,ReSoMal,,Drug,Text,,,3,
c2acaceb-f5fe-4f9b-9e62-c24ab537dc14,,,Paroxetine Hcl,,Drug,Text,,,3,
87e8faa9-785e-498b-9a9d-a40f0a547abd,,,Doxorubicin,,Drug,Text,,,3,ICD-11-WHO:XM7JU8
58832ac9-d58b-412b-9655-8cb5c86e8969,,,Bedaquiline,,Drug,Text,,,3,ICD-11-WHO:XM60U0
80edc292-3378-4f5c-8a92-063e5e879330,,,Linezolid,,Drug,Text,,,3,ICD-11-WHO:XM9WV9
f8242119-4e03-43eb-a019-9ced3950fa57,,,Tranexamic acid,,Drug,Text,,,3,ICD-11-WHO:XM8GE2
fc887f5a-d797-43a8-bacf-210029c50414,,,Eyefill H.D.,,Drug,Text,,,3,
015b1c96-4b91-4275-944d-d68a5af07d30,,,Lopinavir + Ritonavir,,Drug,Text,,,3,
49f9cf77-a011-479c-8361-87cb1a6bb0aa,,,Water Treatment and Purification,,Drug,Text,,,3,
a936278e-782a-44c2-89dd-ae315eb2bae2,,,HPV,,Drug,Text,,,3,
f5c785f9-e041-475a-8738-307c562ca906,,,Stabilization Center Kit for Emergency Health and Nutrition,,Drug,Text,,,3,
202fbbee-215b-49d3-a761-3b85add2ed95,,,Gabapentine,,Drug,Text,,,3,
79ca354b-0d57-4156-8dab-c0ec2a990675,,,Bisoprolol,,Drug,Text,,,3,ICD-11-WHO:XM8QC9
4829d3b7-6bef-47c5-97bc-7e2ce2f7213c,,,Celecoxib,,Drug,Text,,,3,ICD-11-WHO:XM63D2
069ab125-11e4-420c-820c-5549870c77a7,,,Meloxicam,,Drug,Text,,,3,ICD-11-WHO:XM1XY0
c93a7dee-0c51-4b9e-a0d1-653366c75964,,,Alphacalcidiol,,Drug,Text,,,3,
da4e6c78-193b-44a2-8209-7991bb3eaa07,,,Abacavir + Lamivudine,,Drug,Text,,,3,
4d9f6fc2-faa1-450f-8d1c-5f8c71836cb9,,,Mitomycin C,,Drug,Text,,,3,
da41b69e-caf3-4bb2-a846-7a77eaa8927b,,,Insulin Zinc Suspension,,Drug,Text,,,3,
1a37240c-b2c5-44fe-9257-58c36cb5a79f,,,Addis Cure Plus,,Drug,Text,,,3,
c3751700-df60-474c-afa2-021df3f9085e,,,Zinc Sulphate,,Drug,Text,,,3,
35081999-4b75-4ea1-a73f-a792cdf2a173,,,Mitomycin,,Drug,Text,,,3,ICD-11-WHO:XM21Z8
3ec032f5-9409-49d2-85dc-77235accba37,,,Hepatitis B vaccine,,Drug,Text,,,3,
78dfb465-b0ef-4b02-a53f-e591f426d343,,,Cytarabine,,Drug,Text,,,3,ICD-11-WHO:XM3ZN1
3ad2bc0e-d360-42a4-8dde-9b9301c1b844,,,Lactulose,,Drug,Text,,,3,ICD-11-WHO:XM7W31
8ba04e24-d8b3-4990-a02b-e3a3f10d9bcc,,,Chlorhexidine digluconate,,Drug,Text,,,3,
1bde3f8b-53eb-4484-835b-9a02ebfa731d,,,Desloratadine,,Drug,Text,,,3,ICD-11-WHO:XM2656
65f3a841-8ead-436e-8043-69fb8cabb504,,,Entacavir,,Drug,Text,,,3,
f6cd2275-4618-42fc-8624-2c40b9435171,,,Donepezil,,Drug,Text,,,3,ICD-11-WHO:XM62U1
b7631d16-53dc-4ce9-b4e4-8be4eff047a4,,,Methyl predinisolone Sodium Succinate,,Drug,Text,,,3,
4fe59005-598f-464f-8db8-f4cdc8498cfc,,,Milrinone,,Drug,Text,,,3,ICD-11-WHO:XM6JT4
f1a55240-d216-4cc4-9cce-3d4045cfb632,,,Naproxen,,Drug,Text,,,3,ICD-11-WHO:XM1KL8
b016955b-e51b-4a2b-92c8-fd71424f1fed,,,Pamidronate,,Drug,Text,,,3,
75a52288-782d-49b8-914c-7c0d3b7da6c1,,,Hydroxychloroquine Sulfate,,Drug,Text,,,3,
4531310e-fe90-4c21-a061-e83213475464,,,Letrozole,,Drug,Text,,,3,ICD-11-WHO:XM2J37
c5c9458a-d449-41c6-8a56-2cf39787c65d,,,Thalidomide,,Drug,Text,,,3,ICD-11-WHO:XM6B78
6bed863e-3a39-4cd6-bd29-40014d971c1f,,,Anastrazole,,Drug,Text,,,3,
4c50e714-1199-4c4f-a28d-8e93f0f9ab0b,,,Deferasirox,,Drug,Text,,,3,ICD-11-WHO:XM12X8
90c85456-0f8f-4b0d-b8d1-0861c5396af2,,,Docetaxel,,Drug,Text,,,3,ICD-11-WHO:XM5U86
d77606b1-2233-4183-8813-77c20a66aa81,,,Lenalidomide,,Drug,Text,,,3,ICD-11-WHO:XM5Q10
6ea3cf62-cdbb-42b0-bbde-1a29c3a1985b,,,Vinorelbine,,Drug,Text,,,3,ICD-11-WHO:XM1Y07
afc920ba-6b48-48ad-bf43-6256cc0347e2,,,Thioguanine,,Drug,Text,,,3,
6c71ccdf-1188-4ab7-8ae4-ccf930873ebb,,,Lomustine,,Drug,Text,,,3,ICD-11-WHO:XM2G49
c3917f9c-c478-4331-ac0e-32be72289631,,,Delamanid,,Drug,Text,,,3,ICD-11-WHO:XM1FD5
13f54e4d-aa17-4633-a2c4-d125b7b1d2a0,,,Recombinant Human Erythropoietin,,Drug,Text,,,3,
120bbfba-63c0-4a38-9f5e-9abaccea78cc,,,Cholecalciferol (Vitamin D3),,Drug,Text,,,3,
64f570ea-b7d2-4515-b8dd-e68c6d0c8602,,,Econazole,,Drug,Text,,,3,ICD-11-WHO:XM5XH3
35563a89-59d8-4664-95c8-77b31969a6d6,,,Ketorolac,,Drug,Text,,,3,ICD-11-WHO:XM8M52
0b143f53-a474-44a4-adf3-26c71f2b3931,,,Ketorolac Tromethamine,,Drug,Text,,,3,
9777a28c-dcb9-401c-8ed0-c6e4a87574a1,,,Prednisolone Acetate,,Drug,Text,,,3,
1254991a-e234-493e-b552-96a624ddd3a2,,,L Thyroxine,,Drug,Text,,,3,
c818569c-0e72-433b-bb7d-c412b9020ef3,,,Filgrastin,,Drug,Text,,,3,
51ca2cec-2669-47ca-a294-d2605c0a3f37,,,Vitamin A (Retinol),,Drug,Text,,,3,
81465a64-e5a0-46f0-96b3-d938219c620d,,,Fetal Bovine Serum (FBC),,Drug,Text,,,3,
6f2dafbb-358a-4892-b1e8-d9296d1c3ad4,,,Meningococcal Conjugate Vaccine,,Drug,Text,,,3,
ff65cad1-f500-4b58-a087-a64034a2e0fe,,,Dorzolamide Hydrochloride + Timolol Maleate,,Drug,Text,,,3,
e1786214-2f47-44a6-b988-c85b98f0f99f,,,Latanoprost,,Drug,Text,,,3,ICD-11-WHO:XM5130
ec947f62-c4c2-469f-aa41-ce96cb4085fc,,,Bortezomib,,Drug,Text,,,3,ICD-11-WHO:XM5Z86
07c9a047-0d5a-4fb2-aedc-8f831bababd2,,,Cefuroxime Axetil,,Drug,Text,,,3,
7981dd0b-184e-4ce3-a746-64ea91228352,,,Zidovudine (Azidthymidine) (AZT),,Drug,Text,,,3,
52ccd06f-63d6-427d-b713-f02b3ed6ad8c,,,Vitamin B6 (Pyridoxine HCl),,Drug,Text,,,3,
b8c4f8f3-4862-49eb-965e-df86a2c6454a,,,Ephedrine Hydrochloride,,Drug,Text,,,3,
50523540-1f2e-4f8c-ba3e-6dc94a157dc3,,,Vecuronium Bromide,,Drug,Text,,,3,
0c4ace53-a3e2-4f41-b4f1-062026311842,,,Decarbazine,,Drug,Text,,,3,
c5534b56-b734-4732-a14c-542886b3b632,,,Daunorubicin Hydrochloride,,Drug,Text,,,3,
a9c30e5d-ac51-4f6b-98f6-690aaa804d47,,,Doxorubicin Hydrochloride,,Drug,Text,,,3,
b292e482-dace-4fd6-a473-18c586eee1ad,,,Oxaliplatine,,Drug,Text,,,3,
bc86215c-6513-4742-abe3-cda6984997d9,,,Fluconazole + Sodium chloride,,Drug,Text,,,3,
09a85163-7723-4420-9db1-b62c1b31b7b6,,,Aztreonam,,Drug,Text,,,3,ICD-11-WHO:XM3DB8
5489fc1d-b732-494f-8e25-f0b756298de5,,,Benzoic Acid + Salicylic Acid,,Drug,Text,,,3,
84129a84-8e9b-4fca-8bc0-e3c9e6d87a8b,,,Multi Bacilary (MB) Adult,,Drug,Text,,,3,
b54c1d2e-af90-4341-86a7-8474a23d416e,,,Erythromycin Stearate,,Drug,Text,,,3,
ffa9d0f2-2d91-49db-8b91-c4ee282edfe0,,,Water Treatment and Purification(Sodium Dichloroisocyanurate),,Drug,Text,,,3,
910870eb-c0f5-429e-95a9-0d832fe040b7,,,Cycloserine A,,Drug,Text,,,3,
21f02fb5-69a9-4619-83f4-2ced44cce9a0,,,Rabies Vaccine (With VVM),,Drug,Text,,,3,
5a788098-e29c-49c3-bc84-b975f9ae18fd,,,Bupivacaine Hydrochloride + Adrenaline,,Drug,Text,,,3,
5dac6b0a-3a9d-4477-9eb7-c6fff9cb4aba,,,Chlorpromazine Hydrochloride,,Drug,Text,,,3,
23a4d86c-e135-4f6d-8943-2d285d5602ca,,,Acetylcholine Chloride,,Drug,Text,,,3,ICD-11-WHO:XM1EC3
915e6b34-7afe-45da-8895-cb319e87b203,,,Bromfenac Sodium,,Drug,Text,,,3,
82ec6fbd-0ee1-4d58-9386-e62debad278e,,,Aminosalicylic Acid,,Drug,Text,,,3,ICD-11-WHO:XM1X82
14105e13-ed04-4d92-b2ee-7a9131bc6da2,,,BCG (Bacillus Calmette Guerin) Vaccine,,Drug,Text,,,3,
8e17bc29-cc75-42f6-904a-c581a4df8800,,,"Plumpy Nut, Ready to Use Theurapeutic Food (RUTF)",,Drug,Text,,,3,
93526aa8-171e-4ffa-9af3-4f9df67eed50,,,Salicylic Acid + Lactic Acid + Polidocanol,,Drug,Text,,,3,
9ddf1086-93bc-4e63-b897-940781c59042,,,Pouse Baccilary (PB) Adult,,Drug,Text,,,3,
c9c35724-00d2-4dc7-a7aa-c2380950ec8c,,,Phenytoin (Diphenhydantoin) Sodium,,Drug,Text,,,3,
f29616d2-5361-43d2-ab94-c3fbcb736b7f,,,Diltiazem Hydrochloride,,Drug,Text,,,3,
915e6a62-5fbd-4fe5-abcb-d13c1da2489f,,,Ethamutol + Isoniazid (EH),,Drug,Text,,,3,
87326b53-ed93-4e5c-a81d-3eb33304f3be,,,Piperacillin + Tazobactam,,Drug,Text,,,3,
0b0639da-0bcd-48b9-8050-15357673418b,,,Dobutamine,,Drug,Text,,,3,ICD-11-WHO:XM4E14
881f6a1c-847a-4e83-b5f6-2ef250eec5d7,,,Cephotaxim Sodium,,Drug,Text,,,3,
7172f443-2fa2-4dc1-9a57-30626cf52b62,,,Topotecan,,Drug,Text,,,3,ICD-11-WHO:XM7ST9
73727842-b459-4136-bb8a-17a4b077273a,,,Ringer's Solution,,Drug,Text,,,3,
d1de79d6-28bc-4df3-a3d4-dd7693c08023,,,Isoniazid (INH),,Drug,Text,,,3,
8bc1610b-3071-4c79-a5eb-dc8efa6a10b0,,,Phenobarbitone (Phenobarbital),,Drug,Text,,,3,
b35753de-c787-412f-8512-040ea6479a5c,,,RHZE (Rifampicin + Isoniazid + Pyrazinamide + Ethambutol) + RH (Rifampicin + Isoniazide),,Drug,Text,,,3,
051e6b00-a041-4bd3-bd20-5a6ed8264126,,,Sodium Lactate,,Drug,Text,,,3,
1918d434-90eb-4bc0-8bd4-7495dd666002,,,Insulin Soluble Human,,Drug,Text,,,3,
28bdffdb-1b0a-46d7-8001-ca87319befe2,,,Timolol + Latanaprost,,Drug,Text,,,3,
fc6d5e84-f7f4-4566-ad52-819559065c8e,,,Cefotaxime Sodium,,Drug,Text,,,3,
416ae6ba-7ec9-4cbc-a4ff-9ca3fc794671,,,Gemcitabine,,Drug,Text,,,3,ICD-11-WHO:XM8GX9
0404349f-559c-479d-8410-6e571002b0b6,,,Anti Thymocyte Globulin (Rabbit),,Drug,Text,,,3,
660bc78a-49c0-4959-8a3c-3cdeea5a2ab3,,,Dextrose in Water,,Drug,Text,,,3,
cf23d95e-02fc-4835-b987-5b92a1862608,,,Zinc Acetate,,Drug,Text,,,3,ICD-11-WHO:XM3R55
ceca7250-895a-4420-a554-c6900e2bffd2,,,Flucinolone Acetonide,,Drug,Text,,,3,
d60b8c23-7289-4ae5-98be-f08f52a097fa,,,Icthamol,,Drug,Text,,,3,
a4e13c08-44bd-4e24-95fe-2cb645b539ea,,,Methyl Salicylate,,Drug,Text,,,3,ICD-11-WHO:XM6H69
e45c4787-f4a1-453a-ad35-8bd21e033120,,,Dexchloropheniramine Malate + Betamethasone,,Drug,Text,,,3,
43f94194-a537-4041-9d27-ce831a3aed90,,,Valganciclovir HCl,,Drug,Text,,,3,
e58b86d6-c69c-4c00-af26-04a8091ed551,,,Tramadol HCl,,Drug,Text,,,3,
ff5240f2-995d-4697-8ea8-51a2e224eb18,,,Vitamin K1 (Phytomenadione),,Drug,Text,,,3,
1d77cf90-3a55-489d-95b4-fdfdb7251333,,,Granisetron Hydrochloride,,Drug,Text,,,3,
8323dfbb-c45e-42b2-bb8f-17fc2b7ba2d2,,,Adenosine,,Drug,Text,,,3,ICD-11-WHO:XM62Q1
d9a8b420-82d6-4fe5-b805-813abcaeb925,,,Anti haemorrhoidal (Hydrocortisone + Framycetin + Cinchocaine + Esculoside),,Drug,Text,,,3,
4bda8f8a-a2b3-47ca-91d2-a988f44eb6d2,,,Oral Rehydration Salt,,Drug,Text,,,3,
daa35a06-5d4c-4144-89fb-183ba1d8b571,,,Rota Virus Vaccine,,Drug,Text,,,3,
850d9eab-fb68-4602-a501-c6464604dcb4,,,Dexamethasone + Gentamycine,,Drug,Text,,,3,
48744a95-0f40-4f8d-b644-59bd12dbcea6,,,Sodium Chloride (Normal Saline),,Drug,Text,,,3,
82de6c97-1d3e-4754-b883-80068d8e840a,,,Etonogestrel Training Kit,,Drug,Text,,,3,
99c25ce2-3be3-472a-8f89-593e70a55a4d,,,Allopurinol,,Drug,Text,,,3,ICD-11-WHO:XM9589
2a36d239-cfa6-4d82-ae2d-10c7e08a375b,,,Levodopa + Carbidopa,,Drug,Text,,,3,
325c37ff-189f-4f1b-8247-333be3efdc21,,,Cyproterone Acetate + Ethinyl Estradiol,,Drug,Text,,,3,
bbfb9e4d-c6b8-49dd-b35f-a4b4d6660419,,,Nitrofurantoin,,Drug,Text,,,3,ICD-11-WHO:XM09K7
79b77e75-c80d-404e-b6db-c4e546aeeade,,,Noradrenaline,,Drug,Text,,,3,
444ffe20-a823-476f-8993-17c62c241917,,,Albumin,,Drug,Text,,,3,ICD-11-WHO:XM6KC5
be13e46a-d2f4-4e7f-8171-3779728338dd,,,"Soda Lime, Carbon Dioxide Adsorbent",,Drug,Text,,,3,
a43e3582-4e0d-4f37-9f35-cfd8836c8d4f,,,Epirubicin Hydrochloride,,Drug,Text,,,3,
9d1fff42-62c5-435a-9fc6-01e63ddd7104,,,Hydroxy Propyl Methylcellulose,,Drug,Text,,,3,
c98a107a-3c92-4365-8abe-b17033afdce4,,,Azacitidine,,Drug,Text,,,3,ICD-11-WHO:XM92X1
1c9c4fca-be45-4100-a591-ded1a33eada3,,,Pantoprazole,,Drug,Text,,,3,ICD-11-WHO:XM86M3
962a978c-e104-4547-8667-536e5a28cc3d,,,Microbiology Carbenicillin,,Drug,Text,,,3,
e29f8a4c-ec71-4d36-8b00-951f600d26f4,,,Snake Venom Antiserum Polyvalent,,Drug,Text,,,3,
d4dbb8da-3f9d-449b-ba72-824abce5e6b3,,,Bupivacaine Hydrochloride,,Drug,Text,,,3,
ab3dfdc4-c783-41c5-b3c2-6fdf6d7f9c4f,,,Vitamin D3 (Cholecalciferol),,Drug,Text,,,3,
bebe3ea7-440c-47b1-abc8-c076de9032de,,,Anti Rho (D) Immune Globulin,,Drug,Text,,,3,
44a50db5-0cf5-4864-b962-258c56e29369,,,Tetrahydrozoline HCL,,Drug,Text,,,3,
9f13bef5-2ed9-4762-8d11-1d7dbbf3249e,,,Cefepime,,Drug,Text,,,3,ICD-11-WHO:XM1HW5
32d98ab0-5d7c-449d-aeeb-9eb550f303f6,,,Sodium Nitroprusside,,Drug,Text,,,3,ICD-11-WHO:XM2W66
117290ea-cb04-40ce-b16e-1e79b98a39cf,,,Betaxolol Maleate,,Drug,Text,,,3,
f7a80174-242a-4ef6-b923-b800f49a3e6d,,,Diphenhydramin Hydrochloride + Ammonium Chloride,,Drug,Text,,,3,
df5e3a06-9708-44bd-9cba-4ce101187d1b,,,Chlordiazepoxide + Clindnium Bromide,,Drug,Text,,,3,
f5252b83-9a89-4f44-81c0-caca8578e836,,,Danazole,,Drug,Text,,,3,
0adfc81b-c125-4398-a711-7fc573f0fa82,,,Cefuroxime,,Drug,Text,,,3,ICD-11-WHO:XM7VY3
f644047d-00f2-4e9b-9a0e-1ae40babbbc1,,,Fentanyl,,Drug,Text,,,3,ICD-11-WHO:XM76M8
007f4b64-fb72-42b2-9bf1-dd79e2ca81e3,,,Epirubicin,,Drug,Text,,,3,ICD-11-WHO:XM6LT8
95b77bc8-fb9c-4b10-a324-4334f5206ca7,,,Bendamustine Hydrochloride,,Drug,Text,,,3,
ea780f42-e1c4-46b3-9831-0dec6be3cb43,,,All Trans Retinoic Acid (ATRA),,Drug,Text,,,3,
4619419d-1d7a-4e29-8a4d-7b0a40e215fb,,,Prothionamide,,Drug,Text,,,3,
e597325e-91af-4480-adbc-ad1f2e6c12b4,,,Clinical Chemistry Albumin Liqucolor,,Drug,Text,,,3,
7a6099e5-346d-4d7a-837f-a027679bc2bc,,,Paromomycin Sulfate (Aminosidine),,Drug,Text,,,3,
b7d00f92-e40c-4c6d-ac9d-e001becc310a,,,Meglumine Antimoniate,,Drug,Text,,,3,
cb99666b-a901-4586-95d9-f98d36dfe6e5,,,Timolol Maletate + Dorzolamide,,Drug,Text,,,3,
4ef35e4d-41f7-4d0a-a968-7ca6fb242163,,,IUCD (Intrauterine Contraceptive Device),,Drug,Text,,,3,
348cf09a-7eb8-4ea7-882a-666314b36215,,,Citarabine,,Drug,Text,,,3,
b50dc483-a3ba-461b-8608-6904dd22f728,,,Lamivudine + Nevirapine + Zidovudine,,Drug,Text,,,3,
caf7338c-3ee1-4e82-a4f3-4c1c4d3e1098,,,Lamivudine + Zidovudine,,Drug,Text,,,3,
8bf7497d-f6e7-4c85-90db-35e5d7f63a49,,,Oseltamivir Phosphate,,Drug,Text,,,3,
bb5fa4fc-a778-4df9-a236-0d8e6dc8d410,,,Verapamil HCl,,Drug,Text,,,3,
ff10ee37-b116-4fc1-922a-cada885075b1,,,Goserelin Acetate,,Drug,Text,,,3,
1741debb-e276-4f4f-9908-9c8f96f39c5c,,,Chloramphenicol Sodium Succinate,,Drug,Text,,,3,
448920af-149f-4ee4-97fd-748227f3dc78,,,Vinblastine Sulphate,,Drug,Text,,,3,
2ee42fd9-7a22-413d-ac25-2569058e771d,,,Abacavir (ABC),,Drug,Text,,,3,
65b4d966-bf52-475f-abc9-7ae70305a21c,,,Testosterone Enanthate + Testosterone Propionate,,Drug,Text,,,3,
a391092b-1e36-4df2-b72d-e8580dbe319f,,,Lugol's Iodine for Medical Use,,Drug,Text,,,3,
52868fd0-07cf-4ddb-955b-210d212e5751,,,Vitamin C (Ascorbic Acid),,Drug,Text,,,3,
afaf2387-edf6-421e-b1e8-d66574d3261e,,,Lamivudine + Tenofovir,,Drug,Text,,,3,
4cd6f844-a3d6-4dc2-bdc9-49dc6b69d7fb,,,Pipracillin + Tazobactam,,Drug,Text,,,3,
a107cbec-9c0a-4f84-8110-3629c9ca6afa,,,Zoledronic acid,,Drug,Text,,,3,ICD-11-WHO:XM5908
2316a2ff-d159-4c61-bc09-560cf006210b,,,Dorzolamide Hydrochloride,,Drug,Text,,,3,
b572b883-8c2a-430a-81c0-38a2fff822c8,,,Procaine Penicillin Fortified,,Drug,Text,,,3,
7fc7ddd9-1282-43af-9f1f-1ab494cdf37f,,,Stabilizetion Centerkit for Emergency Health and Nutrition Containing Item No 1 13,,Drug,Text,,,3,
3a51724a-41d0-425b-ba33-9c230d8c4cf2,,,Chemical Indian Ink,,Drug,Text,,,3,
9d693609-2009-40b3-82be-ac91f66f30f4,,,Nitrofurazone,,Drug,Text,,,3,ICD-11-WHO:XM71W2
993e1af7-a60f-42a9-8658-b5c2041199c2,,,Prednisolone (Predin Pack) for 24 Weeks,,Drug,Text,,,3,
3c4991bf-aaac-4087-9e7b-9529e84248d0,,,Hydroxyurea (Hydroxycarbamide),,Drug,Text,,,3,
23207458-19d7-40f3-b871-241465ff8bb1,,,Arsenic Trioxide (ATO),,Drug,Text,,,3,
23975095-a5ed-4b53-8aed-0ff779160c95,,,Epoetin Beta (Erythropoietin),,Drug,Text,,,3,
a5503bd5-e489-4aa5-bdfe-6fff9dd89286,,,Dopamine Hydrochloride,,Drug,Text,,,3,
e3bf04fc-77d3-487b-8a8e-0211be11f5e7,,,Flurometholone,,Drug,Text,,,3,
6c85dc14-576b-46c6-a154-24e18f9f0d4c,,,Human Chorionic Gonadotrophin (HCG),,Drug,Text,,,3,
f48534a4-fe7e-48cb-87b4-c65143e59c47,,,Insulin Isophane Human,,Drug,Text,,,3,
403bd0de-245e-4232-a0e2-1ebd7e1ab696,,,"Plumpy Nut, Ready to Use Supplementary Food (RUSF)",,Drug,Text,,,3,
a80e8821-abd6-47c4-b2b1-716d03bedaf7,,,Multi Bacilary (MB) Child,,Drug,Text,,,3,
f10746f1-6d4c-4f68-aa24-78e189028d5e,,,Mupirocin,,Drug,Text,,,3,ICD-11-WHO:XM23B6
441e8f1e-daa8-4cc2-9f4b-33db54950e53,,,Ipecac,,Drug,Text,,,3,
63ac9240-2573-4f38-a6ec-48de55d819c9,,,Norethindrone (Norethisterone) + Ethinylestradiol,,Drug,Text,,,3,
6925e17a-18a3-474e-a763-783e2b3332da,,,Candesartan + Hydrochlorthiazide,,Drug,Text,,,3,
70914db3-750f-478d-b3c9-744109deb91b,,,Atazanavir (ATV) + Ritonavir (RTV),,Drug,Text,,,3,
0e807d1f-a60b-440b-9120-41f0fe1fc122,,,Captopril + Hydrochlorothiazide,,Drug,Text,,,3,
5278ca92-4374-4681-8917-8cdee585afde,,,TT (Tetanus Toxoid) Vaccine,,Drug,Text,,,3,
7b62ddf9-aabd-455f-9416-fbc477e70aab,,,Vitamine B12 (Cyanocobalamine),,Drug,Text,,,3,
836ab56d-dbb6-4ef6-8987-97d4f192c447,,,Flumazenil,,Drug,Text,,,3,ICD-11-WHO:XM2UQ5
2f50cf93-9656-4302-b66c-6ada87258658,,,Acetylcysteine,,Drug,Text,,,3,ICD-11-WHO:XM7372
ce9c30d4-b59e-434f-a3eb-123c4020ff1c,,,Cisatracurium,,Drug,Text,,,3,ICD-11-WHO:XM0SQ7
c75446ca-4dd0-47f6-89e8-07af7d95a0bf,,,Ampicillin Sodium,,Drug,Text,,,3,
1acdc126-cdcb-4857-bc1f-31d7b742f783,,,Fluorometholone,,Drug,Text,,,3,ICD-11-WHO:XM7MM0
b81b450e-1c5e-4041-b4b9-4e38726d5b25,,,Neomycin Sulphate + Polymixin B Sulphate + Dexamethasone,,Drug,Text,,,3,
fecd99ce-220c-4777-8a1e-da2ca84f8f3a,,,Streptokinase,,Drug,Text,,,3,ICD-11-WHO:XM1AV3
a45cb23c-efe4-482f-83e4-924bb452cd51,,,Pouse Baccilary (PB) Child,,Drug,Text,,,3,
fa52a044-d978-4efa-9e35-7ae76855ccc0,,,Levonorgestrel(D Norgestrel) +Ethinylestradiol + Ferrous Fumerate,,Drug,Text,,,3,
d38e66af-d044-4f9c-8216-ea5478850d66,,,"Tetanus Antitoxin (TAT), Equine",,Drug,Text,,,3,
217ceee5-0886-40f1-8bd5-d7b9e4e8d241,,,KY Jelly (Hydroxy Ethyl Cellulose),,Drug,Text,,,3,
5002ee91-690d-4868-84ca-df9d3389e451,,,Measles Virus Vaccine,,Drug,Text,,,3,
5d4de0cc-c382-42b0-917a-d5649e4ec40e,,,Betamethosone Diproprionate,,Drug,Text,,,3,
8d63f7af-8f89-4cb6-ac24-c8d99353e0bf,,,UL Cure (Benzanthine penicillin + Ciprofloxacillin + Acyclovir + Water for injection + Syringe),,Drug,Text,,,3,
685c4cc0-5e83-43a7-9f91-4d21b14a6925,,,Vitamin B1 (Thiamine HCl),,Drug,Text,,,3,
b01f7596-4c0a-4843-9696-184f94bb1b26,,,Microbiology Ceftazidine,,Drug,Text,,,3,
0b81a796-f92d-4de6-92c7-868a6ec9bf1c,,,Metronidazole + Miconazole,,Drug,Text,,,3,
9ca8a5a1-56c8-43fc-a22c-36e13413c2cf,,,Minoxidil,,Drug,Text,,,3,ICD-11-WHO:XM46T4
c8bba766-410d-4a73-8f5c-e77dfb0a1f34,,,Calcium Polystyrene Sulphonate,,Drug,Text,,,3,
68acb793-8f26-4466-a1c3-8688fe987ee5,,,Cefazolin Sodium,,Drug,Text,,,3,
893459f2-f938-4fee-837e-d7079236511c,,,Dextran 70 + Hypromellose (Natural Tear),,Drug,Text,,,3,
f6b7471a-0837-438b-b48e-27ed2a7243d6,,,Ferrous Fumarate + Folic Acid + Cyanocobalamine + Cuppric Sulphate + Manganese Sulphate,,Drug,Text,,,3,
20cbed50-a0d9-4352-8424-7d63bc395346,,,Naltrexone Hydrochloride,,Drug,Text,,,3,
ef8c2a1e-e6a3-4e29-bcaf-04cc2a55c946,,,Sofosbuvir,,Drug,Text,,,3,ICD-11-WHO:XM0ZZ5
8e0b1497-3b4d-444a-aa98-bd27cd175136,,,Betamethasone valerate,,Drug,Text,,,3,
d35297df-fa3e-4b89-9fd2-e993ba1d8b28,,,Carmustine,,Drug,Text,,,3,ICD-11-WHO:XM82H4
305e28ed-4c85-42ad-853e-af97955587d4,,,Leucovorin Calcium,,Drug,Text,,,3,
d4e01c6f-40ec-4165-a124-b31a4e3c73bf,,,Chlorhexidine gluconate + Cetrmide,,Drug,Text,,,3,
41cefa8e-3dbc-4f2e-ae4e-06104f37eb55,,,Aceclofenac,,Drug,Text,,,3,ICD-11-WHO:XM5W40
a45cde8f-c4b3-49f0-b166-6d6ba6c4b4d9,,,Rabeprazole,,Drug,Text,,,3,ICD-11-WHO:XM3M01
eb03bb1a-a669-46ae-9b3f-693c9a338283,,,Paracetamol + Pseudoephedrine + Chlorpheniramine,,Drug,Text,,,3,
e90f1e86-c852-476b-93ed-f5ad4fc13509,,,Chlorhexidine gluconate,,Drug,Text,,,3,
de3f5e9f-2ea6-4026-a543-7cf21daab855,,,Zinc ORS Co Pack,,Drug,Text,,,3,
9b2bf7c6-4cd2-4f1a-b348-536cb8f3014b,,,Silver nitrate pencilin,,Drug,Text,,,3,
03a5c81e-bc34-4d6e-a77d-19d3abc33cec,,,Ferrous Fumerate + Folic acid + Copper sulphate +Manganese sulphate,,Drug,Text,,,3,
9c08e73f-21d8-465b-98dc-4f5599159b15,,,Oxcarbazepine,,Drug,Text,,,3,ICD-11-WHO:XM69D6
e546d9f0-73f8-491a-84d7-047f6313184f,,,Abacavir (ABC) + Lamivudine (3TC),,Drug,Text,,,3,
9093db7a-5141-443c-97ce-c9d3d98d8530,,,Darunavir (DRV),,Drug,Text,,,3,
d937bd63-de3e-4407-a005-4dfaa905100d,,,Lamivudine (3TC) + Dolutegravir (DTG) + Tenofovir (TDF),,Drug,Text,,,3,
034219bf-5eb8-4e23-bf76-81330a072a84,,,Lamivudine + Efavirenz +Tenofovir,,Drug,Text,,,3,
71ccf551-b021-434c-bb5c-dec4cffc5f40,,,Raltegravir (RAL),,Drug,Text,,,3,
d2cb3932-1696-44bc-8d93-158b31b5ff0a,,,Ritonavir (RTV),,Drug,Text,,,3,
0d382b80-1751-49de-9f02-84cfd90302fb,,,Dolutegravir (DTG),,Drug,Text,,,3,
708a55eb-3907-4a94-adb5-f85833d8886a,,,Daclatasvir,,Drug,Text,,,3,ICD-11-WHO:XM41F6
d60ffc38-959c-4403-8572-cf2e9b048e38,,,Lidocaine HCL + Dextrose,,Drug,Text,,,3,
1ee6e121-7e1a-45bb-a9cd-e4dcc4156615,,,Monovalent Oral Polio Vaccine (mOPV2),,Drug,Text,,,3,
29bce6cf-58fd-420a-bdf9-825ec4c5dd81,,,Amilodipine,,Drug,Text,,,3,
4ff2dba4-9b3e-4363-a8fc-7e0800b17a28,,,Chemical Sodium Acetate,,Drug,Text,,,3,
c24fad1b-68a9-4608-b3b4-f6dca092146a,,,"Chemical Soda Lime, Carbon Dioxide Adsorbent",,Drug,Text,,,3,
aeb07599-8261-42cf-84b4-478f7d0d321c,,,Microbiology Streptomycin 10µg Disc,,Drug,Text,,,3,
cee25bd7-4132-4d75-ae89-a45154a11ec3,,,Lidocain Hcl,,Drug,Text,,,3,
14b6ba96-400f-4292-8e23-584a4f2d30dc,,,Bupivacaine HCL,,Drug,Text,,,3,
d587c82a-276e-4373-845c-c52f0aef89d2,,,Microbiology Imipenem 10ug,,Drug,Text,,,3,
9785b64d-c420-46fb-b067-ae0ce81ea81a,,,Valganciclovir,,Drug,Text,,,3,ICD-11-WHO:XM2RU2
bbd80603-807f-4cf7-8723-90c60ca02d70,,,Talc Dusting Powder,,Drug,Text,,,3,
e7aea33a-e35f-4e49-a040-5dc9ca3ffe28,,,UL Cure (Benzanthine penicillin + Ciprofloxacillin + Acyclovir),,Drug,Text,,,3,
6a5fc3a4-690a-48cb-9e30-f0694115a083,,,UL Cure (Benzanthine penicillin + Ciprofloxacillin + Acyclovir + Water for injection + Syringe + Male Condom),,Drug,Text,,,3,
d91b01da-eac6-4cce-8cd9-32664e51e031,,,Imipenem + Cilastatin,,Drug,Text,,,3,
2677ae0f-c446-4b3f-aaba-9c60d65e1fab,,,Addis Cure Plus (Azithromycine + Ceftriaxone + Metronidazole + Water for injection + Male Condom + Syringe ),,Drug,Text,,,3,
2bb6db8f-c1c7-43c1-8afd-c8353e52cc10,,,Cefazoline,,Drug,Text,,,3,
21f09696-d47f-4c5f-ba62-9b7858f10010,,,Microbiology Carbepenicillin 100µg Disc,,Drug,Text,,,3,
12d98dac-f501-4770-a4b6-983b3fa460da,,,Addis Cure (Azithromycine + Ceftriaxone + Water for injection + Male Condom + Syringe ),,Drug,Text,,,3,
ca0e2df7-ed26-4884-9de8-23bc4cccec87,,,Microbiology Ceftriaxone 30µg Disc,,Drug,Text,,,3,
ef3e0898-f356-4ee3-abcf-c321b3562c59,,,ICCM Non Malarious Kit,,Drug,Text,,,3,
b7b0215b-817d-425d-bbff-5e54cae9577f,,,Imipenem,,Drug,Text,,,3,ICD-11-WHO:XM7LA4
fdee2a3e-f748-4611-b291-b03640f8f4dc,,,Microbiology Bacitracin (BC) 10unit,,Drug,Text,,,3,
4f57e2dd-34a3-4a62-a28b-27055afefd5d,,,Gauze Bandage 12.5cmx5cm,,Drug,Text,,,3,
e399278d-ad3d-4d7e-a9d5-3c0e88014fc6,,,Meningococcal A Conjugate Vaccine,,Drug,Text,,,3,
b9bdab32-1781-47fb-9e9f-649eab2cf69c,,,Zidovudine (AZT),,Drug,Text,,,3,
1c29a847-75f6-4222-a431-7e99074beca9,,,BOPV (Bivalent Oral Polio) Vaccine,,Drug,Text,,,3,
16ede66c-9517-4cd3-a1df-25bbcb9a3fb3,,,Meningococcal ACW135 Conjugate Vaccine,,Drug,Text,,,3,
d87ebab2-3c22-4da3-8bda-fa74b228f6fd,,,ICCM Malarious Kit,,Drug,Text,,,3,
0bc04005-054f-4841-bd6d-62e4981fc8d9,,,Meglumine amidotrizoate+Nitro amidotrizoate,,Drug,Text,,,3,
ab14c574-800e-4771-a4c2-6558bc30d146,,,Measuring Tape 1.5m,,Drug,Text,,,3,
d710cee5-dd89-4d0c-be1f-fbf61071c7ac,,,Ledipasvir + Sofosbuvir,,Drug,Text,,,3,
102fa5e2-6c4f-4e65-ba5f-74de7cb056a6,,,Carboplatin,,Drug,Text,,,3,ICD-11-WHO:XM6Z30
494d0ffe-3762-4cdf-aa03-1eabbd8fec5e,,,Microbiology Clindamycin 10µg Disc,,Drug,Text,,,3,
b3a8cb86-739b-4182-bdc2-fcd2a9e006e6,,,Chemical Hydrochloric Acid Concentrated 37% Solution,,Drug,Text,,,3,
5cc8723f-0933-4f93-84c5-2f59de06add0,,,Irinotecan HCl,,Drug,Text,,,3,
eb3ff4db-58a8-48ad-86a4-2500d040d8fa,,,Alfacalcidol,,Drug,Text,,,3,ICD-11-WHO:XM3NT7
fccce593-0fdd-4d39-b501-e124921dbc00,,,Actinomycin D (Dactinomycin),,Drug,Text,,,3,
f59e930f-89c5-413d-a425-86cd7188547f,,,Naso Gastric Tube Sterile 10CH,,Drug,Text,,,3,
eba1785b-e1df-4856-b23e-c518acd9444e,,,Ferrous sulphate + Zinc Sulphate + Ascorbic Acid,,Drug,Text,,,3,
f8f7a0bc-6044-4e07-9f67-631a9ee03482,,,Ferrous Sulphate + Folic Acid,,Drug,Text,,,3,
ae745398-1b32-4445-a71b-19cf95f6b827,,,Heparin Sulphate,,Drug,Text,,,3,
78a985d0-a6c6-438e-be9c-c57c2fd37de8,,,Ferrous + Folic Acid,,Drug,Text,,,3,
65e5bd9e-7eb8-4c1b-b501-1208fd4aca50,,,Erythropoietin Alpha,,Drug,Text,,,3,
f701a27f-6505-4c9b-9863-64f5efbb1e91,,,Albumin (Human),,Drug,Text,,,3,
ebcfd999-bc19-413b-b0cf-40872db6aa7e,,,Iron Sucrose,,Drug,Text,,,3,
8a15bb44-95a8-4ba3-831a-c523a9a3caa1,,,Enalapril Maleate + Hydrochlorthiazide,,Drug,Text,,,3,
3b44dd1f-315d-4a28-a670-895d3159350e,,,Chemical Gram's Iodine 0.33% Solution,,Drug,Text,,,3,
438e78ba-7cc0-49a3-a35b-89e213a020ce,,,Chemical Methylene Blue 0.5 % Solution,,Drug,Text,,,3,
8b2c5066-e296-4810-be0f-4a3694fc97ea,,,Polygeline + Na+ + K+ + Ca++ + Cl Solution,,Drug,Text,,,3,
cb4ec303-c31a-468f-bb39-347b49112d36,,,Chemical Formalin 10% Solution,,Drug,Text,,,3,
f08b45ae-bcde-42e8-ad7e-3080b7c55ca1,,,Chemical Carbol Fuchsin (Basic Fuchsin) 0.30% Solution,,Drug,Text,,,3,
8c36f228-bec7-410d-83fa-d2624813481a,,,Chemical Wright Stain 0.30% Solution,,Drug,Text,,,3,
c8f935a9-e5a2-493b-b3ba-49e59c931433,,,Chemical Hydrochloric Acid 0.1N Solution,,Drug,Text,,,3,
468a9445-6f0a-4a1b-ba57-efcb92a3a5eb,,,Chemical Propoxure Wp 50%,,Drug,Text,,,3,
d0b16840-e1b4-4099-bb8e-f907874c2a58,,,"Pasteur Pipette 5.8ml,Non Graduated",,Drug,Text,,,3,
55a2f9a7-e5aa-4131-9864-06ff47565a47,,,Etonogestrel Placebo,,Drug,Text,,,3,
edcde4d9-6f65-4355-ad25-4a9a0937d70f,,,Insuline Isophane Biphasic (Soluble/Isophane Mixture),,Drug,Text,,,3,
6b7e97f0-0e2d-48be-a033-5494c589ee83,,,Microbiology Streptomycin 10ug Disc,,Drug,Text,,,3,
85e6260d-e819-48ba-9da3-e5be01d4d905,,,Levonorgestrel (Jadelle),,Drug,Text,,,3,
7c819eae-90e5-4747-a60b-9a820ac394be,,,Etonogestrel (Implanol),,Drug,Text,,,3,
7729b519-63d1-4f26-9fb7-5333c4e8970c,,,Etonogestrel,,Drug,Text,,,3,ICD-11-WHO:XM94C4
62569a7a-5bf7-4867-a318-42181d6648d0,,,Microbiology Amoxicillin + Clavulanic Acid 10 20µg Disc,,Drug,Text,,,3,
02e4f7e8-d278-411e-b4e0-d0f22df2bf2e,,,Chemical Carbol Fuchsin (Basic Fuchsin) 1% Solution,,Drug,Text,,,3,
28402e7d-7527-469c-8996-c54cf220013e,,,"Blood Collecting Bag, Single CPDA Anticoagulant 350ml",,Drug,Text,,,3,
7101d61a-cbad-4f76-b892-b2ab885c1be1,,,Hydrocortisone + Cinchocaine HCL,,Drug,Text,,,3,
1a730205-0325-4f45-8bd7-1e0c96fd58cf,,,Anti haemorrhoidal (Betamethasone Valerate + Phenylephrine HCl + Lidocaine HCl),,Drug,Text,,,3,
1da70bba-cf83-4857-bfc4-8e3d52c06cda,,,Chemical Zinc Oxide and Eugenol Liquid,,Drug,Text,,,3,
4e51c491-f1a4-4d6c-bdb2-0c1f7d22521a,,,Pneumeccocal Conjugate Vaccine (10 Valent),,Drug,Text,,,3,
d2b69643-e1eb-4327-bfc6-67f4aeab7db7,,,Meningococcal A+C Conjugate Vaccine,,Drug,Text,,,3,
4d57a908-4181-4851-8628-7a6360dd4932,,,TOPV (Trivalent Oral Polio Vaccine),,Drug,Text,,,3,
e87d8f3e-af6b-434e-b6e1-5e95aaa98e3a,,,MOPV (Monovalent Oral Polio vaccine),,Drug,Text,,,3,
08677abe-ab32-4cc4-b364-b8c9dac8205a,,,Microbiology Imipenem 10µg Disc,,Drug,Text,,,3,
56b00f2e-0108-4d3e-b726-a3c062691da4,,,Pneumeccocal Conjugate Vaccine (13 Valent),,Drug,Text,,,3,
758d8af2-1253-440c-af65-d4c6bf18aebc,,,Hepatitis B virus Vaccine,,Drug,Text,,,3,
5104a2b3-4be6-4eca-ae31-cac39228b1ef,,,Pentavalent (DTP Hib Hep) Vaccine,,Drug,Text,,,3,
43dfe309-18c2-4bc6-893e-deefb2f753f3,,,Basiliximab,,Drug,Text,,,3,ICD-11-WHO:XM6FT1
aff2d420-e3c7-4bb8-8dd4-bcd82f59616d,,,"Therapeutic Spread, Sachet 92g/CAR 150",,Drug,Text,,,3,
802338ce-717e-4547-857c-b4bb65b34a65,,,IPV (Inactivated Polio Vaccine),,Drug,Text,,,3,
d65f4f1b-43a4-485c-906a-07d44a0acc98,,,Human Papillomavirus (HPV) Vacine,,Drug,Text,,,3,
f38c0cc2-1af1-427c-b59a-ac40c840a6d1,,,Epoetin,,Drug,Text,,,3,
549432da-d1a5-42ca-9937-8b78fc8ee372,,,Vancomycine,,Drug,Text,,,3,
a87e1f2c-4e3c-4720-a10f-0b935ec2be46,,,Urea,,Drug,Text,,,3,
8902077e-556a-4b9b-b347-dd39113b997f,,,Ergotamine tartrate + Caffeine,,Drug,Text,,,3,
5aecfe90-eb33-4eea-9373-02e103030c32,,,Chemical Malachite Green 0.5%w/v Powder,,Drug,Text,,,3,
99e84091-cd45-43e5-b7c1-bb0898bc0087,,,Microbiology Gentamyicin 10µg Disc,,Drug,Text,,,3,
c7804b57-80b5-4a64-b698-016a5da83300,,,Microbiology Norfloxacin 10µg Disc,,Drug,Text,,,3,
0c50840a-8e14-4eaf-b300-61e3a2a5e274,,,Microbiology Furazolidone 10µg Disc,,Drug,Text,,,3,
c46ea9e4-9177-4eeb-bcdb-14da85c8cc24,,,Microbiology Tobramycin 10µg Disc,,Drug,Text,,,3,
678d8e42-7685-48e3-a7c9-1bee84e164bb,,,Microbiology Penicillin G 10µg Disc,,Drug,Text,,,3,
465e6f2a-1523-481a-8382-b00c7ec2e665,,,Chloramphenicol + Dexamethasone,,Drug,Text,,,3,
546f29f0-027f-4cad-b9c3-71b24c934c95,,,Chemical White Blood Cells Diluting Fluid (Glacial Acitic Acid) 2% Solution,,Drug,Text,,,3,
b7995cb5-2d6d-4b0f-ac6a-feb70acbd976,,,Natural tear,,Drug,Text,,,3,
c91343cf-0f53-4b2c-8eaa-b0b562013ed5,,,Dextromethorphan Hydrobromide + Potassium Guaiacol,,Drug,Text,,,3,
19b77325-43d5-4524-bd3a-15d3b181b256,,,Diphenhydramin +Sodium Citrate +Ammonium Chloride,,Drug,Text,,,3,
38cf52f9-428b-4cb1-9cb2-cd7ce4a2c1a6,,,Ephedrine HCL+ Potassium Guanaclosulphate,,Drug,Text,,,3,
3b71200a-c6d0-41eb-986a-2a84c9320b6d,,,Chemical Acetone Alcohol 50% Solution,,Drug,Text,,,3,
d2a8aac5-7ddc-46d3-9e74-35dc6ee1aa65,,,Ringer’s Lactate Solution,,Drug,Text,,,3,
cfe63ef7-062a-4e01-80dc-c4fef4ee6402,,,Magnesium Oxide,,Drug,Text,,,3,ICD-11-WHO:XM7G33
f28079c7-00da-4129-b86e-83a24b2a7aaf,,,Diphenhydramin + Ammonium Chloride + Ephedrine,,Drug,Text,,,3,
739c6875-6417-4ebf-b430-dee253ded64b,,,Calcium,,Drug,Text,,,3,ICD-11-WHO:XM8KC2
936bbbb9-3de4-44c3-86b3-94b5898bda04,,,Cephazolin Sodium,,Drug,Text,,,3,
28dc5ef4-25e4-448d-8f77-fc41d81a1fff,,,Decitabine,,Drug,Text,,,3,ICD-11-WHO:XM1458
19d88751-898a-43fe-a02a-7ec4f58f9b29,,,Benztropine Mesylate,,Drug,Text,,,3,
ca4e1493-26ae-4da3-acfb-1092b431b7c0,,,Anagrelide HCL,,Drug,Text,,,3,
51dd1a3c-601c-4755-907a-18028e7db64a,,,Imatinib Mesylate,,Drug,Text,,,3,
f22e52ee-c7c5-459f-8214-f1332368446d,,,Temozolomide,,Drug,Text,,,3,ICD-11-WHO:XM3VF4
91f0f3ed-fab4-451f-8b50-a9977cc7f66e,,,Thymoglobuline (Anti thymocyte Globulin Rabbit),,Drug,Text,,,3,
ddd1c34a-522f-4322-bec8-07517d46bff5,,,Pegfilgrastim,,Drug,Text,,,3,ICD-11-WHO:XM4TX7
a297a0a7-867a-4281-bb9a-1065ce2c131b,,,Oral Cholera Vaccine (OCV),,Drug,Text,,,3,
90c2ab5c-ef50-482a-8b6c-91ac31c31f66,,,Glucose hyperton injection,,Drug,Text,,,3,
65c5ca53-5fbc-4361-b91d-aed6c60f5271,,,Gemcitabine Hydrochloride,,Drug,Text,,,3,
342afac5-ae06-4a1e-a80a-5ea2d5f61507,,,Amikacin,,Drug,Text,,,3,ICD-11-WHO:XM3X89
b4a95219-85f8-4e43-9c46-e161f48637e5,,,Heparin Sodium,,Drug,Text,,,3,ICD-11-WHO:XM4S57
19cebe68-2438-4fea-9631-d03755686fd0,,,Hydroxyethyl Cellulose,,Drug,Text,,,3,
25b89054-b0cf-4569-bbe6-04bc7735d5cc,,,Milrinone Lactate,,Drug,Text,,,3,
b99cc82c-716e-4bb1-95c4-0c6debc8fadc,,,Oxaliplatin,,Drug,Text,,,3,ICD-11-WHO:XM2LX1
49f94500-2c32-4875-946c-27adfbddf482,,,Mesalamine,,Drug,Text,,,3,
367cdcc1-f12c-4ca8-8d5c-a5c4ff9bf15e,,,Td (Adsorbed Tetanus and Diphtheria) Vaccine in Vial,,Drug,Text,,,3,
9e8b0efb-573e-4de1-b91a-eee475c384ca,,,Rifapentine,,Drug,Text,,,3,ICD-11-WHO:XM8MQ4
7d84f5ef-2c00-4895-8c9b-4c71e7cf0cda,,,Calcium Acetate,,Drug,Text,,,3,ICD-11-WHO:XM0VY0
49517d5a-62d1-433e-abe7-af7c63662a20,,,Prednisolone Caproate + Cinchocaine Hydrochloride,,Drug,Text,,,3,
e4f851fe-4e7e-4f96-8df4-8ff004728ee6,,,Montelukast,,Drug,Text,,,3,ICD-11-WHO:XM10P5
e4676706-b175-4279-a5a2-a2ef1062f6f5,,,Lidocain,,Drug,Text,,,3,
c8479cea-7f84-471d-a277-d24c0a824a09,,,Anti haemorrhoidal oint w/applicator(Betametasone Valarate + Phenylephrine HCl + Lidocaine HCl),,Drug,Text,,,3,
f1fb952e-b21d-44ed-b774-b76abd6f1bdb,,,Sertraline Hcl,,Drug,Text,,,3,
08789ef8-d1f9-45a2-9d6c-53cb19e8a9d6,,,Glucagon Hydrochloride,,Drug,Text,,,3,
b30d5025-d699-4919-9b43-4ea2d3004df8,,,Electrolyte and Vitamin Supplement,,Drug,Text,,,3,
a1412e6d-6336-4bf1-9aed-97cf72886b68,,,Atorvastatin,,Drug,Text,,,3,ICD-11-WHO:XM2WF6
49cbe97c-8547-4d73-b5c2-9398964ed41e,,,Ferric Ammonium Citrate + Folic Acid + Cyanocobalamin + Cupric Sulfate + Manganese Sulfate,,Drug,Text,,,3,
e323a615-ed02-4ce9-b157-33c0948542f6,,,Rifabutin,,Drug,Text,,,3,ICD-11-WHO:XM5QH8
160a7d72-277a-4fc3-9293-239c636c9e38,,,Prazosin HCL,,Drug,Text,,,3,
8149ad3c-ad05-428e-b627-f4e5fadc39b5,,,Escitalopram oxalate,,Drug,Text,,,3,
a366406a-5ae2-4b0d-a6c9-3b4bcf5e88fb,,,Budesonide,,Drug,Text,,,3,ICD-11-WHO:XM3UP9
77455d64-b697-4cf7-9461-22f4b7ded756,,,Polyvalent Ant Venom,,Drug,Text,,,3,
77e5d3c3-5d60-4f41-8605-06a41c09fad4,,,Cefdinir,,Drug,Text,,,3,ICD-11-WHO:XM2141
8a1f673e-fea3-425a-a7cc-1a9aef2e314a,,,Albuterol sulfate,,Drug,Text,,,3,
62799b95-3de5-4f73-b761-976edec134c6,,,Glyburide,,Drug,Text,,,3,ICD-11-WHO:XM6JN8
8d1fc9eb-6290-49bc-9754-3f4998f68ce3,,,Hydroxyzine Hydrochloride,,Drug,Text,,,3,
a9d6568b-875d-4966-9a3f-2dcd1342e55d,,,Olopatadine HC,,Drug,Text,,,3,
9aacceff-6cec-4a37-8c94-94b5d355d808,,,Petroleun jelly vaseline,,Drug,Text,,,3,
319d9064-930c-4718-b1f0-aaa09a3590fd,,,Sitagliptin + Metformine HCL,,Drug,Text,,,3,
8f94831f-5f41-432e-ba48-41236a8381b8,,,Aluminium Hydroxide + Magnesium Hydroxide + Simethicon + Sodium Alginate,,Drug,Text,,,3,
b4b351a8-f840-4fce-bed8-718ff3c5acdf,,,Rifapentine + Isoniazid,,Drug,Text,,,3,
90e4dd8a-8e21-4c17-9713-c40ca4ee1a76,,,Levofloxacin Dextrose,,Drug,Text,,,3,
b0b11642-d045-4d93-8a0e-899570c31bc3,,,Ezetimibe,,Drug,Text,,,3,ICD-11-WHO:XM5BK7
9ab2d3b9-e2d7-4217-a63a-419064a77140,,,Naloxone Hydrochloride,,Drug,Text,,,3,
ad15ffa4-f1d2-415c-a24f-59180913e7aa,,,Nabumetone,,Drug,Text,,,3,ICD-11-WHO:XM8WS4
63b6ce88-e66a-4e9f-960a-649ffa30d5b1,,,Buspirone HCL,,Drug,Text,,,3,
84b1a320-278c-45c6-923d-f39a1c515cf2,,,Lidocaine 5% + nova plus,,Drug,Text,,,3,
c422232d-2b17-46fd-8f99-6429f3030a05,,,Disopyramide phosphate,,Drug,Text,,,3,
e83643fa-6d9b-4423-a97e-2e535d6174f2,,,Vancomycin HCL,,Drug,Text,,,3,
d29d2ba9-b493-4477-8e41-4ec706d1c98a,,,Epinephrine,,Drug,Text,,,3,ICD-11-WHO:XM3273
dc8edbd8-baad-452e-9285-f5a445f96944,,,Venlafaxine HCL,,Drug,Text,,,3,
b0a994c0-d18b-407d-aa56-eae207fb88df,,,Amoxicilline + Clavulanate Potassium,,Drug,Text,,,3,
4bbcba55-1337-4160-b0d9-e2f0b0a3f39e,,,Polyvalent Anti Venom,,Drug,Text,,,3,
55ac494d-90f3-4b25-b067-dd7a42c743dc,,,Tobramycine sulfate,,Drug,Text,,,3,
a9487477-91e6-4a81-a273-8df455395077,,,Everolimus,,Drug,Text,,,3,ICD-11-WHO:XM69S5
fe84ee3c-bba2-4cb3-9546-3c45bc3e3466,,,Guanfacine HCL,,Drug,Text,,,3,
53c1b274-6761-47ac-830d-0546bcad4ed1,,,COVID 19 Vaccine Solution(With out VVM),,Drug,Text,,,3,
81dded6e-0706-405b-8ee5-83fdba963be0,,,Intrathecal Hydrocortisone,,Drug,Text,,,3,
389fe3c7-93e4-4c75-b31a-62f8d6ac8fcc,,,Fluocinolone Acetonide,,Drug,Text,,,3,ICD-11-WHO:XM4HA4
1c19268c-6222-4662-8e5d-b23c24e9c6cc,,,Ertugliflozin + Metformin HCL,,Drug,Text,,,3,
ddd1ee3a-cee6-4376-9c2e-87777ac7ab8a,,,sofosbuvir (SOF) + velpatasvir (VEL),,Drug,Text,,,3,
1b07038e-310f-470c-96f7-97b346e5e323,,,Ertugliflozin + Sitagliptin,,Drug,Text,,,3,
38ceaf35-7045-4070-b89f-9f7d80487f98,,,Metoprolol Tartrate,,Drug,Text,,,3,
0e8c8d41-73c8-4c62-bae8-d6698255ca20,,,Remdesivir,,Drug,Text,,,3,ICD-11-WHO:XM1ES0
181aae70-3e21-41aa-b010-0414d90507b6,,,Tamsulosin,,Drug,Text,,,3,ICD-11-WHO:XM3F82
ddcb3a6e-713b-4786-bf09-cd6be32617a7,,,COVID 19 Vaccine Suspension (With out VVM),,Drug,Text,,,3,
0a3ae2b9-21c7-4cfa-a53f-51bb08280bb8,,,Intrathecal cytarabine,,Drug,Text,,,3,
6c4fb9be-4be8-4a44-a188-94ab49ad58ac,,,Ertugliflozin,,Drug,Text,,,3,ICD-11-WHO:XM66V1
c76122f7-9754-49d9-8524-1ebbf480d3d8,,,Human Anti Rabies,,Drug,Text,,,3,
e91143e0-8fe5-49cd-82e8-11560545559b,,,Miltefosine,,Drug,Text,,,3,ICD-11-WHO:XM71Y7
6e6be090-6159-4655-bb4c-1206d506b46a,,,sofosbuvir (SOF) + Daclatasvir(DCV),,Drug,Text,,,3,
d549e17b-d35c-487f-b45a-1ecf6895111d,,,Novel Oral Polio vaccine type 2,,Drug,Text,,,3,
c3dd0c44-8be4-46ce-bdb3-9408706e9e38,,,COVID 19 Vaccine Diluent(NACL),,Drug,Text,,,3,
2b598736-bffc-4781-9741-fabd3fd369df,,,Insulin Glargine,,Drug,Text,,,3,
f1a551c4-eb3a-44c6-bda6-6e6a24ad1ae0,,,Lisinopril + Amlodipine,,Drug,Text,,,3,
57ee2e86-d8e0-4aa0-8979-aa1441c9f97f,,,Labetalol,,Drug,Text,,,3,ICD-11-WHO:XM8ER3
4b0bfd0e-a2f0-40cf-a4bf-d7661ff1e088,,,ORS(Sodium chloride + Trisodium Citrate dehydrate + potassium chloride +Glucose),,Drug,Text,,,3,
bc70823c-1ae6-4d71-a87e-f857ded074de,,,Sodium Fucidate,,Drug,Text,,,3,
8e437650-9d78-470c-b619-3d465be3d455,,,Paracetamol + Ibuprofen + Cafina,,Drug,Text,,,3,
d16d47c6-e044-4e68-95f1-0f1eaca4d5d9,,,Nadolol,,Drug,Text,,,3,ICD-11-WHO:XM69F3
254d96d6-1f93-4bfd-9c90-3cfd2dd28508,,,Rabies vaccine inactivated ( freeze dried),,Drug,Text,,,3,
9a614379-580e-43d1-83d1-b4dd5ae3eb2f,,,Chlorhexidine,,Drug,Text,,,3,ICD-11-WHO:XM7DZ3
e97bc553-b5ef-43df-9efd-7e2d7b0969c1,,,Universal Antidote (Charcoal + Tannic Acid +Magnesium Oxide,,Drug,Text,,,3,
213b685d-60dd-4a24-880f-94ff6809f25e,,,Hemostatic granules,,Drug,Text,,,3,
508a3fe5-a73b-4591-86ef-c27caee561b3,,,Gadodiamide,,Drug,Text,,,3,ICD-11-WHO:XM1564
dd5c3402-00eb-49f1-918b-f41a567530e1,,,Ciprofloxacin + Dexamethasone,,Drug,Text,,,3,
89461fea-4f6d-4735-a9c1-0c27312d0af2,,,Metoprolol succinate,,Drug,Text,,,3,
b2da0bfc-f818-4fe9-88c3-fd21b6623187,,,Pretomanid,,Drug,Text,,,3,
80fd74d0-e18e-4168-94aa-1485bf440953,,,Beclomethasone,,Drug,Text,,,3,ICD-11-WHO:XM3D85
0fd1b18e-8a7e-4739-bc25-c266607b6531,,,Lubricating Jel (Glycerin BP + Methyl paraben BP + Propylparaben BP,,Drug,Text,,,3,
57b3f98b-6c35-4058-a650-0c023d54c63f,,,Lubricating Jelly (Glycerin + Methylparaben + Propyl paraben),,Drug,Text,,,3,
5313c46f-eba1-4923-8ca9-a443dd32ff5c,,,Anti haemorrhoidal (Hydrocortisone acetate + Lidocain + Zink Oxide + Allantoin),,Drug,Text,,,3,
c2281e2c-13e8-4cb4-95e4-fca33f26d540,,,Intrathecal Methotrexate,,Drug,Text,,,3,
af426ac5-745c-4af1-8321-b9d5485fab9c,,,Aprepitant,,Drug,Text,,,3,ICD-11-WHO:XM1DC1
93e77849-f155-4301-9f3e-74053c56b500,,,Nirmatrelvir + Ritonavir,,Drug,Text,,,3,
55d8079b-35f2-4469-858e-0ea40cdc0547,,,Tropicamide 1% Eye drop,,Drug,Text,,,3,
69ccd6c9-b365-4d70-a7d4-df36e84b6169,,,Quetiapine,,Drug,Text,,,3,ICD-11-WHO:XM4G70
b4acb22a-f890-41f7-ab88-ad3153d28c3f,,,Clobetasone,,Drug,Text,,,3,ICD-11-WHO:XM6MJ1
7ccc0cf5-82cb-48dc-9085-15e371d07e55,,,Artificial tear (Carboxylmethyl Cellulose+Hydroxypropyl methyl cellulose ),,Drug,Text,,,3,
80a7ebf3-e1b3-4bb3-ae16-24061d426068,,,Risperidone 50mg/2ml in 2ml intramuscular injection with diulent (Depot),,Drug,Text,,,3,
2f1ccef2-ce7e-4e06-a8cf-fac510e9e931,,,Ciprofloxaciline + Dexamethason,,Drug,Text,,,3,
5a81ada6-f816-45ea-9779-a8a35fe39414,,,Bupropion,,Drug,Text,,,3,ICD-11-WHO:XM03E6
9ae65482-6aea-44f6-86c5-df7fb5d9fee6,,,Snake Venom Antiserum Polyvalent intravenous injection with Diulent,,Drug,Text,,,3,
cb224158-4979-4492-9af4-793f1042e38c,,,Phenytoin (Diphenylhydantoin) Sodium 250mg/5ml Intranvenous and intramuscular powder for injection with diulent,,Drug,Text,,,3,
aa4ecf82-def2-41e9-a679-ec9e75d98b63,,,Ethiosuxamide,,Drug,Text,,,3,
6b1ec46f-471d-4303-97ee-a628ede57a82,,,Dorzolamide + Timolol,,Drug,Text,,,3,
34ecf381-0b72-4202-9220-5479a48054f4,,,Tretinoin (retinoic acid),,Drug,Text,,,3,
0b6d9f5d-816b-44d9-8cfc-9163201c49c3,,,Metformin HCL + Glibenclamide,,Drug,Text,,,3,
775f547f-497f-4e00-b6d7-187780db70b8,,,Caffine Citrate,,Drug,Text,,,3,
8df49a43-df04-4b97-9f42-bdd5e477adfb,,,Dextrose 5% in Ringer lactate,,Drug,Text,,,3,
1239daee-bf94-448b-bc0f-e99fc436f68b,,,Hypertonic saline (Nacl 3%),,Drug,Text,,,3,
54b9293b-e7e6-43f3-86b5-1e77106377df,,,Dextrose 5% in 9% Normal saline with 20meq/l of KCL,,Drug,Text,,,3,
f9d1cc4a-c0b4-4fda-91c8-8b67c40329cd,,,Ready to Use Supplementary Food (RUSF,,Drug,Text,,,3,
e0b5be88-ce1c-40f7-b474-4cb3d4b01ce2,,,Dihydroartemisinin/Piperaquine (DHA PPQ),,Drug,Text,,,3,
279fdca5-7eb1-4df2-88cb-d549b157e656,,,Ketoconazole + Zinc pyrithione,,Drug,Text,,,3,
c032a22e-0641-4251-97f3-f167872ce39f,,,Artesunate rectal capsule,,Drug,Text,,,3,
90cbab90-1dd3-4734-823f-ac67a18ebd5a,,,Ready to Use Therapeutic Food (RUTF),,Drug,Text,,,3,
64af9147-6588-49d8-b75a-a3e7df0e8653,,,Fluocinolone + Neomycin,,Drug,Text,,,3,
c5f261a1-aa65-477e-9f76-103f1fce4f8c,,,Pregabalin,,Drug,Text,,,3,ICD-11-WHO:XM0AK1
9b44358a-88d2-4466-acdd-4a48a3896a93,,,Secnidazole,,Drug,Text,,,3,ICD-11-WHO:XM98K0
2de54e95-e537-4cca-ab18-ec87b847552e,,,Metformin HCL + Glimepiride,,Drug,Text,,,3,
22eb66be-5734-4deb-ba8b-f45f0bae55be,,,Injection,,Drug form,Text,,,3,
84229bb3-495d-4dad-a2a2-c74db642bf3d,,,Oral Suspension,,Drug form,Text,,,3,
93705b0d-4ff9-45e0-8a6a-6448750626cc,,,Suspension,,Drug form,Text,,,3,
96625ecf-6ec0-467e-a900-92f270c5267b,,,Tablet (Chewable),,Drug form,Text,,,3,
1de72010-ca11-41da-8268-c59d82a8d4ce,,,Mixture,,Drug form,Text,,,3,
1513AAAAAAAAAAAAAAAAAAAAAAAAAAAAAAAA,,,Tablet,,Drug form,Text,,,3,SNOMED CT:385055001;PIH:4020;AMPATH:1936;CIEL:1513;DAGU Item:50464
162356AAAAAAAAAAAAAAAAAAAAAAAAAAAAAA,,,Drop,,Drug form,Text,,,3,SNOMED CT:404218003;CIEL:162356;UCUM:drp
e190035d-d316-42be-a2cf-92e160db1ca3,,,Elixir,,Drug form,Text,,,3,
eec1745e-70df-4cac-a116-6fb69278f0c0,,,Oral Liquid,,Drug form,Text,,,3,
1518AAAAAAAAAAAAAAAAAAAAAAAAAAAAAAAA,,,Suppository,,Drug form,Text,,,3,SNOMED CT:385194003;CIEL:1518;DAGU Item:51202;DAGU Item:501085
dfa0284d-1be7-4141-960b-ee60103dd5b7,,,Oral Powder,,Drug form,Text,,,3,
1517AAAAAAAAAAAAAAAAAAAAAAAAAAAAAAAA,,,Ointment,,Drug form,Text,,,3,SNOMED CT:385101003;CIEL:1517
4123e0a5-9c78-4331-9766-5b7ea97235db,,,Scalp Application,,Drug form,Text,,,3,
3f3a1ea8-c49d-40ea-af75-8a9aaa9c6d6a,,,Cream,,Drug form,Text,,,3,
9d314aa2-6f9d-41cf-8f2b-14a34f04fc07,,,Tablet( Enteric Coated),,Drug form,Text,,,3,
fb1722ef-a313-4658-9262-d1861742dcc5,,,Tablet (Sublingual),,Drug form,Text,,,3,
1515AAAAAAAAAAAAAAAAAAAAAAAAAAAAAAAA,,,Syrup,,Drug form,Text,,,3,SNOMED CT:385032004;PIH:4026;AMPATH:1935;CIEL:1515
249ca2cc-76b3-4780-949e-f8e820ac6c37,,,Injection (Depot.oily),,Drug form,Text,,,3,
1608AAAAAAAAAAAAAAAAAAAAAAAAAAAAAAAA,,,Capsule,,Drug form,Text,,,3,SNOMED CT:428641000;PIH:4024;AMPATH:1938;CIEL:1608;DAGU Item:50579
160241AAAAAAAAAAAAAAAAAAAAAAAAAAAAAA,,,Inhalation,,Drug form,Text,,,3,SNOMED CT:447694001;HL7 2.x Route of Administration:IH;CIEL:160241;NCI Concept Code:C38216;FDA Route of Administration:136
d7f88dfd-05c0-47fc-8dce-1d23db6e45ff,,,Powder for injection,,Drug form,Text,,,3,
cc9a5bbb-a2e9-4bfe-a625-4a73167d0253,,,Eye Drop,,Drug form,Text,,,3,
f6c009bc-82a9-4955-b440-f89cd4a970f2,,,Injection in vial,,Drug form,Text,,,3,
353363c8-f01b-4bd8-b160-0ea1719bfcb3,,,Pessary (ovules),,Drug form,Text,,,3,
3d7e5b3e-1ad1-482a-8d36-54082598da19,,,Gel,,Drug form,Text,,,3,
cba1b6eb-141d-425d-b54b-bd1965676a22,,,Tablet (Vaginal),,Drug form,Text,,,3,
a951934f-d030-42b8-8e20-297e751db9db,,,Iv Infusion,,Drug form,Text,,,3,
d54df225-82aa-4755-add3-c0b4ef213605,,,IV Infusion (Injection),,Drug form,Text,,,3,
21b9a32e-a29c-4b2b-b199-78f36507aa72,,,Eye Ointment,,Drug form,Text,,,3,
3a10b4cc-0639-4c90-a1dd-f3bcab131216,,,Eye/Ear drop,,Drug form,Text,,,3,
437d3a06-cd94-4465-abb9-b2d28c45639e,,,Oral Gel,,Drug form,Text,,,3,
fcbd672e-72df-432f-9eda-624aab0013ca,,,Pastilles,,Drug form,Text,,,3,
ae41a720-afdc-4823-81c7-56446dfc9774,,,Lotion,,Drug form,Text,,,3,
c7f6e568-2e24-4d88-878c-746727188a6f,,,Solution,,Drug form,Text,,,3,
7c0aaefb-9695-478b-ab8f-f16f96043fd6,,,Tablet (for solution),,Drug form,Text,,,3,
162657AAAAAAAAAAAAAAAAAAAAAAAAAAAAAA,,,Liquid,,Drug form,Text,,,3,SNOMED CT:264312008;CIEL:162657
9d17a953-1bb7-4876-9118-92fe0ebb2be3,,,Cream (Vaginal),,Drug form,Text,,,3,
35430ebe-2ca2-453e-a23e-d17169462697,,,Linctus,,Drug form,Text,,,3,
153d67d3-1372-43ec-9eab-80a82d1a79b8,,,Shampoo,,Drug form,Text,,,3,
67b5bd6e-f702-46fa-9303-c62d37d3d635,,,Lozenges,,Drug form,Text,,,3,
3a3697bf-6232-4873-bea3-5d9099ee4c18,,,Aerosol,,Drug form,Text,,,3,
9241ce84-5594-4088-90a0-f0d5cb345315,,,Solution Nasal Drops,,Drug form,Text,,,3,
4bb509c4-b55a-4997-bc4d-51aed55ff064,,,Nasal Spray,,Drug form,Text,,,3,
3353e833-e165-4288-9267-5116addc007f,,,Jelly,,Drug form,Text,,,3,
9786265b-65af-4e53-a9ef-2c2afdd97627,,,Oral Paste,,Drug form,Text,,,3,
51ba0b5e-48d2-4d72-ab79-f7ed9d5cd7ba,,,Tincture,,Drug form,Text,,,3,
247cf3f3-78db-4ebd-9038-62b4ac63041a,,,Solution Ear Drop,,Drug form,Text,,,3,
154b217c-3fa9-4a3c-b69f-39486a8b86e0,,,Ear Drop,,Drug form,Text,,,3,
e3c78530-4088-4cbf-9df3-41e4887de7fc,,,Powder,,Drug form,Text,,,3,
1b372ed2-1326-48a3-8c1f-1080afb9fb03,,,Oral Solution,,Drug form,Text,,,3,
072a2b5d-8d02-4207-83b7-d52c78382cc6,,,Injection (Sulphate),,Drug form,Text,,,3,
ce570a0c-4935-4786-9ee9-46fb906b125a,,,Multiple Dose Injection,,Drug form,Text,,,3,
12e344f9-e0ce-4796-a50a-1d43c6fe5b21,,,Eye paper (sterile strip),,Drug form,Text,,,3,
162370AAAAAAAAAAAAAAAAAAAAAAAAAAAAAA,,,Patch,,Drug form,Text,,,3,SNOMED CT:419702001;CIEL:162370
162375AAAAAAAAAAAAAAAAAAAAAAAAAAAAAA,,,Spray,,Drug form,Text,,,3,SNOMED CT:419694003;CIEL:162375
c9e577f8-4e03-449d-8647-63895549571d,,,Tablet (Film Coated),,Drug form,Text,,,3,
adae50cf-99fc-4cb4-998c-c605fcebe6f6,,,Oral Drop,,Drug form,Text,,,3,
1b48aa80-3b68-486f-b957-37638536b2b6,,,Suspension (Granules),,Drug form,Text,,,3,
73c6f0ae-67e9-478f-882d-ab1486353619,,,Tablet (Scored),,Drug form,Text,,,3,
260cd6d6-723a-4b1a-b029-69d488f5e52e,,,Implant Capsule (Subdermal),,Drug form,Text,,,3,
bfa264bf-e589-44b0-b23e-d03977d73077,,,Injection (Aqueous suspension),,Drug form,Text,,,3,
52c80337-ebf5-4a68-af2a-6ebbcee8885e,,,Tablet (Soluble),,Drug form,Text,,,3,
7c8a6534-43a7-4870-a3cf-80cc0a8a48b7,,,Tablet (Microfined),,Drug form,Text,,,3,
08d3dfcf-f6cb-4f89-83a4-9b9908bd6c8d,,,Capsule(m/r),,Drug form,Text,,,3,
e50c7104-0289-4974-8303-24ff3c172290,,,Powder (Inhalation),,Drug form,Text,,,3,
d71b07da-8373-4bb8-8e5a-5856ee8e064c,,,Capsuls with Inhaler,,Drug form,Text,,,3,
b516d4f6-d04f-4e0a-a1aa-b542b7afe4f4,,,Tablet (Anhydrous),,Drug form,Text,,,3,
b96461ab-6c91-475b-bfb5-17536426e909,,,Injection(Highly purified),,Drug form,Text,,,3,
ccfc9530-4864-458d-943d-3e956635a1b6,,,Tablet (Biphasic),,Drug form,Text,,,3,
6786a191-9782-49ab-9310-6543d4d83aeb,,,Tablet (Monophasic),,Drug form,Text,,,3,
7348eb8b-9813-446c-896e-01da819eed82,,,Vaginal Cream,,Drug form,Text,,,3,
95c66961-1b89-4bc8-bb7f-1bb6b1f94ce7,,,Suppository (Vaginal),,Drug form,Text,,,3,
48289268-60ca-44a5-9f75-730580bb70f1,,,Tablet(Strong),,Drug form,Text,,,3,
f21f4923-c664-42da-a697-88f241273566,,,IV Infusion (Oily),,Drug form,Text,,,3,
73996ada-602a-49ba-ae57-7e547dc2710a,,,Pieces,,Drug form,Text,,,3,DAGU Item:50278
bdfd1998-32c9-49e1-8dae-ef47b5e9cdbb,,,Tablet (Foaming),,Drug form,Text,,,3,
ef063b0a-ae04-41fd-b390-d7931151a657,,,Dusting Powder,,Drug form,Text,,,3,
d4f6ce01-0fcf-4e97-8fb9-a0752ba912bb,,,Solution Eye drop,,Drug form,Text,,,3,
f23b813d-4e5a-44a0-acab-5c072499ae62,,,Eye Drop (Suspention),,Drug form,Text,,,3,
dbc26694-a6fc-4032-a7f3-e2e83dd0a25d,,,Injection (Sodium),,Drug form,Text,,,3,
ecef3b45-0407-4f12-b8ad-50328ae7b9bd,,,Cartridges,,Drug form,Text,,,3,
15387557-e25d-4e9a-ae72-9103fcfb697d,,,Injection (concentrated),,Drug form,Text,,,3,
37018449-26d7-49d9-a8ec-f9bea3e9c7e8,,,Powder for Solution,,Drug form,Text,,,3,
18f5ba96-3d05-41b9-a533-e098524719ce,,,Solution (Nebulizer),,Drug form,Text,,,3,
21330d79-4826-4022-882e-17105b4f148c,,,NA,,Drug form,Text,,,3,
633d6a60-10a4-47b1-971c-e0f3e025c00b,,,Doses,,Drug form,Text,,,3,
2a552417-1fbe-4567-9734-3df7522c4a76,,,Pcs,,Drug form,Text,,,3,
ab39ad92-1bf4-4d61-b686-0a2b90c97fd7,,,Tablet (Vaginal) with Applicator,,Drug form,Text,,,3,
19f9ff41-c8d8-4dec-9a78-031e29183984,,,implant rods (Sub dermal),,Drug form,Text,,,3,
7eaca5be-a5ee-47fc-a939-b2b9e240c682,,,Nasal Drop,,Drug form,Text,,,3,
08f535a0-fc55-45d1-8fba-51c300871a20,,,Intravenous Infusion with Giving Set,,Drug form,Text,,,3,
3203b90f-cb8e-417e-b936-73470292a265,,,Powder for Injection (Lyophillized),,Drug form,Text,,,3,
3718962b-c059-413b-91df-fe46c41db4f1,,,Powder for Injection(Lyophilized),,Drug form,Text,,,3,
c805e04e-a78a-4f6e-b69e-53ad5615c941,,,Topical Cream,,Drug form,Text,,,3,
98bfd188-6c63-48ee-bfe1-5e403191ef0c,,,Capsule (Enclosing Enteric Coated Granules),,Drug form,Text,,,3,
9381e9a9-c80e-4541-bee0-3b0e1628ef69,,,Injection with 1ml Syringe (Aqueous suspension),,Drug form,Text,,,3,
870ba061-6000-4643-b9ca-b9ce79748469,,,Intravenous Infusion,,Drug form,Text,,,3,
e20b79aa-1f6e-4fcd-be68-4d29e9fed716,,,Powder for Injection with 3ml Solvent,,Drug form,Text,,,3,
0559ac8d-c352-4f92-ae14-00dedbd8df30,,,Powder for Intravenous Infusion,,Drug form,Text,,,3,
f93a1d69-2047-4593-9fc6-928a160967a4,,,Topical Ointment,,Drug form,Text,,,3,
d7714ba3-04b1-443c-9b9b-b96da4bfeaff,,,Eye drop (Solution),,Drug form,Text,,,3,
5c15e106-40ed-4bfd-84c1-c7463b90e696,,,Granules,,Drug form,Text,,,3,
49ac307c-a7b3-4a53-9c8c-c0930e591f43,,,Injection with Diluent,,Drug form,Text,,,3,
a7e9ff41-7c37-4770-9821-d4de4ded9f2a,,,Intarvenous Infusion,,Drug form,Text,,,3,
56504326-0415-4cd2-b6c0-61fee953419b,,,Paste,,Drug form,Text,,,3,
0a3e6269-1cc4-4f6c-a2ff-3b2d5a153d3b,,,Injection (Lypophlized),,Drug form,Text,,,3,
c6304180-842e-4dc7-9509-4c826d784283,,,Injection(Intrathecal),,Drug form,Text,,,3,
85749c52-be6e-46ef-8d36-03897eaf0d16,,,Intravenous Infusion (premixed),,Drug form,Text,,,3,
bbcd49d9-5336-4b7b-89fb-1c9713ce4589,,,Tablet (Sustained Release),,Drug form,Text,,,3,
f894887a-d5b2-4555-b6fb-cfe07e444aa1,,,Skin Ointment,,Drug form,Text,,,3,
caefde16-1140-4de5-b597-9fab3a9850b7,,,Injection (With Diluent),,Drug form,Text,,,3,
2a0ac81f-a809-41d2-a68e-71942478b027,,,Tablet (Scored & Dispersable),,Drug form,Text,,,3,
ca1b9992-316d-409f-a773-65fc319f18e7,,,Aerosol (Oral Inhalation),,Drug form,Text,,,3,
1f764841-56c4-49a1-ac9b-4c8ba4219844,,,Capsule (Rectal),,Drug form,Text,,,3,
0e78927b-74fc-48a0-9db9-9ed9c25036bf,,,Eye/Ear Drops,,Drug form,Text,,,3,
029d5cd3-b80b-46c0-83ea-c933cccd6456,,,Injection with 5% Sodium Bicarbonate and 0.9% Sodium Chloride,,Drug form,Text,,,3,
6a9210cd-18f2-4ce5-9fe0-01a2475236dc,,,Tablet (enteric coated),,Drug form,Text,,,3,
7c6ff2d9-f413-45ae-9fd0-cddcfcb0d441,,,Eye Solution,,Drug form,Text,,,3,
5ce67d21-132c-472c-9947-1e0744620b85,,,Powder for Injection (Lyophilized),,Drug form,Text,,,3,
491acda5-df29-48c9-96a7-6e3c4bf847dd,,,Tablet (Dispersible),,Drug form,Text,,,3,
751919c9-2f50-43b6-9694-9d6cfdf59601,,,Injection(Solution),,Drug form,Text,,,3,
1eacd851-9e5e-4f06-9701-0eabcf35d0b1,,,Powder for Injection with Diluent,,Drug form,Text,,,3,
75203b16-3371-47d2-8daf-07aa4e853e59,,,Powder for Injection with 1% Lidocaine Hydrochloride (Intramascular),,Drug form,Text,,,3,
f733b4f9-39d4-44ea-bf66-9df4357400a4,,,Powder for Injection with Mesna,,Drug form,Text,,,3,
eab76094-f044-4066-b9ce-12631c8733f0,,,Injection (Heavy),,Drug form,Text,,,3,
ced029f0-f112-4947-bf19-7ea8937ab221,,,Long acting (CU380 A),,Drug form,Text,,,3,
f2213fc4-fda0-4fcb-b0dc-1f3da5c7011f,,,Powder for Injection(Intrathecal),,Drug form,Text,,,3,
7e303fdd-856a-4fa9-b21e-89cae0f374f2,,,Powder for Oral Solution,,Drug form,Text,,,3,
4a0d03e6-7680-4cd6-8b7e-3d46f0770c59,,,Tablet (Modified Release),,Drug form,Text,,,3,
f5e1cdd8-a99e-47c9-b2db-c516e324c3bb,,,Injection (Depot Oily),,Drug form,Text,,,3,
0164a0ea-7098-454a-a749-3e8e80fd8d44,,,Powder for injection (Buffered),,Drug form,Text,,,3,
3bf3da96-168f-4897-a93c-d202ea2faa3d,,,Powder for Injection with 5ml Sodium Chloride Diluent,,Drug form,Text,,,3,
3031ef7b-f58f-440e-83ef-237c8975cf34,,,Solution (Nasal Drops),,Drug form,Text,,,3,
380920dd-de54-449b-83a3-7e2d991954cc,,,Injection(Suspension),,Drug form,Text,,,3,
a4f7a7a8-a56e-41dc-a99b-e76dc3a637be,,,Powder for Injection with 5ml Diluent,,Drug form,Text,,,3,
cfd89e23-8b9e-44d1-9b90-77f64e03a056,,,Topical Solution,,Drug form,Text,,,3,
49a16aa3-0c26-4c21-b281-e4b4cf888321,,,implant rods (Sub dermal) with sterile insertion trocar,,Drug form,Text,,,3,
7c1c2480-1aaf-4702-b406-1160fb7ebec5,,,Injection with 2ml Syringe (Aqueous suspension),,Drug form,Text,,,3,
daccd236-1c0b-4eda-a0e4-508132aab2ab,,,Injection with 3ml Syringe (Aqueous suspension),,Drug form,Text,,,3,
654480d0-028d-471c-a89e-4c875888f25d,,,Injection (Liposomal),,Drug form,Text,,,3,
d58bfe5d-373f-4d25-a423-226ee9485d82,,,Capsules With Inhaler,,Drug form,Text,,,3,
28f1a4d7-511d-4dbc-bf00-fc8206cdc055,,,Injection (Live Attenuated and Freeze Dried) with Diluent,,Drug form,Text,,,3,
a2bd772e-723c-4c45-8d52-78ce270cd124,,,Powder (Flavored),,Drug form,Text,,,3,
213d360e-9c2b-44aa-a1c0-66e5aab44612,,,Injection with 0.9% Sodium Chloride,,Drug form,Text,,,3,
99d6d031-7b9c-410a-98a1-ac84eb94f31a,,,Powder for Injection with 1% Lidocaine Hydrochloride in 3.5ml,,Drug form,Text,,,3,
12bf5afa-405e-4030-8d10-5bb3a4bdb4ce,,,Solution (Ear Drop),,Drug form,Text,,,3,
f08a1900-a159-4e8e-8f11-ae0196fadece,,,Vaginal Pessary (ovules),,Drug form,Text,,,3,
f0a6626a-2ca9-4267-8fe3-2f570c38f90c,,,Injection without Preservative,,Drug form,Text,,,3,
44d9150a-48f9-40e8-8c37-42ffe3b01747,,,Injection (Epidural),,Drug form,Text,,,3,
63459571-5c54-40ff-bd80-d18366735d6f,,,Powder for Suspension,,Drug form,Text,,,3,
4484e887-bef0-4fe1-98b3-c456178bb884,,,Intravenous Infusion (as lactate),,Drug form,Text,,,3,
20510c7c-97ae-43e6-bcf4-8658f4f141be,,,Injection (Intrathecal),,Drug form,Text,,,3,
4bc9ecb5-fb1e-4804-8dd6-91d56ad4e4b0,,,Granules (Delayed Release),,Drug form,Text,,,3,
69f37de4-9ad7-4176-9391-97208e2a3c12,,,Injection (Solution),,Drug form,Text,,,3,
87a1b945-8dac-4df0-ae78-45340595e212,,,Capsule (Subdermal Implant),,Drug form,Text,,,3,
5d0d6b24-14bd-4b49-b8e3-709853855e91,,,Injection (Suspension),,Drug form,Text,,,3,
9a794eb2-2d34-47e9-a484-6cb531c1e158,,,Capsule (Subdermal Implant) Next Generation,,Drug form,Text,,,3,
5fb99b03-b678-42c4-b0fd-a77ad886c5dd,,,Injection (Polysaccharide),,Drug form,Text,,,3,
9e70ae4f-cfcc-4674-938e-aefefcebe014,,,50%,,Drug form,Text,,,3,
48740ce7-7202-4c98-ad47-2b5b8e84ed6c,,,50ml,,Drug form,Text,,,3,
fe487575-4459-4b53-b362-10c27605861b,,,Injection with 3ml Syringe 21G needle (Aqueous suspension),,Drug form,Text,,,3,
37301e3b-de51-4800-95c0-8def99715f98,,,Lubricant sterile Gel,,Drug form,Text,,,3,
2e81fae9-b17d-4420-a88e-b15b86a49495,,,Powder for injection with solvent for Solution,,Drug form,Text,,,3,
5a56e58f-a902-4033-9823-5dac93a277aa,,,Tablet Extended release,,Drug form,Text,,,3,
8a183d21-a250-4c05-8b42-9adc8df92851,,,Implant,,Drug form,Text,,,3,
d208a770-9a9c-4438-9660-33546b138238,,,injection concentrate and Solvent for solution for infusion,,Drug form,Text,,,3,
9388199a-9cdf-497f-8ae6-a9dcb29f98fc,,,1ml 1 dose vial with diluent ampule injection,,Drug form,Text,,,3,
617e4798-8bbf-42bc-94f4-1f72417a938e,,,Oral inhalation,,Drug form,Text,,,3,
8b5259e4-b2e7-4403-ada6-35ac821c1e89,,,dispersible tablet,,Drug form,Text,,,3,
c0d33251-fe80-4c63-b97c-0f3d3f6f86a4,,,implant rods (Sub dermal) with sterile insertion trocar having protection period 5 years,,Drug form,Text,,,3,
b165f855-e4b8-4d53-be20-b654a956e2aa,,,scored dispersal tablet,,Drug form,Text,,,3,
1ba92ae8-a72a-4902-9836-1e9efe5b77e5,,,Powder for IV/IM injection with diluent,,Drug form,Text,,,3,
31769501-3b73-41dc-b38c-678283b41cdd,,,Powder for IV injection with Diluent,,Drug form,Text,,,3,
7be0f6da-5bb2-4648-b9c2-4adac52245c0,,,Eye drop suspension,,Drug form,Text,,,3,
f2881436-7256-4c81-9b3a-cbafa5bfe083,,,Spinal injection,,Drug form,Text,,,3,
c3e88aef-2dee-465d-b81f-6f7468b50a22,,,Intramuscular (IM) Injection,,Drug form,Text,,,3,
94b1a262-0806-4a7c-a251-19bfebaeb5b7,,,Intravenous Infusion with IV Set,,Drug form,Text,,,3,
68c4e74f-d154-4472-b78e-5ef892b7f3a8,,,dry suspension,,Drug form,Text,,,3,
80410b56-6b13-47a3-bcb3-b07a0ceae69b,,,( + 1.3 gm flavor and color ) Powder,,Drug form,Text,,,3,
9a187e52-4e85-4753-83ce-c34ad468b2df,,,IV injection,,Drug form,Text,,,3,
949def51-9e32-459d-91d9-a9a74e604c25,,,lyophilized injection,,Drug form,Text,,,3,
2b2f79b1-6802-4cd6-bedf-ad93aad422f1,,,Soluiton,,Drug form,Text,,,3,
f95e6ff0-3e14-499f-ac3c-c2efb68255a8,,,Powder for Injection with 10ml Diluent,,Drug form,Text,,,3,
06c0569b-9240-41a6-8895-087b03bdc996,,,injection with pre filled syringe,,Drug form,Text,,,3,