Uuid,Void/Retire,Same as mappings,Fully specified name:en,Short name:en,Description:en,Data class,Data type,Answers,Members,_version:17,_order:1
f1e179cc-050a-45ff-bad6-f58621b662e9,,,Blood transfusion date and time,Transfusion DateTime,Date and time when blood transfusion was initiated or recorded,Question,Datetime,,,1,1
472ee5f7-1b21-4514-bc67-0ac769d1292a,,,Blood transfusion starting time,Transfusion start,Date and time when blood transfusion administration started,Question,Datetime,,,1,1
2625e69d-cf2b-4608-b3c6-c6b080d73e26,,,Blood transfusion ending time,Transfusion end,Date and time when blood transfusion administration ended,Question,Datetime,,,1,1
61b85edc-f031-42dd-ba1a-7aa47f71e2f1,,,Blood unit number,Blood unit no.,Unique identification number of blood unit used for transfusion,Question,Text,,,1,1
1194fec8-4093-4479-bee5-f791012f544b,,,Hemoglobin hematocrit result notes,Hgb/Hct notes,Clinical notes documenting hemoglobin and hematocrit test results for transfusion assessment,Question,Text,,,1,1
7fd27265-efcc-46e6-b580-e34d3476774e,,,Blood group and Rh of patient,Patient BG/Rh,Blood group and Rh factor of patient receiving transfusion,Question,Text,,,1,1
752baba8-0370-4c2f-845e-481c7730c3d5,,,Blood group and Rh of blood given,Blood BG/Rh,Blood group and Rh factor of blood unit administered to patient,Question,Text,,,1,1
01736152-fe5b-427b-b93a-e583b785f6c9,,,Cross match number,Cross match no.,Laboratory cross match test identification number for blood compatibility testing,Question,Numeric,,,1,1
a4202fef-46d3-408e-b4ae-92617cdc8c19,,,Transfusion reaction observed,Reaction seen,Clinical documentation of any adverse reactions or complications observed during or after blood transfusion,Question,Text,,,1,1
c6a8797b-241b-4471-9b9f-96b838c6337e,,,Blood transfusion administered by,Given by,Name or identification of healthcare provider who administered the blood transfusion,Question,Text,,,1,1
54d6e7f8-9a0b-1c2d-3e4f-567890123456,,,Edema one plus,Edema +,One plus edema grading for malnutrition assessment,Finding,N/A,,,1,1
65e7f890-ab1c-2d3e-4f56-78901234567a,,,Edema two plus,Edema ++,Two plus edema grading for malnutrition assessment,Finding,N/A,,,1,1
76f89012-bc3d-4e5f-6789-012345678abc,,,Edema three plus,Edema +++,Three plus edema grading for malnutrition assessment,Finding,N/A,,,1,1
9c4d5e6f-7081-9012-cdef-345678901777,,,Visible severe wasting present,Severe wasting,Observation of visible severe wasting in child indicating severe acute malnutrition,Question,Coded,1065AAAAAAAAAAAAAAAAAAAAAAAAAAAAAAAA;1066AAAAAAAAAAAAAAAAAAAAAAAAAAAAAAAA,,1,2
ad5e6f70-8192-0123-def4-56789012345a,,,MUAC less than 11 centimeters,MUAC <11cm,Mid-upper arm circumference measurement less than 11 centimeters indicating severe acute malnutrition,Finding,N/A,,,1,1
be6f7081-9203-1234-ef56-789012345abc,,,MUAC 11 to 12 centimeters,MUAC 11-12cm,Mid-upper arm circumference measurement between 11 and 12 centimeters indicating moderate acute malnutrition,Finding,N/A,,,1,1
cf708192-a314-2345-f678-90123456bcde,,,MUAC 12 centimeters or greater,MUAC ≥12cm,Mid-upper arm circumference measurement 12 centimeters or greater indicating normal nutritional status,Finding,N/A,,,1,1
1f2e3d4c-5b6a-7980-cdef-123456789abc,,,Appetite test passed,Appetite passed,Child successfully completed appetite test indicating good feeding ability,Finding,N/A,,,1,1
2e3d4c5b-6a79-8091-def1-23456789abcd,,,Appetite test failed,Appetite failed,Child failed appetite test indicating feeding difficulties or poor appetite,Finding,N/A,,,1,1
e192a314-c536-4567-1890-23456defabcd,,,Breastfeeding in the last 6 months,Breastfed last 6mo,Whether child was breastfed within the last 6 months period,Question,Coded,1065AAAAAAAAAAAAAAAAAAAAAAAAAAAAAAAA;1066AAAAAAAAAAAAAAAAAAAAAAAAAAAAAAAA,,1,2
03b4c536-e758-6789-3012-456fabcdef01,,,Other problems present,Other problems,Presence of other problems not covered in standard childhood illness assessment,Question,Coded,1065AAAAAAAAAAAAAAAAAAAAAAAAAAAAAAAA;1066AAAAAAAAAAAAAAAAAAAAAAAAAAAAAAAA,,1,2
11829304-b526-3456-789a-bcdef0123456,,,Inability to drink or breastfeed,Cannot drink/feed,Child is unable to drink or breastfeed indicating severe illness,Symptom/Finding,N/A,,,1,1
12930415-c637-4567-890b-cdef01234567,,,Convulsion history,,Child has history of convulsions or seizures,Symptom/Finding,N/A,,,1,1
13a41526-d748-5678-901c-def012345678,,,Convulsing now,,Child is currently having convulsions or seizures,Symptom/Finding,N/A,,,1,1
14b52637-e859-6789-012d-ef0123456789,,,Lethargic or unconscious,Lethargic/unconscious,Child is lethargic or unconscious indicating severe illness,Symptom/Finding,N/A,,,1,1
6b7c8d9e-0f1a-2b3c-4d5e-6f7890123456,,,Cough or difficulty breathing present,Cough or difficulty breathing,Question asking whether child has cough or difficulty breathing symptoms,Question,Coded,1065AAAAAAAAAAAAAAAAAAAAAAAAAAAAAAAA;1066AAAAAAAAAAAAAAAAAAAAAAAAAAAAAAAA,,1,2
a1b2c3d4-e5f6-7890-1234-56789abcdef0,,,Diarrhea present,,Question asking whether child has diarrhea symptoms,Question,Coded,1065AAAAAAAAAAAAAAAAAAAAAAAAAAAAAAAA;1066AAAAAAAAAAAAAAAAAAAAAAAAAAAAAAAA,,1,2
1aa8c9d0-4e1f-234a-678b-456789012345,,,Blood in stool present,Blood in stool,Child has blood in stool indicating severe diarrhea or dysentery,Symptom/Finding,N/A,,,1,1
1bb9d0e1-5f2a-345b-789c-567890123456,,,Restless or irritable,Restless/irritable,Child is restless or irritable indicating dehydration or discomfort,Symptom/Finding,N/A,,,1,1
1cc0e1f2-6a3b-456c-890d-678901234567,,,Drinks eagerly,,Child drinks eagerly indicating thirst or mild dehydration,Symptom/Finding,N/A,,,1,1
1dd1f2a3-7b4c-567d-901e-789012345678,,,Sunken eyes present,Sunken eyes,Child has sunken eyes indicating dehydration,Symptom/Finding,N/A,,,1,1
1ee2f3a4-8c5d-678e-012f-890123456789,,,Turgor or skin pinch assessment,Turgor/skin pinch,Text field for documenting turgor or skin pinch assessment results in dehydration evaluation,Question,Text,,,1,1
1ff3a4b5-9d6e-789f-123a-901234567890,,,Fever detected by history,By history,Fever reported by caregiver through patient history,Symptom/Finding,N/A,,,1,1
2aa4b5c6-0e7f-890a-234b-012345678901,,,Fever detected by touch,By touch/feel,Fever detected by touching or feeling child's body temperature,Symptom/Finding,N/A,,,1,1
3bb5c6d7-1f8a-901b-345c-123456789012,,,Fever detected by thermometer,By thermometer,Fever detected by measuring temperature with thermometer,Symptom/Finding,N/A,,,1,1
0a1b2c3d-4e5f-6789-0123-456789abcdef,,,Malaria rapid diagnostic test result,Malaria RDT,Question asking for malaria rapid diagnostic test result,Question,Coded,703AAAAAAAAAAAAAAAAAAAAAAAAAAAAAAAAA;664AAAAAAAAAAAAAAAAAAAAAAAAAAAAAAAAA;1118AAAAAAAAAAAAAAAAAAAAAAAAAAAAAAAA,,1,2
5dd7e8f9-3b0c-123d-567e-345678901234,,,Plasmodium falciparum detected,Falciparum,Plasmodium falciparum malaria parasite detected on microscopy,Symptom/Finding,N/A,,,1,1
6ee8f9a0-4c1d-234e-678f-456789012345,,,Plasmodium vivax detected,Vivax,Plasmodium vivax malaria parasite detected on microscopy,Symptom/Finding,N/A,,,1,1
0f607182-9304-1234-5678-9abcdef01234,,,Ear problem present,Ear problem,Question asking whether child has ear problems,Question,Coded,1065AAAAAAAAAAAAAAAAAAAAAAAAAAAAAAAA;1066AAAAAAAAAAAAAAAAAAAAAAAAAAAAAAAA,,1,2
6a4c6e3c-4e6a-4e9b-9e86-9a4b8a3e5a11,,,Biophysical profile score,BPP score,Numeric biophysical profile score for antepartum hemorrhage follow-up assessment,Question,Numeric,,,1,1
8f2c9b71-9d8f-4a42-9a40-1e6e4bb7c822,,,Fetal kick count,Fetal kicks,Numeric count of perceived fetal kicks over a specified observation period in antepartum hemorrhage follow-up,Question,Numeric,,,1,1
42f34832-df1c-4585-948f-7e8d9681173f,,,Feeding problem present,Feeding problem,Question asking whether child has feeding problems,Question,Coded,1065AAAAAAAAAAAAAAAAAAAAAAAAAAAAAAAA;1066AAAAAAAAAAAAAAAAAAAAAAAAAAAAAAAA,,1,2
04d5e6f7-0819-012c-3456-789abcd01111,,,Specify Feeding problem details,Feeding details,Free text field to specify details about feeding problems in child,Question,Text,,,1,1
cc177191-2c36-4f22-89a0-9cfba86ad2fb,,,Specify other problems details,Other problems details,Free text field to specify details about other problems in child,Question,Text,,,1,1
05e6f708-1920-123d-4567-89abcd002222,,,Clinical classification notes,Classification,Free text field for clinical classification and assessment notes,Question,Text,,,1,1
5809a2b3-3ca3-b23e-8567-9ef012345678,,,General diagnosis notes,Diagnosis notes,Free text field for general diagnosis and clinical notes documentation,Question,Text,,,1,1
8bb0c1d2-6e3f-456a-890b-678901234567,,,Bulged fontanel less than 1 year,Bulged fontanel <1yr,Child under 1 year has bulged fontanel indicating increased intracranial pressure,Symptom/Finding,N/A,,,1,1
9cc1d2e3-7f4a-567b-901c-789012345678,,,General rash with cough,General rash cough,Child has general rash accompanied by cough symptoms,Symptom/Finding,N/A,,,1,1
0dd2e3f4-8a5b-678c-012d-890123456789,,,Cough present,Cough,Child has cough symptoms,Symptom/Finding,N/A,,,1,1
1ee3f4a5-9b6c-789d-123e-901234567890,,,Red eyes present,Red eyes,Child has red eyes indicating possible conjunctivitis or infection,Symptom/Finding,N/A,,,1,1
2ff4a5b6-0c7d-890e-234f-012345678901,,,Runny nose present,Runny nose,Child has runny nose indicating upper respiratory symptoms,Symptom/Finding,N/A,,,1,1
3aa5b6c7-1d8e-901f-345a-123456789012,,,Mouth ulcer deep or extensive,Mouth ulcer severe,Child has deep or extensive mouth ulcers indicating severe oral pathology,Symptom/Finding,N/A,,,1,1
4aa6b7c8-2d9e-012f-456a-345678901234,,,Ear pain present,Ear pain,Child has ear pain indicating possible ear infection or inflammation,Symptom/Finding,N/A,,,1,1
5bb7c8d9-3e0f-123a-567b-456789012345,,,Pus draining from ear,Pus draining,Child has pus draining from ear indicating active ear infection,Symptom/Finding,N/A,,,1,1
6cc8d9e0-4f1a-234b-678c-567890123456,,,Tender swelling behind ear,Tender swelling,Child has tender swelling behind the ear indicating possible mastoiditis,Symptom/Finding,N/A,,,1,1
7dd9e0f1-5a2b-345c-789d-678901234567,,,Severe pallor present,Severe pallor,Child has severe pallor indicating severe anemia,Symptom/Finding,N/A,,,1,1
8ee0f1a2-6b3c-456d-890e-789012345678,,,Some pallor present,Some pallor,Child has some pallor indicating mild to moderate anemia,Symptom/Finding,N/A,,,1,1
2adb346d-45cb-4f27-9b72-a6c0b7f20cc8,,,Admission diagnosis note,Admission diagnosis notes,Free text admission diagnosis for the current inpatient episode,Question,Text,,,1,1
aeeeb4f6-f2ae-42ae-b96c-03831859a9e1,,,Discharge Diagnosis note,Discharge diagnosis notes dx,Free text discharge diagnosis for the current inpatient episode,Question,Text,,,1,1
9ff1a2b3-7c4d-567e-901f-890123456789,,,No pallor present,No pallor,Child has no pallor indicating normal hemoglobin levels,Symptom/Finding,N/A,,,1,1
0aa2b3c4-8d5e-678f-012a-901234567890,,,Specify other problems text,Other problems text,Free text field to specify details about other problems in child assessment,Question,Text,,,1,1
17e8596b-1b8c-901d-345f-123456789012,,,Stridor present,Stridor,Child has stridor indicating upper airway obstruction,Symptom/Finding,N/A,,,1,1
16d7485a-0a7b-890c-234f-012345678901,,,Chest indrawing present,Chest indrawing,Child has chest indrawing indicating respiratory distress,Symptom/Finding,N/A,,,1,1
88c89230-d2c4-454f-9214-7bc6fe103a78,,,Treatment outcome improved,Improved,Child condition improved after treatment for childhood illness,Finding,N/A,,,1,1
ed585ad2-bd12-4f27-afe1-773701997176,,,Treatment outcome same,Same,Child condition unchanged after treatment for childhood illness,Finding,N/A,,,1,1
e4d4ae0b-df2b-468c-b690-8793fcc50a13,,,Treatment outcome worse,Worse,Child condition worsened after treatment for childhood illness,Finding,N/A,,,1,1
47f8091a-2b92-a12d-7456-89def0123456,,,Treatment outcome assessment,Outcome,Assessment of treatment outcome for childhood illness management,Question,Coded,88c89230-d2c4-454f-9214-7bc6fe103a78;ed585ad2-bd12-4f27-afe1-773701997176;e4d4ae0b-df2b-468c-b690-8793fcc50a13,,3,2
b2c3d4e5-f607-8901-2345-6789abcdef33,,,Fever present in Child Assessment,Fever present,Question asking if fever is present in child,Question,Coded,1065AAAAAAAAAAAAAAAAAAAAAAAAAAAAAAAA;1066AAAAAAAAAAAAAAAAAAAAAAAAAAAAAAAA,,1,2
1f96f08e-741e-4d00-a82c-dd4c1a5874d2,,,Medication documentation notes,Medication notes,Free text field for documenting medication prescribed or given to child,Question,Text,,,1,1
85822a93-0801-4787-8ec3-4f3d04e87e35,,,Fever present in TB screening,Fever,Fever as symptom in tuberculosis screening,Finding,N/A,,,1,1
4c2a0bc4-6280-4695-b8fe-f44e1417e5ee,,,Night sweats present,Night sweats,Night sweats as symptom in tuberculosis screening,Finding,N/A,,,1,1
cb3719c5-239c-475a-ae8f-88c9b996bfa1,,,Close contact with TB patient,Close contact TB,History of close contact with known TB patient,Finding,N/A,,,1,1
d746e6f4-1620-467e-9053-0f7e96f46912,,,Contact with MDR TB patient,MDR TB contact,History of contact with MDR TB patient,Finding,N/A,,,1,1
82228be2-e916-4428-9aef-478c28a76844,,,Swelling or discharging wound,Swelling wound,Swelling or discharging wound in tuberculosis screening,Finding,N/A,,,1,1
4148ad41-be02-443d-b748-ff95f2f84eeb,,,Signs of acute malnutrition MAM SAM,Acute malnutrition,Signs of acute malnutrition MAM or SAM in tuberculosis screening,Finding,N/A,,,1,1
ae23be45-1581-40eb-9aad-771e58729802,,,Immunization up-to-date,Up-to-Date,Child immunization is up-to-date for age,Finding,N/A,,,1,1
256813f5-9123-42cb-a456-d51db0f0d8b3,,,Immunization not up-to-date,Not Up-to-Date,Child immunization is not up-to-date for age,Finding,N/A,,,1,1
d57ad0b9-5f5f-4887-a407-3d882b753cf3,,,Immunization defaulted,Defaulted,Child immunization has defaulted,Finding,N/A,,,1,1
34c6a35c-beb9-4d79-99ec-aa880fb067e5,,,Immunization not started,Not Started,Child immunization has not been started,Finding,N/A,,,1,1
a1b2c3d4-e5f6-7890-1234-567890abcd01,,,Post mortal finding,,Clinical findings observed after death during post-mortem examination,Question,Text,,,1,1
b2c3d4e5-f607-8901-2345-678901abcd02,,,Other place of death specify,Other place specify,Specification of other place of death when other option is selected,Question,Text,,,1,1
d4e5f607-8192-0123-4567-890123abcd04,,,Other governmental,,Other type of governmental facility ownership not specified in main categories,Finding,N/A,,,1,1
e5f60718-9203-1234-5678-901234abcd05,,,Declaration date,,Date when death declaration was made by the declaring person,Question,Date,,,1,1
f6071829-0314-2345-6789-012345abcd06,,,Notification form issued by,Issued by,Name or title of person who issued the death notification form,Question,Text,,,1,1
0718293a-1425-3456-7890-123456abcd07,,,Full name,,Full name of person declaring death for death notification,Question,Text,,,1,1
1829304b-2536-4567-8901-234567abcd08,,,Doctor who confirm death,Doctor confirm death,Name or identification of doctor who confirmed the death,Question,Text,,,1,1
293a415b-3647-5678-9012-345678abcd09,,,Date and time of death,Death DateTime,Exact date and time when patient death occurred for death notification,Question,Datetime,,,1,1
3a4b526c-4758-6789-0123-456789abcd0a,,,Immediate cause of death,Immediate cause,Direct cause that immediately led to death in the cause of death chain,Question,Text,,,1,1
4b5c637d-5869-789a-1234-567890abcd0b,,,Intermediate cause of death,Intermediate cause,Intermediate condition in the cause of death chain between immediate and underlying causes,Question,Text,,,1,1
5c6d748e-697a-890b-2345-678901abcd0c,,,Primary cause of death,Primary COD,Root cause or disease that initiated the sequence of events leading to death,Question,Text,,,1,1
6d7e859f-7a8b-901c-3456-789012abcd0d,,,Final diagnosis (text),Final diagnosis,Final clinical diagnosis documented for death notification,Question,Text,,,1,1
7e8f960a-8b9c-012d-4567-890123abcd0e,,,Professional qualification,,Professional qualification or job title of person declaring death,Question,Text,,,1,1
8f9a0b1c-2d3e-4567-8901-234567890123,,,Patient care status at death,Care status at death,Patient care status or setting at the time of death (inpatient or outpatient),Question,Coded,160542AAAAAAAAAAAAAAAAAAAAAAAAAAAAAA;5485AAAAAAAAAAAAAAAAAAAAAAAAAAAAAAAA,,1,2
9a0b1c2d-3e4f-5678-9012-345678901234,,,Important physical examination findings,Physical exam findings,Important physical examination findings documented for death notification,Question,Text,,,1,1
d616d6d4-2548-4b68-99e7-f3c85fa96328,,,Address,,Patient address information for emergency department triage,Question,Text,,,1,1
ebfd541a-b095-4d9f-aac6-9777ac42759d,,,Time of arrival to ED,Arrival time ED,Date and time when patient arrived at emergency department,Question,Datetime,,,1,1
48a0a9be-b477-44cf-b370-8d407dffd152,,,Ambulance details,Ambulance,Free text field for ambulance details and transport information,Question,Text,,,1,1
6745ba51-c881-403c-a294-a6fa014f3a8a,,,Carried,,Patient was carried to the hospital by others,Finding,N/A,,,1,1
3d449cb3-a97a-431c-9b4e-fd5ca6cf7114,,,TBGH,,Patient referred from TBGH facility,Finding,N/A,,,1,1
2f607182-9304-1234-5678-901234abcd05,,,ED Chief complaint,Chief complaint,Patient's primary complaint or reason for emergency department visit,Question,Text,,,1,1
f33d1aeb-9033-4405-bdca-6f7f534663f9,,,Gravida text,Gravida,Number of pregnancies including current pregnancy,Question,Text,,,1,1
610f3f1d-e5a0-42ea-bb4e-c816fe3cfee2,,,Para text,Para,Number of births after 20 weeks gestation,Question,Text,,,1,1
775f3a78-1c78-40af-84cd-4ca7f4a7d7aa,,,Abortion history,Abortion,History of abortions or pregnancy losses before 20 weeks,Question,Text,,,1,1
af229755-0bee-4bb8-975a-7bacd689e388,,,LNMP,,Last normal menstrual period date,Question,Date,,,1,1
7415e6f7-4859-6789-0123-456789abcd0a,,,Ultrasound date,Ultrasound,Date of last ultrasound examination,Question,Date,,,1,1
8526f708-5960-7890-1234-567890abcd0b,,,gestational age (triage),Gestational age,Gestational age in weeks and days,Question,Text,,,1,1
0748192b-7182-9012-3456-789012abcd0d,,,Term gestation,Term,Pregnancy at term gestation 37-42 weeks,Finding,N/A,,,1,1
1859203c-8293-0123-4567-890123abcd0e,,,Pre-term gestation,Pre-term,Pregnancy before 37 weeks gestation,Finding,N/A,,,1,1
2960314d-9304-1234-5678-901234abcd0f,,,Post-term gestation,Post-term,Pregnancy after 42 weeks gestation,Finding,N/A,,,1,1
3071425e-0415-2345-6789-012345abcd10,,,ED Vaginal bleeding assessment,Vaginal bleeding,Question asking about presence of vaginal bleeding,Question,Coded,1065AAAAAAAAAAAAAAAAAAAAAAAAAAAAAAAA;1066AAAAAAAAAAAAAAAAAAAAAAAAAAAAAAAA,,1,2
4182536f-1526-3456-7890-123456abcd11,,,Seizure history,Seizure,Question asking about seizure activity or history,Question,Coded,1065AAAAAAAAAAAAAAAAAAAAAAAAAAAAAAAA;1066AAAAAAAAAAAAAAAAAAAAAAAAAAAAAAAA,,1,2
5293647a-2637-4567-8901-234567abcd12,,,Per vaginal examination,PV,Per vaginal examination findings,Question,Text,,,1,1
6304758b-3748-5678-9012-345678abcd13,,,Cervix examination,Cervix,Cervical examination findings,Question,Text,,,1,1
8526970d-5960-7890-1234-567890abcd15,,,Intact membranes,Intact,Amniotic membranes are intact,Finding,N/A,,,1,1
9637081e-6071-8901-2345-678901abcd16,,,PROM,,Premature rupture of membranes,Finding,N/A,,,1,1
0748192f-7182-9012-3456-789012abcd17,,,AROM,,Artificial rupture of membranes,Finding,N/A,,,1,1
1859203a-8293-0123-4567-890123abcd18,,,Duration in hours,Hours,Duration in hours for membrane rupture or other timed events,Question,Numeric,,,1,1
2960314b-9304-1234-5678-901234abcd19,,,Presentation,,Fetal presentation or clinical presentation details,Question,Text,,,1,1
3071425c-0415-2345-6789-012345abcd1a,,,FHB,,Fetal heart beat assessment and findings,Question,Text,,,1,1
4182536d-1526-3456-7890-123456abcd1b,,,Investigation plan,,Plan for diagnostic investigations and tests,Question,Text,,,1,1
6304758f-3748-5678-9012-345678abcd1d,,,Admit to LW,Admit LW,Admit patient to labor ward,Finding,N/A,,,1,1
7415869a-4859-6789-0123-456789abcd1e,,,Send to GW,Send GW,Send patient to gynecology ward,Finding,N/A,,,1,1
8526970b-5960-7890-1234-567890abcd1f,,,ANC Referral,ANC Ref,Refer to antenatal care clinic,Finding,N/A,,,2,1
9637081c-6071-8901-2345-678901abcd20,,,ED Discharge to home,Home,Discharge patient home,Finding,N/A,,,1,1
0748192d-7182-9012-3456-789012abcd21,,,Reevaluate,,Reevaluate patient after specified time,Finding,N/A,,,1,1
1859203e-8293-0123-4567-890123abcd22,,,Reevaluate hours,,Number of hours after which to reevaluate patient,Question,Numeric,,,1,1
71c2d3e4-f5a6-7890-1234-567890abcdef,,,Date and Time of triage,Triage DateTime,Date and time when patient triage was performed,Question,Datetime,,,1,1
9c3d4e5f-6071-8901-2345-6789abcdef01,,,Any trauma to the patient within the past 48 hours,Trauma 48hrs,Question asking if patient experienced any trauma within the past 48 hours,Question,Coded,1065AAAAAAAAAAAAAAAAAAAAAAAAAAAAAAAA;1066AAAAAAAAAAAAAAAAAAAAAAAAAAAAAAAA,,1,2
1e5f6071-8293-0123-4567-89abcdef0123,,,Triage Day arrival,Day,Patient arrived during daytime hours,Finding,N/A,,,1,1
2f6071a2-9304-1234-5678-9abcdef01234,,,Triage Night arrival,Night,Patient arrived during nighttime hours,Finding,N/A,,,1,1
cc3d4e5f-6071-8901-2345-6789abcdef01,,,Patient Non-Ambulatory,Non-Ambulatory Patient Status,Patient cannot walk or move independently,Finding,N/A,,,1,1
ee5f6071-8293-0123-4567-89abcdef0123,,,Acute condition present,Acute present,Patient has acute medical condition,Finding,N/A,,,1,1
ff607182-9304-1234-5678-9abcdef01234,,,Chronic condition present,Chronic present,Patient has chronic medical condition,Finding,N/A,,,1,1
6e74d8e2-dd0e-4747-a973-ae0dd2e820ca,,,Triage Ambulance arrival,Ambulance (2),Patient arrived by ambulance for emergency transport,Finding,N/A,,,1,1
74bc6d7e-8f90-6789-012d-ef0123456789,,,Taxi,,Patient arrived by taxi,Finding,N/A,,,1,1
85cd7e8f-9001-789a-123e-f01234567890,,,Private Car,,Patient arrived by private car,Finding,N/A,,,1,1
96de8f90-0112-890b-234f-012345678901,,,Public Car,,Patient arrived by public car,Finding,N/A,,,1,1
4f694879-6290-411b-8140-b6562715854e,,,Triage Arrived walking,Walking,Patient arrived on foot by walking,Finding,N/A,,,1,1
b8f00112-2334-012d-4560-234567890123,,,Public Taxi,,Patient arrived by public taxi,Finding,N/A,,,1,1
d0122334-4556-234f-6782-456789012345,,,Other Specify Mode of Arrival,Other Arrival Specify,Specification of other mode of arrival when other is selected,Question,Text,,,1,1
f2344556-6778-4560-8904-6789012345f0,,,Local area details,Local area,Patient is from local area,Finding,N/A,,,2,1
03455667-7889-5671-9015-789012345f01,,,Outside local area,Outside area,Patient is from outside local area,Finding,N/A,,,2,1
14566778-8990-6782-0126-89012345f012,,,Subcity,,Subcity location within Addis Ababa for patient address,Question,Text,,,1,1
25677889-9001-7893-1237-9012345f0123,,,Woreda,,Woreda location for patient address,Question,Text,,,1,1
36788990-0112-8904-2348-012345f01234,,,Region,,Regional location for patients from outside Addis Ababa,Question,Text,,,1,1
47899001-1223-9015-3459-12345f012345,,,Zone,,Zone location for patients from outside Addis Ababa,Question,Text,,,1,1
58900112-2334-0126-4560-2345f0123456,,,Was the patient referred,Referral Status,Question asking if patient was referred from another facility,Question,Coded,1065AAAAAAAAAAAAAAAAAAAAAAAAAAAAAAAA;1066AAAAAAAAAAAAAAAAAAAAAAAAAAAAAAAA,,1,2
7a122334-4556-2348-6782-45f012345678,,,Local Government Hospital,Local Govt Hospital,Patient referred from local government hospital,Misc,N/A,,,2,1
8b233445-5667-3459-7893-5f0123456789,,,Local Private Hospital,,Patient referred from local private hospital,Misc,N/A,,,2,1
9c344556-6778-4560-8904-f012345678a0,,,Regional Hospital,,Patient referred from Regional Hospital,Misc,N/A,,,1,1
ad455667-7889-5671-9015-012345678a01,,,Health Center,,Patient referred from Health Center,Misc,N/A,,,1,1
be566778-8990-6782-0126-12345678a012,,,Police Prison,Police/Prison,Patient referred from Police or Prison facility,Misc,N/A,,,1,1
cf677889-9001-7893-1237-2345678a0123,,,Other Referral Source,Other Source,Patient referred from other source not listed,Misc,N/A,,,1,1
d0788990-0112-8904-2348-345678a01234,,,Other source of referral specify,Other Referral Specify,Specification of other referral source when other is selected,Question,Text,,,1,1
e1899001-1223-9015-3459-45678a012345,,,Communication made to referral hospital,Referral Communication,Question asking if communication was made to the referral hospital,Question,Coded,1065AAAAAAAAAAAAAAAAAAAAAAAAAAAAAAAA;1066AAAAAAAAAAAAAAAAAAAAAAAAAAAAAAAA,,1,2
f2900112-2334-0126-4560-5678a0123456,,,Pre-hospital care First aid given,Pre-hospital Care,Question asking if pre-hospital care or first aid was given,Question,Coded,1065AAAAAAAAAAAAAAAAAAAAAAAAAAAAAAAA;1066AAAAAAAAAAAAAAAAAAAAAAAAAAAAAAAA,,1,2
03011223-3445-1237-5671-678a01234567,,,Specify pre-hospital care First aid given,Pre-hospital Care Specify,Specification of pre-hospital care or first aid given,Question,Text,,,1,1
58566778-8990-6782-0126-c23456789a12,,,Central cyanosis observed,Central cyanosis,Blue discoloration of central areas indicating poor oxygenation,Finding,N/A,,,1,1
69677889-9001-7893-1237-d3456789a123,,,Tearless crying observed,Tearless crying,Crying without tears indicating dehydration,Finding,N/A,,,1,1
8b899001-1223-9015-3459-f56789a12345,,,Severe vomiting observed,Severe vomiting,Severe persistent vomiting,Finding,N/A,,,1,1
9c900112-2334-0126-4560-056789a12345,,,Skin turgor decreased,Decreased turgor,Decreased skin elasticity indicating dehydration,Finding,N/A,,,1,1
ad011223-3445-1237-5671-16789a123456,,,Joint dislocation present,Joint dislocation,Dislocation of joint or bone,Finding,N/A,,,1,1
be122334-4556-2348-6782-2789a1234567,,,Muscle cramps,,Involuntary muscle contractions causing pain,Finding,N/A,,,1,1
cf233445-5667-3459-7893-389a12345678,,,Airway obstruction present,Airway obstruction,Blockage of respiratory airway,Finding,N/A,,,1,1
d0344556-6778-4560-8904-49a123456789,,,Purpura observed,Purpura,Purple-colored rash indicating bleeding under skin,Finding,N/A,,,1,1
e1455667-7889-5671-9015-5a123456789a,,,Other Specify Complaints,Other Complaints Specify,Specification of other complaints when other is selected,Question,Text,,,1,1
be469783-7a7b-4e02-8088-ef4c5e56afb0,,,Triage Seizure presentation,Seizure (2),Patient experiencing seizure activity,Finding,N/A,,,1,1
36900112-2334-0126-4560-a56789abcdef,,,Burn Face Inhalation,Burn Face/Inhalation,Burn injury to face or inhalation injury,Finding,N/A,,,1,1
2515ab83-19ce-499a-94d6-ca832c6d08f0,,,Hypoglycemia less than 50mg per dL,Hypoglycemia <50mg/dL,Blood glucose level below 50mg/dL indicating severe hypoglycemia,Finding,N/A,,,1,1
435e13d7-b208-4c57-be03-535109803155,,,Reduced Consciousness Triage,Reduced Consciousness,Patient with reduced level of consciousness requiring urgent attention,Finding,N/A,,,1,1
d2e56e53-c517-4a78-8bd8-20deed1a5e8b,,,Seizure Post-ictal Period Triage,Seizure Post-ictal,Patient experiencing seizure or in post-ictal period,Finding,N/A,,,1,1
236dcf87-a1a9-44db-9c8e-d7059aab154a,,,Acute Focal Neurologic Symptoms Triage,Acute Focal Neuro,Patient with acute focal neurological symptoms,Finding,N/A,,,1,1
c072c914-631b-4632-88a9-4ad09fe5de84,,,Uncontrolled Hemorrhage Triage,Uncontrolled Hemorrhage,Patient with uncontrolled bleeding requiring immediate intervention,Finding,N/A,,,1,1
425f6fc0-efad-4751-9fc9-76478fddbf4d,,,Threatened Limb Triage,Threatened Limb,Patient with limb-threatening injury or condition,Finding,N/A,,,1,1
45997a6f-d7e3-41ac-bfbe-fa149ccd49b9,,,Coughing Vomiting Blood Triage,Coughing/Vomiting Blood,Patient coughing up blood or vomiting blood,Finding,N/A,,,1,1
b6c7e832-6ac3-42fa-9886-eb3213e90a89,,,Poisoning Drug Overdose Triage,Poisoning/Overdose,Patient with suspected poisoning or drug overdose,Finding,N/A,,,1,1
9213a5f1-3a62-414d-a622-a4114fed96bd,,,Suspected closed fracture Triage,Suspected Closed Fracture,Patient with suspected closed fracture requiring triage assessment,Finding,N/A,,,1,1
4035722f-8d3c-49a6-9139-ae29e10fe57c,,,Suspected minor joint dislocation Triage,Suspected Minor Dislocation,Patient with suspected minor joint dislocation requiring triage assessment,Finding,N/A,,,1,1
abe9b7fa-ec3c-4ec5-a401-2a019a280dca,,,Abdominal pain acute Triage,Abdominal Pain Acute,Patient with acute abdominal pain requiring triage assessment,Finding,N/A,,,1,1
39747d43-00bb-46eb-9551-790981786d14,,,Vomiting ongoing no blood Triage,Vomiting Ongoing No Blood,Patient with ongoing vomiting without blood requiring triage assessment,Finding,N/A,,,1,1
4ad696eb-4426-4cf7-948b-48ef70a7749d,,,Sudden collapse,,Patient experiencing sudden collapse or loss of consciousness,Finding,N/A,,,1,1
c9520082-199d-42f7-9d97-8fe1c5760aff,,,Triage Stab wound injury,Stab Wound,Patient with stab wound injury,Finding,N/A,,,1,1
61587f91-8a80-4359-a91c-8264be4ac3d1,,,Other Medical complaint,Other Medical,Other medical complaint not specified in the list,Finding,N/A,,,1,1
dab2cb8a-f42f-46a6-9a98-dbe9d0a8b21a,,,Other Surgical complaint,Other Surgical,Other surgical complaint not specified in the list,Finding,N/A,,,1,1
58122334-4556-2348-6782-c789abcdef01,,,Psychosis Aggregation,Psychosis/Aggression,Mental health condition with psychosis or aggressive behavior,Finding,N/A,,,1,1
59233445-5667-3459-7893-d89abcdef012,,,Burn over 20 percent electric chemical circumferential,Burn >20% Electric Chemical,Severe burn over 20% body surface area or electric/chemical/circumferential burn,Finding,N/A,,,1,1
5a344556-6778-4560-8904-e9abcdef0123,,,Pregnant abdominal pelvic trauma pain,Pregnant Trauma Pain,Pregnant patient with abdominal or pelvic trauma or pain,Finding,N/A,,,1,1
5b455667-7889-5671-9015-fabcdef01234,,,Open fracture present,Open fracture,Open fracture with bone protruding through skin,Finding,N/A,,,1,1
5c566778-8990-6782-0126-0bcdef012345,,,Major Dislocation not finger toes,Major Dislocation,Major joint dislocation excluding fingers and toes,Finding,N/A,,,1,1
5d677889-9001-7893-1237-1cdef0123456,,,Diabetic Patient with Ketonuria,Diabetic Ketonuria,Diabetic patient with ketones in urine,Finding,N/A,,,1,1
5e788990-0112-8904-2348-2def01234567,,,SOB or Chest Pain acute,SOB Chest Pain Acute,Acute shortness of breath or chest pain,Finding,N/A,,,1,1
61011223-3445-1237-5671-5012345678a0,,,Burn other,,Other types of burns not classified as severe,Finding,N/A,,,1,1
62122334-4556-2348-6782-612345678a01,,,Pregnancy Vaginal Bleeding,Pregnancy Bleeding,Pregnant patient with vaginal bleeding,Finding,N/A,,,1,1
63233445-5667-3459-7893-72345678a012,,,Pregnancy non-abdominal non-pelvic Trauma,Pregnancy Non-abd Trauma,Pregnant patient with trauma not involving abdomen or pelvis,Finding,N/A,,,1,1
64344556-6778-4560-8904-8345678a0123,,,DM Glucose over 17 without Ketonuria,DM Glu >17 No Ketones,Diabetic patient with glucose over 17 without ketonuria,Finding,N/A,,,1,1
65455667-7889-5671-9015-945678a01234,,,Diabetic RBS over 350 without ketonuria,Diabetic RBS >350,Diabetic patient with random blood sugar over 350 without ketonuria,Finding,N/A,,,1,1
67677889-9001-7893-1237-b678a0123456,,,All Other,,All other conditions not classified in higher triage categories,Finding,N/A,,,1,1
68788990-0112-8904-2348-c78a01234567,,,Black Triage Category,Black Triage,Deceased or expectant triage category,Question,Coded,6b6ac4cd-923f-5888-a62b-695f9ecd6237,,1,2
69899001-1223-9015-3459-d8a012345678,,,Specify Triage Color,Specify Triage,Additional specification for triage color category,Question,Text,,,1,1
6a900112-2334-0126-4560-ea0123456789,,,Past Medical Illnesses,Past Medical History,Patient's past medical illnesses and conditions,Question,Text,,,1,1
6b011223-3445-1237-5671-fa012345678a,,,Allergies,,Patient's known allergies and adverse reactions,Question,Text,,,1,1
6c122334-4556-2348-6782-0b12345678ab,,,Medication Given,,Medications administered to patient during triage,Question,Text,,,1,1
6d233445-5667-3459-7893-1c2345678abc,,,Intervention Done,,Medical interventions performed during triage,Question,Text,,,1,1
6f455667-7889-5671-9015-3e45678abcde,,,Triage Score Result,Triage Score,Numerical score result from triage assessment,Question,Numeric,,,1,1
8f2a3b4c-5d6e-7890-1234-567890abcdef,,,RAT eligible,,Patient is eligible for rapid assessment triage protocol,Finding,N/A,,,1,1
9a3b4c5d-6e7f-8901-2345-678901abcdef,,,Non Eligible,,Patient is not eligible for rapid assessment triage protocol,Finding,N/A,,,1,1
9c4d5e6f-7081-9012-cdef-345678901999,,,Units Provided,,Number or quantity of family planning units provided to patient,Question,Text,,,1,1
3081a2b3-1425-3456-0123-789012345abc,,,Family Planning Method Discontinued,FP Method Discontinued,Question asking which family planning method was discontinued or removed from patient,Question,Coded,5279AAAAAAAAAAAAAAAAAAAAAAAAAAAAAAAA;5278AAAAAAAAAAAAAAAAAAAAAAAAAAAAAAAA;5275AAAAAAAAAAAAAAAAAAAAAAAAAAAAAAAA;5622AAAAAAAAAAAAAAAAAAAAAAAAAAAAAAAA;5276AAAAAAAAAAAAAAAAAAAAAAAAAAAAAAAA;190AAAAAAAAAAAAAAAAAAAAAAAAAAAAAAAAA;780AAAAAAAAAAAAAAAAAAAAAAAAAAAAAAAAA;5277AAAAAAAAAAAAAAAAAAAAAAAAAAAAAAAA;159524AAAAAAAAAAAAAAAAAAAAAAAAAAAAAA;78796AAAAAAAAAAAAAAAAAAAAAAAAAAAAAAA;1175AAAAAAAAAAAAAAAAAAAAAAAAAAAAAAAA;1472AAAAAAAAAAAAAAAAAAAAAAAAAAAAAAAA;907AAAAAAAAAAAAAAAAAAAAAAAAAAAAAAAAA;1489AAAAAAAAAAAAAAAAAAAAAAAAAAAAAAAA;1359AAAAAAAAAAAAAAAAAAAAAAAAAAAAAAAA;1107AAAAAAAAAAAAAAAAAAAAAAAAAAAAAAAA;136452AAAAAAAAAAAAAAAAAAAAAAAAAAAAAA;159837AAAAAAAAAAAAAAAAAAAAAAAAAAAAAA;160570AAAAAAAAAAAAAAAAAAAAAAAAAAAAAA;136163AAAAAAAAAAAAAAAAAAAAAAAAAAAAAA;1067AAAAAAAAAAAAAAAAAAAAAAAAAAAAAAAA;162332AAAAAAAAAAAAAAAAAAAAAAAAAAAAAA;159589AAAAAAAAAAAAAAAAAAAAAAAAAAAAAA;164814AAAAAAAAAAAAAAAAAAAAAAAAAAAAAA;164813AAAAAAAAAAAAAAAAAAAAAAAAAAAAAA,,1,2
6bee05c0-d9e0-4c5f-9a8a-3cbad70fdc9d,,,Continuing FP client,Continuing client,Patient is an existing family planning user,Finding,N/A,,,1,1
763a1d59-f3b5-492a-ba63-f0a1562ce441,,,New FP client,New client,Patient is a new family planning user,Finding,N/A,,,1,1
7e9f1a2b-4c6d-5678-9012-345678901de0,,,FP Mobile Workers Daily Laborers,Mobile Workers,Mobile workers and daily laborers target population for family planning services,Finding,N/A,,,1,1
8f0a2b3c-5d7e-6789-0123-456789012e0a,,,FP Partner of PLHIV,Partner of PLHIV,Partner of person living with HIV target population for family planning services,Finding,N/A,,,1,1
9a1b3c4d-6e8f-7890-1234-567890123f0a,,,FP Other MARPS,Other MARPS,Other most at risk populations for family planning services,Finding,N/A,,,1,1
0b2c4d5e-7f9a-8901-2345-678901234a0b,,,FP General Population,General Population,General population target category for family planning services,Finding,N/A,,,1,1
1a2b3c4d-5e6f-7890-abcd-ef1234567890,,,Chief Complaint for Triage Notes,CC Notes,Additional notes and details about the patient's chief complaint,Question,Text,,,1,1
2b3c4d5e-6f70-8901-bcde-f23456789012,,,Past medical and surgical history,Past med/surg hx,Detailed medical and surgical history for chronic outpatient care,Question,Text,,,1,1
4d5e6f70-8192-0123-def4-56789012345a,,,Environmental allergy reported,Environ allergy,Allergic reactions to environmental factors such as pollen dust or chemicals,Finding,N/A,,,1,1
5e6f7081-9203-1234-ef56-789012345abc,,,Allergy documentation notes,Allergy notes,Additional notes and details about patient allergies,Question,Text,,,1,1
6f708192-a314-2345-f678-90123456bcde,,,General appearance assessment,Gen appearance,Clinical assessment of patient's general appearance and overall condition,Question,Text,,,1,1
70819203-b425-3456-0789-123456cdefab,,,HEENT examination findings,HEENT findings,Head Eyes Ears Nose and Throat examination findings,Question,Text,,,1,1
8192a314-c536-4567-1890-23456defabcd,,,Lymphoglandular system examination,Lymphatic exam,Examination findings of lymph nodes and glandular systems,Question,Text,,,1,1
92a3b425-d647-5678-2901-3456efabcdef,,,Respiratory system examination,Respiratory exam,Clinical examination findings of the respiratory system,Question,Text,,,1,1
a3b4c536-e758-6789-3012-456fabcdef01,,,Physical Exam Cardiovascular,CVS,Clinical examination findings of the cardiovascular system,Question,Text,,,1,1
b4c5d647-f869-789a-4123-567abcdef012,,,Abdominal and pelvic examination,Abdo/pelvic exam,Clinical examination findings of the abdomen and pelvic region,Question,Text,,,1,1
e2b668ac-7efb-4344-8ea8-b7cb70976652,,,Genitourinary examination,GU exam,Clinical examination findings of the genitourinary system,Question,Text,,,1,1
b07461a8-5b2f-4f1e-84a3-f94a0c5585a9,,,Musculoskeletal examination,MSK exam,Clinical examination findings of the musculoskeletal system,Question,Text,,,1,1
91656b31-9ff8-4a99-a37e-55841170bea9,,,Skin and integument examination,Skin exam,Clinical examination findings of the integumentary system including skin,Question,Text,,,1,1
f809a2b3-3ca3-b23e-8567-9ef012345678,,,Neurological examination,Neuro exam,Clinical examination findings of the nervous system,Question,Text,,,1,1
09a2b3c4-4db4-c34f-9678-0ef123456789,,,Clinical history notes,History notes,Clinical notes about patient's medical history and present illness,Question,Text,,,1,1
0a1b2c3d-5e6f-7890-abcd-ef1234567890,,,Presenting complaints set,,Container set for presenting complaints obsGroup in history and physical examination,Question,Coded,,,1,1
e3f4a5b6-7c8d-9e0f-1a2b-3c4d5e6f7a8b,,,Smoking History,,Question asking about patient's history of smoking tobacco products,Question,Boolean,,,1,1
d2e3f4a5-6b7c-8d9e-0f1a-2b3c4d5e6f7a,,,Image Video File,Image/Video,Stores uploaded image or video file for a clinical encounter,Question,Complex,,,1,1
7a1b2c3d-4e5f-6789-0123-456789abcde0,,,Child date and time of birth,Child DOB,Date of birth for infant immunization record,Question,Datetime,,,1,1
8b2c3d4e-5f60-7890-1234-567890abcde1,,,Name of Mother,Mother name,Name of infant's mother for immunization record,Question,Text,,,1,1
9c3d4e5f-6071-8901-2345-678901abcde2,,,Name of father,Father name,Name of infant's father for immunization record,Question,Text,,,1,1
1e5f6071-8293-0123-4567-890123abcde4,,,Kebele,,Administrative division kebele for patient address,Question,Text,,,1,1
2f607182-9304-1234-5678-901234abcde5,,,Gott,,Administrative division gott for patient address,Question,Text,,,2,1
3071a2b3-0415-2345-6789-012345abcde6,,,House No,House number,House number for patient address,Question,Text,,,2,1
4182b3c4-1526-3456-7890-123456abcde7,,,BCG Date,BCG vaccination date,Date when BCG vaccination was administered,Question,Date,,,1,1
5293c4d5-2637-4567-8901-234567abcde8,,,OPV 0 Date,,Date when OPV 0 vaccination was administered,Question,Date,,,1,1
6304d5e6-3748-5678-9012-345678abcde9,,,OPV1 Date,,Date when OPV1 vaccination was administered,Question,Date,,,1,1
7415e6f7-4859-6789-0123-456789abcdea,,,OPV 2 Date,,Date when OPV 2 vaccination was administered,Question,Date,,,1,1
8526f708-5960-7890-1234-567890abcdeb,,,OPV 3 Date,,Date when OPV 3 vaccination was administered,Question,Date,,,1,1
9637081a-6071-8901-2345-678901abcdec,,,IPV Date,IPV vaccination date,Date when IPV vaccination was administered,Question,Date,,,1,1
0748192b-7182-9012-3456-789012abcded,,,DPT-HepB-Hib 1 Date,,Date when DPT-HepB-Hib 1 vaccination was administered,Question,Date,,,1,1
1859203c-8293-0123-4567-890123abcdee,,,DPT-HepB-Hib 2 Date,,Date when DPT-HepB-Hib 2 vaccination was administered,Question,Date,,,1,1
2960314d-9304-1234-5678-901234abcdef,,,DPT-HepB-Hib 3 Date,,Date when DPT-HepB-Hib 3 vaccination was administered,Question,Date,,,1,1
3071425e-0415-2345-6789-012345abcdf0,,,Other Vaccine,,Other vaccine administered not listed in standard schedule,Question,Text,,,1,1
4182536f-1526-3456-7890-123456abcdf1,,,PCV 1 Date,,Date when PCV 1 vaccination was administered,Question,Date,,,1,1
5293647a-2637-4567-8901-234567abcdf2,,,PCV 2 Date,,Date when PCV 2 vaccination was administered,Question,Date,,,1,1
6304758b-3748-5678-9012-345678abcdf3,,,PCV 3 Date,,Date when PCV 3 vaccination was administered,Question,Date,,,1,1
7415869c-4859-6789-0123-456789abcdf4,,,Rota 1 Date,,Date when Rota 1 vaccination was administered,Question,Date,,,1,1
8526970d-5960-7890-1234-567890abcdf5,,,Rota 2 Date,,Date when Rota 2 vaccination was administered,Question,Date,,,1,1
9637081e-6071-8901-2345-678901abcdf6,,,Measles Date,Measles vaccination date,Date when Measles vaccination was administered,Question,Date,,,1,1
0748192f-7182-9012-3456-789012abcdf7,,,Measles 2 Date,,Date when Measles 2 vaccination was administered,Question,Date,,,1,1
1859203a-8293-0123-4567-890123abcdf8,,,Vitamin A,Vitamin A supplementation,Question asking if vitamin A supplementation was given,Question,Coded,1065AAAAAAAAAAAAAAAAAAAAAAAAAAAAAAAA;1066AAAAAAAAAAAAAAAAAAAAAAAAAAAAAAAA,,1,2
2960314b-9304-1234-5678-901234abcdf9,,,Other Vaccine Date,,Date when other vaccine was administered,Question,Date,,,1,1
3071425c-0415-2345-6789-012345abcdfa,,,Fully Immunized,Fully immunized status,Question asking about complete immunization status,Question,Coded,1065AAAAAAAAAAAAAAAAAAAAAAAAAAAAAAAA;1066AAAAAAAAAAAAAAAAAAAAAAAAAAAAAAAA;1067AAAAAAAAAAAAAAAAAAAAAAAAAAAAAAAA,,1,2
4182536d-1526-3456-7890-123456abcdfb,,,First appointment,First appointment date,Date for first follow-up appointment,Question,Date,,,1,1
5293647e-2637-4567-8901-234567abcdfc,,,Second appointment,Second appointment date,Date for second follow-up appointment,Question,Date,,,1,1
6304758f-3748-5678-9012-345678abcdfd,,,Third appointment,Third appointment date,Date for third follow-up appointment,Question,Date,,,1,1
7415869a-4859-6789-0123-456789abcdfe,,,Fourth appointment,Fourth appointment date,Date for fourth follow-up appointment,Question,Date,,,1,1
8526970b-5960-7890-1234-567890abcdff,,,Type of AEFI,AEFI type,Type of adverse events following immunization,Question,Text,,,1,1
9637081c-6071-8901-2345-678901abce00,,,Date Observed,AEFI date observed,Date when adverse events following immunization was observed,Question,Date,,,2,1
8acd890d-2574-44a5-92f0-5e4ae87b604d,,,Is Suckling Effectively,Suckling effectively,Question asking if infant is suckling effectively during breastfeeding assessment,Question,Coded,1065AAAAAAAAAAAAAAAAAAAAAAAAAAAAAAAA;1066AAAAAAAAAAAAAAAAAAAAAAAAAAAAAAAA,,1,2
1e8b3db0-a7af-4dc7-b5a5-8c3af12b9ea6,,,Switching before one is empty,Switching breasts,Question asking if mother switches breasts before one is empty during breastfeeding,Question,Coded,1065AAAAAAAAAAAAAAAAAAAAAAAAAAAAAAAA;1066AAAAAAAAAAAAAAAAAAAAAAAAAAAAAAAA,,1,2
9c4d5e6f-7081-9012-cdef-345678901888,,,Child Receive other food/drinks,Other food drinks,Question asking if child receives other food or drinks besides breastfeeding,Question,Coded,1065AAAAAAAAAAAAAAAAAAAAAAAAAAAAAAAA;1066AAAAAAAAAAAAAAAAAAAAAAAAAAAAAAAA,,1,2
0d5e6f70-8192-0123-def0-456789012345,,,Presence of Oral Thrush,Oral thrush,Question asking about presence of oral thrush in infant,Question,Coded,1065AAAAAAAAAAAAAAAAAAAAAAAAAAAAAAAA;1066AAAAAAAAAAAAAAAAAAAAAAAAAAAAAAAA,,1,2
1e6f7081-9203-1234-ef01-567890123456,,,Breastfeeding frequency in 24 hours,Breastfeeding frequency,Numeric question asking how many times infant breastfeeds in 24 hours,Question,Numeric,,,1,1
2f708192-0314-2345-f012-678901234567,,,Other food frequency in 24 hours,Other food frequency,Numeric question asking how many times child receives other food/drinks in 24 hours,Question,Numeric,,,1,1
4192031b-2536-4567-1234-890123456789,,,Very Low Birth Weight Below 1500gms,Very low birth weight,Birth weight classification for infants weighing below 1500 grams,Finding,N/A,,,1,1
5203142c-3647-5678-2345-901234567890,,,Low Birth Weight 1500-2500 gms,Low birth weight,Birth weight classification for infants weighing between 1500-2500 grams,Finding,N/A,,,1,1
6314253d-4758-6789-3456-012345678901,,,Birth Weight 2500 gms or more,Normal birth weight,Birth weight classification for infants weighing 2500 grams or more,Finding,N/A,,,1,1
8536475f-6970-8901-5678-234567890123,,,Extremely Preterm GA less than 28 weeks,Extremely preterm,Gestational age classification for infants born before 28 weeks,Finding,N/A,,,1,1
9647586a-7081-9012-6789-345678901234,,,Very Preterm GA less than 32 weeks,Very preterm,Gestational age classification for infants born before 32 weeks,Finding,N/A,,,1,1
0758697b-8192-0123-7890-456789012345,,,Early Preterm GA 32-34 weeks,Early preterm,Gestational age classification for infants born between 32-34 weeks,Finding,N/A,,,1,1
1869708c-9203-1234-8901-567890123456,,,Late Preterm GA 34-36 weeks,Late preterm,Gestational age classification for infants born between 34-36 weeks,Finding,N/A,,,1,1
2970819d-0314-2345-9012-678901234567,,,Term GA 37 weeks or more,Term (2),Gestational age classification for infants born at 37 weeks or more,Finding,N/A,,,1,1
3081920e-1425-3456-0123-789012345678,,,Post Term GA more than 41 weeks,Post term,Gestational age classification for infants born after 41 weeks and 7 days,Finding,N/A,,,1,1
5203142a-3647-5678-2345-901234567890,,,Not Breathing,,Clinical finding indicating infant is not breathing,Finding,N/A,,,1,1
6314253b-4758-6789-3456-012345678901,,,Breathing Poorly 30 breaths per minute,Breathing poorly,Clinical finding indicating infant is breathing poorly at 30 breaths per minute,Finding,N/A,,,1,1
7425364c-5869-7890-4567-123456789012,,,Under-5 Gasping assessment,Gasping,Clinical finding indicating infant is gasping during breathing assessment,Finding,N/A,,,1,1
9647586e-7081-9012-6789-345678901234,,,Unable to feed,,Clinical finding indicating infant is unable to feed properly,Finding,N/A,,,1,1
0758697f-8192-0123-7890-456789012345,,,Umbilicus red or draining pus,Umbilicus infection,Clinical finding indicating umbilicus is red or draining pus,Finding,N/A,,,1,1
1869708a-9203-1234-8901-567890123456,,,Under-5 Pustule finding,Pustule,Clinical finding indicating presence of pustules on infant skin,Finding,N/A,,,1,1
2970819b-0314-2345-9012-678901234567,,,Movement only when stimulated,Movement when stimulated,Clinical finding indicating infant moves only when stimulated,Finding,N/A,,,1,1
3081920c-1425-3456-0123-789012345678,,,No movement even when stimulated,No movement stimulated,Clinical finding indicating infant shows no movement even when stimulated,Finding,N/A,,,1,1
5203142e-3647-5678-2345-901234567890,,,Not low weight,Not low,Clinical finding indicating infant weight is not low,Finding,N/A,,,1,1
7425364a-5869-7890-4567-123456789012,,,Increased feeding,Increased,Feeding pattern indicating increased feeding during illness,Finding,N/A,,,1,1
8536475b-6970-8901-5678-234567890123,,,Same feeding,Same,Feeding pattern indicating same feeding during illness,Finding,N/A,,,1,1
9647586c-7081-9012-6789-345678901234,,,Child HIV Antibody Test,Child HIV Ab test,Question asking about child HIV antibody test results,Question,Coded,703AAAAAAAAAAAAAAAAAAAAAAAAAAAAAAAAA;664AAAAAAAAAAAAAAAAAAAAAAAAAAAAAAAAA;1067AAAAAAAAAAAAAAAAAAAAAAAAAAAAAAAA,,1,2
0758697d-8192-0123-7890-456789012345,,,Bottle feeding method,Bottle,Feeding method using bottle for infant nutrition,Finding,N/A,,,1,1
1869708e-9203-1234-8901-567890123456,,,Cup feeding method,Cup,Feeding method using cup for infant nutrition,Finding,N/A,,,1,1
7425364b-5869-7890-4567-123456789012,,,Inappropriate replacement milk or fluids,Inappropriate replacement,Feeding problem indicating inappropriate replacement milk or fluids being used,Finding,N/A,,,1,1
8536475c-6970-8901-5678-234567890123,,,Under-5 Insufficient replacement feeds,Insufficient feeds,Feeding problem indicating insufficient replacement feeds being provided,Finding,N/A,,,1,1
9647586d-7081-9012-6789-345678901234,,,Replacement milk incorrectly prepared,Incorrectly prepared,Feeding problem indicating replacement milk is incorrectly or unhygienically prepared,Finding,N/A,,,1,1
0758697e-8192-0123-7890-456789012345,,,Mixed feeding breast milk and others,Mixed feeding,Feeding problem indicating mixed feeding with breast milk and other foods,Finding,N/A,,,1,1
1869708f-9203-1234-8901-567890123456,,,Bottle feeding problem,Bottle feeding,Feeding problem related to bottle feeding method,Finding,N/A,,,1,1
4192031c-2536-4567-1234-890123456789,,,Chin touching the breast,Chin touching breast,Breastfeeding attachment indicator showing chin touching the breast,Finding,N/A,,,1,1
5203142d-3647-5678-2345-901234567890,,,Mouth wide open,,Breastfeeding attachment indicator showing mouth wide open,Finding,N/A,,,1,1
6314253e-4758-6789-3456-012345678901,,,Lower lip turned outward,Lower lip outward,Breastfeeding attachment indicator showing lower lip turned outward,Finding,N/A,,,1,1
7425364f-5869-7890-4567-123456789012,,,More areola seen above than below mouth,Areola positioning,Breastfeeding attachment indicator showing more areola seen above than below the mouth,Finding,N/A,,,1,1
9647586b-7081-9012-6789-345678901234,,,Not well attached,Not well,Breastfeeding attachment assessment indicating attachment is not well established,Finding,N/A,,,1,1
1869708b-9203-1234-8901-567890123456,,,Received postnatal vitamin A doses,Received postnatal doses,Vitamin A status indicating mother received postnatal vitamin A doses,Finding,N/A,,,1,1
2970819c-0314-2345-9012-678901234567,,,Vitamin A not started,Not started,Vitamin A status indicating supplementation has not been started,Finding,N/A,,,1,1
db5660ab-ff74-4b9e-9e4a-e3ad1fbb5e1e,,,Duration Notes,,Question asking for duration notes in diarrhea assessment,Question,Text,,,1,1
eabc4230-3847-471c-b590-7554f75a672a,,,Normal skin turgor,Normal turgor,Clinical finding indicating normal skin turgor or pinch test,Finding,N/A,,,1,1
a40fdbf6-03a0-4769-b085-b0c52b6c0960,,,Slow skin turgor,Slow turgor,Clinical finding indicating slow skin turgor or pinch test,Finding,N/A,,,1,1
2ecf630a-a156-4883-a3a0-4051e1a9cdd4,,,Child DNA PCR Test Result,Child DNA PCR,Question asking about child DNA PCR test results for HIV,Question,Coded,703AAAAAAAAAAAAAAAAAAAAAAAAAAAAAAAAA;664AAAAAAAAAAAAAAAAAAAAAAAAAAAAAAAAA;1118AAAAAAAAAAAAAAAAAAAAAAAAAAAAAAAA;1067AAAAAAAAAAAAAAAAAAAAAAAAAAAAAAAA,,1,2
500a5312-b28e-4a19-a602-48c81b033321,,,Low weight status,Low weight,Clinical finding indicating low weight status in infant assessment,Finding,N/A,,,1,1
22c555fe-de45-44b6-bf86-f485ad10150d,,,Low weight feeding problem,Low weight problem,Feeding problem indicating low weight in HIV positive mother assessment,Finding,N/A,,,1,1
8b0e78c1-2594-4d14-bbc0-f888d4b8de44,,,Oral thrush feeding problem,Oral thrush problem,Feeding problem indicating oral thrush opportunistic infection,Finding,N/A,,,1,1
3c181ead-bfd7-4443-b8f4-08dcfac69b01,,,Breastfeeding positioning good,Good positioning,Breastfeeding positioning assessment indicating good positioning,Finding,N/A,,,1,1
9a4073ad-f433-46ef-96ac-032a27173d7b,,,Breastfeeding positioning poor,Poor positioning,Breastfeeding positioning assessment indicating poor positioning,Finding,N/A,,,1,1
1a7ccb02-9d98-4085-b5b0-ed66454d26de,,,Breastfeeding counseling topic,Breastfeeding counseling,Counseling topic about breastfeeding for mother education,Finding,N/A,,,1,1
b2c3d4e5-f607-8901-bcde-f23456789012,,,Grunting symptom,Grunting,Symptom/finding of grunting sounds in infant clinical assessment,Finding,N/A,,,1,1
d4e5f607-1829-0123-def0-456789012345,,,Fever or low body temperature symptom,Fever/low temperature,Symptom/finding of fever or low body temperature in infant clinical assessment,Finding,N/A,,,1,1
ca573c39-0dae-4482-9d3e-f53c715a4dae,,,Mother HIV antibody test result,Mother HIV Ab test,Question asking for mother's HIV antibody test result,Question,Coded,703AAAAAAAAAAAAAAAAAAAAAAAAAAAAAAAAA;664AAAAAAAAAAAAAAAAAAAAAAAAAAAAAAAAA;1067AAAAAAAAAAAAAAAAAAAAAAAAAAAAAAAA,,1,2
18f96a7c-2c9d-012e-456f-234567890123,,,Fast breathing present,Fast breathing,Child has fast breathing indicating respiratory distress,Symptom/Finding,N/A,,,1,1
25d6e758-0970-890b-5234-678bcdef0123,,,Food counseling,Food,Counseling about appropriate food and feeding practices for child,Finding,N/A,,,1,1
36e7f869-1a81-901c-6345-789cdef01234,,,Fluid counseling,Fluid,Counseling about appropriate fluid management and hydration for child,Finding,N/A,,,1,1
58f9a2b3-4c5d-6e7f-8901-234567890def,,,Return visit counseling,Return visit,Counseling about when to return for follow-up care and warning signs,Finding,N/A,,,1,1
5203142f-3647-5678-2345-901234567890,,,Keep warm counseling topic,Keep warm,Counseling topic about keeping child warm for mother education,Finding,N/A,,,1,1
8d0d0bff-3d1b-4450-b7df-a208fbe7b4a4,,,Referred to facility or service,Referred to,Free text field for documenting referral destination,Question,Text,,,1,1
36d82355-9c8b-495f-aab9-186a7af90537,,,Presence of Breast Feeding in the last 6 months,Breastfeeding last 6 months,Question asking if breast feeding was present in the last 6 months,Question,Coded,1065AAAAAAAAAAAAAAAAAAAAAAAAAAAAAAAA;1066AAAAAAAAAAAAAAAAAAAAAAAAAAAAAAAA,,1,2
7b2c3d4e-5f60-7890-1234-567890abcd11,,,Age at admission in days,Age at admission,Numeric value representing age of patient at time of hospital or facility admission in days,Question,Numeric,,,1,1
8c3d4e5f-6071-8901-2345-678901abcd12,,,Age less than 18 years risk factor,Age <18 risk,Question asking if patient age less than 18 years is a risk factor for current condition,Question,Coded,1065AAAAAAAAAAAAAAAAAAAAAAAAAAAAAAAA;1066AAAAAAAAAAAAAAAAAAAAAAAAAAAAAAAA,,1,2
9d4e5f60-7182-9012-3456-789012abcd13,,,Age more than 35 years risk factor,Age >35 risk,Question asking if patient age more than 35 years is a risk factor for current condition,Question,Coded,1065AAAAAAAAAAAAAAAAAAAAAAAAAAAAAAAA;1066AAAAAAAAAAAAAAAAAAAAAAAAAAAAAAAA,,1,2
0e5f6071-8293-0123-4567-890123abcd14,,,Rh isoimmunization in pregnancy,Rh isoimmunization,Question asking about Rh negative isoimmunization in current or previous pregnancy,Question,Coded,1065AAAAAAAAAAAAAAAAAAAAAAAAAAAAAAAA;1066AAAAAAAAAAAAAAAAAAAAAAAAAAAAAAAA,,1,2
1f607182-9304-1234-5678-901234abcd15,,,Pelvic mass present,Pelvic mass,Question asking about presence of pelvic mass during pregnancy assessment,Question,Coded,1065AAAAAAAAAAAAAAAAAAAAAAAAAAAAAAAA;1066AAAAAAAAAAAAAAAAAAAAAAAAAAAAAAAA,,1,2
2071a2b3-0415-2345-6789-012345abcd16,,,Hypertension risk factor pregnancy,Hypertension risk,Question asking about systolic blood pressure greater than 140 mmHg or diastolic greater than 90 mmHg as pregnancy risk factor,Question,Coded,1065AAAAAAAAAAAAAAAAAAAAAAAAAAAAAAAA;1066AAAAAAAAAAAAAAAAAAAAAAAAAAAAAAAA,,1,2
3182b3c4-1526-3456-7890-123456abcd17,,,Last baby birth weight less than 2500g,Last baby <2500g,Question asking if birth weight of last baby was less than 2500 grams,Question,Coded,1065AAAAAAAAAAAAAAAAAAAAAAAAAAAAAAAA;1066AAAAAAAAAAAAAAAAAAAAAAAAAAAAAAAA,,1,2
4293c4d5-2637-4567-8901-234567abcd18,,,Last baby birth weight more than 4000g,Last baby >4000g,Question asking if birth weight of last baby was more than 4000 grams,Question,Coded,1065AAAAAAAAAAAAAAAAAAAAAAAAAAAAAAAA;1066AAAAAAAAAAAAAAAAAAAAAAAAAAAAAAAA,,1,2
5304d5e6-3748-5678-9012-345678abcd19,,,Last pregnancy hypertension admission,Last pregnancy HTN,Question asking about hospital admission for hypertension preeclampsia or eclampsia in last pregnancy,Question,Coded,1065AAAAAAAAAAAAAAAAAAAAAAAAAAAAAAAA;1066AAAAAAAAAAAAAAAAAAAAAAAAAAAAAAAA,,1,2
6415e6f7-4859-6789-0123-456789abcd20,,,Previous reproductive tract surgery,Previous repro surgery,Question asking about previous surgery on reproductive tract including myomectomy septum removal fistula repair cone biopsy cesarean section rupture repair or cervical cerclage,Question,Coded,1065AAAAAAAAAAAAAAAAAAAAAAAAAAAAAAAA;1066AAAAAAAAAAAAAAAAAAAAAAAAAAAAAAAA,,1,2
7526f708-5960-7890-1234-567890abcd21,,,Prophylactic antibiotics given,Prophylactic antibiotics,Free text field for documenting prophylactic antibiotics administered to patient,Question,Text,,,1,1
974808b2-7182-9012-3456-789012abcd23,,,Augmented labor,Augmented,Labor that has been augmented or stimulated with medical intervention,Finding,N/A,,,1,1
a85909c3-8293-0123-4567-890123abcd24,,,ROM hours prior to delivery,ROM hours,Numeric value representing hours of rupture of membranes prior to delivery,Question,Numeric,,,1,1
b960a0d4-9304-1234-5678-901234abcd25,,,Cesarean section or instrumental delivery indication,C/S indication,Free text field for documenting indication for cesarean section or instrumental delivery,Question,Text,,,1,1
c071b1e5-0415-2345-6789-012345abcd26,,,Inpatient status,,Question asking if patient is currently admitted as inpatient,Question,Coded,1065AAAAAAAAAAAAAAAAAAAAAAAAAAAAAAAA;1066AAAAAAAAAAAAAAAAAAAAAAAAAAAAAAAA,,1,2
d182c2f6-1526-3456-7890-123456abcd27,,,Newborn resuscitation notes,Resuscitation notes,Free text field for documenting newborn resuscitation procedures and clinical notes,Question,Text,,,1,1
e293d307-2637-4567-8901-234567abcd28,,,TTC eye ointment administration,TTC eye ointment,Question asking if tetracycline eye ointment was given in both eyes of newborn,Question,Coded,1065AAAAAAAAAAAAAAAAAAAAAAAAAAAAAAAA;1066AAAAAAAAAAAAAAAAAAAAAAAAAAAAAAAA,,1,2
f304e418-3748-5678-9012-345678abcd29,,,Vitamin K administration newborn,Vitamin K given,Question asking if vitamin K was administered to newborn for hemorrhagic disease prevention,Question,Coded,1065AAAAAAAAAAAAAAAAAAAAAAAAAAAAAAAA;1066AAAAAAAAAAAAAAAAAAAAAAAAAAAAAAAA,,1,2
0415f529-4859-6789-0123-456789abcd30,,,Reason for referral documentation,Reason for referral,Free text field for documenting detailed reason for patient referral to higher level facility,Question,Text,,,1,1
1162063a-5960-7890-1234-567890abcd31,,,Referral date and time,Referral DateTime,Date and time when patient referral was initiated or documented,Question,Datetime,,,1,1
2273174b-6081-7902-2456-789123abcd32,,,Hepatitis B virus test result,HBV result,Question asking for hepatitis B virus test result with reactive or non-reactive options,Question,Coded,703AAAAAAAAAAAAAAAAAAAAAAAAAAAAAAAAA;664AAAAAAAAAAAAAAAAAAAAAAAAAAAAAAAAA,,1,2
3384285c-7192-8013-3567-890234abcd33,,,Multiple pregnancy diagnosed or suspected,Multiple pregnancy,Question asking if multiple pregnancy has been diagnosed or is suspected,Question,Coded,1065AAAAAAAAAAAAAAAAAAAAAAAAAAAAAAAA;1066AAAAAAAAAAAAAAAAAAAAAAAAAAAAAAAA,,1,2
4495396d-8203-9124-4678-901345abcd34,,,Dexamethasone administration,Dexamethasone given,Question asking if dexamethasone was administered to patient,Question,Coded,1065AAAAAAAAAAAAAAAAAAAAAAAAAAAAAAAA;1066AAAAAAAAAAAAAAAAAAAAAAAAAAAAAAAA,,1,2
5506407e-9314-0235-5789-012456abcd35,,,Magnesium sulphate administration,Magnesium sulphate given,Question asking if magnesium sulphate was administered to patient,Question,Coded,1065AAAAAAAAAAAAAAAAAAAAAAAAAAAAAAAA;1066AAAAAAAAAAAAAAAAAAAAAAAAAAAAAAAA,,1,2
6617518f-0425-1346-6890-123567abcd36,,,Other medications administered,Other medications,Free text field for documenting other medications administered to patient,Question,Text,,,1,1
7728629a-1536-2457-7901-234678abcd37,,,Spontaneous labor onset,Spontaneous,Labor that began spontaneously without medical intervention,Finding,N/A,,,1,1
8839730b-2647-3568-8012-345789abcd38,,,Induced labor onset,Induced,Labor that was medically induced,Finding,N/A,,,1,1
9940841c-3758-4679-9123-456890abcd39,,,Elective cesarean section,Elective C/S,Planned cesarean section delivery,Finding,N/A,,,1,1
8b2c3d4e-5f60-7890-1234-567890abcd02,,,Higher Order Multiple Birth,Higher multiple,Birth type indicating higher order multiple birth (triplets or more),Finding,N/A,,,1,1
0d4e5f60-7182-9012-3456-789012abcd04,,,Stillbirth Not applicable,Not applicable,Stillbirth classification indicating not applicable to current case,Finding,N/A,,,1,1
1e5f6071-8293-0123-4567-890123abcd05,,,Newborn Fresh stillbirth,Fresh stillbirth,Stillbirth classification indicating fresh stillbirth,Finding,N/A,,,1,1
2f607182-9304-1234-5678-901234abcd06,,,Newborn Macerated stillbirth,Macerated stillbirth,Stillbirth classification indicating macerated stillbirth,Finding,N/A,,,1,1
3071a2b3-0415-2345-6789-012345abcd07,,,Sex,,Question asking about infant sex or gender,Question,Coded,1534AAAAAAAAAAAAAAAAAAAAAAAAAAAAAAAA;1535AAAAAAAAAAAAAAAAAAAAAAAAAAAAAAAA,,1,2
4293c4d5-2637-4567-8901-234567abcd08,,,Vitamin K administration,Vitamin K,Essential newborn care intervention involving vitamin K administration for hemorrhagic disease prevention,Finding,N/A,,,1,1
5293c4d5-2637-4567-8901-234567abcd09,,,TTC eye ointment administration (2),TTC eye ointment (2),Essential newborn care intervention involving tetracycline eye ointment administration,Finding,N/A,,,1,1
6293c4d5-2637-4567-8901-234567abcd10,,,Skin to Skin Contact,Skin to skin,Essential newborn care intervention involving immediate skin to skin contact,Finding,N/A,,,1,1
7393c4d5-2637-4567-8901-234567abcd11,,,HBV birth dose,,Hepatitis B virus birth dose vaccine given as part of essential newborn care,Finding,N/A,,,1,1
6304d5e6-3748-5678-9012-345678abcd10,,,Maternal bleeding controlled,,Question asking if maternal bleeding is controlled after delivery,Question,Coded,1065AAAAAAAAAAAAAAAAAAAAAAAAAAAAAAAA;1066AAAAAAAAAAAAAAAAAAAAAAAAAAAAAAAA,,1,2
7415e6f7-4859-6789-0123-456789abcd11,,,Mother needs to start antibiotics,Mother needs antibiotics,Question asking if mother needs to start antibiotic treatment,Question,Coded,1065AAAAAAAAAAAAAAAAAAAAAAAAAAAAAAAA;1066AAAAAAAAAAAAAAAAAAAAAAAAAAAAAAAA,,1,2
8526f708-5960-7890-1234-567890abcd12,,,Baby need to start antibiotics,Baby needs antibiotics,Question asking if baby needs to start antibiotic treatment,Question,Coded,1065AAAAAAAAAAAAAAAAAAAAAAAAAAAAAAAA;1066AAAAAAAAAAAAAAAAAAAAAAAAAAAAAAAA,,1,2
9637081a-6071-8901-2345-678901abcd13,,,Is baby feeding well,Baby feeding well,Question asking if baby is feeding well,Question,Coded,1065AAAAAAAAAAAAAAAAAAAAAAAAAAAAAAAA;1066AAAAAAAAAAAAAAAAAAAAAAAAAAAAAAAA,,1,2
0748192b-7182-9012-3456-789012abcd14,,,If mother HIV positive mother is on ART and baby has neverapin syrup for 6 weeks,HIV positive mother ART,Question asking if HIV positive mother is on ART and baby has nevirapine syrup for 6 weeks,Question,Coded,1065AAAAAAAAAAAAAAAAAAAAAAAAAAAAAAAA;1066AAAAAAAAAAAAAAAAAAAAAAAAAAAAAAAA,,1,2
1859203c-8293-0123-4567-890123abcd15,,,Family planning options counseled,Family planning counseled,Question asking if family planning options were counseled,Question,Coded,1065AAAAAAAAAAAAAAAAAAAAAAAAAAAAAAAA;1066AAAAAAAAAAAAAAAAAAAAAAAAAAAAAAAA,,1,2
2960314d-9304-1234-5678-901234abcd16,,,Health education offered,,Question asking if health education was offered,Question,Coded,1065AAAAAAAAAAAAAAAAAAAAAAAAAAAAAAAA;1066AAAAAAAAAAAAAAAAAAAAAAAAAAAAAAAA,,1,2
3071425e-0415-2345-6789-012345abcd17,,,Appointment given if needed,Appointment given,Question asking if appointment was given if needed,Question,Coded,1065AAAAAAAAAAAAAAAAAAAAAAAAAAAAAAAA;1066AAAAAAAAAAAAAAAAAAAAAAAAAAAAAAAA,,1,2
cefe2cf4-eace-442a-8ca6-730997ce1eb5,,,FHS,,Assessment of fetal heart sounds during pregnancy examination,Question,Coded,1065AAAAAAAAAAAAAAAAAAAAAAAAAAAAAAAA;1066AAAAAAAAAAAAAAAAAAAAAAAAAAAAAAAA,,1,2
ffdae04b-b351-4a8d-9368-4658c4e52f49,,,Amount of Liquor,,Clinical assessment of amniotic fluid volume during pregnancy examination,Question,Text,,,1,1
74234a5c-f895-4669-ba7d-ea2152fc29db,,,Time of illness or accident,Time of illness,Free text field for documenting time of illness or accident in pediatric triage,Question,Text,,,1,1
e2dfbf1b-9ad8-40e8-8333-ed03363edde6,,,If yes specify details,If yes specify,Free text field for specifying additional details when yes is selected,Question,Text,,,1,1
65a8c74c-544d-4517-8dc9-485efd819ff6,,,Red emergency color,Red,Red emergency triage color indicating immediate attention required,Finding,N/A,,,1,1
67792c5f-c3d0-42ef-b20b-a61c30d1fa9b,,,Yellow emergency color,Yellow,Yellow emergency triage color indicating urgent attention required,Finding,N/A,,,1,1
4da071fe-7089-4e59-b53b-df16d49337dd,,,Green emergency color,Green,Green emergency triage color indicating non-urgent attention,Finding,N/A,,,1,1
dcc04d8c-834d-4824-be39-375c40e42527,,,If red ABCD assessment,If red ABCD,Question asking if red ABCD assessment protocol should be followed,Question,Coded,703AAAAAAAAAAAAAAAAAAAAAAAAAAAAAAAAA;664AAAAAAAAAAAAAAAAAAAAAAAAAAAAAAAAA,,1,2
4b17471d-290e-42b6-a4d5-05b1d2dffc19,,,Seen immediately assessment,Seen immediately,Question asking if patient should be seen immediately,Question,Coded,703AAAAAAAAAAAAAAAAAAAAAAAAAAAAAAAAA;664AAAAAAAAAAAAAAAAAAAAAAAAAAAAAAAAA,,1,2
1b2c3d4e-5f60-4712-9b01-c2d3e4f5ff02,,,Tuberculosis follow-up symptoms duration,TBF symptoms duration,Duration in days or weeks for current tuberculosis follow-up symptoms,Question,Numeric,,,1,1
2c3d4e5f-6071-4823-ac12-d3e4f5a6ff03,,,Tuberculosis admission observation group,TBF admission group,Observation group for tuberculosis admission needs and indications,Question,N/A,,,1,1
3d4e5f60-7182-4934-bd23-e4f5a6b7ff04,,,Need of tuberculosis admission,Need of TB admission,Clinical decision whether tuberculosis patient needs inpatient admission,Question,Coded,1065AAAAAAAAAAAAAAAAAAAAAAAAAAAAAAAA;1066AAAAAAAAAAAAAAAAAAAAAAAAAAAAAAAA,,1,2
4e5f6071-8293-4a45-ce34-f5a6b7c8ff05,,,Indications for tuberculosis admission,TB admission indications,Text description of clinical indications for tuberculosis admission,Question,Text,,,1,1
5f607182-9304-4b56-df45-06b7c8d9ff06,,,Tuberculosis treatment outcome,TBF treatment outcome,Outcome status for current course of tuberculosis treatment,Question,Coded,162677AAAAAAAAAAAAAAAAAAAAAAAAAAAAAA;164381AAAAAAAAAAAAAAAAAAAAAAAAAAAAAA;162678AAAAAAAAAAAAAAAAAAAAAAAAAAAAAA;164134AAAAAAAAAAAAAAAAAAAAAAAAAAAAAA;34c6a35c-beb9-4d79-99ec-aa880fb067e5;256813f5-9123-42cb-a456-d51db0f0d8b3;d57ad0b9-5f5f-4887-a407-3d882b753cf3,,1,2
0f1a2b3c-4d5e-4678-8901-234567890015,,,Day 15 tuberculosis follow-up interval,Day 15,Current tuberculosis follow-up visit is at 15 days,Finding,N/A,,,1,1
1a2b3c4d-5e6f-4789-9012-345678900116,,,One month tuberculosis follow-up interval,1 Month,Current tuberculosis follow-up visit is at 1 month,Finding,N/A,,,1,1
2b3c4d5e-6f70-4890-a123-456789001217,,,Two month tuberculosis follow-up interval,2 Month,Current tuberculosis follow-up visit is at 2 months,Finding,N/A,,,1,1
3c4d5e6f-7081-49a1-b234-567890012318,,,Three month tuberculosis follow-up interval,3 Month,Current tuberculosis follow-up visit is at 3 months,Finding,N/A,,,1,1
4d5e6f70-8192-4ab2-c345-678900123419,,,Four month tuberculosis follow-up interval,4 Month,Current tuberculosis follow-up visit is at 4 months,Finding,N/A,,,1,1
5e6f7081-9203-4bc3-d456-789001234520,,,Five month tuberculosis follow-up interval,5 Month,Current tuberculosis follow-up visit is at 5 months,Finding,N/A,,,1,1
6f708192-0314-4cd4-e567-890012345621,,,Six month tuberculosis follow-up interval,6 Month,Current tuberculosis follow-up visit is at 6 months,Finding,N/A,,,1,1
70819203-b425-4de5-f678-900123456722,,,Seven month tuberculosis follow-up interval,7 Month,Current tuberculosis follow-up visit is at 7 months,Finding,N/A,,,1,1
81920314-c536-4ef6-0789-001234567823,,,Eight month tuberculosis follow-up interval,8 Month,Current tuberculosis follow-up visit is at 8 months,Finding,N/A,,,1,1
92031425-d647-4007-1890-012345678924,,,Nine month tuberculosis follow-up interval,9 Month,Current tuberculosis follow-up visit is at 9 months,Finding,N/A,,,1,1
03142536-e758-4118-29a1-123456789025,,,Ten month tuberculosis follow-up interval,10 Month,Current tuberculosis follow-up visit is at 10 months,Finding,N/A,,,1,1
14253647-f869-4229-3ab2-234567890126,,,Eleven month tuberculosis follow-up interval,11 Month,Current tuberculosis follow-up visit is at 11 months,Finding,N/A,,,1,1
25364758-0a7b-433a-4bc3-345678901227,,,Twelve month tuberculosis follow-up interval,12 Month,Current tuberculosis follow-up visit is at 12 months,Finding,N/A,,,1,1
60718293-0415-4c67-e056-17c8d9eaff07,,,Tuberculosis current follow-up visit interval,TBF visit interval,Interval of current tuberculosis follow-up visit in months or days,Question,Coded,0f1a2b3c-4d5e-4678-8901-234567890015;1a2b3c4d-5e6f-4789-9012-345678900116;2b3c4d5e-6f70-4890-a123-456789001217;3c4d5e6f-7081-49a1-b234-567890012318;4d5e6f70-8192-4ab2-c345-678900123419;5e6f7081-9203-4bc3-d456-789001234520;6f708192-0314-4cd4-e567-890012345621;70819203-b425-4de5-f678-900123456722;81920314-c536-4ef6-0789-001234567823;92031425-d647-4007-1890-012345678924;03142536-e758-4118-29a1-123456789025;14253647-f869-4229-3ab2-234567890126;25364758-0a7b-433a-4bc3-345678901227,,1,2
36475869-1b8c-444b-5cd4-456789012328,,,Tuberculosis family screened status,Family screened TB,Whether household contacts have been screened for tuberculosis,Question,Coded,1065AAAAAAAAAAAAAAAAAAAAAAAAAAAAAAAA;1066AAAAAAAAAAAAAAAAAAAAAAAAAAAAAAAA;1067AAAAAAAAAAAAAAAAAAAAAAAAAAAAAAAA,,1,2
4758697a-2c9d-455c-6de5-567890123429,,,Tuberculosis symptoms relief group,TBF symptoms relief group,Observation group for degree of relief of tuberculosis symptoms,Question,N/A,,,1,1
bb1c2d3e-4f50-4612-8a90-b1234567aa01,,,Icterus on TB examination,Icterus exam,Presence of icterus on tuberculosis follow-up physical examination,Finding,N/A,,,1,1
cc2d3e4f-5061-4723-9b01-c2345678bb02,,,Lymph nodes enlarged on TB examination,Lymph nodes exam,Presence of enlarged lymph nodes on tuberculosis follow-up physical examination,Finding,N/A,,,1,1
697a8b9c-4ebf-477e-8017-78901234563b,,,Tuberculosis examination findings,TBF examination,Key physical examination findings relevant for tuberculosis follow-up,Question,Coded,bb1c2d3e-4f50-4612-8a90-b1234567aa01;cc2d3e4f-5061-4723-9b01-c2345678bb02,,1,2
dd1e2f3a-4b5c-4678-9012-ab34cd56ef01,,,TB symptom relieved completely,TB relieved completely,Symptom has been completely relieved since last tuberculosis follow-up visit,Finding,N/A,,,1,1
58697a8b-3dae-466d-7ef6-67890123452a,,,Tuberculosis symptom relief trend,Symptom relief trend,Change in severity of a given tuberculosis symptom since last visit,Question,Coded,164471AAAAAAAAAAAAAAAAAAAAAAAAAAAAAA;164381AAAAAAAAAAAAAAAAAAAAAAAAAAAAAA;164470AAAAAAAAAAAAAAAAAAAAAAAAAAAAAA;dd1e2f3a-4b5c-4678-9012-ab34cd56ef01,,1,2
7a8b9c0d-5fc0-488f-9128-89012345674c,,,Treatment compliance for tuberculosis,TBF treatment compliance,Whether the patient is compliant with tuberculosis treatment regimen,Question,Coded,1065AAAAAAAAAAAAAAAAAAAAAAAAAAAAAAAA;1066AAAAAAAAAAAAAAAAAAAAAAAAAAAAAAAA,,1,2
8b9c0d1e-60d1-4990-a239-90123456785d,,,Adverse effects of tuberculosis treatment,TBF adverse effects,Text description of adverse effects due to tuberculosis medications,Question,Text,,,1,1
9c0d1e2f-71e2-40a1-b34a-01234567896e,,,Adverse effects management plan,TBF adverse effects plan,Text description of management given for tuberculosis treatment adverse effects,Question,Text,,,1,1
ad1e2f30-82f3-41b2-c45b-123456789a7f,,,Visit impression for tuberculosis follow-up,TBF visit impression,Overall clinical impression of patient’s response to tuberculosis treatment,Question,Coded,162677AAAAAAAAAAAAAAAAAAAAAAAAAAAAAA;164381AAAAAAAAAAAAAAAAAAAAAAAAAAAAAA;162678AAAAAAAAAAAAAAAAAAAAAAAAAAAAAA;164134AAAAAAAAAAAAAAAAAAAAAAAAAAAAAA,,1,2
892f9568-5086-4148-af4c-7d14f7d2cfe8,,,Obstructed breathing,,Clinical finding of obstructed breathing in pediatric patient,Finding,N/A,,,1,1
7dcd7908-2118-43d3-b469-c90fb042836c,,,Severe respiratory distress,,Clinical finding of severe respiratory distress in pediatric patient,Finding,N/A,,,1,1
46beb2f8-f33e-4ea9-95ff-261d2ff61838,,,Pediatric Cold hands finding,Cold hands,Clinical finding of cold hands indicating poor circulation,Finding,N/A,,,1,1
d3c2517d-049a-4258-8046-fbff8a9e0c86,,,Capillary refill longer than 2 seconds,Capillary refill >2sec,Clinical finding of delayed capillary refill indicating poor circulation,Finding,N/A,,,1,1
ef376108-0270-4f68-9a61-3ee11adc1e1b,,,Weak and fast pulse,Weak fast pulse,Clinical finding of weak and fast pulse indicating circulatory compromise,Finding,N/A,,,1,1
edbfc52e-de3e-45cf-b52b-3c4425c5a172,,,Very slow skin pinch,,Clinical finding of very slow skin pinch indicating severe dehydration,Finding,N/A,,,1,1
628b0af3-49e4-46f3-b093-178bd111eb7a,,,Tiny baby less than one month,Tiny baby <1mo,Clinical finding of tiny baby less than one month old,Finding,N/A,,,1,1
415daa59-d04f-4fde-88cc-5c92efd38e40,,,Temperature abnormal,,Clinical finding of abnormal temperature in pediatric patient,Finding,N/A,,,1,1
f8fbd69a-8ce5-4512-9750-5774f0293d23,,,Child is very hot greater than 38.8,Child very hot >38.8,Clinical finding of hyperthermia with temperature greater than 38.8 degrees,Finding,N/A,,,1,1
25fe0585-30f9-4e28-a01a-15c3e40e3430,,,Child is very cold less than 36.8,Child very cold <36.8,Clinical finding of hypothermia with temperature less than 36.8 degrees,Finding,N/A,,,1,1
72d950f7-17c5-469d-abf0-8882d656e049,,,Trauma or urgent surgical condition,Trauma urgent surgical,Clinical finding of trauma or urgent surgical condition requiring immediate attention,Finding,N/A,,,1,1
5c401ca5-67d6-43b4-9bce-6189b62224df,,,Pallor observed,Pallor,Clinical finding of pallor indicating anemia or poor circulation,Finding,N/A,,,1,1
2e9fb826-1b3d-45aa-b2ba-fb7f30e22e70,,,Poisoning history pain severe,Poisoning pain severe,Clinical finding of poisoning history or severe pain,Finding,N/A,,,1,1
88def9bc-6eba-433d-ae62-4cf563c00e9c,,,Pediatric Respiratory distress,Respiratory distress,Clinical finding of respiratory distress in pediatric patient,Finding,N/A,,,1,1
843b93f3-303a-4358-ae57-0ef855b5e79a,,,Restless continually irritable and lethargy,Restless irritable lethargy,Clinical finding of restless continually irritable behavior and lethargy,Finding,N/A,,,1,1
ad5d211b-1701-4cd0-b55b-dd681598ddc6,,,Referral urgent,,Clinical finding indicating need for urgent referral,Finding,N/A,,,1,1
b079374e-e06f-433c-b373-d8f21fb7ca86,,,Malnutrition visible severe wasting,Malnutrition severe wasting,Question asking about visible severe wasting indicating malnutrition,Question,Coded,1065AAAAAAAAAAAAAAAAAAAAAAAAAAAAAAAA;1066AAAAAAAAAAAAAAAAAAAAAAAAAAAAAAAA,,1,2
45bb0b1a-0159-4cd6-8855-af08e89521a7,,,Oedema of both feet,Oedema both feet,Question asking about presence of oedema in both feet,Question,Coded,703AAAAAAAAAAAAAAAAAAAAAAAAAAAAAAAAA;664AAAAAAAAAAAAAAAAAAAAAAAAAAAAAAAAA,,1,2
c41e8474-d99b-4b22-b74b-dde2696cbf87,,,Burn assessment,,Question asking about presence of burns in pediatric patient,Question,Coded,703AAAAAAAAAAAAAAAAAAAAAAAAAAAAAAAAA;664AAAAAAAAAAAAAAAAAAAAAAAAAAAAAAAAA,,1,2
d8f4631d-fccb-41ab-a8d1-3fc881a8a430,,,Recent convulsion within past 6 hours,Recent convulsion 6hrs,Question asking about recent convulsion within the past 6 hours,Question,Coded,703AAAAAAAAAAAAAAAAAAAAAAAAAAAAAAAAA;664AAAAAAAAAAAAAAAAAAAAAAAAAAAAAAAAA,,1,2
0a1b2c3d-4e5f-4601-8a90-b1c2d3e4ff01,,,Tuberculosis follow-up symptoms,TBF symptoms,Checklist of tuberculosis follow-up symptoms and complaints,Question,Coded,85822a93-0801-4787-8ec3-4f3d04e87e35;4c2a0bc4-6280-4695-b8fe-f44e1417e5ee;4ad696eb-4426-4cf7-948b-48ef70a7749d;39747d43-00bb-46eb-9551-790981786d14;5e788990-0112-8904-2348-2def01234567;abe9b7fa-ec3c-4ec5-a401-2a019a280dca;58122334-4556-2348-6782-c789abcdef01;d8f4631d-fccb-41ab-a8d1-3fc881a8a430;2e9fb826-1b3d-45aa-b2ba-fb7f30e22e70,,1,2
e5c23320-f757-46b0-988d-fffa549fba33,,,Pediatric Heart disease history,Heart disease,Clinical finding of heart disease as underlying condition,Finding,N/A,,,1,1
49b9a38b-76b2-4c53-89d2-cb9ff8ca3043,,,Pediatric Renal disease history,Renal disease,Clinical finding of renal disease as underlying condition,Finding,N/A,,,1,1
a66a20d9-aca4-473f-b5f1-935da7946c10,,,Lung disease,,Clinical finding of lung disease as underlying condition,Finding,N/A,,,1,1
3596837f-d31d-40ee-82c1-ce0eeb15521f,,,Malignancy,,Clinical finding of malignancy as underlying condition,Finding,N/A,,,1,1
e63c3415-62a0-4340-b416-0c190b8c7407,,,Retroviral infection,,Clinical finding of retroviral infection as underlying condition,Finding,N/A,,,1,1
f25a277d-34b8-4258-9e5f-41b08bb36a90,,,Pediatric Epilepsy history,Epilepsy,Clinical finding of epilepsy as underlying condition,Finding,N/A,,,1,1
3dfb1639-4e60-4877-a3ca-5e37356175f3,,,Malnutrition underlying,,Clinical finding of malnutrition as underlying condition,Finding,N/A,,,1,1
174c5baa-70b2-45e4-9a18-d1f2ccb70ceb,,,Recent admission,,Clinical finding of recent hospital admission,Finding,N/A,,,1,1
9694701e-109a-41d3-8adb-8f07670fbcb5,,,Alert (mental status),Alert,Clinical finding of alert mental status in pediatric patient,Finding,N/A,,,1,1
7ccfb2a1-7fe8-4eb9-bd53-de250a2bc122,,,Irritable confused,,Clinical finding of irritable or confused mental status,Finding,N/A,,,1,1
1a4c003c-3ed4-4776-8457-72c6bc50cb6c,,,Lethargic unconscious coma,,Clinical finding of lethargic unconscious or coma mental status,Finding,N/A,,,1,1
c6728b6b-defe-4a20-a8c1-1137b381af71,,,None or mild,None mild,Clinical finding of none or mild severity,Finding,N/A,,,1,1
ae48da34-3e5b-4c24-922c-aea87d92a373,,,Pediatric Moderate severity,Moderate,Clinical finding of moderate severity,Finding,N/A,,,1,1
f3cafc79-9cab-413a-8abf-96a4c0129412,,,Poor perfusion assessment,Poor perfusion,Question asking about poor perfusion in pediatric patient,Question,Coded,703AAAAAAAAAAAAAAAAAAAAAAAAAAAAAAAAA;664AAAAAAAAAAAAAAAAAAAAAAAAAAAAAAAAA,,1,2
1897377e-e00b-469e-b98d-5cc7ad9e0f87,,,Signs of convulsion assessment,Signs of convulsion,Question asking about signs of convulsion in pediatric patient,Question,Coded,1065AAAAAAAAAAAAAAAAAAAAAAAAAAAAAAAA;1066AAAAAAAAAAAAAAAAAAAAAAAAAAAAAAAA,,1,2
668a4165-5515-405d-9fd1-d2aaedd1dbbd,,,Non-urgent green,,Triage classification of non-urgent green category,Finding,N/A,,,1,1
f05aee3c-ba96-4a43-b0b4-2894db7999d0,,,Urgent yellow 1 or 2 yellow,Urgent yellow,Triage classification of urgent yellow category,Finding,N/A,,,1,1
ecee70d1-8ec1-42c4-9cc6-7ac6addf2517,,,Emergent red,,Triage classification of emergent red category,Finding,N/A,,,1,1
de95d3e4-063a-4be1-9b1e-b4c6d2450b2d,,,Seen within 1-4 hours,Seen within 1-4hrs,Action indicating patient should be seen within 1-4 hours,Finding,N/A,,,1,1
84a5ebff-f66e-466a-8aa9-ba9cba6842af,,,Seen immediately action,Seen immediately (2),Action indicating patient should be seen immediately,Finding,N/A,,,1,1
e0a1b2c3-d4e5-4890-9abc-def012345670,,,Infant Vaccines Group,,Observation group for infant vaccination dates,Question,N/A,,,1,1
f1a2b3c4-d5e6-4f70-8a9b-bcdef0123456,,,Hepatitis B birth dose within 24 hours Date,Hep B birth ≤24h date,Date when Hepatitis B birth dose within 24 hours was administered,Question,Date,,,1,1
a2b3c4d5-e6f7-4801-9b0c-cdef01234567,,,Hepatitis B birth dose after 24 hours below 14 days Date,Hep B birth 24h-14d date,Date when Hepatitis B birth dose after 24 hours and below 14 days was administered,Question,Date,,,1,1
b3c4d5e6-f7a8-4912-8c0d-def012345678,,,Adverse Events Following Immunization Group,AEFI group,Observation group for adverse events following immunization,Question,N/A,,,1,1
c4d5e6f7-a8b9-4a23-9d0e-ef0123456789,,,Fully vaccinated,,Question asking if child is fully vaccinated for age,Question,Coded,1065AAAAAAAAAAAAAAAAAAAAAAAAAAAAAAAA;1066AAAAAAAAAAAAAAAAAAAAAAAAAAAAAAAA,,1,2
d5e6f7a8-b9c0-4b34-8e1f-f0123456789a,,,Mother protective Td doses against NNT (PAB),Mother Td PAB,Question asking if mother had protective tetanus toxoid doses against neonatal tetanus (PAB),Question,Coded,1065AAAAAAAAAAAAAAAAAAAAAAAAAAAAAAAA;1066AAAAAAAAAAAAAAAAAAAAAAAAAAAAAAAA,,1,2
f7a8b9c0-d1e2-4d56-8031-123456789abc,,,No developmental delay,,Finding indicating no developmental delay on milestones assessment,Finding,N/A,,,1,1
a8b9c0d1-e2f3-4e67-9142-23456789abcd,,,Suspected developmental delay,,Finding indicating suspected developmental delay on milestones assessment,Finding,N/A,,,1,1
b9c0d1e2-f3a4-4f78-a253-3456789abcde,,,Developmental delay screening outcome,Developmental delay,Finding indicating confirmed developmental delay on milestones assessment,Finding,N/A,,,1,1
e6f7a8b9-c0d1-4c45-9f20-0123456789ab,,,Development milestones assessment,Development milestones,Assessment of child developmental milestones for delay or suspected delay,Question,Coded,f7a8b9c0-d1e2-4d56-8031-123456789abc;a8b9c0d1-e2f3-4e67-9142-23456789abcd;b9c0d1e2-f3a4-4f78-a253-3456789abcde,,1,2
c0d1e2f3-a4b5-4089-b364-456789abcdef,,,Vitamin A Date,,Date when Vitamin A supplementation was administered,Question,Date,,,1,1
05483b0c-10e6-4fd1-972a-acb23b722c6d,,,If green proceed with assessment and treatment,If green proceed,Free text field for instructions when green triage level is assigned,Question,Text,,,1,1
b2c3d4e5-6f70-8901-2345-678901bcdef0,,,PMTCT Sex worker risk,Sex Worker,Individual engaged in commercial sex work with increased HIV transmission risk,Finding,N/A,,,1,1
c3d4e5f6-7081-9012-3456-789012cdef01,,,People Who Inject Drugs,PWID,Individuals who inject drugs with increased HIV transmission risk,Finding,N/A,,,1,1
d4e5f607-8192-0123-4567-890123def012,,,Men who have Sex with Men and Transgenders,MSM/Transgender,Men who have sex with men and transgender individuals with increased HIV transmission risk,Finding,N/A,,,1,1
e5f60718-9203-1234-5678-901234ef0123,,,Blood or Organ Recipient,Blood/Organ Recipient,Individual who received blood transfusion or organ transplant with HIV transmission risk,Finding,N/A,,,1,1
f6071829-0314-2345-6789-012345f01234,,,PMTCT Client of sex worker risk,Client Sex Worker,Individual who is client of sex worker with increased HIV transmission risk,Finding,N/A,,,1,1
07182930-1425-3456-7890-123456012345,,,Migrant,,Migrant individual with increased HIV transmission risk due to mobility,Finding,N/A,,,1,1
18293041-2536-4567-8901-234567123456,,,Spouse or Partner of Migrant,Spouse/Partner Migrant,Spouse or partner of migrant individual with increased HIV transmission risk,Finding,N/A,,,1,1
29304152-3647-5678-9012-345678234567,,,Live Birth Count,,Numeric count of live births for HIV positive mother,Question,Numeric,,,1,1
30415263-4758-6789-0123-456789345678,,,Birth Weight in Grams,Birth Weight,Birth weight measurement in grams for infant born to HIV positive mother,Question,Numeric,,,1,1
41526374-5869-7890-1234-567890456789,,,Started ARV Prophylaxis for Baby,ARV Prophylaxis Baby,Question asking if antiretroviral prophylaxis was started for baby born to HIV positive mother,Question,Coded,1065AAAAAAAAAAAAAAAAAAAAAAAAAAAAAAAA;1066AAAAAAAAAAAAAAAAAAAAAAAAAAAAAAAA,,1,2
5d85cccc-d190-490b-bdea-8e48a6d178a2,,,Exclusive Breast Feeding,Exclusive BF,Exclusive breastfeeding option for HIV positive mother,Finding,N/A,,,1,1
0bbe92b8-c379-42e5-b803-45c7a988ab8d,,,Replacement Breast Feeding,Replacement BF,Replacement feeding option for HIV positive mother avoiding breastfeeding,Finding,N/A,,,1,1
18e4b280-b688-45cd-b772-6fe594e4b1ac,,,Mixed Breast Feeding,Mixed BF,Mixed feeding option combining breastfeeding with other foods for HIV positive mother,Finding,N/A,,,1,1
96071829-0314-2345-6789-012345901234,,,Family Planning Services Provided Postpartum,FP Services Postpartum,Question asking if family planning services were provided postpartum to HIV positive mother,Question,Coded,1065AAAAAAAAAAAAAAAAAAAAAAAAAAAAAAAA;1066AAAAAAAAAAAAAAAAAAAAAAAAAAAAAAAA,,1,2
a7182930-1425-3456-7890-123456012345,,,Transferred Out During Pregnancy Date,Transfer Out Pregnancy,Date when HIV positive woman was transferred out during pregnancy,Question,Date,,,1,1
b8293041-2536-4567-8901-234567123456,,,Transfer Place,,Place or facility where patient was transferred for continuum of care,Question,Text,,,1,1
c9304152-3647-5678-9012-345678234567,,,Transfer Date,,Date when patient was transferred for continuum of care,Question,Date,,,1,1
d0415263-4758-6789-0123-456789345678,,,Transfer Remarks,,Additional remarks or notes about patient transfer for continuum of care,Question,Text,,,1,1
e1526374-5869-7890-1234-567890456789,,,Others Specify,,Free text field to specify other details not covered in standard options,Question,Text,,,1,1
03748596-7081-9012-3456-789012678901,,,Before Pregnancy,,HIV positive status identified before pregnancy,Finding,N/A,,,1,1
14859607-8192-0123-4567-890123789012,,,Antenatal Period,,HIV positive status identified during antenatal period,Finding,N/A,,,1,1
25960718-9203-1234-5678-901234890123,,,PMTCT Intrapartum period,Intrapartum,HIV positive status identified during intrapartum period,Finding,N/A,,,1,1
36071829-0314-2345-6789-012345901234,,,PMTCT Postpartum period,Postpartum,HIV positive status identified during postpartum period,Finding,N/A,,,1,1
47182930-1425-3456-7890-123456012345,,,Diagnosed HIV Positive Date,HIV Positive Date,Date when patient was diagnosed as HIV positive,Question,Date,,,1,1
58293041-2536-4567-8901-234567123456,,,Male Partner HIV Status,Male Partner HIV,Question asking about HIV status of male partner who already knows their status,Question,Coded,664AAAAAAAAAAAAAAAAAAAAAAAAAAAAAAAAA;703AAAAAAAAAAAAAAAAAAAAAAAAAAAAAAAAA;1067AAAAAAAAAAAAAAAAAAAAAAAAAAAAAAAA,,1,2
69304152-3647-5678-9012-345678234567,,,Male Partner Referred for Testing,Male Partner Referred,Question asking if male partner was referred for HIV testing when status unknown,Question,Coded,1065AAAAAAAAAAAAAAAAAAAAAAAAAAAAAAAA;1066AAAAAAAAAAAAAAAAAAAAAAAAAAAAAAAA,,1,2
70415263-4758-6789-0123-456789345678,,,WHO Clinical Staging,WHO Clinical Stage,Question asking about WHO clinical staging for HIV positive patient,Question,Coded,1204AAAAAAAAAAAAAAAAAAAAAAAAAAAAAAAA;1205AAAAAAAAAAAAAAAAAAAAAAAAAAAAAAAA;1206AAAAAAAAAAAAAAAAAAAAAAAAAAAAAAAA;1207AAAAAAAAAAAAAAAAAAAAAAAAAAAAAAAA,,1,2
81526374-5869-7890-1234-567890456789,,,ART Eligibility Date,,Date when patient became eligible for antiretroviral therapy,Question,Date,,,1,1
a3748596-7081-9012-3456-789012678901,,,Postnatal,,Postnatal period for HIV treatment or identification,Finding,N/A,,,1,1
d6071829-0314-2345-6789-012345901234,,,AZT 3TC NVP,AZT/3TC/NVP,Antiretroviral regimen containing Zidovudine Lamivudine and Nevirapine,Finding,N/A,,,1,1
e7182930-1425-3456-7890-123456012345,,,AZT 3TC LPV r,AZT/3TC/LPV/r,Antiretroviral regimen containing Zidovudine Lamivudine and Lopinavir ritonavir,Finding,N/A,,,1,1
f8293041-2536-4567-8901-234567123456,,,AZT 3TC NVP Paediatric,AZT/3TC/NVP-Paed,Paediatric antiretroviral regimen containing Zidovudine Lamivudine and Nevirapine,Finding,N/A,,,1,1
09304152-3647-5678-9012-345678234567,,,AZT 3TC EFV,AZT/3TC/EFV,Antiretroviral regimen containing Zidovudine Lamivudine and Efavirenz,Finding,N/A,,,1,1
10415263-4758-6789-0123-456789345678,,,AZT 3TC EFV Paediatric,AZT/3TC/EFV-Paed,Paediatric antiretroviral regimen containing Zidovudine Lamivudine and Efavirenz,Finding,N/A,,,1,1
21526374-5869-7890-1234-567890456789,,,TDF 3TC NVP,TDF/3TC/NVP,Antiretroviral regimen containing Tenofovir Lamivudine and Nevirapine,Finding,N/A,,,1,1
32637485-6970-8901-2345-678901567890,,,TDF 3TC NVP Paediatric,TDF/3TC/NVP-Paed,Paediatric antiretroviral regimen containing Tenofovir Lamivudine and Nevirapine,Finding,N/A,,,1,1
43748596-7081-9012-3456-789012678901,,,TDF 3TC EFV,TDF/3TC/EFV,Antiretroviral regimen containing Tenofovir Lamivudine and Efavirenz,Finding,N/A,,,1,1
54859607-8192-0123-4567-890123789012,,,TDF 3TC EFV Paediatric,TDF/3TC/EFV-Paed,Paediatric antiretroviral regimen containing Tenofovir Lamivudine and Efavirenz,Finding,N/A,,,1,1
65960718-9203-1234-5678-901234890123,,,TDF 3TC LPV r,TDF/3TC/LPV/r,Antiretroviral regimen containing Tenofovir Lamivudine and Lopinavir ritonavir,Finding,N/A,,,1,1
76071829-0314-2345-6789-012345901234,,,CD4 Count After 6 Months,CD4 6 Months,CD4 count measurement after 6 months of antiretroviral therapy,Question,Numeric,,,1,1
87182930-1425-3456-7890-123456012345,,,CD4 Count After 12 Months,CD4 12 Months,CD4 count measurement after 12 months of antiretroviral therapy,Question,Numeric,,,1,1
a9304152-3647-5678-9012-345678234567,,,Category A,,Pregnancy category A for medication safety during pregnancy,Finding,N/A,,,1,1
b0415263-4758-6789-0123-456789345678,,,Category B,,Pregnancy category B for medication safety during pregnancy,Finding,N/A,,,1,1
c1526374-5869-7890-1234-567890456789,,,Category C,,Pregnancy category C for medication safety during pregnancy,Finding,N/A,,,1,1
d2637485-6970-8901-2345-678901567890,,,Category D,,Pregnancy category D for medication safety during pregnancy,Finding,N/A,,,1,1
e3748596-7081-9012-3456-789012678901,,,Category X,,Pregnancy category X for medication safety during pregnancy,Finding,N/A,,,1,1
f4859607-8192-0123-4567-890123789012,,,Category N,,Pregnancy category N for medication safety during pregnancy,Finding,N/A,,,1,1
05960718-9203-1234-5678-901234890123,,,TB Treatment Start Date,TB Treatment Date,Date when tuberculosis treatment was started during pregnancy,Question,Date,,,1,1
38293041-2536-4567-8901-234567123456,,,Stopped Treatment,,Patient has stopped antiretroviral treatment,Finding,N/A,,,1,1
49304152-3647-5678-9012-345678234567,,,PMTCT Transferred out,Transferred Out,Patient was transferred out to another facility,Finding,N/A,,,1,1
50415263-4758-6789-0123-456789345678,,,Missing Status,Missing,Patient status is missing or unknown,Finding,N/A,,,1,1
61526374-5869-7890-1234-567890456789,,,ART lost to follow-up,LTFU ART,Patient is lost to follow-up care,Finding,N/A,,,1,1
83748596-7081-9012-3456-789012678901,,,Adherence Level A,Adherence A,Adherence level A indicating excellent adherence to treatment,Finding,N/A,,,1,1
94859607-8192-0123-4567-890123789012,,,Adherence Level B,Adherence B,Adherence level B indicating good adherence to treatment,Finding,N/A,,,1,1
a5960718-9203-1234-5678-901234890123,,,Adherence Level C,Adherence C,Adherence level C indicating poor adherence to treatment,Finding,N/A,,,1,1
c7182930-1425-3456-7890-123456012345,,,Normal Delivery,,Normal vaginal delivery without complications,Finding,N/A,,,1,1
e9304152-3647-5678-9012-345678234567,,,PMTCT Forceps delivery,Forceps Delivery,Forceps-assisted vaginal delivery,Finding,N/A,,,1,1
f0415263-4758-6789-0123-456789345678,,,Cesarean Section Delivery,Cesarean Delivery,Delivery by cesarean section surgery,Finding,N/A,,,1,1
12637485-6970-8901-2345-678901567890,,,Livebirth,,Baby was born alive,Finding,N/A,,,1,1
23748596-7081-9012-3456-789012678901,,,PMTCT Stillbirth outcome,Stillbirth,Baby was stillborn,Finding,N/A,,,1,1
34859607-8192-0123-4567-890123789012,,,Stillbirth Macerated,,Baby was stillborn with maceration,Finding,N/A,,,1,1
3df0f2a1-2981-40b7-b7de-d7ed202e39e1,,,Vitals adult set,Adult vitals,Vital signs form template for adult patients,Finding,N/A,,,1,1
c23a7266-609f-4985-9bb4-037b34fed6f0,,,Midwives vital sign sheet,Midwives vitals,Vital signs form template for midwifery care,Finding,N/A,,,1,1
ccfd3dab-bab5-4503-a338-87e12bdefaea,,,Vital sign and pain tracker format,Pain tracker vitals,Vital signs form template with pain assessment tracking,Finding,N/A,,,1,1
0f869001-1920-123d-4561-234567890123,,,Below minus 3 standard deviation,Below -3 SD,Weight for age below minus 3 standard deviations,Finding,N/A,,,1,1
10970112-2031-234e-5672-345678901234,,,Between minus 3 and minus 2 standard deviation,Between -3 and -2 SD,Weight for age between minus 3 and minus 2 standard deviations,Finding,N/A,,,1,1
11081223-3142-345f-6783-456789012345,,,Between minus 2 and minus 1 standard deviation,Between -2 and -1 SD,Weight for age between minus 2 and minus 1 standard deviations,Finding,N/A,,,1,1
12192334-4253-4560-7894-567890123456,,,Between minus 1 and 0 standard deviation,Between -1 and 0 SD,Weight for age between minus 1 and 0 standard deviations,Finding,N/A,,,1,1
13203445-5364-5671-8905-678901234567,,,Between 0 and 1 standard deviation,Between 0 and 1 SD,Weight for age between 0 and 1 standard deviations,Finding,N/A,,,1,1
14314556-6475-6782-9016-789012345678,,,Between 1 and 2 standard deviation,Between 1 and 2 SD,Weight for age between 1 and 2 standard deviations,Finding,N/A,,,1,1
15425667-7586-7893-0127-890123456789,,,Between 2 and 3 standard deviation,Between 2 and 3 SD,Weight for age between 2 and 3 standard deviations,Finding,N/A,,,1,1
16536778-8697-890a-1238-901234567890,,,Above 3 standard deviation,Above 3 SD,Weight for age above 3 standard deviations,Finding,N/A,,,1,1
18758990-0819-012c-3450-123456789012,,,Weight for height below minus 3,WFH below -3,Weight for height below minus 3 standard deviations,Finding,N/A,,,1,1
19869001-1920-123d-4561-234567890123,,,Weight for height between minus 3 and minus 2,WFH -3 to -2,Weight for height between minus 3 and minus 2 standard deviations,Finding,N/A,,,1,1
20970112-2031-234e-5672-345678901234,,,Weight for height between minus 2 and minus 1,WFH -2 to -1,Weight for height between minus 2 and minus 1 standard deviations,Finding,N/A,,,1,1
21081223-3142-345f-6783-456789012345,,,Weight for height between minus 1 and 0,WFH -1 to 0,Weight for height between minus 1 and 0 standard deviations,Finding,N/A,,,1,1
22192334-4253-4560-7894-567890123456,,,Weight for height between 0 and 1,WFH 0 to 1,Weight for height between 0 and 1 standard deviations,Finding,N/A,,,1,1
23203445-5364-5671-8905-678901234567,,,Weight for height between 1 and 2,WFH 1 to 2,Weight for height between 1 and 2 standard deviations,Finding,N/A,,,1,1
24314556-6475-6782-9016-789012345678,,,Weight for height between 2 and 3,WFH 2 to 3,Weight for height between 2 and 3 standard deviations,Finding,N/A,,,1,1
25425667-7586-7893-0127-890123456789,,,Weight for height above 3,WFH above 3,Weight for height above 3 standard deviations,Finding,N/A,,,1,1
27647889-9708-901b-2349-012345678901,,,Height for age below minus 3,HFA below -3,Height for age below minus 3 standard deviations,Finding,N/A,,,1,1
28758990-0819-012c-3450-123456789012,,,Height for age between minus 3 and minus 2,HFA -3 to -2,Height for age between minus 3 and minus 2 standard deviations,Finding,N/A,,,1,1
29869001-1920-123d-4561-234567890123,,,Height for age between minus 2 and minus 1,HFA -2 to -1,Height for age between minus 2 and minus 1 standard deviations,Finding,N/A,,,1,1
30970112-2031-234e-5672-345678901234,,,Height for age between minus 1 and 0,HFA -1 to 0,Height for age between minus 1 and 0 standard deviations,Finding,N/A,,,1,1
31081223-3142-345f-6783-456789012345,,,Height for age between 0 and 1,HFA 0 to 1,Height for age between 0 and 1 standard deviations,Finding,N/A,,,1,1
32192334-4253-4560-7894-567890123456,,,Height for age between 1 and 2,HFA 1 to 2,Height for age between 1 and 2 standard deviations,Finding,N/A,,,1,1
33203445-5364-5671-8905-678901234567,,,Height for age between 2 and 3,HFA 2 to 3,Height for age between 2 and 3 standard deviations,Finding,N/A,,,1,1
34314556-6475-6782-9016-789012345678,,,Height for age above 3,HFA above 3,Height for age above 3 standard deviations,Finding,N/A,,,1,1
36536778-8697-890a-1238-901234567890,,,Moro reflex exaggerated,Exaggerated,Moro reflex response is exaggerated,Finding,N/A,,,1,1
37647889-9708-901b-2349-012345678901,,,Moro reflex complete,Complete,Moro reflex response is complete and normal,Finding,N/A,,,1,1
38758990-0819-012c-3450-123456789012,,,Moro reflex incomplete,Incomplete,Moro reflex response is incomplete,Finding,N/A,,,1,1
39869001-1920-123d-4561-234567890123,,,Moro reflex absent,Absent,Moro reflex response is absent,Finding,N/A,,,1,1
41081223-3142-345f-6783-456789012345,,,Grasp reflex strong,Strong,Grasp reflex response is strong,Finding,N/A,,,1,1
42192334-4253-4560-7894-567890123456,,,Grasp reflex weak,Weak,Grasp reflex response is weak,Finding,N/A,,,1,1
43203445-5364-5671-8905-678901234567,,,Grasp reflex absent,Absent (2),Grasp reflex response is absent,Finding,N/A,,,1,1
45425667-7586-7893-0127-890123456789,,,Suckling reflex sustained,Sustained,Suckling reflex response is sustained,Finding,N/A,,,1,1
46536778-8697-890a-1238-901234567890,,,Suckling reflex unsustained,Unsustained,Suckling reflex response is unsustained,Finding,N/A,,,1,1
47647889-9708-901b-2349-012345678901,,,Suckling reflex absent,Absent (3),Suckling reflex response is absent,Finding,N/A,,,1,1
49869001-1920-123d-4561-234567890123,,,Pain absent,No pain,Patient reports no pain,Finding,N/A,,,1,1
50970112-2031-234e-5672-345678901234,,,Mild pain reported,Mild pain,Patient reports mild pain,Finding,N/A,,,1,1
51081223-3142-345f-6783-456789012345,,,Vitals Moderate pain,Moderate (2),Patient reports moderate pain,Finding,N/A,,,1,1
52192334-4253-4560-7894-567890123456,,,Vitals Severe pain,Severe,Patient reports severe pain,Finding,N/A,,,1,1
53203445-5364-5671-8905-678901234567,,,Worst pain,Worst,Patient reports worst possible pain,Finding,N/A,,,1,1
9126c0d1-b99b-47f3-ab63-53201942c250,,,Vital sign for adolescents above 12,Adolescent vitals,Vital signs form template for adolescent patients above 12 years,Finding,N/A,,,1,1
78575063-66d9-4822-bedf-769334a6a4bd,,,Vital sign for school-age 6-12,School-age vitals,Vital signs form template for school-age children 6-12 years,Finding,N/A,,,1,1
01a2b3c4-d5e6-f789-0123-456789abffff,,,Vital sign for pre school children 3-6,Preschool vitals,Vital signs form template for preschool children 3-6 years,Finding,N/A,,,1,1
bd710963-1b85-4598-8a86-517ec52e3145,,,Vital sign for toddlers 1-3yrs,Toddler vitals,Vital signs form template for toddlers 1-3 years,Finding,N/A,,,1,1
8921fdf3-8ba9-466b-b803-6c83db614a69,,,Vital sign for infants,Infant vitals,Vital signs form template for infant patients,Finding,N/A,,,1,1
3bcabb7a-e4ad-43ca-af78-7c55ac35dcc2,,,Vital sign for neonates,Neonate vitals,Vital signs form template for neonatal patients,Finding,N/A,,,1,1
281f0520-af40-4399-9ab1-0bcce04ca74c,,,Premature vital sign,Premature vitals,Vital signs form template for premature infant patients,Finding,N/A,,,1,1
54647889-9708-901b-2349-012345678902,,,WHO Pain Ladder treatment,WHO Pain Ladder,Treatment given according to WHO Pain Management Ladder protocol,Question,Text,,,1,1
8b3c4d5e-6f70-8901-bcde-f23456789222,,,Malnutrition Edema grading,Edema grade,Assessment of edema grading for malnutrition evaluation,Question,Coded,1498AAAAAAAAAAAAAAAAAAAAAAAAAAAAAAAA;1499AAAAAAAAAAAAAAAAAAAAAAAAAAAAAAAA;1500AAAAAAAAAAAAAAAAAAAAAAAAAAAAAAAA;54d6e7f8-9a0b-1c2d-3e4f-567890123456;65e7f890-ab1c-2d3e-4f56-78901234567a;76f89012-bc3d-4e5f-6789-012345678abc,,1,2
0d4e5f60-7182-901c-3456-789abcdef012,,,Dermatosis grading assessment,Dermatosis grading,Question asking for dermatosis grading assessment result,Question,Coded,1498AAAAAAAAAAAAAAAAAAAAAAAAAAAAAAAA;1499AAAAAAAAAAAAAAAAAAAAAAAAAAAAAAAA;1500AAAAAAAAAAAAAAAAAAAAAAAAAAAAAAAA;54d6e7f8-9a0b-1c2d-3e4f-567890123456;65e7f890-ab1c-2d3e-4f56-78901234567a;76f89012-bc3d-4e5f-6789-012345678abc,,1,2
0b2c3d4e-5f60-789a-1234-56789abcdef0,,,MUAC Category,,Mid-upper arm circumference category for nutritional status assessment,Question,Coded,ad5e6f70-8192-0123-def4-56789012345a;be6f7081-9203-1234-ef56-789012345abc;cf708192-a314-2345-f678-90123456bcde,,1,2
d0819203-b425-3456-0789-123456cdefab,,,Appetite test result,Appetite test,Assessment of child's appetite through standardized feeding test,Question,Coded,1f2e3d4c-5b6a-7980-cdef-123456789abc;2e3d4c5b-6a79-8091-def1-23456789abcd,,1,2
10718293-a415-2345-6789-abcdef012345,,,General danger signs symptoms,Danger signs,Checkbox question for general danger signs symptoms in child,Question,Coded,11829304-b526-3456-789a-bcdef0123456;12930415-c637-4567-890b-cdef01234567;13a41526-d748-5678-901c-def012345678;14b52637-e859-6789-012d-ef0123456789;164482AAAAAAAAAAAAAAAAAAAAAAAAAAAAAA,,1,2
19a7b8c9-3d0e-123f-567a-345678901234,,,Diarrhea symptoms checklist,Diarrhea symptoms,Checkbox question for diarrhea-related symptoms in child,Question,Coded,1aa8c9d0-4e1f-234a-678b-456789012345;1bb9d0e1-5f2a-345b-789c-567890123456;1cc0e1f2-6a3b-456c-890d-678901234567;1dd1f2a3-7b4c-567d-901e-789012345678;14b52637-e859-6789-012d-ef0123456789;11829304-b526-3456-789a-bcdef0123456,,1,2
b2cb5463-77fb-4484-9d68-5c4d60f0f129,,,Fever detection method,Fever detection,Question asking how fever was detected in child assessment,Question,Coded,1ff3a4b5-9d6e-789f-123a-901234567890;2aa4b5c6-0e7f-890a-234b-012345678901;3bb5c6d7-1f8a-901b-345c-123456789012,,1,2
4cc6d7e8-2a9b-012c-456d-234567890123,,,Microscopic malaria test result,Microscopic malaria,Question asking for microscopic malaria test result with parasite type,Question,Coded,5dd7e8f9-3b0c-123d-567e-345678901234;6ee8f9a0-4c1d-234e-678f-456789012345,,1,2
73ffc7dc-b550-47af-b7e8-39655bf8a3c1,,,Fever symptoms checklist,Fever symptoms,Checkbox question for fever-related symptoms in child,Question,Coded,5170AAAAAAAAAAAAAAAAAAAAAAAAAAAAAAAA;8bb0c1d2-6e3f-456a-890b-678901234567;9cc1d2e3-7f4a-567b-901c-789012345678;0dd2e3f4-8a5b-678c-012d-890123456789;1ee3f4a5-9b6c-789d-123e-901234567890;2ff4a5b6-0c7d-890e-234f-012345678901;3aa5b6c7-1d8e-901f-345a-123456789012,,1,2
03c4d5e6-f708-901b-2345-6789abcd0000,,,Ear symptoms checklist,Ear symptoms,Checkbox question for ear-related symptoms in child,Question,Coded,4aa6b7c8-2d9e-012f-456a-345678901234;5bb7c8d9-3e0f-123a-567b-456789012345;6cc8d9e0-4f1a-234b-678c-567890123456,,1,2
0c3d4e5f-6071-890b-2345-6789abcdef01,,,Anemia assessment by pallor,Anemia check,Question asking for anemia assessment result based on pallor examination,Question,Coded,7dd9e0f1-5a2b-345c-789d-678901234567;8ee0f1a2-6b3c-456d-890e-789012345678;9ff1a2b3-7c4d-567e-901f-890123456789,,1,2
f2a3b425-d647-5678-2901-3456efabcdef,,,Tuberculosis symptoms and risk factors checklist,TB symptoms,Checkbox question for tuberculosis symptoms and risk factors screening,Question,Coded,85822a93-0801-4787-8ec3-4f3d04e87e35;4c2a0bc4-6280-4695-b8fe-f44e1417e5ee;cb3719c5-239c-475a-ae8f-88c9b996bfa1;d746e6f4-1620-467e-9053-0f7e96f46912;82228be2-e916-4428-9aef-478c28a76844;4148ad41-be02-443d-b748-ff95f2f84eeb,,1,2
0e5f6071-8293-012d-4567-89abcdef0123,,,Immunization status assessment,Immunization status,Question asking for child immunization status assessment for children under 24 months,Question,Coded,164134AAAAAAAAAAAAAAAAAAAAAAAAAAAAAA;ae23be45-1581-40eb-9aad-771e58729802;256813f5-9123-42cb-a456-d51db0f0d8b3;d57ad0b9-5f5f-4887-a407-3d882b753cf3;34c6a35c-beb9-4d79-99ec-aa880fb067e5,,1,2
c3d4e5f6-7081-9012-3456-789012abcd03,,,Facility ownership,,Type of ownership of healthcare facility where death occurred,Question,Coded,160480AAAAAAAAAAAAAAAAAAAAAAAAAAAAAA;163014AAAAAAAAAAAAAAAAAAAAAAAAAAAAAA;160479AAAAAAAAAAAAAAAAAAAAAAAAAAAAAA;d4e5f607-8192-0123-4567-890123abcd04,,1,2
9637081a-6071-8901-2345-678901abcd0c,,,Gestation status,Gestation,Question asking about gestational age category,Question,Coded,0748192b-7182-9012-3456-789012abcd0d;1859203c-8293-0123-4567-890123abcd0e;2960314d-9304-1234-5678-901234abcd0f;5622AAAAAAAAAAAAAAAAAAAAAAAAAAAAAAAA,,1,2
7415869c-4859-6789-0123-456789abcd14,,,Membrane status,Membrane,Question asking about membrane status,Question,Coded,8526970d-5960-7890-1234-567890abcd15;9637081e-6071-8901-2345-678901abcd16;0748192f-7182-9012-3456-789012abcd17;1067AAAAAAAAAAAAAAAAAAAAAAAAAAAAAAAA;15d529e0-2f29-48b5-bc41-5ade28396910;a6d00512-9786-45d6-8886-be160acfd5d4;a4568e24-5da3-51a6-9476-cb450145370f,,1,2
5293647e-2637-4567-8901-234567abcd1c,,,Disposition plan,Plan,Question asking about patient disposition and management plan,Question,Coded,6304758f-3748-5678-9012-345678abcd1d;7415869a-4859-6789-0123-456789abcd1e;8526970b-5960-7890-1234-567890abcd1f;9637081c-6071-8901-2345-678901abcd20;0748192d-7182-9012-3456-789012abcd21,,1,2
0d4e5f60-7182-9012-3456-789abcdef012,,,Time of Arrival,Arrival Time,Question asking about time of arrival categorized as day or night,Question,Coded,1e5f6071-8293-0123-4567-89abcdef0123;2f6071a2-9304-1234-5678-9abcdef01234,,1,2
aa1b2c3d-4e5f-6789-0123-456789abcdef,,,Is the patient ambulatory,Ambulatory Status,Question asking if patient can walk or move independently,Question,Coded,160026AAAAAAAAAAAAAAAAAAAAAAAAAAAAAA;cc3d4e5f-6071-8901-2345-6789abcdef01,,1,2
dd4e5f60-7182-9012-3456-789abcdef012,,,Condition of patient on arrival,Arrival Condition,Question asking about patient's medical condition upon arrival,Question,Coded,ee5f6071-8293-0123-4567-89abcdef0123;ff607182-9304-1234-5678-9abcdef01234,,1,2
529a4b5c-6d7e-4567-890b-cdef01234567,,,Mode of Arrival,Arrival Mode,Method of transportation used by patient to arrive at facility,Question,Coded,6e74d8e2-dd0e-4747-a973-ae0dd2e820ca;74bc6d7e-8f90-6789-012d-ef0123456789;85cd7e8f-9001-789a-123e-f01234567890;96de8f90-0112-890b-234f-012345678901;4f694879-6290-411b-8140-b6562715854e;b8f00112-2334-012d-4560-234567890123;6745ba51-c881-403c-a294-a6fa014f3a8a;5622AAAAAAAAAAAAAAAAAAAAAAAAAAAAAAAA,,1,2
e1233445-5667-345f-7893-56789012345f,,,Patient Origin/Home,Origin,Question asking about patient's origin or home location,Question,Coded,f2344556-6778-4560-8904-6789012345f0;03455667-7889-5671-9015-789012345f01,,2,2
69011223-3445-1237-5671-345f01234567,,,Source of Referral,Referral Source,Source facility or location from which patient was referred,Question,Coded,7a122334-4556-2348-6782-45f012345678;8b233445-5667-3459-7893-5f0123456789;3d449cb3-a97a-431c-9b4e-fd5ca6cf7114;9c344556-6778-4560-8904-f012345678a0;ad455667-7889-5671-9015-012345678a01;be566778-8990-6782-0126-12345678a012;cf677889-9001-7893-1237-2345678a0123;0c4ee1b0-dfda-41d7-9e2c-f4033b877bd7;978AAAAAAAAAAAAAAAAAAAAAAAAAAAAAAAAA,,1,2
25899001-1223-9015-3459-9456789abcde,,,Red Triage Category,Red Triage,Critical emergency triage category requiring immediate attention,Question,Coded,be469783-7a7b-4e02-8088-ef4c5e56afb0;36900112-2334-0126-4560-a56789abcdef;2515ab83-19ce-499a-94d6-ca832c6d08f0;58566778-8990-6782-0126-c23456789a12;cf233445-5667-3459-7893-389a12345678,,2,2
47011223-3445-1237-5671-b6789abcdef0,,,Orange Triage Category,Orange Triage,Urgent emergency triage category requiring prompt attention,Question,Coded,435e13d7-b208-4c57-be03-535109803155;d2e56e53-c517-4a78-8bd8-20deed1a5e8b;236dcf87-a1a9-44db-9c8e-d7059aab154a;58122334-4556-2348-6782-c789abcdef01;59233445-5667-3459-7893-d89abcdef012;c072c914-631b-4632-88a9-4ad09fe5de84;5a344556-6778-4560-8904-e9abcdef0123;425f6fc0-efad-4751-9fc9-76478fddbf4d;5b455667-7889-5671-9015-fabcdef01234;5c566778-8990-6782-0126-0bcdef012345;5d677889-9001-7893-1237-1cdef0123456;5e788990-0112-8904-2348-2def01234567;45997a6f-d7e3-41ac-bfbe-fa149ccd49b9;b6c7e832-6ac3-42fa-9886-eb3213e90a89;8b899001-1223-9015-3459-f56789a12345;d0344556-6778-4560-8904-49a123456789;5622AAAAAAAAAAAAAAAAAAAAAAAAAAAAAAAA,,1,2
60900112-2334-0126-4560-4f0123456789,,,Yellow Triage Category,Yellow Triage,Semi-urgent emergency triage category,Question,Coded,61011223-3445-1237-5671-5012345678a0;163483AAAAAAAAAAAAAAAAAAAAAAAAAAAAAA;9213a5f1-3a62-414d-a622-a4114fed96bd;4035722f-8d3c-49a6-9139-ae29e10fe57c;62122334-4556-2348-6782-612345678a01;63233445-5667-3459-7893-72345678a012;64344556-6778-4560-8904-8345678a0123;abe9b7fa-ec3c-4ec5-a401-2a019a280dca;39747d43-00bb-46eb-9551-790981786d14;65455667-7889-5671-9015-945678a01234;9c900112-2334-0126-4560-056789a12345;69677889-9001-7893-1237-d3456789a123;be122334-4556-2348-6782-2789a1234567;ad011223-3445-1237-5671-16789a123456,,2,2
66566778-8990-6782-0126-a5678a012345,,,Green Triage Category,Green Triage,Non-urgent emergency triage category,Question,Coded,67677889-9001-7893-1237-b678a0123456,,2,2
7e1f2a3b-4c5d-6789-0123-456789abcdef,,,RAT,,Rapid Assessment Triage classification for emergency department patients,Question,Coded,8f2a3b4c-5d6e-7890-1234-567890abcdef;9a3b4c5d-6e7f-8901-2345-678901abcdef,,1,2
1e6f7081-9203-1234-ef01-56789012345a,,,Users Type,,Classification of patient as existing or new family planning user,Question,Coded,6bee05c0-d9e0-4c5f-9a8a-3cbad70fdc9d;763a1d59-f3b5-492a-ba63-f0a1562ce441,,1,2
4f8a2b1c-3d5e-4567-8901-234567890abc,,,FP Target Population Category,FP Target Pop Category,Classification of patient by target population category for family planning services,Question,Coded,160579AAAAAAAAAAAAAAAAAAAAAAAAAAAAAA;162198AAAAAAAAAAAAAAAAAAAAAAAAAAAAAA;7e9f1a2b-4c6d-5678-9012-345678901de0;162277AAAAAAAAAAAAAAAAAAAAAAAAAAAAAA;1174AAAAAAAAAAAAAAAAAAAAAAAAAAAAAAAA;1393AAAAAAAAAAAAAAAAAAAAAAAAAAAAAAAA;8f0a2b3c-5d7e-6789-0123-456789012e0a;9a1b3c4d-6e8f-7890-1234-567890123f0a;0b2c4d5e-7f9a-8901-2345-678901234a0b,,1,2
3c4d5e6f-7081-9012-cdef-345678901234,,,ER General Notes Allergies,Allergy Type,Question asking about type of allergies for emergency room documentation,Question,Coded,139994AAAAAAAAAAAAAAAAAAAAAAAAAAAAAA;141760AAAAAAAAAAAAAAAAAAAAAAAAAAAAAA;4d5e6f70-8192-0123-def4-56789012345a;1067AAAAAAAAAAAAAAAAAAAAAAAAAAAAAAAA;5622AAAAAAAAAAAAAAAAAAAAAAAAAAAAAAAA,,1,2
c1d2e3f4-5a6b-7c8d-9e0f-1a2b3c4d5e6f,,,Image Video Set,Image/Video Set,Container set for image or video uploads in clinical encounters,ConvSet,N/A,,d2e3f4a5-6b7c-8d9e-0f1a-2b3c4d5e6f7a,1,2
3081920a-1425-3456-0123-789012345678,,,Birth Weight Category,,Question asking about infant birth weight category classification,Question,Coded,4192031b-2536-4567-1234-890123456789;5203142c-3647-5678-2345-901234567890;6314253d-4758-6789-3456-012345678901,,1,2
7425364e-5869-7890-4567-123456789012,,,Gestational Age Category,Gestational age (2),Question asking about infant gestational age category at birth,Question,Coded,8536475f-6970-8901-5678-234567890123;9647586a-7081-9012-6789-345678901234;0758697b-8192-0123-7890-456789012345;1869708c-9203-1234-8901-567890123456;2970819d-0314-2345-9012-678901234567;3081920e-1425-3456-0123-789012345678,,1,2
4192031f-2536-4567-1234-890123456789,,,Breathing Problem Assessment,Breathing problem,Question asking about infant breathing problems during clinical assessment,Question,Coded,5203142a-3647-5678-2345-901234567890;6314253b-4758-6789-3456-012345678901;7425364c-5869-7890-4567-123456789012,,1,2
6314253f-4758-6789-3456-012345678901,,,Feeding During Illness,Feeding illness,Question asking about feeding pattern during illness,Question,Coded,7425364a-5869-7890-4567-123456789012;8536475b-6970-8901-5678-234567890123,,1,2
98f16ffe-7cbc-4390-a043-99ab1f0f8df7,,,Child feeding method,Feeding method,Question asking about child feeding method,Question,Coded,0758697d-8192-0123-7890-456789012345;1869708e-9203-1234-8901-567890123456;5622AAAAAAAAAAAAAAAAAAAAAAAAAAAAAAAA,,1,2
3081920b-1425-3456-0123-789012345678,,,Breastfeeding Attachment Assessment,Breastfeeding attachment,Question asking about breastfeeding attachment indicators during clinical assessment,Question,Coded,4192031c-2536-4567-1234-890123456789;5203142d-3647-5678-2345-901234567890;6314253e-4758-6789-3456-012345678901;7425364f-5869-7890-4567-123456789012,,1,2
8536475a-6970-8901-5678-234567890123,,,Breastfeeding Attachment Type,Attachment type,Question asking about overall breastfeeding attachment quality assessment,Question,Coded,162305AAAAAAAAAAAAAAAAAAAAAAAAAAAAAA;9647586b-7081-9012-6789-345678901234,,1,2
0758697a-8192-0123-7890-456789012345,,,Vitamin A Status of Mother,Vitamin A status,Question asking about vitamin A supplementation status of mother,Question,Coded,1869708b-9203-1234-8901-567890123456;2970819c-0314-2345-9012-678901234567,,1,2
17edb9a1-bd0f-408f-871a-0000857b0227,,,Turgor skin pinch assessment,Skin turgor,Question asking about turgor or skin pinch test results,Question,Coded,eabc4230-3847-471c-b590-7554f75a672a;a40fdbf6-03a0-4769-b085-b0c52b6c0960,,1,2
4938045b-3cd4-4a11-a544-84ffb3344dd5,,,Weight status for infant,Weight status infant,Question asking about infant weight status classification,Question,Coded,5203142e-3647-5678-2345-901234567890;500a5312-b28e-4a19-a602-48c81b033321,,1,2
b4a9d9bf-1b74-4853-b55b-fe1123e560af,,,Feeding problems HIV positive mother,Feeding problems HIV,Question asking about feeding problems in HIV positive mother,Question,Coded,7425364b-5869-7890-4567-123456789012;8536475c-6970-8901-5678-234567890123;9647586d-7081-9012-6789-345678901234;0758697e-8192-0123-7890-456789012345;1869708f-9203-1234-8901-567890123456;22c555fe-de45-44b6-bf86-f485ad10150d;8b0e78c1-2594-4d14-bbc0-f888d4b8de44,,1,2
2970819a-0314-2345-9012-678901234567,,,Breastfeeding Positioning Assessment,Breastfeeding positioning,Question asking about breastfeeding positioning during clinical assessment,Question,Coded,3c181ead-bfd7-4443-b8f4-08dcfac69b01;9a4073ad-f433-46ef-96ac-032a27173d7b,,1,2
15c63748-f96a-789b-123e-f01234567890,,,Respiratory symptoms checklist,Respiratory symptoms,Checkbox question for respiratory symptoms in child with cough or difficulty breathing,Question,Coded,16d7485a-0a7b-890c-234f-012345678901;17e8596b-1b8c-901d-345f-123456789012;18f96a7c-2c9d-012e-456f-234567890123,,1,2
8536475d-6970-8901-5678-234567890123,,,Signs and Symptoms Assessment,Signs symptoms,Question asking about clinical signs and symptoms in infant assessment,Question,Coded,9647586e-7081-9012-6789-345678901234;18f96a7c-2c9d-012e-456f-234567890123;b2c3d4e5-f607-8901-bcde-f23456789012;16d7485a-0a7b-890c-234f-012345678901;d4e5f607-1829-0123-def0-456789012345;0758697f-8192-0123-7890-456789012345;1869708a-9203-1234-8901-567890123456;2970819b-0314-2345-9012-678901234567;3081920c-1425-3456-0123-789012345678,,1,2
14c5d647-f869-789a-4123-567abcdef012,,,Counseling topics for mother,Counsel mother,Topics to counsel mother about regarding child care and management,Question,Coded,25d6e758-0970-890b-5234-678bcdef0123;36e7f869-1a81-901c-6345-789cdef01234;58f9a2b3-4c5d-6e7f-8901-234567890def;1a7ccb02-9d98-4085-b5b0-ed66454d26de;5203142f-3647-5678-2345-901234567890,,2,2
8637081a-6071-8901-2345-678901abcd22,,,Labor onset type,Labor onset,Question asking about type of labor onset including spontaneous induced augmented or elective cesarean section,Question,Coded,7728629a-1536-2457-7901-234678abcd37;8839730b-2647-3568-8012-345789abcd38;974808b2-7182-9012-3456-789012abcd23;9940841c-3758-4679-9123-456890abcd39,,1,2
7a1b2c3d-4e5f-6789-0123-456789abcd01,,,Type of birth,Birth type,Question asking about type of birth including singleton twin or higher order multiple,Question,Coded,159913AAAAAAAAAAAAAAAAAAAAAAAAAAAAAA;159914AAAAAAAAAAAAAAAAAAAAAAAAAAAAAA;8b2c3d4e-5f60-7890-1234-567890abcd02,,1,2
9c3d4e5f-6071-8901-2345-678901abcd03,,,Stillbirth type,,Question asking about type of stillbirth classification,Question,Coded,0d4e5f60-7182-9012-3456-789012abcd04;1e5f6071-8293-0123-4567-890123abcd05;2f607182-9304-1234-5678-901234abcd06,,1,2
4182b3c4-1526-3456-7890-123456abcd08,,,Essential Newborn Care,,Question asking about essential newborn care interventions provided,Question,Coded,4293c4d5-2637-4567-8901-234567abcd08;5293c4d5-2637-4567-8901-234567abcd09;6293c4d5-2637-4567-8901-234567abcd10;7393c4d5-2637-4567-8901-234567abcd11,,1,2
742e6278-3bbb-4407-9872-c9ca5233c265,,,Emergency triage color assessment,Emergency color,Question asking for emergency triage color classification in pediatric assessment,Question,Coded,65a8c74c-544d-4517-8dc9-485efd819ff6;67792c5f-c3d0-42ef-b20b-a61c30d1fa9b;4da071fe-7089-4e59-b53b-df16d49337dd,,1,2
7f3e9ba7-6bb6-49ba-8d87-db682b47e53e,,,Airway and breathing assessment,Airway breathing,Question asking about airway and breathing status in pediatric triage,Question,Coded,892f9568-5086-4148-af4c-7d14f7d2cfe8;58566778-8990-6782-0126-c23456789a12;7dcd7908-2118-43d3-b469-c90fb042836c,,1,2
295e0f24-9d83-443a-b7dc-cefa9611891c,,,Circulation assessment pediatric,Circulation assessment,Question asking about circulation status in pediatric triage,Question,Coded,46beb2f8-f33e-4ea9-95ff-261d2ff61838;d3c2517d-049a-4258-8046-fbff8a9e0c86;ef376108-0270-4f68-9a61-3ee11adc1e1b,,1,2
aec6f3c3-7c26-437f-a548-310bc05b7730,,,Severe dehydration assessment,Severe dehydration,Question asking about severe dehydration signs in child with diarrhea,Question,Coded,14b52637-e859-6789-012d-ef0123456789;1dd1f2a3-7b4c-567d-901e-789012345678;edbfc52e-de3e-45cf-b52b-3c4425c5a172,,1,2
addb5c0b-04cf-449f-be9d-f217136cbbd6,,,Pediatric T assessment,Ped T assessment,Question asking about pediatric T assessment criteria in triage,Question,Coded,628b0af3-49e4-46f3-b093-178bd111eb7a;415daa59-d04f-4fde-88cc-5c92efd38e40;f8fbd69a-8ce5-4512-9750-5774f0293d23;25fe0585-30f9-4e28-a01a-15c3e40e3430;72d950f7-17c5-469d-abf0-8882d656e049,,1,2
c148419f-665d-4174-b1db-8720e8fabfca,,,P assessment pediatric triage,P assessment,Question asking about P assessment criteria in pediatric triage,Question,Coded,5c401ca5-67d6-43b4-9bce-6189b62224df;2e9fb826-1b3d-45aa-b2ba-fb7f30e22e70,,1,2
00c09597-1523-4f7b-bed0-f1aaf42e5a70,,,R assessment pediatric triage,R assessment,Question asking about R assessment criteria in pediatric triage,Question,Coded,88def9bc-6eba-433d-ae62-4cf563c00e9c;843b93f3-303a-4358-ae57-0ef855b5e79a;ad5d211b-1701-4cd0-b55b-dd681598ddc6,,1,2
8cebdfa2-7251-4ada-8cb1-0079317d71cb,,,Underlying disease assessment,Underlying disease,Question asking about underlying disease in pediatric patient,Question,Coded,e5c23320-f757-46b0-988d-fffa549fba33;49b9a38b-76b2-4c53-89d2-cb9ff8ca3043;a66a20d9-aca4-473f-b5f1-935da7946c10;3596837f-d31d-40ee-82c1-ce0eeb15521f;e63c3415-62a0-4340-b416-0c190b8c7407;f25a277d-34b8-4258-9e5f-41b08bb36a90;3dfb1639-4e60-4877-a3ca-5e37356175f3;174c5baa-70b2-45e4-9a18-d1f2ccb70ceb,,1,2
aca756e9-3483-4a53-95c4-9d79a0a819cb,,,General assessment pediatric,General assessment,Question asking about general assessment of pediatric patient,Question,Coded,9694701e-109a-41d3-8adb-8f07670fbcb5;7ccfb2a1-7fe8-4eb9-bd53-de250a2bc122;1a4c003c-3ed4-4776-8457-72c6bc50cb6c,,1,2
55a15784-e60c-42c9-9a9b-6cddbe391cf9,,,Respiratory disease assessment,Respiratory disease,Question asking about respiratory disease severity,Question,Coded,c6728b6b-defe-4a20-a8c1-1137b381af71;ae48da34-3e5b-4c24-922c-aea87d92a373,,1,2
1331d933-5a79-4b5e-80b2-565bd451400c,,,Dehydration assessment,,Question asking about dehydration severity,Question,Coded,c6728b6b-defe-4a20-a8c1-1137b381af71;ae48da34-3e5b-4c24-922c-aea87d92a373,,1,2
45e4f3ee-af33-4723-bb45-5a28951300f0,,,Pain assessment,,Question asking about pain severity,Question,Coded,c6728b6b-defe-4a20-a8c1-1137b381af71;ae48da34-3e5b-4c24-922c-aea87d92a373,,1,2
bc4adf02-67f8-42bc-ba82-b4be6cf44153,,,Triage level assessment,Triage level,Question asking about triage level classification,Question,Coded,668a4165-5515-405d-9fd1-d2aaedd1dbbd;f05aee3c-ba96-4a43-b0b4-2894db7999d0;ecee70d1-8ec1-42c4-9cc6-7ac6addf2517,,1,2
63c3e397-bdd6-437a-b6d6-06725983e17f,,,Action to be taken assessment,Action to be taken,Question asking about action to be taken based on triage,Question,Coded,de95d3e4-063a-4be1-9b1e-b4c6d2450b2d;84a5ebff-f66e-466a-8aa9-ba9cba6842af,,1,2
a1b2c3d4-5e6f-7890-1234-567890abcdef,,,Risk Group Classification,Risk Group,Question asking about patient risk group classification for HIV transmission,Question,Coded,b2c3d4e5-6f70-8901-2345-678901bcdef0;c3d4e5f6-7081-9012-3456-789012cdef01;d4e5f607-8192-0123-4567-890123def012;e5f60718-9203-1234-5678-901234ef0123;f6071829-0314-2345-6789-012345f01234;07182930-1425-3456-7890-123456012345;18293041-2536-4567-8901-234567123456;5622AAAAAAAAAAAAAAAAAAAAAAAAAAAAAAAA,,1,2
7835bc90-5824-4771-8ef8-58837e1cff18,,,Breast Feeding Options for HIV Positive Mother,Breastfeeding Options,Question asking about breastfeeding options chosen by HIV positive mother,Question,Coded,5d85cccc-d190-490b-bdea-8e48a6d178a2;0bbe92b8-c379-42e5-b803-45c7a988ab8d;18e4b280-b688-45cd-b772-6fe594e4b1ac,,1,2
f2637485-6970-8901-2345-678901567890,,,HIV Positive Identified During,HIV Positive During,Question asking during which period woman was identified as HIV positive,Question,Coded,03748596-7081-9012-3456-789012678901;14859607-8192-0123-4567-890123789012;25960718-9203-1234-5678-901234890123;36071829-0314-2345-6789-012345901234,,1,2
92637485-6970-8901-2345-678901567890,,,Started ART During Period,Started ART During,Question asking during which period patient started antiretroviral therapy,Question,Coded,03748596-7081-9012-3456-789012678901;14859607-8192-0123-4567-890123789012;25960718-9203-1234-5678-901234890123;a3748596-7081-9012-3456-789012678901,,1,2
c5960718-9203-1234-5678-901234890123,,,ART Regimen,,Question asking about antiretroviral therapy regimen prescribed,Question,Coded,d6071829-0314-2345-6789-012345901234;e7182930-1425-3456-7890-123456012345;5622AAAAAAAAAAAAAAAAAAAAAAAAAAAAAAAA;f8293041-2536-4567-8901-234567123456;09304152-3647-5678-9012-345678234567;10415263-4758-6789-0123-456789345678;21526374-5869-7890-1234-567890456789;32637485-6970-8901-2345-678901567890;43748596-7081-9012-3456-789012678901;54859607-8192-0123-4567-890123789012;65960718-9203-1234-5678-901234890123,,1,2
98293041-2536-4567-8901-234567123456,,,Pregnancy Category for TB Treatment,Pregnancy Category,Question asking about pregnancy category for tuberculosis treatment safety,Question,Coded,a9304152-3647-5678-9012-345678234567;b0415263-4758-6789-0123-456789345678;c1526374-5869-7890-1234-567890456789;d2637485-6970-8901-2345-678901567890;e3748596-7081-9012-3456-789012678901;f4859607-8192-0123-4567-890123789012,,1,2
16071829-0314-2345-6789-012345901234,,,Antepartum ART Status,Antepartum Status,Question asking about antiretroviral therapy status during antepartum period,Question,Coded,1662AAAAAAAAAAAAAAAAAAAAAAAAAAAAAAAA;38293041-2536-4567-8901-234567123456;49304152-3647-5678-9012-345678234567;50415263-4758-6789-0123-456789345678;61526374-5869-7890-1234-567890456789;6b6ac4cd-923f-5888-a62b-695f9ecd6237,,1,2
45960718-9203-1234-5678-901234890123,,,Postpartum ART Status,Postpartum Status,Question asking about antiretroviral therapy status during postpartum period,Question,Coded,1662AAAAAAAAAAAAAAAAAAAAAAAAAAAAAAAA;38293041-2536-4567-8901-234567123456;49304152-3647-5678-9012-345678234567;50415263-4758-6789-0123-456789345678;61526374-5869-7890-1234-567890456789;6b6ac4cd-923f-5888-a62b-695f9ecd6237,,1,2
72637485-6970-8901-2345-678901567890,,,Adherence Level,,Question asking about patient adherence level to antiretroviral therapy,Question,Coded,83748596-7081-9012-3456-789012678901;94859607-8192-0123-4567-890123789012;a5960718-9203-1234-5678-901234890123,,1,2
b6071829-0314-2345-6789-012345901234,,,Delivery Type,,Question asking about type of delivery method used,Question,Coded,c7182930-1425-3456-7890-123456012345;159902AAAAAAAAAAAAAAAAAAAAAAAAAAAAAA;e9304152-3647-5678-9012-345678234567;f0415263-4758-6789-0123-456789345678,,1,2
01526374-5869-7890-1234-567890456789,,,Baby Birth Status,,Question asking about birth status of baby,Question,Coded,12637485-6970-8901-2345-678901567890;23748596-7081-9012-3456-789012678901;34859607-8192-0123-4567-890123789012,,1,2
0e758f90-0819-012c-3450-123456789012,,,Weight for age assessment,Weight for age,Assessment of weight for age using growth chart categories,Question,Coded,0f869001-1920-123d-4561-234567890123;10970112-2031-234e-5672-345678901234;11081223-3142-345f-6783-456789012345;12192334-4253-4560-7894-567890123456;13203445-5364-5671-8905-678901234567;14314556-6475-6782-9016-789012345678;15425667-7586-7893-0127-890123456789;16536778-8697-890a-1238-901234567890,,1,2
17647889-9708-901b-2349-012345678901,,,Weight for height assessment,Weight for height,Assessment of weight for height using growth chart categories,Question,Coded,18758990-0819-012c-3450-123456789012;19869001-1920-123d-4561-234567890123;20970112-2031-234e-5672-345678901234;21081223-3142-345f-6783-456789012345;22192334-4253-4560-7894-567890123456;23203445-5364-5671-8905-678901234567;24314556-6475-6782-9016-789012345678;25425667-7586-7893-0127-890123456789,,1,2
26536778-8697-890a-1238-901234567890,,,Height for age assessment,Height for age,Assessment of height for age using growth chart categories,Question,Coded,27647889-9708-901b-2349-012345678901;28758990-0819-012c-3450-123456789012;29869001-1920-123d-4561-234567890123;30970112-2031-234e-5672-345678901234;31081223-3142-345f-6783-456789012345;32192334-4253-4560-7894-567890123456;33203445-5364-5671-8905-678901234567;34314556-6475-6782-9016-789012345678,,1,2
35425667-7586-7893-0127-890123456789,,,Moro reflex assessment,Moro reflex,Assessment of Moro reflex in neonates and infants,Question,Coded,36536778-8697-890a-1238-901234567890;37647889-9708-901b-2349-012345678901;38758990-0819-012c-3450-123456789012;39869001-1920-123d-4561-234567890123,,1,2
40970112-2031-234e-5672-345678901234,,,Grasp reflex assessment,Grasp reflex,Assessment of grasp reflex in neonates and infants,Question,Coded,41081223-3142-345f-6783-456789012345;42192334-4253-4560-7894-567890123456;43203445-5364-5671-8905-678901234567,,1,2
44314556-6475-6782-9016-789012345678,,,Suckling reflex assessment,Suckling reflex,Assessment of suckling reflex in neonates and infants,Question,Coded,45425667-7586-7893-0127-890123456789;46536778-8697-890a-1238-901234567890;47647889-9708-901b-2349-012345678901,,1,2
48758990-0819-012c-3450-123456789012,,,Pain severity assessment,Pain severity,Assessment of pain severity using categorical scale,Question,Coded,49869001-1920-123d-4561-234567890123;50970112-2031-234e-5672-345678901234;51081223-3142-345f-6783-456789012345;52192334-4253-4560-7894-567890123456;53203445-5364-5671-8905-678901234567,,1,2
a1b2c3d4-e5f6-7890-1234-567890abcdef,,,Select vital type,Vital type,Question asking user to select appropriate vital signs form based on patient age category,Question,Coded,3df0f2a1-2981-40b7-b7de-d7ed202e39e1;c23a7266-609f-4985-9bb4-037b34fed6f0;ccfd3dab-bab5-4503-a338-87e12bdefaea;9126c0d1-b99b-47f3-ab63-53201942c250;78575063-66d9-4822-bedf-769334a6a4bd;01a2b3c4-d5e6-f789-0123-456789abffff;bd710963-1b85-4598-8a86-517ec52e3145;8921fdf3-8ba9-466b-b803-6c83db614a69;3bcabb7a-e4ad-43ca-af78-7c55ac35dcc2;281f0520-af40-4399-9ab1-0bcce04ca74c,,1,2
70566778-8990-6782-0126-4f5678abcde0,,,Triage Color Result,Triage Color,Final triage color category assigned to patient,Question,Coded,25899001-1223-9015-3459-9456789abcde;47011223-3445-1237-5671-b6789abcdef0;60900112-2334-0126-4560-4f0123456789;66566778-8990-6782-0126-a5678a012345;68788990-0112-8904-2348-c78a01234567,,1,2
d9e8f7a6-b5c4-4d3e-8f2a-1b2c3d4e5f6a,,,Urine ketone value,,Urine ketone measurement or value recorded during diabetic ketoacidosis follow-up monitoring,Question,Numeric,,,1,1
e0f9a8b7-c6d5-4e4f-9a3b-2c3d4e5f6a7b,,,Insulin regimen or dose,DKA insulin,Insulin regimen dose or administration notes documented during diabetic ketoacidosis follow-up,Question,Text,,,1,1
5bbbe370-d3ff-4526-a63b-df5c579ca30c,,,Date form filled in,Date form filled,Date when the form was completed or filled in by the provider,Question,Date,,,1,1
6c657a58-03d9-4b45-8240-ac5b56fb2982,,,Blood donor pack number,Donor pack no.,Unique identification number of the blood donor pack used for transfusion,Question,Text,,,1,1
49e8bb0a-9c58-436b-bcf3-9adebf401f7b,,,Ward patient admitted at,Ward,Ward or unit where the patient was admitted for care,Question,Text,,,1,1
d691c207-17db-4847-b898-f5d7faa71f71,,,Presence of reaction,Reaction,Whether a transfusion reaction was observed at this assessment time point,Question,Coded,1065AAAAAAAAAAAAAAAAAAAAAAAAAAAAAAAA;1066AAAAAAAAAAAAAAAAAAAAAAAAAAAAAAAA,,1,2
b8c9d0e1-f2a3-4b5c-6d7e-8f9a0b1c2d3e,,,IUCD contraindication present,IUCD contraindicated,Question asking whether patient has contraindications for intrauterine contraceptive device,Question,Coded,1065AAAAAAAAAAAAAAAAAAAAAAAAAAAAAAAA;1066AAAAAAAAAAAAAAAAAAAAAAAAAAAAAAAA,,1,2
ad858385-1e6a-4bbc-8bb7-d11756d4397f,,,PICT Counseling/Testing Result,PICT,Provider Initiated Counseling and Testing for HIV result,Question,Coded,1228AAAAAAAAAAAAAAAAAAAAAAAAAAAAAAAA;1229AAAAAAAAAAAAAAAAAAAAAAAAAAAAAAAA,,1,2
f6071829-0314-2345-6789-012345abcd16,,,Patient bed number,Bed number,Bed number where patient was admitted in the healthcare facility,Question,Text,,,1,1
33445548-3f35-4d32-b45a-432ebfe475c0,,,GYNI Emergency,,Answer option indicating patient is presenting with gynecological emergency,Finding,N/A,,,1,1
0ae36e05-0a16-4603-935b-5d9f538aaed5,,,Obstetrics/Labor,,Answer option indicating patient is presenting with obstetrics or labor emergency,Finding,N/A,,,1,1
bb321ad1-9c88-40cc-813b-1e9d2eee89d4,,,Emergency Triage Category,,Question to categorize emergency triage patient type as either GYNI Emergency or Obstetrics/Labor,Question,Coded,33445548-3f35-4d32-b45a-432ebfe475c0;0ae36e05-0a16-4603-935b-5d9f538aaed5,,1,2
e76c3efe-1002-45c1-9b69-0bd6c83ecc43,,,Other severe medical disease or condition,Other severe condition,Any other severe medical disease or condition such as TB HIV cancer DVT for ANC risk classification,Question,Coded,1065AAAAAAAAAAAAAAAAAAAAAAAAAAAAAAAA;1066AAAAAAAAAAAAAAAAAAAAAAAAAAAAAAAA,,1,2
5bf36bd5-8bcc-42dc-a25b-d354ce578866,,,Counseled on infant,,Whether mother was counseled on infant care during ANC,Question,Coded,1065AAAAAAAAAAAAAAAAAAAAAAAAAAAAAAAA;1066AAAAAAAAAAAAAAAAAAAAAAAAAAAAAAAA,,1,2
799e9fc8-8b6d-4e2a-a079-b89ff22fec74,,,Urine test,,Urine test performed or result as per ANC schedule,Question,Coded,1065AAAAAAAAAAAAAAAAAAAAAAAAAAAAAAAA;1066AAAAAAAAAAAAAAAAAAAAAAAAAAAAAAAA,,1,2
92db0d32-4c51-4131-8d6b-4e1e01b2e327,,,Urine test result or done,Urine test result,Urine test done or result recorded during ANC contact,Question,Coded,1065AAAAAAAAAAAAAAAAAAAAAAAAAAAAAAAA;1066AAAAAAAAAAAAAAAAAAAAAAAAAAAAAAAA,,1,2
b4c784df-bd19-4320-9fe0-031b4fd0f856,,,HAART regimen type,HAART regimen,Type of HAART or ARV regimen prescribed or documented,Question,Text,,,1,1
fda06320-98c0-4101-a9b2-ef12fb4d3ba5,,,HBV prophylaxis given,HBV prophylaxis,Whether HBV prophylaxis was given during ANC,Question,Coded,1065AAAAAAAAAAAAAAAAAAAAAAAAAAAAAAAA;1066AAAAAAAAAAAAAAAAAAAAAAAAAAAAAAAA,,1,2
49ce41fc-af89-45a0-8844-7ec7aba54bef,,,Counseled on PMTCT and testing,PMTCT counseling,Whether woman was counseled on prevention of mother-to-child transmission and testing,Question,Coded,1065AAAAAAAAAAAAAAAAAAAAAAAAAAAAAAAA;1066AAAAAAAAAAAAAAAAAAAAAAAAAAAAAAAA,,1,2
10a6f4ab-3be3-45d5-aa85-680b5dc4186e,,,Counseled on breastfeeding,Breastfeeding counseling,Whether woman was counseled on breastfeeding during ANC,Question,Coded,1065AAAAAAAAAAAAAAAAAAAAAAAAAAAAAAAA;1066AAAAAAAAAAAAAAAAAAAAAAAAAAAAAAAA,,1,2
5a5f2124-6692-4f8b-b2d4-339ac353c6d6,,,Counseled on hygiene,Hygiene counseling,Whether woman was counseled on hygiene during ANC,Question,Coded,1065AAAAAAAAAAAAAAAAAAAAAAAAAAAAAAAA;1066AAAAAAAAAAAAAAAAAAAAAAAAAAAAAAAA,,1,2
d0168909-208d-495a-9a65-3f98c84c7844,,,Counseled on avoidance of harmful traditional practices,Harmful practices counseling,Whether woman was counseled on avoidance of harmful traditional practices during ANC,Question,Coded,1065AAAAAAAAAAAAAAAAAAAAAAAAAAAAAAAA;1066AAAAAAAAAAAAAAAAAAAAAAAAAAAAAAAA,,1,2
11edfca9-46a3-4bf4-8709-66c6553f9788,,,Counseled on reducing caffeine intake,Caffeine counseling,Whether woman was counseled on reducing caffeine intake during ANC,Question,Coded,1065AAAAAAAAAAAAAAAAAAAAAAAAAAAAAAAA;1066AAAAAAAAAAAAAAAAAAAAAAAAAAAAAAAA,,1,2
ff74a117-24f7-43e3-84c0-22e69211df83,,,Counseled on gender-based violence especially IPV,GBV IPV counseling,Whether woman was counseled on gender-based violence especially intimate partner violence during ANC,Question,Coded,1065AAAAAAAAAAAAAAAAAAAAAAAAAAAAAAAA;1066AAAAAAAAAAAAAAAAAAAAAAAAAAAAAAAA,,1,2
12737df5-ca0b-4116-a4f9-1ee14e0fc143,,,Daily calcium supplementation given,Daily calcium supplements,Whether daily calcium supplementation was given during ANC,Question,Coded,1065AAAAAAAAAAAAAAAAAAAAAAAAAAAAAAAA;1066AAAAAAAAAAAAAAAAAAAAAAAAAAAAAAAA,,1,2
5a9aa304-a80d-4315-909a-70875754e74e,,,Medical record number,MRN,Medical record number of the client,Question,Text,,,1,1
b7c8d9e0-f1a2-4b3c-8d5e-6f7a8b9c0d1e,,,Presence of pallor on examination,Pallor on exam,Whether pallor was present on physical examination,Finding,Coded,1065AAAAAAAAAAAAAAAAAAAAAAAAAAAAAAAA;1066AAAAAAAAAAAAAAAAAAAAAAAAAAAAAAAA,,1,2
c8d9e0f1-a2b3-4c5d-9e6f-7a8b9c0d1e2f,,,Vaginal discharge present on examination,Vaginal discharge on exam,Whether vaginal discharge was present on gynecological examination,Finding,Coded,1065AAAAAAAAAAAAAAAAAAAAAAAAAAAAAAAA;1066AAAAAAAAAAAAAAAAAAAAAAAAAAAAAAAA,,1,2
d9e0f1a2-b3c4-4d5e-af67-8b9c0d1e2f3a,,,Client accepted HIV testing during encounter,Client accepted HIV test,Whether the client accepted HIV testing during the encounter (Yes/No),Question,Coded,1065AAAAAAAAAAAAAAAAAAAAAAAAAAAAAAAA;1066AAAAAAAAAAAAAAAAAAAAAAAAAAAAAAAA,,1,2
e0f1a2b3-c4d5-4e6f-a789-0b1c2d3e4f5a,,,Birth weight of last baby less than 2500 grams,Birth weight <2500g,Whether the birth weight of the last baby was less than 2500 grams,Question,Coded,1065AAAAAAAAAAAAAAAAAAAAAAAAAAAAAAAA;1066AAAAAAAAAAAAAAAAAAAAAAAAAAAAAAAA,,1,2
8f7e6d5c-4b3a-4c2d-9e1f-0a1b2c3d4e5f,,,Birth weight of last baby greater than 4000 grams,Birth weight >4000g,Whether the birth weight of the last baby was greater than 4000 grams (obstetric history screening),Question,Coded,1065AAAAAAAAAAAAAAAAAAAAAAAAAAAAAAAA;1066AAAAAAAAAAAAAAAAAAAAAAAAAAAAAAAA,,1,2
f1a2b3c4-d5e6-4f7a-8b90-1c2d3e4f5a6b,,,History of 3 or more consecutive spontaneous abortions,History 3+ abortions,Whether the woman has a history of 3 or more consecutive spontaneous abortions,Question,Coded,1065AAAAAAAAAAAAAAAAAAAAAAAAAAAAAAAA;1066AAAAAAAAAAAAAAAAAAAAAAAAAAAAAAAA,,1,2
d5483856-4634-4766-a63e-5e7208fa0555,,,Previous surgery on reproductive tract,Previous repro tract surgery,Whether the woman had previous surgery on reproductive tract (e.g. myomectomy C/S cervical cerclage),Question,Coded,1065AAAAAAAAAAAAAAAAAAAAAAAAAAAAAAAA;1066AAAAAAAAAAAAAAAAAAAAAAAAAAAAAAAA,,1,2
b3c4d5e6-f7a8-4b9c-0d12-e3f4a5b6c7d8,,,Chronic hypertension as risk factor,Chronic HTN risk,Whether chronic hypertension was identified as a risk factor,Question,Coded,1065AAAAAAAAAAAAAAAAAAAAAAAAAAAAAAAA;1066AAAAAAAAAAAAAAAAAAAAAAAAAAAAAAAA,,1,2
c4d5e6f7-a8b9-4c0d-1e23-f4a5b6c7d8e9,,,Presence of jaundice on examination,Jaundice on exam,Whether jaundice was present on physical examination,Finding,Coded,1065AAAAAAAAAAAAAAAAAAAAAAAAAAAAAAAA;1066AAAAAAAAAAAAAAAAAAAAAAAAAAAAAAAA,,1,2
d5e6f7a8-b9c0-4d1e-2f34-a5b6c7d8e9f0,,,Heart abnormality present on examination,Heart abnormality on exam,Whether a heart abnormality was detected on examination,Finding,Coded,1065AAAAAAAAAAAAAAAAAAAAAAAAAAAAAAAA;1066AAAAAAAAAAAAAAAAAAAAAAAAAAAAAAAA,,1,2
e6f7a8b9-c0d1-4e2f-3a45-b6c7d8e9f0a1,,,Vulvar ulcer present on examination,Vulvar ulcer on exam,Whether a vulvar ulcer was present on gynecological examination,Finding,Coded,1065AAAAAAAAAAAAAAAAAAAAAAAAAAAAAAAA;1066AAAAAAAAAAAAAAAAAAAAAAAAAAAAAAAA,,1,2
f7a8b9c0-d1e2-4f3a-4b56-c7d8e9f0a1b2,,,Uterine size in weeks,Uterine size wks,Uterine size or fundal height in weeks as assessed on examination,Finding,Numeric,,,1,1
a8b9c0d1-e2f3-4a4b-5c67-d8e9f0a1b2c3,,,Cervical lesion present on examination,Cervical lesion on exam,Whether a cervical lesion was present on examination,Finding,Coded,1065AAAAAAAAAAAAAAAAAAAAAAAAAAAAAAAA;1066AAAAAAAAAAAAAAAAAAAAAAAAAAAAAAAA,,1,2
c0d1e2f3-a4b5-4c6d-7e89-f0a1b2c3d4e5,,,Visit number 1,Visit 1,First ANC visit number,Finding,N/A,,,1,1
d1e2f3a4-b5c6-4d7e-8f90-a1b2c3d4e5f6,,,Visit number 2,Visit 2,Second ANC visit number,Finding,N/A,,,1,1
e2f3a4b5-c6d7-4e8f-9a01-b2c3d4e5f6a7,,,Visit number 3,Visit 3,Third ANC visit number,Finding,N/A,,,1,1
f3a4b5c6-d7e8-4f9a-0b12-c3d4e5f6a7b8,,,Visit number 4,Visit 4,Fourth ANC visit number,Finding,N/A,,,1,1
a4b5c6d7-e8f9-4a0b-1c23-d4e5f6a7b8c9,,,Visit number 5,Visit 5,Fifth ANC visit number,Finding,N/A,,,1,1
b5c6d7e8-f9a0-4b1c-2d34-e5f6a7b8c9d0,,,Visit number 6,Visit 6,Sixth ANC visit number,Finding,N/A,,,1,1
c6d7e8f9-a0b1-4c2d-3e45-f6a7b8c9d0e1,,,Visit number 7,Visit 7,Seventh ANC visit number,Finding,N/A,,,1,1
d7e8f9a0-b1c2-4d3e-4f56-a7b8c9d0e1f2,,,Visit number 8,Visit 8,Eighth ANC visit number,Finding,N/A,,,1,1
e8f9a0b1-c2d3-4e4f-5a67-b8c9d0e1f2a3,,,Visit number 8 or more,Visit 8+,Eighth or more ANC visit number,Finding,N/A,,,1,1
b9c0d1e2-f3a4-4b5c-6d78-e9f0a1b2c3d4,,,Pregnancy care contact or visit number,Contact visit number,Contact or visit number (1 through 8 or more) for scheduled pregnancy care,Question,Coded,c0d1e2f3-a4b5-4c6d-7e89-f0a1b2c3d4e5;d1e2f3a4-b5c6-4d7e-8f90-a1b2c3d4e5f6;e2f3a4b5-c6d7-4e8f-9a01-b2c3d4e5f6a7;f3a4b5c6-d7e8-4f9a-0b12-c3d4e5f6a7b8;a4b5c6d7-e8f9-4a0b-1c23-d4e5f6a7b8c9;b5c6d7e8-f9a0-4b1c-2d34-e5f6a7b8c9d0;c6d7e8f9-a0b1-4c2d-3e45-f6a7b8c9d0e1;d7e8f9a0-b1c2-4d3e-4f56-a7b8c9d0e1f2;e8f9a0b1-c2d3-4e4f-5a67-b8c9d0e1f2a3,,1,2
f9a0b1c2-d3e4-4f5a-6b78-c9d0e1f2a3b4,,,Gestational age in days,Gestational age days,Gestational age in days as calculated or assessed,Question,Numeric,,,1,1
a0b1c2d3-e4f5-4a6b-7c89-d0e1f2a3b4c5,,,Chest examination notes,Chest exam notes,Free-text notes from chest or respiratory examination,Finding,Text,,,1,1
b1c2d3e4-f5a6-4b7c-8d90-e1f2a3b4c5d6,,,HBV prophylaxis notes,,Free-text notes on HBV prophylaxis given or plan,Finding,Text,,,1,1
c2d3e4f5-a6b7-4c8d-9e90-f1a2b3c4d5e6,,,Chest abnormality present on examination,Chest abnormality on exam,Whether a chest or respiratory abnormality was present on examination,Finding,Coded,1065AAAAAAAAAAAAAAAAAAAAAAAAAAAAAAAA;1066AAAAAAAAAAAAAAAAAAAAAAAAAAAAAAAA,,1,2
d3e4f5a6-b7c8-4d9e-0f12-a3b4c5d6e7f8,,,75g oral glucose tolerance test result or notes,75g OGTT notes,Result or clinical notes from 75 gram oral glucose tolerance test,Finding,Text,,,1,1
e4f5a6b7-c8d9-4e0f-1a23-b4c5d6e7f8a9,,,Iron and folic acid supplementation given,Iron folic given,Whether iron and folic acid supplementation was given,Question,Coded,1065AAAAAAAAAAAAAAAAAAAAAAAAAAAAAAAA;1066AAAAAAAAAAAAAAAAAAAAAAAAAAAAAAAA,,1,2
f5a6b7c8-d9e0-4f1a-2b34-c5d6e7f8a9b0,,,Anti-D immunoglobulin given at 28 weeks gestation,Anti-D at 28 wks,Whether Anti-D immunoglobulin was given at 28 weeks gestation,Question,Coded,1065AAAAAAAAAAAAAAAAAAAAAAAAAAAAAAAA;1066AAAAAAAAAAAAAAAAAAAAAAAAAAAAAAAA,,1,2
a1b2c3d4-e5f6-4a7b-8c90-d1e2f3a4b5c6,,,Hemoglobin result or notes,Hemoglobin notes,Free-text hemoglobin or HGB result or notes during ANC,Finding,Text,,,1,1
b2c3d4e5-f6a7-4b8c-9d01-e2f3a4b5c6d7,,,Rapid syphilis test done,RPR test done,Whether rapid syphilis (RPR) test was done,Question,Coded,1065AAAAAAAAAAAAAAAAAAAAAAAAAAAAAAAA;1066AAAAAAAAAAAAAAAAAAAAAAAAAAAAAAAA,,1,2
c3d4e5f6-a7b8-4c9d-0e12-f3a4b5c6d7e8,,,Urine test result or notes,Urine notes,Urine test result or free-text notes during ANC,Finding,Text,,,1,1
d4e5f6a7-b8c9-4d0e-1f23-a4b5c6d7e8f9,,,TB screening result or notes,TB screening notes,Screening for active TB result or notes,Question,Text,,,1,1
e5f6a7b8-c9d0-4e1f-2a34-b5c6d7e8f9a0,,,Indirect Coombs test done,Indirect Coombs done,Whether indirect Coombs test for Rh-negative was done,Question,Coded,1065AAAAAAAAAAAAAAAAAAAAAAAAAAAAAAAA;1066AAAAAAAAAAAAAAAAAAAAAAAAAAAAAAAA,,1,2
f6a7b8c9-d0e1-4f2a-3b45-c6d7e8f9a0b1,,,Td vaccination given,Td given,Whether Td (tetanus toxoid) vaccination was given,Question,Coded,1065AAAAAAAAAAAAAAAAAAAAAAAAAAAAAAAA;1066AAAAAAAAAAAAAAAAAAAAAAAAAAAAAAAA,,1,2
a7b8c9d0-e1f2-4a3b-4c56-d7e8f9a0b1c2,,,Deworming given,,Whether deworming or anti-helminthic treatment was given,Question,Coded,1065AAAAAAAAAAAAAAAAAAAAAAAAAAAAAAAA;1066AAAAAAAAAAAAAAAAAAAAAAAAAAAAAAAA,,1,2
0c15c9f0-c6a5-4030-8849-4e4ebb8010cf,,,No previous diagnosis,,Diagnosis status: no previous diagnosis; patient s/p surgical resection or similar,Finding,N/A,,,1,1
8035248d-63b2-4d7f-bf10-22223a711fd3,,,Confirmed elsewhere,,Diagnosis was confirmed at another facility,Finding,N/A,,,1,1
873987e8-9f09-4c00-a699-f81e7d2d7e04,,,Greater than 3 months presence of kidney damage,Gt 3mo kidney damage,Diagnostic criterion: kidney damage present more than 3 months,Finding,N/A,,,1,1
24b07a85-d93d-4161-b26b-cb624693a0f7,,,Decreased kidney function,,Diagnostic criterion: decreased kidney function (e.g. eGFR less than 60),Finding,N/A,,,1,1
47dae80f-50ee-4d9c-ad4b-6ca3856158cc,,,Ace inhibitor,,Current home medication: ACE inhibitor,Finding,N/A,,,1,1
12d9b04e-17bf-4c20-a940-83eedb4f3037,,,Last visit date,,Date of last visit for care,Question,Date,,,1,1
2a50951c-bbc9-409b-a3ad-05d95b8acf03,,,Previous followup location,,Location where patient previously received followup,Question,Text,,,1,1
e0db4995-56bd-4ce3-a590-87041957922d,,,Diagnosis location,,Location where condition was diagnosed,Question,Text,,,1,1
51842046-c7c8-492b-8a66-5c9f148f5206,,,Last known CR,,Last known creatinine or creatinine-related value,Question,Text,,,1,1
56d5711c-e441-4d1f-a87e-03527b26a909,,,Polycystic kidney,,Past diagnostic finding: polycystic kidney,Question,Text,,,1,1
0b3cdb52-d093-4851-afc8-303f6a4fd4e3,,,Hydronephrosis due to obstruction,Hydronephrosis obstruction,Past diagnostic finding: hydronephrosis due to obstruction,Question,Text,,,1,1
d1aed05b-9523-42b9-8313-0ba871a8b45e,,,Cortical scarring,,Past diagnostic finding: cortical scarring,Question,Text,,,1,1
3c4c4fe7-859d-40ae-92fe-c4e33fed31aa,,,Renal masses,,Past diagnostic finding: renal masses,Question,Text,,,1,1
01ee51ce-4f50-4e92-a682-a916f5345039,,,Small and echogenic kidneys,Small echogenic kidneys,Past diagnostic finding: small and echogenic kidneys,Question,Text,,,1,1
524fec30-5210-4edb-a712-eecf4929ea2e,,,Renal artery stenosis (text),Renal artery stenosis,Past diagnostic finding: renal artery stenosis,Question,Text,,,1,1
ca06fdee-d605-4c9d-895e-44b25b3dcf05,,,Family history of renal disease,Family history renal disease,Whether patient has family history of renal disease,Question,Coded,1065AAAAAAAAAAAAAAAAAAAAAAAAAAAAAAAA;1066AAAAAAAAAAAAAAAAAAAAAAAAAAAAAAAA,,1,2
2028f4d1-3b30-41fe-9928-789435484fc3,,,Quit smoking since,,When or since when patient quit smoking,Question,Date,,,1,1
c7f8e9d0-b1a2-4c3d-8e5f-6a7b8c9d0e1f,,,Alcohol abuse screening,,Whether patient has history or current alcohol abuse (Yes/No). For use in CKD intake and similar forms.,Question,Coded,1065AAAAAAAAAAAAAAAAAAAAAAAAAAAAAAAA;1066AAAAAAAAAAAAAAAAAAAAAAAAAAAAAAAA,,1,2
20398de2-0093-42f8-ae69-fc95af1734ab,,,All other medicines,,All other current medicines not listed in home medications,Question,Text,,,1,1
353f678f-fd7b-4d33-a096-e87f057cea31,,,Diagnosis status,,Diagnosis status: no previous diagnosis vs confirmed elsewhere,Question,Coded,0c15c9f0-c6a5-4030-8849-4e4ebb8010cf;8035248d-63b2-4d7f-bf10-22223a711fd3,,1,2
3839536d-0e78-41f3-b547-39161f8ef408,,,Diagnostic criteria,,Diagnostic criteria: kidney damage or decreased function,Question,Coded,873987e8-9f09-4c00-a699-f81e7d2d7e04;24b07a85-d93d-4161-b26b-cb624693a0f7,,1,2
89841663-c7c8-4aa2-a9c6-cb4a265fbced,,,Known or likely cause of CKD,,Known or likely cause of condition,Question,Coded,0a522954-4e67-4a5d-856e-7bcc09edbc17;d6ec1058-6e4b-4b9e-a87b-e9d9ec0eb070;c8a09cc0-6984-5b65-b2e3-645a9453f278;b5af80be-698f-45a2-905a-538d8a1f08ec;dbb84962-8aa9-4d7a-806d-d1d1b356d1fb,,2,2
ac532150-9953-46c1-ba76-a809a0d59236,,,Current home medications,,Current home medications (e.g. ACE inhibitor / furosemide / spironolactone),Question,Coded,47dae80f-50ee-4d9c-ad4b-6ca3856158cc;76734AAAAAAAAAAAAAAAAAAAAAAAAAAAAAAA;84239AAAAAAAAAAAAAAAAAAAAAAAAAAAAAAA;79651AAAAAAAAAAAAAAAAAAAAAAAAAAAAAAA;104904AAAAAAAAAAAAAAAAAAAAAAAAAAAAAA,,2,2
b2c3d4e5-f6a7-4b8c-9d0e-1f2a3b4c5d6e,,,No Hospitalization in 12 months,No hospitalization 12mo,Patient was not hospitalized for heart failure exacerbation in the past 12 months,Finding,N/A,,,1,1
c3d4e5f6-a7b8-4c9d-0e1f-2a3b4c5d6e7f,,,One Hospitalization in 12 months,One hospitalization 12mo,Patient had one hospitalization for heart failure exacerbation in the past 12 months,Finding,N/A,,,1,1
d4e5f6a7-b8c9-4d0e-1f2a-3b4c5d6e7f8a,,,Two Hospitalizations in 12 months,Two hospitalizations 12mo,Patient had two hospitalizations for heart failure exacerbation in the past 12 months,Finding,N/A,,,1,1
e5f6a7b8-c9d0-4e1f-2a3b-4c5d6e7f8a9b,,,Three or more Hospitalizations in 12 months,Three or more 12mo,Patient had three or more hospitalizations for heart failure exacerbation in the past 12 months,Finding,N/A,,,1,1
a1b2c3d4-e5f6-4a7b-8c9d-0e1f2a3b4c5d,,,Number of hospitalizations for heart failure exacerbation in past 12 months,CHF exacerbation hospitalizations 12mo,How many times patient was hospitalized due to heart failure exacerbation in the last 12 months,Question,Coded,b2c3d4e5-f6a7-4b8c-9d0e-1f2a3b4c5d6e;c3d4e5f6-a7b8-4c9d-0e1f-2a3b4c5d6e7f;d4e5f6a7-b8c9-4d0e-1f2a-3b4c5d6e7f8a;e5f6a7b8-c9d0-4e1f-2a3b-4c5d6e7f8a9b,,1,2
f6a7b8c9-d0e1-4f2a-3b4c-5d6e7f8a9b0c,,,Patient on diuretics,On diuretics,Whether patient is currently on diuretic medication,Question,Coded,1065AAAAAAAAAAAAAAAAAAAAAAAAAAAAAAAA;1066AAAAAAAAAAAAAAAAAAAAAAAAAAAAAAAA,,1,2
a7b8c9d0-e1f2-4a3b-4c5d-6e7f8a9b0c1d,,,Takes diuretics every day as prescribed,Takes diuretics as prescribed,Whether patient takes diuretics every day as prescribed,Question,Coded,1065AAAAAAAAAAAAAAAAAAAAAAAAAAAAAAAA;1066AAAAAAAAAAAAAAAAAAAAAAAAAAAAAAAA,,1,2
b8c9d0e1-f2a3-4b4c-5d6e-7f8a9b0c1d2e,,,Details of other chronic medical problems,Other chronic problems details,Free text details of other chronic medical problems not listed,Question,Text,,,1,1
a2b3c4d5-e6f7-4a8b-9c0d-1e2f3a4b5c6d,,,Drugs provided,,Medications or drugs prescribed and provided at visit,Question,Text,,,1,1
b3c4d5e6-f7a8-4b9c-0d1e-2f3a4b5c6d7e,,,Psychosocial counseling notes,,Notes from psychosocial counseling provided,Question,Text,,,1,1
d5e6f7a8-b9c0-4d1e-2f3a-4b5c6d7e8f9a,,,Medication order and administration,,"Group for one medication line (drug, dose, route, frequency, administration details). Use as repeating group; do not use Coded concept 1519 for this.",Question,N/A,,,1,1
c4d5e6f7-a8b9-4c0d-1e2f-3a4b5c6d7e8f,,,Medication administration,,Group for recording medication administration (administering clinician and time),Question,N/A,,,1,1
a7b8c9d0-e1f2-4a3b-8c4d-5e6f7a8b9c0d,,,Orthopaedic inspection,Inspection,Inspection findings during orthopaedic examination,Question,Text,,,1,1
b8c9d0e1-f2a3-4b4c-9d5e-6f7a8b9c0d1e,,,Orthopaedic palpation,Palpation,Palpation findings during orthopaedic examination,Question,Text,,,1,1
c9d0e1f2-a3b4-4c5d-0e6f-7a8b9c0d1e2f,,,Range of motion,,Range of motion assessment during orthopaedic examination,Question,Text,,,1,1
d0e1f2a3-b4c5-4d6e-1f7a-8b9c0d1e2f3a,,,Special tests,,Special tests performed and findings in orthopaedic examination,Question,Text,,,1,1
e1f2a3b4-c5d6-4e7f-2a8b-9c0d1e2f3a4b,,,Radiographic examination,,Radiographic examination findings in orthopaedic assessment,Question,Text,,,1,1
9e7f8a9b-0c1d-4e2f-3a4b-5c6d7e8f9a0b,,,Number of RHD-related hospitalizations in last 12 months,RHD hospitalizations 12mo,Number of rheumatic heart disease-related hospitalizations in the last 12 months,Question,Coded,b2c3d4e5-f6a7-4b8c-9d0e-1f2a3b4c5d6e;c3d4e5f6-a7b8-4c9d-0e1f-2a3b4c5d6e7f;d4e5f6a7-b8c9-4d0e-1f2a-3b4c5d6e7f8a;e5f6a7b8-c9d0-4e1f-2a3b-4c5d6e7f8a9b,,1,2
e6f7a8b9-c0d1-4e2f-3a4b-5c6d7e8f9a0b,,,On secondary prophylaxis (e.g. benzathine penicillin),On secondary prophylaxis,Whether patient is on secondary prophylaxis for rheumatic heart disease (e.g. benzathine penicillin),Question,Coded,1065AAAAAAAAAAAAAAAAAAAAAAAAAAAAAAAA;1066AAAAAAAAAAAAAAAAAAAAAAAAAAAAAAAA,,1,2
f7a8b9c0-d1e2-4f3a-4b5c-6d7e8f9a0b1c,,,Adherent to prophylaxis,,Whether patient is adherent to secondary prophylaxis,Question,Coded,1065AAAAAAAAAAAAAAAAAAAAAAAAAAAAAAAA;1066AAAAAAAAAAAAAAAAAAAAAAAAAAAAAAAA,,1,2
a8b9c0d1-e2f3-4a4b-5c6d-7e8f9a0b1c2d,,,Details of valvular lesions and interventions,Valvular lesions details,Free text details of valvular lesions and any interventions,Question,Text,,,1,1
9c1d2e3f-4a5b-6c7d-8e9f-0a1b2c3d4e5f,,,Abdominal tenderness present,Abdominal tenderness,Presence or absence of abdominal tenderness on physical examination in antepartum hemorrhage follow-up,Question,Coded,1065AAAAAAAAAAAAAAAAAAAAAAAAAAAAAAAA;1066AAAAAAAAAAAAAAAAAAAAAAAAAAAAAAAA;163747AAAAAAAAAAAAAAAAAAAAAAAAAAAAAA;163748AAAAAAAAAAAAAAAAAAAAAAAAAAAAAA,,1,2
ad3e5f70-1b2c-4d6e-9f01-23456789abcd,,,Abdominal pain present,Abdominal pain presence,Presence or absence of abdominal pain in antepartum hemorrhage follow-up,Question,Coded,1065AAAAAAAAAAAAAAAAAAAAAAAAAAAAAAAA;1066AAAAAAAAAAAAAAAAAAAAAAAAAAAAAAAA,,1,2
5c4e8f1a-7b32-49d6-b0e1-9a3d8c2f7e45,,,Planned changes to chemotherapy regimen,Chemo regimen changes,Planned modifications or deviations from the standard chemotherapy regimen for breast cancer,Question,Text,,,1,1
c1f4e8a2-9b3d-4c6e-8f71-0a2b3c4d5e6f,,,Chemotherapy as primary breast cancer treatment,Chemotherapy treatment,Breast cancer treated primarily with chemotherapy,Finding,N/A,,,1,1
f2c7d8e9-1a2b-4c3d-8e9f-0a1b2c3d4e5f,,,Surgery as primary breast cancer treatment,Surgery treatment,Breast cancer treated primarily with surgery,Finding,N/A,,,1,1
e3b8f2a7-5c1e-4a9b-9e71-2f4c3a8d9b10,,,Breast cancer treatment modality,Breast cancer treatment,"Primary treatment modality used for breast cancer (surgery, chemotherapy, radiotherapy)",Question,Coded,161174AAAAAAAAAAAAAAAAAAAAAAAAAAAAAA;c1f4e8a2-9b3d-4c6e-8f71-0a2b3c4d5e6f;f2c7d8e9-1a2b-4c3d-8e9f-0a1b2c3d4e5f,,1,2
9a7b6c5d-4e3f-4a2b-9c8d-1e2f3a4b5c6d,,,MRM with axillary lymph node dissection,MRM with ALND,Modified radical mastectomy with axillary lymph node dissection for breast cancer,Finding,N/A,,,1,1
f2d7c9b4-8e3a-4c5d-9f10-1a2b3c4d5e6f,,,Breast cancer surgery type,,Type of breast cancer surgery performed for breast cancer management,Question,Coded,5622AAAAAAAAAAAAAAAAAAAAAAAAAAAAAAAA;9a7b6c5d-4e3f-4a2b-9c8d-1e2f3a4b5c6d,,1,2
2b3c4d5e-6f70-4819-80ab-cdef12345678,,,Perceived health poor,Poor health,Patient perceives their overall health as poor,Finding,N/A,,,1,1
3c4d5e6f-7081-4920-90bc-def123456789,,,Perceived health fair,Fair health,Patient perceives their overall health as fair,Finding,N/A,,,1,1
4d5e6f70-8192-4a21-a0cd-ef1234567890,,,Perceived health excellent,Excellent health,Patient perceives their overall health as excellent,Finding,N/A,,,1,1
1a2b3c4d-5e6f-4701-890a-bcdef1234567,,,Perceived health rating,Health rating,Patient's self-rated overall health status,Question,Coded,2b3c4d5e-6f70-4819-80ab-cdef12345678;3c4d5e6f-7081-4920-90bc-def123456789;4d5e6f70-8192-4a21-a0cd-ef1234567890,,1,2
6f708192-a314-4c43-c1ef-23456789012a,,,Alcohol using patient,Alcohol,Use of alcoholic beverages by the patient,Finding,N/A,,,1,1
708192a3-b425-4d54-d2f0-34567890123b,,,Khat using patient,Khat,Use of khat by the patient,Finding,N/A,,,1,1
8192a3b4-c536-4e65-e301-45678901234c,,,Tobacco using patient,Tobacco,Use of tobacco products by the patient,Finding,N/A,,,1,1
5e6f7081-9203-4b32-b0de-f12345678901,,,Substance use type,,Types of psychoactive substances currently used by the patient,Question,Coded,6f708192-a314-4c43-c1ef-23456789012a;708192a3-b425-4d54-d2f0-34567890123b;8192a3b4-c536-4e65-e301-45678901234c;5622AAAAAAAAAAAAAAAAAAAAAAAAAAAAAAAA,,1,2
9203b4c5-d647-4f76-f412-56789012345d,,,Alcohol use details group,Alcohol use details,Group for documenting details of patient's alcohol use in nursing assessment,Question,N/A,,,1,1
a314c5d6-e758-4087-0512-67890123456e,,,Khat use details group,Khat use details,Group for documenting details of patient's khat use in nursing assessment,Question,N/A,,,1,1
b425d6e7-f869-4198-1623-78901234567f,,,Tobacco use details group,Tobacco use details,Group for documenting details of patient's tobacco use in nursing assessment,Question,N/A,,,1,1
c536e7f8-0819-42a9-2734-890123456780,,,Other substance use details group,Other substance details,Group for documenting details of other substance use in nursing assessment,Question,N/A,,,1,1
d647f809-1920-43ba-3845-901234567891,,,Immunization record group,Immunization record,Repeating group for individual immunization records,Question,N/A,,,1,1
f8691a2b-3b42-4ddc-5a67-123456789ab3,,,Lidocaine 2% with adrenaline,Lidocaine with adrenaline,Administration of lidocaine 2% with adrenaline,Finding,N/A,,,1,1
091a2b3c-4c53-4eed-6b78-23456789abc4,,,Lidocaine 2% without adrenaline,Lidocaine without adrenaline,Administration of lidocaine 2% without adrenaline,Finding,N/A,,,1,1
e758091a-2a31-44cb-4956-0123456789a2,,,Immunization type,Lidocaine type,Type of local anesthetic or immunization used including lidocaine with or without adrenaline,Question,Coded,f8691a2b-3b42-4ddc-5a67-123456789ab3;091a2b3c-4c53-4eed-6b78-23456789abc4;5622AAAAAAAAAAAAAAAAAAAAAAAAAAAAAAAA,,1,2
2c3d4e5f-6e75-420f-8d9a-456789abcde6,,,Current medication group,Current medication,Repeating group for current medications in nursing assessment,Question,N/A,,,1,1
4e5f6071-8097-4421-afbc-6789abcdef08,,,Known allergies group,Known allergies,Repeating group for documenting known allergies in nursing assessment,Question,N/A,,,1,1
5f607182-91a8-4532-b0cd-789abcdef019,,,Allergy medication group,Allergy medication,Group for documenting medications to which the patient is allergic,Question,N/A,,,1,1
718293a4-b3ca-4754-d2ef-9abcdef0123b,,,Regular pulse,,Patient's pulse rhythm is regular,Finding,N/A,,,1,1
8293a4b5-c4db-4865-e3f0-abcdef01234c,,,Irregular pulse,,Patient's pulse rhythm is irregular,Finding,N/A,,,1,1
60718293-a2b9-4643-c1de-89abcdef012a,,,Pulse regularity,,Assessment of whether the patient's pulse is regular or irregular,Question,Coded,718293a4-b3ca-4754-d2ef-9abcdef0123b;8293a4b5-c4db-4865-e3f0-abcdef01234c,,1,2
93a4b5c6-d5ec-4976-f401-bcdef012345d,,,Breathing pattern,,Assessment of whether the patient's breathing pattern is regular or irregular,Question,Coded,718293a4-b3ca-4754-d2ef-9abcdef0123b;8293a4b5-c4db-4865-e3f0-abcdef01234c,,1,2
b5c6d7e8-f70e-4b98-1623-def01234567f,,,Shallow breathing,,Patient's breathing depth is shallow,Finding,N/A,,,1,1
c6d7e8f9-081f-4ca9-2734-ef0123456780,,,Signs of Deep breathing,Deep breathing ,Patient's breathing depth is deep,Finding,N/A,,,1,1
a4b5c6d7-e6fd-4a87-0512-cdef0123456e,,,Breathing depth,,Assessment of whether the patient's breathing depth is shallow or deep,Question,Coded,b5c6d7e8-f70e-4b98-1623-def01234567f;c6d7e8f9-081f-4ca9-2734-ef0123456780,,1,2
ea1b2c3d-4f50-4a61-8723-56789abcde01,,,AMTSL ergometrine given,Ergometrine given,Ergometrine administered as part of AMTSL,Finding,N/A,,,1,1
fb2c3d4e-5061-4b72-9834-6789abcdef02,,,AMTSL oxytocin given,Oxytocin given,Oxytocin administered as part of AMTSL,Finding,N/A,,,1,1
0c3d4e5f-6172-4c83-a945-789abcdef013,,,AMTSL misoprostol given,Misoprostol given,Misoprostol administered as part of AMTSL,Finding,N/A,,,1,1
d1a2b3c4-5e6f-4789-8101-23456789abcd,,,AMTSL interventions,AMTSL,Active management of third stage of labor interventions performed,Question,Coded,ea1b2c3d-4f50-4a61-8723-56789abcde01;fb2c3d4e-5061-4b72-9834-6789abcdef02;0c3d4e5f-6172-4c83-a945-789abcdef013,,1,2
32923912-c051-43f9-9a1e-01b99d0db936,,,Placenta delivery completed,Placenta completed,Placenta delivered completely without retained tissue,Finding,N/A,,,1,1
47800660-5ccc-4ffb-ade0-8ef18c6a676c,,,Placenta delivery incomplete,Placenta incomplete,Placenta delivery incomplete with suspected retained tissue,Finding,N/A,,,1,1
40718293-a5b6-40c7-e389-bcdef0123457,,,Controlled cord traction used,CCT used,Controlled cord traction used for placenta delivery,Finding,N/A,,,1,1
518293a4-b6c7-40d8-f49a-cdef01234578,,,Manual removal of placenta,Manual removal,Placenta removed manually after delivery,Finding,N/A,,,1,1
dba9b7fa-e93c-45bb-b8b1-e02be4fe511d,,,Placenta delivery method by,Placenta method,How the placenta was delivered after birth,Question,Coded,32923912-c051-43f9-9a1e-01b99d0db936;47800660-5ccc-4ffb-ade0-8ef18c6a676c;40718293-a5b6-40c7-e389-bcdef0123457;518293a4-b6c7-40d8-f49a-cdef01234578,,1,2
73a4b5c6-d8e9-42fa-16bc-ef012345789a,,,First degree perineal laceration repair,1st degree repair,First degree perineal laceration repaired after delivery,Finding,N/A,,,1,1
84b5c6d7-e9f0-430b-27cd-f0123456789b,,,Second degree perineal laceration repair,2nd degree repair,Second degree perineal laceration repaired after delivery,Finding,N/A,,,1,1
95c6d7e8-f001-441c-38de-0123456789bc,,,Third degree perineal laceration repair,3rd degree repair,Third degree perineal laceration repaired after delivery,Finding,N/A,,,1,1
6293a4b5-c7d8-41e9-05ab-def012345789,,,Perineal laceration repair degree,Laceration degree,Degree of perineal laceration repaired after delivery,Question,Coded,73a4b5c6-d8e9-42fa-16bc-ef012345789a;84b5c6d7-e9f0-430b-27cd-f0123456789b;95c6d7e8-f001-441c-38de-0123456789bc,,1,2
a6d7e8f9-1023-452d-49ef-1234567890cd,,,Gestational age category at birth,GA category,Gestational age category of the newborn at birth,Question,Coded,8536475f-6970-8901-5678-234567890123;9647586a-7081-9012-6789-345678901234;0758697b-8192-0123-7890-456789012345;1869708c-9203-1234-8901-567890123456;2970819d-0314-2345-9012-678901234567;3081920e-1425-3456-0123-789012345678,,1,2
b7e8f901-2134-463e-5a0f-234567890cde,,,Polio 0 vaccination date,Polio 0 date,Date when the Polio 0 vaccine dose was given,Question,Date,,,1,1
fdaad4b0-e099-46c2-94fa-882079fc24f6,,,Complication managed at this facility,Managed here,Obstetric complication managed at this facility,Finding,N/A,,,1,1
f672a8e7-9fe6-42ce-a779-63da9c57a858,,,Complication referred to higher facility,Referred out,Obstetric complication referred to another facility,Finding,N/A,,,1,1
3f437d5c-897d-4d2d-a444-02fc4bf4f50b,,,Eclampsia management outcome,Eclampsia mgmt,How eclampsia was managed at this facility,Question,Coded,fdaad4b0-e099-46c2-94fa-882079fc24f6;f672a8e7-9fe6-42ce-a779-63da9c57a858,,1,2
1ca5692c-7375-4ed4-bf17-9456f3f03def,,,APH management outcome,APH mgmt,How antepartum hemorrhage was managed at this facility,Question,Coded,fdaad4b0-e099-46c2-94fa-882079fc24f6;f672a8e7-9fe6-42ce-a779-63da9c57a858,,1,2
0d2bd8e5-37bf-4889-945f-29df444c1904,,,PPH management outcome,PPH mgmt,How postpartum hemorrhage was managed at this facility,Question,Coded,fdaad4b0-e099-46c2-94fa-882079fc24f6;f672a8e7-9fe6-42ce-a779-63da9c57a858,,1,2
6215b2ce-dbf4-4575-b450-17af0ce38df4,,,PROM or sepsis management outcome,PROM/sepsis mgmt,How PROM or sepsis was managed at this facility,Question,Coded,fdaad4b0-e099-46c2-94fa-882079fc24f6;f672a8e7-9fe6-42ce-a779-63da9c57a858,,1,2
09d32fa6-38d5-4897-8bcc-b774217d6922,,,Obstructed or prolonged labor management outcome,Obstructed labor mgmt,How obstructed or prolonged labor was managed at this facility,Question,Coded,fdaad4b0-e099-46c2-94fa-882079fc24f6;f672a8e7-9fe6-42ce-a779-63da9c57a858,,1,2
8521a0ac-3d02-4b8b-9ad0-aec109ad1f19,,,Ruptured uterus repaired,,Ruptured uterus repaired surgically without hysterectomy,Finding,N/A,,,1,1
92fc81c7-a695-4007-9abc-d9c78263cf22,,,Hysterectomy for ruptured uterus,Ruptured uterus hysterectomy,Hysterectomy performed for ruptured uterus,Finding,N/A,,,1,1
0b85ecdc-bb01-4620-8e38-2ec845269cdf,,,Ruptured uterus management outcome,Ruptured uterus mgmt,How ruptured uterus was managed at this facility,Question,Coded,8521a0ac-3d02-4b8b-9ad0-aec109ad1f19;92fc81c7-a695-4007-9abc-d9c78263cf22,,1,2
8dc8b18b-d283-4821-a459-23f433a821d8,,,ARV regimen for mother at delivery,ARV regimen mother,Antiretroviral regimen given to mother at time of delivery,Question,Text,,,1,1
576026de-c255-4932-ac4c-688e09301115,,,ARV regimen for newborn at delivery,ARV regimen newborn,Antiretroviral regimen given to newborn at time of delivery,Question,Text,,,1,1
b94d64ed-8db0-47d6-8bba-c9ece9f8a496,,,Mother and newborn referral details,Referral details,Details of referral for mother and newborn for care and support,Question,Text,,,1,1
c5f9623a-59c3-4d23-a236-47cb6b0563e2,,,Delivery attendant name,Delivered by,Name or identifier of person who conducted the delivery,Question,Text,,,1,1
dfcc86d8-50df-4415-abef-c0b559ee4453,,,Delivery summary signature,Signature,Signature or initials of provider completing the delivery summary,Question,Text,,,1,1
7c5f82de-8a6b-4d19-9b58-0b6a2d8c3e11,,,Date of maternal death (PNC),Maternal death date,Date and time when a maternal death occurred in the postnatal period,Question,Datetime,,,1,1
ab93f7c2-2a4d-4e8b-924c-5df6a71b2f12,,,Cause of maternal death (PNC),Maternal death cause,Free text description of the cause of maternal death in the postnatal period,Question,Text,,,1,1
e2b7f4a1-9f3d-4f6a-8c3a-4d6b9f0a1c10,,,PNC maternal and neonatal death group,PNC death group,Grouping concept for recording maternal and neonatal death dates and causes during the postnatal period,Question,N/A,,7c5f82de-8a6b-4d19-9b58-0b6a2d8c3e11;ab93f7c2-2a4d-4e8b-924c-5df6a71b2f12,1,2
f4d2c9b8-6e41-4d62-9f3a-8c1b7e2a5d13,,,Treatment suggestion during postpartum (PNC),Postpartum treatment suggestion,Clinical treatment suggestions and plans during the postpartum period,Question,Text,,,1,1
9a3c5e7d-2f18-4c0a-86b2-1d4e7f9a0b14,,,Blood transfusion provided during PNC,PNC blood transfusion,Whether a blood transfusion was provided to the mother during the postnatal period,Question,Coded,1065AAAAAAAAAAAAAAAAAAAAAAAAAAAAAAAA;1066AAAAAAAAAAAAAAAAAAAAAAAAAAAAAAAA,,1,2
3d8f2b6a-914c-4b7a-93e1-5f0c2d7a8e15,,,Blood transfusion quantity during PNC,PNC blood transfusion quantity,Number of units of blood transfused to the mother during the postnatal period,Question,Numeric,,,1,1
6b1e4c8d-2a79-4d5f-9c31-7e8a0b3f2c16,,,IFA tablets provided during PNC,PNC IFA tablets,Number of iron and folic acid tablets provided to the mother during the postnatal care episode,Question,Numeric,,,1,1
c7e3a1d4-5b8f-4c2e-87a9-1f0d3b6a9e17,,,Vitamin A capsules provided during PNC,PNC vitamin A,Number of vitamin A capsules provided to the mother during the postnatal care episode,Question,Numeric,,,1,1
d2f8b5c1-3e49-4a6d-9b72-4c1e7a9f0b18,,,PNC outcome notes,PNC outcome,Free text description of the clinical outcome of the mother and newborn at the end of the postnatal care episode,Question,Text,,,1,1
6b2d3e4f-5061-4723-9b01-c23456780b02,,,Liver disease comorbidity,Liver disease,History or presence of chronic liver disease as a comorbidity in a tuberculosis patient,Finding,N/A,,,1,1
7c3e4f50-6172-4834-ac12-d34567890b03,,,Renal disease comorbidity,Renal disease,History or presence of chronic renal disease as a comorbidity in a tuberculosis patient,Finding,N/A,,,1,1
8d4f5061-7283-4945-bd23-e45678900b04,,,Rheumatic heart disease comorbidity,RHD,History or presence of rheumatic heart disease as a comorbidity in a tuberculosis patient,Finding,N/A,,,1,1
b2617283-8495-4c78-e056-178901230b07,,,Tuberculosis regimen 2HRZE plus 4HR,2HRZE + 4HR,Standard tuberculosis regimen consisting of 2 months HRZE followed by 4 months HR,Finding,N/A,,,1,1
c3728394-95a6-4d89-f167-289012340b08,,,Tuberculosis regimen 3HRZE plus 6HRE,3HRZE + 6HRE,Standard tuberculosis regimen consisting of 3 months HRZE followed by 6 months HRE,Finding,N/A,,,1,1
d48394a5-a6b7-5e9a-0178-390123450b09,,,Tuberculosis regimen 9H,9H,Standard tuberculosis regimen consisting of 9 months isoniazid monotherapy,Finding,N/A,,,1,1
e594a5b6-b7c8-5fab-1289-4a0123560b10,,,Tuberculosis regimen 12RZFqE,12RZFqE,Standard tuberculosis regimen consisting of 12 months of rifampicin pyrazinamide fluoroquinolone and ethambutol,Finding,N/A,,,1,1
f6a5b6c7-c8d9-60bc-239a-5b1234670b11,,,Multidrug resistant tuberculosis treatment regimen,MDR TB regimen,Any multidrug resistant tuberculosis treatment regimen given to the patient,Finding,N/A,,,1,1
07b6c7d8-d9ea-71cd-34ab-6c2345780b12,,,Other tuberculosis treatment plan specified,Other TB regimen,Other tuberculosis treatment plan not covered by predefined regimens,Finding,N/A,,,1,1
18c7d8e9-eafb-82de-45bc-7d3456890b13,,,Next tuberculosis follow up visit date,Next TB follow-up,Planned date for the patient’s next tuberculosis follow up visit,Question,Date,,,1,1
29d8e9fa-fb0c-93ef-56cd-8e4567900b14,,,Tuberculosis plan for next visit,TB next visit plan,Clinical plan and key actions for the patient’s next tuberculosis clinic visit,Question,Text,,,1,1
3ae9fa0b-0c1d-a410-67de-9f5678010b15,,,Need for tuberculosis admission,Need for TB admission,Clinical decision on whether the tuberculosis patient requires inpatient admission,Question,Coded,1065AAAAAAAAAAAAAAAAAAAAAAAAAAAAAAAA;1066AAAAAAAAAAAAAAAAAAAAAAAAAAAAAAAA,,1,2
6d1c2d3e-3f40-d743-9a11-c08913450b18,,,No history of tuberculosis contact,No TB contact,Patient reports no history of close contact with a tuberculosis case,Finding,N/A,,,1,1
7e2d3e4f-4051-e854-ab22-d19a24560b19,,,Positive family history of tuberculosis contact,Family TB contact,Patient reports close contact with a family member diagnosed with tuberculosis,Finding,N/A,,,1,1
8f3e4f50-5162-f965-bc33-e2ab35670b20,,,Positive non family tuberculosis contact,Non family TB contact,Patient reports close contact with a non family member diagnosed with tuberculosis,Finding,N/A,,,1,1
5c0b1c2d-2e3f-c632-8900-bf7890230b17,,,History of tuberculosis contact,TB contact history,History of prior close contact with a person diagnosed with tuberculosis,Question,Coded,6d1c2d3e-3f40-d743-9a11-c08913450b18;7e2d3e4f-4051-e854-ab22-d19a24560b19;8f3e4f50-5162-f965-bc33-e2ab35670b20,,1,2
a1506172-7384-1b87-de55-04cd57890b22,,,Duration since last tuberculosis treatment,Duration since last TB treatment,Time elapsed since completion of the patient’s last course of tuberculosis treatment,Question,Text,,,1,1
b2617283-8495-2c98-ef66-15de68900b23,,,Duration of last tuberculosis treatment,Duration of last TB treatment,Total duration of the patient’s last course of tuberculosis treatment,Question,Text,,,1,1
d48394a5-a6b7-4ebb-0188-370f8ab20b25,,,Private facility for past tuberculosis treatment,Private TB facility,Previous tuberculosis treatment was received at a private health facility,Finding,N/A,,,1,1
e594a5b6-b7c8-5fcc-1299-48109bc30b26,,,Government facility for past tuberculosis treatment,Government TB facility,Previous tuberculosis treatment was received at a government or public health facility,Finding,N/A,,,1,1
c3728394-95a6-3da9-f077-26ef79a10b24,,,Past tuberculosis treatment facility type,Past TB facility,Type of health facility where the patient previously received tuberculosis treatment,Question,Coded,d48394a5-a6b7-4ebb-0188-370f8ab20b25;e594a5b6-b7c8-5fcc-1299-48109bc30b26,,1,2
f6a5b6c7-c8d9-60dd-23aa-5921acd40b27,,,Past tuberculosis treatment details,Past TB treatment details,Free text details of prior tuberculosis treatment including regimen category period and doses,Question,Text,,,1,1
904f5061-6273-0a76-cd44-f3bc46780b21,,,Past tuberculosis treatment history group,Past TB treatment group,Grouping concept for past tuberculosis treatment history observations,Question,Coded,a1506172-7384-1b87-de55-04cd57890b22;b2617283-8495-2c98-ef66-15de68900b23;c3728394-95a6-3da9-f077-26ef79a10b24;f6a5b6c7-c8d9-60dd-23aa-5921acd40b27,,1,2
18c7d8e9-eafb-82ff-45cc-7b43cef60b29,,,Pulmonary tuberculosis type,Pulmonary TB,Patient’s tuberculosis is classified as pulmonary involvement only,Diagnosis,N/A,,,1,1
29d8e9fa-fb0c-9300-56dd-8c54df070b30,,,Extrapulmonary tuberculosis type,Extrapulmonary TB,Patient’s tuberculosis is classified as extrapulmonary involvement only,Diagnosis,N/A,,,1,1
3ae9fa0b-0c1d-a411-67ee-9d65e0180b31,,,Pulmonary plus extrapulmonary tuberculosis type,Pulmonary + extrapulmonary TB,Patient’s tuberculosis is classified as both pulmonary and extrapulmonary involvement,Diagnosis,N/A,,,1,1
4bfa0b1c-1d2e-b522-78ff-ae76f1290b32,,,Disseminated tuberculosis type,Disseminated TB,Patient’s tuberculosis is classified as disseminated or miliary disease,Diagnosis,N/A,,,1,1
07b6c7d8-d9ea-71ee-34bb-6a32bde50b28,,,Type of tuberculosis classification,TB type,Classification of patient’s tuberculosis as pulmonary extrapulmonary both or disseminated,Question,Coded,18c7d8e9-eafb-82ff-45cc-7b43cef60b29;29d8e9fa-fb0c-9300-56dd-8c54df070b30;3ae9fa0b-0c1d-a411-67ee-9d65e0180b31;4bfa0b1c-1d2e-b522-78ff-ae76f1290b32,,1,2
6d1c2d3e-3f40-d744-9a21-c098034b0b34,,,Pleural tuberculosis site,Pleural TB site,Pleural involvement as the main extrapulmonary tuberculosis site,Diagnosis,N/A,,,1,1
7e2d3e4f-4051-e855-ab32-d1a914cc0b35,,,Cutaneous tuberculosis site,Cutaneous TB site,Involvement of skin or subcutaneous tissues as extrapulmonary tuberculosis site,Diagnosis,N/A,,,1,1
8f3e4f50-5162-f966-bc43-e2ba25dd0b36,,,Pericardial tuberculosis site,Pericardial TB site,Pericardial involvement as extrapulmonary tuberculosis site,Diagnosis,N/A,,,1,1
904f5061-6273-0a77-cd54-f3cb36ee0b37,,,Other specified extrapulmonary tuberculosis site,Other EP TB site,Other extrapulmonary tuberculosis site not listed in standard options,Diagnosis,N/A,,,1,1
a1506172-7384-1b88-de65-04dc47ff0b38,,,Lymph node tuberculosis site,Lymph node TB,Lymph node involvement as extrapulmonary tuberculosis site,Diagnosis,N/A,,,1,1
b2617283-8495-2c99-ef76-15ed58000b39,,,Intestinal tuberculosis site,Intestinal TB,Intestinal involvement as extrapulmonary tuberculosis site,Diagnosis,N/A,,,1,1
c3728394-95a6-3daa-f087-26fe69110b40,,,Peritoneal tuberculosis site,Peritoneal TB,Peritoneal involvement as extrapulmonary tuberculosis site,Diagnosis,N/A,,,1,1
d48394a5-a6b7-4ebb-1198-370f7a220b41,,,Skeletal tuberculosis site,Skeletal TB,Bone involvement as extrapulmonary tuberculosis site,Diagnosis,N/A,,,1,1
e594a5b6-b7c8-5fcc-22a9-48108b330b42,,,Articular tuberculosis site,Articular TB,Joint involvement as extrapulmonary tuberculosis site,Diagnosis,N/A,,,1,1
f6a5b6c7-c8d9-60dd-33ba-59219c440b43,,,Meningeal tuberculosis site,Meningeal TB,Meningeal involvement as extrapulmonary tuberculosis site,Diagnosis,N/A,,,1,1
07b6c7d8-d9ea-71ee-44cb-6a328d550b44,,,Renal tuberculosis site,Renal TB,Renal involvement as extrapulmonary tuberculosis site,Diagnosis,N/A,,,1,1
18c7d8e9-eafb-82ff-55dc-7b439e660b45,,,Genital tuberculosis site,Genital TB,Genital tract involvement as extrapulmonary tuberculosis site,Diagnosis,N/A,,,1,1
5c0b1c2d-2e3f-c633-8910-bf87f23a0b33,,,Tuberculosis extrapulmonary site,TB EP site,Selected anatomical site of extrapulmonary tuberculosis involvement,Question,Coded,6d1c2d3e-3f40-d744-9a21-c098034b0b34;7e2d3e4f-4051-e855-ab32-d1a914cc0b35;8f3e4f50-5162-f966-bc43-e2ba25dd0b36;904f5061-6273-0a77-cd54-f3cb36ee0b37;a1506172-7384-1b88-de65-04dc47ff0b38;b2617283-8495-2c99-ef76-15ed58000b39;c3728394-95a6-3daa-f087-26fe69110b40;d48394a5-a6b7-4ebb-1198-370f7a220b41;e594a5b6-b7c8-5fcc-22a9-48108b330b42;f6a5b6c7-c8d9-60dd-33ba-59219c440b43;07b6c7d8-d9ea-71ee-44cb-6a328d550b44;18c7d8e9-eafb-82ff-55dc-7b439e660b45,,1,2
29d8e9fa-fb0c-9300-66ed-8c54af770b46,,,Lymph node size in tuberculosis,Lymph node size TB,Text description of lymph node size in a patient with suspected lymph node tuberculosis,Question,Text,,,1,1
3ae9fa0b-0c1d-a411-77fe-9d65b0880b47,,,Lymph node pain in tuberculosis,Lymph node pain TB,Text description of pain associated with lymph node tuberculosis,Question,Text,,,1,1
4bfa0b1c-1d2e-b522-880f-ae76c1990b48,,,Lymph node discharge sinus or ulcer in tuberculosis,Lymph node discharge TB,Text description of discharge sinus or ulcer related to lymph node tuberculosis,Question,Text,,,1,1
5c0b1c2d-2e3f-c633-9920-bf87d1aa0b49,,,Pleural tuberculosis respiratory rate,TB pleural RR,Respiratory rate measurement documented in the context of pleural tuberculosis,Question,Numeric,,,1,1
7e2d3e4f-4051-e855-bb42-d1a9f2cc0b51,,,Extensive tuberculosis X ray disease,Extensive TB on X-ray,Chest X ray shows extensive tuberculosis related disease,Finding,N/A,,,1,1
8f3e4f50-5162-f966-cc53-e2ba03dd0b52,,,Limited tuberculosis X ray disease,Limited TB on X-ray,Chest X ray shows limited tuberculosis related disease,Finding,N/A,,,1,1
6d1c2d3e-3f40-d744-aa31-c098e1bb0b50,,,Tuberculosis chest X ray extent,TB X-ray extent,Classification of chest X ray findings for tuberculosis by extent of disease,Question,Coded,7e2d3e4f-4051-e855-bb42-d1a9f2cc0b51;8f3e4f50-5162-f966-cc53-e2ba03dd0b52,,1,2
a1506172-7384-1b88-ee75-04dc25ff0b54,,,Non cavitary tuberculosis X ray,Non-cavitary TB on X-ray,Chest X ray for tuberculosis without visible cavities,Finding,N/A,,,1,1
b2617283-8495-2c99-ff86-15ed03a00b55,,,Cavitary tuberculosis X ray,Cavitary TB on X-ray,Chest X ray for tuberculosis showing lung cavities,Finding,N/A,,,1,1
904f5061-6273-0a77-dd64-f3cb14ee0b53,,,Tuberculosis chest X ray cavity,TB X-ray cavity,Classification of chest X ray findings for tuberculosis by cavity status,Question,Coded,a1506172-7384-1b88-ee75-04dc25ff0b54;b2617283-8495-2c99-ff86-15ed03a00b55,,1,2
d48394a5-a6b7-4ebb-11a8-370f60c20b57,,,Tuberculosis diagnosis based on sputum microscopy,TB by sputum microscopy,Tuberculosis diagnosis primarily based on sputum smear microscopy results,Finding,N/A,,,1,1
e594a5b6-b7c8-5fcc-22b9-481071d30b58,,,Tuberculosis diagnosis based on clinical examination,TB by clinical exam,Tuberculosis diagnosis primarily based on clinical examination findings,Finding,N/A,,,1,1
f6a5b6c7-c8d9-60dd-33ca-592182e40b59,,,Tuberculosis diagnosis based on X ray findings,TB by X-ray,Tuberculosis diagnosis primarily based on chest X ray findings,Finding,N/A,,,1,1
07b6c7d8-d9ea-71ee-44db-6a32a3f50b60,,,Tuberculosis diagnosis based on sputum culture,TB by sputum culture,Tuberculosis diagnosis primarily based on mycobacterial sputum culture results,Finding,N/A,,,1,1
18c7d8e9-eafb-82ff-55ec-7b4359060b61,,,Tuberculosis diagnosis based on histopathology,TB by histopathology,Tuberculosis diagnosis primarily based on histopathological examination results,Finding,N/A,,,1,1
29d8e9fa-fb0c-9300-66fd-8c540a170b62,,,Tuberculosis diagnosis based on cytochemistry,TB by cytochemistry,Tuberculosis diagnosis primarily based on cytochemical staining or related tests,Finding,N/A,,,1,1
c3728394-95a6-3daa-0097-26fef4b10b56,,,Basis of tuberculosis diagnosis,Basis of TB diagnosis,Primary basis used to establish the diagnosis of tuberculosis,Question,Coded,d48394a5-a6b7-4ebb-11a8-370f60c20b57;e594a5b6-b7c8-5fcc-22b9-481071d30b58;f6a5b6c7-c8d9-60dd-33ca-592182e40b59;07b6c7d8-d9ea-71ee-44db-6a32a3f50b60;18c7d8e9-eafb-82ff-55ec-7b4359060b61;29d8e9fa-fb0c-9300-66fd-8c540a170b62,,1,2
7224fbf9-de14-466d-b330-e24864feaa26,,,Tuberculosis intake chief symptom,TB intake symptom,Primary tuberculosis-related symptom or complaint selected at intake visit,Question,Coded,140238AAAAAAAAAAAAAAAAAAAAAAAAAAAAAA;5622AAAAAAAAAAAAAAAAAAAAAAAAAAAAAAAA;5006AAAAAAAAAAAAAAAAAAAAAAAAAAAAAAAA;832AAAAAAAAAAAAAAAAAAAAAAAAAAAAAAAAA;5957AAAAAAAAAAAAAAAAAAAAAAAAAAAAAAAA;150915AAAAAAAAAAAAAAAAAAAAAAAAAAAAAA;7b390a5a-320a-4c48-81eb-a400d1d28f08;88492f77-c6d1-48e9-850a-1f87ebe7b3b8;133027AAAAAAAAAAAAAAAAAAAAAAAAAAAAAA;cc2d3e4f-5061-4723-9b01-c2345678bb02;120749AAAAAAAAAAAAAAAAAAAAAAAAAAAAAA,,1,2
1300bf1d-bcef-4c01-927c-5f74fc200ab6,,,Tuberculosis intake symptom duration notes,TB symptom duration notes,Additional free text clarifying duration or timing of the selected tuberculosis-related symptom,Question,Text,,,1,1
1c3ca4ac-e571-43fc-857c-fab67a7cb8ad,,,Prior tuberculosis treatment history,Prior TB treatment,Whether the patient has previously received treatment for tuberculosis,Question,Coded,1065AAAAAAAAAAAAAAAAAAAAAAAAAAAAAAAA;1066AAAAAAAAAAAAAAAAAAAAAAAAAAAAAAAA,,1,2
a1b2c3d4-e5f6-4a7b-8c9d-e0f1a2b3c4d5,,,Diabetes intake diagnosis details group,DI diagnosis details,Grouping concept for the diagnosis details section in the diabetes intake form,Question,N/A,,,1,1
4ed3449c-4998-4c8a-8374-e7ba00423a9f,,,Diabetes mellitus type,DM type,Question asking whether the patient has Type 1 or Type 2 diabetes mellitus,Question,Coded,1bdcf04f-f817-43d5-ab0d-5eb7e2d7baed;ff78551f-5131-4a7c-b39e-202fffa22787,,1,2
a17800ff-486a-482c-bf98-488bad6ad902,,,Last known HbA1c date,Last HbA1c date,Date when the last HbA1c glycated hemoglobin test was performed,Question,Date,,,1,1
b03cd4b1-be54-4c05-a826-1b857e40f184,,,Last known HbA1c result or notes,Last HbA1c result,Free text field for documenting the last known HbA1c test result or related notes,Question,Text,,,1,1
b60e6e85-38c2-44b4-9e0a-d851759d1c97,,,Date of last known fasting blood sugar test,Last FBS date,Date when the last fasting blood sugar test was performed,Question,Date,,,1,1
3518f180-e817-4acc-99ea-b952748204e8,,,Diabetes intake diagnostic clues group,DI diagnostic clues,Grouping concept for the diagnostic clues section in the diabetes intake form,Question,N/A,,,1,1
fc6d2e17-4dcc-4d13-819f-488e4913272c,,,New patient diabetes suspicion symptoms,DI suspicion symptoms,Checkbox list of presenting symptoms that suggest a possible new diabetes diagnosis in a new patient,Question,Coded,147241AAAAAAAAAAAAAAAAAAAAAAAAAAAAAA;147104AAAAAAAAAAAAAAAAAAAAAAAAAAAAAA;07223db7-4424-4082-bf86-dd5093bca69f;5e2cbbd4-4752-4c8f-9a2c-ec029cea2984;832AAAAAAAAAAAAAAAAAAAAAAAAAAAAAAAAA,,1,2
993530dd-deff-4217-83d0-9576516b5f32,,,Diabetes comorbidities,DI comorbidities,Checkbox list of comorbid conditions recorded during diabetes intake assessment,Question,Coded,117399AAAAAAAAAAAAAAAAAAAAAAAAAAAAAA;7aaf76d6-ae01-4930-870b-387f633173bd;89710602-8f61-4ff3-aa63-6113b3b815d9;115115AAAAAAAAAAAAAAAAAAAAAAAAAAAAAA;139069AAAAAAAAAAAAAAAAAAAAAAAAAAAAAA;145438AAAAAAAAAAAAAAAAAAAAAAAAAAAAAA,,1,2
c9d0e1f2-a3b4-4c5d-6e7f-8a9b0c1d2e3f,,,Family history of diabetes mellitus,Family hx diabetes,Question asking whether the patient has a family history of diabetes mellitus,Question,Coded,1065AAAAAAAAAAAAAAAAAAAAAAAAAAAAAAAA;1066AAAAAAAAAAAAAAAAAAAAAAAAAAAAAAAA,,1,2
d0e1f2a3-b4c5-4d6e-7f8a-9b0c1d2e3f4a,,,Details of family history of diabetes mellitus,Family hx diabetes details,Free text field for documenting details about family history of diabetes mellitus,Question,Text,,,1,1
e1f2a3b4-c5d6-4e7f-8a9b-0c1d2e3f4a5b,,,Diabetes intake past diagnosis group,DI past diagnosis,Grouping concept for the past diagnosis section in the diabetes intake form,Question,N/A,,,1,1
f2a3b4c5-d6e7-4f8a-9b0c-1d2e3f4a5b6c,,,HbA1c past result or notes,HbA1c past notes,Free text field for documenting a past HbA1c test result or related clinical notes,Question,Text,,,1,1
a3b4c5d6-e7f8-4a9b-0c1d-2e3f4a5b6c7d,,,Fasting glucose result or notes,Fasting glucose notes,Free text field for documenting fasting glucose test result or related clinical notes,Question,Text,,,1,1
b4c5d6e7-f8a9-4b0c-1d2e-3f4a5b6c7d8e,,,Lipid panel result or notes,Lipid panel notes,Free text field for documenting lipid panel test result or related clinical notes,Question,Text,,,1,1
d6e7f8a9-b0c1-4d2e-3f4a-5b6c7d8e9f0a,,,None or sedentary exercise,Sedentary,Patient reports no regular exercise or a sedentary lifestyle,Finding,N/A,,,1,1
e7f8a9b0-c1d2-4e3f-4a5b-6c7d8e9f0a1b,,,Standing at work as physical activity,Standing at work,Patient's primary physical activity is prolonged standing at work,Finding,N/A,,,1,1
f8a9b0c1-d2e3-4f4a-5b6c-7d8e9f0a1b2c,,,Labor work as physical activity,Labor work,Patient's primary physical activity involves physical labor or manual work,Finding,N/A,,,1,1
a9b0c1d2-e3f4-4a5b-6c7d-8e9f0a1b2c3d,,,Cardio exercise as physical activity,Cardio exercise,Patient engages in regular cardio exercise as their primary physical activity,Finding,N/A,,,1,1
c5d6e7f8-a9b0-4c1d-2e3f-4a5b6c7d8e9f,,,Exercise or physical activity level,Exercise level,Question asking about the patient's level of regular exercise or physical activity,Question,Coded,d6e7f8a9-b0c1-4d2e-3f4a-5b6c7d8e9f0a;e7f8a9b0-c1d2-4e3f-4a5b-6c7d8e9f0a1b;f8a9b0c1-d2e3-4f4a-5b6c-7d8e9f0a1b2c;a9b0c1d2-e3f4-4a5b-6c7d-8e9f0a1b2c3d,,1,2
b0c1d2e3-f4a5-4b6c-7d8e-9f0a1b2c3d4e,,,Diabetes intake exposures group,DI exposures,Grouping concept for the exposures section in the diabetes intake form,Question,N/A,,,1,1
d2e3f4a5-b6c7-4d8e-9f0a-1b2c3d4e5f6a,,,Details of alcohol abuse,Alcohol abuse details,Free text field for documenting details about the patient's alcohol abuse history,Question,Text,,,1,1
e3f4a5b6-c7d8-4e9f-0a1b-2c3d4e5f6a7b,,,Current home medications for diabetes,DI home medications,Checkbox list of current home medications used for diabetes management,Question,Coded,79651AAAAAAAAAAAAAAAAAAAAAAAAAAAAAAA;77032AAAAAAAAAAAAAAAAAAAAAAAAAAAAAAA;104904AAAAAAAAAAAAAAAAAAAAAAAAAAAAAA,,1,2
1b2c3d4e-5f60-789a-b1c2-3d4e5f60789a,,,Birth condition risky,,Birth condition classified as risky,Finding,N/A,,,1,1
2c3d4e5f-6071-89ab-c2d3-4e5f607189ab,,,Birth condition very risky,,Birth condition classified as very risky,Finding,N/A,,,1,1
0a1b2c3d-4e5f-6789-a0b1-2c3d4e5f6789,,,Birth condition,,"Question asking for the newborn's birth condition categorized as normal, risky, or very risky",Question,Coded,1115AAAAAAAAAAAAAAAAAAAAAAAAAAAAAAAA;1b2c3d4e-5f60-789a-b1c2-3d4e5f60789a;2c3d4e5f-6071-89ab-c2d3-4e5f607189ab,,1,2
4e5f6071-8293-abcd-e4f5-60718293abcd,,,Only breastfeeding till date,Only BF till date,Date when exclusive or only breast feeding stopped or is planned to stop,Question,Date,,,1,1
5f607182-93a4-bcde-f506-718293a4bcde,,,Breastfeeding and light food,BF and light food,Question asking whether the child is receiving both breast feeding and light foods,Question,Coded,1065AAAAAAAAAAAAAAAAAAAAAAAAAAAAAAAA;1066AAAAAAAAAAAAAAAAAAAAAAAAAAAAAAAA,,1,2
6f708192-a3b5-cdef-0617-8293a4b5cdef,,,Breastfeeding and light food start date,BF and light food start date,Date when combined breast feeding and light food was started,Question,Date,,,1,1
708192a3-b5c6-def0-1728-93a4b5c6def0,,,Bal Vita given,,Total number of Bal Vita doses or sachets given to the child,Question,Numeric,,,1,1
8192a3b4-c6d7-ef01-2839-a4b5c6d7ef01,,,Bal Vita provided by FCHV,Bal Vita by FCHV,Question asking whether Bal Vita supplementation was provided by FCHV,Question,Coded,1065AAAAAAAAAAAAAAAAAAAAAAAAAAAAAAAA;1066AAAAAAAAAAAAAAAAAAAAAAAAAAAAAAAA,,1,2
90ab12cd-34ef-45a6-89b0-c1d2e3f45670,,,Hypertension intake diagnosis details group,HTN diagnosis details,Grouping concept for the diagnosis details section in the hypertension intake form,Question,N/A,,,1,1
01bc23de-45f6-47a8-9abc-d1e2f3a45671,,,Last hypertension visit date,Last HTN visit date,Date when the last hypertension follow-up visit occurred,Question,Date,,,1,1
12cd34ef-56a7-48b9-abcd-e2f3a4b56772,,,Previous hypertension follow-up location,Previous HTN follow-up location,Free text field for documenting the previous location of hypertension follow-up,Question,Text,,,1,1
34ef56a7-78b9-4adc-cdef-04b5c6d78974,,,No previous hypertension diagnosis,No previous HTN diagnosis,Patient has no previous diagnosis of hypertension,Finding,N/A,,,1,1
45f667a8-89bc-4bed-def0-15c6d7e89075,,,Hypertension diagnosis confirmed elsewhere,HTN diagnosis confirmed elsewhere,Hypertension diagnosis confirmed at another facility,Finding,N/A,,,1,1
23de45f6-67a8-49cb-bcde-f3a4b5c67873,,,Hypertension diagnosis status,HTN diagnosis status,Question asking whether the patient has a prior hypertension diagnosis or it was confirmed elsewhere,Question,Coded,34ef56a7-78b9-4adc-cdef-04b5c6d78974;45f667a8-89bc-4bed-def0-15c6d7e89075,,1,2
56f778a9-9bcd-4cfe-ef01-26d7e8f90176,,,Hypertension diagnosis confirmation date,HTN diagnosis confirmation date,Date when hypertension diagnosis was confirmed,Question,Date,,,1,1
78f99abc-bcde-4e10-0013-48f9a0b12378,,,Hypertensive emergency or cardiac hospitalization yes,HTN emergency or cardiac hospitalization yes,Hypertensive emergency or cardiac hospitalization occurred in last 12 months,Finding,N/A,,,1,1
89f00bcd-cdef-4f21-1124-59a0b1c23479,,,Hypertensive emergency or cardiac hospitalization no,HTN emergency or cardiac hospitalization no,Hypertensive emergency or cardiac hospitalization did not occur in last 12 months,Finding,N/A,,,1,1
67f889ba-abcd-4d0f-f012-37e8f9a01277,,,Hypertensive emergency or cardiac hospitalization in last 12 months,HTN emergency or cardiac hospitalization 12 months,Question asking whether hypertensive emergency or cardiac hospitalization occurred in the last 12 months,Question,Coded,78f99abc-bcde-4e10-0013-48f9a0b12378;89f00bcd-cdef-4f21-1124-59a0b1c23479,,1,2
ab012def-ef01-4143-3346-7b1c2de45681,,,Hypertension as cause of emergency or hospitalization,Hypertension cause of emergency/hospitalization,Hypertension as primary cause for emergency or cardiac hospitalization,Finding,N/A,,,1,1
bc123f01-f012-4254-4457-8c2d3ef56782,,,Congestive heart failure as cause of emergency or hospitalization,CHF cause of emergency/hospitalization,Congestive heart failure as primary cause for emergency or cardiac hospitalization,Finding,N/A,,,1,1
cd234012-0013-4365-5568-9d3e4f067883,,,Myocardial infarction as cause of emergency or hospitalization,MI cause of emergency/hospitalization,Myocardial infarction as primary cause for emergency or cardiac hospitalization,Finding,N/A,,,1,1
de345123-1124-4476-6679-ae4f50178984,,,Chest pain as cause of emergency or hospitalization,Chest pain cause of emergency/hospitalization,Chest pain as primary reason for emergency or cardiac hospitalization,Finding,N/A,,,1,1
9af01cde-def0-4032-2235-6a0b1cd34580,,,Hypertensive emergency or cardiac hospitalization cause,HTN emergency or cardiac hospitalization cause,Checkbox list of causes for hypertensive emergency or cardiac hospitalization,Question,Coded,ab012def-ef01-4143-3346-7b1c2de45681;bc123f01-f012-4254-4457-8c2d3ef56782;cd234012-0013-4365-5568-9d3e4f067883;de345123-1124-4476-6679-ae4f50178984,,1,2
ef456234-2235-4587-778a-bf5061289a85,,,Hypertension intake past diagnostics group,HTN past diagnostics,Grouping concept for the past diagnostics section in the hypertension intake form,Question,N/A,,,1,1
f0673456-3346-4698-889b-c0617239ab86,,,Hypertension EKG result or notes,HTN EKG notes,Free text field for documenting prior EKG results or related notes for hypertension,Question,Text,,,1,1
01684567-4457-47a9-99ac-d172834abc87,,,Hypertension echocardiogram result or notes,HTN echo notes,Free text field for documenting prior echocardiogram results or related notes for hypertension,Question,Text,,,1,1
12795678-5568-48ba-aabd-e283945bcd88,,,Hypertension lipid diagnostics result or notes,HTN lipid notes,Free text field for documenting prior lipid diagnostics results or related notes for hypertension,Question,Text,,,1,1
238a6789-6679-49cb-bbce-f394a56cde89,,,Hypertension intake etiology group,HTN etiology group,Grouping concept for the etiology section in the hypertension intake form,Question,N/A,,,1,1
349b789a-778a-4adc-ccdf-0495b67def90,,,Primary or essential hypertension notes,Primary/essential HTN notes,Free text field for documenting primary or essential hypertension related etiology notes,Question,Text,,,1,1
56bd9abc-99ac-4cfe-ee01-26b7d89f0092,,,Primary renal disease as cause of secondary hypertension,Primary renal disease cause of secondary HTN,Primary renal disease documented as a secondary cause of hypertension,Finding,N/A,,,1,1
67ce0bcd-aabd-4d0f-ff12-37c8e90a1193,,,Obstructive sleep apnea as cause of secondary hypertension,OSA cause of secondary HTN,Obstructive sleep apnea documented as a secondary cause of hypertension,Finding,N/A,,,1,1
78df1cde-bbce-4e10-0013-48d9011b2294,,,Oral contraceptive pills as cause of secondary hypertension,OCP cause of secondary HTN,Oral contraceptive pill use documented as a secondary cause of hypertension,Finding,N/A,,,1,1
89e02def-ccdf-4f21-1124-59ea122c3395,,,Drug induced cause of secondary hypertension,Drug induced cause of secondary HTN,Drug induced factors documented as a secondary cause of hypertension,Finding,N/A,,,1,1
9af130f0-ddf0-4032-2235-6afb233d4496,,,Pain due to other illness as cause of secondary hypertension,Pain due to other illness cause of secondary HTN,Pain due to other illness documented as a secondary cause of hypertension,Finding,N/A,,,1,1
ab024101-eef1-4143-3346-7b0c344e5597,,,Endocrine hypothyroidism as cause of secondary hypertension,Endocrine hypothyroidism cause of secondary HTN,Endocrine hypothyroidism documented as a secondary cause of hypertension,Finding,N/A,,,1,1
bc135212-ff02-4254-4457-8c1d455f6698,,,Hyperthyroidism as cause of secondary hypertension,Hyperthyroidism cause of secondary HTN,Hyperthyroidism documented as a secondary cause of hypertension,Finding,N/A,,,1,1
cd246323-0013-4365-5568-9d2e56607799,,,Hyperparathyroidism as cause of secondary hypertension,Hyperparathyroidism cause of secondary HTN,Hyperparathyroidism documented as a secondary cause of hypertension,Finding,N/A,,,1,1
de357434-1124-4476-6679-ae3f67718800,,,Coarctation of aorta as cause of secondary hypertension,Coarctation of aorta cause of secondary HTN,Coarctation of the aorta documented as a secondary cause of hypertension,Finding,N/A,,,1,1
ef468545-2235-4587-778a-bf4088569901,,,Renovascular disease as cause of secondary hypertension,Renovascular disease cause of secondary HTN,Renovascular disease documented as a secondary cause of hypertension,Finding,N/A,,,1,1
45ac89ab-889b-4bed-ddef-15a6c78ef091,,,Secondary hypertension etiologies,Secondary HTN etiologies,Checkbox list of secondary causes of hypertension,Question,Coded,56bd9abc-99ac-4cfe-ee01-26b7d89f0092;67ce0bcd-aabd-4d0f-ff12-37c8e90a1193;78df1cde-bbce-4e10-0013-48d9011b2294;89e02def-ccdf-4f21-1124-59ea122c3395;9af130f0-ddf0-4032-2235-6afb233d4496;ab024101-eef1-4143-3346-7b0c344e5597;bc135212-ff02-4254-4457-8c1d455f6698;cd246323-0013-4365-5568-9d2e56607799;de357434-1124-4476-6679-ae3f67718800;ef468545-2235-4587-778a-bf4088569901,,1,2
f0576567-3346-4698-889b-c0607679aa02,,,Hypertension intake exposures group,HTN exposures group,Grouping concept for the exposures section in the hypertension intake form,Question,N/A,,,1,1
1279899a-5568-48ba-aabd-e282989bcc04,,,Smoked packs per day for hypertension,HTN packs per day,Numeric field for documenting number of cigarette packs smoked per day in the context of hypertension,Question,Numeric,,,1,1
349babbc-778a-4adc-ccdf-0484b9bdee06,,,Hypertension alcohol abuse,HTN alcohol abuse,Question asking about alcohol abuse in the context of hypertension,Question,Coded,1065AAAAAAAAAAAAAAAAAAAAAAAAAAAAAAAA;1066AAAAAAAAAAAAAAAAAAAAAAAAAAAAAAAA,,1,2
45acbccd-889b-4bed-ddef-1595caceef07,,,Hypertension alcohol abuse details,HTN alcohol abuse details,Free text field for documenting details about alcohol abuse in the context of hypertension,Question,Text,,,1,1
d0b1c2d3-4e5f-6789-8abc-def012345679,,,Pronounced death date and time,Pronounced death DateTime,Date and time when death was formally pronounced by a provider,Question,Datetime,,,1,1
d0b1c2d3-4e5f-6789-8abc-def01234567b,,,Maternal death antepartum,,Maternal death that occurred during the antepartum period before onset of labor,Finding,N/A,,,1,1
d0b1c2d3-4e5f-6789-8abc-def01234567c,,,Maternal death intrapartum,,Maternal death that occurred during labor and delivery (intrapartum period),Finding,N/A,,,1,1
d0b1c2d3-4e5f-6789-8abc-def01234567d,,,Maternal death postpartum,,Maternal death that occurred in the postpartum period after delivery,Finding,N/A,,,1,1
d0b1c2d3-4e5f-6789-8abc-def01234567a,,,Maternal death occurred at,,Timing of maternal death relative to pregnancy and delivery,Question,Coded,d0b1c2d3-4e5f-6789-8abc-def01234567b;d0b1c2d3-4e5f-6789-8abc-def01234567c;d0b1c2d3-4e5f-6789-8abc-def01234567d;1178AAAAAAAAAAAAAAAAAAAAAAAAAAAAAAAA;1179AAAAAAAAAAAAAAAAAAAAAAAAAAAAAAAA;1180AAAAAAAAAAAAAAAAAAAAAAAAAAAAAAAA,,1,2
d0b1c2d3-4e5f-6789-8abc-def01234567e,,,Death occurred post operative,Death post operative,Whether the death occurred in the postoperative period after a surgical procedure,Question,Coded,1065AAAAAAAAAAAAAAAAAAAAAAAAAAAAAAAA;1066AAAAAAAAAAAAAAAAAAAAAAAAAAAAAAAA,,1,2
d0b1c2d3-4e5f-6789-8abc-def01234567f,,,Surgery while hospitalized,,Whether the patient had surgery during the current hospital admission,Question,Coded,1065AAAAAAAAAAAAAAAAAAAAAAAAAAAAAAAA;1066AAAAAAAAAAAAAAAAAAAAAAAAAAAAAAAA,,1,2
d0b1c2d3-4e5f-6789-8abc-def012345680,,,Brief account of hospital course,Hospital course notes,Free text narrative of the patient’s hospital course prior to death,Question,Text,,,1,1
d0b1c2d3-4e5f-6789-8abc-def012345682,,,Police case,,Death case categorized as a police case,Finding,N/A,,,1,1
d0b1c2d3-4e5f-6789-8abc-def012345683,,,Medico legal case,,Death case categorized as a medico-legal case,Finding,N/A,,,1,1
d0b1c2d3-4e5f-6789-8abc-def012345681,,,Medico legal or police case,Medico legal / Police case,Whether the case is categorized as medico-legal or police case,Question,Coded,d0b1c2d3-4e5f-6789-8abc-def012345682;d0b1c2d3-4e5f-6789-8abc-def012345683,,1,2
d0b1c2d3-4e5f-6789-8abc-def012345684,,,Family aware of death,,Whether the family or next-of-kin have been informed about the death,Question,Coded,1065AAAAAAAAAAAAAAAAAAAAAAAAAAAAAAAA;1066AAAAAAAAAAAAAAAAAAAAAAAAAAAAAAAA,,1,2
d0b1c2d3-4e5f-6789-8abc-def012345685,,,MDGP notified details,MDGP notified at,Details of when and how the MDGP was notified about the death,Question,Text,,,1,1
d0b1c2d3-4e5f-6789-8abc-def012345686,,,Provider who pronounced death,Provider pronounced death,Name of the provider who formally pronounced the death,Question,Text,,,1,1
d0b1c2d3-4e5f-6789-8abc-def012345687,,,Brought dead status,Brought dead,Whether the patient was brought in already dead on arrival,Question,Coded,1065AAAAAAAAAAAAAAAAAAAAAAAAAAAAAAAA;1066AAAAAAAAAAAAAAAAAAAAAAAAAAAAAAAA,,1,2
f1a2b3c4-d5e6-47f8-89a0-b1c2d3e4f502,,,Normal nutritional status,Normal nutrition,Child has normal nutritional status based on IMAM assessment,Finding,N/A,,,1,1
f1a2b3c4-d5e6-47f8-89a0-b1c2d3e4f503,,,Moderate acute malnutrition (MAM),MAM,Child meets criteria for moderate acute malnutrition (MAM) in IMAM program,Finding,N/A,,,1,1
f1a2b3c4-d5e6-47f8-89a0-b1c2d3e4f504,,,Severe acute malnutrition (SAM),SAM,Child meets criteria for severe acute malnutrition (SAM) in IMAM program,Finding,N/A,,,1,1
e1a2b3c4-d5e6-47f8-89a0-b1c2d3e4f501,,,IMAM nutritional status indicator,IMAM indicator,Overall nutritional status classification in the IMAM program,Question,Coded,f1a2b3c4-d5e6-47f8-89a0-b1c2d3e4f502;f1a2b3c4-d5e6-47f8-89a0-b1c2d3e4f503;f1a2b3c4-d5e6-47f8-89a0-b1c2d3e4f504,,1,2
f2a3b4c5-d6e7-48f9-9ab1-c2d3e4f5a507,,,Stabilization center for SAM,SC SAM,Child admitted to stabilization center for severe acute malnutrition,Finding,N/A,,,1,1
f2a3b4c5-d6e7-48f9-9ab1-c2d3e4f5a508,,,Outpatient therapeutic program,OTP,Child admitted to outpatient therapeutic program for acute malnutrition,Finding,N/A,,,1,1
e2a3b4c5-d6e7-48f9-9ab1-c2d3e4f5a506,,,IMAM admitted to service,Admitted to,Service or program to which the child is admitted for IMAM care,Question,Coded,f2a3b4c5-d6e7-48f9-9ab1-c2d3e4f5a507;f2a3b4c5-d6e7-48f9-9ab1-c2d3e4f5a508,,1,2
f3a4b5c6-d7e8-490a-ab12-c3d4e5f6b512,,,Re-admission to IMAM,Re-admission,Child readmitted into the IMAM program after previous discharge,Finding,N/A,,,1,1
f3a4b5c6-d7e8-490a-ab12-c3d4e5f6b513,,,Transfer in to IMAM,Transfer in,Child transferred in from another IMAM site or facility,Finding,N/A,,,1,1
e3a4b5c6-d7e8-490a-ab12-c3d4e5f6b511,,,IMAM admission type,IMAM admission,Type of admission for the child into the IMAM program,Question,Coded,164180AAAAAAAAAAAAAAAAAAAAAAAAAAAAAA;f3a4b5c6-d7e8-490a-ab12-c3d4e5f6b512;f3a4b5c6-d7e8-490a-ab12-c3d4e5f6b513,,1,2
f4a5b6c7-d8e9-4a0b-bc23-d4e5f6a7c522,,,Not improved nutritional status,Not improved,Child did not achieve adequate improvement in nutritional status at discharge,Finding,N/A,,,1,1
f4a5b6c7-d8e9-4a0b-bc23-d4e5f6a7c523,,,Referred to hospital for IMAM,Referred to hospital,Child referred from IMAM program to hospital for further management,Finding,N/A,,,1,1
e4a5b6c7-d8e9-4a0b-bc23-d4e5f6a7c521,,,IMAM discharge outcome,IMAM discharge,Outcome status at discharge from the IMAM program,Question,Coded,160429AAAAAAAAAAAAAAAAAAAAAAAAAAAAAA;160432AAAAAAAAAAAAAAAAAAAAAAAAAAAAAA;159492AAAAAAAAAAAAAAAAAAAAAAAAAAAAAA;164349AAAAAAAAAAAAAAAAAAAAAAAAAAAAAA;f4a5b6c7-d8e9-4a0b-bc23-d4e5f6a7c522;f4a5b6c7-d8e9-4a0b-bc23-d4e5f6a7c523;1067AAAAAAAAAAAAAAAAAAAAAAAAAAAAAAAA,,1,2
d0b1c2d3-4e5f-6789-8abc-def01234568c,,,Other co-morbidities,,Free text documentation of other significant comorbid conditions contributing to death,Question,Text,,,1,1
01687889-4457-47a9-99ac-d171878abb03,,,Hypertension smoking history,HTN smoking history,Question asking about smoking history in the context of hypertension,Question,Coded,1065AAAAAAAAAAAAAAAAAAAAAAAAAAAAAAAA;1066AAAAAAAAAAAAAAAAAAAAAAAAAAAAAAAA,,1,2
9e506172-8394-4a56-ce34-f56789010b05,,,Severe undernutrition in tuberculosis patient,Severe undernutrition,Severe nutritional deficiency identified as a comorbidity in a tuberculosis patient,Finding,N/A,,,1,1
5a1c2d3e-4f50-4612-8a90-b12345670b01,,,Tuberculosis comorbidity,TB comorbidity,List of comorbid conditions relevant for tuberculosis patients,Question,Coded,119481AAAAAAAAAAAAAAAAAAAAAAAAAAAAAA;6b2d3e4f-5061-4723-9b01-c23456780b02;138405AAAAAAAAAAAAAAAAAAAAAAAAAAAAAA;7c3e4f50-6172-4834-ac12-d34567890b03;8d4f5061-7283-4945-bd23-e45678900b04;121375AAAAAAAAAAAAAAAAAAAAAAAAAAAAAA;9e506172-8394-4a56-ce34-f56789010b05;5622AAAAAAAAAAAAAAAAAAAAAAAAAAAAAAAA,,1,2
3e9b1c2d-4f50-4a61-8b90-1c2d3e4f5a67,,,Last known LDL cholesterol result or notes,Last LDL result,Free text field for documenting the last known low-density lipoprotein (LDL) cholesterol test result or related clinical notes,Question,Text,,,1,1
4f0c2d3e-5a61-4b72-9c01-2d3e4f5a6b78,,,Last known LDL cholesterol date,Last LDL date,Date when the last low-density lipoprotein (LDL) cholesterol test was performed,Question,Date,,,1,1
5a1d3e4f-6b72-4c83-ad12-3e4f5a6b7c89,,,Is patient currently on enalapril,On enalapril,Question asking whether the patient is currently taking enalapril as part of their treatment regimen,Question,Coded,1065AAAAAAAAAAAAAAAAAAAAAAAAAAAAAAAA;1066AAAAAAAAAAAAAAAAAAAAAAAAAAAAAAAA,,1,2
6b2e4f5a-7c83-4d94-be23-4f5a6b7c8d9a,,,Ulcers present on feet,Foot ulcers present,Question asking whether the patient currently has ulcers present on one or both feet,Question,Coded,1065AAAAAAAAAAAAAAAAAAAAAAAAAAAAAAAA;1066AAAAAAAAAAAAAAAAAAAAAAAAAAAAAAAA,,1,2
2c9d8e7f-1a2b-4c3d-8e9f-0a1b2c3d4e5f,,,Hypertensive emergency group,Hypertensive emergency,Observation group for hypertensive emergency section (contains hospitalization status and cause),Question,N/A,,,1,1
42cad48d-dc2d-432e-84f0-4295116ce921,,,Source of information (nursing assessment),Source of information,Who provided the information used for this nursing assessment (e.g. patient caregiver chart),Question,Text,,,1,1
7a3326d7-3761-4abd-9eea-938fc3070383,,,Nationality (text),Nationality,Patient nationality or country of origin,Question,Text,,,1,1
e289f808-c7d3-42d8-9344-58df1c106c23,,,Preferred language,Language,Patient preferred language for communication,Question,Text,,,1,1
b37c797c-8b51-4a61-9ab7-cf40792d0bdf,,,Occupation (nursing assessment),Occupation,Patient occupation or primary work,Question,Text,,,1,1
d4bfea7a-80c6-456a-a9d5-22770bf3d8a2,,,Support person name,,Name of the patient support person,Question,Text,,,1,1
3a24f60a-d0f2-468e-9264-6ec551f75671,,,Support person relationship,Relationship,Relationship of the support person to the patient,Question,Text,,,1,1
384184a4-8173-4a84-adf2-5fcb4cc18ff5,,,Support person address,,Address or contact location for the support person,Question,Text,,,1,1
073d8355-eabd-49a1-8264-56fe709eb872,,,Glass (unit),Glass,Quantity recorded in glasses,Finding,N/A,,,1,1
16a03db0-2ffe-4f73-b9e5-53d45ebfc9e5,,,Shot (unit),Shot,Quantity recorded in shots,Finding,N/A,,,1,1
12ce1eb1-b712-4ea8-bf0e-93658dd4d16b,,,Pack (unit),Pack,Quantity recorded in packs,Finding,N/A,,,1,1
0f17f7a3-e8ed-413d-8cf4-9ab7956b3a66,,,Cigarette (unit),Cigarette,Quantity recorded as number of cigarettes,Finding,N/A,,,1,1
c722b0ae-3cd2-4004-afdc-dad76df54bbd,,,Bundle (unit),Bundle,Quantity recorded in bundles,Finding,N/A,,,1,1
66c5c308-8491-45c3-aa35-f15d89378297,,,Other unit (unit),Other unit,Other unit of measurement not listed,Finding,N/A,,,1,1
0fcb687a-84c5-48eb-af5b-deb519530a9b,,,Substance use unit of measurement,Unit/Measurement,Unit of measurement for quantity of a substance used (alcohol khat tobacco or other),Question,Coded,162353AAAAAAAAAAAAAAAAAAAAAAAAAAAAAA;073d8355-eabd-49a1-8264-56fe709eb872;162354AAAAAAAAAAAAAAAAAAAAAAAAAAAAAA;16a03db0-2ffe-4f73-b9e5-53d45ebfc9e5;12ce1eb1-b712-4ea8-bf0e-93658dd4d16b;0f17f7a3-e8ed-413d-8cf4-9ab7956b3a66;161554AAAAAAAAAAAAAAAAAAAAAAAAAAAAAA;c722b0ae-3cd2-4004-afdc-dad76df54bbd;66c5c308-8491-45c3-aa35-f15d89378297,,1,2
2c0a4589-6583-4730-b945-d25fbc6108a0,,,Substance use frequency per day,Frequency,Number of times a substance is used per day,Question,Numeric,,,1,1
9007e635-dc19-4762-9195-020df190876e,,,Effect if not taken,,Patient reported effect or symptoms if the substance is not taken,Question,Text,,,1,1
9a5f0a71-63f0-4b75-b17a-58f9fa43c510,,,Other substance specify,If other specify,Name of other substance used when other is selected,Question,Text,,,1,1
6e130164-16f7-4561-84e5-5fdc59220cdf,,,Health maintenance status,,Notes on health maintenance practices and status,Question,Text,,,1,1
d63ecf01-b70e-4cbf-8e51-237d0988ff37,,,Measures taken for the problem,Measures taken,Measures taken by the patient for the current health problem,Question,Text,,,1,1
513b3922-a4ed-4ccd-99b8-dd0475ab6ece,,,Medication name,Medication,Medication name as documented in chart review,Question,Text,,,1,1
dfe0c863-4c11-4a34-87da-cb3dc3481ab8,,,Medication dose,Dose,Dose or strength of the medication (free text including units),Question,Text,,,1,1
6f56af83-c15a-4b92-9a8e-848275ae8294,,,Rectal,PR,Rectal administration,Finding,N/A,,,1,1
7e09eb81-099f-4ce1-8125-14105d031c28,,,Topical,,Topical administration,Finding,N/A,,,1,1
d8a42fcc-ac60-4226-b2c8-d821c3b14a15,,,Ophthalmic,,Eye administration,Finding,N/A,,,1,1
b30d4133-af56-422b-a241-e861dd89fb34,,,Otic,,Ear administration,Finding,N/A,,,1,1
c4ee92c2-dfc7-4118-8f9a-b454b8b8f29e,,,Nasal (route),Nasal,Nasal administration,Finding,N/A,,,1,1
25517b0e-7130-4027-ab4d-a69f322d078a,,,Other route,,Other route of administration not listed,Finding,N/A,,,1,1
a633ff48-794a-4873-a01e-ebcd54fb350d,,,Medication route,Route,Route of administration for the medication,Question,Coded,160240AAAAAAAAAAAAAAAAAAAAAAAAAAAAAA;160242AAAAAAAAAAAAAAAAAAAAAAAAAAAAAA;160243AAAAAAAAAAAAAAAAAAAAAAAAAAAAAA;160245AAAAAAAAAAAAAAAAAAAAAAAAAAAAAA;165519AAAAAAAAAAAAAAAAAAAAAAAAAAAAAA;6f56af83-c15a-4b92-9a8e-848275ae8294;7e09eb81-099f-4ce1-8125-14105d031c28;160241AAAAAAAAAAAAAAAAAAAAAAAAAAAAAA;d8a42fcc-ac60-4226-b2c8-d821c3b14a15;b30d4133-af56-422b-a241-e861dd89fb34;c4ee92c2-dfc7-4118-8f9a-b454b8b8f29e;25517b0e-7130-4027-ab4d-a69f322d078a,,1,2
02a10665-9425-497e-910c-28013be2e818,,,Patient knowledge about medications,Patient knowledge,Patient knowledge or understanding about current medications,Question,Text,,,1,1
a1bdff4f-70e4-4d50-a2ca-a27576acbf17,,,Good compliance,Good,Good adherence/compliance,Finding,N/A,,,1,1
fc2f80d7-4c8c-48ee-b89f-fa8e459ae463,,,Fair compliance,Fair,Fair or partial adherence/compliance,Finding,N/A,,,1,1
f6bc1fcb-bb92-4f83-bca0-cfba0d942342,,,Poor compliance,Poor,Poor adherence/compliance,Finding,N/A,,,1,1
06740e57-7120-40c1-ac82-b544214e3512,,,Compliance with treatment,Compliance,Patient reported compliance with treatment plan,Question,Coded,a1bdff4f-70e4-4d50-a2ca-a27576acbf17;fc2f80d7-4c8c-48ee-b89f-fa8e459ae463;f6bc1fcb-bb92-4f83-bca0-cfba0d942342,,1,2
b298e000-fe67-412f-9cea-a2cef483504b,,,Allergy medication,Medication allergy,Medication the patient is allergic to (free text),Question,Text,,,1,1
86220c13-dcfc-448b-aab5-7bc595ca2ef3,,,Allergy food,Food allergy,Food item the patient is allergic to (free text),Question,Text,,,1,1
88f793f8-e96f-4583-8e45-fee6516a2a91,,,Other allergy specify,,Other allergy not listed (free text),Question,Text,,,1,1
193c945c-d5cc-4399-bd22-7571f6aeae9c,,,Appearance,,Appearance assessment observation (free text),Question,Text,,,1,1
12ecfcc4-fa77-4599-b689-e4bd3212b12c,,,Grooming,,Grooming assessment observation (free text),Question,Text,,,1,1
e77e784d-fe3f-41f0-84fd-a65c021b1035,,,Normal pulse quality,Normal,Normal pulse quality,Finding,N/A,,,1,1
9d630df2-9322-4db1-8df0-6ff02e337a81,,,Weak pulse quality,Weak,Weak pulse quality,Finding,N/A,,,1,1
61849045-4254-47ab-bd27-3fa133883a44,,,Bounding pulse quality,Bounding,Bounding pulse quality,Finding,N/A,,,1,1
290683c7-3705-4605-8461-617ae30ac92b,,,Thready pulse quality,Thready,Thready pulse quality,Finding,N/A,,,1,1
be25439b-181d-4ca8-8dc9-dc80a9a85932,,,Other pulse quality,Other,Other pulse quality not listed,Finding,N/A,,,1,1
4d9a7e03-48d1-4279-bdcc-fb8cf7ce0bb9,,,Pulse quality,,Clinical assessment of pulse quality,Question,Coded,e77e784d-fe3f-41f0-84fd-a65c021b1035;9d630df2-9322-4db1-8df0-6ff02e337a81;61849045-4254-47ab-bd27-3fa133883a44;290683c7-3705-4605-8461-617ae30ac92b;be25439b-181d-4ca8-8dc9-dc80a9a85932,,1,2
1fc4ebb8-5935-40ad-807e-650f4fd9fc63,,,Safe abortion listed number,Listed number,Listed number identifier for safe abortion service,Question,Text,,,1,1
7ea41be1-d153-4182-ac7b-34a32dfce529,,,Weeks of current gestation by examination,Gestation weeks (exam),Gestational age in weeks estimated by examination,Question,Numeric,,,1,1
d6cd423b-e6b3-4296-9f0b-ebb43428f3e2,,,Electric Vacuum Aspiration,,Electric vacuum aspiration abortion procedure,Finding,N/A,,,1,1
36b907bb-680f-492a-8eee-dc67eb341c1b,,,Dilation and Evacuation,,Dilation and evacuation abortion procedure,Finding,N/A,,,1,1
e03a6b8d-c209-4570-a663-7398243fb646,,,Medical Abortion,,Medical abortion procedure,Finding,N/A,,,1,1
f1965652-0d3e-48ba-9b61-6f458ff5db4d,,,Medical Induction,,Medical induction abortion procedure,Finding,N/A,,,1,1
fdf9bde9-3564-4a5b-99e8-495e36839229,,,Other abortion procedures,,Other abortion procedure not listed,Finding,N/A,,,1,1
8ecea94d-8884-4e76-bc1c-866686acf6d8,,,Abortion procedure,,Type of abortion procedure performed,Question,Coded,159728AAAAAAAAAAAAAAAAAAAAAAAAAAAAAA;d6cd423b-e6b3-4296-9f0b-ebb43428f3e2;36b907bb-680f-492a-8eee-dc67eb341c1b;e03a6b8d-c209-4570-a663-7398243fb646;f1965652-0d3e-48ba-9b61-6f458ff5db4d;fdf9bde9-3564-4a5b-99e8-495e36839229,,1,2
d082046e-91c2-4da2-bf8e-de0d65de8c5b,,,Pain management given,,Whether pain management was given during the procedure,Question,Coded,1065AAAAAAAAAAAAAAAAAAAAAAAAAAAAAAAA;1066AAAAAAAAAAAAAAAAAAAAAAAAAAAAAAAA,,1,2
67c00dc0-fd8e-4db0-bc72-7ceebe59d3ce,,,Leaving Against Medical Advice,Leaving AMA,Client left against medical advice,Finding,N/A,,,1,1
1880f095-b88c-4b90-ae1e-3d78023d7cfe,,,Outcome of CAC/PAC,,Outcome of comprehensive/ post abortion care encounter,Question,Coded,160429AAAAAAAAAAAAAAAAAAAAAAAAAAAAAA;67c00dc0-fd8e-4db0-bc72-7ceebe59d3ce;c4bcc00d-14b3-56c3-b572-3f2f631216a7;160432AAAAAAAAAAAAAAAAAAAAAAAAAAAAAA,,1,2
8f75cda1-0b6e-4795-8a17-f05c0a26e3a1,,,Rales present,Rales,Question asking whether rales are present on auscultation,Question,Coded,1065AAAAAAAAAAAAAAAAAAAAAAAAAAAAAAAA;1066AAAAAAAAAAAAAAAAAAAAAAAAAAAAAAAA,,1,2
4e138c89-fafb-4646-b4b0-42c1665c5383,,,Turgor skin pinch assessment group,Turgor/skin pinch group,Observation group container for turgor and skin pinch dehydration assessment fields,Question,N/A,,,1,1
c114b0d8-14a0-4e2d-9684-ca287e97c34f,,,S3 gallop present,S3 gallop,Question asking whether S3 gallop heart sound is present,Question,Coded,1065AAAAAAAAAAAAAAAAAAAAAAAAAAAAAAAA;1066AAAAAAAAAAAAAAAAAAAAAAAAAAAAAAAA,,1,2
421719a0-eef5-4181-b55d-fff16d845314,,,Date of admission,Admission date,Date when the child was admitted to the facility,Question,Date,,,1,1
caebce7c-201f-48d9-916e-2ff5cc1e4e86,,,Family marital status,Marital status,Marital status of the child's family or guardian,Question,Text,,,1,1
f7b729db-5e2b-4561-88f4-74c80d831c17,,,Family occupation,,Occupation or primary work of the child's family or guardian,Question,Text,,,1,1
de3bd045-b553-40d8-a964-8dcb4aeff260,,,Dietary history,,Narrative dietary history provided by caregiver,Question,Text,,,1,1
aae2be11-0e07-497d-8e7c-a5b74fbd7cb0,,,Mid-upper arm circumference measurement,MUAC,Mid-upper arm circumference measurement in centimeters,Question,Numeric,,,1,1
04e858be-7bd2-4180-80fd-47d2fc8a0027,,,Weight for length/height (WFL/H),WFL/H,Weight for length or height assessment value for malnutrition evaluation,Question,Text,,,1,1
6f76bbf3-9880-4571-a9b9-7efb3d345be0,,,Z-score,,Length or weight Z-score value from growth assessment,Question,Text,,,1,1
b9ded8cc-9afa-4026-abe4-7c1cb4c32d91,,,Presence of dermatosis,Dermatosis present,Whether dermatosis is present in the child,Question,Boolean,,,1,1
d0900cb0-e5b3-4f3a-84ec-77688f6603ac,,,Presence of eye malnutrition signs,Eye malnutrition signs,Whether eye malnutrition signs are present in the child,Question,Boolean,,,1,1
f26480c3-99fd-4ace-9caa-7e5affe75ca1,,,Nutritional diagnosis,,Nutritional diagnosis for the child,Question,Text,,,1,1
2fe89e0f-da97-4ff6-804a-fdfe1e71df3a,,,Nutritional intervention,,Nutritional intervention plan for the child,Question,Text,,,1,1
90ca0ec4-a4e8-4160-aacd-1cbeb34ce061,,,Nutritional counseling,,Nutritional counseling provided to caregiver,Question,Text,,,1,1
dbf2f9f4-ad01-452c-a20e-79025cb5e3c6,,,Monitoring and evaluation,,Planned monitoring and evaluation for the nutritional plan,Question,Text,,,1,1
bd40c021-7492-4fd9-a2f7-5a0f4c10334e,,,Nutritionist name,,Name of the nutritionist or clinician filling the form,Question,Text,,,1,1
91e6b94f-6e9d-49aa-966b-a5c65d94e77b,,,Nutritionist signature,,Signature or authorization from the nutritionist or clinician,Question,Text,,,1,1
f2a3b4c5-d6e7-4f80-9012-345678900002,,,Lab investigation done and result,Lab investigation,Laboratory investigations performed and their results in neonatal examination,Question,Text,,,1,1
965e2aa0-8cd0-44ec-b026-61a9c02cfd19,,,Neonatal muscle tone notes,Muscle tone,Documentation of muscle tone on neonatal physical examination,Question,Text,,,1,1
a30ecfeb-132d-4712-800b-e869d58fe2b8,,,Neonatal treatment given,Treatment given,Treatment or medications given during neonatal physical examination encounter,Question,Text,,,1,1
7f4a2b91-3c5e-4d68-9a01-2b3c4d5e6f70,,,Presence of leakage of amniotic fluid,Leakage amniotic fluid,Whether leakage of amniotic fluid is present or absent (e.g. in PROM follow-up),Question,Coded,1065AAAAAAAAAAAAAAAAAAAAAAAAAAAAAAAA;1066AAAAAAAAAAAAAAAAAAAAAAAAAAAAAAAA,,1,2
8a5b3c92-4d6e-4e79-0b12-3c4d5e6f7081,,,White blood cell description,WBC description,Free text description or notes regarding white blood cell count or findings,Question,Text,,,1,1
8a3b9e2c-5f4a-4d8e-9b3c-7c2f0ae4d681,,,Stable post-procedure,Stable,Patient is stable following surgical or clinical procedure,Finding,N/A,,,1,1
9b4caf3d-6a5b-4e9f-ac4d-8d3a1bf5e792,,,Extubated operative condition,Extubated operative,Patient has been extubated and is in operative condition,Finding,N/A,,,1,1
ac5db14e-7b6c-4faf-bd5e-9e4b2c06f813,,,Transferred to recovery room,Recovery room transfer,Patient has been transferred to the recovery room post-procedure,Finding,N/A,,,1,1
bd6ec25f-8c7d-50b0-ce6f-af5c3d17a924,,,Death on operating table,Death on OT,Patient death occurred on the operating table during procedure,Finding,N/A,,,1,1
7fc2a8d1-4e3b-4c9f-8a2d-6b1e9f3c5d70,,,Patient condition post-procedure,Patient condition,Question asking about patient condition following a surgical or clinical procedure,Question,Coded,8a3b9e2c-5f4a-4d8e-9b3c-7c2f0ae4d681;9b4caf3d-6a5b-4e9f-ac4d-8d3a1bf5e792;ac5db14e-7b6c-4faf-bd5e-9e4b2c06f813;bd6ec25f-8c7d-50b0-ce6f-af5c3d17a924,,1,2
ce7fd360-9d8e-61c1-df70-b06d4e28ba35,,,Expected outcomes notes,Expected outcomes,Free text field for documenting expected outcomes in nursing care plan,Question,Text,,,1,1
df8ae471-ae9f-72d2-e081-c17e5f39cb46,,,Nursing interventions notes,Nursing interventions,Free text field for documenting nursing interventions in care plan,Question,Text,,,1,1
b2c3d4e5-f6a7-4890-b123-456789012345,,,Bleeding requiring more than one pint of blood,Bleeding >1 pint,Bleeding requiring more than one pint of blood as referral diagnosis,Finding,N/A,,,1,1
c3d4e5f6-a7b8-4901-c234-567890123456,,,Bleeding requiring blood transfusion,Bleeding transfusion,Bleeding requiring blood transfusion as referral diagnosis,Finding,N/A,,,1,1
d4e5f6a7-b8c9-4012-d345-678901234567,,,Incomplete abortion requiring intervention,Incomplete abortion,Incomplete abortion requiring intervention as referral diagnosis,Finding,N/A,,,1,1
e5f6a7b8-c9d0-4123-e456-789012345678,,,Uterine or intra-abdominal injury,Uterine/abdominal injury,Uterine or intra-abdominal injury as referral diagnosis,Finding,N/A,,,1,1
f6a7b8c9-d0e1-4234-f567-890123456789,,,Infection requiring hospitalization,Infection hospitalization,Infection requiring hospitalization as referral diagnosis,Finding,N/A,,,1,1
a1b2c3d4-e5f6-4789-a012-345678901234,,,Referral diagnosis set,Referral diagnosis,Coded set of referral diagnoses for the referral form (bleeding transfusion incomplete abortion uterine injury infection),Question,Coded,b2c3d4e5-f6a7-4890-b123-456789012345;c3d4e5f6-a7b8-4901-c234-567890123456;d4e5f6a7-b8c9-4012-d345-678901234567;e5f6a7b8-c9d0-4123-e456-789012345678;f6a7b8c9-d0e1-4234-f567-890123456789,,1,2
a7b8c9d0-e1f2-4345-a678-901234567890,,,Referred by,,Free text for who or which facility referred the patient to this facility,Question,Text,,,1,1
b8c9d0e1-f2a3-4456-b789-012345678901,,,To be enrolled as new PRE-ART patient,New PRE-ART,Reason for referral: to be enrolled as new PRE-ART patient,Finding,N/A,,,1,1
c9d0e1f2-a3b4-4567-c890-123456789012,,,To be enrolled as transferred in patient,Transferred in,Reason for referral: to be enrolled as transferred in patient,Finding,N/A,,,1,1
d0e1f2a3-b4c5-4678-d901-234567890123,,,To be enrolled as transferred out patient,Transferred out,Reason for referral: to be enrolled as transferred out patient,Finding,N/A,,,1,1
e6897fe9-a1ae-4f1d-bde5-c25d80800c9f,,,Breast cancer chemotherapy follow-up section,Chemotherapy follow-up section,Observation group for breast cancer chemotherapy-related follow-up observations,Question,N/A,,,1,1
decb3fe3-a0a1-4a0c-91bb-62721e141af3,,,Breast cancer surgery follow-up section,Surgery follow-up section,Observation group for breast cancer surgery-related follow-up observations,Question,N/A,,,1,1
5852dfac-e751-4daa-95c8-c6d5429a4ed5,,,Cyclophosphamide doxorubicin fluorouracil chemotherapy regimen,CAF regimen,"Cyclophosphamide, doxorubicin, and fluorouracil (CAF) combination chemotherapy regimen",Finding,N/A,,,1,1
da9510d6-2032-4ae8-98d1-9e3295421e34,,,Neoadjuvant treatment intent,Neoadjuvant intent,Neoadjuvant intent for systemic therapy or radiation before definitive local treatment,Finding,N/A,,,1,1
1ee4a995-607a-48e9-a832-e3ab51ba0b91,,,Chemotherapy regimen treatment intent,Regimen treatment intent,"Whether chemotherapy is intended as palliative, adjuvant, or neoadjuvant therapy",Question,Coded,160849AAAAAAAAAAAAAAAAAAAAAAAAAAAAAA;160848AAAAAAAAAAAAAAAAAAAAAAAAAAAAAA;da9510d6-2032-4ae8-98d1-9e3295421e34,,1,2
82e8b011-973e-4ec7-8555-df40b903c346,,,Breast cancer intake pathology section,Intake pathology group,Observation group for pathology information on breast cancer intake,ConvSet,N/A,,966811f9-44a3-4867-a0c4-38840ffa7726;08915429-8504-4c84-998b-134e14423564,1,1
18f58418-4d9e-4e29-a7b3-f537f4da543d,,,Breast cancer intake imaging studies section,Intake imaging group,Observation group for imaging studies on breast cancer intake,ConvSet,N/A,,443e9af6-e465-4721-afda-13d088b4f715;ca06a5f7-ce57-4e56-91a9-939720e26d63;ea67be0b-fad4-48ed-9ffd-7cf536c13866,1,1
f21e29f2-4e78-4c86-9989-334a6399274f,,,Breast cancer intake confirmed diagnosis section,Intake diagnosis group,Observation group for confirmed diagnosis details on breast cancer intake,ConvSet,N/A,,62904291-c985-4ef7-b384-10bd7e0e5b15,1,1
62904291-c985-4ef7-b384-10bd7e0e5b15,,,Breast cancer intake regional lymph nodes section,Intake lymph nodes group,Observation group for regional lymph node examination on breast cancer intake,ConvSet,N/A,,b4092496-0693-45f5-8aea-6262246363e1;4aa08d7e-20ef-4f54-b68f-733a465cfd3d;9bfe8f9f-46d0-4144-a035-598fa91b912f;ba24f699-2614-4515-90c1-066c7bbfedbe,1,1
99b65b7d-90de-4b91-a952-4e763ed16cb7,,,Breast cancer intake breast examination section,Intake breast exam group,Observation group for breast examination on breast cancer intake,ConvSet,N/A,,3bcdf092-864b-4d5b-b705-e0be613456c8;fe86c821-3b29-44c8-bdd8-2b6e4c2d336f;ec85354a-1dbd-4839-80a3-d9a09138c60e;4cf6d9a6-fd74-4978-b3db-12a50c1124c3,1,1
8cc6c953-df80-4e0f-ba60-46d994b2ff03,,,Breast cancer intake disease stage section,Intake disease stage group,Observation group for disease stage and TNM staging on breast cancer intake,ConvSet,N/A,,a081addf-5a28-4dde-8fc3-01368d2712b8;a1bb1b39-0208-4054-8b79-31a48a207ecd,1,1
a1bb1b39-0208-4054-8b79-31a48a207ecd,,,Breast cancer intake pathologic TNM staging section,Intake TNM group,Observation group for pathologic TNM staging components on breast cancer intake,ConvSet,N/A,,ccf34bdc-7c31-4a45-8c3c-a7e4b4ac7ad8;51a7926f-a0c6-4d00-8d9a-881b794ddb7a;9a23671e-ef80-437b-b584-45bb1c632f87,1,1
b9f04023-cf57-4bdd-8e0f-f9d3fdafbc1c,,,Breast cancer intake treatment plan section,Intake treatment plan group,Observation group for treatment plan summary and intent on breast cancer intake,ConvSet,N/A,,aefa6c30-155d-4f38-b1e1-1ad281868597;3c4a8da5-9e5d-4d32-a1b2-ca1150c816cf,1,1
8f3df107-debf-441e-af79-c451b3dda166,,,Other invasive carcinoma of breast,Other invasive breast ca,Invasive breast carcinoma subtype not classified as ductal or lobular in pathology,Finding,N/A,,,1,1
bb2dfce3-9cbe-4a5b-9a87-c90f310a7184,,,Regional lymph node palpation none,Regional nodes none,No discrete matted or fixed pattern in regional lymph nodes on palpation,Finding,N/A,,,1,1
2790147c-a22b-45dd-b5ed-7a59abbd0797,,,Breast mass mobile on palpation,Breast mass mobile,Primary breast mass is mobile on clinical palpation,Finding,N/A,,,1,1
5643853e-0e24-4c02-8710-14f59052bbd9,,,Breast mass fixed on palpation,Breast mass fixed,Primary breast mass is fixed or immobile on clinical palpation,Finding,N/A,,,1,1
51d70167-c82e-47f6-93e4-b285bd8cf99d,,,No breast skin involvement,No skin involvement,No ulceration or peau dorange change of overlying breast skin on examination,Finding,N/A,,,1,1
8f59be88-2f49-4c07-9037-89e4a3b63dc9,,,Early breast cancer disease stage group,Early stage group,Early-stage breast cancer for treatment planning (localized operable disease),Finding,N/A,,,1,1
0c35cf71-9ee6-4a22-92ea-e19c002f9ed5,,,Locally advanced breast cancer disease stage group,Locally advanced group,Locally advanced breast cancer for treatment planning,Finding,N/A,,,1,1
6c7dbb78-4961-4932-901e-fdee94d2824a,,,Metastatic breast cancer disease stage group,Metastatic group,Metastatic or stage IV breast cancer for treatment planning,Finding,N/A,,,1,1
7949285a-a0a2-4e1a-a828-fc12c0a6a060,,,Palliation only treatment intent,Palliation only,Intent focused on symptom control without systemic anticancer therapy,Finding,N/A,,,1,1
b1a5ed37-0d8b-4717-a53d-dc9f2e873e9d,,,Palliative systemic therapy intent,Palliative systemic,Intent for systemic therapy in advanced disease without curative goal,Finding,N/A,,,1,1
966811f9-44a3-4867-a0c4-38840ffa7726,,,Breast cancer pathologic diagnosis type,Breast path dx type,Histopathologic diagnosis type for breast cancer from pathology review,Question,Coded,ecc5e4d6-3637-4baa-9f4f-413e7b79df14;8f3df107-debf-441e-af79-c451b3dda166;5622AAAAAAAAAAAAAAAAAAAAAAAAAAAAAAAA;7a8f728d-da6a-4737-bad4-1b812f1320a8,,1,2
08915429-8504-4c84-998b-134e14423564,,,Breast cancer pathology report date,Pathology report date,Date on the pathology report for breast cancer,Question,Date,,,1,1
443e9af6-e465-4721-afda-13d088b4f715,,,Breast cancer imaging assessment and findings,Imaging findings,Narrative summary of imaging assessment and key findings for breast cancer staging,Question,Text,,,1,1
ca06a5f7-ce57-4e56-91a9-939720e26d63,,,Breast cancer imaging study date,Imaging study date,Date of the imaging study used for staging or assessment,Question,Date,,,1,1
ea67be0b-fad4-48ed-9ffd-7cf536c13866,,,Breast cancer staging imaging modality,Imaging modality,Type of imaging study performed for breast cancer staging or restaging,Question,Coded,163038AAAAAAAAAAAAAAAAAAAAAAAAAAAAAA;845AAAAAAAAAAAAAAAAAAAAAAAAAAAAAAAAA;12AAAAAAAAAAAAAAAAAAAAAAAAAAAAAAAAAA;5622AAAAAAAAAAAAAAAAAAAAAAAAAAAAAAAA,,1,2
b4092496-0693-45f5-8aea-6262246363e1,,,Regional lymph node examination laterality,Lymph node side,Left or right side for regional lymph node examination,Question,Coded,5139AAAAAAAAAAAAAAAAAAAAAAAAAAAAAAAA;5141AAAAAAAAAAAAAAAAAAAAAAAAAAAAAAAA,,1,2
4aa08d7e-20ef-4f54-b68f-733a465cfd3d,,,Supraclavicular lymph node palpation finding,Supraclavicular nodes,Palpation characteristics of supraclavicular lymph nodes,Question,Coded,160403AAAAAAAAAAAAAAAAAAAAAAAAAAAAAA;160402AAAAAAAAAAAAAAAAAAAAAAAAAAAAAA;160615AAAAAAAAAAAAAAAAAAAAAAAAAAAAAA;bb2dfce3-9cbe-4a5b-9a87-c90f310a7184,,1,2
9bfe8f9f-46d0-4144-a035-598fa91b912f,,,Infraclavicular lymph node palpation finding,Infraclavicular nodes,Palpation characteristics of infraclavicular lymph nodes,Question,Coded,160403AAAAAAAAAAAAAAAAAAAAAAAAAAAAAA;160402AAAAAAAAAAAAAAAAAAAAAAAAAAAAAA;160615AAAAAAAAAAAAAAAAAAAAAAAAAAAAAA;bb2dfce3-9cbe-4a5b-9a87-c90f310a7184,,1,2
ba24f699-2614-4515-90c1-066c7bbfedbe,,,Axillary lymph node palpation finding,Axillary nodes,Palpation characteristics of axillary lymph nodes,Question,Coded,160403AAAAAAAAAAAAAAAAAAAAAAAAAAAAAA;160402AAAAAAAAAAAAAAAAAAAAAAAAAAAAAA;160615AAAAAAAAAAAAAAAAAAAAAAAAAAAAAA;bb2dfce3-9cbe-4a5b-9a87-c90f310a7184,,1,2
3bcdf092-864b-4d5b-b705-e0be613456c8,,,Breast examination laterality,Breast side,Left or right breast for focal examination findings,Question,Coded,5139AAAAAAAAAAAAAAAAAAAAAAAAAAAAAAAA;5141AAAAAAAAAAAAAAAAAAAAAAAAAAAAAAAA,,1,2
fe86c821-3b29-44c8-bdd8-2b6e4c2d336f,,,Breast mass mobility on examination,Breast mass mobility,Whether the palpable breast mass is mobile or fixed,Question,Coded,2790147c-a22b-45dd-b5ed-7a59abbd0797;5643853e-0e24-4c02-8710-14f59052bbd9,,1,2
ec85354a-1dbd-4839-80a3-d9a09138c60e,,,Breast mass size description,Breast mass size,Clinical description of primary breast mass size or dimensions,Question,Text,,,1,1
4cf6d9a6-fd74-4978-b3db-12a50c1124c3,,,Breast skin involvement on examination,Breast skin involvement,Skin changes overlying the breast on clinical examination,Question,Coded,51d70167-c82e-47f6-93e4-b285bd8cf99d;8533f6c9-5f62-55a0-bdbb-52ca214f43c3;f5e87eb7-e1de-4096-9186-7fa40ad4fe47,,1,2
a081addf-5a28-4dde-8fc3-01368d2712b8,,,Breast cancer disease stage treatment group,Disease stage group,Overall disease stage category guiding treatment approach for breast cancer,Question,Coded,8f59be88-2f49-4c07-9037-89e4a3b63dc9;0c35cf71-9ee6-4a22-92ea-e19c002f9ed5;6c7dbb78-4961-4932-901e-fdee94d2824a,,1,2
ccf34bdc-7c31-4a45-8c3c-a7e4b4ac7ad8,,,Breast cancer pathologic primary tumor stage T,Pathologic T stage,Pathologic TNM primary tumor T category for breast cancer,Question,Coded,160795AAAAAAAAAAAAAAAAAAAAAAAAAAAAAA;160796AAAAAAAAAAAAAAAAAAAAAAAAAAAAAA;160797AAAAAAAAAAAAAAAAAAAAAAAAAAAAAA;160798AAAAAAAAAAAAAAAAAAAAAAAAAAAAAA;160799AAAAAAAAAAAAAAAAAAAAAAAAAAAAAA;160800AAAAAAAAAAAAAAAAAAAAAAAAAAAAAA;160801AAAAAAAAAAAAAAAAAAAAAAAAAAAAAA,,1,2
51a7926f-a0c6-4d00-8d9a-881b794ddb7a,,,Breast cancer pathologic regional lymph node stage N,Pathologic N stage,Pathologic TNM regional lymph node N category for breast cancer,Question,Coded,160803AAAAAAAAAAAAAAAAAAAAAAAAAAAAAA;160804AAAAAAAAAAAAAAAAAAAAAAAAAAAAAA;160805AAAAAAAAAAAAAAAAAAAAAAAAAAAAAA;160806AAAAAAAAAAAAAAAAAAAAAAAAAAAAAA;160807AAAAAAAAAAAAAAAAAAAAAAAAAAAAAA,,1,2
9a23671e-ef80-437b-b584-45bb1c632f87,,,Breast cancer pathologic distant metastasis stage M,Pathologic M stage,Pathologic TNM distant metastasis M category for breast cancer,Question,Coded,160815AAAAAAAAAAAAAAAAAAAAAAAAAAAAAA;160812AAAAAAAAAAAAAAAAAAAAAAAAAAAAAA;160813AAAAAAAAAAAAAAAAAAAAAAAAAAAAAA,,1,2
aefa6c30-155d-4f38-b1e1-1ad281868597,,,Breast cancer treatment plan summary,Treatment plan summary,Narrative summary of planned breast cancer treatment on intake,Question,Text,,,1,1
3c4a8da5-9e5d-4d32-a1b2-ca1150c816cf,,,Breast cancer overall treatment intent,Overall treatment intent,Overall curative versus palliative treatment intent for breast cancer care,Question,Coded,160847AAAAAAAAAAAAAAAAAAAAAAAAAAAAAA;7949285a-a0a2-4e1a-a828-fc12c0a6a060;b1a5ed37-0d8b-4717-a53d-dc9f2e873e9d,,1,2
81186ffc-ec61-4de8-b82f-a23acd2c62d9,,,Illiterate education level,Illiterate,Cannot read or write formal language,Finding,N/A,,,1,1
1e679edb-3d0b-4edf-85b8-58f8d2476978,,,Basic literacy,Read and write,Can read and write,Finding,N/A,,,1,1
44ee0bdb-6a32-4a4d-828f-ca2483addabd,,,Elementary or junior high education,Elementary,Elementary or junior high education level,Finding,N/A,,,1,1
009c273e-1d57-4cb5-9a47-d3abaf32f6fc,,,High school education,High school,High school education level,Finding,N/A,,,1,1
09291ed5-d168-482b-bf68-3d4c2b223dad,,,Tertiary education,Tertiary,College or university education level,Finding,N/A,,,1,1
2fce6210-ce7a-4979-b632-2712f2b7cc3f,,,Educational attainment cervical screening,Education level,Highest educational attainment for cervical cancer screening intake,Question,Coded,81186ffc-ec61-4de8-b82f-a23acd2c62d9;1e679edb-3d0b-4edf-85b8-58f8d2476978;44ee0bdb-6a32-4a4d-828f-ca2483addabd;009c273e-1d57-4cb5-9a47-d3abaf32f6fc;09291ed5-d168-482b-bf68-3d4c2b223dad,,1,2
75267d78-dab0-43ee-bc45-69cdb6eba0da,,,Menstrual pattern Regular menstrual intervals,Regularmenstrualinte,Menstrual cycle regular approximately 23 to 35 days,Finding,N/A,,,1,1
e8141d18-7ace-44c6-8992-5538150923a0,,,Menstrual pattern Irregular menses,Irregularmenses,Irregular menstrual cycle,Finding,N/A,,,1,1
00d42f23-bf21-4f90-a186-72f5eaab3cab,,,Menstrual pattern Menopause,Menopause,Patient in menopause,Finding,N/A,,,1,1
d6aa0bea-237b-420f-9513-7df1dfeb62df,,,Menstrual pattern Postcoital bleeding or spotting,Postcoitalbleedingor,Bleeding or spotting after intercourse,Finding,N/A,,,1,1
f8e9e56f-6140-4a2d-bd35-a702a1b9949c,,,Menstrual bleeding pattern,Menstrual pattern,Current menstrual bleeding pattern for cervical screening,Question,Coded,75267d78-dab0-43ee-bc45-69cdb6eba0da;e8141d18-7ace-44c6-8992-5538150923a0;00d42f23-bf21-4f90-a186-72f5eaab3cab;d6aa0bea-237b-420f-9513-7df1dfeb62df,,1,2
8d2d098a-3295-4d9d-a850-c6cfcd49e162,,,Age at first sexual intercourse,Age first sex,Age in years at first sexual intercourse,Question,Numeric,,,1,1
9d267b5a-f7e4-495e-87bf-590eff9b6da1,,,Number of sexual partners of partner,Partner partners #,Number of sexual partners reported for the client's partner,Question,Numeric,,,1,1
b7aad04a-0e82-455b-bd43-c4bb8e651142,,,History of sexually transmitted infection client,STI hx,History of sexually transmitted infection,Question,Coded,1065AAAAAAAAAAAAAAAAAAAAAAAAAAAAAAAA;1066AAAAAAAAAAAAAAAAAAAAAAAAAAAAAAAA,,1,2
f42222d9-bb69-401e-88df-e54ae4d7b50e,,,History of sexually transmitted infection partner,STI hx,History of sexually transmitted infection,Question,Coded,1065AAAAAAAAAAAAAAAAAAAAAAAAAAAAAAAA;1066AAAAAAAAAAAAAAAAAAAAAAAAAAAAAAAA,,1,2
9ddbec10-a4a3-4794-b7c8-1592570e2305,,,Age over 60 years risk factor,Age >60,Age greater than 60 years as cardiovascular risk context,Finding,N/A,,,1,1
1361fba1-17d3-4ce3-bd14-185062f1691c,,,Cervical screening comorbid risk factors,Risk factors,Selected comorbid risk factors documented at cervical screening,Question,Coded,117399AAAAAAAAAAAAAAAAAAAAAAAAAAAAAA;119481AAAAAAAAAAAAAAAAAAAAAAAAAAAAAA;7aaf76d6-ae01-4930-870b-387f633173bd;9ddbec10-a4a3-4794-b7c8-1592570e2305;9877103b-2974-4ae8-afb8-375c16140027,,1,2
1da5ef19-703f-47aa-b7c1-2f7df529e015,,,Breast lump on clinical examination,Breast lumps,Palpable breast lump on clinical breast examination,Finding,N/A,,,1,1
489cb91f-4065-47ee-b048-0ab8ae0dd2ed,,,Visible breast mass or bump,Visible bumps,Visible breast bump or mass on inspection,Finding,N/A,,,1,1
cc16f487-1be3-4978-8173-25bdcb76a06e,,,Nipple crusting or discharge finding,Nipple crusting,Nipple crusting or abnormal nipple surface change,Finding,N/A,,,1,1
81b1e400-2d21-4802-b78f-734cdf632280,,,Clinical breast examination finding,CBE finding,Primary finding category from clinical breast examination at cervical screening visit,Question,Coded,1118AAAAAAAAAAAAAAAAAAAAAAAAAAAAAAAA;1115AAAAAAAAAAAAAAAAAAAAAAAAAAAAAAAA;1da5ef19-703f-47aa-b7c1-2f7df529e015;489cb91f-4065-47ee-b048-0ab8ae0dd2ed;cc16f487-1be3-4978-8173-25bdcb76a06e;5622AAAAAAAAAAAAAAAAAAAAAAAAAAAAAAAA,,1,2
4c3dce46-593c-4c95-a2df-8e92ed4a3de6,,,Breast finding treated,BCE treated,Breast examination abnormality was treated,Finding,N/A,,,1,1
08de2b75-7c06-4c0e-b4b7-540ad173be8d,,,Linked to surgical breast referral,BCE surgical link,Breast finding linked to surgical referral clinic,Finding,N/A,,,1,1
93fbc4ea-2e1e-4271-8e95-8d48a4dd9822,,,Breast finding referred to other facility,BCE referred out,Breast finding referred to another health facility,Finding,N/A,,,1,1
7786bd3a-2d94-4da4-a618-e86a5fce51fb,,,Management of clinical breast examination findings,BCE management,Disposition for abnormal clinical breast examination findings,Question,Coded,4c3dce46-593c-4c95-a2df-8e92ed4a3de6;08de2b75-7c06-4c0e-b4b7-540ad173be8d;93fbc4ea-2e1e-4271-8e95-8d48a4dd9822,,1,2
ac635e8f-eee2-484b-926e-983483bfa9b5,,,Overall breast examination result,Breast exam result,Overall result classification of breast examination,Question,Coded,1115AAAAAAAAAAAAAAAAAAAAAAAAAAAAAAAA;1116AAAAAAAAAAAAAAAAAAAAAAAAAAAAAAAA,,1,2
ed8724a2-fa33-45db-a282-d02229cac19d,,,Overall pelvic examination result,Pelvic exam result,Overall result classification of pelvic examination,Question,Coded,1115AAAAAAAAAAAAAAAAAAAAAAAAAAAAAAAA;1116AAAAAAAAAAAAAAAAAAAAAAAAAAAAAAAA,,1,2
3ebc8229-fd09-42fe-91c2-38144bb43d6d,,,Breast examination abnormal details,Breast abnormal details,Free text description of abnormal breast examination findings,Question,Text,,,1,1
0563554c-2618-4f5b-86a7-734c7236ada2,,,Pelvic examination abnormal details,Pelvic abnormal details,Free text description of abnormal pelvic examination findings,Question,Text,,,1,1
abc7f79a-81da-458d-ae34-54ffb0185102,,,Squamocolumnar junction completely visualized,SCJ seen,Whether the entire squamocolumnar junction was seen on speculum exam,Question,Coded,1065AAAAAAAAAAAAAAAAAAAAAAAAAAAAAAAA;1066AAAAAAAAAAAAAAAAAAAAAAAAAAAAAAAA,,1,2
6ee66f2f-7abd-4514-baec-d9cc5493a23d,,,STI case at this visit,STI case,Whether an STI was diagnosed or managed at this encounter,Question,Coded,1065AAAAAAAAAAAAAAAAAAAAAAAAAAAAAAAA;1066AAAAAAAAAAAAAAAAAAAAAAAAAAAAAAAA,,1,2
2cbc2a1c-8177-4eb5-aaa8-ab254ca45362,,,STI treatment provided narrative,STI treatment,Description of STI treatment provided,Question,Text,,,1,1
fc569aba-27a8-4ab2-ad3e-edd88dd6439b,,,First time cervical screening visit,First screen,Client presents for first-time cervical cancer screening,Finding,N/A,,,1,1
046b6f9b-d3dc-416f-ba8a-68baf094e741,,,Rescreening after prior negative result,Rescreen negative,Return visit for screening after previous negative screening tests,Finding,N/A,,,1,1
12721386-b5ce-4179-a7cc-9ed4a835ee1c,,,Post treatment cervical screening follow-up,Post-treat screen,Screening visit after prior treatment for cervical disease,Finding,N/A,,,1,1
b0948acc-9979-4cdd-b21f-68a651970bba,,,Type of cervical screening visit,Screening visit type,Whether visit is initial screening rescreening or post-treatment follow-up,Question,Coded,fc569aba-27a8-4ab2-ad3e-edd88dd6439b;046b6f9b-d3dc-416f-ba8a-68baf094e741;12721386-b5ce-4179-a7cc-9ed4a835ee1c,,1,2
e495ce83-5e08-4390-a86a-a1080be45a44,,,HPV DNA screening with VIA triage,HPV+VIA triage,Screening strategy using HPV DNA testing with VIA triage of positives,Finding,N/A,,,1,1
2760f227-e274-4bda-9693-5d62a53cfbc5,,,Cytolocy cancer screening strategy for patient,Cytology,Client should be reffered for Cytology for cervical cancer screening,Finding,N/A,,,1,1
a75a5a26-f2db-4b1e-97d5-15f588d675ec,,,Cervical cancer screening strategy,Screening strategy,Primary screening modality or strategy selected for this visit,Question,Coded,e495ce83-5e08-4390-a86a-a1080be45a44;164805AAAAAAAAAAAAAAAAAAAAAAAAAAAAAA;2760f227-e274-4bda-9693-5d62a53cfbc5,,1,2
19249e65-3887-4555-9ba1-a0ed652094c3,,,HPV DNA sample collection date,HPV sample date,Date cervical sample was collected for HPV DNA testing,Question,Date,,,1,1
334e337d-79a8-4085-b47f-609aafdaf4f2,,,HPV DNA screening test result,HPV DNA result,Qualitative result of HPV DNA screening test,Question,Coded,703AAAAAAAAAAAAAAAAAAAAAAAAAAAAAAAAA;664AAAAAAAAAAAAAAAAAAAAAAAAAAAAAAAAA;1067AAAAAAAAAAAAAAAAAAAAAAAAAAAAAAAA,,1,2
75c29f12-8c6e-4e32-a4a9-7e0c203960b6,,,HPV test result received date,HPV result date,Date HPV DNA test result was received,Question,Date,,,1,1
ae826ee5-db2f-4c26-bceb-fdc91125f67c,,,HPV genotype 16 positive context,HPV16,Human papillomavirus genotype 16 detected or implied,Finding,N/A,,,1,1
3cae63cd-8162-444c-8ff8-42bb1ea0c4ba,,,HPV genotype 18 positive context,HPV18,Human papillomavirus genotype 18 detected or implied,Finding,N/A,,,1,1
1cbc53bc-bc15-48aa-9844-124448c6c5b7,,,HPV mixed genotypes,HPV mixed,Multiple HPV genotypes or non-16/18 mixed positivity,Finding,N/A,,,1,1
49144158-df12-4d64-9072-ba759a8f3b32,,,HPV DNA genotype category,HPV subtype,Predominant HPV genotype category when HPV DNA positive,Question,Coded,ae826ee5-db2f-4c26-bceb-fdc91125f67c;3cae63cd-8162-444c-8ff8-42bb1ea0c4ba;1cbc53bc-bc15-48aa-9844-124448c6c5b7;5622AAAAAAAAAAAAAAAAAAAAAAAAAAAAAAAA,,1,2
a182a2a9-2db5-4528-b49c-dd3f4f35c583,,,Cervical cytology sample collection date,Cytology sample date,Date cervical cytology sample was collected,Question,Date,,,1,1
8f4b1b5a-a51e-49a7-98f3-21419b2b2c1d,,,Cervical cytology result date,Cytology result date,Date cytology laboratory result was available,Question,Date,,,1,1
9e486cdf-75c4-417f-9d3b-d9f7c2580faa,,,Cervical cytology greater than ASCUS,> ASCUS,Cervical cytology more severe than ASCUS including LSIL HSIL or worse,Finding,N/A,,,1,1
058f71c4-f23b-40ee-bef7-20254d34d5b0,,,Cervical cytology result category,Cytology result,Interpreted cervical cytology result category,Question,Coded,664AAAAAAAAAAAAAAAAAAAAAAAAAAAAAAAAA;9e486cdf-75c4-417f-9d3b-d9f7c2580faa;f639aa78-da8d-48de-a6e6-26f5df70770e,,1,2
d756573b-c4a2-4f14-bee9-5d0f7cf907aa,,,Colposcopy examination date,Colposcopy date,Date colposcopy was performed,Question,Date,,,1,1
55dc7075-2719-404d-ba87-5750238a1d0c,,,Colposcopy examination impression,Colposcopy finding,Colposcopic impression of cervical epithelium,Question,Coded,1115AAAAAAAAAAAAAAAAAAAAAAAAAAAAAAAA;a5574864-4cf2-4e00-8376-553d2dee9620;63b611c7-3944-4a38-88da-6e1583069677,,1,2
4ea53642-638d-4645-b222-c3d0aba75b4a,,,Cervical biopsy sample collected,Biopsy collected,Whether an cervical biopsy sample was collected,Question,Coded,1065AAAAAAAAAAAAAAAAAAAAAAAAAAAAAAAA;1066AAAAAAAAAAAAAAAAAAAAAAAAAAAAAAAA,,1,2
e1ef71ce-a8f8-405c-b7f7-65bb52b27487,,,Cervical biopsy sample date,Biopsy date,Date cervical biopsy specimen was collected,Question,Date,,,1,1
d251614c-819e-418f-b23d-cffa600b3483,,,Cervical biopsy histology result date,Biopsy result date,Date histopathology result was received,Question,Date,,,1,1
ba16b8dc-8127-4d58-baf2-66081b84bd54,,,Cervical biopsy histology result,Biopsy result,Histopathology interpretation of cervical biopsy,Question,Coded,1118AAAAAAAAAAAAAAAAAAAAAAAAAAAAAAAA;664AAAAAAAAAAAAAAAAAAAAAAAAAAAAAAAAA;cd869384-9667-5168-a730-abeefade762e;5f3d5d8e-9a26-445b-9d19-596f412249c6;ab3efcd2-5c43-4a78-bdc6-9b228d91cb4a;5622AAAAAAAAAAAAAAAAAAAAAAAAAAAAAAAA,,1,2
658b7ae6-77fa-4e7e-8e75-33d25f60b4bf,,,No precancer treatment provided,No treatment,No ablative or excisional treatment for precancerous lesion,Finding,N/A,,,1,1
f2a1f505-0884-41f3-bb6f-f1fad5b06a0e,,,Cervical thermocoagulation ablation,Thermocoagulation,Thermal ablation of cervical lesion for precancer treatment,Finding,N/A,,,1,1
66ce8174-0d19-4c87-8789-ccb9e13c504e,,,Precancerous cervical lesion treatment modality,Precancer treatment,Treatment provided for biopsy-confirmed or screen-detected precancerous cervical lesion,Question,Coded,658b7ae6-77fa-4e7e-8e75-33d25f60b4bf;162812AAAAAAAAAAAAAAAAAAAAAAAAAAAAAA;f2a1f505-0884-41f3-bb6f-f1fad5b06a0e;162810AAAAAAAAAAAAAAAAAAAAAAAAAAAAAA,,1,2
b7050393-50ed-4494-901d-8028d4888137,,,Precancer treatment procedure date,Treatment date,Date precancer treatment was administered,Question,Date,,,1,1
c9344894-7344-4397-bc41-2da21aec3dcf,,,Surgical treatment for invasive cervical cancer,Surgical CA tx,Surgical management for confirmed invasive cervical cancer,Finding,N/A,,,1,1
c73e0ce6-ab51-4a65-a473-38622ec77d7d,,,Systemic chemotherapy for cervical cancer,Chemotherapy CA,Chemotherapy for invasive or advanced cervical cancer,Finding,N/A,,,1,1
bde1ee15-0ebb-484e-a465-2a4463f0d521,,,Referral to another health facility,Refer other HF,Patient referred to another facility for cervical cancer care,Finding,N/A,,,1,1
a6900a27-b1aa-4575-abc4-f8169f21668f,,,Palliative care for cervical cancer,Palliative CA,Palliative or supportive care focus for advanced cervical cancer,Finding,N/A,,,1,1
cee955aa-88b9-4fee-ab86-95c08346eff7,,,Invasive cervical cancer treatment services,Confirmed CA treatment,Treatment modalities for biopsy-confirmed invasive cervical cancer,Question,Coded,658b7ae6-77fa-4e7e-8e75-33d25f60b4bf;c9344894-7344-4397-bc41-2da21aec3dcf;c73e0ce6-ab51-4a65-a473-38622ec77d7d;161174AAAAAAAAAAAAAAAAAAAAAAAAAAAAAA;bde1ee15-0ebb-484e-a465-2a4463f0d521;a6900a27-b1aa-4575-abc4-f8169f21668f;5622AAAAAAAAAAAAAAAAAAAAAAAAAAAAAAAA;c1f4e8a2-9b3d-4c6e-8f71-0a2b3c4d5e6f,,1,2
e28726e0-f391-401f-bc04-d04cdd665a72,,,Referral to gynecology OPD same facility,GYN OPD same HF,Referral to gynecology outpatient clinic at same facility,Finding,N/A,,,1,1
f2bf68c9-c8bb-4897-82a8-d60c52d634e1,,,Cervical screening referral linkage destination,Referral linkage,Where the patient was linked for further gynecologic management,Question,Coded,e28726e0-f391-401f-bc04-d04cdd665a72;bde1ee15-0ebb-484e-a465-2a4463f0d521,,1,2
9648ea7b-c8ff-46e9-a438-b66ba3fd122d,,,Referral for cryotherapy or thermal ablation,Cryo thermal referral,Referral indication for cryotherapy or thermal ablation service,Finding,N/A,,,1,1
d820b416-4268-43e6-a003-ba3ecd64d97b,,,Referral for LEEP service,LEEP referral,Referral indication for loop electrosurgical excision procedure,Finding,N/A,,,1,1
a0569b12-4323-44a3-97a5-83f00aececc4,,,Referral for further evaluation suspicious lesion,Further eval referral,Referral for further evaluation of suspicious cervical lesion,Finding,N/A,,,1,1
a02ce6e6-df4a-47af-a761-4345c4ab2cbf,,,Reason for referral from cervical screening,Referral reason,Primary reason for referral after cervical cancer screening visit,Question,Coded,164805AAAAAAAAAAAAAAAAAAAAAAAAAAAAAA;9648ea7b-c8ff-46e9-a438-b66ba3fd122d;162812AAAAAAAAAAAAAAAAAAAAAAAAAAAAAA;d820b416-4268-43e6-a003-ba3ecd64d97b;162810AAAAAAAAAAAAAAAAAAAAAAAAAAAAAA;a0569b12-4323-44a3-97a5-83f00aececc4;5622AAAAAAAAAAAAAAAAAAAAAAAAAAAAAAAA;5fcd67ef-8901-434a-e4bc-def012345678;7bef8901-a123-456c-067d-f0123456789a;8cf09a12-b234-467d-178e-0123456789ab,,1,2
ea1d64b6-9924-43bd-b674-a7e481e35f0e,,,Referral reason other specify,Referral other,Free text when referral reason is other,Question,Text,,,1,1
126683fd-b5c1-4884-94e7-1c73b71ecec7,,,Referral feedback not received,No feedback,Feedback from referral facility not yet received,Finding,N/A,,,1,1
0b1ff618-510e-4e13-9ce6-635128eb9009,,,Client seen at referral facility confirmed,Seen referral HF,Confirmation client attended referral health facility,Finding,N/A,,,1,1
264a129f-10cd-40a2-9d08-bff79dfc97f0,,,Client received expected services at referral,Got all services,Client received all services available at referral facility,Finding,N/A,,,1,1
269b3b66-567a-4042-9731-132b0dd0a4a5,,,Cervical screening referral feedback type,Referral feedback,Type of feedback received about referral completion,Question,Coded,126683fd-b5c1-4884-94e7-1c73b71ecec7;0b1ff618-510e-4e13-9ce6-635128eb9009;264a129f-10cd-40a2-9d08-bff79dfc97f0,,1,2
5c1b29c7-47ed-46e8-936e-4ad6e04ef7d5,,,Date of referral feedback,Feedback date,Date referral feedback was recorded,Question,Date,,,1,1
1fa1605d-caab-48e1-9617-f298b535c062,,,KDIGO CKD staging category G1,KDIGO G1,KDIGO 2012 CKD GFR category G1 (eGFR 90 or higher with kidney damage if present),Finding,N/A,,,1,1
3408864c-42d2-4683-adac-98238209684f,,,KDIGO CKD staging category G2,KDIGO G2,KDIGO 2012 CKD GFR category G2 (eGFR 60 to 89),Finding,N/A,,,1,1
73c9028b-528a-4f11-8083-bcda868bda36,,,KDIGO CKD staging category G3a,KDIGO G3a,KDIGO 2012 CKD GFR category G3a (eGFR 45 to 59),Finding,N/A,,,1,1
3aeba735-e3f7-4012-a9d4-995b084286bd,,,KDIGO CKD staging category G3b,KDIGO G3b,KDIGO 2012 CKD GFR category G3b (eGFR 30 to 44),Finding,N/A,,,1,1
cfd9129c-90b1-4b98-859d-ce4d94f5c786,,,KDIGO CKD staging category G4,KDIGO G4,KDIGO 2012 CKD GFR category G4 (eGFR 15 to 29),Finding,N/A,,,1,1
d05ea313-b0e7-4f0d-8755-406d414263c7,,,KDIGO CKD staging category G5,KDIGO G5,KDIGO 2012 CKD GFR category G5 (eGFR less than 15 or treated kidney failure),Finding,N/A,,,1,1
d69af4df-6965-4559-9cc2-c2fb86704ec7,,,KDIGO CKD staging,KDIGO stage,Current KDIGO CKD GFR staging category on progress visit,Question,Coded,1fa1605d-caab-48e1-9617-f298b535c062;3408864c-42d2-4683-adac-98238209684f;73c9028b-528a-4f11-8083-bcda868bda36;3aeba735-e3f7-4012-a9d4-995b084286bd;cfd9129c-90b1-4b98-859d-ce4d94f5c786;d05ea313-b0e7-4f0d-8755-406d414263c7,,1,2
4a4fcdf8-6578-4422-beaa-21df40d8461e,,,CKD progress comorbid conditions,CKD comorbidities,Comorbid conditions relevant to chronic kidney disease follow-up,Question,Coded,138405AAAAAAAAAAAAAAAAAAAAAAAAAAAAAA;119481AAAAAAAAAAAAAAAAAAAAAAAAAAAAAA;117399AAAAAAAAAAAAAAAAAAAAAAAAAAAAAA,,1,2
1b978df2-5c10-4241-85c7-4d3fd4f60df5,,,Evidence of volume overload today,Volume overload today,Clinical evidence of volume overload today such as edema crackles or dyspnea,Question,Coded,1065AAAAAAAAAAAAAAAAAAAAAAAAAAAAAAAA;1066AAAAAAAAAAAAAAAAAAAAAAAAAAAAAAAA,,1,2
4afd00d9-0fa8-44e3-8a03-445fb4398b4f,,,Date last i-STAT checked,Last i-STAT date,Date point-of-care i-STAT testing was last performed,Question,Date,,,1,1
0c52e1fa-3775-4021-8281-6c0f316e2aac,,,Creatinine and potassium trend notes,Cr and K trend,Free text describing abnormalities and trend of creatinine and potassium,Question,Text,,,1,1
ed84f160-e26b-4e0a-a793-65dbe442ae33,,,Patient on enalapril,On enalapril,Whether patient is currently taking enalapril,Question,Coded,1065AAAAAAAAAAAAAAAAAAAAAAAAAAAAAAAA;1066AAAAAAAAAAAAAAAAAAAAAAAAAAAAAAAA,,1,2
27b109aa-6274-41f4-859c-0909208f0ac7,,,Surgical abortion,,Termination of pregnancy by surgical uterine procedure,Finding,N/A,,,1,1
9ace0312-2200-40c3-ac68-93f48c132988,,,Mobile workers or daily laborers,Mobile workers,Mobile workers or daily laborers as HIV prevention target population,Finding,N/A,,,1,1
3248528a-079b-46a3-85f8-0d28183727cb,,,Orphans and vulnerable children,OVC,Orphans and vulnerable children as HIV prevention target population,Finding,N/A,,,1,1
6e9e044e-e55e-44f5-8c4e-28a264cb9b77,,,Children of people living with HIV,Children of PLHIV,Biological children of a parent living with HIV as target population,Finding,N/A,,,1,1
a1c83cfe-bc4d-4b81-b7b1-a594d43aa4c1,,,Sexual partner of person living with HIV,Partner of PLHIV,Sexual partner of a person living with HIV as target population,Finding,N/A,,,1,1
1ae5c8bf-9d3f-4469-8dcb-674e5eb413d9,,,Counseling as additional service,Counseling,Counseling as an additional service provided beyond core abortion care,Finding,N/A,,,1,1
a7d389ee-f867-4227-9b6d-5067246bea4c,,,Screening as additional service,Screening,Screening as an additional service provided beyond core abortion care,Finding,N/A,,,1,1
a617255e-b461-4b21-8a09-bbb58c4914b8,,,Diagnosis and treatment as additional service,Dx and treatment,Diagnosis and treatment as an additional service beyond core abortion care,Finding,N/A,,,1,1
129df908-9306-4847-8e70-c59ae37ce37f,,,Comprehensive abortion care visit date and pregnancy history group,CAC visit group,Observation group for gestational age gravida para ultrasound and safe abortion care flag,Question,N/A,,,1,1
af4d2235-c719-4093-b416-b9d56d7de97b,,,Post abortion care clinical group,PAC clinical group,Observation group for cause and diagnosis after abortion,Question,N/A,,,1,1
7ede1125-5613-4261-90e0-c9aa3fe023a9,,,Post abortion contraception and follow-up group,PAC follow-up group,Observation group for contraception counseling HIV and complications,Question,N/A,,,1,1
f70cd211-cd0e-4a42-b730-bd8ec2af3795,,,Comprehensive abortion care healthcare provider group,CAC provider group,Observation group for provider attestation,Question,N/A,,,1,1
4831fe51-cc1f-4ebd-9059-41e40bae13f6,,,Comprehensive abortion care provider attestation subgroup,CAC provider attestation,Observation group for provider date and signature,Question,N/A,,,1,1
9fa62b0c-9677-482e-9228-521e30e51484,,,Receiving safe abortion care,Safe abortion care,Whether the patient is receiving safe abortion care per national protocol,Question,Coded,1065AAAAAAAAAAAAAAAAAAAAAAAAAAAAAAAA;1066AAAAAAAAAAAAAAAAAAAAAAAAAAAAAAAA,,1,2
1c1deab6-e4a8-4dfa-b2a5-e4bd74389643,,,Post abortion care precipitating cause,PAC cause,Clinical category of the abortion or pregnancy loss prompting this visit,Question,Coded,27b109aa-6274-41f4-859c-0909208f0ac7;e03a6b8d-c209-4570-a663-7398243fb646;126127AAAAAAAAAAAAAAAAAAAAAAAAAAAAAA,,1,2
7573565b-d0a4-4c55-aacc-45b4e28c7e72,,,Diagnosis category for post abortion encounter,PAC diagnosis category,Coded diagnosis category for the post abortion clinical encounter,Question,Coded,26cff2c7-ab74-46fd-8555-e01455e7d871;164823AAAAAAAAAAAAAAAAAAAAAAAAAAAAAA;134100AAAAAAAAAAAAAAAAAAAAAAAAAAAAAA;5622AAAAAAAAAAAAAAAAAAAAAAAAAAAAAAAA,,1,2
38e93ecf-2867-487a-8778-b0429fce9d17,,,Uterine evacuation procedure type,Evacuation type,Method used for uterine evacuation or completion of abortion,Question,Coded,159728AAAAAAAAAAAAAAAAAAAAAAAAAAAAAA;36b907bb-680f-492a-8eee-dc67eb341c1b;e03a6b8d-c209-4570-a663-7398243fb646;1637AAAAAAAAAAAAAAAAAAAAAAAAAAAAAAAA;5622AAAAAAAAAAAAAAAAAAAAAAAAAAAAAAAA,,1,2
3f4ac2b6-9cda-4032-8ce4-fa732166b1aa,,,Abortion care managed as inpatient or outpatient,Managed as,Whether abortion-related care was delivered as outpatient or inpatient,Question,Coded,160542AAAAAAAAAAAAAAAAAAAAAAAAAAAAAA;160536AAAAAAAAAAAAAAAAAAAAAAAAAAAAAA,,1,2
fa19d295-73cc-4aa5-beb7-f317aa08ce2b,,,Patient referred for further care,Referred,Whether the patient was referred to another service or facility,Question,Coded,1065AAAAAAAAAAAAAAAAAAAAAAAAAAAAAAAA;1066AAAAAAAAAAAAAAAAAAAAAAAAAAAAAAAA,,1,2
7bc166a9-8806-4305-9e9b-e4c55f235d0d,,,Post abortion contraception counseling provided,FP counseled,Whether post abortion contraception counseling was provided,Question,Coded,1065AAAAAAAAAAAAAAAAAAAAAAAAAAAAAAAA;1066AAAAAAAAAAAAAAAAAAAAAAAAAAAAAAAA,,1,2
f25650b1-f289-408c-b6aa-c114e554c291,,,Expressed desire for post abortion contraception,Expressed desire,Whether the patient expressed desire for a contraceptive method,Question,Coded,1065AAAAAAAAAAAAAAAAAAAAAAAAAAAAAAAA;1066AAAAAAAAAAAAAAAAAAAAAAAAAAAAAAAA,,1,2
2be23aea-1f11-4db2-ae34-076ef078c5ff,,,Patient is a New FP acceptor,New acceptor,Whether the patient is a new acceptor of family planning at this visit,Question,Coded,1065AAAAAAAAAAAAAAAAAAAAAAAAAAAAAAAA;1066AAAAAAAAAAAAAAAAAAAAAAAAAAAAAAAA,,1,2
5ccacd55-66c4-4e69-949b-4944421780e1,,,Repeat family planning acceptor,Repeat acceptor,Whether the patient is a repeat acceptor of family planning services,Question,Coded,1065AAAAAAAAAAAAAAAAAAAAAAAAAAAAAAAA;1066AAAAAAAAAAAAAAAAAAAAAAAAAAAAAAAA,,1,2
d104e207-545e-4895-8130-f00d361fb3e8,,,Contraceptive method provided after abortion,Contraceptive provided,Contraceptive methods supplied at this visit,Question,Coded,164813AAAAAAAAAAAAAAAAAAAAAAAAAAAAAA;164814AAAAAAAAAAAAAAAAAAAAAAAAAAAAAA;159783AAAAAAAAAAAAAAAAAAAAAAAAAAAAAA;160570AAAAAAAAAAAAAAAAAAAAAAAAAAAAAA;5279AAAAAAAAAAAAAAAAAAAAAAAAAAAAAAAA;159589AAAAAAAAAAAAAAAAAAAAAAAAAAAAAA;5275AAAAAAAAAAAAAAAAAAAAAAAAAAAAAAAA;1472AAAAAAAAAAAAAAAAAAAAAAAAAAAAAAAA;1489AAAAAAAAAAAAAAAAAAAAAAAAAAAAAAAA;5622AAAAAAAAAAAAAAAAAAAAAAAAAAAAAAAA,,1,2
238bf262-1226-4d31-81ac-e81142a98d9f,,,HIV test accepted at visit,HIV test accepted,Whether the patient accepted HIV testing offered at this visit,Question,Coded,1065AAAAAAAAAAAAAAAAAAAAAAAAAAAAAAAA;1066AAAAAAAAAAAAAAAAAAAAAAAAAAAAAAAA,,1,2
b4222c91-c99a-420b-bfe6-b0719cd93c0a,,,HIV prevention target population category,Target population,Target population categories for HIV testing or prevention program,Question,Coded,160579AAAAAAAAAAAAAAAAAAAAAAAAAAAAAA;162198AAAAAAAAAAAAAAAAAAAAAAAAAAAAAA;9ace0312-2200-40c3-ac68-93f48c132988;162277AAAAAAAAAAAAAAAAAAAAAAAAAAAAAA;3248528a-079b-46a3-85f8-0d28183727cb;6e9e044e-e55e-44f5-8c4e-28a264cb9b77;a1c83cfe-bc4d-4b81-b7b1-a594d43aa4c1;5622AAAAAAAAAAAAAAAAAAAAAAAAAAAAAAAA;164928AAAAAAAAAAAAAAAAAAAAAAAAAAAAAA,,1,2
f1871e41-8238-4c06-9944-b367ac2aea42,,,HIV rapid test result reactive or non-reactive,HIV R NR,Rapid HIV antibody test result expressed as reactive or non-reactive,Question,Coded,1228AAAAAAAAAAAAAAAAAAAAAAAAAAAAAAAA;1229AAAAAAAAAAAAAAAAAAAAAAAAAAAAAAAA,,1,2
cb5b81ab-bf37-4e9f-9945-7ca5664edb6c,,,HIV positive patient linked to antiretroviral therapy,Linked to ART,Whether an HIV positive patient was linked to antiretroviral therapy,Question,Coded,1065AAAAAAAAAAAAAAAAAAAAAAAAAAAAAAAA;1066AAAAAAAAAAAAAAAAAAAAAAAAAAAAAAAA,,1,2
07b99e83-e0dc-487a-8cf1-6ef1260f141a,,,Abortion care complication occurred,Complication,Whether a complication occurred during or after abortion care,Question,Coded,1065AAAAAAAAAAAAAAAAAAAAAAAAAAAAAAAA;1066AAAAAAAAAAAAAAAAAAAAAAAAAAAAAAAA,,1,2
d5150c55-988a-4bf8-83dd-284e58cc65d6,,,Abortion care complication description,Complication specify,Free text description of complication when present,Question,Text,,,1,1
108df4bb-1b8e-4047-8c4b-7dc7eae196a1,,,Patient death after abortion care,Patient died,Whether the patient died in relation to this abortion care episode,Question,Coded,1065AAAAAAAAAAAAAAAAAAAAAAAAAAAAAAAA;1066AAAAAAAAAAAAAAAAAAAAAAAAAAAAAAAA,,1,2
b2788bd8-6891-4f43-8e4e-0ad4ce0c9fcd,,,Other treatment provided beyond core protocol,Other treatment,Whether additional treatment beyond the core abortion protocol was provided,Question,Coded,1065AAAAAAAAAAAAAAAAAAAAAAAAAAAAAAAA;1066AAAAAAAAAAAAAAAAAAAAAAAAAAAAAAAA,,1,2
006e477d-ac4e-40ab-9160-e48cc93d703c,,,Type of additional ancillary service provided,Ancillary service type,Category of additional ancillary services provided with abortion care,Question,Coded,1ae5c8bf-9d3f-4469-8dcb-674e5eb413d9;a7d389ee-f867-4227-9b6d-5067246bea4c;a617255e-b461-4b21-8a09-bbb58c4914b8,,1,2
28794bbc-ad22-4d8e-a8a3-8147bdfef6cd,,,Healthcare provider signature or attestation text,Provider signature,Signature line or attestation text for the responsible clinician,Question,Text,,,1,1
1e860cec-fd0e-41f9-9ff3-0e01064f89ca,,,ECG performed location,ECG location,Clinical location or service where the electrocardiogram was performed,Question,Coded,160542AAAAAAAAAAAAAAAAAAAAAAAAAAAAAA;160522AAAAAAAAAAAAAAAAAAAAAAAAAAAAAA;160536AAAAAAAAAAAAAAAAAAAAAAAAAAAAAA;5622AAAAAAAAAAAAAAAAAAAAAAAAAAAAAAAA,,1,2
39aeca30-cc94-4bd6-a51b-144e1185b93b,,,Weight for length or height documentation,WFL/H,Free text for weight-for-length or weight-for-height classification or z-score notes on food by prescription order,Question,Text,,,1,1
2c66c5a5-1481-411d-b7e6-5237a9d38597,,,Dietary assessment food prescription,Dietary assessment,Narrative dietary assessment for food by prescription program order sheet,Question,Text,,,1,1
b827b25a-c631-4f2e-a53f-94b0522e68ae,,,Treatment given food prescription,Treatment given,Treatment or therapeutic feeding actions documented on food by prescription order sheet,Question,Text,,,1,1
f5fce2bf-5570-4f1d-8485-f9f9379ec6d8,,,Inpatient ward name for biopsy request,Ward,Hospital ward name on gynecology obstetric biopsy request form,Question,Text,,,1,1
ff805e0e-baf8-4871-8824-9836a79b16ce,,,Hospital bed identifier,Bed number,Bed number or identifier for patient location on biopsy request form,Question,Text,,,1,1
4597d16b-f4b7-4da6-9376-8b1bf546a1d4,,,Previous FNAC or biopsy number and result,Prior biopsy/FNAC,Documentation of prior fine needle aspiration or biopsy identifier and result,Question,Text,,,1,1
0ba402ff-69a6-471f-94fd-cb51a80e7055,,,Exact anatomical site of biopsy sample,Biopsy site,Description of exact anatomical site from which the biopsy specimen was taken,Question,Text,,,1,1
f77ceb94-830f-4ef8-8433-b1bac7517b88,,,Treatment given prior to biopsy request,Treatment given,Treatment or interventions documented on gynecology obstetric biopsy request,Question,Text,,,1,1
311d5d2b-4051-4e92-9ae2-bcd6af58cfa0,,,Requesting obstetrician contact group,Requesting OB group,Observation group for requesting obstetrician contact details on biopsy request,Question,N/A,,,1,1
5ad9e10a-d722-4709-82b0-f7befad425bb,,,Requesting obstetrician name subgroup,OB name group,Observation group for requesting obstetrician name field,Question,N/A,,,1,1
903fc9ec-06b7-49a0-87d2-13c2de5c70d8,,,Requesting obstetrician telephone subgroup,OB phone group,Observation group for requesting obstetrician telephone number,Question,N/A,,,1,1
437bbea6-1a72-4249-9e36-799f35d8351e,,,Requesting obstetrician email address,OB email,Email address for requesting obstetrician on biopsy request form,Question,Text,,,1,1
733aaf40-9c4c-41dd-8834-5f4fc72b538d,,,Induction augmentation vital signs blood pressure group,BP group,Observation group for systolic and diastolic blood pressure on induction and augmentation chart,Question,N/A,,,1,1
dfaf6b86-a36a-4260-be57-a84e343d64a5,,,Oxytocin infusion documentation group,Oxytocin group,Observation group for oxytocin dose unit and drip rate during labor induction or augmentation,Question,N/A,,,1,1
c6bc0638-ddcb-4919-954a-5851eedd0505,,,Uterine contraction pattern description,Uterine contractions,Free text description of uterine contraction frequency duration and strength during labor,Question,Text,,,1,1
19a6a04c-b193-4976-a270-21e1146505a6,,,Cervical dilatation documentation,Cervical dilatation,Free text documentation of cervical dilatation and effacement during labor,Question,Text,,,1,1
4339c7da-816b-4f55-8bb7-3a987605153a,,,Oxytocin dose documented,Oxytocin dose,Dose of oxytocin documented for intravenous infusion during labor,Question,Text,,,1,1
d2d0d39b-a1d1-4d9f-bb70-315ae9d334df,,,Oxytocin dose unit documented,Oxytocin unit,Unit for oxytocin dose such as international units per volume,Question,Text,,,1,1
eaf41281-d7e7-4add-9fef-496ca854bbba,,,Oxytocin infusion drip rate drops per minute,Oxytocin drip rate,Intravenous oxytocin infusion rate expressed as drops per minute,Question,Numeric,,,1,1
5e9d9783-6279-46ae-baf2-0caa76f67597,,,MRC follow-up active problem list,MRC problem,Active problem list or case summary for medical review clinic follow-up,Question,Text,,,1,1
ea5d5bbb-51d4-4ba8-a158-903237e9f72e,,,MRC follow-up objective examination group,MRC objective group,Observation group for objective physical examination and investigation findings on MRC follow-up,Question,N/A,,,1,1
1c265e6f-9b97-4e53-8f2a-4e3dcd3c834a,,,MRC follow-up clinical assessment group,MRC assessment group,Observation group for clinical assessment on MRC follow-up,Question,N/A,,,1,1
5be3176b-ff19-4053-9d67-e10db4037f32,,,MRC follow-up management plan group,MRC plan group,Observation group for management plan on MRC follow-up,Question,N/A,,,1,1
5f21ab79-6e09-486f-83a4-0034bce2233c,,,Neonatal general appearance,General appearance,Description of general appearance on neonatal physical examination,Question,Text,,,1,1
787f2c88-06c7-4820-8129-129ea865922d,,,Neonatal HEENT examination notes,Neonatal HEENT,Head eyes ears nose throat findings on neonatal physical examination,Question,Text,,,1,1
403a1d71-eb62-4a64-8045-406e9df701bf,,,Neonatal respiratory examination notes,Neonatal RS,Respiratory system findings on neonatal physical examination,Question,Text,,,1,1
15cb0592-ec47-416e-91e3-c9b36f568e84,,,Neonatal cardiovascular examination notes,Neonatal CVS,Cardiovascular system findings on neonatal physical examination,Question,Text,,,1,1
19cd6ed7-c4b4-454d-a33a-6dabfea4227f,,,Neonatal abdomen and pelvis examination notes,Neonatal abdomen,Abdominal and pelvic findings on neonatal physical examination,Question,Text,,,1,1
cc55ee50-bd78-4869-9f43-0759cf1f1a84,,,Neonatal neurological examination notes,Neonatal neuro,Neurological findings on neonatal physical examination,Question,Text,,,1,1
b8f4021d-3e95-5c7b-ad2f-901e4c3b6f52,,,Opportunistic infection follow-up visit,OI follow-up,Patient visit categorized as opportunistic infection follow-up,Finding,N/A,,,1,1
c9a5132e-4fa6-6d8c-be3f-a12f5d4c7f63,,,Opportunistic infection initial visit,OI initial,Patient visit categorized as initial opportunistic infection assessment,Finding,N/A,,,1,1
a7e3f91c-2d84-4b6a-9c1e-8f0d3b2a5e41,,,Opportunistic infection clinic visit type,OI visit type,Whether this encounter is an initial opportunistic infection visit or a follow-up visit,Question,Coded,b8f4021d-3e95-5c7b-ad2f-901e4c3b6f52;c9a5132e-4fa6-6d8c-be3f-a12f5d4c7f63,,1,2
d0b6243f-5ab7-7e9d-cf40-b23a6e5d8f74,,,Opportunistic infections present,OI present,Selected opportunistic infections or related conditions identified at this visit,Question,Coded,eadc5c22-cd43-4897-a28f-5b54e55ab176;142412AAAAAAAAAAAAAAAAAAAAAAAAAAAAAA;5622AAAAAAAAAAAAAAAAAAAAAAAAAAAAAAAA;b0ae6879-c107-4a1f-abdb-529264e6534a;7ae68060-9e8f-4500-bdb9-a407325f16da;114100AAAAAAAAAAAAAAAAAAAAAAAAAAAAAA;8de11e40-ac68-49a3-84c5-cd8e269da7fa;66f56c86-f437-4835-9da2-0255cfb5c20a,,1,2
e1c73540-6bc8-8fae-d051-c34b7f6e9a85,,,Refer to other facility for tuberculosis screening,Refer for TB screen,Whether the patient was referred to another site for tuberculosis screening,Question,Coded,1065AAAAAAAAAAAAAAAAAAAAAAAAAAAAAAAA;1066AAAAAAAAAAAAAAAAAAAAAAAAAAAAAAAA,,1,2
f5c3da0b-6e4a-4f9c-ad1e-2b3c4d5e6f70,,,Patient handover situation section group,PHN situation,Observation group for the Situation portion of a structured nursing handover containing current condition medications recent activity and special notes,Question,N/A,,1390AAAAAAAAAAAAAAAAAAAAAAAAAAAAAAAA;162165AAAAAAAAAAAAAAAAAAAAAAAAAAAAAA;159397AAAAAAAAAAAAAAAAAAAAAAAAAAAAAA;161011AAAAAAAAAAAAAAAAAAAAAAAAAAAAAA,1,2
a6d4eb1c-7f5b-40ad-be2f-3c4d5e6f7081,,,Patient handover outgoing shift nurse documentation,Outgoing nurse,Name role or free-text documentation for the nurse handing over care at shift change,Question,Text,,,1,1
b7e5fc2d-806c-41be-cf30-4d5e6f7f8192,,,Patient handover incoming shift nurse documentation,Incoming nurse,Name role or free-text documentation for the nurse receiving care at shift change,Question,Text,,,1,1
c01da2b3-4c5d-4e6f-8a7b-9c0d1e2f3041,,,Postpartum contraceptive method previously used,Prior FP method,Contraceptive method the woman reports using before this post-delivery contact,Question,Coded,190AAAAAAAAAAAAAAAAAAAAAAAAAAAAAAAAA;1359AAAAAAAAAAAAAAAAAAAAAAAAAAAAAAAA;780AAAAAAAAAAAAAAAAAAAAAAAAAAAAAAAAA;5279AAAAAAAAAAAAAAAAAAAAAAAAAAAAAAAA;907AAAAAAAAAAAAAAAAAAAAAAAAAAAAAAAAA;1107AAAAAAAAAAAAAAAAAAAAAAAAAAAAAAAA,,1,2
e23fc4d5-6e7f-4081-ac9d-1e2f30415263,,,Stopped family planning partner absent,Partner absent,Previous contraceptive use ended because partner or husband was absent or away,Finding,N/A,,,1,1
f340d5e6-7f80-4192-bd0e-2f3041526374,,,Stopped family planning due to side effects,Side effects experienced,Previous contraceptive use ended because of negative side effects experienced,Finding,N/A,,,1,1
a451e6f7-8091-42a3-ce1f-304152637485,,,Stopped family planning to conceive,Wanted pregnancy,Previous contraceptive use ended because the woman wanted to become pregnant,Finding,N/A,,,1,1
04c590e4-5134-4538-9757-3af1bbd81787,,,Stopped family planning fear of side effects,Feared side effects,Previous contraceptive use ended because of worry about possible side effects,Finding,N/A,,,1,1
d12eb3c4-5d6e-4f70-9b8c-0d1e2f304152,,,Postpartum family planning discontinuation reason,FP stop reason,Main reason the woman stopped using her previous family planning method after delivery,Question,Coded,e23fc4d5-6e7f-4081-ac9d-1e2f30415263;f340d5e6-7f80-4192-bd0e-2f3041526374;a451e6f7-8091-42a3-ce1f-304152637485;04c590e4-5134-4538-9757-3af1bbd81787;5622AAAAAAAAAAAAAAAAAAAAAAAAAAAAAAAA,,1,2
d78419b2-b3c4-45d6-e7f8-526374859607,,,Birth spacing intention after delivery,Birth spacing,Woman intends to space future births using family planning after delivery,Finding,N/A,,,1,1
e8952ac3-c4d5-46e7-f809-637485960718,,,Birth limiting intention after delivery,Birth limiting,Woman intends to limit family size after delivery,Finding,N/A,,,1,1
c67308a1-a2b3-44c5-d6e7-415263748596,,,Postpartum family planning intention spacing versus limiting,FP spacing or limiting,Whether the woman seeks birth spacing or birth limiting family planning after delivery,Question,Coded,d78419b2-b3c4-45d6-e7f8-526374859607;e8952ac3-c4d5-46e7-f809-637485960718,,1,2
f9a63bd4-d5e6-47f8-8091-748596071829,,,Postpartum family planning method of interest,FP method interest,Family planning method the postpartum woman expresses interest in before discharge,Question,Coded,5279AAAAAAAAAAAAAAAAAAAAAAAAAAAAAAAA;1359AAAAAAAAAAAAAAAAAAAAAAAAAAAAAAAA;907AAAAAAAAAAAAAAAAAAAAAAAAAAAAAAAAA;5276AAAAAAAAAAAAAAAAAAAAAAAAAAAAAAAA;1489AAAAAAAAAAAAAAAAAAAAAAAAAAAAAAAA;1472AAAAAAAAAAAAAAAAAAAAAAAAAAAAAAAA;780AAAAAAAAAAAAAAAAAAAAAAAAAAAAAAAAA;1107AAAAAAAAAAAAAAAAAAAAAAAAAAAAAAAA,,1,2
a0b74ce5-e6f7-48a9-9120-85960718293a,,,Postpartum family planning method provided at discharge,FP at discharge,Contraceptive method supplied or recorded at discharge after delivery,Question,Coded,190AAAAAAAAAAAAAAAAAAAAAAAAAAAAAAAAA;907AAAAAAAAAAAAAAAAAAAAAAAAAAAAAAAAA;780AAAAAAAAAAAAAAAAAAAAAAAAAAAAAAAAA;5279AAAAAAAAAAAAAAAAAAAAAAAAAAAAAAAA;1359AAAAAAAAAAAAAAAAAAAAAAAAAAAAAAAA;1472AAAAAAAAAAAAAAAAAAAAAAAAAAAAAAAA;1107AAAAAAAAAAAAAAAAAAAAAAAAAAAAAAAA,,1,2
b1c85df6-f708-49ba-a231-960718293a4b,,,Postpartum referral for family planning procedure,FP referral procedure,Family planning procedure for which the woman is referred to a higher-level facility after delivery,Question,Coded,5279AAAAAAAAAAAAAAAAAAAAAAAAAAAAAAAA;1359AAAAAAAAAAAAAAAAAAAAAAAAAAAAAAAA;5276AAAAAAAAAAAAAAAAAAAAAAAAAAAAAAAA;1489AAAAAAAAAAAAAAAAAAAAAAAAAAAAAAAA,,1,2
d3b42c5e-6f70-4189-bacd-ef0123456702,,,Pregnant woman PLW assessment,Pregnant,Woman is currently pregnant at PLW nutritional assessment,Finding,N/A,,,1,1
e4c53d6f-7081-429a-cbde-f01234567803,,,Lactating woman PLW assessment,Lactating,Woman is currently breastfeeding or postpartum lactating at PLW nutritional assessment,Finding,N/A,,,1,1
c2a31b4d-5e6f-4078-a9bc-def012345601,,,Pregnant or lactating woman program status,PLW status,Whether the woman is pregnant or lactating for PLW nutritional assessment,Question,Coded,d3b42c5e-6f70-4189-bacd-ef0123456702;e4c53d6f-7081-429a-cbde-f01234567803,,1,2
a8f97095-1324-45cd-ef12-345678901236,,,Woman malnourished PLW assessment,Malnourished,Clinical judgment that the woman is malnourished on PLW nutritional assessment,Question,Coded,1065AAAAAAAAAAAAAAAAAAAAAAAAAAAAAAAA;1066AAAAAAAAAAAAAAAAAAAAAAAAAAAAAAAA,,1,2
f5d64e70-8192-43ab-def0-012345678904,,,PLW anthropometric measurement group,PLW anthropometry,Observation group for weight height MUAC and malnutrition screening on PLW nutritional assessment,Question,N/A,,5089AAAAAAAAAAAAAAAAAAAAAAAAAAAAAAAA;5090AAAAAAAAAAAAAAAAAAAAAAAAAAAAAAAA;aae2be11-0e07-497d-8e7c-a5b74fbd7cb0;a8f97095-1324-45cd-ef12-345678901236,1,2
c82794b6-4758-4901-3456-678901234560,,,Counsel lactating women two extra meals daily,Lactating +2 meals,Nutritional counseling for lactating women to eat two additional meals per day,Finding,N/A,,,1,1
d938a5c7-5869-4a12-4567-789012345671,,,Counsel pregnant women one extra meal daily,Pregnant +1 meal,Nutritional counseling for pregnant women to eat one additional meal per day,Finding,N/A,,,1,1
e049b6d8-697a-4b23-5678-890123456782,,,Counsel eat varied and diverse foods,Diverse diet,Nutritional counseling to consume a varied and diverse diet,Finding,N/A,,,1,1
f15ac7e9-708b-4c34-6789-901234567893,,,Counsel deworming second or third trimester,Deworming 2nd-3rd,Nutritional counseling on deworming in second or third trimester when pregnant,Finding,N/A,,,1,1
a26bd8fa-819c-4d45-7890-012345678904,,,Counsel daily IFA minimum ninety days,IFA counseling,Nutritional counseling on daily iron folic acid for at least ninety days,Finding,N/A,,,1,1
b37ce90b-920d-4e56-8901-123456789015,,,Counsel sleep under insecticide treated net,ITN counseling,Nutritional or health counseling to sleep under insecticide treated bed net,Finding,N/A,,,1,1
b7f86092-0314-45cd-f012-234567890126,,,PLW nutritional counseling topics documented,PLW NC topics,Counseling messages documented as given during PLW nutritional assessment,Question,Coded,c82794b6-4758-4901-3456-678901234560;d938a5c7-5869-4a12-4567-789012345671;e049b6d8-697a-4b23-5678-890123456782;f15ac7e9-708b-4c34-6789-901234567893;a26bd8fa-819c-4d45-7890-012345678904;b37ce90b-920d-4e56-8901-123456789015,,1,2
d59e0a2d-b42f-4089-0123-345678901237,,,Nutritional counseling provided PLW,Counseling done,Nutritional counseling was provided during PLW visit,Finding,N/A,,,1,1
e60f1b3e-c530-419a-1234-456789012348,,,Referral to targeted supplementary feeding program,Referral TSFP,Referral to targeted supplementary feeding program TSFP,Finding,N/A,,,1,1
f71f2c4e-d641-42aa-2345-567890123459,,,Referral to productive safety net program,Referral PSNP,Referral to productive safety net program PSNP,Finding,N/A,,,1,1
c48df91c-a31e-4f67-9012-234567890126,,,PLW nutritional actions taken,PLW actions,Nutritional actions taken at PLW assessment such as counseling or program referral,Question,Coded,d59e0a2d-b42f-4089-0123-345678901237;e60f1b3e-c530-419a-1234-456789012348;f71f2c4e-d641-42aa-2345-567890123459;5622AAAAAAAAAAAAAAAAAAAAAAAAAAAAAAAA,,1,2
d91283a4-2536-47ef-1234-456789012348,,,PLW nutritional action other specification,PLW action other,Free text when other nutritional action is selected on PLW assessment,Question,Text,,,1,1
c0435f72-0974-45de-5678-890123456782,,,PLW nutritionist assessment form date,Nutritionist date,Date the PLW nutritional assessment form was signed or completed by the nutritionist,Question,Date,,,1,1
a9214e6f-f863-44cd-4567-789012345671,,,PLW nutritionist signature and date subgroup,PLW signature group,Subgroup for nutritionist name signature and date on PLW nutritional assessment form,Question,N/A,,bd40c021-7492-4fd9-a2f7-5a0f4c10334e;91e6b94f-6e9d-49aa-966b-a5c65d94e77b;c0435f72-0974-45de-5678-890123456782,1,2
f8103d5e-e752-43bc-3456-789012345670,,,PLW nutritionist documentation group,PLW nutritionist group,Observation group for nutritionist signature and date on PLW nutritional assessment,Question,N/A,,a9214e6f-f863-44cd-4567-789012345671,1,2
f0a1b2c3-d4e5-46f7-a8b9-0c1d2e3f4050,,,Foul-smelling vaginal discharge present,Foul discharge,Whether vaginal discharge with foul or malodorous smell is present on PROM or antenatal follow-up,Question,Coded,1065AAAAAAAAAAAAAAAAAAAAAAAAAAAAAAAA;1066AAAAAAAAAAAAAAAAAAAAAAAAAAAAAAAA,,1,2
7c46f49b-c2ed-4ab4-b51f-7b4a433c8767,,,Newborn needs special care arranged,Special care arranged,Whether special care or monitoring was arranged for the newborn after birth,Question,Coded,1065AAAAAAAAAAAAAAAAAAAAAAAAAAAAAAAA;1066AAAAAAAAAAAAAAAAAAAAAAAAAAAAAAAA,,1,2
72b48c81-39d3-455c-9a99-469bf2bf0079,,,Newborn weighed and birth weight recorded,Weighed and recorded,Newborn was weighed and the birth weight was recorded on the chart,Finding,N/A,,,1,1
cd0a543e-43db-4ed9-9c16-0764a313062a,,,BCG and OPV given or planned before discharge,BCG and OPV,BCG and oral polio vaccine zero doses were given or planned before discharge,Finding,N/A,,,1,1
b2f1a62a-8479-458c-b4f9-6c52b869973d,,,Mother companion will seek help for danger signs after birth,Danger signs after birth,Mother or companion understands to seek immediate help if maternal or newborn danger signs appear after birth,Finding,N/A,,,1,1
f6990226-37ff-4916-b163-d48133c35546,,,Safe birth soon after birth newborn care checklist,Newborn after-birth checklist,Immediate post-birth newborn care interventions confirmed on safe birth checklist,Question,Coded,6293c4d5-2637-4567-8901-234567abcd10;4293c4d5-2637-4567-8901-234567abcd08;5293c4d5-2637-4567-8901-234567abcd09;72b48c81-39d3-455c-9a99-469bf2bf0079;cd0a543e-43db-4ed9-9c16-0764a313062a;b2f1a62a-8479-458c-b4f9-6c52b869973d,,1,2
b1f0f900-24f5-48d6-897b-78ae76c3de47,,,Safe birth checklist soon after birth observation group,SBC soon after group,Observation grouping for safe birth checklist items completed soon after birth,Question,N/A,,8526f708-5960-7890-1234-567890abcd12;fa19d295-73cc-4aa5-beb7-f317aa08ce2b;7c46f49b-c2ed-4ab4-b51f-7b4a433c8767;41526374-5869-7890-1234-567890456789;f6990226-37ff-4916-b163-d48133c35546,1,2
fade50fe-daac-4eea-9fa7-9a2aa895b156,,,Baby needs antibiotic therapy before discharge,Baby antibiotics discharge,Whether the newborn needs antibiotic therapy started or continued before discharge,Question,Coded,1065AAAAAAAAAAAAAAAAAAAAAAAAAAAAAAAA;1066AAAAAAAAAAAAAAAAAAAAAAAAAAAAAAAA,,1,2
1ab37156-26a7-4662-9c68-e3bc56d10bc4,,,Postpartum danger signs help seeking confirmed after discharge,Danger signs at home,Whether mother or companion was confirmed to know to call for help after discharge if danger signs occur,Question,Coded,1065AAAAAAAAAAAAAAAAAAAAAAAAAAAAAAAA;1066AAAAAAAAAAAAAAAAAAAAAAAAAAAAAAAA,,1,2
85acc6cb-5355-4a8b-bfbb-70d897d4d6ad,,,Safe birth checklist provider date and signature subgroup,SBC provider signature group,Subgroup for date and signature on safe birth checklist after birth form,Question,N/A,,5bbbe370-d3ff-4526-a63b-df5c579ca30c;28794bbc-ad22-4d8e-a8a3-8147bdfef6cd,1,2
4c6f1d03-5143-4264-b255-27bf97d680d0,,,Safe birth checklist provider documentation group,SBC provider group,Observation group for provider attestation on safe birth checklist after birth,Question,N/A,,85acc6cb-5355-4a8b-bfbb-70d897d4d6ad,1,2
a35e4c36-5ffb-49a2-a3d2-b05c82daec39,,,Safe birth checklist before discharge observation group,SBC before discharge group,Observation grouping for safe birth checklist items assessed before maternal discharge,Question,N/A,,6304d5e6-3748-5678-9012-345678abcd10;7415e6f7-4859-6789-0123-456789abcd11;fade50fe-daac-4eea-9fa7-9a2aa895b156;1859203c-8293-0123-4567-890123abcd15;1ab37156-26a7-4662-9c68-e3bc56d10bc4;4c6f1d03-5143-4264-b255-27bf97d680d0,1,2
f071a793-2e26-4681-bd99-c014f8085594,,,Low-dose aspirin for secondary stroke prevention,Stroke aspirin,Whether the patient takes low-dose aspirin for secondary stroke prevention,Question,Coded,1065AAAAAAAAAAAAAAAAAAAAAAAAAAAAAAAA;1066AAAAAAAAAAAAAAAAAAAAAAAAAAAAAAAA,,1,2
28850b40-016e-401d-a4be-6d0dc2729a82,,,Patient qualifies for atorvastatin therapy,Qualifies atorvastatin,Whether the patient meets criteria to receive atorvastatin for vascular risk reduction,Question,Coded,1065AAAAAAAAAAAAAAAAAAAAAAAAAAAAAAAA;1066AAAAAAAAAAAAAAAAAAAAAAAAAAAAAAAA,,1,2
f0063e54-fbca-47fc-8fae-2f0452d627cc,,,Patient has hypertension,Has hypertension,Whether the patient has a diagnosis of hypertension,Question,Coded,1065AAAAAAAAAAAAAAAAAAAAAAAAAAAAAAAA;1066AAAAAAAAAAAAAAAAAAAAAAAAAAAAAAAA,,1,2
231fba8a-caaa-41fa-8930-788d8b826753,,,Hypertension controlled,HTN controlled,Whether the patient's hypertension is considered controlled on clinical assessment,Question,Coded,1065AAAAAAAAAAAAAAAAAAAAAAAAAAAAAAAA;1066AAAAAAAAAAAAAAAAAAAAAAAAAAAAAAAA,,1,2
d38fcd7e-39ac-4340-8e19-7a91fc038847,,,Patient has diabetes mellitus,Has diabetes,Whether the patient has diabetes mellitus,Question,Coded,1065AAAAAAAAAAAAAAAAAAAAAAAAAAAAAAAA;1066AAAAAAAAAAAAAAAAAAAAAAAAAAAAAAAA,,1,2
f95dadbc-5a8b-466a-87bb-b69cf6731331,,,Diabetes mellitus controlled,DM controlled,Whether the patient's diabetes mellitus is considered controlled on clinical assessment,Question,Coded,1065AAAAAAAAAAAAAAAAAAAAAAAAAAAAAAAA;1066AAAAAAAAAAAAAAAAAAAAAAAAAAAAAAAA,,1,2
da878016-590a-4e0f-ab0c-e1fd0ffc166e,,,Past surgical history narrative,Past surgical hx,Free text narrative of the patient's past surgical history for trauma or emergency documentation,Question,Text,,,1,1
c29af156-2787-40af-a7f9-74d3a6a833e9,,,Trauma physical examination details,Trauma exam details,Free text narrative of physical examination findings for trauma encounter,Question,Text,,,1,1
28f95783-4c21-4ce9-b879-3e5787723e48,,,Trauma physical assessment group,Trauma physical group,Observation group for physical examination documentation on trauma notes,Question,N/A,,c29af156-2787-40af-a7f9-74d3a6a833e9,1,2
be73b559-c076-4f6a-8834-f972d04a2c59,,,List of injuries to date,Injury list,Chronological or cumulative list of injuries documented for the trauma patient,Question,Text,,,1,1
0def3448-3635-41ca-ba59-4d87a1af5fff,,,Trauma chest X-ray findings narrative,Trauma CXR,Narrative findings for chest radiograph in trauma evaluation,Question,Text,,,1,1
09e5096b-ade9-4d35-90cb-33d457b62b60,,,Trauma pelvis imaging findings narrative,Trauma pelvis imaging,Narrative findings for pelvis imaging in trauma evaluation,Question,Text,,,1,1
1ddaebcf-21da-4d91-a7cb-3ecb2bf607e8,,,Trauma cervical spine imaging findings narrative,Trauma C-spine imaging,Narrative findings for cervical spine imaging in trauma evaluation,Question,Text,,,1,1
3c51ca39-399a-4200-9405-f87b8d217a86,,,Trauma thoracic lumbar sacral spine imaging findings narrative,Trauma TLS spine imaging,Narrative findings for thoracic lumbar or sacral spine imaging in trauma evaluation,Question,Text,,,1,1
23b5ebe7-70ef-4334-b8ba-4a7373dc3e1d,,,Trauma other radiological findings narrative,Trauma other imaging,Narrative findings for other radiological studies in trauma evaluation,Question,Text,,,1,1
95189718-5911-4c9b-8d32-debdbca4875e,,,Trauma extremity imaging findings narrative,Trauma extremity imaging,Narrative findings for extremity imaging in trauma evaluation,Question,Text,,,1,1
8fa9c173-ba08-46a0-86bf-0d4cd6b1a615,,,Trauma radiological findings group,Trauma radiology group,Observation group for site-specific radiology narrative on trauma notes,Question,N/A,,0def3448-3635-41ca-ba59-4d87a1af5fff;09e5096b-ade9-4d35-90cb-33d457b62b60;1ddaebcf-21da-4d91-a7cb-3ecb2bf607e8;3c51ca39-399a-4200-9405-f87b8d217a86;23b5ebe7-70ef-4334-b8ba-4a7373dc3e1d;95189718-5911-4c9b-8d32-debdbca4875e,1,2
a9ae8835-6d4d-452f-bb5f-ad44a1ff8014,,,Trauma laboratory trends narrative,Trauma lab trends,Narrative summary of laboratory values and trends during trauma care,Question,Text,,,1,1
77c9a7b2-5eae-484f-ab30-7a0eafdcc31e,,,Tetanus toxoid dose 1 TT1 documentation group,TT1 group,Observation group for tetanus toxoid first dose date and next visit on TTI immunization form,Question,N/A,,1410AAAAAAAAAAAAAAAAAAAAAAAAAAAAAAAA;5096AAAAAAAAAAAAAAAAAAAAAAAAAAAAAAAA,1,2
027eb50d-561c-4a89-b8b8-6ea7ccaaf279,,,Tetanus toxoid dose 2 TT2 documentation group,TT2 group,Observation group for tetanus toxoid second dose date and next visit on TTI immunization form,Question,N/A,,1410AAAAAAAAAAAAAAAAAAAAAAAAAAAAAAAA;5096AAAAAAAAAAAAAAAAAAAAAAAAAAAAAAAA,1,2
e3594955-dde9-4992-8ed2-71e53e016761,,,Tetanus toxoid dose 3 TT3 documentation group,TT3 group,Observation group for tetanus toxoid third dose date and next visit on TTI immunization form,Question,N/A,,1410AAAAAAAAAAAAAAAAAAAAAAAAAAAAAAAA;5096AAAAAAAAAAAAAAAAAAAAAAAAAAAAAAAA,1,2
c9aaa257-8af8-4c95-8f47-1defe72296a3,,,Tetanus toxoid dose 4 TT4 documentation group,TT4 group,Observation group for tetanus toxoid fourth dose date and next visit on TTI immunization form,Question,N/A,,1410AAAAAAAAAAAAAAAAAAAAAAAAAAAAAAAA;5096AAAAAAAAAAAAAAAAAAAAAAAAAAAAAAAA,1,2
61269792-c93b-4b36-972b-e08f67d154ce,,,Tetanus toxoid dose 5 TT5 documentation group,TT5 group,Observation group for tetanus toxoid fifth dose date and next visit on TTI immunization form,Question,N/A,,1410AAAAAAAAAAAAAAAAAAAAAAAAAAAAAAAA;5096AAAAAAAAAAAAAAAAAAAAAAAAAAAAAAAA,1,2
916bb536-4ffc-4713-a21c-3e69988d1e6b,,,Ultrasound transducer probe used,USG probe,Transducer or probe identifier or description used for the ultrasound examination,Question,Text,,,1,1
4f3c08ac-532d-4a97-befc-fc2cd55917d0,,,Ultrasound probe disinfected before patient examination,USG cleaned before,Whether the ultrasound transducer was cleaned or disinfected before use on the patient,Question,Coded,1065AAAAAAAAAAAAAAAAAAAAAAAAAAAAAAAA;1066AAAAAAAAAAAAAAAAAAAAAAAAAAAAAAAA,,1,2
50c65743-b332-4320-8cd7-6086b7b0f93d,,,Ultrasound examination findings narrative,USG findings,Free text narrative of ultrasound examination findings,Question,Text,,,1,1
853a9011-b9b4-42cd-b99d-44af2ea87b1f,,,Ultrasound probe disinfected after patient examination,USG cleaned after,Whether the ultrasound transducer was cleaned or disinfected after use on the patient,Question,Coded,1065AAAAAAAAAAAAAAAAAAAAAAAAAAAAAAAA;1066AAAAAAAAAAAAAAAAAAAAAAAAAAAAAAAA,,1,2
56d5b8ed-25a9-4407-a148-ca49a81eaea1,,,Spontaneous rupture of membranes SROM,SROM,Spontaneous non-artificial rupture of amniotic membranes during labor,Finding,N/A,,,1,1
c2b8a0b8-0905-41a2-abe3-47e205e208d6,,,Membrane rupture spontaneous versus artificial,ROM mode,Whether membranes ruptured spontaneously or were ruptured artificially during labor assessment,Question,Coded,56d5b8ed-25a9-4407-a148-ca49a81eaea1;0748192f-7182-9012-3456-789012abcd17,,1,2
cbcd8cf2-a54a-461d-9b4e-5f64b32753de,,,Fetal station labor assessment,Fetal station,Documentation of fetal station during cervical examination in labor,Question,Text,,,1,1
19e24dc9-ef26-4ca0-ab4b-db91b0242a2e,,,Intrapartum labor symptom description,Labor symptoms,Free text description of maternal symptoms during labor or trial of labor after cesarean monitoring,Question,Text,,,1,1
162d74f2-4960-403a-b465-7ceef6ac5243,,,Past year clinical events count zero,0 in past year,Zero qualifying clinical events in the past year for ordinal count questions,Finding,N/A,,,1,1
ef5bfb17-a751-4eaf-ae45-966f472e788a,,,Past year clinical events count one,1 in past year,One qualifying clinical event in the past year for ordinal count questions,Finding,N/A,,,1,1
309865fb-fe2b-427a-ac6c-ab23c9e04c75,,,Past year clinical events count two,2 in past year,Two qualifying clinical events in the past year for ordinal count questions,Finding,N/A,,,1,1
6af2bd95-23ff-4a38-bb5f-c261ab7d298a,,,Past year clinical events count three or more,3+ in past year,Three or more qualifying clinical events in the past year for ordinal count questions,Finding,N/A,,,1,1
e0f5b535-5a62-4823-9202-1440cee1dd98,,,Asthma exacerbations in past year,Asthma exacerbations,Number of asthma exacerbations in the past year,Question,Coded,162d74f2-4960-403a-b465-7ceef6ac5243;ef5bfb17-a751-4eaf-ae45-966f472e788a;309865fb-fe2b-427a-ac6c-ab23c9e04c75;6af2bd95-23ff-4a38-bb5f-c261ab7d298a,,1,2
2fd211c8-bedd-4849-8aeb-4dd4532d1687,,,Asthma-related hospitalizations in past year,Asthma hospitalizations,Number of hospitalizations related to asthma in the past year,Question,Coded,162d74f2-4960-403a-b465-7ceef6ac5243;ef5bfb17-a751-4eaf-ae45-966f472e788a;309865fb-fe2b-427a-ac6c-ab23c9e04c75;6af2bd95-23ff-4a38-bb5f-c261ab7d298a,,1,2
f5d75ce4-f460-4bd2-ada9-4fe0ea0a9075,,,Asthma intermittent severity class,Intermittent asthma,Asthma classified as intermittent severity,Finding,N/A,,,1,1
5838d8ed-ef22-4827-86a6-1c36482fba84,,,Asthma mild persistent severity class,Mild persistent asthma,Asthma classified as mild persistent severity,Finding,N/A,,,1,1
5efa8ffa-d0eb-401c-aadf-468755b16add,,,Asthma moderate persistent severity class,Moderate persistent asthma,Asthma classified as moderate persistent severity,Finding,N/A,,,1,1
0ecf806a-37b4-457d-998c-0b985d114f4d,,,Asthma severe persistent severity class,Severe persistent asthma,Asthma classified as severe persistent severity,Finding,N/A,,,1,1
3a905f84-7889-49d2-b37c-dad86dde5e2d,,,Severe asthma classification,Severe asthma,Severe asthma as a distinct management category,Finding,N/A,,,1,1
8ae7fa5e-f6c0-473b-b247-00c0ae4efa2f,,,Asthma severity or control category,Asthma category,Overall asthma severity or control category for longitudinal follow-up,Question,Coded,f5d75ce4-f460-4bd2-ada9-4fe0ea0a9075;5838d8ed-ef22-4827-86a6-1c36482fba84;5efa8ffa-d0eb-401c-aadf-468755b16add;0ecf806a-37b4-457d-998c-0b985d114f4d;3a905f84-7889-49d2-b37c-dad86dde5e2d,,1,2
5c2c5f15-4f0e-491f-a439-d799841ddacd,,,Peak expiratory flow today,Peak flow today,Peak expiratory flow rate measured at this visit typically in liters per minute,Question,Numeric,,,1,1
3ae3fb0f-6304-4d8b-93f3-154d719bb4dc,,,Rescue inhaler uses per week,Rescue inhaler/week,Number of times per week the patient uses rescue bronchodilator inhaler,Question,Numeric,,,1,1
30d0c864-7b5d-4f34-8569-28eed73d824d,,,Nocturnal dyspnea awakenings per week,Night SOB/week,Number of nights per week with awakenings due to shortness of breath,Question,Numeric,,,1,1
0758697b-2192-012d-7456-89def0123456,,,LAFP side effects experienced,LAFP side effects,Patient experienced side effects from long acting family planning method requiring removal,Finding,N/A,,,1,1
16e4f22a-3e7c-4ca0-a566-2d5cc064a33c,,,Date of LAFP insertion,LAFP insertion date,Date when long acting family planning method was originally inserted before removal,Question,Date,,,1,1
1869708c-3203-123e-8567-9ef012345678,,,Misconception about LAFP,LAFP misconception,Patient had misconceptions about long acting family planning method leading to removal request,Finding,N/A,,,1,1
1cfad561-a4b2-42b1-8b5b-7402f3f81d5e,,,Want to get pregnant for LAFP removal,Want pregnancy,Patient wants to get pregnant as reason for LAFP removal,Finding,N/A,,,1,1
1e6f7081-9203-1234-ef56-789012345abc,,,Within facility,,LAFP service received within the current healthcare facility,Finding,N/A,,,1,1
2970819d-4314-234f-9678-0ef123456789,,,Death or other serious reason,Death other reason,LAFP removal due to death of partner or other serious circumstances,Finding,N/A,,,1,1
2f708192-a314-2345-f678-90123456bcde,,,Hospital out of facility,Hospital external,LAFP service received at external hospital facility,Finding,N/A,,,1,1
3081920a-b425-3456-0789-123456cdefab,,,Health center out of facility,Health center external,LAFP service received at external health center,Finding,N/A,,,1,1
4192031b-c536-4567-1890-23456defabcd,,,Health post out of facility,Health post external,LAFP service received at external health post,Finding,N/A,,,1,1
5203142c-d647-5678-2901-3456efabcdef,,,Private clinic out of facility,Private clinic external,LAFP service received at external private clinic,Finding,N/A,,,1,1
0d5e6f70-8192-0123-def4-456789012345,,,Place where LAFP was received,LAFP service location,Location where patient originally received the long acting family planning method,Question,Coded,1e6f7081-9203-1234-ef56-789012345abc;2f708192-a314-2345-f678-90123456bcde;3081920a-b425-3456-0789-123456cdefab;4192031b-c536-4567-1890-23456defabcd;5203142c-d647-5678-2901-3456efabcdef;1536AAAAAAAAAAAAAAAAAAAAAAAAAAAAAAAA;1537AAAAAAAAAAAAAAAAAAAAAAAAAAAAAAAA;1538AAAAAAAAAAAAAAAAAAAAAAAAAAAAAAAA,,1,2
5474bf3c-ab47-441f-848a-9640cb5c6056,,,Date of LAFP removal service,LAFP removal date,Date when long acting family planning removal service was provided to patient,Question,Date,,,1,1
5def6330-0816-4efb-a9e3-131aa6020392,,,IUD removal quantity,IUD removed,Number of intrauterine devices removed during LAFP removal procedure,Question,Numeric,,,1,1
6314253d-e758-6789-3012-456fabcdef01,,,Implanon removal quantity,Implanon removed,Number of Implanon implants removed during LAFP removal procedure,Question,Numeric,,,1,1
7425364e-f869-789a-4123-567abcdef012,,,Sino-implant removal quantity,Sino-implant removed,Number of Sino-implant devices removed during LAFP removal procedure,Question,Numeric,,,1,1
809ed07d-803f-43b9-aa6a-1d11475fd08b,,,Post removal contraceptive provided,Post removal contraceptive,Question asking if contraceptive method was provided to patient after LAFP removal,Question,Coded,1065AAAAAAAAAAAAAAAAAAAAAAAAAAAAAAAA;1066AAAAAAAAAAAAAAAAAAAAAAAAAAAAAAAA,,1,2
8536475f-0970-890b-5234-678bcdef0123,,,Other LAFP removal quantity,Other LAFP removed,Number of other long acting family planning devices removed not specified above,Question,Numeric,,,1,1
9647586a-1081-901c-6345-789cdef01234,,,LAFP removal on recommended time,Removal on time,LAFP removal performed at the recommended time according to method guidelines,Finding,N/A,,,1,1
a192b3c4-d5e6-f789-0123-456789abcdef,,,Reason for LAFP removal,Removal reason,Question asking for the specific reason why long acting family planning method was removed,Question,Coded,9647586a-1081-901c-6345-789cdef01234;1778AAAAAAAAAAAAAAAAAAAAAAAAAAAAAAAA;160571AAAAAAAAAAAAAAAAAAAAAAAAAAAAAA;1869708c-3203-123e-8567-9ef012345678;5622AAAAAAAAAAAAAAAAAAAAAAAAAAAAAAAA;0758697b-2192-012d-7456-89def0123456;2970819d-4314-234f-9678-0ef123456789;1cfad561-a4b2-42b1-8b5b-7402f3f81d5e,,1,2
af6b6a00-bcd9-4f86-9f7f-4735f3069669,,,HIV specific counseling methods offered,HIV specific counseling,Question asking if HIV-specific counseling or prevention methods were offered during family planning visit,Question,Coded,1065AAAAAAAAAAAAAAAAAAAAAAAAAAAAAAAA;1066AAAAAAAAAAAAAAAAAAAAAAAAAAAAAAAA,,1,2
d2d5eaca-8fa4-463f-94b4-7e0a487dfd3f,,,Jadelle removal quantity,Jadelle removed,Number of Jadelle implants removed during LAFP removal procedure,Question,Numeric,,,1,1
e2dfa849-7927-485b-8005-075e1000e601,,,HIV positive patient linked to ART,HIV linked ART,Question asking if HIV positive patient was successfully linked to antiretroviral therapy,Question,Coded,1065AAAAAAAAAAAAAAAAAAAAAAAAAAAAAAAA;1066AAAAAAAAAAAAAAAAAAAAAAAAAAAAAAAA,,1,2
e8b2caff-1807-443b-99bd-8915b6cb6c53,,,Alive birth outcome,Alive birth,Live born infant outcome,Finding,N/A,,,1,1
69397700-ca8a-4549-8d10-7a63a4db8eac,,,Fresh still birth outcome,Fresh still birth,Stillbirth with apparent recent fetal death without maceration,Finding,N/A,,,1,1
b58ec93b-99db-44bd-b5d8-8652b39bb20e,,,Macerated still birth outcome,Macerated still birth,Stillbirth with maceration changes indicating longer intrauterine fetal demise,Finding,N/A,,,1,1
0f844c38-b1e3-4af5-9c44-b7bd1b036b0a,,,Miscarriage outcome,Miscarriage,Pregnancy loss before viability as recorded birth outcome,Finding,N/A,,,1,1
8053d67f-308f-4a37-87fe-593d773f2f3f,,,Preterm birth outcome,Preterm,Preterm birth as recorded qualitative outcome,Finding,N/A,,,1,1
8e50019b-d524-4de5-bfb4-a5e5d77dd87c,,,Qualitative birth/delivery outcome,Birth outcome,Categorical outcome of the birth or delivery episode for documentation on delivery summary and maternity forms,Question,Coded,e8b2caff-1807-443b-99bd-8915b6cb6c53;69397700-ca8a-4549-8d10-7a63a4db8eac;b58ec93b-99db-44bd-b5d8-8652b39bb20e;0f844c38-b1e3-4af5-9c44-b7bd1b036b0a;8053d67f-308f-4a37-87fe-593d773f2f3f,,1,2
0cd852fd-6252-4a76-bf1f-c0767fcd3a5d,,,Suspicious for cervical cancer on screening examination,Suspicious for cancer,Clinical impression that cervical screening examination findings are suspicious for malignancy,Question,Boolean,,,1,1
f1a3c5d7-8b2e-4f90-a6c1-2d4e6f8a0b1c,,,Cytology Pap smear or liquid based cytology screening performed,Cytology screening,Whether cervical cytology Pap smear or liquid based cytology screening was performed at this visit,Question,Boolean,,,1,1
22c70f1b-e534-4584-af08-54d9554971e5,,,Prior mental health and treatment history,Prior MH history,"Free-text summary of earlier mental health concerns, services, and treatments relevant to this encounter.",Question,Text,,,1,1
b560983b-cbc0-49c3-a3cf-6f5e2944e1ea,,,Personal and psychosocial history,Psychosocial history,"Free-text life context including development, relationships, occupation, stressors, strengths, and social supports relevant to mental health.",Question,Text,,,1,1
6abb19d0-9c43-4a91-b150-693d57c6f916,,,Speech and language observation,Speech,"Clinician note on rate, rhythm, volume, tone, and clarity of speech observed during the encounter.",Question,Text,,,1,1
b10fd204-bcc1-487f-9f2e-0382474311e8,,,Mood and observed affect,Mood and affect,"Clinician note on mood, emotional range, congruence with stated feelings, and related non-verbal cues.",Question,Text,,,1,1
7e878fe7-52f0-4a84-9996-ee0c464737d0,,,Thought process observation,Thought process,"Clinician note on organization, flow, and coherence of verbalized thinking (e.g. goal-directed versus circumstantial).",Question,Text,,,1,1
34907af8-e8c0-49de-9536-df41d626d0a7,,,Thought content observation,Thought content,"Clinician note on themes, concerns, and priorities the person describes, without embedding a diagnosis in the concept.",Question,Text,,,1,1
6f03daa7-955b-4144-a4a9-248010476e8b,,,Perception and sensory experiences,Perception,Clinician note on sensory experiences and perception as reported or observed during assessment.,Question,Text,,,1,1
10078ecd-74bb-410c-ac0c-f4ab7811f0ab,,,Consciousness and sensorium,Sensorium,"Clinician note on level of consciousness, clarity, and overall sensorium as assessed.",Question,Text,,,1,1
ebae15f6-d130-4017-abc8-13b01efb8b88,,,Alertness and responsiveness,Alertness,"Clinician note on wakefulness, alertness, and responsiveness to the environment and interviewer.",Question,Text,,,1,1
9690a50f-d351-46d4-b6da-d7b0709c323c,,,Orientation assessment,Orientation,"Clinician note on orientation to person, place, time, and situation as assessed.",Question,Text,,,1,1
d50b181c-f719-484a-8939-bd471352403c,,,Attention and concentration,Attention,"Clinician note on sustained attention, distractibility, and concentration during the encounter.",Question,Text,,,1,1
65cb67fd-5106-4d1b-a35a-2ce2e6d1e681,,,General knowledge demonstrated,General knowledge,Clinician note on general knowledge and factual recall demonstrated during assessment.,Question,Text,,,1,1
026c8186-9422-4f98-961a-44edd6971ea9,,,Abstract reasoning observation,Abstraction,"Clinician note on abstract or conceptual thinking (e.g. similarities, proverbs) as assessed.",Question,Text,,,1,1
e5f0b00f-d60b-4cc9-abce-bd6640a67548,,,Insight into condition and care,Insight,"Clinician note on the person's awareness of symptoms, impact, and engagement with care, as assessed in context.",Question,Text,,,1,1
4b285a75-f135-40a0-9854-2c8e3345eeed,,,Judgement and decision-making,Judgement,"Clinician note on practical judgement, risk awareness, and decision-making as observed or discussed.",Question,Text,,,1,1
137e3642-6916-450f-8f26-c0db89419f41,,,Insulin administration documentation,Insulin notes,"Free text for insulin type, dose, route, or timing as recorded on a diabetes monitoring flow sheet.",Question,Text,,,1,1
c76f66c9-2733-4dd8-8b01-0b070fd18c19,,,Intermediate-acting insulin documentation,Lente or NPH notes,"Free text for intermediate- or longer-acting insulin (e.g. lente, isophane, NPH) as recorded on a monitoring chart.",Question,Text,,,1,1
aef2f02e-cd34-40ac-9aa7-c5cf78cc052e,,,Ketone check documentation,Ketone notes,"Free text for urine or blood ketone results, strip reading, or related clinical notes.",Question,Text,,,1,1
434a6e39-702e-4348-85ec-e31ed14399b0,,,Pharmacologic mental health treatment modality,Pharmacologic,Answer option indicating pharmacologic (medication-based) mental health treatment is the primary approach documented for this visit.,Finding,N/A,,,1,1
836d4703-51cf-4bf9-b156-c524c95adce2,,,Non-pharmacologic mental health treatment modality,Non-pharmacologic,"Answer option indicating non-pharmacologic mental health treatment (e.g. psychotherapy, psychosocial, or behavioral approaches) is the primary approach documented.",Finding,N/A,,,1,1
6344ed04-500c-4a45-9410-a0df83ece3ab,,,Primary mental health treatment approach documented,Treatment approach,Question asking which primary treatment approach is documented for this mental health follow-up visit (pharmacologic versus non-pharmacologic).,Question,Coded,434a6e39-702e-4348-85ec-e31ed14399b0;836d4703-51cf-4bf9-b156-c524c95adce2,,1,2
6035e6d7-f330-4cf8-b488-8a35e527b301,,,Nurse documenting care name,Nurse name,Free-text name or identifier of the nurse or equivalent nursing clinician documenting this encounter.,Question,Text,,,1,1
ecdf60b8-26ad-4e42-927f-edb6cb319640,,,Current clinical assessment narrative,Current assessment,"Free-text summary of current clinical status, relevant diagnoses, or monitoring focus at the time of medication documentation (e.g. PICU or critical care flow sheet).",Question,Text,,,1,1
0d447360-087c-4b53-8778-30a86080448e,,,Medication route documented (free text),Route documented,"Route of administration as written on the order or administration record (free text for IV, enteral, inhalation, or combined routes).",Question,Text,,,1,1
a54f1c31-32ec-4f1a-8f51-bb16c6cdd14b,,,Eligible for oral PrEP per screening,Oral PrEP eligible,Determination that the client meets criteria for oral pre-exposure prophylaxis at this screening visit.,Finding,N/A,,,1,1
1553bdeb-f8a3-43ea-a4e9-896c1afaec82,,,Not eligible for oral PrEP per screening,Oral PrEP not eligible,Determination that the client does not meet criteria for oral pre-exposure prophylaxis at this screening visit.,Finding,N/A,,,1,1
c616b8e1-b02e-45aa-8ed3-110666c1f7e8,,,Eligible for partner and family-based index case testing,P&FB ICT eligible,Determination that the client is eligible for partner and family-based index case testing at this visit.,Finding,N/A,,,1,1
7576a351-455b-4ee0-98cf-5c90dcb68802,,,Not eligible for partner and family-based index case testing,P&FB ICT not eligible,Determination that the client is not eligible for partner and family-based index case testing at this visit.,Finding,N/A,,,1,1
ddbcd060-2e46-4fee-894d-0ad89bc73b99,,,Contractual HIV status notification arrangement,Contractual notification,Planned approach in which HIV status disclosure follows a formal contractual or third-party arrangement with the contact.,Finding,N/A,,,1,1
4046f895-0e10-409b-8829-2f19a008ce05,,,Dual HIV status notification approach,Dual notification,Planned approach in which both the client and the health facility participate in notifying the contact of HIV status.,Finding,N/A,,,1,1
5ad174c4-3a68-489e-aa78-968ccaaa14e2,,,Intimate partner violence enhanced HIV notification pathway,IPV+ notification,Planned notification pathway that applies additional safeguards or procedures when intimate partner violence is a concern.,Finding,N/A,,,1,1
c8a9989f-f044-4769-bb12-0d303a8fedc9,,,Index client HIV care status verified,Index status verified,Whether the index client's current HIV-related care or clinical follow-up status was verified at this encounter.,Question,Coded,1065AAAAAAAAAAAAAAAAAAAAAAAAAAAAAAAA;1066AAAAAAAAAAAAAAAAAAAAAAAAAAAAAAAA,,1,2
87c2a330-5373-449c-a0d0-07f76d80f4be,,,Assessed for oral pre-exposure prophylaxis,Assessed for oral PrEP,Whether the client was clinically assessed for oral pre-exposure prophylaxis during this visit.,Question,Coded,1065AAAAAAAAAAAAAAAAAAAAAAAAAAAAAAAA;1066AAAAAAAAAAAAAAAAAAAAAAAAAAAAAAAA,,1,2
54ca9cbf-e91e-4d08-af97-1a19fd083bc6,,,Oral PrEP eligibility at screening visit,Oral PrEP eligibility,Categorical result of oral pre-exposure prophylaxis eligibility determination at this screening visit.,Question,Coded,a54f1c31-32ec-4f1a-8f51-bb16c6cdd14b;1553bdeb-f8a3-43ea-a4e9-896c1afaec82,,1,2
4b8aea3f-8496-4775-91d3-26f6d21a8378,,,Oral pre-exposure prophylaxis started,Oral PrEP started,Whether the client started oral pre-exposure prophylaxis.,Question,Coded,1065AAAAAAAAAAAAAAAAAAAAAAAAAAAAAAAA;1066AAAAAAAAAAAAAAAAAAAAAAAAAAAAAAAA,,1,2
252db87d-b6db-4d61-9f36-91c58ef1cce3,,,Date oral pre-exposure prophylaxis first started,Oral PrEP start date,Calendar date on which oral pre-exposure prophylaxis was first started for this client.,Question,Date,,,1,1
d6e11b3a-9b59-4c34-8bbd-a4b85e52fc11,,,Newly enrolled on PrEP at follow-up visit,Newly enrolled PrEP,Whether the client was newly enrolled on pre-exposure prophylaxis at this follow-up visit.,Question,Coded,1065AAAAAAAAAAAAAAAAAAAAAAAAAAAAAAAA;1066AAAAAAAAAAAAAAAAAAAAAAAAAAAAAAAA,,1,2
2e235dbc-ce27-48bb-8e6d-713cef0b14d3,,,Elevated HIV viral load concern at PrEP follow-up,HVL concern,Whether an elevated or high HIV viral load was a concern or finding documented at this PrEP follow-up visit.,Question,Coded,1065AAAAAAAAAAAAAAAAAAAAAAAAAAAAAAAA;1066AAAAAAAAAAAAAAAAAAAAAAAAAAAAAAAA,,1,2
8a4a8732-113c-4ae0-a627-262804abb9e9,,,Adult HIV treatment restarted after interruption,Treatment restarted,Whether adult antiretroviral treatment was restarted after an interruption as documented at this visit.,Question,Coded,1065AAAAAAAAAAAAAAAAAAAAAAAAAAAAAAAA;1066AAAAAAAAAAAAAAAAAAAAAAAAAAAAAAAA,,1,2
6a3306c9-4903-4a2d-a7c5-c09875809575,,,Sexual or needle-sharing partners with unknown HIV status,Partners HIV unknown,Whether any sexual or needle-sharing partners have unknown HIV status as elicited at this visit.,Question,Coded,1065AAAAAAAAAAAAAAAAAAAAAAAAAAAAAAAA;1066AAAAAAAAAAAAAAAAAAAAAAAAAAAAAAAA,,1,2
9979f7e5-628d-4504-b6fe-85ebf7d5b383,,,Biological children with unknown HIV status,Children HIV unknown,Whether any biological children have unknown HIV status as elicited at this visit.,Question,Coded,1065AAAAAAAAAAAAAAAAAAAAAAAAAAAAAAAA;1066AAAAAAAAAAAAAAAAAAAAAAAAAAAAAAAA,,1,2
a01e0d56-e3e3-420d-a637-f875e1717a85,,,Current sexually transmitted infection concern,Current STI concern,Whether a current sexually transmitted infection is suspected or documented at this visit.,Question,Coded,1065AAAAAAAAAAAAAAAAAAAAAAAAAAAAAAAA;1066AAAAAAAAAAAAAAAAAAAAAAAAAAAAAAAA,,1,2
701809f8-6191-4358-8423-71b04ebaf38f,,,Female sex worker key population classification,KP FSW,Whether the client is classified as a female sex worker within key population programming for this encounter.,Question,Coded,1065AAAAAAAAAAAAAAAAAAAAAAAAAAAAAAAA;1066AAAAAAAAAAAAAAAAAAAAAAAAAAAAAAAA,,1,2
21b08b80-f567-44c9-8660-557d33a24633,,,Eligibility for partner and family-based index case testing,P&FB ICT eligibility,Categorical eligibility for partner and family-based index case testing at this visit.,Question,Coded,c616b8e1-b02e-45aa-8ed3-110666c1f7e8;7576a351-455b-4ee0-98cf-5c90dcb68802,,1,2
e6727871-8df4-4464-9ed1-54e28843ddef,,,Partner and family-based index case testing services offered,P&FB ICT offered,Whether partner and family-based index case testing services were offered to the client.,Question,Coded,1065AAAAAAAAAAAAAAAAAAAAAAAAAAAAAAAA;1066AAAAAAAAAAAAAAAAAAAAAAAAAAAAAAAA,,1,2
3fb4ab72-6372-4c71-8698-1c358d344345,,,Partner and family-based index case testing services accepted,P&FB ICT accepted,Whether the client accepted partner and family-based index case testing services when offered.,Question,Coded,1065AAAAAAAAAAAAAAAAAAAAAAAAAAAAAAAA;1066AAAAAAAAAAAAAAAAAAAAAAAAAAAAAAAA,,1,2
27d60f25-74bc-48ce-ace2-53cf4db890e2,,,Partner and family-based ICT register serial number,P&FB ICT register S No.,Serial or line number recorded in the partner and family-based index case testing register when the client accepts the service.,Question,Text,,,1,1
11dc0dbb-dcc6-49d2-bc02-ea0b84f75cc9,,,Eligible for HIV viral load test this visit,VL test eligible,Whether the client is eligible for an HIV viral load test at this visit.,Question,Coded,1065AAAAAAAAAAAAAAAAAAAAAAAAAAAAAAAA;1066AAAAAAAAAAAAAAAAAAAAAAAAAAAAAAAA,,1,2
42914a23-63c2-4738-986a-9bb155616c7f,,,HIV status notification plan for elicited contact,Notification plan,Planned approach for disclosing or communicating HIV test-related information to an elicited partner or family contact.,Question,Coded,978AAAAAAAAAAAAAAAAAAAAAAAAAAAAAAAAA;5619AAAAAAAAAAAAAAAAAAAAAAAAAAAAAAAA;ddbcd060-2e46-4fee-894d-0ad89bc73b99;4046f895-0e10-409b-8829-2f19a008ce05;5ad174c4-3a68-489e-aa78-968ccaaa14e2;5622AAAAAAAAAAAAAAAAAAAAAAAAAAAAAAAA,,1,2
ff620a9f-8d6b-4996-99ac-33a503e112eb,,,Partner and family-based ICT offer details,P&FB ICT offer set,Grouped observations for offer acceptance and register documentation after P&FB ICT eligibility.,ConvSet,N/A,,e6727871-8df4-4464-9ed1-54e28843ddef;3fb4ab72-6372-4c71-8698-1c358d344345;27d60f25-74bc-48ce-ace2-53cf4db890e2,1,2
1416b193-0ad9-4013-b8fb-295ec69dac33,,,PrEP follow-up visit observations,PrEP follow-up set,Repeating set of observations captured at a pre-exposure prophylaxis follow-up visit within the screening encounter.,ConvSet,N/A,,5096AAAAAAAAAAAAAAAAAAAAAAAAAAAAAAAA;d6e11b3a-9b59-4c34-8bbd-a4b85e52fc11;2e235dbc-ce27-48bb-8e6d-713cef0b14d3;8a4a8732-113c-4ae0-a627-262804abb9e9;6a3306c9-4903-4a2d-a7c5-c09875809575;9979f7e5-628d-4504-b6fe-85ebf7d5b383;a01e0d56-e3e3-420d-a637-f875e1717a85;701809f8-6191-4358-8423-71b04ebaf38f;21b08b80-f567-44c9-8660-557d33a24633;ff620a9f-8d6b-4996-99ac-33a503e112eb,1,2
0ddcea85-b53c-4f26-8026-6bdf1c606a49,,,Elicited HIV contact for index testing,Elicited contact set,Repeating set of demographic relationship and test information for a contact elicited for partner or family-based HIV testing.,ConvSet,N/A,,1532AAAAAAAAAAAAAAAAAAAAAAAAAAAAAAAA;1587AAAAAAAAAAAAAAAAAAAAAAAAAAAAAAAA;160640AAAAAAAAAAAAAAAAAAAAAAAAAAAAAA;42914a23-63c2-4738-986a-9bb155616c7f;159427AAAAAAAAAAAAAAAAAAAAAAAAAAAAAA,1,2
e700edb1-f3d8-41b3-b81b-379692a283a9,,,Surgical site infection present,SSI present,Whether a surgical site infection is documented for this patient at this encounter.,Question,Coded,1065AAAAAAAAAAAAAAAAAAAAAAAAAAAAAAAA;1066AAAAAAAAAAAAAAAAAAAAAAAAAAAAAAAA,,1,2
2d3cd53b-9784-4c40-a296-ed37111472c5,,,Patient readmitted for surgical site infection,SSI readmission,Whether the patient was readmitted to care specifically due to a surgical site infection.,Question,Coded,1065AAAAAAAAAAAAAAAAAAAAAAAAAAAAAAAA;1066AAAAAAAAAAAAAAAAAAAAAAAAAAAAAAAA,,1,2
00a98c63-746a-4b4a-b8bd-72d5fdaf1dfa,,,Diagnosis at referral,Referral diagnosis,Diagnosis recorded at referral (ideally ICD-11 coded).,Question,Text,,,1,1
0437291f-333b-4d6e-983b-a1ae9f1c2868,,,Discharge,,Discharge,Finding,N/A,,,1,1
06398754-8865-4004-805e-926636d6d6c2,,,Stable (status),Stable,Stable classification result,Finding,N/A,,,1,1
07de3907-ad71-46d9-a6e2-18d1682faca6,,,Outcome,,Outcome,Question,Coded,0437291f-333b-4d6e-983b-a1ae9f1c2868;0878279e-af5b-4731-a1a2-915fce5725c5;164834AAAAAAAAAAAAAAAAAAAAAAAAAAAAAA;2db638fe-fb8e-4a4d-b372-d1996492230c;6365918e-4bf8-45ea-bafe-ca7707502505;b2f0b918-f65b-4bc3-8a4a-6f97e79b694d;ba49c378-aa2e-449f-81c4-75409e1ec20a;bffe3da4-030e-4426-84e8-f3b7d0ca69b6;c92fc968-5f6e-4bb8-8517-75a57d1a335e;1267AAAAAAAAAAAAAAAAAAAAAAAAAAAAAAAA;162677AAAAAAAAAAAAAAAAAAAAAAAAAAAAAA;162679AAAAAAAAAAAAAAAAAAAAAAAAAAAAAA;8b4f9d2d-569f-4c9e-8a5d-5127221648d5;b6d89254-f3a6-43b6-b9cf-97d9354044f3,,1,1
0878279e-af5b-4731-a1a2-915fce5725c5,,,Stillbirth (n/a),,Stillbirth,Finding,N/A,,,1,1
0939ac62-6494-45f6-a1a7-2efc373924bb,,,Triage referral attachment,Attachment,Uploaded referral document or file.,Misc,Complex,,,1,1
09510b9f-27fe-4071-8b10-df63fc1dc501,,,Receiving Department,,Receiving Department,Question,Coded,,,1,1
0afcf07c-b455-46af-aca4-32a387843172,,,Obstetric,,Obstetric,Finding,N/A,,,1,1
0b6da8af-6037-4e38-9e7e-5817a4a7c6d1,,,Head circumference-for-age z-score,HCFA z-score,Head circumference-for-age expressed as a z-score.,Question,Numeric,,,1,1
0bcd3813-27dc-4f78-8d37-151f693500ee,,,History of poisoning (triage sign),Poisoning (history),History of poisoning.,Finding,N/A,,,1,1
0c4ee1b0-dfda-41d7-9e2c-f4033b877bd7,,,Institution,,Institution,Finding,N/A,,,1,1
0d199a3c-a624-40fa-85cb-66825da8fc45,,,Triage priority signs 3R,3R,"Triage priority signs - Respiratory distress, Restlessness, Referral.",Question,Coded,127639AAAAAAAAAAAAAAAAAAAAAAAAAAAAAA;843b93f3-303a-4358-ae57-0ef855b5e79a;ad5d211b-1701-4cd0-b55b-dd681598ddc6,,1,2
0d44f301-ad84-40d7-9772-54b7ccdc4ec6,,,Triage Officer Notes,,Triage Officer Notes,Question,Text,,,1,1
10d2039e-52b7-4cd6-a99a-3467c19e2563,,,Airway Status,,Airway Status,Question,Coded,5962fb31-926b-4480-b8f1-870b6f99da58;888065b6-4fe6-4584-b62c-7698bba2582d;dfbcf4dc-eecb-4b78-b8c0-bbef698bb9a7,,1,1
172d4036-f5d7-4f1f-89ef-10cc52bef47b,,,Triage priority signs 3T,3T,"Triage priority signs - Tiny baby, Temperature, Trauma.",Question,Coded,fe27d978-07be-4fc3-9d09-ee29c7f0f90d;af12f3b3-b056-498c-9c5e-edd34dff72d6;72d950f7-17c5-469d-abf0-8882d656e049,,1,2
19811f54-57f6-4546-976e-6ebbb7e90cf4,,,Respiratory rhythm,Resp rhythm,Qualitative respiratory rhythm.,Question,Coded,d721e26c-4b0d-4e3a-967b-e98bf8870117;1d8e7336-6ece-4b88-9335-abdd10074ed5;0319d9c9-acdf-495d-8147-45d0f2eded5a;72e760d6-f370-4c9c-bf3b-e2ca284fc950,,1,2
1d5ec27c-c250-40ef-8416-fa6034a7faf6,,,Patient address for triage display,Address,"Patient address, auto-populated from demographics (display only).",Question,Text,,,1,1
1d8e7336-6ece-4b88-9335-abdd10074ed5,,,Irregular rhythm,Irregular,Irregular rhythm.,Finding,N/A,,,1,1
2105d28f-1ede-4687-ae51-f26a7e9f73f0,,,Other Known Illness,,Other Known Illness,Question,Coded,1065AAAAAAAAAAAAAAAAAAAAAAAAAAAAAAAA;1066AAAAAAAAAAAAAAAAAAAAAAAAAAAAAAAA,,1,1
2165808b-b59f-4844-9cf3-b4a9e9687260,,,Decreased Fetal Movement,,Decreased Fetal Movement,Finding,N/A,,,1,1
254fa001-263b-47c3-b2bc-b8385b29a96c,,,Assessment Notes,,Assessment Notes,Question,Text,,,1,1
255b89fc-8a01-4dae-90b3-613d65bb76bb,,,BMI Category,,Adult Body Mass Index classification category auto-calculated from height and weight (Underweight / Healthy Weight / Overweight / Obese). Coded question whose answers are the existing ICD-11 BMI band concepts.,Question,Coded,f1ac86a2-5934-49c5-aecc-16426e6b1d59;ad106589-fb33-4ce5-9159-0cf793996bce;590a7581-714a-4b47-a1c9-712501889e44;9f2f66bf-dc75-47ac-b201-c891a9d5bbd6,,1,2
2938ee83-ee6d-4ac3-b876-aa4ba794f310,,,Rectal temperature route,Rectal,Temperature measured rectally.,Finding,N/A,,,1,1
2b592c8a-f68c-47a1-a5ab-3087bd13ace5,,,Estimated Date of Delivery (EDD),,Estimated Date of Delivery (EDD),Question,Date,,,1,1
2c9764d5-f646-4c1b-898e-b6f426c028b9,,,Oxygen delivery method,O2 delivery,Method of oxygen delivery / respiratory support.,Question,Coded,162735AAAAAAAAAAAAAAAAAAAAAAAAAAAAAA;4fa4c5fa-bfcf-42ca-b608-316eb7a988c6;e9172fb7-3860-49de-ac30-678caf11f785;91e99b02-2be8-446f-9af2-ac07d77c9c0c;165998AAAAAAAAAAAAAAAAAAAAAAAAAAAAAA;02ef98f2-06a0-4282-bb7b-f83765495696;2caaf622-fb39-4a02-8d9f-35900d5605cf;326e8ff2-cb5e-4cc5-beac-bb38e493fec1;6616f57c-0dc8-441d-88e7-4197a2ced454;8ef9cb2d-96e6-45c6-9c4e-fd8df821c0ee,,1,2
2db638fe-fb8e-4a4d-b372-d1996492230c,,,Live Birth,,Live Birth,Finding,N/A,,,1,1
2df0fb84-1367-4cc5-95ed-0991be7ffd99,,,Pulse strength,,Qualitative pulse strength.,Question,Coded,78696882-91bd-43b1-b86f-c83b7e7f1c44;750c7a46-03f0-4cba-aa58-f5dc0efca955,,1,2
2e3d5576-9b19-4275-a220-33ac8e7f03da,,,Public Transport,,Public Transport,Finding,N/A,,,1,1
2ea8d091-3b80-4289-aeee-f0fe8a7d56ce,,,Increased inspiratory effort with retraction,Inspiratory effort,Increased inspiratory effort with retraction.,Finding,N/A,,,1,1
309ecfa6-f682-4867-8462-25f12344d2c9,,,Red (R),,Red (R),Finding,N/A,,,1,1
30e82928-1cb7-42dc-9d8c-65e4c50d7bad,,,Irregular rhythm type,Irregular type,Type of irregular rhythm.,Question,Coded,ad645582-de45-46b7-9094-b61b5fb3248c;458f9bbd-93c1-4b1a-b8cc-ea2cd8308771,,1,2
318144ad-5a4a-43bb-a181-dcb19ae19aab,,,Danger Sign Notes,,Danger Sign Notes,Question,Text,,,1,1
37a3f69d-5aac-4434-a927-20ead5a1c8a2,,,Referral for higher level of care,Higher care,Referral for a higher level of care.,Finding,N/A,,,1,1
37ed5720-b734-44b7-977c-f6f4abda8d38,,,Additional Danger Signs,,Additional Danger Signs,Question,Text,,,1,1
3820fed7-c2d9-4f7d-aae4-08b0cd728ed3,,,Gestational Age (numeric),,Gestational Age,Question,Numeric,,,1,1
3db9c82a-c8f4-47c1-a874-788097eaf10b,,,Pulse not palpable,,Indicates that the pulse is not palpable.,Question,Boolean,1065AAAAAAAAAAAAAAAAAAAAAAAAAAAAAAAA;1066AAAAAAAAAAAAAAAAAAAAAAAAAAAAAAAA,,1,2
3e40006f-c155-4e36-817c-cd2e63af7394,,,Other chronic medical illness specification,Other illness notes,Free text qualification when other chronic illness is selected,Question,Text,,,1,1
3e745228-31ab-48e0-b020-b34b5cb8a16d,,,Triage priority signs MOB,MOB,"Triage priority signs - Malnutrition, Oedema, Burn.",Question,Coded,c8c3d3cb-30e5-4e6b-980c-b78bfa289e1f;f4df0ad5-bbac-4b6d-81c5-2dbecd88ee1b;d1bb1ba2-c7f8-43cf-ac13-46ef76b9800e;45bb0b1a-0159-4cd6-8855-af08e89521a7,,1,2
3faf0630-c208-4b15-8ba1-ca94585b6d52,,,Convulsion (danger sign),,Convulsion,Finding,N/A,,,1,1
458f9bbd-93c1-4b1a-b8cc-ea2cd8308771,,,Irregularly irregular rhythm,Irregularly irregular,Irregularly irregular rhythm.,Finding,N/A,,,1,1
47b97a0e-bbe2-4aef-8cec-cff8dc253a5b,,,Abnormal Findings Present,,Abnormal Findings Present,Finding,N/A,,,1,1
482e588d-0da9-4ac5-845b-a3614a0ba6c9,,,Duration (in min),,Duration (in min),Question,Numeric,,,1,1
486bc0a1-5a06-4fec-8ddf-11acc3d671d5,,,Referral for specialist consultation,Specialist,Referral for specialist consultation.,Finding,N/A,,,1,1
4a21ce22-059e-4e73-9e97-400e1d59c367,,,Other emergency signs present,Other present,Whether other emergency signs are present.,Question,Boolean,1065AAAAAAAAAAAAAAAAAAAAAAAAAAAAAAAA;1066AAAAAAAAAAAAAAAAAAAAAAAAAAAAAAAA,,1,2
4c75c49f-0b82-43de-a098-e235e7cfd9ac,,,Intervention Details,,Intervention Details,Question,Text,,,1,1
4d934e4c-cf97-40b9-bffe-8d6765acd4bc,,,+ (molding grade),+,+,Finding,N/A,,,1,1
4fa4c5fa-bfcf-42ca-b608-316eb7a988c6,,,Nasal oxygen,,Oxygen via nasal cannula.,Finding,N/A,,,1,1
519b2d40-b640-4c43-ab26-365d0b1b41ad,,,Severe lower chest wall indrawing,Chest indrawing,Severe lower chest wall indrawing.,Finding,N/A,,,1,1
5207b02d-1178-4f54-b53b-36c1cad0b542,,,Head nodding,,Head nodding with respiration.,Finding,N/A,,,1,1
5216795d-694c-4baf-933f-592fe6ad0d62,,,Referral Diagnosis,,Referral Diagnosis,Question,Coded,,,1,1
56d1a25a-afe5-4778-aa0b-09352c261148,,,Airway and breathing problems,Airway problems,Airway and breathing problems identified at triage.,Question,Coded,892f9568-5086-4148-af4c-7d14f7d2cfe8;9a1d8458-512c-5df1-a068-f18ad856153b;8de0211b-6cae-474e-8e86-8b6325627679;6c025734-5328-540b-b0d0-75c89919c687;58566778-8990-6782-0126-c23456789a12;2ea8d091-3b80-4289-aeee-f0fe8a7d56ce;c62f1cd1-897c-456a-867c-71bc2e0c1677,,1,2
57300135-db51-42e7-b086-f06d0ab25424,,,SpO₂ (Eka),,SpO₂,Question,Numeric,,,1,1
57e6124b-1aa0-4314-bfc8-53325114a205,,,Use of auxiliary respiratory muscles,Auxiliary muscles,Use of auxiliary respiratory muscles.,Finding,N/A,,,1,1
5962fb31-926b-4480-b8f1-870b6f99da58,,,Compromised,,Compromised,Finding,N/A,,,1,1
5d0c0685-a166-4bd9-95ad-75cced418761,,,Chief complaint set,Chief complaint,Grouping concept for a chief complaint and its notes.,ConvSet,N/A,,5219AAAAAAAAAAAAAAAAAAAAAAAAAAAAAAAA;1a2b3c4d-5e6f-7890-abcd-ef1234567890;2c6ee693-5065-43ff-bfd7-7f8f997edf9e;e1455667-7889-5671-9015-5a123456789a;159368AAAAAAAAAAAAAAAAAAAAAAAAAAAAAA;b51fc02b-e7a9-4147-8658-9917acd5461c,1,2
5d903af3-fcf6-4822-8e67-ca1b5aed64bc,,,Capillary refill three seconds or more,Cap refill >=3s,Capillary refill time of three seconds or more.,Question,Boolean,1065AAAAAAAAAAAAAAAAAAAAAAAAAAAAAAAA;1066AAAAAAAAAAAAAAAAAAAAAAAAAAAAAAAA,,1,2
6045e0bc-3d8f-4c35-88ec-ee353cf1de32,,,Cord Prolapse,,Cord Prolapse,Finding,N/A,,,1,1
60c7864e-4a90-468f-81bf-94a6dea9c898,,,Unresponsive (level of consciousness),Unresponsive,Unresponsive,Finding,N/A,,,1,1
613973f3-817e-4b51-b79d-b04430e51df1,,,Other investigation notes,Other investigation,Free-text notes for other investigations not captured elsewhere.,Question,Text,,,1,1
61c417bc-49a9-41b8-a7a4-d640c824b95b,,,Fetal Heart Beat (FHB),,Fetal Heart Beat (FHB),Question,Numeric,,,1,1
6365918e-4bf8-45ea-bafe-ca7707502505,,,Transfer to Other Department,,Transfer to Other Department,Finding,N/A,,,1,1
637993b6-1631-4c2e-8917-0ef76d6875be,,,Referral Date,,Referral Date,Question,Date,,,1,1
6386244e-959f-4e6b-9657-67f6459f8089,,,Referral for admission,Admission,Referral for admission.,Finding,N/A,,,1,1
6ba5e776-387c-4d28-b318-6ec04ba14c77,,,Reason for referral (triage),Reason for referral,"Reason the patient was referred, for triage.",Question,Coded,37a3f69d-5aac-4434-a927-20ead5a1c8a2;486bc0a1-5a06-4fec-8ddf-11acc3d671d5;bc0b5de0-79d9-4989-8330-c7774fbc6be4;6386244e-959f-4e6b-9657-67f6459f8089;9213e9d3-97e7-4403-b915-29a8543da604,,1,1
6bb7d7aa-df51-4cfd-90ee-9fcfb9bdad9f,,,Triage level colour (emergency),Triage level,Overall emergency triage level (colour).,Question,Coded,ecee70d1-8ec1-42c4-9cc6-7ac6addf2517;876c9989-2492-422e-b034-1151860ae975;f05aee3c-ba96-4a43-b0b4-2894db7999d0;668a4165-5515-405d-9fd1-d2aaedd1dbbd,,1,1
6d891486-f21a-453a-ad05-d3df448de777,,,Arrival Time,,Arrival Time,Question,Date,,,1,1
70d68ce3-d932-4f97-a186-efb4c3608efc,,,Unstable,,Unstable classification result,Finding,N/A,,,1,1
72b2c7c3-15f6-43c7-aac5-9227da64f41f,,,Blood Pressure (BP) - Diastolic,,,Question,Numeric,,,1,1
7656b86c-32a4-4b39-9b72-9238812a8b03,,,Temporal (forehead) temperature route,Forehead,Temperature measured at the forehead (temporal/gun thermometer).,Finding,N/A,,,1,1
8175d665-7fc3-4919-8300-1ce50eb402e0,,,Ambulance (mode of arrival),,Ambulance,Finding,N/A,,,1,1
818757cc-9250-4325-b386-a9080b8a0cbd,,,Respiratory depth,Resp depth,Qualitative respiratory depth.,Question,Coded,c6d7e8f9-081f-4ca9-2734-ef0123456780;b5c6d7e8-f70e-4b98-1623-def01234567f;14e83323-26c1-49a7-b2da-7aa9de79d2b4;164487AAAAAAAAAAAAAAAAAAAAAAAAAAAAAA,,1,2
8236aa57-c3c4-4fe5-8230-c2f853076043,,,Last Normal Menstrual Period (LNMP),,Last Normal Menstrual Period (LNMP),Question,Date,,,1,1
82a3f5b6-7311-455c-84a2-362d4b5b04e2,,,Name of referring institution,Referring institution,Name of the institution that referred the patient.,Question,Text,,,1,1
868d07ca-9eca-408a-a5ac-6482dcdb8b83,,,Date and time of onset of illness or accident,Onset date/time,Date and time when the illness or accident started.,Question,Datetime,,,1,1
876c9989-2492-422e-b034-1151860ae975,,,Triage orange very urgent,Orange,Orange - very urgent.,Finding,N/A,,,1,1
881fbc70-657d-4f42-9749-6aacb54b4a86,,,Referring Institution,,Referring Institution,Question,Coded,,,1,1
888065b6-4fe6-4584-b62c-7698bba2582d,,,Patent,,Patent,Finding,N/A,,,1,1
8a375059-551f-4a07-9b76-3e8e2a28a19e,,,Exposure Status,,Exposure Status,Question,Coded,1115AAAAAAAAAAAAAAAAAAAAAAAAAAAAAAAA;47b97a0e-bbe2-4aef-8cec-cff8dc253a5b,,1,1
91e99b02-2be8-446f-9af2-ac07d77c9c0c,,,Continuous positive airway pressure,CPAP,On continuous positive airway pressure (CPAP).,Finding,N/A,,,1,1
9213e9d3-97e7-4403-b915-29a8543da604,,,Other reason for referral,Other reason,Other reason for referral.,Finding,N/A,,,1,1
92d5bda2-5755-4673-9dac-45fc407271af,,,Number of previous abortions,,Abortion,Question,Numeric,,,1,1
961273d3-371f-45d2-addf-927b171d4035,,,Referral Reason,,Referral Reason,Question,Text,,,1,1
97f70c8d-95e9-42da-87d5-8a2a6ccd9c20,,,Oxygen volume administered in litres,Oxygen (L),Oxygen volume administered in litres.,Question,Numeric,,,1,1
981402d5-a96d-4bc1-a336-012451b79b9b,,,Rural,,Rural,Finding,N/A,,,1,1
98b6233c-7cf8-4218-b516-d2142dad9a0a,,,Weight-for-height or length z-score,WFH/L z-score,Weight-for-height/length expressed as a z-score.,Question,Numeric,,,1,1
99b09cea-6460-4b81-8d80-c2814b11cbb8,,,Night (work shift),,Night,Finding,N/A,,,1,1
9baacdec-82a4-45b2-be94-d1fd9376f525,,,Final Notes,,Final Notes,Question,Text,,,1,1
a84241e7-a750-4821-8838-5f4d7ea18576,,,Oxygen flow rate in litres per minute,O2 flow (L/min),Oxygen flow rate in litres per minute.,Question,Numeric,,,1,1
a9a8149e-ed50-4e78-a9f4-bef8af0037ca,,,Cold hands,,Cold hands on examination.,Question,Boolean,1065AAAAAAAAAAAAAAAAAAAAAAAAAAAAAAAA;1066AAAAAAAAAAAAAAAAAAAAAAAAAAAAAAAA,,1,2
a9f06457-38d1-49ce-b5a2-852db39a4b4a,,,Diarrhoea present at triage,Diarrhoea,Diarrhoea present at triage.,Question,Boolean,1065AAAAAAAAAAAAAAAAAAAAAAAAAAAAAAAA;1066AAAAAAAAAAAAAAAAAAAAAAAAAAAAAAAA,,1,2
aaa42cc4-2d7c-4cf3-8f5f-9babc5de297b,,,Other emergency signs,Other signs,Other emergency signs identified at triage.,Question,Coded,147241AAAAAAAAAAAAAAAAAAAAAAAAAAAAAA;cc1fc145-41f6-4c9c-acc1-45e3599781fd;132338AAAAAAAAAAAAAAAAAAAAAAAAAAAAAA,,1,2
ad645582-de45-46b7-9094-b61b5fb3248c,,,Regularly irregular rhythm,Regularly irregular,Regularly irregular rhythm.,Finding,N/A,,,1,1
af12f3b3-b056-498c-9c5e-edd34dff72d6,,,Temperature very hot or very cold,Temp extreme,Child is very hot or very cold.,Finding,N/A,,,1,1
afcd1bc5-13e0-4f7f-a9b6-3f6b2b298fa4,,,Trauma,,Trauma,Finding,N/A,,,1,1
b2f0b918-f65b-4bc3-8a4a-6f97e79b694d,,,Admission,,Admission,Finding,N/A,,,1,1
b31eed46-9922-49ee-b5d4-aba34b4710ac,,,Arrival Other Specify,,Arrival Other Specify,Question,Text,,,1,1
b56a456d-ce7f-4f42-a8b6-86e3557df997,,,Inability to feed due to respiratory problems,Cannot feed,Inability to feed because of respiratory problems.,Finding,N/A,,,1,1
b5b26f02-d1ac-40c2-a7bb-4a5166524b21,,,General text question,Gen text,Generic free-text question fallback when no specific concept maps,Question,Text,,,1,1
b5b37992-eb8f-4d8a-bc06-85c567bed4c9,,,Weak and fast pulse present,Weak/fast pulse,Weak and fast pulse on examination.,Question,Boolean,1065AAAAAAAAAAAAAAAAAAAAAAAAAAAAAAAA;1066AAAAAAAAAAAAAAAAAAAAAAAAAAAAAAAA,,1,2
b66e3b0e-be51-4c39-ac01-4ffc2dfc2117,,,Severe dehydration signs (triage),Severe dehydration signs,"Signs of severe dehydration in a child with diarrhoea, for triage.",Question,Coded,14b52637-e859-6789-012d-ef0123456789;164457AAAAAAAAAAAAAAAAAAAAAAAAAAAAAA;1983AAAAAAAAAAAAAAAAAAAAAAAAAAAAAAAA;edbfc52e-de3e-45cf-b52b-3c4425c5a172,,1,1
b9190517-408c-4898-b4e9-035d742fe97d,,,Unresponsive on AVPU,Unresponsive,Patient is unresponsive to voice and pain (AVPU).,Finding,N/A,,,1,1
b9630673-92cc-4a80-9804-0678aa2b6e75,,,urban (residence),Urban,Urban,Finding,N/A,,,1,1
ba49c378-aa2e-449f-81c4-75409e1ec20a,,,Referral,,Referral,Finding,N/A,,,1,1
ba94514e-0642-4086-a8a5-7a3d014e37e6,,,Other known illness present,Other illness?,Whether the patient has another known illness.,Question,Boolean,1065AAAAAAAAAAAAAAAAAAAAAAAAAAAAAAAA;1066AAAAAAAAAAAAAAAAAAAAAAAAAAAAAAAA,,1,2
bc0b5de0-79d9-4989-8330-c7774fbc6be4,,,Referral for investigation or diagnostics,Investigation,Referral for investigation or diagnostics.,Finding,N/A,,,1,1
bd4ee675-f7bd-4c92-926e-742066bc9662,,,Constant Abdominal Pain,,Constant Abdominal Pain,Finding,N/A,,,1,1
bffe3da4-030e-4426-84e8-f3b7d0ca69b6,,,Observation,,Observation,Finding,N/A,,,1,1
c4ab2fb4-7d34-42f9-950a-7e8261cba9f9,,,Institution referral,Institution,Referred by an institution.,Finding,N/A,,,1,1
c4e50c3f-e05c-45df-a1a0-21d21de96f4d,,,Illness Diagnosis,,Illness Diagnosis,Question,Text,,,1,1
c547a15a-41d9-45b8-ba60-d72b4c2c296b,,,Severe respiratory distress signs,Severe resp distress,Signs of severe respiratory distress.,Question,Coded,519b2d40-b640-4c43-ab26-365d0b1b41ad;57e6124b-1aa0-4314-bfc8-53325114a205;5207b02d-1178-4f54-b53b-36c1cad0b542;411d2d0a-ad7e-5830-b578-8b9302a7f908;b56a456d-ce7f-4f42-a8b6-86e3557df997,,1,2
c62f1cd1-897c-456a-867c-71bc2e0c1677,,,Absent breath sounds despite respiratory effort,No breath sounds,Absent breath sounds despite respiratory effort (complete airway obstruction).,Finding,N/A,,,1,1
c6ab3ad0-4f09-4408-8d78-cab2c3d2f792,,,Tympanic (ear) temperature route,Ear,Temperature measured at the ear (tympanic).,Finding,N/A,,,1,1
c8c3d3cb-30e5-4e6b-980c-b78bfa289e1f,,,Malnutrition with visible severe wasting,Malnutrition,Malnutrition (visible severe wasting).,Finding,N/A,,,1,1
c92fc968-5f6e-4bb8-8517-75a57d1a335e,,,ICU/HDU,,ICU/HDU,Finding,N/A,,,1,1
c9528b14-d5ec-4c45-a7f6-619c6e7206e2,,,Temperature measurement route,Temp route,Route used to measure temperature.,Question,Coded,dec38730-9cd5-4ba9-b123-0e0f5aff1f15;e8bf0e40-3f47-4e28-a947-7784abd286a5;2938ee83-ee6d-4ac3-b876-aa4ba794f310;c6ab3ad0-4f09-4408-8d78-cab2c3d2f792;7656b86c-32a4-4b39-9b72-9238812a8b03;160240AAAAAAAAAAAAAAAAAAAAAAAAAAAAAA;3591287e-f4c1-4325-976f-e19951718c70;5112AAAAAAAAAAAAAAAAAAAAAAAAAAAAAAAA;6f56af83-c15a-4b92-9a8e-848275ae8294;b8c21d04-6424-480a-8987-7ee7b6e884e4,,1,2
cc1fc145-41f6-4c9c-acc1-45e3599781fd,,,Poisoning requiring immediate care,Poisoning (immediate),Poisoning requiring immediate care.,Finding,N/A,,,1,1
cc7dc22b-ec08-4aed-bbc2-7547237addb0,,,Residence,,Residence,Question,Coded,981402d5-a96d-4bc1-a336-012451b79b9b;b9630673-92cc-4a80-9804-0678aa2b6e75,,1,1
ce38ecf3-10ca-4227-bb48-5db53e9588cd,,,Para,,Para,Question,Numeric,,,1,1
d128112b-43e6-49e1-9db2-e04848bef867,,,Leakage of Fluid,,Leakage of Fluid,Finding,N/A,,,1,1
d1bb1ba2-c7f8-43cf-ac13-46ef76b9800e,,,burn (injury),Burn,Burn injury.,Finding,N/A,,,1,1
d2ecb899-60de-48ad-bfe8-5b14e2b5c1ce,,,Height or length-for-age z-score,H/LFA z-score,Height/length-for-age expressed as a z-score.,Question,Numeric,,,1,1
d3d35fb8-f5c0-45ed-8024-79409bacc8b7,,,Triage Time,,Triage Time,Question,Date,,,1,1
d5487d56-ee66-4a53-9d96-a8887ecec868,,,Prehospital care or first aid specification,Prehospital care,Specification of prehospital care or first aid given.,Question,Text,,,1,1
d5d870b9-50db-4179-9ebe-ea0af9d58aee,,,Assigned Triage Category,,Assigned Triage Category,Question,Coded,160910AAAAAAAAAAAAAAAAAAAAAAAAAAAAAA;309ecfa6-f682-4867-8462-25f12344d2c9;160909AAAAAAAAAAAAAAAAAAAAAAAAAAAAAA;f1c2c487-d400-4729-ac52-e34cb5f94a69,,1,1
d5f88633-71f9-48e2-9618-4c7dab53f73d,,,Pulse rhythm,,Qualitative pulse rhythm.,Question,Coded,d721e26c-4b0d-4e3a-967b-e98bf8870117;1d8e7336-6ece-4b88-9335-abdd10074ed5;0319d9c9-acdf-495d-8147-45d0f2eded5a;2167bf41-8839-4ef7-ae8b-06b605d762ef;3f20305f-ef44-40ff-b7c0-9c6fa7a29b10;72e760d6-f370-4c9c-bf3b-e2ca284fc950,,1,2
d684d4ae-33b5-4c8d-a344-eea8945ee538,,,Triage priority signs 3P,3P,"Triage priority signs - Pallor, Poisoning, Pain.",Question,Coded,7dd9e0f1-5a2b-345c-789d-678901234567;0bcd3813-27dc-4f78-8d37-151f693500ee;163477AAAAAAAAAAAAAAAAAAAAAAAAAAAAAA,,1,2
d721e26c-4b0d-4e3a-967b-e98bf8870117,,,Regular rhythm,Regular,Regular rhythm.,Finding,N/A,,,1,1
d9282919-d3ae-4978-840e-c0507c07071e,,,Convulsion during triage or while waiting,Convulsion (triage),Convulsion observed during the triage process or while waiting.,Question,Boolean,1065AAAAAAAAAAAAAAAAAAAAAAAAAAAAAAAA;1066AAAAAAAAAAAAAAAAAAAAAAAAAAAAAAAA,,1,2
db064a26-cf58-45c3-8108-f6c5e924a4d8,,,Disability Status,,Disability Status,Question,Coded,162644AAAAAAAAAAAAAAAAAAAAAAAAAAAAAA;162645AAAAAAAAAAAAAAAAAAAAAAAAAAAAAA;60c7864e-4a90-468f-81bf-94a6dea9c898;9694701e-109a-41d3-8adb-8f07670fbcb5,,1,1
dd1f6876-abb7-4ace-9ce4-3c91868b398e,,,Vital Signs Date/Time,,Vital Signs Date/Time,Question,Date,,,1,1
dec38730-9cd5-4ba9-b123-0e0f5aff1f15,,,Axillary temperature route,Axillary,Temperature measured at the axilla.,Finding,N/A,,,1,1
dfbcf4dc-eecb-4b78-b8c0-bbef698bb9a7,,,Threatened,,Threatened,Finding,N/A,,,1,1
e5106af6-91e5-44b6-8f60-32aa3f00c46e,,,Patient Type,,Patient Type,Question,Coded,0afcf07c-b455-46af-aca4-32a387843172;f4ebea4e-3858-4f97-8ca5-c7970f8d65ad,,1,1
e6004a61-6b0b-47be-880b-5ca4d63df664,,,Breathing Status,,Breathing Status,Question,Coded,1115AAAAAAAAAAAAAAAAAAAAAAAAAAAAAAAA;127639AAAAAAAAAAAAAAAAAAAAAAAAAAAAAA;7dcd7908-2118-43d3-b469-c90fb042836c,,1,1
e8bf0e40-3f47-4e28-a947-7784abd286a5,,,Oral temperature route,Oral,Temperature measured orally.,Finding,N/A,,,1,1
e9172fb7-3860-49de-ac30-678caf11f785,,,Oxygen by face mask,Face mask,Oxygen via face mask.,Finding,N/A,,,1,1
ec858446-3c75-41e8-8a50-e84c3fc3a3b3,,,AVPU responsiveness level,AVPU,AVPU level of consciousness.,Question,Coded,06b1ea54-e3a4-556d-9a09-dde8603d7cb8;162645AAAAAAAAAAAAAAAAAAAAAAAAAAAAAA;162644AAAAAAAAAAAAAAAAAAAAAAAAAAAAAA;b9190517-408c-4898-b4e9-035d742fe97d;9694701e-109a-41d3-8adb-8f07670fbcb5,,1,2
ec87bee8-2ed2-4e47-892b-750d1e03a70a,,,Circulation Status,,Circulation Status,Question,Coded,06398754-8865-4004-805e-926636d6d6c2;112989AAAAAAAAAAAAAAAAAAAAAAAAAAAAAA;70d68ce3-d932-4f97-a186-efb4c3608efc,,1,1
ed46d717-48f4-4d83-9dd5-4b53874f8d6f,,,Known Illness,,Known Illness,Question,Coded,1065AAAAAAAAAAAAAAAAAAAAAAAAAAAAAAAA;1066AAAAAAAAAAAAAAAAAAAAAAAAAAAAAAAA,,1,1
f1c2c487-d400-4729-ac52-e34cb5f94a69,,,Orange (triage category),,ORANGE,Finding,N/A,,,1,1
f21bd422-0d04-4e5b-aad5-9312110d2dc0,,,Referral source (self or institution),Referral source,Whether the patient is self-referred or referred by an institution.,Question,Coded,160551AAAAAAAAAAAAAAAAAAAAAAAAAAAAAA;32d9bb0d-ce32-4ac3-b65e-85832fe905bb;5622AAAAAAAAAAAAAAAAAAAAAAAAAAAAAAAA;95260d83-b779-4fb9-859e-e8ccb0d8d6be;978AAAAAAAAAAAAAAAAAAAAAAAAAAAAAAAAA;b7e66596-ba11-4fe2-bdc5-a3775c6cf4fa;c4ab2fb4-7d34-42f9-950a-7e8261cba9f9;c9ea5e58-6f10-484a-88f9-075fa641c018;ee7ce4a6-1bc2-401c-b2cd-6e51c5de3370,,2,1
f31befaf-eb3d-41da-97dc-63c1cd362679,,,Blood Pressure (BP) - Systolic,,Blood Pressure (BP) - Systolic,Question,Numeric,,,1,1
f4df0ad5-bbac-4b6d-81c5-2dbecd88ee1b,,,Bilateral pedal oedema,Oedema,Oedema of both feet.,Finding,N/A,,,1,1
f4ebea4e-3858-4f97-8ca5-c7970f8d65ad,,,Gynecology,,Gynecology,Finding,N/A,,,1,1
f4f5573f-69a2-49d4-b154-07f80ec29010,,,Pushing Down Pain,,Pushing Down Pain,Finding,N/A,,,1,1
f5a62cc0-b514-4423-a2c4-1719d31d8ced,,,Arrival Period,,Arrival Period,Question,Coded,4d934e4c-cf97-40b9-bffe-8d6765acd4bc;99b09cea-6460-4b81-8d80-c2814b11cbb8,,1,1
f759d9d0-d25e-4aa0-8fd8-d7160f7b3859,,,Fraction of inspired oxygen,FiO2 (%),Fraction of inspired oxygen as a percentage.,Question,Numeric,,,1,1
fa432089-99ca-4d65-b6dd-c3d7361f3688,,,Rash chief complaint,Rash,Rash as a chief complaint.,Finding,N/A,,,1,1
faf5c8e0-fd67-4cd6-90a7-d8ddb9b6fd96,,,Danger Signs,,Danger Signs,Question,Coded,120749AAAAAAAAAAAAAAAAAAAAAAAAAAAAAA;139084AAAAAAAAAAAAAAAAAAAAAAAAAAAAAA;140070AAAAAAAAAAAAAAAAAAAAAAAAAAAAAA;141128AAAAAAAAAAAAAAAAAAAAAAAAAAAAAA;88492f77-c6d1-48e9-850a-1f87ebe7b3b8;147104AAAAAAAAAAAAAAAAAAAAAAAAAAAAAA;2165808b-b59f-4844-9cf3-b4a9e9687260;3faf0630-c208-4b15-8ba1-ca94585b6d52;4ad696eb-4426-4cf7-948b-48ef70a7749d;6045e0bc-3d8f-4c35-88ec-ee353cf1de32;afcd1bc5-13e0-4f7f-a9b6-3f6b2b298fa4;bd4ee675-f7bd-4c92-926e-742066bc9662;140238AAAAAAAAAAAAAAAAAAAAAAAAAAAAAA;d128112b-43e6-49e1-9db2-e04848bef867;147232AAAAAAAAAAAAAAAAAAAAAAAAAAAAAA;f4f5573f-69a2-49d4-b154-07f80ec29010;fcc8ad4c-70ff-41c2-ab40-7b3ca3003c51,,1,1
fc691684-189d-4009-b02a-d073902bd79e,,,Intervention Given Prior to Arrival/Referral,Intervention Given Prior to Arrival,Intervention Given Prior to Arrival/Referral,Question,Coded,1065AAAAAAAAAAAAAAAAAAAAAAAAAAAAAAAA;1066AAAAAAAAAAAAAAAAAAAAAAAAAAAAAAAA,,1,1
fcc8ad4c-70ff-41c2-ab40-7b3ca3003c51,,,Diarrhea/Vomiting,,Diarrhea/Vomiting,Finding,N/A,,,1,1
fe27d978-07be-4fc3-9d09-ee29c7f0f90d,,,Tiny baby under two months,Tiny baby,Sick child younger than 2 months.,Finding,N/A,,,1,1
fe8390e6-2457-4f97-976a-7ab48626b875,,,Body weight in grams,Weight (g),Body weight in grams (for infants under 30 days).,Question,Numeric,,,1,1
7756753d-e8ec-4b8e-b4d3-f6d3bf2389d1,,,Educational Status,,,Question,Coded,160294AAAAAAAAAAAAAAAAAAAAAAAAAAAAAA;71be8c02-af00-40fb-8c09-f2ed52382763;594ca3f5-8918-4c06-954a-17a81d379d3c;09291ed5-d168-482b-bf68-3d4c2b223dad;5622AAAAAAAAAAAAAAAAAAAAAAAAAAAAAAAA,,1,2
71be8c02-af00-40fb-8c09-f2ed52382763,,,Primary education (attainment),,,Finding,N/A,,,1,1
594ca3f5-8918-4c06-954a-17a81d379d3c,,,Secondary education (attainment),,,Finding,N/A,,,1,1
d15cc6e5-6c38-529c-989b-f952f8067a53,,,Name of other facility,,,Question,Text,,,1,1
3646c1ed-32bb-4d63-9440-c6e53484dc33,,,Guardian responsibility agreement,,,Finding,N/A,,,1,1
23fcbadc-61c1-4f9b-81fd-ee7fb207f044,,,Guardian Responsibility,,,Question,Coded,3646c1ed-32bb-4d63-9440-c6e53484dc33,,1,2
0a5a23e3-c953-428c-92e3-3b99f8a822f0,,,Daily Bed Fee - Inpatient,Daily bed fee,Charge for each day of inpatient stay at facility,Question,N/A,,,1,1
dc14ef72-d26f-42bc-89dc-49aa242009be,,,ADL,ADL,ADL,Finding,N/A,,,,
03fc9c50-dfba-43e2-98ab-2e0f3a573321,,,Assisted (Eka),Assisted (Eka),Assisted,Finding,N/A,,,,
cc3ecf7b-c50f-4a78-b80b-526db1487bd8,,,Behavioral Issues,Behavioral Issues,Behavioral Issues,Finding,N/A,,,,
7b8c3c25-546a-418d-be16-5c1bc512915b,,,Behavioral risk,Behavioral risk,Behavioral risk,Finding,N/A,,,,
7384c81f-63bb-4927-913a-2f8ba139db53,,,Cognitive Limitations,Cognitive Limitations,Cognitive Limitations,Finding,N/A,,,,
4e462580-74de-4b8c-9daa-715d0e19c98e,,,Competitive Employment,Competitive Employment,Competitive Employment,Finding,N/A,,,,
4fe4c9a9-9094-43b8-ad9e-b5e26056be97,,,Concentration (Eka),Concentration (Eka),Concentration,Finding,N/A,,,,
f9c6274e-ec0a-4b94-89a3-17b2c94b0d9e,,,Coordination,Coordination,Coordination,Finding,N/A,,,,
bc45066b-934d-4646-9301-372adf62e964,,,Creativity,Creativity,Creativity,Finding,N/A,,,,
393a20e6-e8a6-48fc-b59b-ecc364e5a07b,,,Demonstration,Demonstration,Demonstration,Finding,N/A,,,,
622d9d77-28d9-4761-9b3c-31ec8b9b2a2c,,,Difficulty,Difficulty,Difficulty,Finding,N/A,,,,
7cefc04e-d7f7-40b3-b624-589dec7e4c60,,,Fine motor,Fine motor,Fine motor,Finding,N/A,,,,
39e0a5bf-fe52-4b0a-9a8b-9ceeb35ae410,,,Follows instructions,Follows instructions,Follows instructions,Finding,N/A,,,,
dc3e1fc9-2c6d-45e4-a9ed-85ca4adb912f,,,Full assist,Full assist,Full assist,Finding,N/A,,,,
e9e9bbbc-202a-4ca1-97f4-98e47417f55e,,,Independent (Eka),Independent (Eka),Independent,Finding,N/A,,,,
ef6b89c1-7134-45ed-9b23-3d7d1ea2f21f,,,Injury risk,Injury risk,Injury risk,Finding,N/A,,,,
0cc91536-7a27-445a-a88c-125509b71514,,,Intermittent (Eka),Intermittent (Eka),Intermittent,Finding,N/A,,,,
9cf9ab0a-ac54-48f1-aef6-3a7811fceff9,,,Interpersonal Conflict,Interpersonal Conflict,Interpersonal Conflict,Finding,N/A,,,,
58f4bb11-c101-4b3b-b06c-6a455962c08b,,,Lack of Skills,Lack of Skills,Lack of Skills,Finding,N/A,,,,
78e0fd75-d8d1-49f2-b08f-c23f043b3494,,,Low Motivation,Low Motivation,Low Motivation,Finding,N/A,,,,
2fb79112-6fd1-4b24-a953-1a3e1c23a5ed,,,Low mood,Low mood,Low mood,Finding,N/A,,,,
4f0c305c-e4fd-4eca-b6e1-09fca66aded8,,,Met,Met,Met,Finding,N/A,,,,
eca5eee0-b3a3-490e-9a63-223d357396fc,,,Minimal assist,Minimal assist,Minimal assist,Finding,N/A,,,,
1dd737e9-2648-4902-a6f5-197d80f98e4b,,,Moderate assist,Moderate assist,Moderate assist,Finding,N/A,,,,
2297f560-783c-402b-96c4-998a7c395116,,,Needs repetition,Needs repetition,Needs repetition,Finding,N/A,,,,
ad499879-dbe7-4b74-a0d0-779a99a3c2e1,,,Needs supervision,Needs supervision,Needs supervision,Finding,N/A,,,,
beff6fc5-9272-46d5-a342-636b42e484b9,,,Neutral,Neutral,Neutral,Finding,N/A,,,,
44c42c2f-efad-45ee-9d8b-043da50e83ac,,,No concern,No concern,No concern,Finding,N/A,,,,
b6fa838e-07f7-4deb-a60a-6015a292a7d0,,,Not Engaged,Not Engaged,Not Engaged,Finding,N/A,,,,
13427fd0-752e-49cc-9b97-ebe87c015092,,,Not Met,Not Met,Not Met,Finding,N/A,,,,
1756bac0-6aad-4239-b120-30c1434b6d81,,,Ongoing,Ongoing,Ongoing,Finding,N/A,,,,
952b636c-0975-4f59-962b-b7c99d2b9551,,,Persistence,Persistence,Persistence,Finding,N/A,,,,
af652d0e-f93d-4d7d-98ea-68663ead27cf,,,Physical assistance,Physical assistance,Physical assistance,Finding,N/A,,,,
315e17a4-e381-468b-b43d-0d97a288af00,,,Reinforcement,Reinforcement,Reinforcement,Finding,N/A,,,,
60f39b30-2479-4a1f-a88e-8c96df53f117,,,Sheltered Work,Sheltered Work,Sheltered Work,Finding,N/A,,,,
20cb83bb-d1da-4368-b1ec-4f09c36e81c0,,,Substance Use (Eka),Substance Use (Eka),Substance Use,Finding,N/A,,,,
c41b15a2-dc67-4a06-a536-1e9ddefce795,,,Sustained,Sustained,Sustained,Finding,N/A,,,,
68d4f16c-4d0e-40d9-a62d-aec4a821d396,,,Training Program,Training Program,Training Program,Finding,N/A,,,,
d09d8ca8-cd41-41fb-8954-26671dbed877,,,Transportation Issues,Transportation Issues,Transportation Issues,Finding,N/A,,,,
71d682c5-f656-48a1-bbbf-fbbd44bd18a7,,,Unable,Unable,Unable,Finding,N/A,,,,
2f13f74a-843a-486d-953a-1bbc22002940,,,Verbal cueing,Verbal cueing,Verbal cueing,Finding,N/A,,,,
991f768f-b22f-467a-bb76-def76c694ac5,,,Vocational,Vocational,Vocational,Finding,N/A,,,,
50d1bfe3-0709-4c39-a80d-a21d87be411d,,,Goal Review (group),Goal Review,Repeating group: Goal Review,ConvSet,N/A,,079e6730-35b4-4b2c-a087-252fc0cdcda1;202dbd9b-f0d7-4fcd-9975-113b06a25353,,
d054c10e-c85a-4d26-86fa-d660d19f9424,,,Attention (coded),Attention (coded),Attention,Question,Coded,0cc91536-7a27-445a-a88c-125509b71514;159407AAAAAAAAAAAAAAAAAAAAAAAAAAAAAA;c41b15a2-dc67-4a06-a536-1e9ddefce795,,,
830cc2ba-d7c5-4e4d-b37d-c0d5dea6e2ea,,,Barriers,Barriers,Barriers,Question,Coded,20cb83bb-d1da-4368-b1ec-4f09c36e81c0;58f4bb11-c101-4b3b-b06c-6a455962c08b;7384c81f-63bb-4927-913a-2f8ba139db53;78e0fd75-d8d1-49f2-b08f-c23f043b3494;9cf9ab0a-ac54-48f1-aef6-3a7811fceff9;cc3ecf7b-c50f-4a78-b80b-526db1487bd8;d09d8ca8-cd41-41fb-8954-26671dbed877,,,
474df9e6-efd4-4504-a977-ee4061d659b0,,,Cognitive Ability,Cognitive Ability,Cognitive Ability,Question,Coded,159405AAAAAAAAAAAAAAAAAAAAAAAAAAAAAA;159406AAAAAAAAAAAAAAAAAAAAAAAAAAAAAA;159407AAAAAAAAAAAAAAAAAAAAAAAAAAAAAA,,,
c7b2bccc-6f8a-4277-89c6-712035115a46,,,Cognitive Skills,Cognitive Skills,Cognitive Skills,Question,Coded,2297f560-783c-402b-96c4-998a7c395116;39e0a5bf-fe52-4b0a-9a8b-9ceeb35ae410;622d9d77-28d9-4761-9b3c-31ec8b9b2a2c,,,
4fbf6839-903b-4bf8-b05f-533d3a21020d,,,Continue Plan,Continue Plan,Continue Plan,Question,Coded,1065AAAAAAAAAAAAAAAAAAAAAAAAAAAAAAAA;1066AAAAAAAAAAAAAAAAAAAAAAAAAAAAAAAA,,,
4186e22d-cd1f-4e01-8346-92ba3de1dc90,,,Current Placement,Current Placement,Current Placement,Question,Coded,4e462580-74de-4b8c-9daa-715d0e19c98e;60f39b30-2479-4a1f-a88e-8c96df53f117;68d4f16c-4d0e-40d9-a62d-aec4a821d396;b6fa838e-07f7-4deb-a60a-6015a292a7d0,,,
59b25614-9167-4b88-bd2c-2739b474879b,,,Emotion,Emotion,Emotion,Question,Coded,053b4d95-c66b-4772-a094-8b43bc9d4123;2fb79112-6fd1-4b24-a953-1a3e1c23a5ed;4da36be2-b458-4020-b14f-fcf711364157;703AAAAAAAAAAAAAAAAAAAAAAAAAAAAAAAAA;beff6fc5-9272-46d5-a342-636b42e484b9,,,
fdced0c4-a39f-4e1f-b4ce-2cd5296d82b4,,,Emotional Stability,Emotional Stability,Emotional Stability,Question,Coded,06398754-8865-4004-805e-926636d6d6c2;43606a0e-3a9c-4888-8941-cf555f825b76;70d68ce3-d932-4f97-a186-efb4c3608efc,,,
3077324d-64a9-47c5-b10f-59825df37259,,,Following Instructions,Following Instructions,Following Instructions,Question,Coded,159405AAAAAAAAAAAAAAAAAAAAAAAAAAAAAA;159406AAAAAAAAAAAAAAAAAAAAAAAAAAAAAA;159407AAAAAAAAAAAAAAAAAAAAAAAAAAAAAA,,,
079e6730-35b4-4b2c-a087-252fc0cdcda1,,,Goal,Goal,Goal,Question,Text,,,,
f3a4dba5-f8d3-48cc-afb5-21555f8e6989,,,Goals,Goals,Goals,Question,Coded,4fe4c9a9-9094-43b8-ad9e-b5e26056be97;7cefc04e-d7f7-40b3-b624-589dec7e4c60;952b636c-0975-4f59-962b-b7c99d2b9551;991f768f-b22f-467a-bb76-def76c694ac5;bc45066b-934d-4646-9301-372adf62e964;dc14ef72-d26f-42bc-89dc-49aa242009be;f9c6274e-ec0a-4b94-89a3-17b2c94b0d9e,,,
dbe3b9cb-edfd-452b-a211-b23533ea11d4,,,Independence,Independence,Independence,Question,Coded,1dd737e9-2648-4902-a6f5-197d80f98e4b;dc3e1fc9-2c6d-45e4-a9ed-85ca4adb912f;e9e9bbbc-202a-4ca1-97f4-98e47417f55e;eca5eee0-b3a3-490e-9a63-223d357396fc,,,
6e25a687-c2fc-41d0-a2b2-2a62c54c7c98,,,Intervention,Intervention,Intervention,Question,Coded,2f13f74a-843a-486d-953a-1bbc22002940;315e17a4-e381-468b-b43d-0d97a288af00;393a20e6-e8a6-48fc-b59b-ecc364e5a07b;445985d8-6217-4797-9be3-aae0d412288a;af652d0e-f93d-4d7d-98ea-68663ead27cf,,,
564c5fe7-3a1c-4691-b29e-55ab197ccfe7,,,Modify Plan,Modify Plan,Modify Plan,Question,Coded,1065AAAAAAAAAAAAAAAAAAAAAAAAAAAAAAAA;1066AAAAAAAAAAAAAAAAAAAAAAAAAAAAAAAA,,,
5e973148-34f4-4f59-8c55-57e362289706,,,Next Session,Next Session,Next Session,Question,Text,,,,
2a9bdc2f-b593-435d-8745-52ffca5a5e4c,,,Physical Tolerance,Physical Tolerance,Physical Tolerance,Question,Coded,159405AAAAAAAAAAAAAAAAAAAAAAAAAAAAAA;159406AAAAAAAAAAAAAAAAAAAAAAAAAAAAAA;159407AAAAAAAAAAAAAAAAAAAAAAAAAAAAAA,,,
b3aedc23-42d3-4800-8026-f7ca2c091731,,,Problem Solving,Problem Solving,Problem Solving,Question,Coded,159405AAAAAAAAAAAAAAAAAAAAAAAAAAAAAA;159406AAAAAAAAAAAAAAAAAAAAAAAAAAAAAA;159407AAAAAAAAAAAAAAAAAAAAAAAAAAAAAA,,,
9d8c281f-d7e6-44d3-a07f-c222c0ac47e4,,,Punctuality,Punctuality,Punctuality,Question,Coded,159405AAAAAAAAAAAAAAAAAAAAAAAAAAAAAA;159406AAAAAAAAAAAAAAAAAAAAAAAAAAAAAA;159407AAAAAAAAAAAAAAAAAAAAAAAAAAAAAA,,,
69029bb4-ac91-4f25-ae12-756bf76b2ec1,,,Safety,Safety,Safety,Question,Coded,44c42c2f-efad-45ee-9d8b-043da50e83ac;7b8c3c25-546a-418d-be16-5c1bc512915b;ad499879-dbe7-4b74-a0d0-779a99a3c2e1;ef6b89c1-7134-45ed-9b23-3d7d1ea2f21f,,,
202dbd9b-f0d7-4fcd-9975-113b06a25353,,,Status (Eka),Status (Eka),Status,Question,Coded,13427fd0-752e-49cc-9b97-ebe87c015092;1756bac0-6aad-4239-b120-30c1434b6d81;4f0c305c-e4fd-4eca-b6e1-09fca66aded8,,,
24ac46df-ba9e-470d-a434-f405bd2bef47,,,Summary of Interventions Provided/Observation,Summary of Interventions Provided/O,Summary of Interventions Provided/Observation,Question,Text,,,,
16509644-6887-416f-ace8-a274e8f32f53,,,Summary of Progress/Observation,Summary of Progress/Observation,Summary of Progress/Observation,Question,Text,,,,
41c4553b-8ea1-4e96-a3ba-cf47157b1dd8,,,Task Completion,Task Completion,Task Completion,Question,Coded,03fc9c50-dfba-43e2-98ab-2e0f3a573321;159405AAAAAAAAAAAAAAAAAAAAAAAAAAAAAA;159406AAAAAAAAAAAAAAAAAAAAAAAAAAAAAA;159407AAAAAAAAAAAAAAAAAAAAAAAAAAAAAA;46969e18-a3c4-4fcc-ba87-907917ac0986;71d682c5-f656-48a1-bbbf-fbbd44bd18a7;e9e9bbbc-202a-4ca1-97f4-98e47417f55e,,,
d76934f5-3679-4f6a-b44e-40b84caf64f9,,,Time Management,Time Management,Time Management,Question,Coded,159405AAAAAAAAAAAAAAAAAAAAAAAAAAAAAA;159406AAAAAAAAAAAAAAAAAAAAAAAAAAAAAA;159407AAAAAAAAAAAAAAAAAAAAAAAAAAAAAA,,,
6828058c-d85e-4ee6-be1a-3080e53e23bd,,,Type of Work/Training,Type of Work/Training,Type of Work/Training,Question,Text,,,,
431f6998-2946-4ee8-aa03-1d23dbe31aef,,,Work Quality,Work Quality,Work Quality,Question,Coded,159405AAAAAAAAAAAAAAAAAAAAAAAAAAAAAA;159406AAAAAAAAAAAAAAAAAAAAAAAAAAAAAA;159407AAAAAAAAAAAAAAAAAAAAAAAAAAAAAA,,,
b74f252d-1833-4990-bcac-212710b5ea1a,,,Work Schedule,Work Schedule,Work Schedule,Question,Text,,,,
f4a31c82-9e67-4d01-b8c3-5f2e9d7a1b04,,,Clinical documentation sequence number,Record sequence,Ordinal index for an ordered row or repeated entry on clinical documentation forms,Question,Numeric,,,,
e59b42d3-af78-5e12-c9d4-6a3f8e2b5c16,,,Clinical rationale narrative,Rationale,Free text describing the clinical or educational rationale for a planned intervention or care activity,Question,Text,,,,
e13b3779-8d02-4fef-b46d-8bae5a6796e8,,,Birth asphyxia,,,Finding,N/A,,,,
e5584d10-40bb-46d7-8fdb-a56424c5c1d0,,,Corneal clouding,Corneal clouding,Clouding or opacity of the cornea observed during measles complication screening,Finding,N/A,,,1,1
fc2db1cf-f5b6-4fc7-99fe-1cea3d3927cf,,,No features of measles,No measles features,No clinical features of measles identified on screening,Finding,N/A,,,1,1
95d09be0-f77b-485b-a866-44079726d2ab,,,Increased fluid and breastfeeding frequency counselling given,Fluid counselling,Caregiver instructed to increase breastfeeding or fluid frequency during illness,Finding,N/A,,,1,1
7522a3d0-1f92-4cdf-8a98-5926d8543bc3,,,Infant and young child feeding practices counselling given,IYCF counselling,Caregiver counselled on dietary diversity and meal frequency per IYCF guidelines,Finding,N/A,,,1,1
e1dbe387-43e9-417b-aed7-c78fc68d6136,,,Worsening illness or new fever,Worsening or new fever,Return-immediately warning sign: illness worsens or a new fever develops,Finding,N/A,,,1,1
e530fa73-37a8-411f-afc4-329aafe63e6e,,,Two day follow-up horizon,Two day follow-up,Follow-up in two days for pneumonia dysentery some dehydration malaria or acute ear infection,Finding,N/A,,,1,1
05527844-57dc-439f-b9a2-c3daca95a0d3,,,Five day follow-up horizon,Five day follow-up,Follow-up in five days for persistent diarrhoea feeding problem or anaemia and low weight monitoring,Finding,N/A,,,1,1
7f37739a-b9a3-4593-93c8-5224dac5f1f5,,,Duration of diarrhoea in days,Diarrhoea duration,Number of whole days the child has had diarrhoea,Question,Numeric,,,1,1
3f20102d-2eed-424c-a0f2-eeec90c5392d,,,Duration of fever in days,Fever duration,Number of whole days the child has had fever,Question,Numeric,,,1,1
267bbd0a-d349-4bd1-9ba1-4673134359c2,,,Duration of ear discharge in days,Ear discharge duration,Number of whole days the child has had ear discharge,Question,Numeric,,,1,1
1fd82b4f-ed66-446d-b18d-8909c155a818,,,Measles complications screening,Measles complications,Complications identified when screening a child with generalised rash plus cough runny nose or red eyes,Question,Coded,3aa5b6c7-1d8e-901f-345a-123456789012;5bb7c8d9-3e0f-123a-567b-456789012345;e5584d10-40bb-46d7-8fdb-a56424c5c1d0;fc2db1cf-f5b6-4fc7-99fe-1cea3d3927cf,,1,2
bd515ac7-eebf-4db8-a3fe-c11596783c89,,,Caregiver counselling topics covered,Counselling topics,Counselling topics covered with the caregiver during the visit,Question,Coded,95d09be0-f77b-485b-a866-44079726d2ab;7522a3d0-1f92-4cdf-8a98-5926d8543bc3,,1,2
822d2fc0-34db-42f4-996f-8acbb286e93e,,,Return immediately warning signs explained,Return warning signs,Warning signs the caregiver was explicitly instructed to return immediately for,Question,Coded,11829304-b526-3456-789a-bcdef0123456;e1dbe387-43e9-417b-aed7-c78fc68d6136;18f96a7c-2c9d-012e-456f-234567890123;1aa8c9d0-4e1f-234a-678b-456789012345,,1,2
3e826d17-d956-4b68-b1ce-17ac1ee9a529,,,Scheduled follow-up horizon,Follow-up horizon,Scheduled interval for the child to return for follow-up care,Question,Coded,e530fa73-37a8-411f-afc4-329aafe63e6e;05527844-57dc-439f-b9a2-c3daca95a0d3,,1,2
d5bbec6b-31de-45bb-bf86-7a640a7ce803,,,Bitot spots,Bitot spots,Foamy white patches on the conjunctiva indicating vitamin A deficiency,Finding,N/A,,,1,1
b9964f3c-6cc6-457a-9e7d-37c698d3e13e,,,Corneal xerosis finding,Corneal xerosis,Dryness and haziness of the cornea indicating vitamin A deficiency,Finding,N/A,,,1,1
94a43599-f087-47e6-a21f-f07e17bdf92f,,,Flaky paint dermatosis,Flaky paint dermatosis,Skin peeling or ulceration characteristic of kwashiorkor,Finding,N/A,,,1,1
6bde37d1-dac9-40a8-b3b2-5ad36b1f7031,,,Easily pluckable hair flag sign,Flag sign,Banded hair discolouration and easily pluckable hair in protein energy malnutrition,Finding,N/A,,,1,1
d53a93df-504a-455e-8d09-e7886702a001,,,Angular stomatitis,Angular stomatitis,Cracked or fissured corners of the mouth,Finding,N/A,,,1,1
ffaab2b0-1fa5-4cac-b99c-86a5fcf7e5b0,,,Bow legs or knock knees,Bow legs knock knees,Genu varum or genu valgum deformity suggestive of rickets,Finding,N/A,,,1,1
f1a68b6a-6683-48b6-b635-8a15ceb00e70,,,Rachitic rosary,Rachitic rosary,Beading at the costochondral junctions of the ribs suggestive of rickets,Finding,N/A,,,1,1
11b0862a-12b1-4d5f-96e4-942fc815747c,,,Gaining weight normal trend,Gaining weight,Growth monitoring trend showing appropriate weight gain,Finding,N/A,,,1,1
78ef25c1-f273-49cb-a539-184d9b7fe642,,,Static or flat growth trend,Static growth,Growth monitoring trend showing no weight gain,Finding,N/A,,,1,1
a7744852-4046-4e60-912c-e3534f937950,,,Losing weight growth faltering,Losing weight,Growth monitoring trend showing weight loss or growth faltering,Finding,N/A,,,1,1
e38105c8-d1f4-4dce-a970-2d70c2980f46,,,Vitamin A capsule given,Vitamin A capsule,Vitamin A capsule administered at this screening visit,Finding,N/A,,,1,1
20334c47-ddeb-4567-aaf0-5d9b8029b8ae,,,Deworming tablet given,Deworming given,Albendazole or mebendazole administered at this screening visit,Finding,N/A,,,1,1
64cb147d-08ab-4f30-8e19-e6170930f7c9,,,Exclusive breastfeeding counselling,Exclusive BF counselling,Caregiver counselled on exclusive breastfeeding for infants under six months,Finding,N/A,,,1,1
e54422e7-2262-4b06-89e9-65706713cbec,,,Complementary feeding counselling,Complementary feeding,Caregiver counselled on complementary feeding practices for six to twenty three months,Finding,N/A,,,1,1
a35f4668-de9c-4b60-ace3-83eb75a26be3,,,Dietary diversity and hygiene counselling,Dietary diversity,Caregiver counselled on dietary diversity and food hygiene,Finding,N/A,,,1,1
74609142-82d2-4fb2-994b-e0b8189387df,,,Routine follow-up next month,Routine follow-up,Child to return for routine growth monitoring next month,Finding,N/A,,,1,1
b1b1a72a-d092-4ed0-b36b-28caa04490d6,,,Ocular signs of vitamin A deficiency,Ocular signs,Eye signs observed on nutritional screening,Question,Coded,d5bbec6b-31de-45bb-bf86-7a640a7ce803;b9964f3c-6cc6-457a-9e7d-37c698d3e13e;1107AAAAAAAAAAAAAAAAAAAAAAAAAAAAAAAA,,1,2
5cae35f4-3f0d-4b59-b7d8-46c6729da95c,,,Anaemia clinical signs,Anaemia signs,Palmar or conjunctival pallor observed on nutritional screening,Question,Coded,7dd9e0f1-5a2b-345c-789d-678901234567;8ee0f1a2-6b3c-456d-890e-789012345678;9ff1a2b3-7c4d-567e-901f-890123456789,,1,2
b071b6c6-e80e-4761-b13f-d747a3842f9b,,,Skin and hair changes of protein energy malnutrition,Skin and hair changes,Skin and hair findings observed on nutritional screening,Question,Coded,94a43599-f087-47e6-a21f-f07e17bdf92f;6bde37d1-dac9-40a8-b3b2-5ad36b1f7031;d53a93df-504a-455e-8d09-e7886702a001;1107AAAAAAAAAAAAAAAAAAAAAAAAAAAAAAAA,,1,2
f8f42bbf-b5dd-43f0-a64c-50c71aa24c75,,,Skeletal deformities of rickets,Skeletal deformities,Skeletal findings suggestive of rickets observed on nutritional screening,Question,Coded,ffaab2b0-1fa5-4cac-b99c-86a5fcf7e5b0;f1a68b6a-6683-48b6-b635-8a15ceb00e70;1107AAAAAAAAAAAAAAAAAAAAAAAAAAAAAAAA,,1,2
137356b7-d4b9-4052-89e8-519bbc01594c,,,Weight for age growth trend,Growth trend,Direction of the child weight for age trend on the growth chart,Question,Coded,11b0862a-12b1-4d5f-96e4-942fc815747c;78ef25c1-f273-49cb-a539-184d9b7fe642;a7744852-4046-4e60-912c-e3534f937950,,1,2
1f7ee031-c173-42be-b048-ab27024c818a,,,Bilateral pitting oedema grade,Oedema grade,Graded severity of bilateral pitting oedema on nutritional screening,Question,Coded,1107AAAAAAAAAAAAAAAAAAAAAAAAAAAAAAAA;165598AAAAAAAAAAAAAAAAAAAAAAAAAAAAAA;165599AAAAAAAAAAAAAAAAAAAAAAAAAAAAAA;165600AAAAAAAAAAAAAAAAAAAAAAAAAAAAAA,,1,2
b76f9b23-2e60-47f5-a0a3-1fab71371474,,,Nutritional supplements administered,Supplements given,Nutritional supplements administered at this screening visit,Question,Coded,e38105c8-d1f4-4dce-a970-2d70c2980f46;20334c47-ddeb-4567-aaf0-5d9b8029b8ae;f99711ba-7fcb-4ce1-88a4-585ba26273cd;165417AAAAAAAAAAAAAAAAAAAAAAAAAAAAAA;1107AAAAAAAAAAAAAAAAAAAAAAAAAAAAAAAA,,1,2
742d7ef2-f297-448c-b44d-04b004594bd9,,,Caregiver counselling topics for nutrition,Nutrition counselling,Nutrition counselling topics covered with the caregiver,Question,Coded,64cb147d-08ab-4f30-8e19-e6170930f7c9;e54422e7-2262-4b06-89e9-65706713cbec;a35f4668-de9c-4b60-ace3-83eb75a26be3,,1,2
9ec27631-5e9a-43ab-b7e5-f7f710214cba,,,Nutrition action taken,Nutrition action,Triage action taken following nutritional screening,Question,Coded,74609142-82d2-4fb2-994b-e0b8189387df;f2a3b4c5-d6e7-48f9-9ab1-c2d3e4f5a508;f2a3b4c5-d6e7-48f9-9ab1-c2d3e4f5a507,,1,2
33638cf3-4281-444e-94ae-06a11b9745d4,,,Premenopausal,Premenopausal,Premenopausal reproductive status,Finding,N/A,,,1,1
7df17a4d-eeae-46be-8072-da8ee258274b,,,Perimenopausal,Perimenopausal,Perimenopausal reproductive status,Finding,N/A,,,1,1
cbfdecf0-799c-4f47-a376-6c67e11a1ec5,,,Post-menopausal,Post-menopausal,Post-menopausal reproductive status,Finding,N/A,,,1,1
0e38b26e-6676-4391-933e-e869c70cb55b,,,Abnormal screening mammogram,Abnormal mammogram,Presentation following an abnormal screening mammogram,Finding,N/A,,,1,1
5d93e7e7-4f3b-4f56-8a56-ce228392c91d,,,Palpable breast mass at presentation,Palpable mass,Presentation with a palpable breast mass,Finding,N/A,,,1,1
cb5a3e1d-ed47-4f96-9e64-7156352f3e9b,,,Symptomatic breast changes,Symptomatic changes,Presentation with symptomatic breast changes such as skin changes or nipple discharge,Finding,N/A,,,1,1
5e26e745-5e88-417c-adfc-2e4785c57b52,,,Secondary opinion or transfer of care,Secondary opinion,Presentation for a secondary opinion or transfer of care,Finding,N/A,,,1,1
4cc8c19d-b785-4361-912e-ed69529f5c5f,,,Palpable lump or thickening of breast or axilla,Palpable lump,Palpable lump or thickening in the breast or axilla,Finding,N/A,,,1,1
49748ee5-e7c1-4e8e-9efe-b6a7376e6d4e,,,Skin dimpling puckering or peau d orange,Skin dimpling,Skin dimpling puckering or erythema with peau d orange appearance,Finding,N/A,,,1,1
8707e313-826b-40b9-a4f8-b15fcd38ab96,,,New onset nipple retraction or inversion,Nipple retraction,New onset retraction or inversion of the nipple,Finding,N/A,,,1,1
33362304-2a92-4449-bf0f-b70b05f594e5,,,Spontaneous nipple discharge present,Nipple discharge,Spontaneous discharge from the nipple,Finding,N/A,,,1,1
f758ead6-a473-41b0-b9bb-9c5921d2a46e,,,Localized breast pain unrelated to menstrual cycle,Breast pain,Localized breast pain or mastalgia unrelated to the menstrual cycle,Finding,N/A,,,1,1
6e606f9a-3403-4e94-8cfa-1a7a3462956c,,,Serous nipple discharge,Serous discharge,Serous character of nipple discharge,Finding,N/A,,,1,1
ebc046fb-1383-49c7-801e-f36430c2c6b2,,,Bloody nipple discharge,Bloody discharge,Bloody character of nipple discharge,Finding,N/A,,,1,1
45b2b5bd-4f14-46a8-ba64-0d1040c8004f,,,Clear nipple discharge,Clear discharge,Clear character of nipple discharge,Finding,N/A,,,1,1
0eeb1c7e-5cfd-4730-aff6-e75bd4097908,,,Family history of breast cancer under fifty years,Breast ca under 50,Relative diagnosed with breast cancer before age fifty,Finding,N/A,,,1,1
5df4ffc1-1ca9-4efb-817d-a6259000ac4a,,,Family history of breast cancer over fifty years,Breast ca over 50,Relative diagnosed with breast cancer after age fifty,Finding,N/A,,,1,1
0c3d6bce-e03e-4a31-b1c8-9e1c8bd5d9fb,,,Family history of ovarian cancer,Ovarian ca history,Relative diagnosed with ovarian cancer,Finding,N/A,,,1,1
48769edb-0515-4bb4-8d48-b8a7dae35753,,,Family history of prostate or pancreatic cancer,Prostate pancreatic ca,Relative diagnosed with prostate or pancreatic cancer,Finding,N/A,,,1,1
73d5ef75-9a1a-4ae4-8bbe-6c35ac703a9a,,,Genetic testing not performed,Not tested,Genetic mutation testing has not been performed,Finding,N/A,,,1,1
c8f492e2-1690-4132-ba19-75e6e6774054,,,Genetic testing negative,Tested negative,Genetic mutation testing returned negative,Finding,N/A,,,1,1
52e32d78-d4b7-4f8d-a608-af9925f53b95,,,BRCA1 mutation positive,BRCA1 positive,Pathogenic BRCA1 mutation identified,Finding,N/A,,,1,1
f33cc1b6-e1bf-4051-b1d8-1bf3daf0f0d7,,,BRCA2 mutation positive,BRCA2 positive,Pathogenic BRCA2 mutation identified,Finding,N/A,,,1,1
5012445d-3159-420e-b664-522647eb90ee,,,Other genetic mutation positive,Other mutation,Other pathogenic mutation identified such as PALB2 or TP53,Finding,N/A,,,1,1
7e6f39b4-dae5-432f-89f5-d5294530ab4c,,,Diagnostic mammogram performed,Diagnostic mammogram,Diagnostic mammogram performed as latest imaging,Finding,N/A,,,1,1
4b39818d-7f5d-4e0a-a67f-c0f6a9ad4e84,,,Breast ultrasound performed,Breast ultrasound,Breast ultrasound performed as latest imaging,Finding,N/A,,,1,1
363a77c8-85ac-40ee-9d85-38eea150f485,,,Breast MRI performed,Breast MRI,Breast magnetic resonance imaging performed as latest imaging,Finding,N/A,,,1,1
254e2357-6516-4be4-a390-1d7f7883c106,,,Breast biopsy done,Biopsy done,Breast biopsy has been performed,Finding,N/A,,,1,1
b08507ec-fb2e-4e74-940b-0840ff896126,,,Breast biopsy pending,Biopsy pending,Breast biopsy is pending,Finding,N/A,,,1,1
00f21523-d40b-45cf-a11e-e858b1ca8fc5,,,Breast biopsy scheduled,Biopsy scheduled,Breast biopsy has been scheduled,Finding,N/A,,,1,1
589c2323-1411-4761-9541-4fbc3a702c2a,,,In situ carcinoma of breast DCIS or LCIS,In situ carcinoma,Ductal or lobular carcinoma in situ of the breast,Finding,N/A,,,1,1
58143734-8ed6-475d-b58e-798f293549ae,,,Other histologic type of breast carcinoma,Other histologic type,Histologic type other than in situ invasive ductal or invasive lobular,Finding,N/A,,,1,1
d6ea369d-d35d-43d3-b182-929ae727705a,,,Clinical stage 0,Stage 0,Overall clinical stage zero,Finding,N/A,,,1,1
f4d3af38-d993-45a9-8b47-816075bc1b74,,,Clinical stage I,Stage I,Overall clinical stage one,Finding,N/A,,,1,1
94f95157-605e-4a28-bab3-53fd51282e66,,,Clinical stage II,Stage II,Overall clinical stage two,Finding,N/A,,,1,1
64d33de7-7987-4dad-9499-0373f9a9ac46,,,Clinical stage III,Stage III,Overall clinical stage three,Finding,N/A,,,1,1
0bee0bd5-7b78-479a-9738-8d6339b94904,,,Clinical stage IV,Stage IV,Overall clinical stage four,Finding,N/A,,,1,1
c57d7661-3440-4f2a-bdcf-0716b5908870,,,Referral to breast or surgical oncology,Surgical oncology,Referral initiated to breast or surgical oncology,Finding,N/A,,,1,1
64298027-681a-4941-a267-1f30dcdae099,,,Referral to medical oncology,Medical oncology,Referral initiated to medical oncology,Finding,N/A,,,1,1
6f44f5e4-4cdd-4d45-abd0-77b065565767,,,Referral to radiation oncology,Radiation oncology,Referral initiated to radiation oncology,Finding,N/A,,,1,1
8a02d198-ad28-466b-a565-93aa4e2a0ba4,,,Referral to genetic counseling,Genetic counseling,Referral initiated to genetic counseling,Finding,N/A,,,1,1
cb7440ff-a138-4afb-bae7-6bcf89866810,,,Referral to plastic and reconstructive surgery,Plastic surgery,Referral initiated to plastic and reconstructive surgery,Finding,N/A,,,1,1
41ec8e46-420c-4790-a67f-366a67a3c0a6,,,Menopausal status,Menopausal status,Menopausal status at breast cancer intake,Question,Coded,33638cf3-4281-444e-94ae-06a11b9745d4;7df17a4d-eeae-46be-8072-da8ee258274b;cbfdecf0-799c-4f47-a376-6c67e11a1ec5,,1,2
f937247c-1ec4-49c4-93b3-224a305df9e2,,,Affected breast side,Affected side,Which breast side is affected at presentation,Question,Coded,5139AAAAAAAAAAAAAAAAAAAAAAAAAAAAAAAA;5141AAAAAAAAAAAAAAAAAAAAAAAAAAAAAAAA;160406AAAAAAAAAAAAAAAAAAAAAAAAAAAAAA,,1,2
9f09a01c-7671-421e-99b4-936c17015a49,,,Primary reason for breast cancer intake,Reason for intake,Primary reason for the breast cancer intake presentation,Question,Coded,0e38b26e-6676-4391-933e-e869c70cb55b;5d93e7e7-4f3b-4f56-8a56-ce228392c91d;cb5a3e1d-ed47-4f96-9e64-7156352f3e9b;5e26e745-5e88-417c-adfc-2e4785c57b52,,1,2
15a1a1db-3fc0-42e2-8d03-e7f583baf762,,,Breast symptom duration narrative,Symptom duration,Free text duration of breast symptoms,Question,Text,,,1,2
c4b9a393-fe04-40c9-b112-a8e6991c45c7,,,Breast symptom checklist,Symptom checklist,Symptoms present on the affected side,Question,Coded,4cc8c19d-b785-4361-912e-ed69529f5c5f;49748ee5-e7c1-4e8e-9efe-b6a7376e6d4e;8707e313-826b-40b9-a4f8-b15fcd38ab96;33362304-2a92-4449-bf0f-b70b05f594e5;f758ead6-a473-41b0-b9bb-9c5921d2a46e,,1,2
58ba865f-c411-422a-a6b9-0f87dc839743,,,Nipple discharge characteristics,Discharge character,Character of spontaneous nipple discharge,Question,Coded,6e606f9a-3403-4e94-8cfa-1a7a3462956c;ebc046fb-1383-49c7-801e-f36430c2c6b2;45b2b5bd-4f14-46a8-ba64-0d1040c8004f,,1,2
a594861e-0e49-446c-9d81-8d1d4dada5f1,,,Personal history of breast or ovarian cancer,Personal cancer history,Personal history of breast or ovarian cancer,Question,Coded,1065AAAAAAAAAAAAAAAAAAAAAAAAAAAAAAAA;1066AAAAAAAAAAAAAAAAAAAAAAAAAAAAAAAA,,1,2
c62bfb45-1076-4457-bd43-2c2e370b1081,,,Family history of cancer in first or second degree relatives,Family cancer history,Family history of cancer in first or second degree relatives,Question,Coded,1065AAAAAAAAAAAAAAAAAAAAAAAAAAAAAAAA;1066AAAAAAAAAAAAAAAAAAAAAAAAAAAAAAAA,,1,2
63c9a9e3-4e2d-42fe-ba29-a07f2eff4670,,,Family cancer types reported,Family cancer types,Cancer types reported among first or second degree relatives,Question,Coded,0eeb1c7e-5cfd-4730-aff6-e75bd4097908;5df4ffc1-1ca9-4efb-817d-a6259000ac4a;0c3d6bce-e03e-4a31-b1c8-9e1c8bd5d9fb;48769edb-0515-4bb4-8d48-b8a7dae35753,,1,2
c2522212-5755-4b5e-a6ce-c0032f05fcb2,,,Known genetic mutation testing status,Genetic testing status,Result of known genetic mutation testing,Question,Coded,73d5ef75-9a1a-4ae4-8bbe-6c35ac703a9a;c8f492e2-1690-4132-ba19-75e6e6774054;52e32d78-d4b7-4f8d-a608-af9925f53b95;f33cc1b6-e1bf-4051-b1d8-1bf3daf0f0d7;5012445d-3159-420e-b664-522647eb90ee,,1,2
3285b735-b5ea-4fa3-bc89-ebef117e8f48,,,Other genetic mutation specified,Other mutation specified,Free text name of the other pathogenic mutation identified,Question,Text,,,1,2
a8a8cec6-cefa-457c-b449-012711985317,,,Prior thoracic radiation therapy age ten to thirty,Prior thoracic radiation,Prior thoracic radiation therapy received between ages ten and thirty,Question,Coded,1065AAAAAAAAAAAAAAAAAAAAAAAAAAAAAAAA;1066AAAAAAAAAAAAAAAAAAAAAAAAAAAAAAAA,,1,2
d6cacfac-b149-4c21-adbd-5564625b653a,,,Latest breast imaging performed,Latest imaging,Breast imaging modalities most recently performed,Question,Coded,7e6f39b4-dae5-432f-89f5-d5294530ab4c;4b39818d-7f5d-4e0a-a67f-c0f6a9ad4e84;363a77c8-85ac-40ee-9d85-38eea150f485,,1,2
558b18e4-9d01-4346-91a1-fbe45c310c05,,,BI-RADS category,BI-RADS category,Breast Imaging Reporting and Data System category of the diagnostic mammogram,Question,Coded,e799649c-6508-4660-9d9d-4df3449df20e;2ab46b88-b87a-4321-839f-b1351410335d;deec6439-884f-4921-b9d3-cfa77666d6e6;fbfd99cf-2be1-403d-b8c3-15b686d5cc78;89683205-f2c6-45e7-824d-9db0a29ca6c8,,1,2
afe7367b-6061-4acc-8472-df06e5ca7933,,,Breast biopsy status,Biopsy status,Status of breast biopsy at intake,Question,Coded,254e2357-6516-4be4-a390-1d7f7883c106;b08507ec-fb2e-4e74-940b-0840ff896126;00f21523-d40b-45cf-a11e-e858b1ca8fc5,,1,2
82e00dd1-53cc-4ac6-90c5-0e443c4ebdb0,,,Histologic type of breast carcinoma,Histologic type,Histologic type reported on breast pathology,Question,Coded,589c2323-1411-4761-9541-4fbc3a702c2a;7a8f728d-da6a-4737-bad4-1b812f1320a8;ecc5e4d6-3637-4baa-9f4f-413e7b79df14;58143734-8ed6-475d-b58e-798f293549ae,,1,2
d2bfa9eb-bd4f-4b92-8705-ab3abf4ef902,,,Breast tumour grade,Tumour grade,Differentiation grade of the breast tumour,Question,Coded,54ba2e0e-8fec-4957-88c7-209189a34ae7;2fd7ab90-fbac-4c3b-b506-039793ca9ca7;fa2a519a-e830-41a7-a6a0-01cf5c43705c,,1,2
94771c35-424c-4c77-81f6-01d5d587f577,,,Estrogen receptor status,ER status,Estrogen receptor status on immunohistochemistry,Question,Coded,703AAAAAAAAAAAAAAAAAAAAAAAAAAAAAAAAA;664AAAAAAAAAAAAAAAAAAAAAAAAAAAAAAAAA,,1,2
c6d1a659-4e00-435c-8c10-7c43b803c633,,,Progesterone receptor status,PR status,Progesterone receptor status on immunohistochemistry,Question,Coded,703AAAAAAAAAAAAAAAAAAAAAAAAAAAAAAAAA;664AAAAAAAAAAAAAAAAAAAAAAAAAAAAAAAAA,,1,2
e7a58497-2822-475d-a395-766038c526c4,,,HER2 neu status,HER2 status,HER2 neu receptor status on immunohistochemistry,Question,Coded,703AAAAAAAAAAAAAAAAAAAAAAAAAAAAAAAAA;664AAAAAAAAAAAAAAAAAAAAAAAAAAAAAAAAA;1300AAAAAAAAAAAAAAAAAAAAAAAAAAAAAAAA,,1,2
81f71c94-0c56-49df-90d2-87a4e72cd04a,,,Triple negative breast cancer status,Triple negative,Derived flag set when estrogen progesterone and HER2 receptors are all negative,Question,Coded,1065AAAAAAAAAAAAAAAAAAAAAAAAAAAAAAAA;1066AAAAAAAAAAAAAAAAAAAAAAAAAAAAAAAA,,1,2
c96d6e8c-9fd8-4d2e-bf5d-a861f78ea8a3,,,Ki-67 index percentage,Ki-67 index,Ki-67 proliferation index expressed as a percentage,Question,Numeric,,,1,2
d8c2d2eb-4a7b-40e9-991c-b20411566529,,,Clinical tumour stage,Clinical T,AJCC clinical T category assessed before definitive surgery,Question,Coded,160795AAAAAAAAAAAAAAAAAAAAAAAAAAAAAA;160797AAAAAAAAAAAAAAAAAAAAAAAAAAAAAA;160796AAAAAAAAAAAAAAAAAAAAAAAAAAAAAA;160798AAAAAAAAAAAAAAAAAAAAAAAAAAAAAA;160799AAAAAAAAAAAAAAAAAAAAAAAAAAAAAA;160800AAAAAAAAAAAAAAAAAAAAAAAAAAAAAA;160801AAAAAAAAAAAAAAAAAAAAAAAAAAAAAA,,1,2
4edc8610-a862-4872-a6c7-47df20a94900,,,Clinical regional lymph node stage,Clinical N,AJCC clinical N category assessed before definitive surgery,Question,Coded,160804AAAAAAAAAAAAAAAAAAAAAAAAAAAAAA;160803AAAAAAAAAAAAAAAAAAAAAAAAAAAAAA;160805AAAAAAAAAAAAAAAAAAAAAAAAAAAAAA;160806AAAAAAAAAAAAAAAAAAAAAAAAAAAAAA;160807AAAAAAAAAAAAAAAAAAAAAAAAAAAAAA,,1,2
e0aa4084-97da-4bb8-9d7b-3bfa28c42f35,,,Clinical distant metastasis stage,Clinical M,AJCC clinical M category assessed before definitive surgery,Question,Coded,160815AAAAAAAAAAAAAAAAAAAAAAAAAAAAAA;160812AAAAAAAAAAAAAAAAAAAAAAAAAAAAAA,,1,2
c4875520-b710-46cf-b082-4fd8a2709066,,,Overall clinical stage,Overall clinical stage,Overall AJCC clinical stage group at intake,Question,Coded,d6ea369d-d35d-43d3-b182-929ae727705a;f4d3af38-d993-45a9-8b47-816075bc1b74;94f95157-605e-4a28-bab3-53fd51282e66;64d33de7-7987-4dad-9499-0373f9a9ac46;0bee0bd5-7b78-479a-9738-8d6339b94904,,1,2
87217696-dbd7-4631-b19b-01f64fe0e645,,,Multidisciplinary referrals initiated,Referrals initiated,Multidisciplinary referrals initiated at intake,Question,Coded,c57d7661-3440-4f2a-bdcf-0716b5908870;64298027-681a-4941-a267-1f30dcdae099;6f44f5e4-4cdd-4d45-abd0-77b065565767;8a02d198-ad28-466b-a565-93aa4e2a0ba4;cb7440ff-a138-4afb-bae7-6bcf89866810,,1,2
27b31b4f-c6d4-419b-a8bd-67a348c66072,,,Scheduled for tumour board evaluation,Tumour board scheduled,Whether the intake case is scheduled for tumour board evaluation,Question,Coded,1065AAAAAAAAAAAAAAAAAAAAAAAAAAAAAAAA;1066AAAAAAAAAAAAAAAAAAAAAAAAAAAAAAAA,,1,2
8f144302-9663-47bd-acb6-3610235e3ee0,,,Reviewing clinician name,Reviewing clinician,Name of the clinician who reviewed the intake,Question,Text,,,1,2
e5c36f1a-598d-4c0e-8ac1-5d7aafb2b9fe,,,Coherent thought form,Coherent,Thought form that is coherent and logically connected,Finding,N/A,,,1,1
4a218b86-162c-4fd4-aa07-a59e84c88220,,,Overall clinical change since last visit,Overall change,Direction of overall clinical change since the previous psychiatric visit,Question,Coded,162677AAAAAAAAAAAAAAAAAAAAAAAAAAAAAA;164381AAAAAAAAAAAAAAAAAAAAAAAAAAAAAA;b6d89254-f3a6-43b6-b9cf-97d9354044f3,,1,2
daa330ef-eaf4-44c4-a5cc-2c36c0ef1015,,,Daily functioning level,Daily functioning,Level of the patient day to day functioning,Question,Coded,159405AAAAAAAAAAAAAAAAAAAAAAAAAAAAAA;1499AAAAAAAAAAAAAAAAAAAAAAAAAAAAAAAA;159407AAAAAAAAAAAAAAAAAAAAAAAAAAAAAA,,1,2
e40c2573-6f60-40c3-8626-7a96dae2fb77,,,Self-care adequacy,Self-care,Adequacy of the patient self-care,Question,Coded,b03764e6-2bf8-4789-b48b-4e4b7485313b;159407AAAAAAAAAAAAAAAAAAAAAAAAAAAAAA,,1,2
59fa838c-7b65-4fba-8f73-b42384e01f70,,,Work or school functioning,Work or school,Level of the patient functioning at work or school,Question,Coded,1115AAAAAAAAAAAAAAAAAAAAAAAAAAAAAAAA;162648AAAAAAAAAAAAAAAAAAAAAAAAAAAAAA;163747AAAAAAAAAAAAAAAAAAAAAAAAAAAAAA,,1,2
abfdcf21-1a41-4b45-bd4b-3b1d5670de0b,,,Psychiatric medication adherence,Medication adherence,Adherence to prescribed psychiatric medication since the last visit,Question,Coded,159405AAAAAAAAAAAAAAAAAAAAAAAAAAAAAA;46969e18-a3c4-4fcc-ba87-907917ac0986;159407AAAAAAAAAAAAAAAAAAAAAAAAAAAAAA,,1,2
fc9f0bf2-1b56-4c15-b07f-83812da8a923,,,Medication side effect details,Side effect details,Free text description of reported medication side effects,Question,Text,,,1,2
a9a3bc9c-9667-46d6-821c-757b87cef963,,,Suicidal thoughts present at follow-up,Suicidal thoughts,Whether suicidal thoughts are present at this follow-up,Question,Coded,1065AAAAAAAAAAAAAAAAAAAAAAAAAAAAAAAA;1066AAAAAAAAAAAAAAAAAAAAAAAAAAAAAAAA,,1,2
d807e140-7b07-4750-a66b-362b446e6422,,,Suicide plan present at follow-up,Suicide plan,Whether a suicide plan is present at this follow-up,Question,Coded,1065AAAAAAAAAAAAAAAAAAAAAAAAAAAAAAAA;1066AAAAAAAAAAAAAAAAAAAAAAAAAAAAAAAA,,1,2
887091d1-e5d1-463e-8129-7fb867f0b984,,,Aggression present at follow-up,Aggression,Whether aggression is present at this follow-up,Question,Coded,1065AAAAAAAAAAAAAAAAAAAAAAAAAAAAAAAA;1066AAAAAAAAAAAAAAAAAAAAAAAAAAAAAAAA,,1,2
eca5a114-dd69-4452-aceb-93d74996d100,,,Self-neglect present at follow-up,Self-neglect,Whether self-neglect is present at this follow-up,Question,Coded,1065AAAAAAAAAAAAAAAAAAAAAAAAAAAAAAAA;1066AAAAAAAAAAAAAAAAAAAAAAAAAAAAAAAA,,1,2
376ad7f1-983c-47ac-b5e9-ed58faf0c075,,,Thought content at follow-up,Thought content,Predominant thought content observed at follow-up,Question,Coded,1115AAAAAAAAAAAAAAAAAAAAAAAAAAAAAAAA;db3dbd0d-b506-480f-8002-4fece8917490;383b9933-5668-4017-94c1-475c5bd7149b;0e31a57c-1cc0-434e-88c3-c104d6bf13b8,,1,2
3ddaf2af-df14-4f32-8aed-f13f7b74caaf,,,Perception at follow-up,Perception,Perceptual disturbance observed at follow-up,Question,Coded,1107AAAAAAAAAAAAAAAAAAAAAAAAAAAAAAAA;425cf922-cfca-4696-92e2-d43fa99b3fb0,,1,2
2e6b1ca4-8a33-4720-bc06-6dfd8b97c5d9,,,Judgment level,Judgment,Level of the patient judgment,Question,Coded,a6d00512-9786-45d6-8886-be160acfd5d4;7acf2842-fb7d-4c80-8e86-5e84615cf7a8,,1,2
2a7f9d0e-d176-42e5-8d01-baf1aaba8cd6,,,Psychiatry follow-up note,Follow-up note,Narrative note on patient status since the last psychiatric visit,Question,Text,,,1,2
639173e6-7d13-4bb9-b6a3-4d3840566f82,,,Uncertain seizure occurrence,Uncertain,Seizure occurrence cannot be determined,Finding,N/A,,,1,1
35c5ac3f-1263-4178-a274-84c4d3ce7558,,,Complex partial seizure,Complex partial,Focal seizure with impaired awareness,Finding,N/A,,,1,1
19c78de8-29bd-485c-89d3-1678028836e3,,,Unclear seizure type,Unclear type,Seizure type cannot be classified,Finding,N/A,,,1,1
bb360173-9609-411e-aeaf-1195405aee58,,,EEG referral source,EEG referral source,Whether the EEG request is self-referred or from an institution,Question,Coded,978AAAAAAAAAAAAAAAAAAAAAAAAAAAAAAAAA;0c4ee1b0-dfda-41d7-9e2c-f4033b877bd7,,1,2
79c6b3ea-274f-494b-b9a7-098908dc66b6,,,Referring institution name,Referring institution,Name of the referring institution or department,Question,Text,,,1,2
82893eb9-638b-4ed0-9c58-c4c363183143,,,Date of EEG referral,Referral date,Date the EEG referral was made,Question,Date,,,1,2
7f0246b5-1d1d-4d59-b567-88eae46701ef,,,Seizure reported,Seizure reported,Whether a seizure has been reported,Question,Coded,1065AAAAAAAAAAAAAAAAAAAAAAAAAAAAAAAA;1066AAAAAAAAAAAAAAAAAAAAAAAAAAAAAAAA;639173e6-7d13-4bb9-b6a3-4d3840566f82,,1,2
a4194c70-adbe-4f6c-922a-9c0457b53a6d,,,Reported seizure type,Seizure type,Type of seizure reported on the EEG request,Question,Coded,5a6edfda-9e1a-46d4-a9fc-27523fd6742c;35c5ac3f-1263-4178-a274-84c4d3ce7558;23559a29-c41d-4952-933c-427d070737b4;3d1a9566-6b75-40e6-a2a5-b905c3834c9e;19c78de8-29bd-485c-89d3-1678028836e3,,1,2
9976a860-69b2-4b03-8823-3d0fce4dadb6,,,Duration of seizure history,Seizure duration,How long the patient has had seizures,Question,Numeric,,,1,2
fec71fc9-46b1-48cb-8b95-71466c72c869,,,Family history of epilepsy,Family hx epilepsy,Family history of epilepsy reported,Question,Coded,1065AAAAAAAAAAAAAAAAAAAAAAAAAAAAAAAA;1066AAAAAAAAAAAAAAAAAAAAAAAAAAAAAAAA,,1,2
32d208f1-cdab-4499-87fb-8507fe2e667f,,,Past history of severe head injury,Severe head injury,Past history of severe head injury reported,Question,Coded,1065AAAAAAAAAAAAAAAAAAAAAAAAAAAAAAAA;1066AAAAAAAAAAAAAAAAAAAAAAAAAAAAAAAA,,1,2
f90f40fd-6465-4781-b7ae-43686eae7dbb,,,Current medical illness or psychiatric disorder,Current illness,ICD-11 coded current medical illness or psychiatric disorder stated on the EEG request,Question,Coded,,,1,2
390b2731-fb34-4b0b-a51b-f0467d4e8692,,,Anticonvulsant drugs currently taken,Anticonvulsants,Anticonvulsant drugs the patient is currently taking,Question,Coded,5fc59931-d43d-4c30-8f95-705e681f4c1f;79889683-9f5d-45d2-90a9-d68d05cb4094;3b4f7692-d80e-42a7-ac17-4eda3f869fa9;f1d50a43-5f0a-4b52-bd1d-e3c3f0976a59;a06f9277-de8e-42c6-8636-07da85dd8f9f;2f0d890f-e0bf-41ed-a107-fd673cf27561;cab0f78c-1adb-4d76-9500-9bd8ee4ada59,,1,2
db5dce16-4bba-4541-beca-48d7660ed840,,,Other drugs currently taken,Other drugs,Free text list of other drugs currently taken,Question,Text,,,1,2
ff04d054-5aa3-4f94-9596-9044c8cddc8f,,,Command hallucination present,Command hallucination present,Command hallucination present on assessment,Question,Coded,1065AAAAAAAAAAAAAAAAAAAAAAAAAAAAAAAA;1066AAAAAAAAAAAAAAAAAAAAAAAAAAAAAAAA,,1,2
780916bd-7f86-4228-b8c6-370550bfa7c0,,,Provoking behaviour present,Provoking behaviour present,Provoking behaviour present on assessment,Question,Coded,1065AAAAAAAAAAAAAAAAAAAAAAAAAAAAAAAA;1066AAAAAAAAAAAAAAAAAAAAAAAAAAAAAAAA,,1,2
c0a76259-f53e-4181-8e96-12cd06601218,,,Restlessness present,Restlessness present,Restlessness present on assessment,Question,Coded,1065AAAAAAAAAAAAAAAAAAAAAAAAAAAAAAAA;1066AAAAAAAAAAAAAAAAAAAAAAAAAAAAAAAA,,1,2
bcceda86-795b-4f4c-91ef-c659d28fdf03,,,Uncooperativeness present,Uncooperativeness present,Uncooperativeness present on assessment,Question,Coded,1065AAAAAAAAAAAAAAAAAAAAAAAAAAAAAAAA;1066AAAAAAAAAAAAAAAAAAAAAAAAAAAAAAAA,,1,2
e28d1af6-1189-41d7-8f4d-6edb150c0665,,,Increased muscle tone present,Increased muscle tone present,Increased muscle tone present on assessment,Question,Coded,1065AAAAAAAAAAAAAAAAAAAAAAAAAAAAAAAA;1066AAAAAAAAAAAAAAAAAAAAAAAAAAAAAAAA,,1,2
ece9a066-502b-433b-9ec4-b34eed636eea,,,Verbally abusive behaviour present,Verbally abusive behaviour present,Verbally abusive behaviour present on assessment,Question,Coded,1065AAAAAAAAAAAAAAAAAAAAAAAAAAAAAAAA;1066AAAAAAAAAAAAAAAAAAAAAAAAAAAAAAAA,,1,2
b91290b3-e0e6-469d-b4af-79796f4d4260,,,Hostile appearance present,Hostile appearance present,Hostile appearance present on assessment,Question,Coded,1065AAAAAAAAAAAAAAAAAAAAAAAAAAAAAAAA;1066AAAAAAAAAAAAAAAAAAAAAAAAAAAAAAAA,,1,2
483d4782-4586-4ee3-b01f-d447d3e29cec,,,Persecutory delusion present,Persecutory delusion present,Persecutory delusion present on assessment,Question,Coded,1065AAAAAAAAAAAAAAAAAAAAAAAAAAAAAAAA;1066AAAAAAAAAAAAAAAAAAAAAAAAAAAAAAAA,,1,2
13a51820-8e34-4970-b506-bebb1d2c7ad1,,,Assessment day number,Day number,Sequential day number of the violence risk assessment,Question,Numeric,,,1,2
39e22904-c4be-4610-be0e-cd6228ea3802,,,Violence risk assessment time,Assessment time,Time the violence risk assessment was carried out,Question,Datetime,,,1,2
287565ae-02ed-4a44-aa44-75739ac837fc,,,Physiotherapy service,Physiotherapy service,Rehabilitation service area: physiotherapy service,Finding,N/A,,,1,1
39298c3f-3658-4c27-ad6d-e50ea2e11568,,,Prosthetic service,Prosthetic service,Rehabilitation service area: prosthetic service,Finding,N/A,,,1,1
f0a43659-a6f7-4101-afbd-a1a8c1ac35f2,,,Orthotic service,Orthotic service,Rehabilitation service area: orthotic service,Finding,N/A,,,1,1
90f49bc8-6c3c-4793-8d39-8130c9edafa2,,,Mobility aid unit service,Mobility aid unit service,Rehabilitation service area: mobility aid unit service,Finding,N/A,,,1,1
23971405-3c43-4c2c-b441-aac152c104cb,,,Other rehabilitation service,Other rehabilitation service,Rehabilitation service area: other rehabilitation service,Finding,N/A,,,1,1
1f573884-ee18-4660-935a-c58f8d261982,,,Ambulates with a walking aid,With walking aid,Patient ambulates using a walking aid,Finding,N/A,,,1,1
d130ff36-b7fe-4d04-b4b4-f47fffc42dc9,,,Follow-up at same centre,Same centre,Follow-up to take place at the same rehabilitation centre,Finding,N/A,,,1,1
30f9d552-af8a-4004-b439-258806962f37,,,Follow-up at outreach service,Outreach service,Follow-up to take place at an outreach service,Finding,N/A,,,1,1
06acab73-a4c9-413c-9e22-9460730d7ae3,,,Goals fully achieved,Fully achieved,Rehabilitation goals fully achieved at discharge,Finding,N/A,,,1,1
3bb30b19-722f-487c-99e6-093bbebf9f63,,,Goals partially achieved,Partially achieved,Rehabilitation goals partially achieved at discharge,Finding,N/A,,,1,1
396099aa-5c1a-44e1-a7cb-8ad54331b2b3,,,Goals not achieved,Not achieved,Rehabilitation goals not achieved at discharge,Finding,N/A,,,1,1
33380db4-124e-4e56-baad-531dbb506fff,,,Measurement or casting visit,Measurement or casting visit,Purpose of the rehabilitation appointment: measurement or casting visit,Finding,N/A,,,1,1
f5dcbd85-55e3-4039-805d-4d6002a583c4,,,Device fitting visit,Device fitting visit,Purpose of the rehabilitation appointment: device fitting visit,Finding,N/A,,,1,1
cfdad999-8b14-4124-ba8e-d449f9ab6145,,,Device delivery visit,Device delivery visit,Purpose of the rehabilitation appointment: device delivery visit,Finding,N/A,,,1,1
0531e1c4-7ed6-44f9-856c-277fb26349ad,,,Device repair or maintenance visit,Device repair or maintenance visit,Purpose of the rehabilitation appointment: device repair or maintenance visit,Finding,N/A,,,1,1
7e8dd6ec-68b9-456f-a200-a45dc931f15a,,,Rehabilitation session visit,Rehabilitation session visit,Purpose of the rehabilitation appointment: rehabilitation session visit,Finding,N/A,,,1,1
194678eb-be56-43c6-9666-74534a412bf2,,,General physiotherapy rehabilitation,General physiotherapy rehabilitatio,Rehabilitation type: general physiotherapy rehabilitation,Finding,N/A,,,1,1
1819b742-c89f-4a4b-836f-734e9fb8bdc7,,,Post-fitting rehabilitation,Post-fitting rehabilitation,Rehabilitation type: post-fitting rehabilitation,Finding,N/A,,,1,1
4762dc10-89e5-4c8e-9cb3-e9343915dde1,,,Neurological rehabilitation type,Neurological rehabilitation type,Rehabilitation type: neurological rehabilitation type,Finding,N/A,,,1,1
fb63b3db-3f71-4339-8ecb-941855e26719,,,Pain management rehabilitation,Pain management rehabilitation,Rehabilitation type: pain management rehabilitation,Finding,N/A,,,1,1
a15d0038-caf8-4fd3-b79f-04370ea76217,,,Mobility and gait training rehabilitation,Mobility and gait training rehabili,Rehabilitation type: mobility and gait training rehabilitation,Finding,N/A,,,1,1
62618440-47b3-4e5a-a56d-02caade61c59,,,Paediatric rehabilitation,Paediatric rehabilitation,Rehabilitation type: paediatric rehabilitation,Finding,N/A,,,1,1
0c5d1080-6893-4a33-9260-8db05cf68e6f,,,No issue with assistive device,No issue with assistive device,No issue with assistive device,Finding,N/A,,,1,1
a19cfaf7-69be-4327-bfc4-13106686998d,,,Minor issue with assistive device,Minor issue with assistive device,Minor issue with assistive device,Finding,N/A,,,1,1
71d220a1-bf21-4d06-ba0a-7055e7983774,,,Major issue with assistive device,Major issue with assistive device,Major issue with assistive device,Finding,N/A,,,1,1
67deafde-7e50-4a02-a832-670981a603cb,,,Assistive device broken,Assistive device broken,Assistive device broken,Finding,N/A,,,1,1
571a212b-f361-48a3-86c1-47ce8b32614e,,,Pain with assistive device,Pain with assistive device,Pain with assistive device,Finding,N/A,,,1,1
6ab725a8-afaa-4ebe-9a2b-1a2e3b440681,,,Continue physiotherapy,Continue physiotherapy,Rehabilitation triage outcome: continue physiotherapy,Finding,N/A,,,1,1
7acc1282-a79c-4aad-a1fa-c9c0930cabe3,,,Proceed to next prosthetic or orthotic stage,Proceed to next prosthetic or ortho,Rehabilitation triage outcome: proceed to next prosthetic or orthotic stage,Finding,N/A,,,1,1
4ac7b85b-1197-4342-8a7b-64ddca753700,,,Refer for device adjustment,Refer for device adjustment,Rehabilitation triage outcome: refer for device adjustment,Finding,N/A,,,1,1
e03cb8f6-2022-4f4c-8bf5-44dde983a185,,,Refer to device repair unit,Refer to device repair unit,Rehabilitation triage outcome: refer to device repair unit,Finding,N/A,,,1,1
f6fc8085-882d-4c74-88cd-9f4027362298,,,Refer for multidisciplinary team review,Refer for multidisciplinary team re,Rehabilitation triage outcome: refer for multidisciplinary team review,Finding,N/A,,,1,1
11ac1dcd-e634-4d77-aa99-66922eaa9f1d,,,Reassessment by specialist,Reassessment by specialist,Rehabilitation triage outcome: reassessment by specialist,Finding,N/A,,,1,1
6010f653-cfc0-4793-b382-f5113f2d9dcf,,,Refer to medical team,Refer to medical team,Rehabilitation triage outcome: refer to medical team,Finding,N/A,,,1,1
3da52dc5-8e8c-40b6-8045-2635e60ddb4c,,,Home programme update,Home programme update,Rehabilitation triage outcome: home programme update,Finding,N/A,,,1,1
d230bb4d-d1c5-4616-83e6-cb9fbcba0d52,,,Rehabilitation service area,Service area,Rehabilitation service areas involved in this episode of care,Question,Coded,287565ae-02ed-4a44-aa44-75739ac837fc;39298c3f-3658-4c27-ad6d-e50ea2e11568;f0a43659-a6f7-4101-afbd-a1a8c1ac35f2;90f49bc8-6c3c-4793-8d39-8130c9edafa2;23971405-3c43-4c2c-b441-aac152c104cb,,1,2
41968e23-7ecb-4487-852b-76f3327f7dd2,,,Other rehabilitation service specified,Other service,Free text name of a rehabilitation service not otherwise listed,Question,Text,,,1,2
30d9baeb-d0a7-4a5f-8ef4-8a88349531dd,,,Rehabilitation registration date,Registration date,Date the patient was registered for rehabilitation services,Question,Datetime,,,1,2
96a1ba40-ebaa-403b-a997-e4b11a3c06a4,,,Mobility status at rehabilitation discharge,Mobility at discharge,Functional mobility status recorded at rehabilitation discharge,Question,Coded,ab938a86-d5a6-4e26-9751-86b10313f921;1f573884-ee18-4660-935a-c58f8d261982;0b7cf0f6-fd21-4978-9f34-5b52dc6d0100,,1,2
b68be110-ab05-4d22-9c5f-3dcb047bd762,,,Rehabilitation follow-up location,Follow-up location,Where the rehabilitation follow-up will take place,Question,Coded,d130ff36-b7fe-4d04-b4b4-f47fffc42dc9;30f9d552-af8a-4004-b439-258806962f37,,1,2
bfdb0243-40e1-4c79-b75c-1ba3becb774b,,,Rehabilitation goal outcome at discharge,Goal outcome,Extent to which rehabilitation goals were achieved at discharge,Question,Coded,06acab73-a4c9-413c-9e22-9460730d7ae3;3bb30b19-722f-487c-99e6-093bbebf9f63;396099aa-5c1a-44e1-a7cb-8ad54331b2b3,,1,2
3e140d97-c595-4b71-92ad-14cb8d3750f1,,,Date of last rehabilitation visit,Last visit date,Date of the previous rehabilitation visit,Question,Date,,,1,2
431f90ae-af7a-48f3-93a2-0512536a1594,,,Previous rehabilitation service stage,Previous stage,Service stage reached at the previous rehabilitation visit,Question,Text,,,1,2
c3a4d295-7abc-49ba-8ff4-dfd6523a8253,,,Assistive device provided,Device provided,Assistive device previously provided to the patient,Question,Text,,,1,2
b514f958-1238-43a7-b2ac-a6e9311900e2,,,Treating unit,Treating unit,Hospital department or unit treating the patient,Question,Coded,d8176d1b-1234-11ee-be56-0242ac120002;d8176d1b-1234-11ee-be56-0242ac120003;d8176d1b-1234-11ee-be56-0242ac120004;d8176d1b-1234-11ee-be56-0242ac120005;d8176d1b-1234-11ee-be56-0242ac120006;d8176d1b-1234-11ee-be56-0242ac120007;d8176d1b-1234-11ee-be56-0242ac120008;d8176d1b-1234-11ee-be56-0242ac120009;d8176d1b-1234-11ee-be56-0242ac120010;d8176d1b-1234-11ee-be56-0242ac120011;d8176d1b-1234-11ee-be56-0242ac120012;d8176d1b-1234-11ee-be56-0242ac120013;d8176d1b-1234-11ee-be56-0242ac120014;d8176d1b-1234-11ee-be56-0242ac120015;d8176d1b-1234-11ee-be56-0242ac120016;d8176d1b-1234-11ee-be56-0242ac120017,,1,2
9facf83e-844f-4c89-a000-f5dadfd5775c,,,Rehabilitation visit purpose,Visit purpose,Purpose of the rehabilitation appointment,Question,Coded,33380db4-124e-4e56-baad-531dbb506fff;f5dcbd85-55e3-4039-805d-4d6002a583c4;cfdad999-8b14-4124-ba8e-d449f9ab6145;0531e1c4-7ed6-44f9-856c-277fb26349ad;7e8dd6ec-68b9-456f-a200-a45dc931f15a,,1,2
84170ec3-ece8-4f4f-aaf5-285d6a5179ea,,,Rehabilitation session conducted,Rehab session,Whether a rehabilitation session was conducted at this visit,Question,Coded,1065AAAAAAAAAAAAAAAAAAAAAAAAAAAAAAAA;1066AAAAAAAAAAAAAAAAAAAAAAAAAAAAAAAA,,1,2
ce4747e7-a211-4fe7-b516-b29f7ab4ec27,,,Rehabilitation type,Rehabilitation type,Type of rehabilitation delivered,Question,Coded,194678eb-be56-43c6-9666-74534a412bf2;1819b742-c89f-4a4b-836f-734e9fb8bdc7;4762dc10-89e5-4c8e-9cb3-e9343915dde1;fb63b3db-3f71-4339-8ecb-941855e26719;a15d0038-caf8-4fd3-b79f-04370ea76217;62618440-47b3-4e5a-a56d-02caade61c59,,1,2
3edcf2d0-7dda-482a-b2fa-cf8cb8cb3030,,,New surgery since last rehabilitation visit,New surgery since last rehabilitati,New surgery since last rehabilitation visit,Question,Coded,1065AAAAAAAAAAAAAAAAAAAAAAAAAAAAAAAA;1066AAAAAAAAAAAAAAAAAAAAAAAAAAAAAAAA,,1,2
e57f7e7e-66ac-4c15-86f3-51e62d56d149,,,Increased pain since last rehabilitation visit,Increased pain since last rehabilit,Increased pain since last rehabilitation visit,Question,Coded,1065AAAAAAAAAAAAAAAAAAAAAAAAAAAAAAAA;1066AAAAAAAAAAAAAAAAAAAAAAAAAAAAAAAA,,1,2
e6819263-a38f-45a1-bac2-84cc03fb13ba,,,Functional decline since last rehabilitation visit,Functional decline since last rehab,Functional decline since last rehabilitation visit,Question,Coded,1065AAAAAAAAAAAAAAAAAAAAAAAAAAAAAAAA;1066AAAAAAAAAAAAAAAAAAAAAAAAAAAAAAAA,,1,2
77751142-021f-4aeb-b169-101e93aac967,,,Fall since last rehabilitation visit,Fall since last rehabilitation visi,Fall since last rehabilitation visit,Question,Coded,1065AAAAAAAAAAAAAAAAAAAAAAAAAAAAAAAA;1066AAAAAAAAAAAAAAAAAAAAAAAAAAAAAAAA,,1,2
0d380943-7fbf-44ba-86c8-478506c67ecf,,,New diagnosis since last rehabilitation visit,New diagnosis since last rehabilita,New diagnosis since last rehabilitation visit,Question,Coded,1065AAAAAAAAAAAAAAAAAAAAAAAAAAAAAAAA;1066AAAAAAAAAAAAAAAAAAAAAAAAAAAAAAAA,,1,2
1e2901d3-3982-429f-898c-d70e4959fac2,,,Stump condition change since last rehabilitation visit,Stump condition change since last r,Stump condition change since last rehabilitation visit,Question,Coded,1065AAAAAAAAAAAAAAAAAAAAAAAAAAAAAAAA;1066AAAAAAAAAAAAAAAAAAAAAAAAAAAAAAAA,,1,2
73bba409-70a7-4986-8017-a9679b1e9355,,,Assistive device condition,Device condition,Condition of the patient assistive device at follow-up,Question,Coded,0c5d1080-6893-4a33-9260-8db05cf68e6f;a19cfaf7-69be-4327-bfc4-13106686998d;71d220a1-bf21-4d06-ba0a-7055e7983774;67deafde-7e50-4a02-a832-670981a603cb;571a212b-f361-48a3-86c1-47ce8b32614e,,1,2
fa45fbf0-a35b-4028-9b41-e0e5c7fb0ab0,,,Assistive device issue details,Device issue details,Free text detail of any assistive device issue,Question,Text,,,1,2
e5a50e2e-2fd1-44b6-9f76-ff378dc4e421,,,Bed mobility change,Bed mobility change,Change in bed mobility change since the last rehabilitation visit,Question,Coded,165b4679-5c0d-4edb-bb3d-e661d45122e4;f852e236-e96d-4e47-bdf0-9c98da633e36;47a7b9e1-9917-470d-9647-f82a29860845,,1,2
b8c9ed07-f56f-481e-8992-a63164593cdb,,,Sitting ability change,Sitting ability change,Change in sitting ability change since the last rehabilitation visit,Question,Coded,165b4679-5c0d-4edb-bb3d-e661d45122e4;f852e236-e96d-4e47-bdf0-9c98da633e36;47a7b9e1-9917-470d-9647-f82a29860845,,1,2
12b9a5a5-9b93-4d38-902b-9515ec7119e6,,,Standing ability change,Standing ability change,Change in standing ability change since the last rehabilitation visit,Question,Coded,165b4679-5c0d-4edb-bb3d-e661d45122e4;f852e236-e96d-4e47-bdf0-9c98da633e36;47a7b9e1-9917-470d-9647-f82a29860845,,1,2
4a4b3ab1-794c-41d8-9241-066ba9c66c3a,,,Walking ability change,Walking ability change,Change in walking ability change since the last rehabilitation visit,Question,Coded,165b4679-5c0d-4edb-bb3d-e661d45122e4;f852e236-e96d-4e47-bdf0-9c98da633e36;47a7b9e1-9917-470d-9647-f82a29860845,,1,2
8c62ba0c-4475-4499-8686-607b01d13cd0,,,Transfers ability change,Transfers ability change,Change in transfers ability change since the last rehabilitation visit,Question,Coded,165b4679-5c0d-4edb-bb3d-e661d45122e4;f852e236-e96d-4e47-bdf0-9c98da633e36;47a7b9e1-9917-470d-9647-f82a29860845,,1,2
dab660f5-9270-48d6-b0c8-f3884e5b661d,,,Pain change since last rehabilitation visit,Pain change,Direction of pain change since the last rehabilitation visit,Question,Coded,165b4679-5c0d-4edb-bb3d-e661d45122e4;164381AAAAAAAAAAAAAAAAAAAAAAAAAAAAAA;162678AAAAAAAAAAAAAAAAAAAAAAAAAAAAAA,,1,2
977ae720-39da-4abd-8c16-eb31891c510a,,,Chest pain red flag,Chest pain red flag,Rehabilitation safety screen: chest pain red flag,Question,Coded,1065AAAAAAAAAAAAAAAAAAAAAAAAAAAAAAAA;1066AAAAAAAAAAAAAAAAAAAAAAAAAAAAAAAA,,1,2
231365aa-8599-4292-8d90-2f48fd64f696,,,Shortness of breath red flag,Shortness of breath red flag,Rehabilitation safety screen: shortness of breath red flag,Question,Coded,1065AAAAAAAAAAAAAAAAAAAAAAAAAAAAAAAA;1066AAAAAAAAAAAAAAAAAAAAAAAAAAAAAAAA,,1,2
2374356c-3b33-4260-b277-1274497c937f,,,Dizziness or fainting red flag,Dizziness or fainting red flag,Rehabilitation safety screen: dizziness or fainting red flag,Question,Coded,1065AAAAAAAAAAAAAAAAAAAAAAAAAAAAAAAA;1066AAAAAAAAAAAAAAAAAAAAAAAAAAAAAAAA,,1,2
235b90ca-b75f-4ad5-9897-773576a080a7,,,Fever or infection red flag,Fever or infection red flag,Rehabilitation safety screen: fever or infection red flag,Question,Coded,1065AAAAAAAAAAAAAAAAAAAAAAAAAAAAAAAA;1066AAAAAAAAAAAAAAAAAAAAAAAAAAAAAAAA,,1,2
9af7aad8-8dac-408a-b4e6-395462785ac1,,,Severe uncontrolled pain red flag,Severe uncontrolled pain red flag,Rehabilitation safety screen: severe uncontrolled pain red flag,Question,Coded,1065AAAAAAAAAAAAAAAAAAAAAAAAAAAAAAAA;1066AAAAAAAAAAAAAAAAAAAAAAAAAAAAAAAA,,1,2
eec86580-46dd-466a-ac59-0dbd079cf1a5,,,Suspected deep vein thrombosis red flag,Suspected deep vein thrombosis red ,Rehabilitation safety screen: suspected deep vein thrombosis red flag,Question,Coded,1065AAAAAAAAAAAAAAAAAAAAAAAAAAAAAAAA;1066AAAAAAAAAAAAAAAAAAAAAAAAAAAAAAAA,,1,2
5e983d7e-d1a9-4dd3-a1b3-f1c8e369253f,,,Clinical review flag,Clinical review flag,Derived flag raised when any rehabilitation red flag is present,Question,Text,,,1,2
3f3cb8d2-25f3-484a-bfac-5561e1d2a816,,,Fall risk at rehabilitation follow-up,Fall risk at rehabilitation follow-,Fall risk at rehabilitation follow-up,Question,Coded,1065AAAAAAAAAAAAAAAAAAAAAAAAAAAAAAAA;1066AAAAAAAAAAAAAAAAAAAAAAAAAAAAAAAA,,1,2
ae1dc36f-1911-41bf-8965-9c70537302ed,,,Pressure sore risk at rehabilitation follow-up,Pressure sore risk at rehabilitatio,Pressure sore risk at rehabilitation follow-up,Question,Coded,1065AAAAAAAAAAAAAAAAAAAAAAAAAAAAAAAA;1066AAAAAAAAAAAAAAAAAAAAAAAAAAAAAAAA,,1,2
d00fb9c3-767a-4a07-b9f0-e70803415927,,,Contracture risk at rehabilitation follow-up,Contracture risk at rehabilitation ,Contracture risk at rehabilitation follow-up,Question,Coded,1065AAAAAAAAAAAAAAAAAAAAAAAAAAAAAAAA;1066AAAAAAAAAAAAAAAAAAAAAAAAAAAAAAAA,,1,2
90561e3a-0af6-426d-a5a5-fb12d29bf2b3,,,Device-related complication risk,Device-related complication risk,Device-related complication risk,Question,Coded,1065AAAAAAAAAAAAAAAAAAAAAAAAAAAAAAAA;1066AAAAAAAAAAAAAAAAAAAAAAAAAAAAAAAA,,1,2
d35294fb-6a11-43e3-9139-56667ef981c7,,,Previous rehabilitation goal,Previous goal,Goal set at the previous rehabilitation visit,Question,Text,,,1,2
fbfeb30e-6032-4f7c-908d-53dc098d0dc2,,,Rehabilitation goal progress status,Goal progress,Progress against the previous rehabilitation goal,Question,Coded,06acab73-a4c9-413c-9e22-9460730d7ae3;46969e18-a3c4-4fcc-ba87-907917ac0986;396099aa-5c1a-44e1-a7cb-8ad54331b2b3,,1,2
ab8101cb-0d7d-4475-9be2-8d2a6450cf9b,,,Updated rehabilitation goal,Updated goal,Goal set at this rehabilitation visit,Question,Text,,,1,2
69b830a3-e485-4ca5-b6e5-4ee91ed0fd76,,,Ready for next fitting stage,Ready for next fitting stage,Ready for next fitting stage,Question,Coded,1065AAAAAAAAAAAAAAAAAAAAAAAAAAAAAAAA;1066AAAAAAAAAAAAAAAAAAAAAAAAAAAAAAAA,,1,2
7e4922c8-61b6-46b0-8f0f-58d61c43a56b,,,Requires device adjustment,Requires device adjustment,Requires device adjustment,Question,Coded,1065AAAAAAAAAAAAAAAAAAAAAAAAAAAAAAAA;1066AAAAAAAAAAAAAAAAAAAAAAAAAAAAAAAA,,1,2
ac67ba53-fbbf-493c-891f-ce53db92a0c9,,,Requires device repair,Requires device repair,Requires device repair,Question,Coded,1065AAAAAAAAAAAAAAAAAAAAAAAAAAAAAAAA;1066AAAAAAAAAAAAAAAAAAAAAAAAAAAAAAAA,,1,2
fdb00586-cac6-4eee-9009-55e4988e05a9,,,Requires re-evaluation,Requires re-evaluation,Requires re-evaluation,Question,Coded,1065AAAAAAAAAAAAAAAAAAAAAAAAAAAAAAAA;1066AAAAAAAAAAAAAAAAAAAAAAAAAAAAAAAA,,1,2
809216fa-86c6-4866-8d21-d2c7ae252ae8,,,Rehabilitation triage outcome,Triage outcome,Routing decision from rehabilitation triage,Question,Coded,6ab725a8-afaa-4ebe-9a2b-1a2e3b440681;7acc1282-a79c-4aad-a1fa-c9c0930cabe3;4ac7b85b-1197-4342-8a7b-64ddca753700;e03cb8f6-2022-4f4c-8bf5-44dde983a185;f6fc8085-882d-4c74-88cd-9f4027362298;11ac1dcd-e634-4d77-aa99-66922eaa9f1d;6010f653-cfc0-4793-b382-f5113f2d9dcf;3da52dc5-8e8c-40b6-8045-2635e60ddb4c,,1,2
1e8a5647-92f9-4df4-81b9-8e480c7c778d,,,Rehabilitation triage notes,Triage notes,Free text notes from the rehabilitation triage encounter,Question,Text,,,1,2
88c0edc4-e708-4d81-b6d5-21702fbf276a,,,External facility referral source,External facility,Referral received from an external health facility,Finding,N/A,,,1,1
969317ee-6f9f-404a-8da0-fac14bff8742,,,Requires assistance,Assistance,Functional task performed with assistance,Finding,N/A,,,1,1
3bcfe3e4-0cd6-4730-b169-b05843494a2a,,,Prosthetic device in use,Prosthetic device in use,Prosthetic device in use,Finding,N/A,,,1,1
82267ce5-0165-4995-ad4f-93bafe113784,,,Orthotic device in use,Orthotic device in use,Orthotic device in use,Finding,N/A,,,1,1
70a48818-898e-42aa-91a6-7ff8fd596288,,,Mobility aid in use,Mobility aid in use,Mobility aid in use,Finding,N/A,,,1,1
7fb9a905-c2f9-4b25-821d-6b05d950dc28,,,Other assistive device in use,Other assistive device in use,Other assistive device in use,Finding,N/A,,,1,1
78fcac8d-8b89-4f87-8edc-57d5106172a4,,,No previous device fits,No previous device fits,No previous device fits,Finding,N/A,,,1,1
e8f9b12e-3eb0-4224-ab6d-ca5ef7250b11,,,One previous device fit,One previous device fit,One previous device fit,Finding,N/A,,,1,1
29a5944b-7ba3-4946-87b5-1290b364f3b4,,,Two to three previous device fits,Two to three previous device fits,Two to three previous device fits,Finding,N/A,,,1,1
a74c23b6-3e56-432a-a797-e50040c60af8,,,Four or more previous device fits,Four or more previous device fits,Four or more previous device fits,Finding,N/A,,,1,1
7f832fc0-e219-46e8-8fad-3d12157cc985,,,Sedentary work demand,Sedentary work demand,Sedentary work demand,Finding,N/A,,,1,1
6a9f04d8-89c6-4beb-a611-f9708844eb77,,,Light work demand,Light work demand,Light work demand,Finding,N/A,,,1,1
2b32762a-359d-434b-8108-8f2eccc9a28f,,,Heavy work demand,Heavy work demand,Heavy work demand,Finding,N/A,,,1,1
3ac2374d-61c2-482d-a325-31af1bd3d1a6,,,High priority same day service,High priority same day service,High priority same day service,Finding,N/A,,,1,1
8348eb3c-af95-4daf-8527-acd34781765d,,,Medium priority early appointment,Medium priority early appointment,Medium priority early appointment,Finding,N/A,,,1,1
38888158-50b8-47c6-8728-be4e1b7dcf75,,,Low priority routine appointment,Low priority routine appointment,Low priority routine appointment,Finding,N/A,,,1,1
17740889-1a66-4d03-b6df-c9efc6b7319c,,,Refer for prosthetic assessment,Refer for prosthetic assessment,Rehabilitation triage outcome: refer for prosthetic assessment,Finding,N/A,,,1,1
fb41ebb3-43d3-4a1e-9830-c5ff50ecead0,,,Refer for orthotic assessment,Refer for orthotic assessment,Rehabilitation triage outcome: refer for orthotic assessment,Finding,N/A,,,1,1
a60bedeb-0acb-4f44-9c48-e27b25d1abe8,,,Refer for post-fitting rehabilitation,Refer for post-fitting rehabilitati,Rehabilitation triage outcome: refer for post-fitting rehabilitation,Finding,N/A,,,1,1
3b8b1ff2-7411-4018-8d8f-22b44d88424f,,,Refer to mobility aid unit,Refer to mobility aid unit,Rehabilitation triage outcome: refer to mobility aid unit,Finding,N/A,,,1,1
946e5f88-ca39-4766-b057-13fdaa8dda16,,,Schedule appointment,Schedule appointment,Rehabilitation triage outcome: schedule appointment,Finding,N/A,,,1,1
6078fd8c-6445-4034-802c-fe7a90e3f0bd,,,Rehabilitation referral source,Rehab referral source,Whether the rehabilitation referral is self-referred or from an external facility,Question,Coded,978AAAAAAAAAAAAAAAAAAAAAAAAAAAAAAAAA;88c0edc4-e708-4d81-b6d5-21702fbf276a,,1,2
0420e582-147b-4687-94b1-407ed2e71f29,,,Bed mobility level,Bed mobility level,Quick triage level of bed mobility level,Question,Coded,ab938a86-d5a6-4e26-9751-86b10313f921;969317ee-6f9f-404a-8da0-fac14bff8742;0b7cf0f6-fd21-4978-9f34-5b52dc6d0100,,1,2
5eba2dce-7561-43ee-8b2c-5ca003dc33ad,,,Sitting ability level,Sitting ability level,Quick triage level of sitting ability level,Question,Coded,ab938a86-d5a6-4e26-9751-86b10313f921;969317ee-6f9f-404a-8da0-fac14bff8742;0b7cf0f6-fd21-4978-9f34-5b52dc6d0100,,1,2
ff19da59-e99f-45e1-a129-6fc2b8bd0bd8,,,Standing ability level,Standing ability level,Quick triage level of standing ability level,Question,Coded,ab938a86-d5a6-4e26-9751-86b10313f921;969317ee-6f9f-404a-8da0-fac14bff8742;0b7cf0f6-fd21-4978-9f34-5b52dc6d0100,,1,2
24f2a37a-4297-485a-b897-88c517514cc9,,,Walking ability level,Walking ability level,Quick triage level of walking ability level,Question,Coded,ab938a86-d5a6-4e26-9751-86b10313f921;969317ee-6f9f-404a-8da0-fac14bff8742;0b7cf0f6-fd21-4978-9f34-5b52dc6d0100,,1,2
f7c4a253-8385-4bee-9c58-de29fc814803,,,Transfers ability level,Transfers ability level,Quick triage level of transfers ability level,Question,Coded,ab938a86-d5a6-4e26-9751-86b10313f921;969317ee-6f9f-404a-8da0-fac14bff8742;0b7cf0f6-fd21-4978-9f34-5b52dc6d0100,,1,2
8f7b91c0-f037-4c66-9ee5-b70408524fbb,,,Currently using an assistive device,Using assistive device,Whether the patient currently uses any assistive device,Question,Coded,1065AAAAAAAAAAAAAAAAAAAAAAAAAAAAAAAA;1066AAAAAAAAAAAAAAAAAAAAAAAAAAAAAAAA,,1,2
7300c519-063c-42e4-a78d-90e0e6c994fb,,,Assistive device types in use,Device types,Types of assistive device the patient currently uses,Question,Coded,3bcfe3e4-0cd6-4730-b169-b05843494a2a;82267ce5-0165-4995-ad4f-93bafe113784;70a48818-898e-42aa-91a6-7ff8fd596288;7fb9a905-c2f9-4b25-821d-6b05d950dc28,,1,2
a6728830-89b6-436e-b6ab-e5908b346bb1,,,Other assistive device specified,Other device,Free text name of an assistive device not otherwise listed,Question,Text,,,1,2
ad28b899-d1d9-482c-927d-0785f9b69443,,,Number of previous prosthetic device fits,Prosthetic fits,Count of previous prosthetic devices fitted,Question,Coded,78fcac8d-8b89-4f87-8edc-57d5106172a4;e8f9b12e-3eb0-4224-ab6d-ca5ef7250b11;29a5944b-7ba3-4946-87b5-1290b364f3b4;a74c23b6-3e56-432a-a797-e50040c60af8,,1,2
dd32a539-8ada-466a-a936-611d31cac135,,,Number of previous orthotic device fits,Orthotic fits,Count of previous orthotic devices fitted,Question,Coded,78fcac8d-8b89-4f87-8edc-57d5106172a4;e8f9b12e-3eb0-4224-ab6d-ca5ef7250b11;29a5944b-7ba3-4946-87b5-1290b364f3b4;a74c23b6-3e56-432a-a797-e50040c60af8,,1,2
384ad02d-9698-477c-9d0b-1acbf5f3236e,,,Deformity progression risk,Deformity progression,Risk of deformity progression identified at triage,Question,Coded,1065AAAAAAAAAAAAAAAAAAAAAAAAAAAAAAAA;1066AAAAAAAAAAAAAAAAAAAAAAAAAAAAAAAA,,1,2
937d3e3e-5f19-44cb-bc1c-85ad71eb815b,,,Lives alone,Lives alone,Lives alone,Question,Coded,1065AAAAAAAAAAAAAAAAAAAAAAAAAAAAAAAA;1066AAAAAAAAAAAAAAAAAAAAAAAAAAAAAAAA,,1,2
ef4359ad-c4a9-4311-bf31-67bd3c0555b3,,,Caregiver available,Caregiver available,Caregiver available,Question,Coded,1065AAAAAAAAAAAAAAAAAAAAAAAAAAAAAAAA;1066AAAAAAAAAAAAAAAAAAAAAAAAAAAAAAAA,,1,2
357d5688-59ad-4d2d-9d37-4f705e700d59,,,Home accessibility issue,Home accessibility issue,Home accessibility issue,Question,Coded,1065AAAAAAAAAAAAAAAAAAAAAAAAAAAAAAAA;1066AAAAAAAAAAAAAAAAAAAAAAAAAAAAAAAA,,1,2
4a6dfe8c-5529-46b6-87ce-e73d7169a4a3,,,Patient occupation narrative,Physiotherapy occupation,Free text description of the patient occupation,Question,Text,,,1,2
67d17eba-3e3a-48ff-8523-4a1f00728200,,,Work demand level,Work demand,Physical demand level of the patient occupation,Question,Coded,7f832fc0-e219-46e8-8fad-3d12157cc985;6a9f04d8-89c6-4beb-a611-f9708844eb77;2b32762a-359d-434b-8108-8f2eccc9a28f,,1,2
f6584ed8-015a-48fe-80b3-1c9833166cc7,,,Main functional goal,Main functional goal,Primary functional goal agreed with the patient,Question,Text,,,1,2
151264ec-24d0-4361-9d09-f90dd8054f1d,,,Rehabilitation priority agreement,Priority agreement,Agreed service priority following rehabilitation triage,Question,Coded,3ac2374d-61c2-482d-a325-31af1bd3d1a6;8348eb3c-af95-4daf-8527-acd34781765d;38888158-50b8-47c6-8728-be4e1b7dcf75,,1,2
accc596a-10e5-4e5b-a833-7a0e3cf74cce,,,Rehabilitation triage routing decision,Triage routing,Routing decision from the new-client rehabilitation triage,Question,Coded,17740889-1a66-4d03-b6df-c9efc6b7319c;fb41ebb3-43d3-4a1e-9830-c5ff50ecead0;a60bedeb-0acb-4f44-9c48-e27b25d1abe8;3b8b1ff2-7411-4018-8d8f-22b44d88424f;946e5f88-ca39-4766-b057-13fdaa8dda16;f6fc8085-882d-4c74-88cd-9f4027362298;6010f653-cfc0-4793-b382-f5113f2d9dcf;e03cb8f6-2022-4f4c-8bf5-44dde983a185;3da52dc5-8e8c-40b6-8045-2635e60ddb4c,,1,2
4e92bbd7-28d7-4662-bb06-135aa23af652,,,Emergency surgical case,Emergency case,Surgical case classified as emergency,Finding,N/A,,,1,1
c283b0aa-584d-4aeb-a89d-8793ad73af05,,,Elective surgical case,Elective case,Surgical case classified as elective,Finding,N/A,,,1,1
e8ef6f35-2b84-4212-a59e-452f4b988362,,,Operating instrument problem,Operating instrument problem,Intraoperative equipment problem: operating instrument problem,Finding,N/A,,,1,1
6616f1e9-2e14-451e-92da-c8734f596c3f,,,Suction machine problem,Suction machine problem,Intraoperative equipment problem: suction machine problem,Finding,N/A,,,1,1
f307bccd-99fc-4e55-bd27-26d618f9000b,,,Electrocautery problem,Electrocautery problem,Intraoperative equipment problem: electrocautery problem,Finding,N/A,,,1,1
5a9e05ac-ddc1-4d78-833c-a8df81ea10ca,,,Suture supply problem,Suture supply problem,Intraoperative equipment problem: suture supply problem,Finding,N/A,,,1,1
28f05c31-7f1a-4faa-b6c5-515fdab8c4ef,,,Patient identity confirmed before induction,Patient identity confirmed before i,Patient identity confirmed,Question,Coded,1065AAAAAAAAAAAAAAAAAAAAAAAAAAAAAAAA;1066AAAAAAAAAAAAAAAAAAAAAAAAAAAAAAAA,,1,2
8d841c64-205e-4b77-87c0-6f6f1664e306,,,Nil per os status confirmed,Nil per os status confirmed,Nil per os status confirmed,Question,Coded,1065AAAAAAAAAAAAAAAAAAAAAAAAAAAAAAAA;1066AAAAAAAAAAAAAAAAAAAAAAAAAAAAAAAA,,1,2
9091fd92-c64c-4215-94a4-3c71c2a1677b,,,Patient personal belongings left at bedside,Patient personal belongings left at,Personal belongings left at bedside,Question,Coded,1065AAAAAAAAAAAAAAAAAAAAAAAAAAAAAAAA;1066AAAAAAAAAAAAAAAAAAAAAAAAAAAAAAAA,,1,2
05902fc5-00d7-4502-b48b-a6f32a99e41a,,,Planned procedure confirmed before induction,Planned procedure confirmed before ,Planned procedure confirmed,Question,Coded,1065AAAAAAAAAAAAAAAAAAAAAAAAAAAAAAAA;1066AAAAAAAAAAAAAAAAAAAAAAAAAAAAAAAA,,1,2
d996793d-666d-4273-a9da-d1b8b70631ea,,,Surgical site marked,Surgical site marked,Surgical site marked,Question,Coded,1065AAAAAAAAAAAAAAAAAAAAAAAAAAAAAAAA;1066AAAAAAAAAAAAAAAAAAAAAAAAAAAAAAAA,,1,2
61c6b8a5-c8db-4db3-9156-9d01586779f2,,,Diagnostic results attached,Diagnostic results attached,Diagnostic results attached,Question,Coded,1065AAAAAAAAAAAAAAAAAAAAAAAAAAAAAAAA;1066AAAAAAAAAAAAAAAAAAAAAAAAAAAAAAAA,,1,2
c82980d6-aade-4cbd-9c89-dd048da98874,,,Anaesthesia equipment complete,Anaesthesia equipment complete,Anaesthesia equipment complete,Question,Coded,1065AAAAAAAAAAAAAAAAAAAAAAAAAAAAAAAA;1066AAAAAAAAAAAAAAAAAAAAAAAAAAAAAAAA,,1,2
c1bf280a-d046-41a0-bb4f-d8b0e5ea9072,,,Anaesthesia safety check completed,Anaesthesia safety check completed,Anaesthesia safety check completed,Question,Coded,1065AAAAAAAAAAAAAAAAAAAAAAAAAAAAAAAA;1066AAAAAAAAAAAAAAAAAAAAAAAAAAAAAAAA,,1,2
43def664-d0d4-4ae1-b819-ee3a26899ff4,,,Anaesthetic monitoring functional,Anaesthetic monitoring functional,Anaesthetic monitoring functional,Question,Coded,1065AAAAAAAAAAAAAAAAAAAAAAAAAAAAAAAA;1066AAAAAAAAAAAAAAAAAAAAAAAAAAAAAAAA,,1,2
11b3ffe3-eb29-414e-b02c-38abb69dcc7f,,,Pacemaker or implanted device present,Pacemaker or implanted device prese,Pacemaker or implanted device present,Question,Coded,1065AAAAAAAAAAAAAAAAAAAAAAAAAAAAAAAA;1066AAAAAAAAAAAAAAAAAAAAAAAAAAAAAAAA,,1,2
b17d13bf-cfcc-4659-b6a0-6896065eb35f,,,Difficult airway or aspiration risk anticipated,Difficult airway or aspiration risk,Difficult airway or aspiration risk anticipated,Question,Coded,1065AAAAAAAAAAAAAAAAAAAAAAAAAAAAAAAA;1066AAAAAAAAAAAAAAAAAAAAAAAAAAAAAAAA,,1,2
c54872ec-8702-49fe-b428-bdb4c69baf3c,,,Expected blood loss over 500 mL or 7 mL per kg,Expected blood loss over 500 mL or ,Expected significant blood loss anticipated,Question,Coded,1065AAAAAAAAAAAAAAAAAAAAAAAAAAAAAAAA;1066AAAAAAAAAAAAAAAAAAAAAAAAAAAAAAAA,,1,2
412d1db6-ec3a-4960-82b1-de246be7b0b4,,,Blood products prepared,Blood products prepared,Blood products prepared,Question,Coded,1065AAAAAAAAAAAAAAAAAAAAAAAAAAAAAAAA;1066AAAAAAAAAAAAAAAAAAAAAAAAAAAAAAAA,,1,2
c9ec6b42-86c8-41b5-9d38-b3f3f89db7a1,,,Adequate intravenous access and fluids secured,Adequate intravenous access and flu,Adequate intravenous access and fluids secured,Question,Coded,1065AAAAAAAAAAAAAAAAAAAAAAAAAAAAAAAA;1066AAAAAAAAAAAAAAAAAAAAAAAAAAAAAAAA,,1,2
81273bff-3b5a-4715-a58a-a28d7a93c024,,,Pulse oximeter on patient and functioning,Pulse oximeter on patient and funct,Pulse oximeter on patient and functioning,Question,Coded,1065AAAAAAAAAAAAAAAAAAAAAAAAAAAAAAAA;1066AAAAAAAAAAAAAAAAAAAAAAAAAAAAAAAA,,1,2
9895ebae-ec86-492f-9280-81460800a11a,,,Surgical team members introduced by name and role,Surgical team members introduced by,Team members introduced,Question,Coded,1065AAAAAAAAAAAAAAAAAAAAAAAAAAAAAAAA;1066AAAAAAAAAAAAAAAAAAAAAAAAAAAAAAAA,,1,2
25986cac-00b8-46bf-b544-27d8de6f3da8,,,Proposed procedure and site confirmed by surgeon,Proposed procedure and site confirm,Procedure and site confirmed by surgeon,Question,Coded,1065AAAAAAAAAAAAAAAAAAAAAAAAAAAAAAAA;1066AAAAAAAAAAAAAAAAAAAAAAAAAAAAAAAA,,1,2
0d942c05-8ab2-4df7-a132-1e61313f47a9,,,Anaesthesia patient or procedure specific concern addressed,Anaesthesia patient or procedure sp,Anaesthesia concern addressed,Question,Coded,1065AAAAAAAAAAAAAAAAAAAAAAAAAAAAAAAA;1066AAAAAAAAAAAAAAAAAAAAAAAAAAAAAAAA,,1,2
0820a185-a845-4f61-8531-9c5548f208c4,,,Sterility of instruments confirmed,Sterility of instruments confirmed,Instrument sterility confirmed,Question,Coded,1065AAAAAAAAAAAAAAAAAAAAAAAAAAAAAAAA;1066AAAAAAAAAAAAAAAAAAAAAAAAAAAAAAAA,,1,2
e8374fef-0c9f-4e27-9233-220d5887f861,,,Scrub nurse equipment concern addressed,Scrub nurse equipment concern addre,Scrub nurse equipment concern addressed,Question,Coded,1065AAAAAAAAAAAAAAAAAAAAAAAAAAAAAAAA;1066AAAAAAAAAAAAAAAAAAAAAAAAAAAAAAAA,,1,2
5a917325-d794-4adb-82c8-5584378142e0,,,Scrub nurse patient or procedure concern addressed,Scrub nurse patient or procedure co,Scrub nurse patient concern addressed,Question,Coded,1065AAAAAAAAAAAAAAAAAAAAAAAAAAAAAAAA;1066AAAAAAAAAAAAAAAAAAAAAAAAAAAAAAAA,,1,2
3e801586-bd76-4818-bae1-0cb93db4639c,,,Procedure performed confirmed by nurse,Procedure performed confirmed by nu,Procedure performed confirmed,Question,Coded,1065AAAAAAAAAAAAAAAAAAAAAAAAAAAAAAAA;1066AAAAAAAAAAAAAAAAAAAAAAAAAAAAAAAA,,1,2
c9f509da-46e6-40c9-b3d8-3f4d7cdb94d4,,,Instrument sponge and needle count correct,Instrument sponge and needle count ,Instrument sponge and needle count correct,Question,Coded,1065AAAAAAAAAAAAAAAAAAAAAAAAAAAAAAAA;1066AAAAAAAAAAAAAAAAAAAAAAAAAAAAAAAA,,1,2
0c1faad9-42bd-40c1-8b5c-7f2d83f991e8,,,Specimen label correctness confirmed,Specimen label correctness confirme,Specimen labelling confirmed,Question,Coded,1065AAAAAAAAAAAAAAAAAAAAAAAAAAAAAAAA;1066AAAAAAAAAAAAAAAAAAAAAAAAAAAAAAAA,,1,2
d9d2b879-d766-44a8-86fa-23db327fb9d8,,,Site to be operated,Operative site,Free text description of the site to be operated,Question,Text,,,1,2
eea7c5a9-8307-4f0c-917c-d88eef82330d,,,Surgery urgency category,Surgery urgency,Whether the surgical case is emergency or elective,Question,Coded,4e92bbd7-28d7-4662-bb06-135aa23af652;c283b0aa-584d-4aeb-a89d-8793ad73af05,,1,2
36c51443-aa8e-479e-9e6b-7bff02d804b0,,,Surgical safety checklist sign in time,Sign in time,Time the sign-in phase of the surgical safety checklist was completed,Question,Datetime,,,1,2
f1058bd3-9e71-41e8-af63-e5698aced0ba,,,Surgical safety checklist time out time,Time out time,Time the time-out phase of the surgical safety checklist was completed,Question,Datetime,,,1,2
28882274-f8f3-4e65-aada-5fe75b77ffaa,,,Surgical safety checklist sign out time,Sign out time,Time the sign-out phase of the surgical safety checklist was completed,Question,Datetime,,,1,2
952d6c13-697f-4f40-863c-4fe26fc11ad4,,,Surgeon patient or procedure specific concern,Surgeon concern,Free text surgeon concern raised at time out,Question,Text,,,1,2
fa8f23d0-80da-4185-b28c-85ed78c4bf25,,,Intraoperative equipment problem,Equipment problem,Equipment problems encountered during the procedure,Question,Coded,e8ef6f35-2b84-4212-a59e-452f4b988362;6616f1e9-2e14-451e-92da-c8734f596c3f;f307bccd-99fc-4e55-bd27-26d618f9000b;5a9e05ac-ddc1-4d78-833c-a8df81ea10ca,,1,2
a559d1ba-4308-4324-9fe4-b5347e4d03e6,,,Intraoperative equipment problem note,Equipment problem note,Free text note on the intraoperative equipment problem,Question,Text,,,1,2
989f611e-339d-4cd8-a9fa-d34bff1344d1,,,Surgeon recovery and postoperative concern,Surgeon recovery concern,Surgeon concern for recovery and postoperative management,Question,Text,,,1,2
aef7554f-93a2-4917-8f91-b679a978653e,,,Anaesthetist recovery and postoperative concern,Anaesthetist recovery concern,Anaesthetist concern for recovery and postoperative management,Question,Text,,,1,2
6fcfb4d9-699b-43f3-9486-9cdf784ea172,,,Scrub nurse recovery and postoperative concern,Scrub nurse recovery concern,Scrub nurse concern for recovery and postoperative management,Question,Text,,,1,2
e18a48f8-153d-44db-aa5f-468ee0faed79,,,General surgery specialty (operative record),General surgery specialty,Surgical specialty: general surgery specialty,Finding,N/A,,,1,1
4dd15537-897e-4be5-965c-6394471d03a6,,,Gynaecology and obstetrics specialty,Gynaecology and obstetrics specialt,Surgical specialty: gynaecology and obstetrics specialty,Finding,N/A,,,1,1
7dd05184-a87e-4c40-9019-a601647cd54b,,,Urology specialty (operative record),Urology specialty,Surgical specialty: urology specialty,Finding,N/A,,,1,1
68e63533-5225-42a5-b5a4-b9b1b59eef70,,,Orthopaedics specialty,Orthopaedics specialty,Surgical specialty: orthopaedics specialty,Finding,N/A,,,1,1
8395b6a8-925f-4ddc-b9fe-8845e25184be,,,Maxillofacial surgery specialty,Maxillofacial surgery specialty,Surgical specialty: maxillofacial surgery specialty,Finding,N/A,,,1,1
810ff463-576e-4451-97d0-31291d240d2f,,,Ear nose and throat specialty,Ear nose and throat specialty,Surgical specialty: ear nose and throat specialty,Finding,N/A,,,1,1
ef3e0e02-dde2-4bbf-b21e-7b25c2d748fe,,,Plastic surgery specialty (operative record),Plastic surgery specialty,Surgical specialty: plastic surgery specialty,Finding,N/A,,,1,1
a83563a6-0c3a-41e3-9368-5399f2900b58,,,Operating room 1,Operating room 1,Operating room: operating room 1,Finding,N/A,,,1,1
69e75983-8ab1-4394-84a2-a1551d39d6f6,,,Operating room 2,Operating room 2,Operating room: operating room 2,Finding,N/A,,,1,1
8bf6f940-4297-40d3-828f-8a4a1d6a6b1d,,,Operating room 3,Operating room 3,Operating room: operating room 3,Finding,N/A,,,1,1
fe9ba6d5-01a5-4540-8764-a818ea0424e0,,,Operating room 4,Operating room 4,Operating room: operating room 4,Finding,N/A,,,1,1
2e318fc0-7f35-470b-b019-d268347c32c1,,,Operating room 5,Operating room 5,Operating room: operating room 5,Finding,N/A,,,1,1
d4298f2b-ce8f-4aa7-b3dc-4498177930fb,,,Operating room 6,Operating room 6,Operating room: operating room 6,Finding,N/A,,,1,1
72a845f8-305e-4e1e-b953-99837074bd15,,,Outpatient procedure room,Outpatient procedure room,Operating room: outpatient procedure room,Finding,N/A,,,1,1
6d8dd2f3-1eab-4a22-a9fe-0048214fa549,,,Unremarkable skin colour,Unremarkable skin colour,Skin colour: unremarkable skin colour,Finding,N/A,,,1,1
5ad2e850-0e15-4ecb-b896-4780529d5880,,,Pale skin colour,Pale skin colour,Skin colour: pale skin colour,Finding,N/A,,,1,1
8eb90f79-16cd-4aee-b213-4dd50afcd4a9,,,Cyanotic skin colour,Cyanotic skin colour,Skin colour: cyanotic skin colour,Finding,N/A,,,1,1
079737d0-daf0-46d5-89ea-8556a8deb4d5,,,Jaundiced skin colour,Jaundiced skin colour,Skin colour: jaundiced skin colour,Finding,N/A,,,1,1
854710fc-f534-4785-9641-afb2c958bc2d,,,Awake level of consciousness,Awake level of consciousness,Level of consciousness: awake level of consciousness,Finding,N/A,,,1,1
8f8f39df-93c8-4925-916f-6b537b077b84,,,Oriented level of consciousness,Oriented level of consciousness,Level of consciousness: oriented level of consciousness,Finding,N/A,,,1,1
b96f64c2-14bb-4ec7-8723-daa87ad9fc42,,,Cooperative level of consciousness,Cooperative level of consciousness,Level of consciousness: cooperative level of consciousness,Finding,N/A,,,1,1
ad447577-fe45-412f-94c5-3f87b675da0d,,,Lethargic level of consciousness,Lethargic level of consciousness,Level of consciousness: lethargic level of consciousness,Finding,N/A,,,1,1
311a99b4-3f62-4e4c-8359-460ba83b9e16,,,Calm emotional state,Calm emotional state,Emotional state: calm emotional state,Finding,N/A,,,1,1
de0df8e5-d933-4935-a831-fedfd993d687,,,Anxious emotional state,Anxious emotional state,Emotional state: anxious emotional state,Finding,N/A,,,1,1
31f79dca-021e-49cd-9784-150497976e62,,,Prone position,Prone position,Patient position: prone position,Finding,N/A,,,1,1
5e26b90a-884c-4b25-9bed-a90c2ce967ba,,,Lithotomy position,Lithotomy position,Patient position: lithotomy position,Finding,N/A,,,1,1
fb8b15f3-3b3b-4849-891a-894cd010e2c8,,,Right lateral position,Right lateral position,Patient position: right lateral position,Finding,N/A,,,1,1
e61aa344-daf9-41bd-9924-d2ff00c45446,,,Left lateral position,Left lateral position,Patient position: left lateral position,Finding,N/A,,,1,1
e818e7e3-7429-4e8e-b67c-0c31c05bf28f,,,Trendelenburg position,Trendelenburg position,Patient position: trendelenburg position,Finding,N/A,,,1,1
f208f167-86aa-4cd1-a952-321c212ae63e,,,Reverse Trendelenburg position,Reverse Trendelenburg position,Patient position: reverse trendelenburg position,Finding,N/A,,,1,1
8a2191e2-5d0e-4be8-b5b3-42e1c74f8d21,,,Fowler position,Fowler position,Patient position: fowler position,Finding,N/A,,,1,1
19a5bcb8-0e15-4c00-8924-c49607e4cce3,,,Intravenous route of administration,Intravenous route of administration,Route of administration: intravenous route of administration,Finding,N/A,,,1,1
8797bc1a-fd83-415e-a074-c2efa6a6ca2b,,,Intramuscular route of administration,Intramuscular route of administrati,Route of administration: intramuscular route of administration,Finding,N/A,,,1,1
fdd1d3b2-c51a-4f60-9911-86e4a32f4c36,,,Oral route of administration,Oral route of administration,Route of administration: oral route of administration,Finding,N/A,,,1,1
da7108c2-5861-402a-8d2d-7502ced2ab68,,,Savlon skin preparation,Savlon skin preparation,Skin preparation solution: savlon skin preparation,Finding,N/A,,,1,1
0bb42eff-0dc1-4898-b709-80667bac992e,,,Iodine skin preparation,Iodine skin preparation,Skin preparation solution: iodine skin preparation,Finding,N/A,,,1,1
55ae7b17-69ef-4858-8191-e5cab6e7183b,,,Alcohol skin preparation,Alcohol skin preparation,Skin preparation solution: alcohol skin preparation,Finding,N/A,,,1,1
26cb993c-1488-4373-8c22-37682c5651dd,,,General anaesthesia,General anaesthesia,Anaesthesia type: general anaesthesia,Finding,N/A,,,1,1
d1e8b73b-48a6-47eb-96d9-3023fa5c9303,,,Regional anaesthesia,Regional anaesthesia,Anaesthesia type: regional anaesthesia,Finding,N/A,,,1,1
f1f6e0a6-a1d9-4f0d-89dd-33c431bc8e16,,,Spinal anaesthesia,Spinal anaesthesia,Anaesthesia type: spinal anaesthesia,Finding,N/A,,,1,1
4e7da033-a8fb-40ec-b3f4-e1542ae66e41,,,Epidural anaesthesia,Epidural anaesthesia,Anaesthesia type: epidural anaesthesia,Finding,N/A,,,1,1
9978c7e0-d0f4-4cd1-8155-d7bf85f83147,,,Local anaesthesia,Local anaesthesia,Anaesthesia type: local anaesthesia,Finding,N/A,,,1,1
7fa79e11-4001-42e8-afe0-109f66fdefb6,,,Clean wound classification,Clean wound classification,Wound classification: clean wound classification,Finding,N/A,,,1,1
3fb17de4-84f8-4230-9213-62272dc731ff,,,Clean-contaminated wound classification,Clean-contaminated wound classifica,Wound classification: clean-contaminated wound classification,Finding,N/A,,,1,1
4c0e2bb1-6e53-4b8e-a997-3d955e0f97bc,,,Contaminated wound classification,Contaminated wound classification,Wound classification: contaminated wound classification,Finding,N/A,,,1,1
a4a0727b-d21f-449b-a578-ca9601baf788,,,Dirty wound classification,Dirty wound classification,Wound classification: dirty wound classification,Finding,N/A,,,1,1
935746e7-ba64-46bd-81d0-ecf8290d3870,,,Glove drain,Glove drain,Surgical drain: glove drain,Finding,N/A,,,1,1
aa50eb09-e4d8-402d-bb46-3d3cca6720e5,,,Tube drain,Tube drain,Surgical drain: tube drain,Finding,N/A,,,1,1
c53ed22d-472c-4c23-8b3e-f4da99ca7307,,,Grounding pad site clear,Grounding pad site clear,Grounding pad site assessment: grounding pad site clear,Finding,N/A,,,1,1
592d87aa-4acf-4cbd-933d-fe808e93e78c,,,Grounding pad site injured,Grounding pad site injured,Grounding pad site assessment: grounding pad site injured,Finding,N/A,,,1,1
9dc8f2cd-4985-4176-94ce-562bedaa6804,,,Post-anaesthesia care unit,Post-anaesthesia care unit,Receiving unit: post-anaesthesia care unit,Finding,N/A,,,1,1
6b3b870f-9366-46dc-acba-7837bcc40011,,,Intensive care unit receiving,Intensive care unit receiving,Receiving unit: intensive care unit receiving,Finding,N/A,,,1,1
ebb1900a-151e-43e5-b027-3f27316999d0,,,Ward receiving,Ward receiving,Receiving unit: ward receiving,Finding,N/A,,,1,1
4b74240e-6c8a-4981-aaa0-eae72b209e95,,,Emergency department receiving,Emergency department receiving,Receiving unit: emergency department receiving,Finding,N/A,,,1,1
2f03bad7-56a6-4581-bc7f-35bba9dfd5eb,,,Instrument needle and sponge count correct,Sponge count (safety checklist),Count status: instrument needle and sponge count correct,Finding,N/A,,,1,1
32d3bf52-fcf4-4fd0-9d29-774299340220,,,Instrument needle and sponge count unresolved,Sponge count (OR record),Count status: instrument needle and sponge count unresolved,Finding,N/A,,,1,1
ce449097-bb00-426d-b0ce-6d71337ce0b2,,,Patient stable post-operatively,Patient stable post-operatively,Post-operative patient status: patient stable post-operatively,Finding,N/A,,,1,1
01fb3c91-ffb0-463a-956b-3891aee71bd1,,,Patient unstable post-operatively,Patient unstable post-operatively,Post-operative patient status: patient unstable post-operatively,Finding,N/A,,,1,1
6b222dc3-9153-49a6-9a70-d9e7ea9ee19e,,,Skin integrity intact,Skin integrity intact,Skin integrity: skin integrity intact,Finding,N/A,,,1,1
3144d3e1-4445-43db-b3cd-a9b00e79d83b,,,Skin integrity injured,Skin integrity injured,Skin integrity: skin integrity injured,Finding,N/A,,,1,1
53609a00-82d9-44e6-ade6-24753292e621,,,Surgical specialty,Surgical specialty,Specialty performing the operation,Question,Coded,e18a48f8-153d-44db-aa5f-468ee0faed79;4dd15537-897e-4be5-965c-6394471d03a6;7dd05184-a87e-4c40-9019-a601647cd54b;68e63533-5225-42a5-b5a4-b9b1b59eef70;8395b6a8-925f-4ddc-b9fe-8845e25184be;810ff463-576e-4451-97d0-31291d240d2f;ef3e0e02-dde2-4bbf-b21e-7b25c2d748fe;5622AAAAAAAAAAAAAAAAAAAAAAAAAAAAAAAA,,1,2
85187f00-83c5-45cf-a89d-106e98ba4bee,,,Other surgical specialty specified,Other specialty,Free text surgical specialty,Question,Text,,,1,2
26b46304-072a-42cb-b7d4-29647ac0ba12,,,Operating room used,Operating room,Operating room in which the procedure took place,Question,Coded,a83563a6-0c3a-41e3-9368-5399f2900b58;69e75983-8ab1-4394-84a2-a1551d39d6f6;8bf6f940-4297-40d3-828f-8a4a1d6a6b1d;fe9ba6d5-01a5-4540-8764-a818ea0424e0;2e318fc0-7f35-470b-b019-d268347c32c1;d4298f2b-ce8f-4aa7-b3dc-4498177930fb;72a845f8-305e-4e1e-b953-99837074bd15,,1,2
0e3d88f8-0e4f-46a2-a08e-c449d4dc5451,,,Surgery start time,Surgery start,Time the surgery started,Question,Datetime,,,1,2
5a509a66-37b1-4f92-ba7c-96d29ca81ea9,,,Surgery end time,Surgery end,Time the surgery ended,Question,Datetime,,,1,2
a877cff7-4010-4750-91ce-8b0b9f7a50c0,,,Operative nursing diagnosis,Nursing diagnosis,Nursing diagnosis for the operative episode,Question,Text,,,1,2
d67d9e0e-d7dc-41cf-845a-c21b312202de,,,Patient identification band verified,ID band verified,Patient identification band verified,Question,Coded,1065AAAAAAAAAAAAAAAAAAAAAAAAAAAAAAAA;1066AAAAAAAAAAAAAAAAAAAAAAAAAAAAAAAA,,1,2
dd21045c-432b-44a2-a876-9469210fe9eb,,,Surgical time-out completed,Time-out completed,Surgical time-out completed,Question,Coded,1065AAAAAAAAAAAAAAAAAAAAAAAAAAAAAAAA;1066AAAAAAAAAAAAAAAAAAAAAAAAAAAAAAAA,,1,2
bf853d92-9cf2-4258-bfa1-24995a0afe50,,,Allergies noted before surgery,Allergies,Allergies recorded before surgery,Question,Text,,,1,2
01578bb0-2eff-46c0-87e6-0b1cfe6a129a,,,Informed consent signed for surgery,Consent signed,Informed consent signed,Question,Coded,1065AAAAAAAAAAAAAAAAAAAAAAAAAAAAAAAA;1066AAAAAAAAAAAAAAAAAAAAAAAAAAAAAAAA,,1,2
9cb53d94-b3a6-42f9-a07d-3d1f068fda8b,,,Intravenous access location,IV access location,Site of intravenous access,Question,Text,,,1,2
ba3c1719-596b-4751-9bbf-0e0692f71d27,,,Skin integrity before surgery,Skin integrity,Skin integrity assessed before surgery,Question,Coded,6b222dc3-9153-49a6-9a70-d9e7ea9ee19e;3144d3e1-4445-43db-b3cd-a9b00e79d83b,,1,2
d46e24b1-6452-4f48-be67-41aba8ceafa6,,,Skin colour before surgery,Skin colour,Skin colour assessed before surgery,Question,Coded,6d8dd2f3-1eab-4a22-a9fe-0048214fa549;5ad2e850-0e15-4ecb-b896-4780529d5880;8eb90f79-16cd-4aee-b213-4dd50afcd4a9;079737d0-daf0-46d5-89ea-8556a8deb4d5;5622AAAAAAAAAAAAAAAAAAAAAAAAAAAAAAAA,,1,2
b5029212-fd94-4bc8-b4c8-2d2153fabc02,,,Other skin colour specified,Other skin colour,Free text skin colour,Question,Text,,,1,2
3941ac1d-280c-4205-ad76-ecbc2479c7f9,,,Level of consciousness before surgery,Level of consciousness,Level of consciousness before surgery,Question,Coded,854710fc-f534-4785-9641-afb2c958bc2d;8f8f39df-93c8-4925-916f-6b537b077b84;b96f64c2-14bb-4ec7-8723-daa87ad9fc42;ad447577-fe45-412f-94c5-3f87b675da0d;5622AAAAAAAAAAAAAAAAAAAAAAAAAAAAAAAA,,1,2
39d29b04-3d12-4487-bf5a-42fc941b4e0d,,,Other level of consciousness specified,Other LOC,Free text level of consciousness,Question,Text,,,1,2
a404c404-5c21-4a4b-9c92-ae2524729816,,,Emotional state before surgery,Emotional state,Emotional state before surgery,Question,Coded,311a99b4-3f62-4e4c-8359-460ba83b9e16;de0df8e5-d933-4935-a831-fedfd993d687;5622AAAAAAAAAAAAAAAAAAAAAAAAAAAAAAAA,,1,2
839525c4-b099-490e-8a2c-ebc215dd759e,,,Other emotional state specified,Other emotional state,Free text emotional state,Question,Text,,,1,2
b33fd6a8-6bd1-415f-94f7-a3d02306be2a,,,Assistant surgeon name,Assistant surgeon name,Name of the assistant surgeon for this operation,Question,Text,,,1,2
5b444b87-23ce-4935-af33-cb95906a494c,,,Anaesthetist name,Anaesthetist name,Name of the anaesthetist for this operation,Question,Text,,,1,2
abbe043e-6587-4790-83ab-dc7270f069e2,,,Scrub nurse name,Scrub nurse name,Name of the scrub nurse for this operation,Question,Text,,,1,2
ad37f674-180f-4fce-a907-b9f9129960fc,,,Staff relief name,Staff relief name,Name of the staff relief for this operation,Question,Text,,,1,2
e2513c88-3fde-4607-9d9a-c04bf616f6b5,,,Time of staff change,Staff change time,Time at which staff were relieved,Question,Datetime,,,1,2
d6393e05-d0ee-400a-9440-f9fdaadcf370,,,Patient position during surgery,Patient position,Patient position on the operating table,Question,Coded,0c536d7e-8697-890a-123e-f01234567890;31f79dca-021e-49cd-9784-150497976e62;5e26b90a-884c-4b25-9bed-a90c2ce967ba;fb8b15f3-3b3b-4849-891a-894cd010e2c8;e61aa344-daf9-41bd-9924-d2ff00c45446;e818e7e3-7429-4e8e-b67c-0c31c05bf28f;f208f167-86aa-4cd1-a952-321c212ae63e;8a2191e2-5d0e-4be8-b5b3-42e1c74f8d21,,1,2
53ba4189-1b30-4711-812c-fb506d946495,,,Safety belt applied,Safety belt applied,Safety belt applied to the patient,Question,Coded,1065AAAAAAAAAAAAAAAAAAAAAAAAAAAAAAAA;1066AAAAAAAAAAAAAAAAAAAAAAAAAAAAAAAA,,1,2
80eb261a-e9c3-46df-accb-204d55f9737e,,,Prophylactic antibiotic given,Prophylactic antibiotic,Prophylactic antibiotic administered before surgery,Question,Coded,1065AAAAAAAAAAAAAAAAAAAAAAAAAAAAAAAA;1066AAAAAAAAAAAAAAAAAAAAAAAAAAAAAAAA;1175AAAAAAAAAAAAAAAAAAAAAAAAAAAAAAAA,,1,2
9222fc98-6cb2-42c1-87e9-aa568873686d,,,Prophylactic antibiotic name,Antibiotic name,Name of the prophylactic antibiotic given,Question,Text,,,1,2
15b65a08-2f0a-4c1f-8b8a-384e5f446e6e,,,Prophylactic antibiotic route,Antibiotic route,Route by which the prophylactic antibiotic was given,Question,Coded,19a5bcb8-0e15-4c00-8924-c49607e4cce3;8797bc1a-fd83-415e-a074-c2efa6a6ca2b;fdd1d3b2-c51a-4f60-9911-86e4a32f4c36;5622AAAAAAAAAAAAAAAAAAAAAAAAAAAAAAAA,,1,2
f3115885-8056-42c3-95e6-0c9a0bfb63a1,,,Skin preparation solution,Skin preparation,Solution used to prepare the skin,Question,Coded,da7108c2-5861-402a-8d2d-7502ced2ab68;0bb42eff-0dc1-4898-b709-80667bac992e;55ae7b17-69ef-4858-8191-e5cab6e7183b;5622AAAAAAAAAAAAAAAAAAAAAAAAAAAAAAAA,,1,2
317f2a53-80dd-44fb-844f-a0c6d14d8dde,,,Other skin preparation solution specified,Other prep solution,Free text skin preparation solution,Question,Text,,,1,2
b8222bf3-4292-4d17-a352-b64be193af72,,,Electrosurgical unit used,Electrosurgical unit,Electrosurgical unit used during the procedure,Question,Coded,1065AAAAAAAAAAAAAAAAAAAAAAAAAAAAAAAA;1066AAAAAAAAAAAAAAAAAAAAAAAAAAAAAAAA,,1,2
f3981ffa-1f21-48db-83ac-58406124a5c3,,,Grounding pad site,Grounding pad site,Site at which the grounding pad was applied,Question,Text,,,1,2
643cd816-9478-4fa4-8791-a4fedc2e7536,,,Electrosurgical cutting power,Cutting power,Cutting power setting,Question,Numeric,,,1,2
9c72045f-b4ed-4ba1-85ce-85e1cb8e66fd,,,Electrosurgical coagulation power,Coagulation power,Coagulation power setting,Question,Numeric,,,1,2
faa62989-35e0-4c20-9375-d5e80cb25ddb,,,Urinary catheter inserted,Urinary catheter,Urinary catheter inserted,Question,Coded,1065AAAAAAAAAAAAAAAAAAAAAAAAAAAAAAAA;1066AAAAAAAAAAAAAAAAAAAAAAAAAAAAAAAA,,1,2
f9c05009-bb4e-46e2-a1ed-89d04ea3b465,,,Urinary catheter size,Catheter size,Size of the urinary catheter,Question,Text,,,1,2
14880944-8376-4ed7-9d84-b077d401e7f9,,,Urinary catheter type,Catheter type,Type of the urinary catheter,Question,Text,,,1,2
016029d5-64cc-485d-ae8a-a8888adcd56b,,,Urinary catheter inserted by,Catheter inserted by,Person who inserted the urinary catheter,Question,Text,,,1,2
bf1e9a32-c5ca-49c3-9e85-747bc69bdc33,,,Tourniquet applied,Tourniquet applied,Tourniquet applied during the procedure,Question,Coded,1065AAAAAAAAAAAAAAAAAAAAAAAAAAAAAAAA;1066AAAAAAAAAAAAAAAAAAAAAAAAAAAAAAAA,,1,2
b9479c29-0f5a-4b8a-8289-083fb289957b,,,Tourniquet site,Tourniquet site,Site at which the tourniquet was applied,Question,Text,,,1,2
c3af6e31-361b-4368-b2cd-382dde67aa1e,,,Tourniquet time applied,Tourniquet applied at,Time the tourniquet was applied,Question,Datetime,,,1,2
b23d3716-e732-4d89-97c4-5557208823a8,,,Tourniquet time released,Tourniquet released at,Time the tourniquet was released,Question,Datetime,,,1,2
d29c1ca0-6322-45e3-bc89-6f88d0704c3d,,,Anaesthesia type used,Anaesthesia type,Type of anaesthesia used,Question,Coded,26cb993c-1488-4373-8c22-37682c5651dd;d1e8b73b-48a6-47eb-96d9-3023fa5c9303;f1f6e0a6-a1d9-4f0d-89dd-33c431bc8e16;4e7da033-a8fb-40ec-b3f4-e1542ae66e41;9978c7e0-d0f4-4cd1-8155-d7bf85f83147,,1,2
5ba2a628-74e7-4dea-bac3-74c29709c3df,,,Anaesthesia concerns,Anaesthesia concerns,Concerns raised about anaesthesia,Question,Text,,,1,2
6059af35-6539-42a3-8d8a-d7d125d08a1f,,,Wound classification,Wound classification,Surgical wound classification,Question,Coded,7fa79e11-4001-42e8-afe0-109f66fdefb6;3fb17de4-84f8-4230-9213-62272dc731ff;4c0e2bb1-6e53-4b8e-a997-3d955e0f97bc;a4a0727b-d21f-449b-a578-ca9601baf788,,1,2
744cc75d-7720-4e12-b060-76c68df7bb4b,,,Dressing applied,Dressing applied,Dressing applied at the end of the procedure,Question,Text,,,1,2
0e67cd5c-3bea-4132-b56c-1b1435a9bdc2,,,Instrument needle and sponge count status,Count status,Status of the instrument needle and sponge count,Question,Coded,2f03bad7-56a6-4581-bc7f-35bba9dfd5eb;32d3bf52-fcf4-4fd0-9d29-774299340220,,1,2
f9aefeea-16b8-4c25-af98-fab421cba2e2,,,Count discrepancy explanation,Count discrepancy,Explanation of an unresolved instrument needle or sponge count,Question,Text,,,1,2
758a11cd-986e-4170-b8ea-7797aa5e5374,,,Specimen collected,Specimen collected,Specimen collected during the procedure,Question,Coded,1065AAAAAAAAAAAAAAAAAAAAAAAAAAAAAAAA;1066AAAAAAAAAAAAAAAAAAAAAAAAAAAAAAAA,,1,2
433a3560-9b23-4629-834f-10b7fdb8e245,,,Specimen type,Specimen type,Type of specimen collected,Question,Text,,,1,2
e54de275-8a6a-47cc-9997-f38e69bb1ad4,,,Surgical drain inserted,Surgical drain,Type of surgical drain inserted,Question,Coded,1107AAAAAAAAAAAAAAAAAAAAAAAAAAAAAAAA;935746e7-ba64-46bd-81d0-ecf8290d3870;aa50eb09-e4d8-402d-bb46-3d3cca6720e5;5622AAAAAAAAAAAAAAAAAAAAAAAAAAAAAAAA,,1,2
d3c76bd9-51b2-4d6a-9872-8895d5ba24f5,,,Surgical drain location,Drain location,Location of the surgical drain,Question,Text,,,1,2
b2ee867f-7a10-4d98-a37e-d3d35944d43d,,,Post-operative patient status,Patient status,Patient status after the procedure,Question,Coded,ce449097-bb00-426d-b0ce-6d71337ce0b2;01fb3c91-ffb0-463a-956b-3891aee71bd1,,1,2
af5864de-9bb6-4cc0-93ad-c164e156f4a1,,,Skin condition after surgery,Skin condition,Skin condition assessed after surgery,Question,Coded,6d8dd2f3-1eab-4a22-a9fe-0048214fa549;5ad2e850-0e15-4ecb-b896-4780529d5880;8eb90f79-16cd-4aee-b213-4dd50afcd4a9;5622AAAAAAAAAAAAAAAAAAAAAAAAAAAAAAAA,,1,2
89003f3a-519a-4d05-9906-3993576f835c,,,Other post-operative skin condition specified,Other skin condition,Free text post-operative skin condition,Question,Text,,,1,2
a7f44416-2e34-417c-b1f9-29290d93c89f,,,Grounding pad site assessment,Pad site assessment,Assessment of the grounding pad site after surgery,Question,Coded,1175AAAAAAAAAAAAAAAAAAAAAAAAAAAAAAAA;c53ed22d-472c-4c23-8b3e-f4da99ca7307;592d87aa-4acf-4cbd-933d-fe808e93e78c;5622AAAAAAAAAAAAAAAAAAAAAAAAAAAAAAAA,,1,2
4e9fa135-e5bf-4dde-9507-cf5a63d6080f,,,Other grounding pad finding specified,Other pad finding,Free text grounding pad site finding,Question,Text,,,1,2
ebeacc14-66b8-4597-9afd-91a2cc9a9d62,,,Perioperative nursing comments,Nursing comments,Free text nursing comments on the operative episode,Question,Text,,,1,2
6ca4941a-f78d-4e7f-9b03-47e0d971aa51,,,Report handed over to,Handed over to,Person the operative report was handed over to,Question,Text,,,1,2
e05e4527-cec2-4178-a458-2ce12ecdba26,,,Receiving unit after surgery,Receiving unit,Unit receiving the patient after surgery,Question,Coded,9dc8f2cd-4985-4176-94ce-562bedaa6804;6b3b870f-9366-46dc-acba-7837bcc40011;ebb1900a-151e-43e5-b027-3f27316999d0;4b74240e-6c8a-4981-aaa0-eae72b209e95;5622AAAAAAAAAAAAAAAAAAAAAAAAAAAAAAAA,,1,2
b7158034-a8ca-4ca3-9d9c-1aea5ef16842,,,Other receiving unit specified,Other receiving unit,Free text receiving unit,Question,Text,,,1,2
d00651eb-c95a-4021-934f-2a2d134b7d1d,,,Modified independence functional level,Modified independence functional le,Functional level: modified independence functional level,Finding,N/A,,,1,1
62d40468-3663-4e24-a7c9-eb409c30e753,,,Supervision functional level,Supervision functional level,Functional level: supervision functional level,Finding,N/A,,,1,1
92ef21dd-4d0c-4925-8e1b-df10652e719a,,,Minimal assistance functional level,Minimal assistance functional level,Functional level: minimal assistance functional level,Finding,N/A,,,1,1
e8903724-069d-4343-a662-2aac89c3870f,,,Moderate assistance functional level,Moderate assistance functional leve,Functional level: moderate assistance functional level,Finding,N/A,,,1,1
be668ec0-f883-4a6b-8857-d485c327ec33,,,Maximal assistance functional level,Maximal assistance functional level,Functional level: maximal assistance functional level,Finding,N/A,,,1,1
5347d5ac-f587-4611-a572-d49fe9fe118e,,,Mild pain 0 to 3,Mild pain 0 to 3,Pain severity band: mild pain 0 to 3,Finding,N/A,,,1,1
9623181f-86a6-4b47-a45e-51038f8b1bd9,,,Moderate pain 4 to 6,Moderate pain 4 to 6,Pain severity band: moderate pain 4 to 6,Finding,N/A,,,1,1
11cb8610-de70-40a5-a750-dbe06f9d40df,,,Severe pain 7 to 10,Severe pain 7 to 10,Pain severity band: severe pain 7 to 10,Finding,N/A,,,1,1
f30183c7-34ba-4037-ba13-a4afe964f662,,,Aching pain,Aching pain,Pain character: aching pain,Finding,N/A,,,1,1
9da140d9-8471-45d9-ae4d-eae9c09b4338,,,Sharp pain,Sharp pain,Pain character: sharp pain,Finding,N/A,,,1,1
02b04531-669c-4205-80b2-d8392a1a45f0,,,Throbbing pain,Throbbing pain,Pain character: throbbing pain,Finding,N/A,,,1,1
552c6008-485a-4986-aa55-48a18a20e517,,,Shooting pain,Shooting pain,Pain character: shooting pain,Finding,N/A,,,1,1
90bae735-d7ac-4e90-b6ef-ffbce7fc56cb,,,Stiffness pain,Stiffness pain,Pain character: stiffness pain,Finding,N/A,,,1,1
8f8b2f5e-29ea-4ec4-9d27-25e4c97bbc67,,,Dull pain,Dull pain,Pain character: dull pain,Finding,N/A,,,1,1
0c3ffc46-5f88-4171-99ee-77970482348f,,,Electric pain,Electric pain,Pain character: electric pain,Finding,N/A,,,1,1
23835cd9-8897-470d-8868-b1422f11a713,,,Constant pain pattern,Constant pain pattern,Pain pattern: constant pain pattern,Finding,N/A,,,1,1
ae368009-afc5-44a1-ad31-45d22a2fbae9,,,Intermittent pain pattern,Intermittent pain pattern,Pain pattern: intermittent pain pattern,Finding,N/A,,,1,1
af1f8723-c83a-4008-b194-6806369e4fd2,,,Activity-related pain pattern,Activity-related pain pattern,Pain pattern: activity-related pain pattern,Finding,N/A,,,1,1
7d56905f-089f-4db4-96bb-0cf0423706f7,,,Night pain pattern,Night pain pattern,Pain pattern: night pain pattern,Finding,N/A,,,1,1
8ce62c56-9e69-483c-885b-d0c36395cef1,,,Pain aggravated by sitting,Pain aggravated by sitting,Aggravating factor: pain aggravated by sitting,Finding,N/A,,,1,1
d90a509a-79f7-4d1b-bf4c-3a0d7374afcf,,,Pain aggravated by standing,Pain aggravated by standing,Aggravating factor: pain aggravated by standing,Finding,N/A,,,1,1
540c3ed2-247f-453d-9b06-b7e02de37399,,,Pain aggravated by walking,Pain aggravated by walking,Aggravating factor: pain aggravated by walking,Finding,N/A,,,1,1
d738cfb3-cdd3-4234-8ceb-1d0446c81b42,,,Pain aggravated by lifting,Pain aggravated by lifting,Aggravating factor: pain aggravated by lifting,Finding,N/A,,,1,1
4b1da170-351c-486d-b65f-29decc05a08e,,,Pain aggravated by reaching,Pain aggravated by reaching,Aggravating factor: pain aggravated by reaching,Finding,N/A,,,1,1
7222c1d4-d572-4802-a45d-23fe5b9f750a,,,Pain aggravated by bending,Pain aggravated by bending,Aggravating factor: pain aggravated by bending,Finding,N/A,,,1,1
7e21be41-7ab2-47fe-a20b-c2a5a6877adb,,,Pain aggravated by lying down,Pain aggravated by lying down,Aggravating factor: pain aggravated by lying down,Finding,N/A,,,1,1
25d7e68b-6229-4bdd-baf5-ab933247d96f,,,Pain aggravated by driving,Pain aggravated by driving,Aggravating factor: pain aggravated by driving,Finding,N/A,,,1,1
e1371c4b-2060-49f7-aab5-f80ddf810154,,,Pain aggravated by coughing or sneezing,Pain aggravated by coughing or snee,Aggravating factor: pain aggravated by coughing or sneezing,Finding,N/A,,,1,1
c4c8394e-b1e3-4762-9ebc-266ea5afb7b2,,,Pain relieved by lying down,Pain relieved by lying down,Relieving factor: pain relieved by lying down,Finding,N/A,,,1,1
2257e6dd-7537-4966-8193-46d347bc4e6a,,,Pain relieved by sitting,Pain relieved by sitting,Relieving factor: pain relieved by sitting,Finding,N/A,,,1,1
8b61503c-1204-43e7-ac0e-46466acd42da,,,Pain relieved by walking,Pain relieved by walking,Relieving factor: pain relieved by walking,Finding,N/A,,,1,1
8d736f35-e2a2-4c22-a78e-1d7ff42e0712,,,Pain relieved by medication,Pain relieved by medication,Relieving factor: pain relieved by medication,Finding,N/A,,,1,1
58594591-bc05-4ba3-aa21-bb512c08dbf8,,,Pain relieved by heat,Pain relieved by heat,Relieving factor: pain relieved by heat,Finding,N/A,,,1,1
d196523a-5114-41be-a49f-4e1d7b5bd8d6,,,Pain relieved by ice,Pain relieved by ice,Relieving factor: pain relieved by ice,Finding,N/A,,,1,1
6975dc7c-59d6-41a3-803d-3053d925f68d,,,Pain relieved by rest,Pain relieved by rest,Relieving factor: pain relieved by rest,Finding,N/A,,,1,1
cf898f5e-e82c-4bd4-92b1-32eb36c3c5ef,,,Pain relieved by change in posture,Pain relieved by change in posture,Relieving factor: pain relieved by change in posture,Finding,N/A,,,1,1
b43c7983-ac26-4df5-9a9b-6dbabdc2176d,,,Previous physiotherapy treatment,Previous physiotherapy treatment,Previous treatment: previous physiotherapy treatment,Finding,N/A,,,1,1
61edbe37-9629-42cc-b231-da388722ec32,,,Previous chiropractic treatment,Previous chiropractic treatment,Previous treatment: previous chiropractic treatment,Finding,N/A,,,1,1
2b316ba8-279a-4af8-bc94-3d16c5933297,,,Previous massage therapy treatment,Previous massage therapy treatment,Previous treatment: previous massage therapy treatment,Finding,N/A,,,1,1
bb22611b-ddd0-4f1e-8f84-1d02d88acc5a,,,Previous acupuncture treatment,Previous acupuncture treatment,Previous treatment: previous acupuncture treatment,Finding,N/A,,,1,1
0443c6e5-b9ab-49e7-a2a2-0051320c3e1d,,,Previous surgical treatment,Previous surgical treatment,Previous treatment: previous surgical treatment,Finding,N/A,,,1,1
5d1a00e8-b183-4d86-a607-20415b106b15,,,Previous medication treatment,Previous medication treatment,Previous treatment: previous medication treatment,Finding,N/A,,,1,1
912e8ab6-dad7-4a07-a9f0-ac73826ba5e3,,,Sudden onset,Sudden onset,Onset: sudden onset,Finding,N/A,,,1,1
ea40d5fa-b788-4984-99b1-01aa59881f53,,,Post-operative onset,Post-operative onset,Onset: post-operative onset,Finding,N/A,,,1,1
f60dcbb7-b868-48f9-822f-818aa33a41ba,,,Recurrent flare-up onset,Recurrent flare-up onset,Onset: recurrent flare-up onset,Finding,N/A,,,1,1
68c0c5ad-3a7c-48f0-9911-f21eb922f341,,,Acute symptom duration,Acute symptom duration,Symptom duration: acute symptom duration,Finding,N/A,,,1,1
d77e3a0d-e804-4bfd-9194-cc3cbba15d75,,,Subacute symptom duration,Subacute symptom duration,Symptom duration: subacute symptom duration,Finding,N/A,,,1,1
1615fa1a-6832-4005-888f-4a15417bbb95,,,Chronic symptom duration,Chronic symptom duration,Symptom duration: chronic symptom duration,Finding,N/A,,,1,1
101cc2ed-9247-4273-a300-81600ea75358,,,Recurrent symptom duration,Recurrent symptom duration,Symptom duration: recurrent symptom duration,Finding,N/A,,,1,1
1a77e7be-a92f-4804-a4be-9f13ff4341df,,,Neutral posture,Neutral posture,Posture: neutral posture,Finding,N/A,,,1,1
4951a348-6a74-41d1-99ad-cec89b434cab,,,Forward head posture,Forward head posture,Posture: forward head posture,Finding,N/A,,,1,1
012ff48e-2389-435b-98bb-d3f2a8c23a4d,,,Rounded shoulders posture,Rounded shoulders posture,Posture: rounded shoulders posture,Finding,N/A,,,1,1
522bea15-1510-4123-806a-698b7cc3d8cc,,,Kyphotic posture,Kyphotic posture,Posture: kyphotic posture,Finding,N/A,,,1,1
d435df3f-6d4b-4ecf-873f-e96d54a5b84b,,,Lordotic posture,Lordotic posture,Posture: lordotic posture,Finding,N/A,,,1,1
f0eec706-a3f2-4d2c-a9de-886444da2cab,,,Scoliotic posture,Scoliotic posture,Posture: scoliotic posture,Finding,N/A,,,1,1
875e741b-b901-4fea-975a-3011b394b37a,,,Antalgic posture,Antalgic posture,Posture: antalgic posture,Finding,N/A,,,1,1
aa04a83f-ee10-4d24-90e8-bac4e2d34297,,,Anterior pelvic tilt,Anterior pelvic tilt,Posture: anterior pelvic tilt,Finding,N/A,,,1,1
b5cb6634-fafb-4af6-bf9a-472bb3dfd3d6,,,Posterior pelvic tilt,Posterior pelvic tilt,Posture: posterior pelvic tilt,Finding,N/A,,,1,1
f75e5dd0-3056-40e3-8b7e-aabfd475dcff,,,Normal gait pattern,Normal gait pattern,Gait: normal gait pattern,Finding,N/A,,,1,1
3c649596-4726-40b5-b21a-cf51d4fa4be6,,,Antalgic gait,Antalgic gait,Gait: antalgic gait,Finding,N/A,,,1,1
04eba892-e097-411f-80c6-461b5e8bb599,,,Trendelenburg gait,Trendelenburg gait,Gait: trendelenburg gait,Finding,N/A,,,1,1
1676b784-4f1f-4f95-ae75-f229ba0181e5,,,Ataxic gait pattern,Ataxic gait pattern,Gait: ataxic gait pattern,Finding,N/A,,,1,1
4943e959-e51c-4bd9-ab6e-4b825a611696,,,Circumduction gait,Circumduction gait,Gait: circumduction gait,Finding,N/A,,,1,1
c605a737-c539-48d5-a42c-242db0933ca3,,,Waddling gait,Waddling gait,Gait: waddling gait,Finding,N/A,,,1,1
29ed0e64-3b20-4aaf-bc82-c16753e5d55f,,,Reduced arm swing,Reduced arm swing,Gait: reduced arm swing,Finding,N/A,,,1,1
aa27ab2f-818f-4a29-bb76-e05d18512da1,,,Foot drop gait,Foot drop gait,Gait: foot drop gait,Finding,N/A,,,1,1
2bcabdfd-98e6-497e-a518-7065610277d0,,,Full weight bearing,Full weight bearing,Weight bearing: full weight bearing,Finding,N/A,,,1,1
c6da3e49-0b2f-4ba3-8a25-441244c388e5,,,Partial weight bearing,Partial weight bearing,Weight bearing: partial weight bearing,Finding,N/A,,,1,1
996dd8b2-4e58-4f54-9d88-53fa20b6cd61,,,Non-weight-bearing,Non-weight-bearing,Weight bearing: non-weight-bearing,Finding,N/A,,,1,1
67cb30bb-d4bc-48c8-bc93-1d834089a6a5,,,Toe-touch weight bearing,Toe-touch weight bearing,Weight bearing: toe-touch weight bearing,Finding,N/A,,,1,1
156eff72-37c8-4e5f-88e1-8dd629b30743,,,Walker in use,Walker in use,Assistive device: walker in use,Finding,N/A,,,1,1
113c40f0-b2b7-47a7-af42-b5589f7d0ef4,,,Crutches in use,Crutches in use,Assistive device: crutches in use,Finding,N/A,,,1,1
5f8805fe-ef0a-4748-bf95-365508535b70,,,Wheelchair in use,Wheelchair in use,Assistive device: wheelchair in use,Finding,N/A,,,1,1
e3c6cd32-d13d-4812-801b-a44476a780c6,,,Cane in use,Cane in use,Assistive device: cane in use,Finding,N/A,,,1,1
e9a6a398-8978-4506-8080-c19659346254,,,Skin intact on inspection,Skin intact on inspection,Skin inspection: skin intact on inspection,Finding,N/A,,,1,1
6e4ef812-c72a-44ef-9fb0-a65566b08935,,,Scar on inspection,Scar on inspection,Skin inspection: scar on inspection,Finding,N/A,,,1,1
55dbcd97-5bdd-404d-b3f0-d87890cf6d4e,,,Bruising on inspection,Bruising on inspection,Skin inspection: bruising on inspection,Finding,N/A,,,1,1
03398b13-e253-4fbd-b6e0-7bf26e02fcba,,,Swelling on inspection,Swelling on inspection,Skin inspection: swelling on inspection,Finding,N/A,,,1,1
01c973b9-5c86-4777-82bb-a0ad60470b9a,,,Erythema on inspection,Erythema on inspection,Skin inspection: erythema on inspection,Finding,N/A,,,1,1
249dc5ae-ecaa-4433-a78b-382656e94e78,,,Surgical incision on inspection,Surgical incision on inspection,Skin inspection: surgical incision on inspection,Finding,N/A,,,1,1
2e7842f0-8117-4527-8ec3-373e9e64c35c,,,Symmetrical appearance,Symmetrical appearance,Symmetry: symmetrical appearance,Finding,N/A,,,1,1
665c32d7-0113-4dbf-bd14-bd564d66c0a0,,,Asymmetrical appearance,Asymmetrical appearance,Symmetry: asymmetrical appearance,Finding,N/A,,,1,1
2ce14037-e177-4b96-8c45-6f4be8fc9626,,,Swelling on palpation,Swelling on palpation,Palpation finding: swelling on palpation,Finding,N/A,,,1,1
7b1a88ff-c0c0-4f7e-8a36-4d0e49d78a21,,,Tenderness on palpation,Tenderness on palpation,Palpation finding: tenderness on palpation,Finding,N/A,,,1,1
6cee68f3-920c-4654-a89b-f15fc987db4a,,,Muscle spasm on palpation,Muscle spasm on palpation,Palpation finding: muscle spasm on palpation,Finding,N/A,,,1,1
fa14fc0b-68ec-4c08-af92-0f6b2c5b2fa3,,,Warmth on palpation,Warmth on palpation,Palpation finding: warmth on palpation,Finding,N/A,,,1,1
1fa54cfd-eaf7-4929-973f-2498d2944cc3,,,Coolness on palpation,Coolness on palpation,Palpation finding: coolness on palpation,Finding,N/A,,,1,1
6406d806-1157-4d2d-a2aa-36db48697c49,,,Pain on palpation,Pain on palpation,Palpation finding: pain on palpation,Finding,N/A,,,1,1
0ecf2e91-9611-43e5-a6c1-32066544b503,,,Oedema on palpation,Oedema on palpation,Palpation finding: oedema on palpation,Finding,N/A,,,1,1
0fde79be-a31b-4890-9a10-582585b3ef6c,,,Muscle atrophy,Muscle atrophy,Muscle bulk: muscle atrophy,Finding,N/A,,,1,1
eb78baf7-74b7-4c41-9459-24a23a949f00,,,Muscle hypertrophy,Muscle hypertrophy,Muscle bulk: muscle hypertrophy,Finding,N/A,,,1,1
71011daf-a1f8-4d82-9966-89e48e082a0e,,,Muscle contracture,Muscle contracture,Muscle bulk: muscle contracture,Finding,N/A,,,1,1
12273a85-187f-4d82-b9e3-bfbac70140c9,,,Range limited by weakness,Range limited by weakness,Range of motion quality: range limited by weakness,Finding,N/A,,,1,1
6e9a2016-869c-42da-82a3-a9c098adf7d4,,,Range limited by stiffness,Range limited by stiffness,Range of motion quality: range limited by stiffness,Finding,N/A,,,1,1
787a6797-a22a-4cd0-b59f-6edcfa983f5e,,,Range limited by pain,Range limited by pain,Range of motion quality: range limited by pain,Finding,N/A,,,1,1
bf3d98ef-5080-4bc1-8432-c363d810decf,,,Range limited by contracture,Range limited by contracture,Range of motion quality: range limited by contracture,Finding,N/A,,,1,1
90fc8e69-8248-46b2-ae2f-ffc1c00b1e30,,,Hypermobility of joint,Hypermobility of joint,Range of motion quality: hypermobility of joint,Finding,N/A,,,1,1
453eb1b1-7a18-43fa-8657-8499d933acbc,,,Hypotonic muscle tone,Hypotonic muscle tone,Muscle tone: hypotonic muscle tone,Finding,N/A,,,1,1
f95e55f6-c416-4327-a9cd-43c4cea8478c,,,Hypertonic muscle tone,Hypertonic muscle tone,Muscle tone: hypertonic muscle tone,Finding,N/A,,,1,1
c82e8884-5be3-4298-8223-6e4d7fcfd6d9,,,Sensation intact,Sensation intact,Sensation: sensation intact,Finding,N/A,,,1,1
32f112a1-ba1d-4838-b128-68d8b83ed632,,,Sensation impaired,Sensation impaired,Sensation: sensation impaired,Finding,N/A,,,1,1
07af9758-bd4a-492d-ba46-3d014bdb23f1,,,Muscle power grade 0,Muscle power grade 0,Manual muscle test grade: muscle power grade 0,Finding,N/A,,,1,1
8adbeb2b-971f-4ba3-976c-0fb80e6f4459,,,Muscle power grade 1,Muscle power grade 1,Manual muscle test grade: muscle power grade 1,Finding,N/A,,,1,1
fcca5f8a-5cbc-4054-89db-b543ab47c431,,,Muscle power grade 2,Muscle power grade 2,Manual muscle test grade: muscle power grade 2,Finding,N/A,,,1,1
3422c589-4969-4b4a-aa70-dd46b7f6bd3d,,,Muscle power grade 3,Muscle power grade 3,Manual muscle test grade: muscle power grade 3,Finding,N/A,,,1,1
e6defab9-6a1d-4116-9f64-958211872ec2,,,Muscle power grade 4,Muscle power grade 4,Manual muscle test grade: muscle power grade 4,Finding,N/A,,,1,1
028a7882-d297-4a51-96e5-ba4385ea518b,,,Muscle power grade 5,Muscle power grade 5,Manual muscle test grade: muscle power grade 5,Finding,N/A,,,1,1
405489e3-445e-4c21-9329-e8209073555d,,,Reflex absent,Reflex absent,Deep tendon reflex: reflex absent,Finding,N/A,,,1,1
df576c5e-b027-4724-9de1-76fb4c04ea9f,,,Reflex diminished,Reflex diminished,Deep tendon reflex: reflex diminished,Finding,N/A,,,1,1
ddd9b43b-17c2-4935-aba0-9fe4d3ca5db5,,,Reflex normal,Reflex normal,Deep tendon reflex: reflex normal,Finding,N/A,,,1,1
79f8cabe-d7f2-4beb-82cc-8d20e35b8ca4,,,Reflex hyperreflexic,Reflex hyperreflexic,Deep tendon reflex: reflex hyperreflexic,Finding,N/A,,,1,1
d47b29ad-4768-4e5e-a349-eae5e2d5aa82,,,Reflex clonus,Reflex clonus,Deep tendon reflex: reflex clonus,Finding,N/A,,,1,1
22ed1a91-6e4d-4666-8fac-2307f63ac2fb,,,Soft end feel,Soft end feel,End feel: soft end feel,Finding,N/A,,,1,1
5733b6c6-f3b4-42af-be32-e0c96478b05a,,,Firm end feel,Firm end feel,End feel: firm end feel,Finding,N/A,,,1,1
3f420a3a-85da-4807-b142-991c3ed928f6,,,Hard end feel,Hard end feel,End feel: hard end feel,Finding,N/A,,,1,1
791e522f-eb1f-40ae-a709-765c036a6d9c,,,Cervical spine joint,Cervical spine joint,Joint assessed: cervical spine joint,Finding,N/A,,,1,1
ab258fd2-fa23-4163-8df9-941e8f43d524,,,Glenohumeral shoulder joint,Glenohumeral shoulder joint,Joint assessed: glenohumeral shoulder joint,Finding,N/A,,,1,1
61c42bf7-f41c-47b5-a126-8567f1d9925b,,,Talocrural ankle joint,Talocrural ankle joint,Joint assessed: talocrural ankle joint,Finding,N/A,,,1,1
ae0bbd10-5f63-4c3c-95e6-aa759e1f1914,,,Subtalar hindfoot joint,Subtalar hindfoot joint,Joint assessed: subtalar hindfoot joint,Finding,N/A,,,1,1
a92d3cf1-95d8-491f-80f9-0d7296e5b538,,,Metatarsophalangeal foot joints,Metatarsophalangeal foot joints,Joint assessed: metatarsophalangeal foot joints,Finding,N/A,,,1,1
4b7b3d46-3d69-45eb-a13e-23547657b220,,,Flexion movement,Flexion movement,Joint movement: flexion movement,Finding,N/A,,,1,1
23d56020-d32e-4ce4-84c1-5929de7f66b9,,,Extension movement,Extension movement,Joint movement: extension movement,Finding,N/A,,,1,1
7a174169-1fb4-4ae7-876e-96976a04d8c8,,,Lateral flexion movement,Lateral flexion movement,Joint movement: lateral flexion movement,Finding,N/A,,,1,1
e3008a9f-2ed2-410d-b380-cd2fff2d7108,,,Rotation movement,Rotation movement,Joint movement: rotation movement,Finding,N/A,,,1,1
dacaf2e2-f4d2-4309-83e7-a030f426054b,,,Abduction movement,Abduction movement,Joint movement: abduction movement,Finding,N/A,,,1,1
48ca60ec-7090-4a1d-bf65-6ccfcb5b8a53,,,Adduction movement,Adduction movement,Joint movement: adduction movement,Finding,N/A,,,1,1
64bff2e7-f5ba-467a-a65a-3628fb3ff8b3,,,Internal rotation movement,Internal rotation movement,Joint movement: internal rotation movement,Finding,N/A,,,1,1
e6d85d6f-0537-4b55-b6f1-a364fdbad4f6,,,External rotation movement,External rotation movement,Joint movement: external rotation movement,Finding,N/A,,,1,1
a92a7fee-4c1e-4323-b206-527bb737e371,,,Pronation movement,Pronation movement,Joint movement: pronation movement,Finding,N/A,,,1,1
752a9e6a-d45a-4c96-b9c2-8304277454e4,,,Supination movement,Supination movement,Joint movement: supination movement,Finding,N/A,,,1,1
77c5d449-8343-4658-8aca-fe6d7b92b11e,,,Radial deviation movement,Radial deviation movement,Joint movement: radial deviation movement,Finding,N/A,,,1,1
7801d306-f5f7-4097-a02f-589589c130f0,,,Ulnar deviation movement,Ulnar deviation movement,Joint movement: ulnar deviation movement,Finding,N/A,,,1,1
c03cfdab-15cc-46ea-a2b2-0753efd12256,,,Dorsiflexion movement,Dorsiflexion movement,Joint movement: dorsiflexion movement,Finding,N/A,,,1,1
685a4bda-caa4-467e-b9b0-2c35631e6eb6,,,Plantarflexion movement,Plantarflexion movement,Joint movement: plantarflexion movement,Finding,N/A,,,1,1
35938a0a-3422-4166-9358-4a58bd4e1503,,,Inversion movement,Inversion movement,Joint movement: inversion movement,Finding,N/A,,,1,1
079586ca-c8a7-4bbe-bd35-f81e48ed8b07,,,Eversion movement,Eversion movement,Joint movement: eversion movement,Finding,N/A,,,1,1
566f87c4-9483-4400-bcec-9495cad9369c,,,Neer shoulder impingement test,Neer shoulder impingement test,Orthopaedic special test: neer shoulder impingement test,Finding,N/A,,,1,1
3acd2cda-4fcc-4ccd-80b5-55705652c811,,,Hawkins-Kennedy impingement test,Hawkins-Kennedy impingement test,Orthopaedic special test: hawkins-kennedy impingement test,Finding,N/A,,,1,1
88051160-2bfe-47ea-ba1f-87da8d455b06,,,Empty can supraspinatus test,Empty can supraspinatus test,Orthopaedic special test: empty can supraspinatus test,Finding,N/A,,,1,1
4870a1ee-99f9-46e9-8ee5-4ea926a9ab95,,,Lachman anterior cruciate test,Lachman anterior cruciate test,Orthopaedic special test: lachman anterior cruciate test,Finding,N/A,,,1,1
75d0c599-9912-4769-b89b-a7e241b292de,,,Anterior drawer knee test,Anterior drawer knee test,Orthopaedic special test: anterior drawer knee test,Finding,N/A,,,1,1
8e0c3c2c-bac3-428a-9afd-371cdeead792,,,McMurray meniscal test,McMurray meniscal test,Orthopaedic special test: mcmurray meniscal test,Finding,N/A,,,1,1
11ac2f6b-486d-4bd3-8d28-f7f09ab321e5,,,Slump neural tension test,Slump neural tension test,Orthopaedic special test: slump neural tension test,Finding,N/A,,,1,1
67c5cd00-99ba-43cf-976c-8e67503101b5,,,Straight leg raise test,Straight leg raise test,Orthopaedic special test: straight leg raise test,Finding,N/A,,,1,1
3b830063-f8cd-4da4-af66-81df903bdab6,,,Crossed straight leg raise test,Crossed straight leg raise test,Orthopaedic special test: crossed straight leg raise test,Finding,N/A,,,1,1
01bacb5d-7979-4661-ab5a-b9e28a93cf18,,,Faber Patrick test,Faber Patrick test,Orthopaedic special test: faber patrick test,Finding,N/A,,,1,1
72a23662-d532-4a91-9a56-7c9eafd31136,,,O Brien SLAP test,O Brien SLAP test,Orthopaedic special test: o brien slap test,Finding,N/A,,,1,1
16d23ad5-5cce-4710-b3a0-df95c5ca9c3f,,,Thessaly meniscal test,Thessaly meniscal test,Orthopaedic special test: thessaly meniscal test,Finding,N/A,,,1,1
5369d103-be05-44d5-8abf-0f7cc060b8ac,,,Spurling cervical radiculopathy test,Spurling cervical radiculopathy tes,Orthopaedic special test: spurling cervical radiculopathy test,Finding,N/A,,,1,1
d8b540ac-2b09-44fd-9cfe-a58a3d3308fc,,,Cervical distraction test,Cervical distraction test,Orthopaedic special test: cervical distraction test,Finding,N/A,,,1,1
12756bad-3f1a-47d9-be85-1c5c2811f8d0,,,Cervical compression test,Cervical compression test,Orthopaedic special test: cervical compression test,Finding,N/A,,,1,1
d5d7a7d1-264b-4ced-b288-703abcee119c,,,Phalen carpal tunnel test,Phalen carpal tunnel test,Orthopaedic special test: phalen carpal tunnel test,Finding,N/A,,,1,1
0a8e6b55-5a73-425c-b028-12be939e3514,,,Tinel median nerve test,Tinel median nerve test,Orthopaedic special test: tinel median nerve test,Finding,N/A,,,1,1
d3a74bbc-4fac-4728-aca2-9fc66f1e555d,,,Short term goal reduce pain,Short term goal reduce pain,Short term goal: short term goal reduce pain,Finding,N/A,,,1,1
22bb07e8-ecd8-4c37-9508-05f224da12cc,,,Short term goal improve range of motion,Short term goal improve range of mo,Short term goal: short term goal improve range of motion,Finding,N/A,,,1,1
7c92fa59-b4b6-40cf-9f0c-10caa7dc9b9a,,,Short term goal independent in home exercise programme,Short term goal independent in home,Short term goal: short term goal independent in home exercise programme,Finding,N/A,,,1,1
208d35bc-93cd-42fa-ac26-e402b7e6c1a1,,,Long term goal return to work or sport,Long term goal return to work or sp,Long term goal: long term goal return to work or sport,Finding,N/A,,,1,1
6d510540-3241-4e63-89f5-d06011a72337,,,Long term goal restore full function,Long term goal restore full functio,Long term goal: long term goal restore full function,Finding,N/A,,,1,1
676e9e38-5b41-4b22-beb7-e0dfff7ed1bd,,,Long term goal prevent recurrence,Long term goal prevent recurrence,Long term goal: long term goal prevent recurrence,Finding,N/A,,,1,1
487c5129-b963-486f-8529-3fe3872692de,,,Manual therapy treatment,Manual therapy treatment,Physiotherapy treatment: manual therapy treatment,Finding,N/A,,,1,1
665f9cf9-b81b-44f1-b814-469bb330dba0,,,Joint mobilization treatment,Joint mobilization treatment,Physiotherapy treatment: joint mobilization treatment,Finding,N/A,,,1,1
95843d1d-e113-49b7-89de-57a3f89f0d49,,,Stretching exercise treatment,Stretching exercise treatment,Physiotherapy treatment: stretching exercise treatment,Finding,N/A,,,1,1
56201dbb-00ac-46c4-a680-2048be9acbb2,,,Strengthening exercise treatment,Strengthening exercise treatment,Physiotherapy treatment: strengthening exercise treatment,Finding,N/A,,,1,1
6838929b-901b-4b89-bb30-a6c41f762dd1,,,Pre-operative training treatment,Pre-operative training treatment,Physiotherapy treatment: pre-operative training treatment,Finding,N/A,,,1,1
01f5652d-60f9-4876-a165-448ff3a1840b,,,Post-operative training treatment,Post-operative training treatment,Physiotherapy treatment: post-operative training treatment,Finding,N/A,,,1,1
d52886fb-5b99-43f8-aa1e-828c8c99c4da,,,Prevention of disability training,Prevention of disability training,Physiotherapy treatment: prevention of disability training,Finding,N/A,,,1,1
b6745109-078c-4de3-8eb6-0d4f43568bd1,,,Stroke exercise treatment,Stroke exercise treatment,Physiotherapy treatment: stroke exercise treatment,Finding,N/A,,,1,1
c1266f8f-cf9e-47e4-b03f-9b800f2cd10d,,,Vibration therapy treatment,Vibration therapy treatment,Physiotherapy treatment: vibration therapy treatment,Finding,N/A,,,1,1
0f2b0b07-75d7-4307-81e6-49deb08c49fe,,,Medical diagnosis note,Diagnosis note,Narrative note accompanying the coded medical diagnosis,Question,Text,,,1,2
e8fa61ca-ba77-4545-9181-f65db90390c1,,,Functional level at physiotherapy assessment,Functional level,Overall functional independence level,Question,Coded,ab938a86-d5a6-4e26-9751-86b10313f921;d00651eb-c95a-4021-934f-2a2d134b7d1d;62d40468-3663-4e24-a7c9-eb409c30e753;92ef21dd-4d0c-4925-8e1b-df10652e719a;e8903724-069d-4343-a662-2aac89c3870f;be668ec0-f883-4a6b-8857-d485c327ec33;0b7cf0f6-fd21-4978-9f34-5b52dc6d0100,,1,2
4ec83bb2-4212-4b81-ac3f-bbe336db530f,,,Patient occupation narrative for physiotherapy,Rehab triage occupation,Free text occupation recorded at physiotherapy assessment,Question,Text,,,1,2
9f05b7c3-2e42-49b9-8ad1-93faa05eac28,,,Red flag symptoms present,Red flags present,Whether red flag symptoms are present at physiotherapy assessment,Question,Coded,1065AAAAAAAAAAAAAAAAAAAAAAAAAAAAAAAA;1066AAAAAAAAAAAAAAAAAAAAAAAAAAAAAAAA,,1,2
e662175d-76fc-47a7-af33-ae1de7ef6f06,,,Prior surgery relevant to presentation,Prior surgery,Whether the patient has had prior surgery relevant to the presentation,Question,Coded,1065AAAAAAAAAAAAAAAAAAAAAAAAAAAAAAAA;1066AAAAAAAAAAAAAAAAAAAAAAAAAAAAAAAA,,1,2
17ed1f06-4565-48b1-bbf6-ade06054916a,,,Pain severity band,Pain band,Banded pain severity,Question,Coded,5347d5ac-f587-4611-a572-d49fe9fe118e;9623181f-86a6-4b47-a45e-51038f8b1bd9;11cb8610-de70-40a5-a750-dbe06f9d40df,,1,2
e589029b-9c3b-4867-8440-9f6196db839f,,,Pain character,Pain character,Character of the reported pain,Question,Coded,f30183c7-34ba-4037-ba13-a4afe964f662;9da140d9-8471-45d9-ae4d-eae9c09b4338;146625AAAAAAAAAAAAAAAAAAAAAAAAAAAAAA;02b04531-669c-4205-80b2-d8392a1a45f0;552c6008-485a-4986-aa55-48a18a20e517;90bae735-d7ac-4e90-b6ef-ffbce7fc56cb;8f8b2f5e-29ea-4ec4-9d27-25e4c97bbc67;0c3ffc46-5f88-4171-99ee-77970482348f,,1,2
b87a2690-b389-4abd-b8d4-ad186d58e073,,,Pain pattern,Pain pattern,Temporal pattern of the reported pain,Question,Coded,23835cd9-8897-470d-8868-b1422f11a713;ae368009-afc5-44a1-ad31-45d22a2fbae9;af1f8723-c83a-4008-b194-6806369e4fd2;7d56905f-089f-4db4-96bb-0cf0423706f7,,1,2
db0af712-0b3a-4d80-b818-67cdd1d44989,,,Aggravating factors,Aggravating factors,Activities that aggravate the pain,Question,Coded,8ce62c56-9e69-483c-885b-d0c36395cef1;d90a509a-79f7-4d1b-bf4c-3a0d7374afcf;540c3ed2-247f-453d-9b06-b7e02de37399;d738cfb3-cdd3-4234-8ceb-1d0446c81b42;4b1da170-351c-486d-b65f-29decc05a08e;7222c1d4-d572-4802-a45d-23fe5b9f750a;7e21be41-7ab2-47fe-a20b-c2a5a6877adb;25d7e68b-6229-4bdd-baf5-ab933247d96f;e1371c4b-2060-49f7-aab5-f80ddf810154;5622AAAAAAAAAAAAAAAAAAAAAAAAAAAAAAAA,,1,2
24719cd3-fc22-4486-97ee-a6a560a68ce1,,,Other aggravating factor specified,Other aggravating,Free text aggravating factor,Question,Text,,,1,2
e1eac430-8863-475e-b8c9-45a15e304e81,,,Relieving factors,Relieving factors,Activities that relieve the pain,Question,Coded,c4c8394e-b1e3-4762-9ebc-266ea5afb7b2;2257e6dd-7537-4966-8193-46d347bc4e6a;8b61503c-1204-43e7-ac0e-46466acd42da;8d736f35-e2a2-4c22-a78e-1d7ff42e0712;58594591-bc05-4ba3-aa21-bb512c08dbf8;d196523a-5114-41be-a49f-4e1d7b5bd8d6;6975dc7c-59d6-41a3-803d-3053d925f68d;cf898f5e-e82c-4bd4-92b1-32eb36c3c5ef;5622AAAAAAAAAAAAAAAAAAAAAAAAAAAAAAAA,,1,2
9dccab0b-8007-4938-84da-6846cda10623,,,Other relieving factor specified,Other relieving,Free text relieving factor,Question,Text,,,1,2
611b4701-a891-4ee9-864d-a4dfdafe9fc9,,,Previous treatment received,Previous treatment,Treatments previously received,Question,Coded,b43c7983-ac26-4df5-9a9b-6dbabdc2176d;61edbe37-9629-42cc-b231-da388722ec32;2b316ba8-279a-4af8-bc94-3d16c5933297;bb22611b-ddd0-4f1e-8f84-1d02d88acc5a;0443c6e5-b9ab-49e7-a2a2-0051320c3e1d;5d1a00e8-b183-4d86-a607-20415b106b15,,1,2
65af8b29-8fe8-484e-8c67-46d639ebede4,,,Previous medications list,Previous medications,Free text list of previous medications,Question,Text,,,1,2
980288ac-5303-4508-9671-1ade0aa0b94f,,,Onset of presenting problem,Onset,How the presenting problem began,Question,Coded,912e8ab6-dad7-4a07-a9f0-ac73826ba5e3;2c180257-926f-4e0c-8b6f-95d18c110037;ea40d5fa-b788-4984-99b1-01aa59881f53;f60dcbb7-b868-48f9-822f-818aa33a41ba;5622AAAAAAAAAAAAAAAAAAAAAAAAAAAAAAAA,,1,2
7b6b6c25-9d66-4045-9733-122890c788ac,,,Other onset specified,Other onset,Free text onset description,Question,Text,,,1,2
17ffcb1f-2978-4676-8012-4922e13bd86a,,,Duration category of presenting problem,Duration category,Acute subacute chronic or recurrent duration,Question,Coded,68c0c5ad-3a7c-48f0-9911-f21eb922f341;d77e3a0d-e804-4bfd-9194-cc3cbba15d75;1615fa1a-6832-4005-888f-4a15417bbb95;101cc2ed-9247-4273-a300-81600ea75358,,1,2
e11356eb-df27-4dfd-8b6b-8c066bb2afd5,,,Posture on observation,Posture,Posture observed on physiotherapy assessment,Question,Coded,1a77e7be-a92f-4804-a4be-9f13ff4341df;4951a348-6a74-41d1-99ad-cec89b434cab;012ff48e-2389-435b-98bb-d3f2a8c23a4d;522bea15-1510-4123-806a-698b7cc3d8cc;d435df3f-6d4b-4ecf-873f-e96d54a5b84b;f0eec706-a3f2-4d2c-a9de-886444da2cab;875e741b-b901-4fea-975a-3011b394b37a;aa04a83f-ee10-4d24-90e8-bac4e2d34297;b5cb6634-fafb-4af6-bf9a-472bb3dfd3d6,,1,2
4cb81de3-f1d8-40f5-bcd3-0f2eb442647b,,,Posture asymmetry side,Posture side,Side of an asymmetric postural finding,Question,Coded,5141AAAAAAAAAAAAAAAAAAAAAAAAAAAAAAAA;5139AAAAAAAAAAAAAAAAAAAAAAAAAAAAAAAA;160406AAAAAAAAAAAAAAAAAAAAAAAAAAAAAA,,1,2
4a9b1302-923f-4667-a0e5-0ef6bab1aaa4,,,Gait pattern on observation,Gait pattern,Gait pattern observed,Question,Coded,f75e5dd0-3056-40e3-8b7e-aabfd475dcff;3c649596-4726-40b5-b21a-cf51d4fa4be6;04eba892-e097-411f-80c6-461b5e8bb599;1676b784-4f1f-4f95-ae75-f229ba0181e5;4943e959-e51c-4bd9-ab6e-4b825a611696;c605a737-c539-48d5-a42c-242db0933ca3;29ed0e64-3b20-4aaf-bc82-c16753e5d55f;aa27ab2f-818f-4a29-bb76-e05d18512da1,,1,2
48c40a50-b8ed-46ea-a46f-a043318cea9e,,,Gait abnormality side,Gait side,Side of an asymmetric gait finding,Question,Coded,5141AAAAAAAAAAAAAAAAAAAAAAAAAAAAAAAA;5139AAAAAAAAAAAAAAAAAAAAAAAAAAAAAAAA;160406AAAAAAAAAAAAAAAAAAAAAAAAAAAAAA,,1,2
da64a99f-4978-4e95-9c40-38ba46a44256,,,Weight bearing status,Weight bearing,Weight bearing status,Question,Coded,2bcabdfd-98e6-497e-a518-7065610277d0;c6da3e49-0b2f-4ba3-8a25-441244c388e5;996dd8b2-4e58-4f54-9d88-53fa20b6cd61;67cb30bb-d4bc-48c8-bc93-1d834089a6a5,,1,2
05ad91d9-57d5-4b50-bd39-7c92f13c6dd8,,,Partial weight bearing percentage,Weight bearing percent,Permitted percentage of weight bearing,Question,Numeric,,,1,2
9cc7e526-d7e1-46a6-b9a5-1e790611a659,,,Assistive device currently used,Assistive device,Assistive device in use,Question,Coded,1107AAAAAAAAAAAAAAAAAAAAAAAAAAAAAAAA;156eff72-37c8-4e5f-88e1-8dd629b30743;113c40f0-b2b7-47a7-af42-b5589f7d0ef4;5f8805fe-ef0a-4748-bf95-365508535b70;e3c6cd32-d13d-4812-801b-a44476a780c6,,1,2
195d342c-9c2d-446f-a816-53700ed06278,,,Assistive device side,Device side,Side on which a cane or aid is used,Question,Coded,5141AAAAAAAAAAAAAAAAAAAAAAAAAAAAAAAA;5139AAAAAAAAAAAAAAAAAAAAAAAAAAAAAAAA;160406AAAAAAAAAAAAAAAAAAAAAAAAAAAAAA,,1,2
1a46e943-b15a-4ac0-bfbc-515e876f37a4,,,Skin inspection findings,Skin inspection,Findings on skin inspection,Question,Coded,e9a6a398-8978-4506-8080-c19659346254;6e4ef812-c72a-44ef-9fb0-a65566b08935;55dbcd97-5bdd-404d-b3f0-d87890cf6d4e;03398b13-e253-4fbd-b6e0-7bf26e02fcba;01c973b9-5c86-4777-82bb-a0ad60470b9a;249dc5ae-ecaa-4433-a78b-382656e94e78,,1,2
dc33397c-a360-441b-b200-d655b99f3cff,,,Limb symmetry on inspection,Symmetry,Symmetry of the limbs on inspection,Question,Coded,2e7842f0-8117-4527-8ec3-373e9e64c35c;665c32d7-0113-4dbf-bd14-bd564d66c0a0,,1,2
db087291-9154-4226-bab4-9e5fb2cf92d7,,,Asymmetry description,Asymmetry description,Free text description of asymmetry,Question,Text,,,1,2
a15be3c7-908e-4616-9ecd-65f0936a9a8e,,,Palpation findings right,Palpation right,Palpation findings on the right,Question,Coded,1115AAAAAAAAAAAAAAAAAAAAAAAAAAAAAAAA;2ce14037-e177-4b96-8c45-6f4be8fc9626;7b1a88ff-c0c0-4f7e-8a36-4d0e49d78a21;6cee68f3-920c-4654-a89b-f15fc987db4a;fa14fc0b-68ec-4c08-af92-0f6b2c5b2fa3;1fa54cfd-eaf7-4929-973f-2498d2944cc3;6406d806-1157-4d2d-a2aa-36db48697c49;0ecf2e91-9611-43e5-a6c1-32066544b503,,1,2
9991d624-42a7-4d2b-90f7-7f802efaec9c,,,Palpation findings left,Palpation left,Palpation findings on the left,Question,Coded,1115AAAAAAAAAAAAAAAAAAAAAAAAAAAAAAAA;2ce14037-e177-4b96-8c45-6f4be8fc9626;7b1a88ff-c0c0-4f7e-8a36-4d0e49d78a21;6cee68f3-920c-4654-a89b-f15fc987db4a;fa14fc0b-68ec-4c08-af92-0f6b2c5b2fa3;1fa54cfd-eaf7-4929-973f-2498d2944cc3;6406d806-1157-4d2d-a2aa-36db48697c49;0ecf2e91-9611-43e5-a6c1-32066544b503,,1,2
6e2775ef-b707-45cd-b779-b9de279f6936,,,Muscle bulk right,Muscle bulk right,Muscle bulk assessment on the right,Question,Coded,1115AAAAAAAAAAAAAAAAAAAAAAAAAAAAAAAA;0fde79be-a31b-4890-9a10-582585b3ef6c;eb78baf7-74b7-4c41-9459-24a23a949f00;71011daf-a1f8-4d82-9966-89e48e082a0e,,1,2
8f4a6c1f-0ba1-4564-929f-3fe118cbbe73,,,Muscle bulk left,Muscle bulk left,Muscle bulk assessment on the left,Question,Coded,1115AAAAAAAAAAAAAAAAAAAAAAAAAAAAAAAA;0fde79be-a31b-4890-9a10-582585b3ef6c;eb78baf7-74b7-4c41-9459-24a23a949f00;71011daf-a1f8-4d82-9966-89e48e082a0e,,1,2
ea919145-39b1-4e46-b5ff-70e42b86fd4c,,,Muscle bulk measurement right,Bulk measurement right,Circumference or contracture measurement on the right,Question,Numeric,,,1,2
803957fa-09af-442b-a788-917176cdd10f,,,Muscle bulk measurement left,Bulk measurement left,Circumference or contracture measurement on the left,Question,Numeric,,,1,2
358b63b2-3fe3-4f56-82ad-7323dc1901ea,,,Range of motion quality right,ROM quality right,Overall range of motion quality on the right,Question,Coded,1115AAAAAAAAAAAAAAAAAAAAAAAAAAAAAAAA;12273a85-187f-4d82-b9e3-bfbac70140c9;6e9a2016-869c-42da-82a3-a9c098adf7d4;787a6797-a22a-4cd0-b59f-6edcfa983f5e;bf3d98ef-5080-4bc1-8432-c363d810decf;90fc8e69-8248-46b2-ae2f-ffc1c00b1e30,,1,2
a0651c11-c1d1-45ca-92ae-c6ca6d6c7e5d,,,Range of motion quality left,ROM quality left,Overall range of motion quality on the left,Question,Coded,1115AAAAAAAAAAAAAAAAAAAAAAAAAAAAAAAA;12273a85-187f-4d82-b9e3-bfbac70140c9;6e9a2016-869c-42da-82a3-a9c098adf7d4;787a6797-a22a-4cd0-b59f-6edcfa983f5e;bf3d98ef-5080-4bc1-8432-c363d810decf;90fc8e69-8248-46b2-ae2f-ffc1c00b1e30,,1,2
f3c3527d-1ee2-4552-bbf4-cdf6ea986f56,,,Muscle tone right,Muscle tone right,Muscle tone on the right,Question,Coded,1115AAAAAAAAAAAAAAAAAAAAAAAAAAAAAAAA;453eb1b1-7a18-43fa-8657-8499d933acbc;f95e55f6-c416-4327-a9cd-43c4cea8478c,,1,2
d4bd5c19-38c4-47da-a092-d97f95407c3a,,,Muscle tone left,Muscle tone left,Muscle tone on the left,Question,Coded,1115AAAAAAAAAAAAAAAAAAAAAAAAAAAAAAAA;453eb1b1-7a18-43fa-8657-8499d933acbc;f95e55f6-c416-4327-a9cd-43c4cea8478c,,1,2
78c38c4f-00e5-459f-928f-28bec64d261e,,,Light touch sensation,Light touch,Light touch sensation,Question,Coded,c82e8884-5be3-4298-8223-6e4d7fcfd6d9;32f112a1-ba1d-4838-b128-68d8b83ed632,,1,2
7d646ac4-52ab-4df6-916b-fc8bc077ad16,,,Proprioception sensation,Proprioception,Proprioceptive sensation,Question,Coded,c82e8884-5be3-4298-8223-6e4d7fcfd6d9;32f112a1-ba1d-4838-b128-68d8b83ed632,,1,2
6ac910e0-53b2-422a-9960-45436b15fba7,,,Manual muscle test upper extremity right,MMT upper extremity right,Manual muscle test upper extremity right,Question,Coded,07af9758-bd4a-492d-ba46-3d014bdb23f1;8adbeb2b-971f-4ba3-976c-0fb80e6f4459;fcca5f8a-5cbc-4054-89db-b543ab47c431;3422c589-4969-4b4a-aa70-dd46b7f6bd3d;e6defab9-6a1d-4116-9f64-958211872ec2;028a7882-d297-4a51-96e5-ba4385ea518b,,1,2
19fe5334-bfe2-4515-94d6-00a8177c3b23,,,Manual muscle test lower extremity right,MMT lower extremity right,Manual muscle test lower extremity right,Question,Coded,07af9758-bd4a-492d-ba46-3d014bdb23f1;8adbeb2b-971f-4ba3-976c-0fb80e6f4459;fcca5f8a-5cbc-4054-89db-b543ab47c431;3422c589-4969-4b4a-aa70-dd46b7f6bd3d;e6defab9-6a1d-4116-9f64-958211872ec2;028a7882-d297-4a51-96e5-ba4385ea518b,,1,2
28e3bce9-fff7-4909-9ace-182b41726679,,,Manual muscle test upper extremity left,MMT upper extremity left,Manual muscle test upper extremity left,Question,Coded,07af9758-bd4a-492d-ba46-3d014bdb23f1;8adbeb2b-971f-4ba3-976c-0fb80e6f4459;fcca5f8a-5cbc-4054-89db-b543ab47c431;3422c589-4969-4b4a-aa70-dd46b7f6bd3d;e6defab9-6a1d-4116-9f64-958211872ec2;028a7882-d297-4a51-96e5-ba4385ea518b,,1,2
0b1d5e91-d33e-494d-8871-90c4a271d4bc,,,Manual muscle test lower extremity left,MMT lower extremity left,Manual muscle test lower extremity left,Question,Coded,07af9758-bd4a-492d-ba46-3d014bdb23f1;8adbeb2b-971f-4ba3-976c-0fb80e6f4459;fcca5f8a-5cbc-4054-89db-b543ab47c431;3422c589-4969-4b4a-aa70-dd46b7f6bd3d;e6defab9-6a1d-4116-9f64-958211872ec2;028a7882-d297-4a51-96e5-ba4385ea518b,,1,2
5539faa3-d370-41d5-9fc2-3719f092fd7c,,,Deep tendon reflex right,Reflex right,Deep tendon reflex grade on the right,Question,Coded,405489e3-445e-4c21-9329-e8209073555d;df576c5e-b027-4724-9de1-76fb4c04ea9f;ddd9b43b-17c2-4935-aba0-9fe4d3ca5db5;79f8cabe-d7f2-4beb-82cc-8d20e35b8ca4;d47b29ad-4768-4e5e-a349-eae5e2d5aa82,,1,2
f087e1ee-efd1-4546-878c-08dddfa40038,,,Deep tendon reflex left,Reflex left,Deep tendon reflex grade on the left,Question,Coded,405489e3-445e-4c21-9329-e8209073555d;df576c5e-b027-4724-9de1-76fb4c04ea9f;ddd9b43b-17c2-4935-aba0-9fe4d3ca5db5;79f8cabe-d7f2-4beb-82cc-8d20e35b8ca4;d47b29ad-4768-4e5e-a349-eae5e2d5aa82,,1,2
5a24cb54-d951-49ee-85b7-dfdeb543420b,,,Clonus present,Clonus present,Whether clonus is present,Question,Coded,1065AAAAAAAAAAAAAAAAAAAAAAAAAAAAAAAA;1066AAAAAAAAAAAAAAAAAAAAAAAAAAAAAAAA,,1,2
73f06946-9e26-4649-93ea-c96b80fff9e7,,,Clonus side,Clonus side,Side on which clonus is present,Question,Coded,5141AAAAAAAAAAAAAAAAAAAAAAAAAAAAAAAA;5139AAAAAAAAAAAAAAAAAAAAAAAAAAAAAAAA;160406AAAAAAAAAAAAAAAAAAAAAAAAAAAAAA,,1,2
c73aa568-5384-48b7-9078-3612a8e69f96,,,Joint assessed for range of motion,ROM joint,Joint being measured,Question,Coded,791e522f-eb1f-40ae-a709-765c036a6d9c;ab258fd2-fa23-4163-8df9-941e8f43d524;63a546cf-607c-4ad9-abf1-98646759dc8f;166241AAAAAAAAAAAAAAAAAAAAAAAAAAAAAA;78202068-e95b-4682-9cfa-ac925094e98e;166246AAAAAAAAAAAAAAAAAAAAAAAAAAAAAA;bc23a86b-6cad-4dbb-808d-a07337b8eb28;61c42bf7-f41c-47b5-a126-8567f1d9925b;ae0bbd10-5f63-4c3c-95e6-aa759e1f1914;a92d3cf1-95d8-491f-80f9-0d7296e5b538,,1,2
d2efc32f-338b-4265-a05e-446e82f72a3c,,,Movement assessed for range of motion,ROM movement,Movement being measured,Question,Coded,4b7b3d46-3d69-45eb-a13e-23547657b220;23d56020-d32e-4ce4-84c1-5929de7f66b9;7a174169-1fb4-4ae7-876e-96976a04d8c8;e3008a9f-2ed2-410d-b380-cd2fff2d7108;dacaf2e2-f4d2-4309-83e7-a030f426054b;48ca60ec-7090-4a1d-bf65-6ccfcb5b8a53;64bff2e7-f5ba-467a-a65a-3628fb3ff8b3;e6d85d6f-0537-4b55-b6f1-a364fdbad4f6;a92a7fee-4c1e-4323-b206-527bb737e371;752a9e6a-d45a-4c96-b9c2-8304277454e4;77c5d449-8343-4658-8aca-fe6d7b92b11e;7801d306-f5f7-4097-a02f-589589c130f0;c03cfdab-15cc-46ea-a2b2-0753efd12256;685a4bda-caa4-467e-b9b0-2c35631e6eb6;35938a0a-3422-4166-9358-4a58bd4e1503;079586ca-c8a7-4bbe-bd35-f81e48ed8b07,,1,2
8bcd9815-ec9a-44dd-a2cc-e10e6c2fb7f0,,,Active range of motion in degrees,Active ROM,Active range of motion measured in degrees,Question,Numeric,,,1,2
0c61467d-5143-47c9-bb4a-a2795bc468f3,,,Passive range of motion in degrees,Passive ROM,Passive range of motion measured in degrees,Question,Numeric,,,1,2
bafcc7cf-ec82-4193-ad48-021f060fe7cd,,,Joint end feel,End feel,Quality of the end feel at the limit of range,Question,Coded,22ed1a91-6e4d-4666-8fac-2307f63ac2fb;5733b6c6-f3b4-42af-be32-e0c96478b05a;3f420a3a-85da-4807-b142-991c3ed928f6,,1,2
e231ddaa-9d12-488b-b8b2-afe545f7fb16,,,Orthopaedic special test performed,Special test,Which special test was performed,Question,Coded,566f87c4-9483-4400-bcec-9495cad9369c;3acd2cda-4fcc-4ccd-80b5-55705652c811;88051160-2bfe-47ea-ba1f-87da8d455b06;4870a1ee-99f9-46e9-8ee5-4ea926a9ab95;75d0c599-9912-4769-b89b-a7e241b292de;8e0c3c2c-bac3-428a-9afd-371cdeead792;11ac2f6b-486d-4bd3-8d28-f7f09ab321e5;67c5cd00-99ba-43cf-976c-8e67503101b5;3b830063-f8cd-4da4-af66-81df903bdab6;01bacb5d-7979-4661-ab5a-b9e28a93cf18;72a23662-d532-4a91-9a56-7c9eafd31136;16d23ad5-5cce-4710-b3a0-df95c5ca9c3f;5369d103-be05-44d5-8abf-0f7cc060b8ac;d8b540ac-2b09-44fd-9cfe-a58a3d3308fc;12756bad-3f1a-47d9-be85-1c5c2811f8d0;d5d7a7d1-264b-4ced-b288-703abcee119c;0a8e6b55-5a73-425c-b028-12be939e3514,,1,2
be661a33-34f4-4fad-a0f1-5f20243e6e1b,,,Special test result,Test result,Result of the special test,Question,Coded,703AAAAAAAAAAAAAAAAAAAAAAAAAAAAAAAAA;664AAAAAAAAAAAAAAAAAAAAAAAAAAAAAAAAA,,1,2
9ba6f778-70d0-4781-8f85-7ea139a3bcdd,,,Special test side,Test side,Side on which the special test was positive or negative,Question,Coded,5141AAAAAAAAAAAAAAAAAAAAAAAAAAAAAAAA;5139AAAAAAAAAAAAAAAAAAAAAAAAAAAAAAAA;160406AAAAAAAAAAAAAAAAAAAAAAAAAAAAAA,,1,2
0805b7bd-3641-489d-8229-e3a1bab6e161,,,Other special tests performed,Other tests,Free text of other special tests performed,Question,Text,,,1,2
d24efa31-07f9-40b3-8eae-4c3498ac2718,,,Short term physiotherapy goals,Short term goals,Goals for the next one to two weeks,Question,Coded,d3a74bbc-4fac-4728-aca2-9fc66f1e555d;22bb07e8-ecd8-4c37-9508-05f224da12cc;7c92fa59-b4b6-40cf-9f0c-10caa7dc9b9a,,1,2
e69aa00b-ae38-42e3-a735-1a6a5d4d1feb,,,Short term goal note,Short term note,Free text note on short term goals,Question,Text,,,1,2
b8acf066-c06a-4f0a-b880-6072541c7784,,,Long term physiotherapy goals,Long term goals,Goals for the next four to six weeks,Question,Coded,208d35bc-93cd-42fa-ac26-e402b7e6c1a1;6d510540-3241-4e63-89f5-d06011a72337;676e9e38-5b41-4b22-beb7-e0dfff7ed1bd,,1,2
7bed5c6a-5a34-4f50-917e-779f3a2c1b9d,,,Long term goal note,Long term note,Free text note on long term goals,Question,Text,,,1,2
db8f4600-7f59-47ff-8ea4-23aef3c73405,,,Physiotherapy treatment plan,Treatment plan,Treatments planned or delivered,Question,Coded,487c5129-b963-486f-8529-3fe3872692de;665f9cf9-b81b-44f1-b814-469bb330dba0;95843d1d-e113-49b7-89de-57a3f89f0d49;56201dbb-00ac-46c4-a680-2048be9acbb2;6838929b-901b-4b89-bb30-a6c41f762dd1;01f5652d-60f9-4876-a165-448ff3a1840b;d52886fb-5b99-43f8-aa1e-828c8c99c4da;b6745109-078c-4de3-8eb6-0d4f43568bd1;c1266f8f-cf9e-47e4-b03f-9b800f2cd10d,,1,2
053e2cc2-1459-4587-9587-10b01c7de6e2,,,Range of motion measurement group,ROM group,Repeating group holding one range of motion measurement,ConvSet,N/A,,c73aa568-5384-48b7-9078-3612a8e69f96;d2efc32f-338b-4265-a05e-446e82f72a3c;8bcd9815-ec9a-44dd-a2cc-e10e6c2fb7f0;0c61467d-5143-47c9-bb4a-a2795bc468f3;bafcc7cf-ec82-4193-ad48-021f060fe7cd,1,3
28c49e6c-49b4-4fb3-953a-c6e98c6cbc39,,,Special test result group,Special test group,Repeating group holding one special test result,ConvSet,N/A,,e231ddaa-9d12-488b-b8b2-afe545f7fb16;be661a33-34f4-4fad-a0f1-5f20243e6e1b;9ba6f778-70d0-4781-8f85-7ea139a3bcdd,1,3
4c8d4b3b-beab-4574-a17b-b4dc5ee96b9a,,,Medical diagnosis,Medical diagnosis,ICD-11 coded medical diagnosis recorded at physiotherapy assessment,Question,Coded,,,1,2
5cf3a607-1d61-474c-aadf-aa0ad865823a,,,Patient residence relative to facility catchment,Catchment status,Whether the patient resides inside or outside the facility primary catchment area for administrative reporting,Question,Coded,7018a248-d267-4c52-bff7-2d9112e33832;e9ab74d6-6e15-4745-a108-d188bdb76bfb,,1,2
7018a248-d267-4c52-bff7-2d9112e33832,,,Resident inside catchment area,Catchment,Patient resides within the health facility administrative catchment area,Finding,N/A,,,1,1
e9ab74d6-6e15-4745-a108-d188bdb76bfb,,,Resident outside catchment area,Non-catchment,Patient resides outside the health facility administrative catchment area,Finding,N/A,,,1,2
4c01850f-f51f-43ba-9fff-785eac33a454,,,Last menstrual period date (Ethiopian calendar),LMP Ethiopian,Date of last menstrual period documented on the Ethiopian calendar where used for obstetric dating,Question,Date,,,1,1
dd31426f-ebe0-4055-bbb7-c9f6b46fafc5,,,Prior ectopic pregnancies count,Ectopic count,Count of prior ectopic pregnancies in obstetric history,Question,Numeric,,,1,1
63eb0cae-6f38-42d4-b807-8c0cd176d3a9,,,Prior hydatidiform mole or molar pregnancies count,Molar count,Count of prior molar or hydatidiform pregnancies in obstetric history,Question,Numeric,,,1,1
92bd2b6c-4f54-4d1d-a7a9-861ca089f2ef,,,Tetanus toxoid vaccination schedule documentation,Tt doses documented,Free text documenting number or schedule of tetanus toxoid doses given during the current pregnancy,Question,Text,,,1,1
2a0934f6-62ea-454f-b12d-d2affb3d3d4f,,,Medication exposure during pregnancy,Medications in pregnancy,Whether the patient took any medication or therapeutic product during the current pregnancy,Question,Coded,1065AAAAAAAAAAAAAAAAAAAAAAAAAAAAAAAA;1066AAAAAAAAAAAAAAAAAAAAAAAAAAAAAAAA,,1,2
7686d026-febc-4e27-95c5-3b9a5eee3083,,,Medication exposure during pregnancy narrative,Medication details,Specification of medications supplements or injections taken during the current pregnancy,Question,Text,,,1,1
3cc505d0-9527-46ac-a40d-4feb16f60dc2,,,Current pregnancy triage risk factors,Pregnancy risk factors,Coded checklist of antenatal triage pregnancy risk indicators,Question,Coded,261c68c1-cf38-4c21-8f30-f72b7f7624aa;d61c8122-ea5e-48cd-a9fc-78bed82b1aa6;62122334-4556-2348-6782-612345678a01;9637081e-6071-8901-2345-678901abcd16;bc1dd40c-7eac-47c1-bbe7-73597b7a873f;d84e5344-a366-47c6-9a84-afd8e5fcf1ab;b3fb8eb5-5def-41c0-a9bc-15b7076711aa;875e6605-976b-4b60-883f-0b30da3363f7;b5b6994c-269a-4870-8cf3-20364b86cb9b;18e7924a-af63-41df-8195-bb7a3c082395,,1,10
261c68c1-cf38-4c21-8f30-f72b7f7624aa,,,Maternal age under 20 years or over 40 years,Maternal age risk,Maternal age under 20 or over 40 years at booking or assessment,Finding,N/A,,,1,1
d61c8122-ea5e-48cd-a9fc-78bed82b1aa6,,,Booking diastolic blood pressure 90 mmHg or higher,High booking DBP,Diastolic blood pressure 90 millimetres mercury or higher at booking or first visit,Finding,N/A,,,1,1
bc1dd40c-7eac-47c1-bbe7-73597b7a873f,,,Severe headache visual symptoms or focal neurologic deficit in pregnancy,Pregnancy neuro warning,Headache blurred vision focal weakness or abnormal movement suggesting severe features in pregnancy,Finding,N/A,,,1,1
d84e5344-a366-47c6-9a84-afd8e5fcf1ab,,,Multiple gestation suspected or confirmed,Multiple pregnancy,Multiple pregnancy diagnosed or clinically suspected on antenatal assessment,Finding,N/A,,,1,1
b3fb8eb5-5def-41c0-a9bc-15b7076711aa,,,Isoimmunization affecting current or prior pregnancy,Isoimmunization,Maternal fetal blood group isoimmunization affecting current or a previous pregnancy,Finding,N/A,,,1,1
875e6605-976b-4b60-883f-0b30da3363f7,,,Conception following assisted reproductive technology,ART conception,Pregnancy conceived using assisted reproductive technology such as IVF or intrauterine insemination,Finding,N/A,,,1,1
b5b6994c-269a-4870-8cf3-20364b86cb9b,,,Pelvic mass noted on obstetric examination,Pelvic mass,Pelvic mass identified on obstetric abdominal or pelvic examination,Finding,N/A,,,1,1
18e7924a-af63-41df-8195-bb7a3c082395,,,Other pregnancy danger signs warranting specification,Other danger signs,Additional pregnancy danger sign not elsewhere listed requiring free text qualification,Finding,N/A,,,1,1
bee10eb0-58e6-413f-8107-ebfc06c79903,,,Antenatal pregnancy danger signs specification,Danger signs notes,Free text qualification when other pregnancy danger signs are identified,Question,Text,,,1,1
1981f583-222e-45b7-a32d-9b7c182032b9,,,History of hypertensive disorders in pregnancy or chronic hypertension,Hypertensive disease hx,History of chronic hypertension preeclampsia eclampsia or pregnancy associated hypertension in a prior pregnancy,Question,Coded,1065AAAAAAAAAAAAAAAAAAAAAAAAAAAAAAAA;1066AAAAAAAAAAAAAAAAAAAAAAAAAAAAAAAA,,1,2
baab19ce-0b8c-4635-b0f5-3440dc0468b3,,,Prior cesarean delivery,Prior CS,Prior birth by cesarean delivery,Question,Coded,1065AAAAAAAAAAAAAAAAAAAAAAAAAAAAAAAA;1066AAAAAAAAAAAAAAAAAAAAAAAAAAAAAAAA,,1,2
2bd819a4-6484-42fc-851d-04dcbb2379bd,,,Prior cesarean delivery narrative,Prior CS detail,Free text documenting number type and indication of prior cesarean deliveries,Question,Text,,,1,1
38874bdc-2580-4bc3-84ac-01c7d87172d4,,,Prior stillbirth or neonatal death,Prior stillbirth or NND,History of stillbirth or neonatal death in a prior pregnancy,Question,Coded,1065AAAAAAAAAAAAAAAAAAAAAAAAAAAAAAAA;1066AAAAAAAAAAAAAAAAAAAAAAAAAAAAAAAA,,1,2
40d7027c-f833-4585-b1d0-435e9eaad24a,,,Prior stillbirth or neonatal death narrative,Stillbirth detail,Specification of number and attributed cause when stillbirth or neonatal death occurred,Question,Text,,,1,1
f1b44cda-fd66-4134-a5d6-23691c2fab62,,,Prior neonate with congenital anomaly,Prior congenital anomaly,History of infant with congenital or genetic abnormality,Question,Coded,1065AAAAAAAAAAAAAAAAAAAAAAAAAAAAAAAA;1066AAAAAAAAAAAAAAAAAAAAAAAAAAAAAAAA,,1,2
b432ae7a-1c36-4659-97d1-6055b1350478,,,Prior preterm birth,Prior preterm,History of delivery before 37 completed weeks gestation,Question,Coded,1065AAAAAAAAAAAAAAAAAAAAAAAAAAAAAAAA;1066AAAAAAAAAAAAAAAAAAAAAAAAAAAAAAAA,,1,2
7bbcf0ad-1866-4a50-b2bd-a48fec7bcb3d,,,Prior infant birthweight under 2500 grams or at least 4000 grams,Macrosomia or LBW infant,History of newborn weighing less than 2500 grams or at least 4000 grams at birth,Question,Coded,1065AAAAAAAAAAAAAAAAAAAAAAAAAAAAAAAA;1066AAAAAAAAAAAAAAAAAAAAAAAAAAAAAAAA,,1,2
de0c6a50-a9d6-4f1b-bd97-99231c4d5a40,,,Personal or family history of diabetes mellitus or gestational diabetes,DM GDM hx,Personal or first degree family history of diabetes mellitus or gestational diabetes,Question,Coded,1065AAAAAAAAAAAAAAAAAAAAAAAAAAAAAAAA;1066AAAAAAAAAAAAAAAAAAAAAAAAAAAAAAAA,,1,2
6d3f17cc-c775-475c-bf23-e6d4147b0c91,,,Medication allergy history,Medication allergy hx,History of allergy or serious adverse reaction to any medication,Question,Coded,1065AAAAAAAAAAAAAAAAAAAAAAAAAAAAAAAA;1066AAAAAAAAAAAAAAAAAAAAAAAAAAAAAAAA,,1,2
a03cb1a2-7707-4a3b-b3e6-817d137e5f3e,,,Medical comorbidity checklist antenatal triage,Medical comorbidities,Coded checklist of relevant chronic medical conditions for obstetric triage,Question,Coded,2b3c0ae2-c741-470f-97cb-d73e2d1076b9;7c3e4f50-6172-4834-ac12-d34567890b03;6b2d3e4f-5061-4723-9b01-c23456780b02;ba4ff2a8-f8a1-43d0-9bf8-459d5bb445da;71fc512d-7d80-4fc9-af2b-f42990e5732d;748826d9-8de5-486e-92d8-6cb58fa80705;99b6c66f-10a1-4256-b5dd-39a56d79a159;45e1241b-5eda-4a5c-96d3-de826b660e66;3471a652-e997-4186-aad4-d8ad572ed421,,1,9
2b3c0ae2-c741-470f-97cb-d73e2d1076b9,,,Cardiac disease comorbidity,Cardiac disease,Clinically significant cardiac disease relevant to pregnancy care,Finding,N/A,,,1,1
ba4ff2a8-f8a1-43d0-9bf8-459d5bb445da,,,Thyroid disorder comorbidity,Thyroid disease,Hyperthyroidism hypothyroidism or other thyroid disorder relevant to pregnancy care,Finding,N/A,,,1,1
71fc512d-7d80-4fc9-af2b-f42990e5732d,,,Seizure disorder history,Seizure disorder,Epilepsy or other seizure disorder relevant to pregnancy care,Finding,N/A,,,1,1
748826d9-8de5-486e-92d8-6cb58fa80705,,,Venous thromboembolism history,VTE hx,Prior deep vein thrombosis pulmonary embolism or thromboembolic disease,Finding,N/A,,,1,1
99b6c66f-10a1-4256-b5dd-39a56d79a159,,,HIV infection documented,HIV,HIV infection known or documented before or during pregnancy,Finding,N/A,,,1,1
45e1241b-5eda-4a5c-96d3-de826b660e66,,,Substance use affecting pregnancy risk,Substance use,Tobacco alcohol or illicit substance use affecting pregnancy risk,Finding,N/A,,,1,1
3471a652-e997-4186-aad4-d8ad572ed421,,,Other chronic medical illness warranting specification,Other medical illness,Additional chronic illness not elsewhere listed requiring specification,Finding,N/A,,,1,1
42869d3f-4e59-4f68-b161-4e561413a053,,,Surgical history checklist obstetric triage,Surgical hx checklist,Coded checklist of prior surgeries relevant to obstetric anesthesia or delivery planning,Question,Coded,2deef8e8-cf05-4414-9323-7e183b0e5e6e;132a192a-e8a2-4492-b317-88222fb92523;c6e3fbce-334d-49e8-bc5a-ee2a6ca21755,,1,3
2deef8e8-cf05-4414-9323-7e183b0e5e6e,,,Prior pelvic or uterine surgery,Pelvic surgery,Pelvic uterine cervical or vaginal surgery including myomectomy fistula repair cerclage or uterine rupture repair,Finding,N/A,,,1,1
132a192a-e8a2-4492-b317-88222fb92523,,,Prior major non obstetric surgery,Major surgery,Major thoracic abdominal vascular or cardiac surgery unrelated to pelvic organs,Finding,N/A,,,1,1
c6e3fbce-334d-49e8-bc5a-ee2a6ca21755,,,Prior anesthesia complication,Anesthesia complication,Serious complication attributed to general or neuraxial anesthesia in the past,Finding,N/A,,,1,1
a6fdc936-9a16-4822-9681-e4bbdff69e3a,,,Thyroid examination narrative,Thyroid exam,Free text thyroid examination findings on obstetric assessment,Question,Text,,,1,1
848fa553-3cd0-4bbf-9fa3-d5217a0ebf3b,,,Breast examination narrative,Breast exam,Free text breast examination findings on obstetric assessment,Question,Text,,,1,1
8db013bd-f198-44ca-9330-fa2c222024cf,,,Cardiovascular examination narrative,Cardiac exam,Free text cardiovascular examination findings including heart sounds and pulses,Question,Text,,,1,1
ec5643f1-620b-48aa-a552-2c8b6707c8cc,,,Uterine size narrative,Uterine size,Free text uterine fundal height or size assessment on obstetric examination,Question,Text,,,1,1
d747a192-157a-4dd8-a5ae-4eb89fc5cbed,,,Clinical pelvimetry narrative,Pelvimetry,Free text clinical pelvimetry when obstetrically indicated,Question,Text,,,1,1
b465c2b8-84c2-4fc7-a62f-f01cb9d53353,,,Mental status examination narrative,Mental status,Free text mental status examination relevant to obstetric triage,Question,Text,,,1,1
533b76d3-0e82-4f5f-a8f0-4e7b5704e3af,,,Motor and sensory examination narrative,Neuro motor sensory,Free text motor strength sensory testing and reflexes when assessed,Question,Text,,,1,1
f7439191-f29e-44d5-b95e-02d7e37be2cf,,,Additional pertinent physical examination findings,Other exam findings,Other pertinent physical examination findings not captured elsewhere,Question,Text,,,1,1
03abcb13-71d2-48f8-9a38-654d8674f3c2,,,Additional investigations narrative,Other investigations,Laboratory imaging or point of care investigations not captured in structured fields,Question,Text,,,1,1
54805197-fd73-4636-992d-a9fcc8e569e8,,,Enrollment in antenatal care follow-up at receiving facility,ANC enrollment offered,Decision to enroll the pregnant patient for ongoing antenatal care at this receiving facility,Question,Coded,1065AAAAAAAAAAAAAAAAAAAAAAAAAAAAAAAA;1066AAAAAAAAAAAAAAAAAAAAAAAAAAAAAAAA,,1,2
80eb28c4-ff29-425e-9efd-9f0829bd2f7c,,,Eligible for high risk pregnancy or maternal fetal medicine pathway,High risk pathway eligibility,Clinical decision that the patient qualifies for specialized high risk antenatal services,Question,Coded,1065AAAAAAAAAAAAAAAAAAAAAAAAAAAAAAAA;1066AAAAAAAAAAAAAAAAAAAAAAAAAAAAAAAA,,1,2
9603b88a-92b3-4ceb-876d-eaaf1632c7d7,,,Encounter diagnosis narrative text,Encounter diagnosis,Structured narrative diagnosis captured at triage including differential where applicable,Question,Text,,,1,1
7522cdbc-b7f0-40c0-88fd-2f767dc85b28,,,Encounter diagnosis onset category,Diagnosis onset,Whether the diagnosis represents a newly identified condition or a previously established condition,Question,Coded,f71d3091-74cf-43f0-9909-b27a9631ade1;32cbfd66-7cc8-4c5c-985a-0b3b73775ba7,,1,2
f71d3091-74cf-43f0-9909-b27a9631ade1,,,Newly identified encounter diagnosis,New diagnosis,Diagnosis newly recorded as part of this encounter assessment,Finding,N/A,,,1,1
32cbfd66-7cc8-4c5c-985a-0b3b73775ba7,,,Previously established encounter diagnosis,Established diagnosis,Diagnosis already known before this encounter or representing ongoing chronic disease,Finding,N/A,,,1,1
96d9e31d-54d5-4cdd-99ec-395b6a50a9cd,,,Encounter diagnosis priority rank,Diagnosis rank,Relative priority among concurrently documented encounter diagnoses,Question,Coded,2ee08bd7-5765-4a62-bc0a-676331161cf6;a5d6565b-dba0-4a68-9ddc-032161ec3337,,1,2
2ee08bd7-5765-4a62-bc0a-676331161cf6,,,Primary encounter diagnosis,Primary diagnosis,Primary clinical diagnosis for this encounter,Finding,N/A,,,1,1
a5d6565b-dba0-4a68-9ddc-032161ec3337,,,Secondary encounter diagnosis,Secondary diagnosis,Secondary additional diagnosis for this encounter,Finding,N/A,,,1,1
7d9d996c-1bcc-448a-a0a4-92b066bb55c4,,,Encounter diagnosis certainty,Certainty,Whether the diagnosis is clinically confirmed or provisional,Question,Coded,3f53b2a5-3a66-426e-9321-529c3faa814c;61337cc2-a776-4682-8c76-a57e7c593393,,1,2
3f53b2a5-3a66-426e-9321-529c3faa814c,,,Diagnosis clinically confirmed,Confirmed diagnosis,Diagnosis supported by examination investigation or definitive criteria,Finding,N/A,,,1,1
61337cc2-a776-4682-8c76-a57e7c593393,,,Diagnosis provisional or presumed,Presumed diagnosis,Diagnosis made on clinical suspicion pending further confirmation,Finding,N/A,,,1,1
1eb49097-2b3e-4722-ae1e-54aa6e5e82a0,,,Encounter problem clinical status,Problem status,Whether the documented problem remains active or is inactive at this encounter,Question,Coded,7d948620-b4a2-4770-965a-4a9e1905f2de;88e9c025-d552-4f5d-bad0-0a99d94b28cd,,1,2
7d948620-b4a2-4770-965a-4a9e1905f2de,,,Active clinical problem,Active problem,Problem currently influencing management or requiring follow-up,Finding,N/A,,,1,1
88e9c025-d552-4f5d-bad0-0a99d94b28cd,,,Inactive resolved clinical problem,Inactive problem,Problem resolved inactive or no longer clinically relevant,Finding,N/A,,,1,1
6b7c8d9e-0f1a-4b2c-3d4e-5f6a7b8c9d0e,,,Congenital anomalies details,Congenital anomalies,Details of congenital anomalies observed in the newborn,Question,Text,,,1,1
8dcd6654-1703-4588-9b2a-28355f22c2ef,,,Medication allergy detail,Med allergy detail,Free-text description of the medication allergy reported at antenatal triage,Question,Text,,,1,1
