Uuid,Void/Retire,Short name:en,Fully specified name:en,Fully specified name:fr,Data class,Data Type,Members,_order:500,Mappings|SAME-AS
6f49cae2-2e19-4539-9e36-2ac24aba3b5f,,,Medical Supply Items,,Misc,N/A,,,
d517a8d1-84c1-42d8-982f-7ceff66d23a1,,,Condoms (Male),,Medical supply,N/A,,,DAGU Item:221
d7c34742-1b43-4cbc-9731-800edf1a5c56,,,Absorbable Gelatin Sponge,,Medical supply,N/A,,,DAGU Item:709
7777863b-d3f0-4591-a738-2236a45e2fcf,,,Condoms (Female),,Medical supply,N/A,,,DAGU Item:1532
bed4732c-5402-4888-96dc-df04add97e60,,,Centrifuge Tube 50ml,,Medical supply,N/A,,,DAGU Item:2074
d45c1ef7-4055-45b7-a7f8-b8a085ac8d40,,,Pipette Multi Channel,,Medical supply,N/A,,,DAGU Item:2080
d9e93121-3aca-41fc-a084-d3e48c4000ba,,,Thermal Paper,,Medical supply,N/A,,,DAGU Item:2082
f50f6d5c-3493-4b32-98ea-a6b513db21b7,,,"Pasteur Pipette 3 ml, graduated",,Medical supply,N/A,,,DAGU Item:2095
11f2af90-b831-4bb1-91e5-53f89ea6fb2d,,,Urine Collecting Bag Pieces,,Medical supply,N/A,,,DAGU Item:2098
5aa1cd78-74b6-473d-9ddf-bfe9db102a97,,,Apron Cotton,,Medical supply,N/A,,,DAGU Item:2101
7c964e0c-b01d-4b61-a607-e8c818e500ff,,,Disposable Syringe 2ml with needle 21G,,Medical supply,N/A,,,DAGU Item:2106
7ff3b4a7-5669-4334-b0f9-0edd71f05c96,,,Disposable Syringe 5ml with needle 21G,,Medical supply,N/A,,,DAGU Item:2107
7ffd38b9-0b7e-4bc9-a831-bb0626266a47,,,Examination Glove Latex Medium Size,,Medical supply,N/A,,,DAGU Item:2108
04a9be6c-136c-42ae-8577-188a38062a3a,,,Gauze Bandage 7.5cm x 5m,,Medical supply,N/A,,,DAGU Item:2111
faec43cd-6700-4094-9065-73e2e04efd68,,,Incinerator Plastic Bin of 22 Liter,,Medical supply,N/A,,,DAGU Item:2112
5b6d92d4-a039-4151-830a-2040d8a429fa,,,Safety Box,,Medical supply,N/A,,,DAGU Item:2113
5cb5bfcc-f2d1-4277-8cee-e24daf328aa3,,,Surgical Glove Sterial Latex No. 7.5,,Medical supply,N/A,,,DAGU Item:2117
23fac62d-e132-4245-96d4-a94a5d43be0b,,,Biohazard Bags 8x12,,Medical supply,N/A,,,DAGU Item:2118
61009978-89ce-46d3-9b93-086754d3c194,,,Heavy Duty Glove large,,Medical supply,N/A,,,DAGU Item:2121
043b2dbc-6d7c-4d58-aae5-09f62ce53d1c,,,Plastic Sheet Drawer 20m,,Medical supply,N/A,,,DAGU Item:2123
3acd85cf-02d6-4f29-b779-3f0234b64881,,,Biohazard Bags,,Medical supply,N/A,,,DAGU Item:2125
fc7816a1-22c0-42e8-968d-6c2a8096f662,,,Eye Goggle,,Medical supply,N/A,,,DAGU Item:2126
07dba529-7ffb-46fd-88ca-1c8ac6a9d2a6,,,Face Mask Surgical,,Medical supply,N/A,,,DAGU Item:2141
8bfca1b6-fe0d-412c-9cf1-3017b2a08b45,,,Auto Disposable Syringe 2ml with Needle 21G of 100,,Medical supply,N/A,,,DAGU Item:2144
b4133a25-80bd-4dd2-9b48-e4275147bcc7,,,Toilet Tisue 100gm,,Medical supply,N/A,,,DAGU Item:2148
1f23567a-b948-41e2-be63-8f77da0c3f10,,,Umblical Medium size,,Medical supply,N/A,,,DAGU Item:2149
d569923a-9043-41a5-be25-d86a54ccc9bc,,,Community Home Based Care Bag,,Medical supply,N/A,,,DAGU Item:2150
ecfa4874-1686-4942-ba66-c2301dba51a5,,,Adhesive Cover (Optical ),,Medical supply,N/A,,,DAGU Item:2165
53773049-9115-4207-9a75-8ad8abdbb2a4,,,Micro Tube Centrifuge 1.5ml Sterial,,Medical supply,N/A,,,DAGU Item:2171
02a0f06d-4391-46fd-9b64-e7dffaf77423,,,Combitip Plus Adapter 25ml,,Medical supply,N/A,,,DAGU Item:2172
33c64bd2-8d48-4ee0-ba4e-80b0914bd599,,,Apron Plastic Reusable Autoclavable blue,,Medical supply,N/A,,,DAGU Item:2175
cbf4d630-2c48-47e4-b43c-3099f6d911ac,,,Probe Cleaning Filter,,Medical supply,N/A,,,DAGU Item:2181
9e89c3b1-d868-4f4f-91b2-800434dd663e,,,Cryogenic Vial Of 450,,Medical supply,N/A,,,DAGU Item:2184
acf4a3df-22e3-44c1-875a-6141934aab4c,,,Syringe(AD) 5ml with needle 21G,,Medical supply,N/A,,,DAGU Item:2185
677dea68-1910-42f7-8cd4-d59fa5d04832,,,Condoms Male Latex length 180mm width 53mm,,Medical supply,N/A,,,DAGU Item:2191
3061027e-3b23-45b4-a37b-84e436780eb0,,,Biohazard Bags Yellow 255 X 355mm,,Medical supply,N/A,,,DAGU Item:2197
06c7bb4d-b756-4c2e-a5ba-6ad1b82ab7f3,,,Infusion Giving Set,,Medical supply,N/A,,,DAGU Item:2205
69f7564b-22aa-45e6-a33b-1563f53a5d4d,,,Torniquate Rubber,,Medical supply,N/A,,,DAGU Item:2206
77150442-e7ff-4269-97f7-41e94c1902b2,,,Examination Glove Latex Large Size,,Medical supply,N/A,,,DAGU Item:2210
ae1dd4a7-c062-45c7-a5c0-30fb93f3c252,,,Lab Marker Extra Fine Tips,,Medical supply,N/A,,,DAGU Item:2212
563589b0-06ae-41d7-9181-1595090e1d3e,,,BD Syringe 5ml with out needle 21G,,Medical supply,N/A,,,DAGU Item:2217
fb880a90-d1c1-44bb-92e6-e46274cff11b,,,Plastic Table Sheet 20 meter,,Medical supply,N/A,,,DAGU Item:2224
e29e8721-4920-42ac-936f-36fdc4551444,,,Disposable Syringe 10ml without Needle,,Medical supply,N/A,,,DAGU Item:2235
aea60af3-5ae8-4dd6-93eb-dc461cd948c7,,,BD Vacutainer Needle 21 G,,Medical supply,N/A,,,DAGU Item:2242
7a8983c1-3963-46c1-a030-9afc85055dee,,,Hemocytometer,,Medical supply,N/A,,,DAGU Item:2248
505b9cf1-e839-48f2-9ce5-e66eb2200da8,,,Hygrometer,,Medical supply,N/A,,,DAGU Item:2252
aec2085d-ebcc-4947-819f-64bb95620d15,,,Laboratory Consumable Bundle,,Medical supply,N/A,,,DAGU Item:2254
83a47b59-44a3-4782-9529-028ae5a16978,,,"Blood Collection Tube K3 EDTA, 3ml",,Medical supply,N/A,,,DAGU Item:2267
30e05ab0-1832-4d64-a2b9-e49b9b376350,,,Cotton (Sanitary),,Medical supply,N/A,,,DAGU Item:2271
a1352ceb-44dc-454f-9f84-6a6ce0ee685e,,,Tube Culture NS 12X75mm,,Medical supply,N/A,,,DAGU Item:2276
0be9d79f-d7b4-42b2-a4ce-8047bfde7ae5,,,Round Bottom 12 x 75 mm,,Medical supply,N/A,,,DAGU Item:2290
c2f74fa2-2345-4724-9ec7-bf1d8608922e,,,Combitip Plus Sterile 25 ml,,Medical supply,N/A,,,DAGU Item:2293
546a576c-10e3-4186-9413-d7c94776cc98,,,Combitip Plus Sterile 10 ml,,Medical supply,N/A,,,DAGU Item:2294
5a88fead-fb72-4bd8-9f64-cf33b8b5ff3b,,,"Disposable Syringe 2ml with needle, 22G",,Medical supply,N/A,,,DAGU Item:2295
c0538e8b-5bec-47ba-8159-d76914940baa,,,Disposable Syringe 5ml with needle,,Medical supply,N/A,,,DAGU Item:2311
c1a9b09a-871e-4a2d-a175-a9ab7f6ab450,,,Adhesive Plaster Zinc Oxide Size 7.5cm X 10m,,Medical supply,N/A,,,DAGU Item:2403
ace719d2-d1d5-47f3-aa84-f502604c7fe5,,,Adhesive Plaster Zinc Oxide Size 5cm X 10m,,Medical supply,N/A,,,DAGU Item:2408
6e6b4dcb-f2f2-4310-9354-8625152e261e,,,Applicator Wooden Stick 15cm Long x diam. 2.5mm with Cotton,,Medical supply,N/A,,,DAGU Item:2423
5ac1cc6c-3769-4d1a-bd3d-6aa76dc6f915,,,Apron Plastic Protection Against Chemicals Resistant To Most Acids Adult Size,,Medical supply,N/A,,,DAGU Item:2427
9e68bd71-be13-49c8-a854-45ac1d297bd2,,,Cannula Intravenous Set (IV Cannula) 24G,,Medical supply,N/A,,,DAGU Item:2440
483036f1-c3e5-496d-9269-d59da52b48fa,,,Cannula Intravenous Set (IV Cannula) 22G,,Medical supply,N/A,,,DAGU Item:2444
4ed9798a-cc1e-4766-b60b-b4f7974e8f78,,,Cannula Intravenous Set (IV Cannula) 20G,,Medical supply,N/A,,,DAGU Item:2445
6a431fbb-bdaf-409a-a660-b0fdc45f5688,,,Cannula Intravenous Set (IV Cannula) 18G,,Medical supply,N/A,,,DAGU Item:2447
b9bd37d0-ed65-4d33-a051-75fff6ae7b4d,,,"Disposable Syringe 3 parts , 10ml with 21G needle",,Medical supply,N/A,,,DAGU Item:2475
a5cee851-479a-412a-a894-c8f242d845ff,,,"Disposable Syringe 3 parts , 3ml with 21G needle",,Medical supply,N/A,,,DAGU Item:2476
04c42be5-cd79-4008-9719-ac9f20dda9ea,,,"Disposable Syringe 3 parts , 5ml with 20G needle",,Medical supply,N/A,,,DAGU Item:2477
43247fb0-c531-4454-bb68-9a500eb990a1,,,"Disposable Syringe 3 parts , 5ml with 21G needle",,Medical supply,N/A,,,DAGU Item:2478
f84d1d96-fbb7-4280-965c-1092b7b63dbb,,,Tongue Depressor wooden,,Medical supply,N/A,,,DAGU Item:2501
785fbb37-70f4-4811-8de0-e75db7fc0825,,,Torniquate of double belt,,Medical supply,N/A,,,DAGU Item:2502
6072a20c-6988-4f64-8637-6235f4a7cd06,,,Triangular Bandage size 96*96*136cm,,Medical supply,N/A,,,DAGU Item:2503
8a792d87-b88d-4b80-bb6b-e56cf3df34a5,,,Centrifuge Tube Glass Graduated 15ml,,Medical supply,N/A,,,DAGU Item:2531
11956d73-abec-43d0-b591-2d1a65693785,,,Examination Glove latex non sterile Large,,Medical supply,N/A,,,DAGU Item:2558
250d8700-33b7-4a85-abbf-50388b4c2593,,,Gauze Bandage 10cm x 5m,,Medical supply,N/A,,,DAGU Item:2563
11034ec2-a992-4e91-b4a8-caf833ee0c9b,,,Ear Syringe 100ml metal complete in set stainless steel,,Medical supply,N/A,,,DAGU Item:2590
8011364a-94e9-4a6b-b5f8-19c0e68eeb89,,,Gauze Bandage B/P Mesh 28 x 24 size 7.5cm x 5m,,Medical supply,N/A,,,DAGU Item:2597
e9550247-28b3-4ac8-a657-90ce52af6012,,,Gauze Bandage B/P Mesh 28 x 24 size 12.5cm x 5m,,Medical supply,N/A,,,DAGU Item:2598
23812e4d-c28c-4e1d-b33a-ea59489691b1,,,Gauze Surgical 90cm x 100m,,Medical supply,N/A,,,DAGU Item:2599
e84b6c01-d428-4eb0-8df4-a24f47590fe9,,,Heavy Duty Glove Rubber Resistance to Chemical (Large) Size,,Medical supply,N/A,,,DAGU Item:2601
3ee99165-7368-460c-ba28-a59902c58d97,,,"Insulin Syringe ,100iu/ml, 1ml with 29G needle, disposable",,Medical supply,N/A,,,DAGU Item:2602
3f4108ef-4ab2-4298-b540-7cc29f7cac4c,,,Examination Glove Latex disposable Non Sterile Medium size,,Medical supply,N/A,,,DAGU Item:2604
7e8cdbad-61d9-46df-8ce2-f967e9f348e2,,,Surgical Glove sterile Latex No. 7,,Medical supply,N/A,,,DAGU Item:2606
fcca4a10-94f1-4348-adda-b4886da85a1d,,,Paraffin Gauze 10cm x 10cm,,Medical supply,N/A,,,DAGU Item:2623
f69cebbf-49e3-42f4-a737-83f77dc2ef86,,,Plaster Of Paris (P.O.P) 10cm x 3m,,Medical supply,N/A,,,DAGU Item:2624
90c77f7d-afb8-4567-812d-fc5e48ac78ae,,,Plaster Of Paris (P.O.P) 15cm x 3m,,Medical supply,N/A,,,DAGU Item:2625
ba0ebfc1-6c1f-4a3a-aef6-bdb9f0747348,,,Plaster Of Paris (P.O.P) 15 cm x 3m,,Medical supply,N/A,,,DAGU Item:2626
e5259be6-47ad-40db-aba9-6eff353f9dc6,,,Suction Catheter transparent with funnel silconized adult size(Sterile) for single use,,Medical supply,N/A,,,DAGU Item:2633
8a95269c-84b1-445f-a5dc-d8aa88c69123,,,Silconized Cannula with 30cm extension tube steile 23chg of 100's,,Medical supply,N/A,,,DAGU Item:2641
0572ce34-9930-47f9-8c30-8fbc2590c5e1,,,Silconized Cannula with 30cm extension tube steile 25chg of 100's,,Medical supply,N/A,,,DAGU Item:2642
5f0f5d79-86e7-4d5d-9aa9-e48e80995b34,,,Umblical Clamp 5.3cm Sterile,,Medical supply,N/A,,,DAGU Item:2644
0d23d084-cd07-421e-8b5c-ac8202c6fa37,,,Centrifuge Tube ungraduated Xonical,,Medical supply,N/A,,,DAGU Item:2650
d9131433-4b92-4036-9801-1ef4cf2bc854,,,"Centrifuge Tube round bottom ,ungraduated 1.2mm x 100 x 16mm",,Medical supply,N/A,,,DAGU Item:2651
e06aa582-9b60-4ca8-96aa-b145d0e8393b,,,Blood Collecting Bag,,Medical supply,N/A,,,DAGU Item:2677
22146e8e-aef7-412d-8d0b-7840e3417cbf,,,Apron Plastics,,Medical supply,N/A,,,DAGU Item:2687
627eb0c9-120d-4f5d-b657-d41883a08fb5,,,Cannula Intravenous Set (IV Cannula) 16G,,Medical supply,N/A,,,DAGU Item:2691
d7366bb8-a0ef-4163-841d-c33b101f8e42,,,Sheets Vinyl size 18cmx91cm,,Medical supply,N/A,,,DAGU Item:2713
10d59b14-b7aa-4b6e-b3bb-704b27be3a58,,,Scalp Vein Winged Infusion Set 23G,,Medical supply,N/A,,,DAGU Item:2714
931c3111-60ce-4990-89ed-db5e66d8c7e0,,,Scalp Vein Winged Infusion Set 25G,,Medical supply,N/A,,,DAGU Item:2715
c2f80f6c-daa3-4c29-8924-a4b3f688f0a4,,,Surgical Glove No.7.5,,Medical supply,N/A,,,DAGU Item:2716
9d98969e-0c92-425d-ba5d-df0bb358d678,,,Gauze Dress 3x4.1 yrd Non sterile Roll,,Medical supply,N/A,,,DAGU Item:2784
67764b37-dac2-4658-bbb3-e12d64666384,,,Humidity Indicating Cards,,Medical supply,N/A,,,DAGU Item:2790
6fdcf6a5-9ae4-4c42-8a46-bf5b8b8f7d63,,,Aluminum Foil 37.5 (Diamond),,Medical supply,N/A,,,DAGU Item:2802
37dca762-7443-4bc0-82c0-0b2c54f25b81,,,BD Microtainer Tube K2EDTA 250 500 µl.,,Medical supply,N/A,,,DAGU Item:2816
a30e618e-8f30-42d9-bf4a-8399846e77d8,,,Absorbent Underpads,,Medical supply,N/A,,,DAGU Item:2822
c86e1a83-257f-47f0-aaf9-7ef195a4fcf7,,,Bottle and Cap (EV 431),,Medical supply,N/A,,,DAGU Item:2825
3b9388b3-5068-4b4a-b69c-80a89dbd9329,,,Disposable Syringe 10ml with Needle,,Medical supply,N/A,,,DAGU Item:2828
55eec63d-c089-4713-8a2c-4a56e0f218ab,,,"Gauze Swab 10cmx 10cm , 6 plys sterial",,Medical supply,N/A,,,DAGU Item:2851
85d587ea-64af-4ed8-92aa-11aee21b1367,,,Gauze Bandage 18cm x 5m mesh 28 x 24,,Medical supply,N/A,,,DAGU Item:2852
c7659799-b76f-43c5-a1d4-3849483619d6,,,Sharp Container,,Medical supply,N/A,,,DAGU Item:2862
ee44d555-ac54-4d71-9558-a2a870dfddc1,,,Lense Cleancing Tissue,,Medical supply,N/A,,,DAGU Item:2866
f80b8acc-134c-4077-be41-9d267d8c02f6,,,Adhesive Tape 5cmx9cm,,Medical supply,N/A,,,DAGU Item:2869
1eaaff06-8457-46a7-93af-8fbd57217cd2,,,Pasteur Pipette 3 ml,,Medical supply,N/A,,,DAGU Item:2875
41dc2074-e67f-4e22-bcf1-9ffc1f5f0b5c,,,"Cat Gut Chromic 3.5 (2/0), 75 cm HR 38 1/2 C.R.B 38mm heavy needle 334",,Medical supply,N/A,,,DAGU Item:2899
524af161-2370-4286-91d6-7feb47a49ca1,,,Biohazard Bags 24x36 of 200,,Medical supply,N/A,,,DAGU Item:2917
80f9c0be-ba36-4eb9-a943-1e0004571c85,,,Auto Disposable Syringe 10ml with needle 21G,,Medical supply,N/A,,,DAGU Item:2919
f9fee0ee-0b2b-4765-a66a-8e85e1e66f3c,,,Sputem Cup,,Medical supply,N/A,,,DAGU Item:2920
a3b2aaf0-8118-4150-8601-4392a24f3703,,,Microscope Slide 76mm x 26mm of 50,,Medical supply,N/A,,,DAGU Item:2927
b8669e90-2c88-420b-aa27-129640f0c37b,,,"Blood Lancets, Disposable Sterile",,Medical supply,N/A,,,DAGU Item:2936
abeb17b2-9c4b-42ee-a2eb-3bde04d1f6d0,,,Asucryl Synthetic Absorbable Braided Violet (PGA) 2/0 75cm on TS27 3/8C Rev.cutting 27mm 4575,,Medical supply,N/A,,,DAGU Item:2963
d7010c6c-782b-4718-a1bd-4068c0e8f894,,,"Polyamide Monofilament Gauge 0.2 (10/0) 30cm TRM 5 curved, 5mm long R>B. (taper) 100microns, micropoint 543360 dozen",,Medical supply,N/A,,,DAGU Item:2966
d4653c69-6ab8-41ac-b319-c618860d4cd6,,,Infant Feeding Tube No.8,,Medical supply,N/A,,,DAGU Item:2978
fe1f26d4-68f2-4762-b5a4-3363c160cfe1,,,Rectal Catheter No. 28,,Medical supply,N/A,,,DAGU Item:2989
a84539cb-2afa-414e-9bf2-ea0234529a68,,,Rectal Catheter No. 30,,Medical supply,N/A,,,DAGU Item:2990
35da9f83-867a-45c8-94cf-ceb5b3f5fba8,,,Suction Catheter No.6,,Medical supply,N/A,,,DAGU Item:2995
9639fa73-7737-46df-ac95-ff4cec1c9d01,,,Suction Catheter No.8,,Medical supply,N/A,,,DAGU Item:2996
01b48c14-0e66-47d7-a314-8aeffcd87877,,,Suction Catheter with Xroline No.28,,Medical supply,N/A,,,DAGU Item:2998
7694e9d5-1db6-4c9a-b11e-3b6d5303b56d,,,Suction Catheter with Xroline No.4,,Medical supply,N/A,,,DAGU Item:2999
4acbe685-e61d-427a-86e4-36ff79ce17d3,,,Suction Catheter with Xroline No.6,,Medical supply,N/A,,,DAGU Item:3000
ce2ee128-68cf-4cdb-8cdd-9e1dbc052f1a,,,Suction Catheter with Xroline No.8,,Medical supply,N/A,,,DAGU Item:3001
f3df43f4-6932-4a7c-9f60-d2cd10713a96,,,Suction Catheter with Xroline No.23,,Medical supply,N/A,,,DAGU Item:3002
99713fd7-6977-48e6-8509-ce847c71ebba,,,Disposable Syringe 50ml with Needle,,Medical supply,N/A,,,DAGU Item:3006
20f1aaa9-3060-4f42-9e80-e0b583bbd0e9,,,Gauze Bandage 5cm x 5m,,Medical supply,N/A,,,DAGU Item:3007
f25fdfac-e331-4fb9-93b1-72b60e7064ad,,,Surge Protector,,Medical supply,N/A,,,DAGU Item:3033
9eda86e9-3b46-47fd-b8c3-683fa5e065a5,,,Auto Disposable Syringe 1ml with needle,,Medical supply,N/A,,,DAGU Item:3034
470fba0e-4f94-4232-a599-2fd14e2127bc,,,Gauze Non Sterile 90cm x 90m,,Medical supply,N/A,,,DAGU Item:3052
69076c63-e6ba-4291-a40b-99fd16542e5f,,,Dental Needle Steralized 0.4 x42mm,,Medical supply,N/A,,,DAGU Item:3058
959e5912-a36f-4197-bef7-2b43beeb1223,,,Goggles For Delivery Room,,Medical supply,N/A,,,DAGU Item:3085
4d2ac93c-c52b-458c-af8d-bb03db7838de,,,Sample Cups For Humastar 80,,Medical supply,N/A,,,DAGU Item:3096
2323ec68-7387-4939-8217-c5c4d56d2f53,,,Auto Disposable Syringe 5ML detachable needle 23G,,Medical supply,N/A,,,DAGU Item:3104
eafb3c21-10bc-4774-a956-b609fe0e0c52,,,"Surgical Glove Sterile, Latex No 6.5",,Medical supply,N/A,,,DAGU Item:3105
7a90bf8e-3779-4ef6-b78c-5d179318e608,,,Cat Gut Chromic 3.0(3/0) 75cm on 18 20mm 1/2circle Round Bodied Needle 2234,,Medical supply,N/A,,,DAGU Item:3115
e85cd462-e5ed-4d43-9dc9-d59c0d5dc58e,,,Cover Slide 22x22mm Thickness 13 mm,,Medical supply,N/A,,,DAGU Item:3124
a83624a0-2a3d-4fc2-bbeb-af8aa4d4242c,,,Disposable Syringe 1ml,,Medical supply,N/A,,,DAGU Item:3147
ee331a91-794c-47cd-90db-3ea8ee1f8346,,,BD Syringe 1ml,,Medical supply,N/A,,,DAGU Item:3168
d9fe728d-c419-4362-a308-5a19d96fd598,,,Mosquito Bednet 160x180x150,,Medical supply,N/A,,,DAGU Item:3215
ac344fba-ba4c-4cd4-b552-efff6ef59d19,,,Water Proof Plaster,,Medical supply,N/A,,,DAGU Item:3217
204181b3-1552-4110-a5b0-0235fdaf3293,,,Recording Galss Strying 2ml,,Medical supply,N/A,,,DAGU Item:3232
f23b6056-ef8a-4894-9de8-362ab763c466,,,Endotracheal Tube sterile CH 9,,Medical supply,N/A,,,DAGU Item:3234
7d5c3b6f-bb7d-4a5a-8438-e192b47536e2,,,"Gauze Swab 19cm x15cm, 40/40""",,Medical supply,N/A,,,DAGU Item:3258
dc132aa8-64f0-407c-8b09-46b89f5b7863,,,"Ambu Bag pedaiatrics, silicon Rubber",,Medical supply,N/A,,,DAGU Item:3269
85bf9c9f-1964-44da-b557-4c66e5a80ece,,,Ambu Bag Adult Large,,Medical supply,N/A,,,DAGU Item:3272
51fec3d5-d88a-4415-8a1c-014d084a2b66,,,Simpson Obstetric Forceps 30cc ss,,Medical supply,N/A,,,DAGU Item:3371
f736b9d3-ef67-461e-9d81-7f03a5e0bc6e,,,Measuring Tape Flexable 1.5m Vinyl Coated Fibregl,,Medical supply,N/A,,,DAGU Item:3386
d9510a98-29f8-47dd-ac1c-fc861cb6b4e6,,,Zinc Oxide Plaster 7.5cm x 5,,Medical supply,N/A,,,DAGU Item:3387
4bd66547-f163-4aa9-a092-a48961c30a61,,,Pasteur Pipette Non Ggraduated,,Medical supply,N/A,,,DAGU Item:3393
a67c6491-fd99-4f61-a792-c400c762a0b9,,,Biohazard Bags Autoclave 38x48,,Medical supply,N/A,,,DAGU Item:3407
8818353f-3d9a-4b6f-b084-cc7a1a21a7bc,,,Insulin Syringe 0.3ml 100ul/ml i think its 0.1ml,,Medical supply,N/A,,,DAGU Item:3412
ec732ec7-0177-4568-9d66-b3d5668c772c,,,Auto Disposable Syringe 0.5ml with Fixed needle 23 G,,Medical supply,N/A,,,DAGU Item:3421
f429b62f-bad9-45fd-a2ff-305f224097fc,,,Torniquate,,Medical supply,N/A,,,DAGU Item:3433
67c2b248-4ee4-419a-9770-89ed4663e27b,,,Sputem Cup Stainless steel 60ml,,Medical supply,N/A,,,DAGU Item:3462
5a74f320-229c-457a-a139-b570a5cbcf86,,,Mop Scuizer,,Medical supply,N/A,,,DAGU Item:3478
9c97bc5f-b0d9-4472-a351-0a74da3129f3,,,Self Adhering Label Tape Yellow,,Medical supply,N/A,,,DAGU Item:3482
ff0fbe58-cb5a-4d24-bbd2-1cca8bc454b2,,,Plastic Bed Sheet,,Medical supply,N/A,,,DAGU Item:3559
0872c7e7-215e-40f2-a399-8a9e5020b4f2,,,"Insulin Syringe For single use, 0.1ml ,8mm/30G,U 100, Eng+4 Nordic languages",,Medical supply,N/A,,,DAGU Item:3671
a765bacd-cf20-4357-a972-76293b0baf06,,,"Insulin Syringe For single use, 0.3ml ,6mm/30G,U 100 Euro languages",,Medical supply,N/A,,,DAGU Item:3672
2293c950-fcfc-43f5-bd9f-267f08dc6c90,,,Superpath Preservative Fluid,,Medical supply,N/A,,,DAGU Item:3673
92acac75-2a68-4d85-a4f6-60819e0368d8,,,Cryogenic Vial 1.5ml (Nuc Tube),,Medical supply,N/A,,,DAGU Item:3687
20e8c630-924a-4071-82f4-742f87fa08d6,,,Absorbent Pad With Plastic Backing 17x24 Inch,,Medical supply,N/A,,,DAGU Item:3727
ffce8e57-dd73-49a6-8b0f-4d92b8e52919,,,Catheter Metal Femail 15.5cm Channel 12,,Medical supply,N/A,,,DAGU Item:3728
f21bfb36-b17b-4b69-a337-68d503df3d4b,,,Disposable Syringe 2ml Without Needle,,Medical supply,N/A,,,DAGU Item:3730
0572c45e-3dbe-4824-95e5-eab0a87dbcf3,,,Self Adhering Label Tape Red,,Medical supply,N/A,,,DAGU Item:3732
bfb1edf3-6582-49f3-94ff-0098512ae055,,,Self Adhering Label Tape blue,,Medical supply,N/A,,,DAGU Item:3733
16e2fa6d-9a21-4d0d-b7fc-296861940958,,,Microscope Slide 25x75mm,,Medical supply,N/A,,,DAGU Item:3794
2c725968-17fe-48a8-8ad1-dae4aae136e4,,,"BD Vacutainer Tubes PLK2 E 4ml,7.2mg plus",,Medical supply,N/A,,,DAGU Item:3803
b70a3627-8cbc-4781-aabb-f6975c14cbb0,,,Marker,,Medical supply,N/A,,,DAGU Item:3804
8c6fc266-b5a2-428a-8852-9b98ebe90663,,,Pipette Tips 200UL White,,Medical supply,N/A,,,DAGU Item:3871
b391f7d5-1249-4679-8a3e-625bfe636cbe,,,"Urine Collecting Bag 1500 ml, sterilized",,Medical supply,N/A,,,DAGU Item:3889
3442fa2c-3ab6-4829-a31f-1d17b1c16f82,,,Syringe(AD) 1ml,,Medical supply,N/A,,,DAGU Item:3891
78f91a78-4745-49d5-9557-1271ecfc0dc4,,,Combitip Plus 25ml,,Medical supply,N/A,,,DAGU Item:3895
a352411d-956b-40fc-9bec-ce764d0cdf69,,,Ear Syringe 65ml Rubber,,Medical supply,N/A,,,DAGU Item:3896
41980d60-71b9-47db-918c-5bbdfa3b98f4,,,Infectious Waste Container,,Medical supply,N/A,,,DAGU Item:3897
7b2b10a3-ba20-4084-9229-34e86961ba03,,,Dental Needle 27g long,,Medical supply,N/A,,,DAGU Item:3993
f5f6e9e6-65b0-4e62-b13b-fbf91ec7d9e5,,,Stool Specimen Container Disposable of Polypropylene with Cover,,Medical supply,N/A,,,DAGU Item:4263
fe3d9f36-bc26-48b8-af25-e732e85608d2,,,Face Shield Guardall,,Medical supply,N/A,,,DAGU Item:4282
ad674488-0ff1-41f9-9c8e-e66cc34dd45e,,,BD Vacutainer Needle Safe Lock 23G,,Medical supply,N/A,,,DAGU Item:4320
d32b7fb9-2ce9-4463-ac13-47013fc3823f,,,Gauze Bandage 8cm x 5cm,,Medical supply,N/A,,,DAGU Item:4340
f869c213-a748-4da0-a74c-148aecfcee12,,,Gauze Bandage 10cm x 300cm,,Medical supply,N/A,,,DAGU Item:4347
e3222241-5950-4092-9aba-277cfe4b67c4,,,Hypoallergenes Klebevies 15cmx10m,,Medical supply,N/A,,,DAGU Item:4351
64563583-2b89-4b7b-bd32-2366df404913,,,MC3 A ECG SCOPE,,Medical supply,N/A,,,DAGU Item:4366
28588bd4-45f8-482b-a5cf-7b14491fb97a,,,MC3 ECG SCOPE,,Medical supply,N/A,,,DAGU Item:4368
332286a0-e852-4cfa-ac50-033ded346364,,,New Emergency Health Kit Supply 2 Equipment,,Medical supply,N/A,,,DAGU Item:4379
d462cc34-658e-4818-8025-502a7ea21956,,,Pipette,,Medical supply,N/A,,,DAGU Item:4412
4bbfef75-754a-41ce-a9fd-105534803813,,,Vacume Jar,,Medical supply,N/A,,,DAGU Item:4418
ef898cd2-47ce-4ed5-b5ce-48449aec7f2c,,,Adhesive Plaster Zinc Oxide 5cmx5cm,,Medical supply,N/A,,,DAGU Item:4424
416d2143-24cb-4b3c-b327-2e88e15da931,,,Cotton Absorbant 500gm of 20 rolls,,Medical supply,N/A,,,DAGU Item:4426
8d576893-cf90-4e59-8e60-92e5d0bcaede,,,"Gauze Pad,12ply",,Medical supply,N/A,,,DAGU Item:4438
c46c05d8-7b08-42f5-a126-77de5a8d8914,,,Demo Implants,,Medical supply,N/A,,,DAGU Item:4442
5f6353dd-2b17-4085-a839-6e9a6b662296,,,Umblical Cord Tie 3mmx50 Metter,,Medical supply,N/A,,,DAGU Item:4471
77296556-0a41-472f-ac84-7aac968f54fc,,,Metal looks like syringe,,Medical supply,N/A,,,DAGU Item:4477
d015a815-8b0c-4454-bf62-b5361692d7f1,,,Over All,,Medical supply,N/A,,,DAGU Item:4478
a19917ff-8337-4d3c-ac0f-61301ae650ca,,,Safety Goggles,,Medical supply,N/A,,,DAGU Item:4482
f9c27f03-a072-46d9-b80c-836e8b2d6776,,,Helmet,,Medical supply,N/A,,,DAGU Item:4485
acefbce6-e2cd-474a-84db-95a849337ec6,,,Glove,,Medical supply,N/A,,,DAGU Item:4486
79556fdb-7563-4325-89c5-9d6dbe1149fd,,,Chemical Mask Double filter,,Medical supply,N/A,,,DAGU Item:4490
0e321773-7285-4daa-81df-d30c21524137,,,Jar for pick up forceps,,Medical supply,N/A,,,DAGU Item:4509
c6882aff-2bd7-4dc3-8a67-0354cc773b9e,,,Rectal Catheter No.16,,Medical supply,N/A,,,DAGU Item:4527
22934ca3-9c7a-49ec-955b-8b928d0c7e12,,,Drugs And Medical Supplies for health post ( eight different items ),,Medical supply,N/A,,,DAGU Item:4591
961ee441-07b3-46bc-914c-4ca729a5d2cc,,,Gauze Bandage 4m long,,Medical supply,N/A,,,DAGU Item:4601
6c1e1cd1-6313-498d-8823-b66b01be03e9,,,Catheter Metal for female 14cm,,Medical supply,N/A,,,DAGU Item:4611
d5819c0f-4e9a-4951-bc40-0ba3e7fc6237,,,IV Sets For Blood Bag,,Medical supply,N/A,,,DAGU Item:4639
c0dc3b15-6d6c-4ce9-b51a-26064e84c424,,,Oral Cleap 1ml,,Medical supply,N/A,,,DAGU Item:4649
5458ad4a-3bbc-4844-8df2-b350e9e2bf33,,,Gauze Surgical 90cmx100 yds,,Medical supply,N/A,,,DAGU Item:4672
d9ba383b-8a63-442a-81f6-e656b692984b,,,BD Syringe 5ml with needle 21G,,Medical supply,N/A,,,DAGU Item:4682
68806ae1-1044-4541-9684-2f87185d704f,,,Blood Transfusion Set,,Medical supply,N/A,,,DAGU Item:4710
2829c636-fd4d-4521-8796-f9c0f2e83cae,,,Face Mask Pediatric,,Medical supply,N/A,,,DAGU Item:4722
dd9b0567-5af5-484f-aacd-03573395b4c3,,,Pipette Adjustable 1 100ml,,Medical supply,N/A,,,DAGU Item:5040
314a6906-579c-4818-a162-fe2abe9893d3,,,Absorbent Pad with plastic backing 17x19 inch white green diapers 300piecs VWR international LLC,,Medical supply,N/A,,,DAGU Item:5122
1dd77340-7eaf-4bc8-b676-b60ac0e2a67b,,,Auto Disposable Syringe 0.05ml with Needle,,Medical supply,N/A,,,DAGU Item:5126
933eb93c-6d61-4941-a181-a21954ada270,,,Disposable Insulin Syringe 30G and 8 mm fixed needle,,Medical supply,N/A,,,DAGU Item:5140
4c3260ca-73d6-47e5-9505-2a4ec7d5f859,,,Plastic Sheet Drawer 1x1 Meter,,Medical supply,N/A,,,DAGU Item:5144
f661a4b8-3cfb-4dec-b439-f6578fa16598,,,Naso Gastric Tube Pediatric size 5,,Medical supply,N/A,,,DAGU Item:5166
bb4838a0-f990-4c63-aa11-e4b25275a59b,,,Suction Tube Disposable,,Medical supply,N/A,,,DAGU Item:5181
ec2c8312-130c-423d-ae75-6ab22fd56186,,,Suction Catheter transparent with funnel silconized infant size (Sterile) for single use,,Medical supply,N/A,,,DAGU Item:5183
2eceeb81-fc6e-4a10-8ea5-2fe77d6cd264,,,Soap 200 230gm,,Medical supply,N/A,,,DAGU Item:5200
c400f646-6586-440e-abae-b69eaef476c5,,,"Steel Wire, Softdia 0.2mm 10m",,Medical supply,N/A,,,DAGU Item:5206
27e8b26b-ecea-4dba-9a63-11a788a67229,,,"Steel Wire, Softdia 0.3mm 10m,",,Medical supply,N/A,,,DAGU Item:5210
2991e09f-e853-4796-a5c0-ffc19209244c,,,VWR Sterile Aerosol Pipete tip 1 1000UL of 576,,Medical supply,N/A,,,DAGU Item:5265
67dcb33a-489b-4e00-a2d7-e4deb975e6fb,,,VWR Sterile Aerosol Pipete tip 1 200UL of 960,,Medical supply,N/A,,,DAGU Item:5266
80a6d850-63d2-47a5-beb5-2eab02f57bba,,,"Sulture nonabs,DEC3,need 3/8 30mm trl/box36",,Medical supply,N/A,,,DAGU Item:5286
da02f4fe-4880-4285-b4c7-9f61b4acc6d8,,,"Flow Splitters Four way 2 LPM capacity ub 1/8 LPM increments, 90189099",,Medical supply,N/A,,,DAGU Item:5325
453ce232-e931-4da2-81f1-98533432ef6a,,,Nasal Prongs,,Medical supply,N/A,,,DAGU Item:5326
63646abb-fad4-469f-93a3-095f4441fdd6,,,Nasal Prongs Oxygen Child,,Medical supply,N/A,,,DAGU Item:5379
9989b344-ebc0-4ca6-ba6d-78be2895f7f1,,,Vacume Tube 10ml,,Medical supply,N/A,,,DAGU Item:5402
e04d20f5-fa01-44c3-bc17-18106df38426,,,Vacume Tube 8ml,,Medical supply,N/A,,,DAGU Item:5403
023d286a-b866-4a4e-9236-810d38dc393b,,,"Gauze Swab 10cmx 10cm , 8 plysx10pc/bag sterial",,Medical supply,N/A,,,DAGU Item:5458
d700ae56-18a0-44a1-ac57-9c4c89890fc7,,,BIttke HDPE Square Jug 4L 4Pcs,,Medical supply,N/A,,,DAGU Item:5531
bd243135-6506-45b2-8ee1-f8a37338ef40,,,Hemocytometer Improved Neubauer,,Medical supply,N/A,,,DAGU Item:5537
40daf39f-7974-41d3-9404-17499bc297b7,,,Aluminum Foil,,Medical supply,N/A,,,DAGU Item:5546
7eebe710-2657-4d70-a716-bb54c2abff71,,,"Microtube 1.5ml sterile screw cap with O RING, PP.",,Medical supply,N/A,,,DAGU Item:5568
2a223f8f-0dba-4862-b763-26cf5812861d,,,Apron Plastics Standard Size,,Medical supply,N/A,,,DAGU Item:5604
f80b6bbb-598e-4196-9c37-72d1664016ed,,,Doppler Foetal Scope KDM 100,,Medical supply,N/A,,,DAGU Item:5611
b69fbf1b-0119-43bf-aa6f-1b85b07f20df,,,Length Board,,Medical supply,N/A,,,DAGU Item:5670
5a83dd3a-797d-4c7e-8359-fc6e370ee226,,,PIMA Bead Standard,,Medical supply,N/A,,,DAGU Item:5675
2f300912-475c-4142-94a5-696c8b234249,,,Pima Analyser,,Medical supply,N/A,,,DAGU Item:5701
f63da082-a311-4a1b-a793-bc056e392956,,,"Urine Catheter Female ,16cm, Stainless steel",,Medical supply,N/A,,,DAGU Item:5781
94902163-a297-40a7-89d7-cdb3cf9d5317,,,Metal Syring (Recording Glass Syringe),,Medical supply,N/A,,,DAGU Item:5799
f4e9df9e-9082-483b-b778-ce71a3e456bf,,,Metal Catheter,,Medical supply,N/A,,,DAGU Item:5800
bd1a2bd0-4c82-4efb-8a92-deffc9eb55ee,,,Dental Needle,,Medical supply,N/A,,,DAGU Item:5806
0c731761-6d40-4786-bfcc-66adcf85b813,,,Auto Disposable Syringe 0.5ml blister packed 23G,,Medical supply,N/A,,,DAGU Item:5807
de66e685-252d-42a2-84ad-22faffe9db48,,,Screw Driver With Screw Holding Sleeve 2.5mm,,Medical supply,N/A,,,DAGU Item:5816
11544b22-7e59-4cd6-9286-ad5dea3dcd1b,,,Cohen Universal Extracting Forceps American Pat.,,Medical supply,N/A,,,DAGU Item:5817
4ac714b8-ccea-4bef-a852-9548b3c2d641,,,Seldin Root Elevator Fig 1L,,Medical supply,N/A,,,DAGU Item:5821
acb22185-d8d2-4379-8f72-7964e6b44373,,,Sanitary Towel with sticker,,Medical supply,N/A,,,DAGU Item:5823
321b34b6-a42b-48e7-ac15-8ca12556e2de,,,Adhesive Sticky Mat 25.5X45 40 Sheet,,Medical supply,N/A,,,DAGU Item:5846
b1dfb6a2-c366-4fd3-800d-b6add96f2ae3,,,"Disposable Syringe (Sterile) 3 Parts, 50ml Luer fitting with 21G 1 & 1/2 Needle",,Medical supply,N/A,,,DAGU Item:5917
89fe3bad-69f6-4b15-8690-c201cca7bcdc,,,"Disposable Syringe (Sterile) 3 Parts, 10ml Luer fitting with 21G 1& 1/2 Needle",,Medical supply,N/A,,,DAGU Item:5918
384cd145-ce00-4300-99b5-8e7250df90af,,,Pipette Different Size,,Medical supply,N/A,,,DAGU Item:5950
37c3ebd6-650f-4aa8-b618-6e449ca596ae,,,Combitip Plus 28ml,,Medical supply,N/A,,,DAGU Item:5973
1d39dc9a-c433-44fd-94b5-bb0441d92c5e,,,Combitip Plus 10ml,,Medical supply,N/A,,,DAGU Item:5974
b2f6638c-64b5-4359-ac74-61992bf791c9,,,Combitip Plus Adapter 28ml,,Medical supply,N/A,,,DAGU Item:5977
3237a5d4-6738-42b4-91ee-d8f1f63b4526,,,Gauze Bandage 10cm x 4m,,Medical supply,N/A,,,DAGU Item:5978
d19990fb-88a6-4568-8558-c57226540f51,,,Aladin Brass Flue 23E60,,Medical supply,N/A,,,DAGU Item:5993
3a27a94c-1803-40c0-a37c-d34a0756d825,,,Centrifuge Tube 5ml,,Medical supply,N/A,,,DAGU Item:5996
4525df9f-e22c-4316-a8de-f69d00335d9e,,,Microscope Lamp,,Medical supply,N/A,,,DAGU Item:6053
fa64ce4f-1044-43fe-b291-29399ec618d6,,,Spatula wooden,,Medical supply,N/A,,,DAGU Item:6056
b6a32033-619f-4ec9-8d21-b0a55acadb21,,,Infusomat space,,Medical supply,N/A,,,DAGU Item:6068
0fe08171-8e2e-4999-b665-29ef00c6c1e1,,,Empty kit bag,,Medical supply,N/A,,,DAGU Item:6091
472dc11d-1433-442d-b558-f96e85eaf379,,,Tray dressing kidney dish small 20cm,,Medical supply,N/A,,,DAGU Item:6096
b6cb589e-5030-4b3b-b0b8-26d77d4d9ad6,,,Tag For Refrigerator,,Medical supply,N/A,,,DAGU Item:6166
9973542a-77a8-48eb-8db8-1765612b71be,,,Face Mask,,Medical supply,N/A,,,DAGU Item:6172
47a714f0-eb67-4cf2-b56f-edb46fcf5cde,,,Labsoaker STD 18INX20IN MA,,Medical supply,N/A,,,DAGU Item:6206
ea9d1611-a59f-4503-8975-9811f032c52c,,,Filter Paper Qualitative Whatman type grade 1 diameter 90mm,,Medical supply,N/A,,,DAGU Item:6213
7f70beff-db95-416b-a66a-1167a98bcc73,,,Eye Goggle plastic,,Medical supply,N/A,,,DAGU Item:6222
44e9a3ec-6ee6-4c96-97f3-80ddf9b752ac,,,Starting Device 1/4HP,,Medical supply,N/A,,,DAGU Item:6233
29bbf8a8-985d-4474-b4dc-eebdb788fa98,,,Starting Device 1/4 Vestfrost MK304,,Medical supply,N/A,,,DAGU Item:6234
ac16a480-f2fa-4977-b257-16465d2c661e,,,Starting Device 1/3HP,,Medical supply,N/A,,,DAGU Item:6236
cb4a3e78-2590-4d30-9752-fe1e825ba4ae,,,Storage Bag For Specimen,,Medical supply,N/A,,,DAGU Item:6285
f3fe2f1b-ea0f-469c-a479-fd7acaf545aa,,,ESR pipete,,Medical supply,N/A,,,DAGU Item:6326
6b64a29e-314b-47ea-92d2-64f9dd42c492,,,Disposable Syringe 3ml with Needle,,Medical supply,N/A,,,DAGU Item:6346
4b24bcfb-5ae6-4cd5-9402-f25026b63f25,,,Auto Disposable Syringe 0.5ml,,Medical supply,N/A,,,DAGU Item:6350
d72eae15-2f4b-456b-a274-a203da59b44b,,,Starting Device 117U6015,,Medical supply,N/A,,,DAGU Item:6376
7d2568f4-3bc4-416e-a3d2-6cf986668bc0,,,Fan Jamican KF 1225B1MR R,,Medical supply,N/A,,,DAGU Item:6380
c56f6e84-986d-476a-9d8d-653562a4e569,,,Microscope Slide frosted ended,,Medical supply,N/A,,,DAGU Item:50247
29129a86-9ef7-4bc1-b015-306a3940b10e,,,PIMA printer paper I,,Medical supply,N/A,,,DAGU Item:50363
f6d122ff-87fa-4bba-a0aa-3dd9011ef105,,,pill cutter with pill grip,,Medical supply,N/A,,,DAGU Item:50506
3b4bb620-fdf6-44b4-9e97-8494042cd446,,,Palpation moduel for Leopolds,,Medical supply,N/A,,,DAGU Item:50509
fedf06bd-1af7-4b26-86ae-b6d73cb90b60,,,Spinal injection simulator,,Medical supply,N/A,,,DAGU Item:50510
b58e8dca-5996-4f73-a672-03529857e92e,,,"coverall,w/hood,type 4,tight clothing,large(176 182cm)",,Medical supply,N/A,,,DAGU Item:50994
39acb24c-ce9b-4205-87c2-c74f7d7502d2,,,"coverall,w/hood,type 4,tight clothing,x large(182 188cm)",,Medical supply,N/A,,,DAGU Item:50995
bb25e40b-e3c5-47be-95e6-8b762749fd92,,,"coverall,w/hood,type 4,tight clothing,mediuml(170 176cm)",,Medical supply,N/A,,,DAGU Item:50997
589847cb-3117-4438-8f14-87845d3cc289,,,"coverall,w/hood,type 4,tight clothing,small(164 170cm)",,Medical supply,N/A,,,DAGU Item:50998
b6e672a8-3df8-4047-aa42-b0984f2e886a,,,NTC Thermister Temperature Probes 15m,,Medical supply,N/A,,,DAGU Item:51026
fec8f9fa-8d43-4c1e-b2ae-748b73d9b5cb,,,Bandage Triangular 96x96x136cm,,Medical supply,N/A,,,DAGU Item:51087
f849294e-6e96-4c14-a333-2ce7ae57061b,,,Glass Volumetric Transfer Pipette Capacity 10ml,,Medical supply,N/A,,,DAGU Item:51381
203a60d5-36cf-4bc4-9e53-269e5697ac49,,,"Conical Centrifuge Tubes Sterile,disposable,15ml",,Medical supply,N/A,,,DAGU Item:51558
0e660915-9109-488e-a11e-ea65074867e1,,,Endotracheal Tube Uncuffed,,Medical supply,N/A,,,DAGU Item:51579
4df72613-f876-4e53-ac84-51c933a92ae8,,,Slides of Microbiologicaly Prepared of Different Size,,Medical supply,N/A,,,DAGU Item:51603
ad53c129-7698-4674-9773-eed0f4ebe156,,,Specific Gravity Measuring Device Manual,,Medical supply,N/A,,,DAGU Item:51604
cf38a73a-7647-4e4c-9380-c1aa8bd812f0,,,Naso Gastric Tube Adult,,Medical supply,N/A,,,DAGU Item:51616
225e8410-857d-41a1-a112-87e0405f4064,,,Naso Gastric Tube Pediatrics,,Medical supply,N/A,,,DAGU Item:51618
e68788b4-1d75-46f7-b402-2f6776e2e4de,,,Manual sucker,,Medical supply,N/A,,,DAGU Item:64482
8593ee25-6b66-4e6b-9a6b-04aedd3bdc40,,,Micropipette tips 100 1000 microliter,,Medical supply,N/A,,,DAGU Item:51645
af9d32f1-d462-40f8-98c7-c10a4a3404d5,,,Female Pelvic Examination Training Model,,Medical supply,N/A,,,DAGU Item:51653
874b5777-e52a-47fc-aa14-2086ae81e6bf,,,Adult Manikin Male,,Medical supply,N/A,,,DAGU Item:51662
478db7e6-46b7-4e08-86c1-1b905776c75d,,,Adult Manikin Female,,Medical supply,N/A,,,DAGU Item:51664
3bcd5149-bc28-4dc4-a660-18629ed379d6,,,Simulation Model Lumbar Puncture,,Medical supply,N/A,,,DAGU Item:51673
a2ac754d-d1dd-4b00-aca9-dca7a32bf733,,,Membrane box (4 unit) D711 for ABL7XX/8XX,,Medical supply,N/A,,,DAGU Item:51803
38363362-a3f5-4efc-9e62-f4627657353c,,,Membrane box (4 Units) D722 K For ABL7XX/8XX,,Medical supply,N/A,,,DAGU Item:51804
754c8bcc-e450-42ee-8b2d-35f07e607aa5,,,Membrane box (4 Units) D733 Ca For ABL7XX/8xx,,Medical supply,N/A,,,DAGU Item:51806
d8ee8f85-3148-4e2d-a7c7-3d09685767be,,,Membrane box (4 unit) D788 PCO2 for ABL7xx/8xx,,Medical supply,N/A,,,DAGU Item:51807
7842cad7-caac-4f5e-9554-046143a2d60e,,,Membrane box (4 Units) D7077 Lac For ABL7XX/8XX,,Medical supply,N/A,,,DAGU Item:51809
7634dc8f-36a7-4bb9-b6ad-9ca019ef2289,,,Membrane box (4unit) D799 PO2 for ABL7XX/8XX,,Medical supply,N/A,,,DAGU Item:51813
f9f0d7a9-f4bb-4993-98a1-8a43dae4b22b,,,Autocheck 5+ level 2 yellow box of 30 ampoules. for AB7XX/8XX S7745,,Medical supply,N/A,,,DAGU Item:51826
dca9d96d-b595-4bb1-ac8b-6e6a4f3002f1,,,Autocheck 5+ level 4 Green box of 30 ampoules S7765,,Medical supply,N/A,,,DAGU Item:51828
fb692c3b-a841-4ece-9da8-9b2c3a0c7c46,,,Membrane box (4unit) D744 Cl for ABL7XX/8XX,,Medical supply,N/A,,,DAGU Item:51834
f418960d-74e5-4a95-af4a-d6dfd26613d9,,,Contour Comparator Disc Nitrite 0 0.4mg/l N,,Medical supply,N/A,,,DAGU Item:51846
31474ec5-efbd-435d-b978-36a48a68fd3f,,,Contour Comparator Disc Ammonia 0 0.1mg/l N,,Medical supply,N/A,,,DAGU Item:51847
f89aaebc-6ff5-43bb-9e11-fa07991c715f,,,Contour Comparator Disc Nitrite 0 15mg/l N,,Medical supply,N/A,,,DAGU Item:51848
dd123047-e7e6-4ae3-8390-99ed77aa140c,,,Contour Comparator Disc Fluoride 0 1.5mg/l F,,Medical supply,N/A,,,DAGU Item:51851
df2bff1a-3a4e-47e9-9ee7-f426fe82c95f,,,Membrane box (4 unit) D755 Na for ABL7XX/8XX,,Medical supply,N/A,,,DAGU Item:51870
ce2ee5a2-7630-4b00-a7d3-ccac7d3950c6,,,Custodiol Bags E6*1000ml,,Medical supply,N/A,,,DAGU Item:51884
d51d218f-257b-436b-8c0f-2bf9a4bf6dad,,,ENDOPATH dextrus seal cap Assembly with Accessorie,,Medical supply,N/A,,,DAGU Item:51921
a6e6cabc-38c6-419c-9d44-74e9233599d1,,,Pipette 10ml,,Medical supply,N/A,,,DAGU Item:52249
08c215df-b4d1-41ed-9076-c81b990e773c,,,"Umblical catheter,",,Medical supply,N/A,,,DAGU Item:52362
949e7928-780f-489e-992e-c970a8beb0d6,,,Endotracheal Tube Adult and pediatric of 100,,Medical supply,N/A,,,DAGU Item:52586
d2af53a0-b033-440b-a95b-13edf793d2fb,,,"Book,Malnutriton Screen regist.english",,Medical supply,N/A,,,DAGU Item:52704
52631fcf-be66-4a11-a125-8ed912082720,,,"TFP Multi chart,A3",,Medical supply,N/A,,,DAGU Item:52737
17698977-5802-46a7-8946-0a0c122dfe17,,,Ice Blocks,,Medical supply,N/A,,,DAGU Item:52814
01bce89f-3e3a-4642-ba2a-ff6420c90752,,,Flex cable,,Medical supply,N/A,,,DAGU Item:52815
274a97e0-fdfa-4549-9a4f-3ef143e69c08,,,OTP Record card English,,Medical supply,N/A,,,DAGU Item:52829
6a3af5b8-50ae-4848-9c46-7f7d2391f0ef,,,Insertion accessory Kit for Implanon,,Medical supply,N/A,,,DAGU Item:52986
2fab5178-a9ee-49e0-97fc-e5b01aeee865,,,Gauze Surgical 90cmx100m mesh size 19x15,,Medical supply,N/A,,,DAGU Item:53074
85cf0aee-b1cc-4b45-b962-49d55c02ddbc,,,Adult hose,,Medical supply,N/A,,,DAGU Item:53203
f578d0dc-239e-41cf-9307-9b69448618c1,,,Diasaf Plus Filter,,Medical supply,N/A,,,DAGU Item:53221
67aefe15-ad39-4f9b-bff1-d4d99c549b4b,,,Starting Device 117U6000,,Medical supply,N/A,,,DAGU Item:53312
c53edd0c-9062-496b-914b-79729bff066d,,,Starting Device 103N0021 (PTC),,Medical supply,N/A,,,DAGU Item:53317
d9407b7e-5e0b-4246-98ff-8dee33306da9,,,Sling For Use 100% cotton,,Medical supply,N/A,,,DAGU Item:53338
6ae71c35-797c-4bec-84c5-027ee8bb71fd,,,Insertion/removal accessories for implanol For 25 insertion/removal procedures,,Medical supply,N/A,,,DAGU Item:53395
d54d3072-6ba9-42cc-921c-1aee1cdef55b,,,Sterile polyester fiber tipped applicators swabs in paper,,Medical supply,N/A,,,DAGU Item:53472
6aa525af-74e1-412b-a3b6-f04eda633f78,,,Compressor MTZ28 JC4A VE/R404a,,Medical supply,N/A,,,DAGU Item:53479
399d2e0c-2686-454f-9e2c-6a4cf6f1df66,,,Fan Evaporator HBN 150 (18W),,Medical supply,N/A,,,DAGU Item:53482
7750defc-3d74-4ce2-a2e8-27eee430e49a,,,Mid Upper Arm Circumference(MUAC) measuring tape Adult,,Medical supply,N/A,,,DAGU Item:53798
5561fca2-394d-4d8d-beda-6a142c23138a,,,"Weighing trousers for use with spring scales.one size,pack of 5 pieces in carry bag",,Medical supply,N/A,,,DAGU Item:53800
54157ee6-27eb-4f99-a457-057c5ca19d2c,,,Autoclave indicater tape 19mmx50m,,Medical supply,N/A,,,DAGU Item:53804
c03b95aa-9752-485b-94d6-e07c912fa4ad,,,Cat Gut Chromic gauge 3.0 (3/0) 75cm on 25mm 1/2 circle round bodied needle,,Medical supply,N/A,,,DAGU Item:53945
bb7213a0-2e77-42e5-9487-fabca70520c9,,,Polyglycolic acid absorbable braided violet gauge 0.7 (6/0) 30cm on 12mm 1/2 circle cutting taper needle,,Medical supply,N/A,,,DAGU Item:53951
c0979ec2-fdd5-4b2b-8bf6-5c28d4d79c35,,,Syringe 1ml,,Medical supply,N/A,,,DAGU Item:53960
479f1214-3327-459e-9f5d-5b8a50e925f8,,,Polyglycolic acid absorbable braided violet gauge 1.5 (4/0) 75cm on 15mm 1/2 circle reverse cutting taper needle,,Medical supply,N/A,,,DAGU Item:53964
c6f37f51-fd5c-4c9e-a694-9dca018d71c5,,,Low Nitrogen Weighing Paper,,Medical supply,N/A,,,DAGU Item:54126
30375aba-ba06-444b-ab0f-bf370965a246,,,"Battery 6v 4PVV280 Sealed gel non hazardous C100h=279Ah, C10h=224Ah",,Medical supply,N/A,,,DAGU Item:54128
8434411c-feb8-4086-8ed5-d0b0e62f0dcc,,,Insertion Accessories Kit for Implanol 64 Insertion/removal Procedure,,Medical supply,N/A,,,DAGU Item:54149
57b9dc5f-c056-4f4a-863e-ab35b1703172,,,Stove Kerosine,,Medical supply,N/A,,,DAGU Item:54164
9905cc56-0cfd-4806-8fa3-f201aca66b91,,,"Switch Low Pressure, HBN 150",,Medical supply,N/A,,,DAGU Item:54165
1f9d32ff-6135-43dc-b053-5ddc50d39f05,,,Spring Spacer,,Medical supply,N/A,,,DAGU Item:54169
baa15160-177f-4602-85c2-e5d858e7eefb,,,Cannula Intravenous Set 18G,,Medical supply,N/A,,,DAGU Item:54170
a767ce56-9270-4183-8f2a-f3ce1be5849e,,,Cannula Intravenous Set 22G,,Medical supply,N/A,,,DAGU Item:54172
edc45bee-e7f1-4609-b342-ac0b423a50e9,,,"Conical Flask Erlenmeger Borosilicate Glass 3.3, with Printed Graduation 200ml",,Medical supply,N/A,,,DAGU Item:54173
8dcde922-00ad-4c17-badb-9f8526a95479,,,Scalp Vein Winged Infusion Set 21G,,Medical supply,N/A,,,DAGU Item:54174
a252c60c-04f9-4e45-a2b8-62cd5f509c56,,,Syringe (Disposable) 2ml with needle 21G,,Medical supply,N/A,,,DAGU Item:54175
e72ff260-034e-4a53-8c4a-f86223624721,,,Glove Examination Latex Non Powdered large,,Medical supply,N/A,,,DAGU Item:54181
73b64fc6-d9dc-403d-b552-ab3d14b38b5f,,,Glove Heavy Duty Latex (Disposable) large,,Medical supply,N/A,,,DAGU Item:54182
a9fc8a32-96ef-4914-bda6-1e3d7cfc50bc,,,"Conical Flask Erlenmeger Borosilicate Glass 3.3, with Printed Graduation 150ml",,Medical supply,N/A,,,DAGU Item:54187
0a7e064d-ebb1-40a2-83d4-2c2afb225274,,,Syringe Insulin (Disposable) 1ml on 8mm with Fixed Needle 30G,,Medical supply,N/A,,,DAGU Item:54188
3eb6b029-024e-40f0-84de-74074571a74b,,,Colostomy Bag Adhesive Regulator Closed 25cmx14cm 30mm Opening,,Medical supply,N/A,,,DAGU Item:54191
714a8e97-e6b2-48e7-8675-4d235d31aa2e,,,Syringe (Disposable) 2ml with Needle 22G,,Medical supply,N/A,,,DAGU Item:54192
2a6228ba-1dda-49ca-8d1d-dd8c1d4bab40,,,Boots 38 Size,,Medical supply,N/A,,,DAGU Item:54194
b4e08533-2734-4619-9b49-731117b0a0b1,,,Gauze Bandage 5cmx5m,,Medical supply,N/A,,,DAGU Item:54197
db8ff518-9ce6-4c69-bf1f-c70cb76ba7eb,,,Door Curtain PVC TKA 900X2000cm,,Medical supply,N/A,,,DAGU Item:54199
8e1bab08-e22a-4afb-b948-c21c72b071ef,,,Polyamide Monofilament Gauge 0.2(10/0) 38cm in 64mm spatula Double Armed Needle,,Medical supply,N/A,,,DAGU Item:54200
6fc4f0b9-42e4-4c1a-a407-3ca7a9c55714,,,Mersilk Braided Black Gauge 2.0(3/0) 75cm on 35mm 1/2 Circle Round Bodied Needle,,Medical supply,N/A,,,DAGU Item:54202
e5c10211-4a86-4d4c-b699-5d63f7ac5a84,,,Cat Gut Chromic Gauge 3.0(3/0) 75cm on 20mm 1/2 Circle Round Bodied Needle,,Medical supply,N/A,,,DAGU Item:54203
521103ac-85d5-47e3-aec3-d8e5d014ac4d,,,Polyamide Monofilament Gauge 3.5(2/0) 75cm on 27mm 1/2 circle round bodied Spatula double Armed Needle,,Medical supply,N/A,,,DAGU Item:54204
2d445291-954c-4175-9cc8-ecd2598b4a26,,,Mersilk Braided Black Gauge 4.0(1) 40cm on 40mm 1/2 Circle Round Bodied Needle,,Medical supply,N/A,,,DAGU Item:54205
a6ded799-39e2-40a9-b479-7c9df0e4a9fa,,,Surgical Scalpel Blade No.20,,Medical supply,N/A,,,DAGU Item:54206
8a8e469b-157f-45be-a789-4afd398bc77b,,,Implanon Arm Models + Extra Skin,,Medical supply,N/A,,,DAGU Item:54275
1df3f570-fa12-49cd-a700-7eb6155c25a7,,,"Resuscitation Set used for Neonatal, Pediatric & Adult Providing 02 Inhalation",,Medical supply,N/A,,,DAGU Item:54287
e37c3e0a-83b6-4660-a1fc-ebf9792063bd,,,Syringe(AD) 0.5ml,,Medical supply,N/A,,,DAGU Item:54289
44c491d0-ff90-4a65-b60b-697068d71f3b,,,Cannula Intravenous Set 24G,,Medical supply,N/A,,,DAGU Item:54290
adaf56c8-b62f-4c48-b9bf-f73cbe7933b6,,,Umbrella Medium,,Medical supply,N/A,,,DAGU Item:54295
5b791a5f-4cce-4cae-b826-11f1c54d0e55,,,Syringe(AD) 1ml with Needle 23G,,Medical supply,N/A,,,DAGU Item:54300
ad905339-f195-4d75-b794-901b605af261,,,Catheter Foley Silconized Latex Two Ways 30 50ml Balloon 20CH,,Medical supply,N/A,,,DAGU Item:54302
b06384e3-376c-4ae9-87d4-9160096fea6d,,,Catheter Foley Silconized Latex Three Ways 30 50ml Balloon 22CH,,Medical supply,N/A,,,DAGU Item:54303
58af75d8-efe3-49b4-b9cf-f5c2826ac572,,,Catheter Foley Silconized Latex Two Ways 3 5ml Balloon 8CH,,Medical supply,N/A,,,DAGU Item:54305
70c4f432-d3eb-478a-8bec-25838215e7fc,,,Endotracheal Tube 4CH,,Medical supply,N/A,,,DAGU Item:54306
6b703044-cbdf-4882-a671-8aa9d373b1d6,,,Catheter Foley Silconized Latex Two Ways 5 15ml Balloon 12CH,,Medical supply,N/A,,,DAGU Item:54308
040e3092-f12b-4039-b010-4dda12bbc657,,,Catheter Foley Silconized Latex Three Ways 5 15ml Balloon 14CH,,Medical supply,N/A,,,DAGU Item:54309
4984ac5a-03c5-4cb3-86d4-6fb609d68fab,,,Endotracheal Tube 7CH,,Medical supply,N/A,,,DAGU Item:54310
052dd2ae-e167-4be2-8d23-433a469fa92f,,,Polyglycolic acid absorbable braided violet Gauge 1.5(4/0) 75cm on 15mm 1/2 Circle Reverse cutting needle,,Medical supply,N/A,,,DAGU Item:54312
513b38ae-ebc0-4723-8efb-8f1a562e06eb,,,Mersilk Braided Black Gauge 2.0(3/0) 75cm on 18mm 1/2 Circle Round Bodied Needle,,Medical supply,N/A,,,DAGU Item:54313
f8571951-28d7-4040-8ad6-469fc17cf493,,,Mersilk Braided Black Gauge 2.0(3/0) 75cm on 20mm 1/2 Circle Round Bodied Needle,,Medical supply,N/A,,,DAGU Item:54314
d15b9a9e-8205-4486-bc67-01619e7922b1,,,Polyglycolic acid absorbable braided violet Gauge 3.0(2/0) 75cm on 27 mm 3/8 circle reverse cutting Needle,,Medical supply,N/A,,,DAGU Item:54315
fb6803fa-c5a5-428f-a763-7e9bc36df4e7,,,Polyglycolic acid absorbable braided violet Gauge 3.0(2/0) 75cm on 27mm 3/8 Circle Reverse Cutting Needle,,Medical supply,N/A,,,DAGU Item:54316
2604df06-61c0-4a3b-a2b1-725cbc7e73b7,,,Poly Diaxone Monofilament Violet Gauge 3.5(0) 70cm on 40mm 1/2 circle round bodied taper needle,,Medical supply,N/A,,,DAGU Item:54317
c5064540-d9ab-43df-938f-ec5397fc8945,,,Polyglycolic acid absorbable braided violet Gauge 4.0(1) 75cm on 45mm 1/2 Circle revers cutting Needle,,Medical supply,N/A,,,DAGU Item:54319
b02280d8-3b23-4d8d-a26b-12973985be36,,,Cat Gut Chromic Gauge 5.0(1) 75cm on 40mm 1/2 Circle Round Bodied Needle,,Medical supply,N/A,,,DAGU Item:54321
eb364128-7642-479c-a64d-687fdbdadddd,,,Plastic Mop,,Medical supply,N/A,,,DAGU Item:54364
5e7f06cb-e8af-4947-993d-b28e03f72824,,,Prescription Pads (Psychotropic),,Medical supply,N/A,,,DAGU Item:54406
9fdae863-9d9f-4f7d-8e53-3233b334e226,,,True RMS Voltage Sensor/ Transmitter for 3 Phase Line,,Medical supply,N/A,,,DAGU Item:54413
c4834c2d-b45d-477a-a458-c9b58d146f18,,,PCB board,,Medical supply,N/A,,,DAGU Item:54414
5137ea49-e5ed-43a8-8821-b6efb0f753b7,,,Syringe(AD) 1ml with needle,,Medical supply,N/A,,,DAGU Item:54415
80cd06b8-5c68-4d34-bacd-d2e8ce14a6ce,,,"Conical Flask Erlenmeger Borosilicate Glass 3.3, with Printed Graduation 300ml",,Medical supply,N/A,,,DAGU Item:54417
c3d46904-397b-4868-9670-4ebb2a53c1e2,,,Towel for New Born 100% Cotton 70x140 cm,,Medical supply,N/A,,,DAGU Item:54419
696b6499-fdf2-4241-871e-d7b3b2fb1974,,,Single Channel Plastic Adapter (EV526),,Medical supply,N/A,,,DAGU Item:54421
e7b5a296-bd69-4e9b-9ad5-307a427ce6e2,,,"Dental Needle 21mm, 27G",,Medical supply,N/A,,,DAGU Item:54423
739c0a64-6d5b-4850-9972-e141b4464c49,,,Catheter Foley Silconized Latex Two Ways 30 50ml Balloon 14CH,,Medical supply,N/A,,,DAGU Item:54426
62c02ec6-562a-4afc-a2f0-980c05f72984,,,Catheter Foley Silconized Latex Three Ways 30 50ml Balloon 16CH,,Medical supply,N/A,,,DAGU Item:54427
3e21806b-e8ad-4769-9c17-6773dcd9a15d,,,Boots for Delivery 37 Size,,Medical supply,N/A,,,DAGU Item:54428
36c17dec-9cf6-41c3-8146-24fff5bf3ebd,,,Syringe (Disposable) 3ml with Needle 21G,,Medical supply,N/A,,,DAGU Item:54431
88168dd9-7130-40bf-afdd-e6767efa9426,,,Endotracheal Tube 4.5CH,,Medical supply,N/A,,,DAGU Item:54432
8b032960-9024-412b-916c-55e8416b2aef,,,Endotracheal Tube 6.5CH,,Medical supply,N/A,,,DAGU Item:54433
7ef0e43d-f321-4b45-a750-7a7df46ae92f,,,Endotracheal Tube 6CH,,Medical supply,N/A,,,DAGU Item:54434
09bb319e-457a-43b4-87b7-b55b700121fc,,,Polyglycolic acid absorbable braided violet Gauge 0.7(6/0) 30 cm on 12 mm 3/8 circle cutting tapper needle,,Medical supply,N/A,,,DAGU Item:54438
f2ab4cee-7ee0-42e7-98ea-d97ec55390ee,,,Polyglycolic acid absorbable braided violet Gauge 0.7(6/0) 30cm on 12mm 1/2 Circle Cutting Taper Needle,,Medical supply,N/A,,,DAGU Item:54439
19cc425a-dc1a-4afa-bb31-b6bad5fc84c2,,,Polyglycolic acid absorbable braided violet Gauge 1(4) 75cm on 45mm 1/2 Circle cutting taper needle,,Medical supply,N/A,,,DAGU Item:54440
bb36f72b-d48c-4f5e-9342-a969332d360e,,,Mersilk Braided Black Gauge 1.5(4/0) 75cm on 20mm 1/2 Circle Round Bodied Needle,,Medical supply,N/A,,,DAGU Item:54442
ef260065-2c9a-474e-9d26-fca8ca0ffc1f,,,Mersilk Braided Black Gauge 1.5(4/0) 75cm on 24mm 1/2 Circle Reverse Cutting Needle,,Medical supply,N/A,,,DAGU Item:54443
f8b58c90-dd40-40fd-b937-0f9c9539419f,,,Mersilk Braided Black Gauge 2.0(3/0) 75cm on 24mm 1/2 Circle Reverse Cutting Needle,,Medical supply,N/A,,,DAGU Item:54444
9acfc616-0d45-4d3a-ab1f-6cfbb562933b,,,Mersilk Braided Black Gauge 3.5(0) 75cm on 27mm 1/2 Circle Reverse Cutting Needle,,Medical supply,N/A,,,DAGU Item:54445
1700aa09-fe38-4b37-86f4-59ad8b60a0ee,,,Mersilk Braided Black Gauge 3.5(0) 75cm on 30mm 1/2 Circle Round Bodied Needle,,Medical supply,N/A,,,DAGU Item:54446
7a7bd082-3847-49be-9934-f090d4cdc3ba,,,Cat Gut Chromic Gauge 4.0(0) 75cm on 38mm 1/2 Circle Reverse Cutting Needle,,Medical supply,N/A,,,DAGU Item:54447
1b3e3920-a561-4d22-9a83-09685c52ebf8,,,Mersilk Braided Black Gauge 6.0(3) 75cm on 38mm 1/2 Circle Reverse Cutting Needle,,Medical supply,N/A,,,DAGU Item:54450
41452560-4e08-4234-b1b2-5e1f6a81f9eb,,,Boots,,Medical supply,N/A,,,DAGU Item:54501
352aecb4-db3d-452f-ac8a-e0d276502a6b,,,Thermostatic Valve R22,,Medical supply,N/A,,,DAGU Item:54543
f1d7082c-dba1-4f2e-a04a-3760a6f4f00d,,,Tourniquet Plastic,,Medical supply,N/A,,,DAGU Item:54545
afd52737-ac60-43c1-b6d8-788773aa16d7,,,Towel Sanitory with Sticker,,Medical supply,N/A,,,DAGU Item:54546
ddb0fb6b-86ea-40db-af18-f865006d54d8,,,Glass Volumetric Transfer Pipette 100ml,,Medical supply,N/A,,,DAGU Item:54551
d2fa8ef3-3bae-4cd7-85d1-514e28ab94fa,,,Glass Volumetric Transfer Pipette 25ml,,Medical supply,N/A,,,DAGU Item:54552
eb9874de-6cba-4e18-8601-8027409ba934,,,Glove Latex Sterile Elbow length Medium,,Medical supply,N/A,,,DAGU Item:54557
30e69f08-2dfa-4c1b-98ca-d85bb9cc3f0e,,,Scissors Bl Blaster OB 14.5cm,,Medical supply,N/A,,,DAGU Item:54561
1f50022d-94d2-4914-a46c-876b7bd39395,,,Applicator Stick Wooden with Cotton Tip 150x2.2mm,,Medical supply,N/A,,,DAGU Item:54562
0e9f06c7-55e7-41ca-8809-1488893aae3d,,,Rectal Tube Rubber With Terminal Size 20CH,,Medical supply,N/A,,,DAGU Item:54563
295af7b6-29e4-4d4d-9466-2557821f0aa5,,,Syringe (Disposable) 20ml with Needle 21G,,Medical supply,N/A,,,DAGU Item:54564
0ab1f2db-12f6-4f5d-9b91-c6d89bbeb271,,,"Dental Needle 31mm, 27G",,Medical supply,N/A,,,DAGU Item:54568
40781a01-af96-4fbd-af12-7d100a36880e,,,Endotracheal Tube 3CH,,Medical supply,N/A,,,DAGU Item:54569
37efbb97-2c7e-4c05-b353-191443922fe4,,,Endotracheal Tube 5CH,,Medical supply,N/A,,,DAGU Item:54571
fedf6e72-3283-432f-9530-bce079927884,,,Adhesive Plaster Zinc Oxide 7.5cmx5m,,Medical supply,N/A,,,DAGU Item:54572
4f442a20-eaee-4fe2-97ab-e1f43a0e7ed7,,,Polyglycolic acid absorbable braided violet Gauge 2.0(3/0) 75cm on 30mm 1/2 Circle Reverse Cutting,,Medical supply,N/A,,,DAGU Item:54580
b6a29200-b652-48f9-92af-bde004217cc5,,,Cat Gut Chromic Gauge 2.0(4/0) 75cm on 15mm 1/2 Circle Round Bodied Needle,,Medical supply,N/A,,,DAGU Item:54581
900251d9-d4bd-4db4-b9b1-7a542abb82f9,,,Cat Gut Chromic Gauge 4.0(0) 75cm on 30mm 1/2 Circle Round Bodied Needle,,Medical supply,N/A,,,DAGU Item:54583
036b4591-8631-44f7-a0eb-2588b013aec6,,,Mask N95,,Medical supply,N/A,,,DAGU Item:54657
125284d3-1440-4df1-b018-da3bef29fd33,,,Plaster Of Paris (P.O.P) 15cmx3m,,Medical supply,N/A,,,DAGU Item:54691
474277aa-0536-475c-8c9a-29cc82d1a953,,,Catheter Suction Silconized with Funnel 16CH,,Medical supply,N/A,,,DAGU Item:54692
7496d4c4-946a-4c85-9e73-e1bbfef727b2,,,Catheter Condom Latex Medium 28mm,,Medical supply,N/A,,,DAGU Item:54694
b372d6cc-bd8a-457b-8579-f910d4a8a97a,,,Boots 41 Size,,Medical supply,N/A,,,DAGU Item:54695
43e40756-b7a6-4508-97ce-8135b72804f4,,,Polyamide Monofilament Gauge 0.3(9/0) 38cm 64mm Spatula Double Armed Round Bodied Needle,,Medical supply,N/A,,,DAGU Item:54698
ea66f80c-9b33-4509-af73-ef5ca77d8664,,,Polyglycolic acid absorbable braided violet Gauge 2.0(3/0) 75cm on 19mm reverse cutting Needle,,Medical supply,N/A,,,DAGU Item:54699
09d89b65-756c-4d29-9184-1953e4eb9a4e,,,Polyglycolic acid absorbable braided violet Gauge 2.0(3/0) 75cm on 26mm 1/2 Circle Reverse Cutting Needle,,Medical supply,N/A,,,DAGU Item:54700
cf97b1f5-c021-4f6e-b598-8c65066f74b0,,,Mersilk Braided Black Gauge 3.0(2/0) 75cm on 24mm 1/2 Circle Reverse Cutting Needle,,Medical supply,N/A,,,DAGU Item:54701
cbaafcbf-0d74-488b-961c-8f7829a92f14,,,Polyglycolic acid absorbable braided violet Gauge 3.5(0) 75cm on 50mm 1/2 Circle Round Bodied needle,,Medical supply,N/A,,,DAGU Item:54702
ad5073e9-ed46-43cb-8efa-2bdf207c0a7a,,,Cat Gut Chromic Gauge 3.5(2/0) 75cm on 27mm 1/2 Circle Round Bodied Needle,,Medical supply,N/A,,,DAGU Item:54703
c7c49e7d-6253-45b0-80b7-4ec6b2d2ad8a,,,Mersilk Braided Black Gauge 4.0(1) 75cm on 35mm 1/2 Circle Reverse Cutting Needle,,Medical supply,N/A,,,DAGU Item:54705
1608717d-bd91-4e30-84af-87da767ed2b4,,,Cat Gut Chromic Gauge 6.5(3) 75cm on 48mm 1/2 Circle Round Bodied Needle,,Medical supply,N/A,,,DAGU Item:54706
1dc1abaa-66c6-4ed9-a709-035b000bb202,,,Polyglycolic acid absorbable braided violet Guage 1.5(4/0) 75cm on 17mm 1/2 Circle Round Bodied Needle,,Medical supply,N/A,,,DAGU Item:54707
6c086c7d-c41a-411d-ba44-31aaf7d3a586,,,Polyglycolic acid absorbable braided violet Guage 3.0(2/0) 70cm on 30mm 3/8 Circle Reverse Cutting Needle,,Medical supply,N/A,,,DAGU Item:54708
e6217c0a-a47d-4ec1-bf67-f40d2ab6a44f,,,Glove Surgical Latex Sterile No. 6.5,,Medical supply,N/A,,,DAGU Item:54710
8cae3af2-ccc1-4345-a215-15e0c009bb6a,,,Glove Surgical Latex Sterile No. 8,,Medical supply,N/A,,,DAGU Item:54711
4eff6924-1cda-475c-ade3-1fa170d8cf82,,,Catheter Metal,,Medical supply,N/A,,,DAGU Item:54761
8e511bd4-341e-4fef-86b4-f6af4d5412ff,,,"Battery 6v 6PVV420 Sealed gel non hazardous (C100h=421Ah, C10h=338Ah)",,Medical supply,N/A,,,DAGU Item:54764
b3b75b3e-856b-4a82-a9e8-31d8ee01a8b2,,,Jar Plastic,,Medical supply,N/A,,,DAGU Item:54783
b1b279c3-3395-466a-9d7a-10340ace5ee3,,,Gauze Paraffin Sterile with Case 10cm x 10cm,,Medical supply,N/A,,,DAGU Item:54807
4fbd90fa-0a8f-4f35-a4b0-d3ecc3c14f3b,,,"Conical Flask Erlenmeger Borosilicate Glass 3.3, with Printed Graduation 50ml",,Medical supply,N/A,,,DAGU Item:54808
8a53fdaa-0fb5-49db-9c00-33b7ab88d949,,,Oropharyngeal Airway (Guedel) Sterile 60mm,,Medical supply,N/A,,,DAGU Item:54810
101ff7b8-8104-4287-91a9-69b288991c19,,,Syringe (Disposable) 5ml with needle 21G,,Medical supply,N/A,,,DAGU Item:54811
df10c064-bda0-41d7-a472-01c1b177a056,,,Measuring Tape 1.5m,,Medical supply,N/A,,,DAGU Item:54815
dfc12801-93ea-4632-bbd1-b5b63aed2cbe,,,Catheter Suction Silconized with Funnel 14CH,,Medical supply,N/A,,,DAGU Item:54819
1ee73960-eee9-46e2-bc59-2b8a5860e3ce,,,Catheter Suction Transparent with Funnel Silco Sterile 22CH,,Medical supply,N/A,,,DAGU Item:54823
1f20c6cf-d6f2-4b4a-a317-35064c15511a,,,Endotracheal Tube 3.5CH,,Medical supply,N/A,,,DAGU Item:54824
c6857c0a-f472-44c0-87df-b75c3ac9a711,,,Boots 40 Size,,Medical supply,N/A,,,DAGU Item:54825
9a9e95a8-55ce-410e-9a07-7a6225f87c2f,,,Endotracheal Tube 8CH,,Medical supply,N/A,,,DAGU Item:54828
68b56db3-ea25-418c-995f-9030b0d491e8,,,Poly Diaxone Monofilament Violet Gauge 3.5(0) 70cm on 40mm 1/2 circle round bodied taper needle,,Medical supply,N/A,,,DAGU Item:54830
8721cf22-80c7-457c-bc6d-7c3642264e70,,,Polyamide Monofilament Gauge 0.2(10/0) 30cm on 5mm 3/8 Circle Spatula Double Armed Needle,,Medical supply,N/A,,,DAGU Item:54831
dce76a7d-9866-4450-92ee-7f452e0459a9,,,Polyamide Monofilament Gauge 0.2(10/0) 64cm on 6mm 3/8 Circle spatula double armed Needle,,Medical supply,N/A,,,DAGU Item:54832
df711796-f9c0-4112-9a89-4bb3a66478bd,,,Poly Diaxone Monofilament Violet Gauge 2.0(3/0)70cm on 40mm 1/2 circle Round bodied taper needle,,Medical supply,N/A,,,DAGU Item:54833
0c11e4a6-0115-4c58-a5ea-1b9f9b4443e9,,,Mersilk Braided Black Gauge 3.0(2/0) 100cm on 35mm 3/8 Circle Reverse Cutting Needle,,Medical supply,N/A,,,DAGU Item:54835
9fbb9f33-4275-45af-818e-b6e99f0f6233,,,Cat Gut Chromic Gauge 3.0(3/0) 70cm on 25mm 1/2 Circle Round Bodied Needle,,Medical supply,N/A,,,DAGU Item:54836
2e9fb9f2-be09-48ad-bcc9-b0e062a3b0a8,,,Cat Gut Chromic Gauge 3.0(3/0) 75cm on 30mm 1/2 Circle Round Bodied Needle,,Medical supply,N/A,,,DAGU Item:54837
3c06ee2d-51d7-4f1b-b776-032685c17288,,,Mersilk Braided Black Gauge 4.0(1) 75cm on 30mm 1/2 circle reverse cutting needle,,Medical supply,N/A,,,DAGU Item:54838
07ddfa7e-9648-425a-a60f-9f9823e15e62,,,Cat Gut Chromic Gauge 6.0(2) 75cm on 45mm 1/2 Circle Round Bodied Needle,,Medical supply,N/A,,,DAGU Item:54839
9d84f4c5-f966-4860-90bd-9bb6ad61109b,,,Surgical Scalpel Blade No.22,,Medical supply,N/A,,,DAGU Item:54840
e3744e86-4958-4078-a594-90b73d0ad9fc,,,Compressor HSTcomplet R134a 5G FR 8,,Medical supply,N/A,,,DAGU Item:54841
5b887e32-745e-4a55-ad35-06b74dbad591,,,Apron Plastic Reusable Autoclavable White,,Medical supply,N/A,,,DAGU Item:54887
1f48402d-2d5b-44cb-96be-94f0cbf00490,,,Retractor Set (ROUX) Double Ended Set of 3,,Medical supply,N/A,,,DAGU Item:54919
c708328a-80f1-42b1-9cf4-bfff7e16cfb2,,,Solar Direct Device Spare Kit,,Medical supply,N/A,,,DAGU Item:54922
ed2ad544-5503-4065-8d65-117e5b3f658d,,,Urine Container Sterile Screw Caped with Label,,Medical supply,N/A,,,DAGU Item:54923
5dee434b-877a-4d78-84c4-192a27a42659,,,"Conical Flask Erlenmeger Borosilicate Glass 3.3, with Printed Graduation 250ml",,Medical supply,N/A,,,DAGU Item:54926
658dd43f-e9d3-4c46-adbe-72e11bb13b17,,,Flask Heat and Chemical Resistant 250ml,,Medical supply,N/A,,,DAGU Item:54927
2239fd93-e5f1-405f-812d-1a6c94a70fce,,,Cotton Absorbent Wool 500gm,,Medical supply,N/A,,,DAGU Item:54928
ef85c260-ef9b-474c-9260-01c847e3ecec,,,Syringe(AD) 0.05ml with Needle 26G,,Medical supply,N/A,,,DAGU Item:54930
1104feef-cbb9-45eb-839d-a66af7fd612d,,,Rectal Tube Rubber With Terminal Size 28CH,,Medical supply,N/A,,,DAGU Item:54934
28180c98-9a27-4695-843c-cd2895579cde,,,Boots 37 Size,,Medical supply,N/A,,,DAGU Item:54935
20d5bf0b-0f9b-4548-ae74-8d98a84e0996,,,Catheter Foley Silconized Latex Two Ways 5 15ml Balloon 14CH,,Medical supply,N/A,,,DAGU Item:54938
9621dbef-0cc2-4e47-8887-c583e12c09f1,,,Catheter Foley Silconized Latex Three Ways 5 15ml Balloon 8CH,,Medical supply,N/A,,,DAGU Item:54939
0093c52b-286b-48e9-af5f-6aebd45a8d77,,,Endotracheal Tube 8.5CH,,Medical supply,N/A,,,DAGU Item:54940
6582d97d-7b33-43a9-857c-5763a2fb56c5,,,Polyglycolic acid absorbable braided violet Gauge 1.5(4/0) 75cm on 15mm 1/2 Circle Reverse Cutting Taper Needle,,Medical supply,N/A,,,DAGU Item:54943
ff717627-e230-4d60-a34b-8eddc93bfa18,,,Mersilk Braided Black Gauge 2.0(3/0) 75cm on 25mm 1/2 Circle Reverse Cutting Needle,,Medical supply,N/A,,,DAGU Item:54944
58e2313e-ee9d-4955-b46b-5d82bcdd701b,,,Polyglycolic acid absorbable braided violet Gauge 3.0(2/0) 75cm on 35mm 1/2 Circle Round Bodied Needle,,Medical supply,N/A,,,DAGU Item:54945
88806b46-252b-4d13-b931-955e1b276254,,,Polyamide Monofilament Gauge 3.5(0) 75cm on 25mm 1/2 Circle Round Bodied Needle,,Medical supply,N/A,,,DAGU Item:54946
49d5fcbf-128f-446c-8027-bc4e262c6fa5,,,Cat Gut Chromic Gauge 5.0(1) 75cm on 30mm 1/2 Circle Round Bodied Needle,,Medical supply,N/A,,,DAGU Item:54948
ccc8f013-1406-4767-891e-d45023328f3e,,,Cat Gut Chromic Gauge 5.0(1) 75cm on 48mm 1/2 Circle Round Bodied Needle,,Medical supply,N/A,,,DAGU Item:54949
701ee0c5-1c78-4184-82cc-05b04e2279d1,,,Polyglycolic acid absorbable braided violet Gauge 5.0(2) 75cm on 50mm 1/2 Circle round Bodied needle,,Medical supply,N/A,,,DAGU Item:54950
0423ec73-b279-4b46-85c6-e984a8ccf3b9,,,Handi Vac Complete Set (EV 500),,Medical supply,N/A,,,DAGU Item:55030
2960cac4-834e-44af-8ade-2916bbe97249,,,Resuscitation Trolley,,Medical supply,N/A,,,DAGU Item:55049
2ed6afac-c6f8-4e3d-8c01-eff31363cbed,,,Shoecover Non Skid,,Medical supply,N/A,,,DAGU Item:55052
2cc5cae5-42c6-46a8-bf16-4f409f57d02c,,,Glass Volumetric Transfer Pipette 10ml,,Medical supply,N/A,,,DAGU Item:55058
abb86253-15a7-4dab-a58a-ce01ba8befd4,,,Syringe (Disposable) 10ml with needle 21G,,Medical supply,N/A,,,DAGU Item:55059
794e2ca4-197f-443d-94ed-ef56c10c2a33,,,New Born Bag and Mask 500ml,,Medical supply,N/A,,,DAGU Item:55060
68eceb54-ecb8-4d7f-bdc5-d59ffb3f659b,,,Bucket With Hand Washing Outlet 30 Littre,,Medical supply,N/A,,,DAGU Item:55066
c84e38c0-22b8-4ca2-a377-facb6fcd1ac4,,,Catheter Foley Silconized Latex Three Ways 30 50ml Balloon 12CH,,Medical supply,N/A,,,DAGU Item:55067
fa8f0536-4065-4ce2-a16e-e0c75463d3df,,,Catheter Foley Silconized Latex Two Ways 30 50ml Balloon 16CH,,Medical supply,N/A,,,DAGU Item:55068
9b99d53c-0274-4f7a-879d-f0af6c3c0553,,,Catheter Foley Silconized Latex Three Ways 30 50ml Balloon 18CH,,Medical supply,N/A,,,DAGU Item:55069
6a4aa848-e3fc-4c64-b400-b03b60df270c,,,Catheter Foley Silconized Latex Two Ways 30 50ml Balloon 22CH,,Medical supply,N/A,,,DAGU Item:55070
aeea9ab3-18dc-4dc0-b172-001b98e4a79c,,,Catheter Foley Silconized Latex Three Ways 30 50ml Balloon 24CH,,Medical supply,N/A,,,DAGU Item:55071
ebd7252b-7dfb-46cb-94e2-6931ea313675,,,Syringe (Disposable) 3ml with Needle 23G,,Medical supply,N/A,,,DAGU Item:55073
f2eec07d-962e-43e1-bfb0-a1f986222c8a,,,Catheter Suction Silconized with Funnel 8CH,,Medical supply,N/A,,,DAGU Item:55075
03c9c47e-9621-4760-8e56-11c9e5b0ece3,,,Polyglycolic acid absorbable braided violet Gauge 0.7(6/0) 30m on 12mm 1/2 circle cutting taper needle,,Medical supply,N/A,,,DAGU Item:55076
33923adc-3821-4a1a-b3dc-a96486e16878,,,Polyglycolic acid absorbable braided violet Gauge 1.0(5/0) 45cm on 13mm 1/2 Circle Round Bodied Needle,,Medical supply,N/A,,,DAGU Item:55077
d418cb2a-fcbe-4717-b93b-461e3c809496,,,Polyglycolic acid absorbable braided violet Gauge 1.0(5/0)75cm 0n 45mm 1/2 circle cutting taper needle,,Medical supply,N/A,,,DAGU Item:55078
2faf0d12-7ab3-4f88-9a54-f2bdca0a13a9,,,Mersilk Braided Black Gauge 1.5(4/0) 75cm with 1/2 Circle Round Bodied Needle,,Medical supply,N/A,,,DAGU Item:55080
a12831ed-89f6-4cf5-8e6b-3704b0638100,,,Mersilk Braided Black Gauge 2.0(3) 75cm on 35mm 1/2 Circle Reverse Cutting Needle,,Medical supply,N/A,,,DAGU Item:55081
d99e1c78-389e-44f8-b287-7eb331a41d5f,,,Mersilk Braided Black Gauge 2.0(3/0) 75cm on 26mm 1/2 Circle Reverse Cutting Needle,,Medical supply,N/A,,,DAGU Item:55082
e002b9b8-55f9-4e41-9142-fbda0bf222dd,,,Mersilk Braided Black Gauge 3.5(0) 75cm on 32mm 1/2 circle Reverse Cutting Needle,,Medical supply,N/A,,,DAGU Item:55083
c4d691ac-efec-4e2a-b237-a52d779e3098,,,Polyglycolic acid absorbable braided violet Gauge 4.0(1) 75cm on 45mm 1/2 Circle Cutting Taper Heavy Needle,,Medical supply,N/A,,,DAGU Item:55084
60aa7f4e-6f70-47e5-8214-4f7d54ae597f,,,Mersilk Braided Black Gauge 6.0(3) 75cm on 40mm 1/2 Circle Round Bodied Needle,,Medical supply,N/A,,,DAGU Item:55085
9ed25622-5e54-45c2-9bc4-1a52a2fae18d,,,Glove Gynecological Examination,,Medical supply,N/A,,,DAGU Item:55159
29bba57f-e230-4487-9fe8-2cd42489476a,,,Torch with Metal Plastic Linkage,,Medical supply,N/A,,,DAGU Item:55176
b0ac533b-cc92-4110-98e8-b10188910e2e,,,Tourniquet Rubber,,Medical supply,N/A,,,DAGU Item:55177
e7ab4b30-c96f-4fe3-83e1-24b08014b711,,,Solar LED Light,,Medical supply,N/A,,,DAGU Item:55180
749d81d2-7fe7-4038-b903-770aab540aca,,,Pad Absorbent (Diaper) with Plastic Backing White 17x24 Inch,,Medical supply,N/A,,,DAGU Item:55184
086d21c5-80d7-4819-87d8-af8049087ba9,,,Optical lense cleaner 30ml Bottle,,Medical supply,N/A,,,DAGU Item:55190
cd43fe42-416a-4c2a-8b27-9e665e007e57,,,Biohazard Bags Disposable 37x48inch,,Medical supply,N/A,,,DAGU Item:55191
af4382b1-be91-4ce9-97ae-7c36937a7dc5,,,Syringe (Disposable) 50ml with Needle 21G,,Medical supply,N/A,,,DAGU Item:55192
21641918-6ed7-4fd5-826f-1c485d8a7554,,,Syringe (Disposable) 5ml with Needle 20G,,Medical supply,N/A,,,DAGU Item:55193
085852b6-48c6-4204-9336-57f8b817dbf4,,,Polyglycolic acid absorbable braided violet Gauge 0.4(8/0) 45cm on 8mm 1/2 Circle Round Bodied Taper Needle,,Medical supply,N/A,,,DAGU Item:55194
dabd8c5f-2e5e-4a1c-9d24-5523f973d3ed,,,Polyglycolic acid absorbable braided violet Gauge 0.7(6/0) 30cm on 12mm 1/2 Circle cutting Tapper Needle,,Medical supply,N/A,,,DAGU Item:55195
1606a274-63e1-4468-956d-7d4a6d172865,,,Mersilk Braided Black Gauge 1.5(4/0) 75cm on 17mm 3/8 Circle Reverse Cutting Needle,,Medical supply,N/A,,,DAGU Item:55199
0fcef5e6-311c-4d8d-87fc-969c610ec40e,,,Mersilk Braided Black Gauge 1.5(4/0) 75cm on 18mm 1/2 Circle Reverse Cutting Needle,,Medical supply,N/A,,,DAGU Item:55200
12205d0b-d43b-414b-b834-4e98230c948b,,,Mersilk Braided Black Gauge 1.5(4/0) 75cm on 20mm 1/2 Circle Round Bodied Needle,,Medical supply,N/A,,,DAGU Item:55201
ca1894c2-e7a5-42a3-905f-adf53b7bb679,,,Polyglycolic acid absorbable braided violet Gauge 2.0(3/0)75cm on 26mm 1/2 circle rounded bodied needle,,Medical supply,N/A,,,DAGU Item:55202
4cf0ee7e-c90e-4b26-b205-37e79c9013bb,,,Cat Gut Chromic Gauge 2.0(4/0) 75cm on 19mm 1/2 Circle Reverse Cutting Needle,,Medical supply,N/A,,,DAGU Item:55203
82105f61-5dd6-43f5-84b2-f092f459a55a,,,Mersilk Braided Black Gauge 3.0(2/0) 75cmon 24mm 1/2 Circle Reverse Cutting Needle,,Medical supply,N/A,,,DAGU Item:55204
67fbadb1-435e-4b53-b558-cb65f25bf555,,,Mersilk Braided Black Gauge 3.0(2/0)75cm on 35mm 1/2 Circle Reverse Cutting Needle,,Medical supply,N/A,,,DAGU Item:55205
85055d54-5187-4596-afa9-84b265bfd508,,,Cat Gut Chromic Gauge 4.0(0) 75cm on 32mm 1/2 Circle Round Bodied Needle,,Medical supply,N/A,,,DAGU Item:55206
435751bf-ea28-4b68-b0d0-8952436ee81b,,,Cat Gut Chromic Gauge 4.0(0) 75cm on 38mm 1/2 Circle Round Bodied Needle,,Medical supply,N/A,,,DAGU Item:55207
ea36f13d-6797-45d5-88f0-63c558b04e87,,,Poly Diaxone Monofilament Violet Gauge 4.0(1) 90cm on 40mm 1/2 circle round bodied taper needle,,Medical supply,N/A,,,DAGU Item:55208
f62238c7-97ec-4fbd-8b56-266017510c95,,,Mersilk Braided Black Gauge 5.0(2) 75cm on 40mm 1/2 Circle Reverse Cutting Needle,,Medical supply,N/A,,,DAGU Item:55209
cab7de7b-2211-4e55-84d8-b08ae5034fba,,,Physical PressureTransducer,,Medical supply,N/A,,,DAGU Item:55282
574d7ab5-6ca4-4ef6-a223-143c78479770,,,Thermostatic Valve R4O4,,Medical supply,N/A,,,DAGU Item:55290
2e0d85a8-ca20-4e78-8fa1-d1664b7b5cd6,,,Glove Surgical Latex Sterile No.7.5,,Medical supply,N/A,,,DAGU Item:55301
993d89e1-77e9-479d-97b6-1bf49336ed03,,,Syringe(AD) 0.5ml with Needle 23G,,Medical supply,N/A,,,DAGU Item:55303
972dae7b-4dc5-438a-82b5-672a8caecd7c,,,Parafilm flexable water tight filmto seal laboratory containers 10cmx38m,,Medical supply,N/A,,,DAGU Item:55305
6274fc34-ca1d-41f4-b2c1-0d8d9bb3be3f,,,Catheter Suction Transparent with Funnel Silco Sterile 16CH,,Medical supply,N/A,,,DAGU Item:55306
2f06728a-1c2b-467d-9c90-4f8c96b6158e,,,Endobranchial Tube Right 35CH,,Medical supply,N/A,,,DAGU Item:55310
f3b95ebd-b0fe-4d11-86d9-6921ef7203f6,,,Endobranchial Tube Left 39CH,,Medical supply,N/A,,,DAGU Item:55311
c82b82df-7288-483f-8a40-0615e7fc1681,,,Boots 42 Size,,Medical supply,N/A,,,DAGU Item:55312
09575844-912d-4d4e-81a7-0632954db4de,,,Catheter Suction Transparent with Funnel Silco Sterile 6CH,,Medical supply,N/A,,,DAGU Item:55314
f2b022da-345c-4f7f-a2fa-93887b0d5a9c,,,Mersilk Braided Black Gauge 1.5(4/0) 100cm on 40mm 1/2 Circle Reverse Cutting Needle,,Medical supply,N/A,,,DAGU Item:55320
76f84926-0c99-4943-9e5e-b735f24cf0d2,,,Polyglycolic acid absorbable braided violet Gauge 2.0(3/0) 75cm on 27mm 1/2 Circle revers Cutting needle,,Medical supply,N/A,,,DAGU Item:55321
e7b34729-26ef-4047-a2bf-208fd4d1a5c5,,,Mersilk Braided Black Gauge 3.0(2/0) 75cm on 24mm 1/2 Cicle reverse cutting Needle,,Medical supply,N/A,,,DAGU Item:55324
22ac6b0f-66db-48a1-ac5e-8e977f297f5f,,,Mersilk Braided Black Gauge 3.0(2/0) 75cm on 35mm 1/2 Circle Round Bodied Needle,,Medical supply,N/A,,,DAGU Item:55325
7278b4c3-28dd-4f74-b5e6-7c53f288ca30,,,Cat Gut Chromic Gauge 3.5(2/0) 70cm on 26mm 1/2 Circle Round Bodied Needle,,Medical supply,N/A,,,DAGU Item:55326
a265e5fd-d309-408d-80b1-64ac703bf558,,,Cat Gut Chromic Gauge 3.5(2/0) 75cm on 45mm 1/2 Circle Cutting Taper Needle,,Medical supply,N/A,,,DAGU Item:55327
740442f8-9798-4682-aafd-13dcf186c0eb,,,Mersilk Braided Black Gauge 5.0(2) 75cm on 38mm 1/2 Circle Reverse Cutting Needle,,Medical supply,N/A,,,DAGU Item:55329
a6a6f895-a9d5-40fb-adf8-de908cf6ec3b,,,Filter Paper Qualitative Whatman Grade 1 Diameter 150mm,,Medical supply,N/A,,,DAGU Item:55330
d0eb52d2-aef6-4275-90d9-5ae581c98657,,,Polyglycolic acid absorbable braided violet Guage 2.0(3/0) 70cm on 22mm 1/2 Circle Reverse Cutting Needle,,Medical supply,N/A,,,DAGU Item:55331
7176f281-bb1e-4d7d-ae85-424f495ee32e,,,Polyglycolic acid absorbable braided violet Guage 3.0(2/0) 75cm on 36mm 1/2 Circle Round Bodied Needle,,Medical supply,N/A,,,DAGU Item:55332
2652db6f-5112-48ae-addf-acd07cf13ff9,,,Autocheck 5+ level 1 Red Box of 30 Ampoules for ABL7XX/8XX S7735,,Medical supply,N/A,,,DAGU Item:55334
a6f8c64a-4173-4e5c-a649-554b46cc33a4,,,Glove Surgical Latex Sterile No. 7,,Medical supply,N/A,,,DAGU Item:55336
7927683d-8d7e-4ccd-9809-08daf70b5114,,,Diallser/Filter,,Medical supply,N/A,,,DAGU Item:55437
48fa3743-4a4e-4676-b134-7493aabcf3b8,,,Syringe(AD) 0.05ml,,Medical supply,N/A,,,DAGU Item:55438
9610be04-60dd-42f7-8852-7838fd864ddb,,,Urine Collecting Bag PVC Latex Product 1000ml,,Medical supply,N/A,,,DAGU Item:55440
ccd609b4-9be7-4af4-9ced-593f0aa8d70a,,,Starting Condenser (117U5015) 117U5015,,Medical supply,N/A,,,DAGU Item:55441
3cd3a32b-882f-423c-8567-5ace01d64ec5,,,"Drill Bit Round Shaft 12.7mm, 85/70mm",,Medical supply,N/A,,,DAGU Item:55444
5f4b8eeb-6d8b-47b4-8b05-247708ea3788,,,Catheter Suction Transparent with Funnel Silco Sterile 14CH,,Medical supply,N/A,,,DAGU Item:55445
ac4b62c3-ec7d-4bfc-80d3-0845958e5def,,,First Aid Water Proof Plaster 19mmx72mm,,Medical supply,N/A,,,DAGU Item:55447
6c732418-0775-4b81-bb83-9b426713ccc5,,,Syringe Insulin (Disposable) 1ml on 6mm with Fixed Needle 30G,,Medical supply,N/A,,,DAGU Item:55448
4709e2e1-426a-475f-8d78-0d7af6984703,,,Endotracheal Tube 5.5CH,,Medical supply,N/A,,,DAGU Item:55450
754a65fc-5f34-4107-8177-82dc8273d5e3,,,Oropharyngeal Airway (Guedel) Sterile 90mm,,Medical supply,N/A,,,DAGU Item:55451
2581a63e-4724-43f6-bd6d-04166618421f,,,Polyamide Monofilament Gauge 0.2(10/0) 38cm on 64mm spatula Double Armed Needle,,Medical supply,N/A,,,DAGU Item:55453
7cde41c8-6fb6-46ab-8cc0-297f5f6096fd,,,Polyamide Monofilament Gauge 0.3(9/0) 30cm on 5mm 1/3 circle Round bodied Spatula Double Armed Needle,,Medical supply,N/A,,,DAGU Item:55454
d5b1c1cd-345a-4c4e-92db-c0af0cb8f850,,,Mersilk Braided Black Gauge 3.0(2/0) 100cm on 42mm 1/2 Circle Reverse Cutting Needle,,Medical supply,N/A,,,DAGU Item:55456
07f61b12-fb6c-4727-b27d-7733c7969786,,,Mersilk Braided Black Gauge 3.0(2/0) 75cm on 24mm 1/2 Cicle Reverse Cutting Needle,,Medical supply,N/A,,,DAGU Item:55457
95baa217-3c34-4d67-bb45-f15bd3d90613,,,Cat Gut Chromic Gauge 3.0(3/0) 70cm on 26mm 1/2 Circle Round Bodied Needle,,Medical supply,N/A,,,DAGU Item:55458
3f98f721-14fa-410a-97dd-afcd0810f7ef,,,Cat Gut Chromic Gauge 3.0(3/0) 75cm on 32mm 1/2 Circle Round Bodied Needle,,Medical supply,N/A,,,DAGU Item:55459
9cc31345-044b-4aca-aa52-796f234d3ca0,,,Mersilk Braided Black Gauge 4.0(1) 75cm 35mm 1/2 Circle reverse cutting needle,,Medical supply,N/A,,,DAGU Item:55460
c0a527ac-6859-40a7-a191-55f4c471b5fb,,,Mersilk Braided Black Gauge 4.0(1) 75cm on 30mm 1/2 Circle Round Bodied Needle,,Medical supply,N/A,,,DAGU Item:55461
1f935138-9115-4b43-9676-3efb972e8d4a,,,Mersilk Braided Black Gauge 4.0(1) 75cm on 35mm 1/2 Circle Reverse Cutting Needle,,Medical supply,N/A,,,DAGU Item:55462
1fa1361b-8d31-4b58-957f-c5cf357f1514,,,Cat Gut Chromic Gauge 6.0(2) 75cm on 35mm 1/2 Circle Round Bodied Needle,,Medical supply,N/A,,,DAGU Item:55463
0afd78f9-9ac4-4814-918f-adbad829f628,,,Cat Gut Chromic Gauge 7.0(3) 75cm on 50mm 1/2 Circle Round Bodied Needle,,Medical supply,N/A,,,DAGU Item:55464
37b4c2be-b30b-4f2d-a6c4-79c3df4add4d,,,Surgical Scalpel Blade No.24,,Medical supply,N/A,,,DAGU Item:55465
7146cb43-57a3-4c47-ad1d-e46caf4af385,,,Endotracheal Tube Cuffed,,Medical supply,N/A,,,DAGU Item:55531
6e6279e6-0676-4481-99c4-3f2672a57605,,,"Oropharyngeal Airway (Guedel) Sterile conisting of neonatal, pediatrics, child adolescent, adult, large adult Set",,Medical supply,N/A,,,DAGU Item:55547
839ff5f5-3515-4b68-89fc-36cae2d40669,,,"Switch High Pressure, HBN 150",,Medical supply,N/A,,,DAGU Item:55552
4059a4ce-c175-4afa-839e-ad57370f15d6,,,Cotton Absorbent Wool 100gm,,Medical supply,N/A,,,DAGU Item:55555
3e530c47-155e-403b-a777-b580772e4a89,,,Spare Wick 150mm,,Medical supply,N/A,,,DAGU Item:55556
a3d0308a-07c3-4156-a836-6410864e6207,,,Urine Collecting Bag PVC Latex Product 2000ml,,Medical supply,N/A,,,DAGU Item:55557
6ab37d7b-6ab6-4e6b-9251-a985a5e3193b,,,Syringe (Disposable) 2ml with Needle,,Medical supply,N/A,,,DAGU Item:55558
73ad53d3-907c-410e-b8d6-71758939a43d,,,Glass Volumetric Transfer Pipette 50ml,,Medical supply,N/A,,,DAGU Item:55559
b07839f5-1b11-4796-b00f-a393e5ed230d,,,Catheter Foley Silconized Latex Two Ways 3 5ml Balloon 10CH,,Medical supply,N/A,,,DAGU Item:55566
ff8a2c43-1f73-4d89-ad98-3c174072cda2,,,Catheter Foley Silconized Latex Two Ways 5 15ml Balloon 10CH,,Medical supply,N/A,,,DAGU Item:55567
15c7a859-d58f-4cbb-85d9-d2199618b877,,,Catheter Foley Silconized Latex Three Ways 5 15ml Balloon 12CH,,Medical supply,N/A,,,DAGU Item:55568
d9328bc9-a7a5-454e-aa61-f0d18abc6afa,,,Catheter Foley Silconized Latex Two Ways 5 15ml Balloon 8CH,,Medical supply,N/A,,,DAGU Item:55569
2ae99446-0c21-4008-9216-e9b7b814f9bb,,,Apron Plastic Protection Against Most Chemicals 80x120cm,,Medical supply,N/A,,,DAGU Item:55570
499e6c1d-6a27-4acc-a11b-986afbc512a7,,,Polyglycolic acid absorbable braided violet Gauge 1.5(4/0) 75cm on 15mm 1/2 circle reverse cutting needle,,Medical supply,N/A,,,DAGU Item:55572
91fe568d-5cf7-4bfc-a6d2-a0d4bcafdb62,,,Polyglycolic acid absorbable braided violet Gauge 1.5(4/0) 75cm on 15mm 1/2 Reverse Cutting Taper Needle,,Medical supply,N/A,,,DAGU Item:55573
cb48b38d-ae64-432d-b648-12b3f010391c,,,Polyglycolic acid absorbable braided violet Gauge 3.0(2/0) 75cm on 36mm 1/2 circle round bodied Tapper needle,,Medical supply,N/A,,,DAGU Item:55574
e81a923e-3f69-432e-8768-fc30ad7e903d,,,Mersilk Braided Black Gauge 4(1) 75cm on 19mm 1/2 Circle Reverse Cutting Needle,,Medical supply,N/A,,,DAGU Item:55575
7f4bb2a1-e997-4b8f-ab3a-1448ab4ebb9f,,,Cat Gut Chromic Gauge 5.0(1) 75cm on 38mm 1/2 Circle Round Bodied Needle,,Medical supply,N/A,,,DAGU Item:55577
5003a95e-ae43-4c37-96af-9ccf934d6a78,,,Cat Gut Chromic Gauge 5.0(1) 75cm on 50mm 1/2 Circle Round Bodied Needle,,Medical supply,N/A,,,DAGU Item:55578
56d4350f-750b-480e-9776-eff855bf6d7d,,,Polyglycolic acid absorbable braided violet Gauge 5.0(2) 75cm on 40mm 1/2 circle cutting tapper needle,,Medical supply,N/A,,,DAGU Item:55579
b4c73751-56c5-47ac-b122-8ecc23a944b6,,,Surgical Scalpel Blade No.10,,Medical supply,N/A,,,DAGU Item:55582
061fab5b-19ed-4ef7-aa35-79fb02a5bafa,,,Peritoneal Biopsy Needle,,Medical supply,N/A,,,DAGU Item:55636
ed57442b-f7fd-4de6-bfdd-ff3e71add3e8,,,Resuscitator Bag (Ambu Bag),,Medical supply,N/A,,,DAGU Item:55672
4007b0c3-c820-43b1-83d9-6796ca4d7254,,,Syringe(AD) 2ml with needle 21G,,Medical supply,N/A,,,DAGU Item:55678
33802c06-6a53-47d0-83e8-f7c7f5cc8dcf,,,New Emergency Health Kit Supply 1 Equipment,,Medical supply,N/A,,,DAGU Item:55686
31afee5c-3a4f-4996-9b57-ed956af6896f,,,Gauze Bandage 10cmx4m,,Medical supply,N/A,,,DAGU Item:55688
bd6861c5-54b8-4d92-ae8a-f2a712ac81d3,,,Catheter Foley Silconized Latex Two Ways 30 50ml Balloon 12CH,,Medical supply,N/A,,,DAGU Item:55689
d7e0e9cb-7a58-4c32-9540-7a1929345a5e,,,Catheter Foley Silconized Latex Three Ways 30 50ml Balloon 14CH,,Medical supply,N/A,,,DAGU Item:55690
ac92fc36-ba31-466e-8ca9-9b0bccd25216,,,Catheter Foley Silconized Latex Two Ways 30 50ml Balloon 18CH,,Medical supply,N/A,,,DAGU Item:55691
a74ff3f6-e02f-4197-bbe0-f4c4ac7161b5,,,Catheter Foley Silconized Latex Three Ways 30 50ml Balloon 20CH,,Medical supply,N/A,,,DAGU Item:55692
0afaa973-c40e-42b4-b3e0-accfbb15935a,,,Boots for Delivery 38 Size,,Medical supply,N/A,,,DAGU Item:55693
887ddfd6-d38d-4302-9536-02c9bf292d15,,,Starting Device 4 Jan,,Medical supply,N/A,,,DAGU Item:55694
135fccba-5582-41bf-9d00-a520f7d43017,,,Catheter Suction 6CH,,Medical supply,N/A,,,DAGU Item:55697
c175fd87-7b9a-442b-9dd0-2dcb5a0c0d80,,,Endotracheal Tube 7.5CH,,Medical supply,N/A,,,DAGU Item:55698
37da9697-3184-4471-a550-8c8b52d98cbd,,,Triangular Bandage 96cmx96cmx136cm,,Medical supply,N/A,,,DAGU Item:55700
2eab46ce-080d-4e07-8209-4e43a1fc3b7f,,,Polyglycolic acid absorbable braided violet Gauge 1.0(5/0) 75cm on 45mm 1/2 circle cutting taper Needle,,Medical supply,N/A,,,DAGU Item:55701
351e2d3a-f83b-4fc8-bb41-59848d65806c,,,Mersilk Braided Black Gauge 2.0(3/0) 100cm on 35mm 3/8 Circle Reverse Cutting Needle,,Medical supply,N/A,,,DAGU Item:55703
4d164a25-26fd-48c6-89e1-e5219ea96f3f,,,Mersilk Braided Black Gauge 2.0(3/0) 75cm on 35mm 1/2 Circle Round Bodied Needle,,Medical supply,N/A,,,DAGU Item:55704
2243527d-5ff8-4203-84bf-f357f9048430,,,Mersilk Braided Black Gauge 2.0(3/0) 75cm on 26mm 1/2 Circle Reverse Cutting Needle,,Medical supply,N/A,,,DAGU Item:55705
d4fc293e-22b6-4f58-8435-3ff0c5cc121e,,,Polyglycolic acid absorbable braided violet Gauge 3.0(2/0) 75cm on 26mm 3/8 Circle Reverse cutting needle,,Medical supply,N/A,,,DAGU Item:55706
3ccd7b8d-f6e6-4825-8239-d52a797fce5d,,,Polyglycolic acid absorbable braided violet Gauge 3.0(2/0) 75cm on 27mm 1/2 Circle Reverse Cutting Needle,,Medical supply,N/A,,,DAGU Item:55707
6809283e-5d72-41bf-b92b-fe4d5ab4de77,,,Polyglycolic acid absorbable braided violet Gauge 3.0(2/0) 75cm on 34mm 1/2 circle round bodied needle,,Medical supply,N/A,,,DAGU Item:55708
eff37020-ca71-4083-ac73-6b8a8e627102,,,Polyglycolic acid absorbable braided violet Gauge 4.0(1) 75cm on 45mm 1/2 Circle cutting taper needle,,Medical supply,N/A,,,DAGU Item:55709
db485ac8-36e6-4889-9972-ade766849ae5,,,Polyamide Monofilament Gauge 5.0(2) 90cm on 50mm 1/2 Circle Round Bodied Needle,,Medical supply,N/A,,,DAGU Item:55710
357650f1-3710-43c7-a2fe-330980dfeecb,,,Prescription Pad (Narcotic ),,Medical supply,N/A,,,DAGU Item:55805
717799cf-1f16-4964-a2e4-1db3895e70ba,,,Towel for New Born 100% Cotton,,Medical supply,N/A,,,DAGU Item:55810
bd189e65-6412-4336-9912-2e707e01469d,,,"Conical Flask Erlenmeger Borosilicate Glass 3.3, with Printed Graduation 100ml",,Medical supply,N/A,,,DAGU Item:55815
b3c65a00-61ff-4ef8-9283-331de3694d28,,,Cannula Intravenous Set 20G,,Medical supply,N/A,,,DAGU Item:55816
313d9767-5868-4b42-ba81-a2ba3dbc9956,,,Rectal Tube Rubber With Terminal Size 24CH,,Medical supply,N/A,,,DAGU Item:55820
68f03f8e-5fa9-435e-929a-affde3d3faf5,,,Syringe (Disposable) 3ml with Needle 20G,,Medical supply,N/A,,,DAGU Item:55822
b43763eb-bfb6-4156-b800-1e0d5c0fa2a9,,,Catheter Suction Transparent with Funnel Silco Sterile 8CH,,Medical supply,N/A,,,DAGU Item:55823
8a82c968-469a-4299-b32c-f6de4e546bee,,,Polyglycolic acid absorbable braided violet Gauge 0.4(8/0) 45cm on 8mm 3/8 Circle Round Bodied taper needle,,Medical supply,N/A,,,DAGU Item:55824
0acc635e-8a5d-483c-8da7-be68fe9a828f,,,Mersilk Braided Black Gauge 1.5(4/0) 75cm on 17mm 1/2 Circle reverse cutting Needle,,Medical supply,N/A,,,DAGU Item:55827
8075f1aa-c657-4e5c-9314-e023791e493b,,,Mersilk Braided Black Gauge 1.5(4/0) 75cm on 19mm 1/2 Circle Reverse Cutting Needle,,Medical supply,N/A,,,DAGU Item:55828
5a8e4f1f-ad8b-4ad2-95fe-ffa63c20629b,,,Mersilk Braided Black Gauge 1.5(4/0) 75cm on 24mm 1/2 Cicle Round Bodied Needle,,Medical supply,N/A,,,DAGU Item:55829
43739168-469a-421c-a462-cdfe3b766a3a,,,Cat Gut Chromic Gauge 2.0(4/0) 75cm on 38mm 1/2 Circle Reverse Cutting Needle,,Medical supply,N/A,,,DAGU Item:55830
490400da-3dd8-4c61-a18d-2e74ffbe5a24,,,Poly Diaxone Monofilament Violet Gauge 3.0(2/0)70cm on 31mm 1/2 circle round bodied taper needle,,Medical supply,N/A,,,DAGU Item:55831
146a9070-e249-4fd1-954b-16368264a3e0,,,Mersilk Braided Black Gauge 3.5(0) 75cm 30mm 1/2 Circle Round Bodied Needle,,Medical supply,N/A,,,DAGU Item:55832
2a5a252b-e26a-4ec2-a8e7-4d6d5cd42595,,,Mersilk Braided Black Gauge 3.5(0) 75cm on 28mm 1/2 circle round bodied needle,,Medical supply,N/A,,,DAGU Item:55833
bfbc4927-6066-4d87-9f34-a1bf5571094e,,,Cat Gut Chromic Gauge 4.0(0) 75cm on 20mm 1/2 Circle Round Bodied Needle,,Medical supply,N/A,,,DAGU Item:55834
792fa721-c6f1-4bcf-8d3d-5ed9b73b5a3b,,,Cat Gut Chromic Gauge 4.0(0) 75cm on 38mm 1/2 Circle Reverse Cutting Bodied Needle,,Medical supply,N/A,,,DAGU Item:55835
847921b8-0a70-4584-ba17-a7e82ccc580f,,,Cat Gut Chromic Gauge 4.0(0) 75cm on 40mm 1/2 Circle Round Bodied Needle,,Medical supply,N/A,,,DAGU Item:55836
90b91c24-b230-46d9-b19b-744aa62e248b,,,Poly Diaxone Monofilament Violet Gauge 5.0(2) 90cm on 40mm 1/2 circle round bodied taper needle,,Medical supply,N/A,,,DAGU Item:55837
8a30278c-c377-4dba-8e1f-bce0ce3420e6,,,Pillcater with Box,,Medical supply,N/A,,,DAGU Item:55927
d45ecada-a462-4e04-9047-963a04de2a61,,,Thermostatic Valve Orifice,,Medical supply,N/A,,,DAGU Item:55932
e222c179-7a97-4e20-8196-444a2d077971,,,Three way valve Luer with caps,,Medical supply,N/A,,,DAGU Item:55933
eb707ccf-3650-415a-9a68-30ddab3ff3bb,,,Tourniquet of Double Belt,,Medical supply,N/A,,,DAGU Item:55934
b9952cbd-c0a1-41fc-b35b-c4ea2d759b7d,,,Cannula Intravenous Set 16G,,Medical supply,N/A,,,DAGU Item:55938
960deb2a-fa4f-46ba-9586-5e36e8d516b2,,,Glove Examination Latex Non Powdered Medium,,Medical supply,N/A,,,DAGU Item:55942
1777c329-2125-4c19-a345-913feb60d497,,,Glove Heavy Duty Latex (Disposable) Medium,,Medical supply,N/A,,,DAGU Item:55943
d7df2f26-117b-4b1e-9805-14b9b2c286ca,,,Glove Examination Latex Non Powdered small,,Medical supply,N/A,,,DAGU Item:55944
1470be2b-df4c-4dd4-ae3c-5733170da084,,,"Sling For Use with Scale 0145555, 0557000",,Medical supply,N/A,,,DAGU Item:55946
dc151507-3194-425c-ad40-cc7d78beeb69,,,Oropharyngeal Airway (Guedel) Sterile 120mm,,Medical supply,N/A,,,DAGU Item:55947
4ebb531f-6edb-4182-ace2-fa7a2c018f32,,,Syringe (Disposable) 20ml with Needle 20G,,Medical supply,N/A,,,DAGU Item:55951
5f666ab5-d332-4273-bb80-008bb2371b5d,,,Rectal Tube Rubber With Terminal Size 30CH,,Medical supply,N/A,,,DAGU Item:55953
b956cd7b-21b7-48f9-b586-65abf52f1f31,,,Starting Device 3 Jan,,Medical supply,N/A,,,DAGU Item:55954
a02fa223-a06a-4975-8a93-227b5fc477d2,,,Mersilk Braided Black Gauge 1.5(4/0) 75 cm on 24 mm 3/8 Circle Reverse Cutting Needle,,Medical supply,N/A,,,DAGU Item:55960
e794a33e-d854-40ae-a4b1-0a601d1855af,,,Polyglycolic acid absorbable braided violet Gauge 2.0(3/0) 75cm on 27mm 1/2 Circle Reverse Cutting Needle,,Medical supply,N/A,,,DAGU Item:55961
826499d1-6391-42cd-83bc-f74b8069da94,,,Polyglycolic acid absorbable braided violet Gauge 2.0(3/0) 75cm on 35mm 1/2 round bodied Needle,,Medical supply,N/A,,,DAGU Item:55962
a13ac471-ab23-4674-8e4f-f4693793f0bb,,,Poly Diaxone Monofilament Violet Gauge 3.0(2/0) 70cm on 31mm 1/2 circle round bodied taper needle,,Medical supply,N/A,,,DAGU Item:55963
727c8b54-14f6-40c3-bafa-36a175a11d3f,,,Mersilk Braided Black Gauge 3.0(2/0) 75cm on 27mm 1/2 Circle Reverse Cutting Needle,,Medical supply,N/A,,,DAGU Item:55964
8c703543-127c-4467-aee4-5b3bc5374670,,,Mersilk Braided Black Gauge 3.0(2/0) 75cm on 33mm 1/2 Circle Round Bodied Needle,,Medical supply,N/A,,,DAGU Item:55965
cd41ed9b-5646-4d61-999a-44bce1724238,,,Mersilk Braided Black Gauge 3.0(2/0) 75cm on 35mm 1/2 Circle Round Bodied Needle,,Medical supply,N/A,,,DAGU Item:55966
8f9bed7b-1211-4203-a2b2-c6e761cd5259,,,Mersilk Braided Black Gauge 3.0(2/0) on 75cm on 17mm 1/2 Circle Reverse Cutting Needle,,Medical supply,N/A,,,DAGU Item:55967
5bf021b4-928a-4409-bc2b-07e7dd470dfe,,,Cat Gut Chromic Gauge 3.5(2/0) 75cm on 38mm 1/2 Circle Round Bodied Needle,,Medical supply,N/A,,,DAGU Item:55968
ff925c0c-67b0-42b7-b51a-d964b8934b0d,,,Cat Gut Chromic Gauge 3.5(2/0) 75cm on 45mm 1/2 Circle Round Bodied Needle,,Medical supply,N/A,,,DAGU Item:55969
8289f844-14fa-46bf-a612-28336e858796,,,Poly Diaxone Monofilament Violet Gauge 4.0(1) 90cm on 40mm 1/2 circle round bodied taper needle,,Medical supply,N/A,,,DAGU Item:55970
67e35791-5e0b-4fb7-9987-0fe3b722ed79,,,Mersilk Braided Black Gauge 5.0(2) 75cm on 40mm 1/2 Circle Reverse Cutting Needle,,Medical supply,N/A,,,DAGU Item:55971
813b8c74-7cf1-45b0-a71d-9f6634c20c3d,,,Polyglycolic acid absorbable braided violet Guage 3.5(0)75cm on 48mm 1/2c Round Bodied Needle,,Medical supply,N/A,,,DAGU Item:55972
b71db582-552a-45d9-b07b-2788d3b90017,,,Autocheck 5+ level 3 Blue Box of 30 Ampules for ABL7XX/8XX S7755,,Medical supply,N/A,,,DAGU Item:55974
ea7cfb46-6712-42ef-b77a-c28e5d1a5157,,,Glove Surgical Latex Sterile No. 7.5,,Medical supply,N/A,,,DAGU Item:55975
196e8396-0dea-4975-a937-b87f0311bfaf,,,Pediatric hose set,,Medical supply,N/A,,,DAGU Item:56059
dcc3e4b9-97b5-4e89-8da3-d74e6e94afd1,,,Phase Reverser with Failure Control,,Medical supply,N/A,,,DAGU Item:56060
0dc81292-e269-44bb-b482-8b69df1bfd10,,,Sheeting PVC 100x100cm,,Medical supply,N/A,,,DAGU Item:56073
63b5028f-73a7-442c-8b26-f63d9ae7b50f,,,Blood Collecting Bag CPDA1 Anticoagulant Triple 450ml,,Medical supply,N/A,,,DAGU Item:56075
3705a400-caf9-4b55-973c-8cf6cdd2dd17,,,"Conical Flask Erlenmeger Borosilicate Glass 3.3, with Printed Graduation 500ml",,Medical supply,N/A,,,DAGU Item:56076
546d500f-376a-46ba-bee5-6a4224091b6c,,,Flask Heat and Chemical Resistant 500ml,,Medical supply,N/A,,,DAGU Item:56077
3c595468-a48a-40e6-b631-3215ba730470,,,Glass Volumetric Transfer Pipette 5ml,,Medical supply,N/A,,,DAGU Item:56078
d38a6315-3163-4b9c-9f20-b661e7cbd603,,,Resuscitator Bag (Ambu Bag) Adult,,Medical supply,N/A,,,DAGU Item:56081
2c06d858-2ef2-4600-8322-a7a2a5004e70,,,Universal Bottle or sputum Screw Capped for sputum Screw Capped,,Medical supply,N/A,,,DAGU Item:56082
5cc3d42b-f481-4b55-9739-45095bc0063c,,,Measuring Tape 2m,,Medical supply,N/A,,,DAGU Item:56088
54c3e0cd-1344-4aca-b70d-1a3f76e299ea,,,Syringe(AD) 5ml with Needle 23G,,Medical supply,N/A,,,DAGU Item:56089
d8c91fb5-2820-485e-8116-aca46b5ea15b,,,Polyamide Monofilament Gauge 0.2(10/0) 60cm on 6mm1/3 Circle Spatula Double Armed Needle,,Medical supply,N/A,,,DAGU Item:56091
bb3e61d8-c366-49a0-a6d1-7aa7978888fd,,,Polyamide Monofilament Gauge 0.3(9/0) 30cm on 6mm 3/8 Circle round Bodied Spatula Double Armed Needle,,Medical supply,N/A,,,DAGU Item:56092
f8b04e2f-5679-472a-9742-8706604f6952,,,Polyglycolic acid absorbable braided violet Gauge 2.0(3/0) 75cm on 19mm 3/8 Circle Reverse Cutting Needle,,Medical supply,N/A,,,DAGU Item:56093
c9bb08b4-6e82-4a2c-80ef-7ec11b8fc4b0,,,Mersilk Braided Black Gauge 3.0(2/0) 75cm on 20mm 1/2 Circle Round Bodied Needle,,Medical supply,N/A,,,DAGU Item:56096
75d1e385-c563-4fb0-ab1c-8095b253c929,,,Mersilk Braided Black Gauge 3.0(2/0) 75cm on 24mm 1/2 Circle Reverse Cutting Needle,,Medical supply,N/A,,,DAGU Item:56097
56467c60-21eb-43e5-861b-f8f661c4ddcd,,,Cat Gut Chromic Gauge 3.5(2/0) 70cm on 45mm 1/2 Circle Cutting Taper Needle,,Medical supply,N/A,,,DAGU Item:56098
f095fb6c-dfb0-4121-91bb-2f074054e555,,,Poly Diaxone Monofilament Violet Gauge 4.0(1) 50cm on 48mm 1/2 circle round bodied taper needle,,Medical supply,N/A,,,DAGU Item:56099
42f5abd4-3b31-4116-aa3a-2fd486dd3329,,,Mersilk Braided Black Gauge 4.0(1) 75cm on 22mm 3/8 Circle Reverse Cutting 22mm,,Medical supply,N/A,,,DAGU Item:56100
7d8eee77-ad49-4634-a2f9-425f89fadd3c,,,Mersilk Braided Black Gauge 4.0(1) 75cm on 32mm 1/2 Circle Round Bodied Needle,,Medical supply,N/A,,,DAGU Item:56101
d72ff08d-0bff-4892-9b8a-e98f3c5bae0f,,,Cat Gut Chromic Gauge 6.0(2) 75cm on 37mm 1/2 Circle Round Bodied Needle,,Medical supply,N/A,,,DAGU Item:56102
0b6c81b8-e2fe-4db7-adbf-04db57a523e9,,,Filter Paper Qualitative Whatman Grade 1 Diameter 90mm,,Medical supply,N/A,,,DAGU Item:56103
be7689e1-7608-43e6-9b73-f35638ba03e2,,,Multipette automatic 5 positions,,Medical supply,N/A,,,DAGU Item:56160
b801f63c-2c63-4a48-ae12-548727dfba04,,,Measuring Apparatus Pediatric Wooden 131cm,,Medical supply,N/A,,,DAGU Item:56162
99887687-87c1-4195-994d-0135cabff3ff,,,Vacutainer Blood Collection Tube with vacuum red top 10ml,,Medical supply,N/A,,,DAGU Item:56172
c9e62581-e789-49cf-9ea7-1f34e85b73fa,,,Capillary tube hematocrite heparinized,,Medical supply,N/A,,,DAGU Item:56176
2ccbc7f4-7841-4eb8-94fd-4cc56a49bcb5,,,Conical Centrifuge Tubes 50ml,,Medical supply,N/A,,,DAGU Item:56182
87dfbe0d-bf86-479f-adf4-e2ad267b4ad1,,,Blood Collecting Bag CPDA1 Anticoagulant Single 250 ml,,Medical supply,N/A,,,DAGU Item:56184
e425b3c0-5624-48ae-8c6d-dc6ae0a46aca,,,Applicator Wooden Stick with out Cotton Tip 15cm x 2.5mm,,Medical supply,N/A,,,DAGU Item:56188
87c6c92f-ec9c-435e-964f-926bc6b7069f,,,Applicator Stick Wooden with Cotton Tip 15cm x 2.2mm,,Medical supply,N/A,,,DAGU Item:56202
0f6a9acb-2af1-4ea4-9816-132839fdf351,,,Cat Gut Chromic Gauge 4.0(0) 75cm on 48mm 1/2 circle Round Bodied Needle,,Medical supply,N/A,,,DAGU Item:56225
822b8f83-e4af-459c-872d-d7569a824bfb,,,Mersilk Braided Black Gauge 2.0 (3/0) 75cm on 17mm 1/2 Circle Round Bodied Needle,,Medical supply,N/A,,,DAGU Item:56228
9de42fb3-3f2b-4d84-afc6-f7d3a8781106,,,Mersilk Braided Black Gauge 2.0(3/0) 75cm on 27mm 1/2 Circle Reverse Cutting Needle,,Medical supply,N/A,,,DAGU Item:56229
9e3ec040-1ec8-471d-9e8f-1b820868a609,,,Mersilk Braided Black Gauge 2.0 (3/0) 75cm on 17mm 1/2 Circle Reverse Cutting Needle,,Medical supply,N/A,,,DAGU Item:56231
cc0ddcac-9acc-4890-864e-e33137f792aa,,,Mersilk Braided Black Gauge 1.0 (4/0) 75cm on 19mm 1/2 Circle Reverse Cutting Needle,,Medical supply,N/A,,,DAGU Item:56232
fe5956fd-9e0c-445d-be40-d0b9269ef982,,,Polyglycolic acid absorbable braided violet Gauge 2.0 (3/0) 75cm on 36mm 1/2 Circle Round Bodied Needle,,Medical supply,N/A,,,DAGU Item:56233
65595630-c4ff-4e7a-96df-71b76675567b,,,Mersilk Braided Black Gauge 3.5(0) 75cm on 27mm 1/2 Circle Round Bodied Needle,,Medical supply,N/A,,,DAGU Item:56236
35bd5169-eefc-42f1-a52e-3b2cba0ee369,,,Polyamide Monofilament Gauge 0.3 (9/0) 13 cm on 64mm Spatula Double Armed Round Bodied Needle,,Medical supply,N/A,,,DAGU Item:56239
71c49c08-813a-4181-9862-c36a74abdf0b,,,Drainage Chest Tube 18FG,,Medical supply,N/A,,,DAGU Item:56254
1663464d-70d4-4f60-8058-2cf2d1e62f85,,,Catheter Condom Latex Medium 25mm,,Medical supply,N/A,,,DAGU Item:56255
2a1c0939-f457-46fc-905f-7afe1a7525f1,,,Catheter Foley Silconized Latex Two Ways 30 50ml Balloon 24CH,,Medical supply,N/A,,,DAGU Item:56257
7851fa04-00a8-43a4-81cc-240029537563,,,Catheter Foley Silconized Latex Three Ways 5 15ml Balloon 6CH,,Medical supply,N/A,,,DAGU Item:56258
2f536722-80cf-4305-91c8-837ea9598af5,,,Catheter Foley Silconized Latex Three Ways 5 15ml Balloon 4CH,,Medical supply,N/A,,,DAGU Item:56259
3c048831-ec3c-4194-801b-a9e7ea2489ba,,,Catheter Foley Silconized Latex Two Ways 5 15ml Balloon 6CH,,Medical supply,N/A,,,DAGU Item:56260
0d114e98-716d-4a81-8fe7-d06a6d346d57,,,Catheter Foley Silconized Latex Two Ways 5 15ml Balloon 4CH,,Medical supply,N/A,,,DAGU Item:56261
b8913aea-609a-4e86-87dc-086b129ec590,,,Scalp Vein Winged Infusion Set 29G,,Medical supply,N/A,,,DAGU Item:56262
750e380d-ce6f-4298-be0e-800fbd4e1fed,,,Cat Gut Chromic Gauge 7.0(3) 75cm on 48mm 1/2 Circle Round Bodied Needle,,Medical supply,N/A,,,DAGU Item:56263
322e0792-15b5-49ee-82d0-769070a0a3a6,,,Biohazard Bags Disposable Red,,Medical supply,N/A,,,DAGU Item:56386
48eb38af-7a42-4e97-984e-108b48977627,,,Biohazard Bags Disposable Yellow,,Medical supply,N/A,,,DAGU Item:56387
477b5e71-a69b-4564-b7af-847dfc010a48,,,Biohazard Bags Disposable Black,,Medical supply,N/A,,,DAGU Item:56388
30479d36-ec6c-46ac-8384-89683b3e00c5,,,Pasteur pipette glass,,Medical supply,N/A,,,DAGU Item:56389
ce3d59c8-05ac-43f3-8908-383256a3fe52,,,"Tourniquet for adult,ABS auto lock buckle,size 25x450x6mm,blue color.",,Medical supply,N/A,,,DAGU Item:56398
608c2aa2-5d49-4c5c-963c-66d4fde398c1,,,Cat Gut Chromic Gauge 3.0(3/0) 75cm on 25mm 1/2 Circle Reverse Cutting Needle,,Medical supply,N/A,,,DAGU Item:56429
be80645c-b435-4415-bd93-ca9177754e9b,,,Cat Gut Chromic Gauge 3.5(0) 75cm on 27mm 1/2 Circle Reverse Cutting Needle,,Medical supply,N/A,,,DAGU Item:56430
3f98aa43-0861-41d4-a2a5-8b3a33f4ede9,,,Cat Gut Chromic Gauge 4.0(0) 75cm on 30mm 1/2 Circle Reverse Cutting Needle,,Medical supply,N/A,,,DAGU Item:56431
f4e3b08e-4f7d-4748-a453-7534716c2cd2,,,Cat Gut Chromic Gauge 5.0(1) 75cm on 48mm 1/2 Circle Reverse Cutting Needle,,Medical supply,N/A,,,DAGU Item:56432
e25a7dc9-ad73-40ab-9a78-adae0f6b70e5,,,Cat Gut Chromic Gauge 6.0(2) 75cm on 35mm 1/2 Circle Reverse Cutting Needle,,Medical supply,N/A,,,DAGU Item:56433
9f39fc28-a5cd-45b0-8bbd-5ecdee22a072,,,Cat Gut Chromic Gauge 7.0(3) 75cm on 48mm 1/2 Circle Reverse Cutting Needle,,Medical supply,N/A,,,DAGU Item:56434
d9efa73e-96a5-4f4d-93bc-644ee3c87547,,,Glove Surgical Latex Sterile Powder Free No. 6.5,,Medical supply,N/A,,,DAGU Item:56435
c24bedec-a2d4-4a9a-9c28-109272cf6f1c,,,Glove Surgical Latex Sterile Powder Free No. 7,,Medical supply,N/A,,,DAGU Item:56436
5ba7df8c-68c6-44f8-a3ef-7dc224f7eca4,,,Glove Surgical Latex Sterile Powder Free No. 7.5,,Medical supply,N/A,,,DAGU Item:56437
f998a13d-be5a-4f81-86f7-ad0ba12c5af4,,,Glove Surgical Latex Sterile Powder Free No. 8,,Medical supply,N/A,,,DAGU Item:56438
4f4b95e5-4a57-4a66-a928-5c05642db8fb,,,"Specimen container 4 oz,graduated in ml,sterile,transluecent polypropylene,full turn screw thread,leak resistant seal,individually wrapped",,Medical supply,N/A,,,DAGU Item:56452
cbc8551d-c9bc-4c3c-8ed6-841abb2c16b5,,,Ultrasound Paper,,Medical supply,N/A,,,DAGU Item:56489
fabc294b-9403-41ab-8612-2ab83211ab51,,,Cat Gut Chromic Gauge 4.0(0) 150cm on 30mm 1/2 Circle Round Bodied Needle,,Medical supply,N/A,,,DAGU Item:56500
82b3e06c-c3c9-49ae-a1b4-18af209cf529,,,Cannula Intravenous Set External Diameter 1.3mm Length 45mm 16G,,Medical supply,N/A,,,DAGU Item:56505
297ec201-2879-42cd-bc7e-560725336ea7,,,Ultrasound Paper 110mm width x 20meter length,,Medical supply,N/A,,,DAGU Item:56526
9dce9bcd-b8cf-495a-8d07-d3280ec7a526,,,Filter Paper Qualitative Whatman Grade 1 Diameter 150mm with pore size 11µm,,Medical supply,N/A,,,DAGU Item:56537
9c070e67-7f35-4ede-a6bc-166b7df972c6,,,Catheter Foley Silconized Latex Three Ways 5 15ml Balloon 10CH,,Medical supply,N/A,,,DAGU Item:56546
0c20ed89-da27-4e0f-8f04-42c4ca6eab3c,,,Cannula Intravenous Set external diameter 1.1mm length 32mm 20G,,Medical supply,N/A,,,DAGU Item:56550
eab989ad-88b9-48e6-805a-3746a8ed3f19,,,Cannula Intravenous Set external diameter 0.9mm length 25mm 22G,,Medical supply,N/A,,,DAGU Item:56551
b47d2541-a6b0-4b4e-a829-10cc2ed6d034,,,Cannula Intravenous Set external diameter 0.7mm length 19mm 24G,,Medical supply,N/A,,,DAGU Item:56552
11724541-92f2-4db0-9bda-bb2a61a46434,,,Cannula Intravenous Set external diameter 1.3mm length 45mm 18G,,Medical supply,N/A,,,DAGU Item:56553
015d2357-d46e-4004-9673-7cd23c9c5332,,,Adhesive Plaster Zinc Oxide 12.5cmx10m,,Medical supply,N/A,,,DAGU Item:56555
bd8d5a2c-c7c0-4526-a236-8b19faedcec1,,,Endotracheal Tube sterile CH 3.5 cuffed,,Medical supply,N/A,,,DAGU Item:56556
c650cdea-6bd1-4c48-9fd9-f840bee8c119,,,Endotracheal Tube sterile CH 4 cuffed,,Medical supply,N/A,,,DAGU Item:56557
83bdac09-1f43-4fac-b59b-72ca2821f775,,,Endotracheal Tube sterile CH 4.5 cuffed,,Medical supply,N/A,,,DAGU Item:56558
84aed435-97ea-4b15-b580-1a6c2192408c,,,Endotracheal Tube sterile CH 5 cuffed,,Medical supply,N/A,,,DAGU Item:56559
2c26eee5-e271-48e1-9ab3-a6bdd2a1f178,,,Endotracheal Tube sterile CH 6.5 cuffed,,Medical supply,N/A,,,DAGU Item:56560
9941ee10-cdfd-4fd0-8d3d-15426813a01d,,,Endotracheal Tube sterile CH 8 cuffed,,Medical supply,N/A,,,DAGU Item:56561
719a085f-7043-4cd6-87d9-dae13659bc80,,,"Scalp Vein Winged Infusion Set with luer adapter 21G, 0.75 inch(19mm) needle, 7 inch(178mm) tubing",,Medical supply,N/A,,,DAGU Item:56562
484955c9-bf39-4230-b8c6-198e39d8fdfc,,,"Syringe (Disposable) (Sterile) 3 Parts, 20ml Luer fitting with 21G Needle",,Medical supply,N/A,,,DAGU Item:56563
73597487-a55b-411c-97e9-7b70f644b6ea,,,"Syringe (Disposable) (Sterile) 3 Parts, 3ml Luer fitting with 21G Needle",,Medical supply,N/A,,,DAGU Item:56564
1d070db7-168c-4833-8855-5ed8ee02c5f5,,,"Syringe (Disposable) (Sterile) 3 Parts, 3ml Luer fitting with 23G Needle",,Medical supply,N/A,,,DAGU Item:56565
99ecdb91-76c3-4490-a6b2-a30c21d7b0eb,,,"Syringe (Disposable) (Sterile) 3 Parts, 50ml Luer fitting with 21G Needle",,Medical supply,N/A,,,DAGU Item:56566
ffb3f6fa-d582-4440-af14-af240bc5ce21,,,"Syringe (Disposable) (Sterile) 3 Parts, 5ml Luer fitting with 23G Needle",,Medical supply,N/A,,,DAGU Item:56567
c0fdfb2b-7916-4b66-88e3-9a9b17860d5e,,,"Gauze Swab 10cmx10cm, 8plys sterile",,Medical supply,N/A,,,DAGU Item:56569
8f163959-c8bc-480c-8d2c-3b826f36b46c,,,"Colostomy Bag Adhesive Regulator Closed 30mm Opening, adult opec medium",,Medical supply,N/A,,,DAGU Item:56572
30da47e4-ec8c-4a5f-8fd2-b35c53c90e6c,,,Colostomy Bag Adhesive Regulator Closed 30mm Opening pediatric,,Medical supply,N/A,,,DAGU Item:56573
378a31e5-f0c7-4219-ad92-805cb1ee3f69,,,Mersilk Braided Black Gauge 3.5(0) 75cm on 32mm 1/2 circle cutting tapper Needle,,Medical supply,N/A,,,DAGU Item:56583
6b4ea861-40f8-415f-9038-a711c428560d,,,Catheter Suction 14CH,,Medical supply,N/A,,,DAGU Item:56585
bd4f339f-fbdd-488e-b59e-7360e70ebf92,,,Catheter Suction 8CH,,Medical supply,N/A,,,DAGU Item:56586
96e50741-348b-4f7b-bfba-7c8153d81807,,,Catheter Suction 16CH,,Medical supply,N/A,,,DAGU Item:56587
8564b290-cb70-4265-9834-f633dad44377,,,Tissue Paper 10cm x 15cm,,Medical supply,N/A,,,DAGU Item:56638
0b181d80-38c7-468e-a19e-a86cc46126d3,,,Tissue Paper for Lense Cleaning,,Medical supply,N/A,,,DAGU Item:56639
0437b900-8dc9-4ce3-96f4-cc87616e45ef,,,Tag For Refrigerator,,Medical supply,N/A,,,DAGU Item:56640
56c846d0-f700-41f7-b9e7-7ff75b3303c8,,,Socket Outlet,,Medical supply,N/A,,,DAGU Item:56642
d4d5c60f-57ea-45cf-9d05-c9b266ccf0eb,,,"Abbott 2000/COBAS Absorbent Underpad, 60x40 Inches",,Medical supply,N/A,,,DAGU Item:56643
e03bfe3f-139a-4957-99ed-39fd9caa52e4,,,Measuring Tape 1m,,Medical supply,N/A,,,DAGU Item:56645
f199800b-0517-4b97-95f0-5a09a458c88f,,,Oropharyngeal Air Way,,Medical supply,N/A,,,DAGU Item:56646
c0869325-f709-4ad2-a4a8-7794284436e1,,,Oxygen Nasal Catheter (Prongs) Pediatric,,Medical supply,N/A,,,DAGU Item:56647
45ecab81-802e-40d8-9b48-4ef94133224b,,,Lumbar Puncture Needle,,Medical supply,N/A,,,DAGU Item:56648
364d1592-86f0-4ef5-a25b-22674fef6365,,,Adult Cardio Pulmonary Resuscitation Defibrillation Manikin,,Medical supply,N/A,,,DAGU Item:56651
e145cca1-d645-452c-a549-52272e8c3834,,,Female Uretheral/Suprapubic Catheterization Trainer,,Medical supply,N/A,,,DAGU Item:56652
fe6bce25-67a0-491a-b65a-1f216d918621,,,Microbiology Bile Esculin Agar,,Medical supply,N/A,,,DAGU Item:56653
a725e31f-9158-42b4-aca9-47a7d8c7e8ce,,,Membrane Filtration Unit,,Medical supply,N/A,,,DAGU Item:56654
7f7b8bb0-eec3-4fab-a15a-78e1b3ee0b01,,,Umblical Cord Tie 6mm x 24.5m,,Medical supply,N/A,,,DAGU Item:56655
aa05f82c-20f6-43d2-9e33-addc60aec46a,,,Disposable Pressure measure,,Medical supply,N/A,,,DAGU Item:56656
44ff679f-ae2d-4d57-8a32-9da692c9f9b9,,,"Booklet Exercise and Manual,CBNC Amharic Exercise and Manual,CBNC Amharic",,Medical supply,N/A,,,DAGU Item:56659
fba7bd98-8702-40c1-9361-ca8656ebe0ec,,,Sterican single use dental needle G25,,Medical supply,N/A,,,DAGU Item:56660
3e24196f-dc9b-4791-961d-481193811df1,,,Sterican dental hypodermic needle G27,,Medical supply,N/A,,,DAGU Item:56661
dfb65dd3-6647-4930-adb3-8a20a9154718,,,"Goggle Safety HO;Yga Laser,27750095",,Medical supply,N/A,,,DAGU Item:56662
b14ed2ae-3777-4049-a1bf-939bcc8108d3,,,Insertion Accessories Kit for Implanol 25 Insertion/removal Procedure kit for 25 implanons,,Medical supply,N/A,,,DAGU Item:56664
397f8382-df7c-488d-a675-cecc25a5f441,,,Autoclave Indicator Tape 1.9cm x 50m,,Medical supply,N/A,,,DAGU Item:56666
8fe717d0-6d8b-4cb4-b79b-9e5a26145217,,,Pipette Class A 5ml,,Medical supply,N/A,,,DAGU Item:56667
354bac6e-d678-43d1-958f-b9c5d14d85db,,,Pipette Class A 10ml,,Medical supply,N/A,,,DAGU Item:56668
f19034f3-2f08-4808-bb16-8e2975c02810,,,IV Training Arm Infant,,Medical supply,N/A,,,DAGU Item:56669
f5be6141-4984-454c-9dc0-a434d021eb1c,,,PIMA CD4 Cartridge,,Medical supply,N/A,,,DAGU Item:56684
4712862f-6ce9-4b15-82f2-f7ebbca53387,,,Blood Lancet,,Medical supply,N/A,,,DAGU Item:56784
0dafd9a5-3200-4027-9070-7e3f157d7c07,,,Clinical Chemistry Lactate Dehydrogenase (LDH),,Medical supply,N/A,,,DAGU Item:56785
7a0a782f-aacd-4619-adc3-ed416335f8d7,,,"FACSCalibur Falcon Tubel, 5ml",,Medical supply,N/A,,,DAGU Item:56793
5ee44824-079c-455e-a860-f9a1621e03f7,,,Catheter Umblical,,Medical supply,N/A,,,DAGU Item:56794
ea7c0e87-eabc-4f9d-9bd7-2027e8ecabfc,,,Paster Pipette Sterile 3.5 ml Capacity,,Medical supply,N/A,,,DAGU Item:56797
d1f5684c-eefc-4b16-974c-614a8448da9d,,,"Abbott 2000/COBAS Absorbent Underpad, 17x24 Inches",,Medical supply,N/A,,,DAGU Item:56798
cfc90ba1-5c3f-4fea-a848-575ae435ac7d,,,"Abbott 2000/COBAS Shoe Cover, Disposable",,Medical supply,N/A,,,DAGU Item:56799
e18dd8a1-2688-4b8a-811d-68e6563b5741,,,"Abbott 2000/COBAS Aerosol Resistant Pipette Tips, 1000ul",,Medical supply,N/A,,,DAGU Item:56800
a9a5bd5a-6cee-4b1e-88b3-8e0c5bc8fe7a,,,"Abbott 2000/COBAS Aerosol Resistant Pipette Tips, 200ul",,Medical supply,N/A,,,DAGU Item:56801
f93c6880-db19-4326-9996-1922045c638f,,,"Abbott 2000/COBAS Falcon Tube, 50ml",,Medical supply,N/A,,,DAGU Item:56802
04278e6f-0ca6-4734-a817-0b1670c2593c,,,Vacutainer Needle Multiple Blood Sampling,,Medical supply,N/A,,,DAGU Item:56803
4c7cc6c1-4860-44a0-8071-69ba0d6b355c,,,"Test Tube, Polypropylene",,Medical supply,N/A,,,DAGU Item:56804
36114f98-07b1-4d1b-a6a0-5f2f9ebf8002,,,"Microtainer Tube, k2EDTA 250 500 ul",,Medical supply,N/A,,,DAGU Item:56882
29cf0091-e1f4-4f8f-9a8b-3f389410b7bc,,,FACSCount Thermal Paper,,Medical supply,N/A,,,DAGU Item:56908
40a5e187-9e4a-4c9c-b012-1b77b6c5555c,,,Dental Needle 27G,,Medical supply,N/A,,,DAGU Item:56950
d0c2fc87-b5f0-42c4-94c1-da7f9d79be4e,,,Bandage Elastic 8cm x 4m,,Medical supply,N/A,,,DAGU Item:56959
df8a8af0-526c-4484-9c13-c1bcf621a809,,,Talc Dusting Powder,,Medical supply,N/A,,,DAGU Item:56969
fbb4e219-3f9a-446f-b5c6-4781a542c39e,,,Hemocytometer Improved Neubauer,,Medical supply,N/A,,,DAGU Item:56970
0090951c-580c-476e-9462-be33a93d9697,,,Cotton Elastic Bandage 8cm x 5m,,Medical supply,N/A,,,DAGU Item:56971
5e6e1039-d1ab-422d-899d-c61b1027e091,,,Sharps Container 5L,,Medical supply,N/A,,,DAGU Item:56973
cb82dcdb-033c-49fc-ba7c-08c18e255b0f,,,Vacutatiner Needle Holder,,Medical supply,N/A,,,DAGU Item:56974
1e36826d-e135-4548-9b4b-7ab06db8d974,,,"Abbott 2000/COBAS Pipette Transfer Sterile, 5.8ml",,Medical supply,N/A,,,DAGU Item:56975
c2216989-ca5a-48a5-be83-74d6c69505ee,,,Plaster Of Paris (P.O.P) 7cm x 3m,,Medical supply,N/A,,,DAGU Item:56976
a209a9b6-74ba-49d1-a24b-173fb004e30e,,,Adhesive Plaster Zinc Oxide 7.5cm x 10m,,Medical supply,N/A,,,DAGU Item:56977
78e7c11c-d7ba-49f8-b0ce-7dd2ac172678,,,Adhesive Plaster Zinc oxide (19x72mm + 25x72mm) (12 + 8) pices,,Medical supply,N/A,,,DAGU Item:56978
ae1080b0-2bc5-4f31-8c69-f7c71200553d,,,Gauze Absorbent Cotton 8cm x 4m,,Medical supply,N/A,,,DAGU Item:56979
d3475e64-7ee6-4b55-9eec-1abbedb477cc,,,Adhesive Plaster Zinc Oxide 12.5cm x 10cm,,Medical supply,N/A,,,DAGU Item:56980
bf294dda-6af3-48a8-b34a-2f89c40b08fe,,,Polyglycolic acid absorbable braided violet,,Medical supply,N/A,,,DAGU Item:64488
48ab4c90-67a0-43fc-9e81-f3f27a9fb830,,,Adhesive Plaster Zinc Oxide 12.5cm x 10m,,Medical supply,N/A,,,DAGU Item:56982
1df8f682-dd13-4b28-93a5-454e291a9e18,,,Gauze Bandage 18.5cm x 5m,,Medical supply,N/A,,,DAGU Item:56983
f3bd8897-9eca-460a-a1b8-ecf18c575c8c,,,Bandage Elastic 7.5cm x 5m,,Medical supply,N/A,,,DAGU Item:56984
0539cd39-a943-4922-aff6-2f17a7f1b5d4,,,Gauze Bandage 18cm x 5m,,Medical supply,N/A,,,DAGU Item:56985
8bfbbaff-08a8-4a84-b7e8-f9c44da2193b,,,Label Tape Self Adhesive Yellow,,Medical supply,N/A,,,DAGU Item:56986
7916014a-e0eb-4ef2-960e-6dc5c445f0d7,,,Label Tape Self Adhesive Red,,Medical supply,N/A,,,DAGU Item:56987
56945894-49d1-4d1f-8917-7bf31e2afc97,,,Label Tape Self Adhesive blue,,Medical supply,N/A,,,DAGU Item:56988
8e6f7720-bf94-4e09-ba1d-b564ec6b5769,,,Bandage Elastic 8cm x 5m,,Medical supply,N/A,,,DAGU Item:56989
74f6438c-a58e-4163-a99f-e0a12d308c6f,,,"Bandage Elastic 3""x6YD",,Medical supply,N/A,,,DAGU Item:56990
d3ded332-b01d-421a-a85f-644fdf6de35e,,,"Applicator Cotton Tipped, Non Sterile Non Steril 6''",,Medical supply,N/A,,,DAGU Item:56991
abb6e4c7-f85b-41c7-a438-32eb8fd14da0,,,Bandage Elastic 3X5yd,,Medical supply,N/A,,,DAGU Item:56992
389c6c37-2e5e-4e0f-bc63-cb7e8879b061,,,Abbott VL/EID m2000 Optical Adhesive Cover,,Medical supply,N/A,,,DAGU Item:56993
aab5b672-6b47-447c-8280-1b77edfaa123,,,Gauze Surgical 90cm x 90m,,Medical supply,N/A,,,DAGU Item:56994
681deae8-8100-4ecc-a328-e9b0495c293f,,,Adhesive Tape 5cm x 9m,,Medical supply,N/A,,,DAGU Item:56995
8a9b449d-557d-48fe-8c71-8332b693134d,,,Gauze Bandage 12.5cm x 5m,,Medical supply,N/A,,,DAGU Item:56996
e510c0d0-f72a-45a1-8614-32aa0a080f68,,,Gauze Bandage 12.5cmx5cm,,Medical supply,N/A,,,DAGU Item:56997
20635f03-856e-4499-9fc2-fe44d37dee29,,,Bandage Elastic 4cm x 8m,,Medical supply,N/A,,,DAGU Item:56998
958d23cc-21c5-4e90-b2c0-59a662d8a898,,,Pad Absorbent under layer blue polyethylene film with white non woven,,Medical supply,N/A,,,DAGU Item:56999
d6a3495f-90de-4274-b548-f240a1f8f31d,,,plastic Bag (Laundary) 25x35inch,,Medical supply,N/A,,,DAGU Item:57000
85f57aca-f887-4be4-a8e5-998b55aeb08c,,,Plastic Tote Boxe,,Medical supply,N/A,,,DAGU Item:57001
83ccff94-f7bd-44bb-a682-295e48146b36,,,"Abbott 2000/COBAS Absorbent Underpad, 20x36 Inches",,Medical supply,N/A,,,DAGU Item:57003
b96905b1-a4a1-49d5-8c64-be6459d721d4,,,"Blood Collecting Bag Triple CPDAI Anticoagulant, 450ml",,Medical supply,N/A,,,DAGU Item:57004
9af042aa-74c5-43f1-b26d-e4b9bf3063ae,,,Blood Collecting Bag CPDA1 Anticoagulant Triple 450ml,,Medical supply,N/A,,,DAGU Item:57005
cae67d17-bfae-4c4d-85a3-20c7f28824d8,,,Goggle Safety,,Medical supply,N/A,,,DAGU Item:57006
6db26766-1f45-4953-b23e-d507280de45c,,,Pipet Transfer,,Medical supply,N/A,,,DAGU Item:57007
6ceac33a-94af-4907-bce0-061a49df4f4d,,,"BD Facs Count Multi Check CD4,High,Control",,Medical supply,N/A,,,DAGU Item:57011
27a294f5-3aa5-4690-a2f6-46e86361c037,,,"Abbott 2000/COBAS Aerosol Resistant Pipette Tips, 200ul 200ul",,Medical supply,N/A,,,DAGU Item:57012
1a8b7522-0ee1-4309-99e1-8742e843925e,,,"Abbott 2000/COBAS Aerosol Resistant Pipette Tips, 1000ul 1000ul",,Medical supply,N/A,,,DAGU Item:57013
d2ceea66-a36c-4ceb-b562-6ab718ac8b8c,,,Dropping Bottle with Ground Glass Stopper 50ml,,Medical supply,N/A,,,DAGU Item:57014
dca9885b-a9b1-45b9-9c65-dfe8395bcf19,,,Vacutainer Tube Without Needle 10ml,,Medical supply,N/A,,,DAGU Item:57015
a1fc007b-2f6f-4136-a9b5-b4cd07f0bef4,,,Microscope Slide,,Medical supply,N/A,,,DAGU Item:57016
94df5f50-3913-4866-815a-5e5183241195,,,"Boots Rubber, Bleach Resistant 38 Size",,Medical supply,N/A,,,DAGU Item:57017
996bcdf7-a0a3-44ae-831e-0ef07e4a6419,,,"Boots Rubber, Bleach Resistant 39 Size",,Medical supply,N/A,,,DAGU Item:57018
b4e132eb-3d61-4c16-ad34-b194234f35e0,,,"Boots Rubber, Bleach Resistant 40 Size",,Medical supply,N/A,,,DAGU Item:57019
89070886-a364-4be7-a41c-6746277c4188,,,"Boots Rubber, Bleach Resistant 41 Size",,Medical supply,N/A,,,DAGU Item:57020
bfacd4da-7806-4221-8649-d56a625e3347,,,"Boots Rubber, Bleach Resistant 42 Size",,Medical supply,N/A,,,DAGU Item:57021
f96efc11-806e-49cd-8ff6-8ae5b7033d9a,,,Xpert MTB/RIF,,Medical supply,N/A,,,DAGU Item:57022
e90794bf-833e-443e-bc65-806beee51d1f,,,"""Glass Graduated Pipette "" 2ml,0.02ml",,Medical supply,N/A,,,DAGU Item:57023
460a8a36-6783-49af-b49d-5e8843f7b9ea,,,"""Glass Graduated Pipette "" 5ml,0.05ml",,Medical supply,N/A,,,DAGU Item:57024
e5e761e0-a506-4027-87cb-963c23c478e0,,,"""Glass Graduated Pipette "" 10ml,0.1ml",,Medical supply,N/A,,,DAGU Item:57025
0cd7dee4-d87e-46c6-b63a-1d0f9628a88e,,,"Blue Tips, Micropippette, 1000µl",,Medical supply,N/A,,,DAGU Item:57026
9b7f3d2e-2942-4479-b141-20198217eef8,,,White Blood Cell (WBC) Thoma Pipette,,Medical supply,N/A,,,DAGU Item:57027
3d8c6c02-0a77-4e32-a014-7d2ffb560f7c,,,Sysmex Kx21N Thermal paper,,Medical supply,N/A,,,DAGU Item:57028
94d39207-4677-40bd-904e-9f1ff0e76661,,,Bottle plastic Baby 150ml,,Medical supply,N/A,,,DAGU Item:57029
308dedd8-23c6-4ed1-8033-8955b81dd497,,,Paster Pipette Non Sterile 7.5 ml Capacity,,Medical supply,N/A,,,DAGU Item:57030
5811ce9a-9548-4aeb-9983-7a05ee79d33a,,,"Abbott 2000/COBAS Absorbent Underpad, 16x24 Inches",,Medical supply,N/A,,,DAGU Item:57031
7ce9833c-11e9-477e-a964-d69e94694938,,,Catheter Suction Silconized with Funnel 22CH,,Medical supply,N/A,,,DAGU Item:57032
ab66abf8-7da9-4089-83f7-feda92f4ff6b,,,Tissue Paper for Lense Cleaning 10cm x 15cm,,Medical supply,N/A,,,DAGU Item:57033
3e5ab5fa-a34c-4ebf-a764-74718312e4a9,,,"Blood Collecting Tube Plasma Preparation Tube, K2 EDTA+Polymergel, 5ml",,Medical supply,N/A,,,DAGU Item:57034
c6c1cd0a-5d6d-437a-b536-09c934fe1bfb,,,Glove Examination Powder Free Nitrile Non Sterile Medium,,Medical supply,N/A,,,DAGU Item:57035
024491f9-36e3-4a25-92c3-82818668ab79,,,Microscope Slide Frosted,,Medical supply,N/A,,,DAGU Item:57036
97fc07a9-2637-4f21-af64-830aa6a8bd61,,,"Lab Coat, Blue, Large, Disposable",,Medical supply,N/A,,,DAGU Item:57038
edff8c66-bcc2-4b6a-8df9-d541066c5a03,,,"Lab Coat, White, Medium, Disposable",,Medical supply,N/A,,,DAGU Item:57039
59f28ae8-c8f4-486e-9dab-5d8288e3608b,,,Abbott 2000/COBAS Lint Free Cloth,,Medical supply,N/A,,,DAGU Item:57040
ec1d6ce6-9f8e-47ff-91a3-cc1df1c2f7a1,,,"Chemical Mask, Disposable, Adult size disposable Adult size",,Medical supply,N/A,,,DAGU Item:57041
5004bd1f-17ab-40d3-b67a-e331014e84bc,,,Vacutainer Blood Collection Tube with vacuum red top,,Medical supply,N/A,,,DAGU Item:57042
308d76b2-33b5-49b6-ba61-5198b884dfb1,,,Vacutainer serum separator tube with yellow top,,Medical supply,N/A,,,DAGU Item:57043
4ee337f6-3aad-4ef6-bf11-82fda6f236e1,,,Spirit lamp glass type with wick for alcohol,,Medical supply,N/A,,,DAGU Item:57044
068702d1-8cf0-4eb7-b9d6-95bbe64c3608,,,"Sputum Cup, Plastic with Screw Cap",,Medical supply,N/A,,,DAGU Item:57045
d6fd4fb3-3348-4a08-88f6-4b7c76ba48e5,,,Endotracheal Tube Steriel Cuffed 3CH,,Medical supply,N/A,,,DAGU Item:57046
ffd96bf9-cfa6-4cf2-87ed-05b7d70ea2d0,,,"Pump Breast, Manual 30ml",,Medical supply,N/A,,,DAGU Item:57047
7362c764-2c01-4aff-8d1b-c2005508e1ad,,,Serology Filariasis Test Strip,,Medical supply,N/A,,,DAGU Item:57048
ca6ba524-cbac-4817-ad3e-4481f46bf0e6,,,"Test tube glass, heat and chemical resistant",,Medical supply,N/A,,,DAGU Item:57049
491ddb0f-c7e4-4c79-80fc-6570440161e8,,,"Abbott 2000/COBAS Pipette Transfer Sterile, 3ml",,Medical supply,N/A,,,DAGU Item:57050
22f6b6dd-c1cc-4a73-ac79-170ddf96ce5a,,,"Capillary Tube, Ethylene Diamine Tetra Acetic Acid (EDTA), 75mm Length, 1.1 1.2mm Internal Diameter, 1.5 1.6mm Outside Diameter",,Medical supply,N/A,,,DAGU Item:57051
2e5d2235-272a-4ceb-9ade-9750ef573f7a,,,"Blood Collecting Tube Serum Separator, 5ml With Clot Activator Gel 5ml",,Medical supply,N/A,,,DAGU Item:57052
9a41bfa2-aaf8-4ce8-8580-d8cd7dce8648,,,"Blood Collecting Tube PL K2 EDTA, 4ml",,Medical supply,N/A,,,DAGU Item:57053
5d4e1114-52a0-4d0e-80be-e05f7700a28f,,,"Blood Collecting Tube Serum Separator, 10ml",,Medical supply,N/A,,,DAGU Item:57054
e3b41765-2870-4d82-9a17-4370480c552a,,,"Blood Collecting Tube Serum Separator, 5ml",,Medical supply,N/A,,,DAGU Item:57055
f062c7bf-8540-484c-9f3f-6895c9297c72,,,"Vacutainer Needle Multiple Blood Sampling, 21G",,Medical supply,N/A,,,DAGU Item:57056
21361c34-3a8f-4083-83e7-4f9393ac9f39,,,"Cover Slide, 22mm X 22mm, 0.13 Depth",,Medical supply,N/A,,,DAGU Item:57057
7e143965-7792-4a09-8257-7e31ccde77ee,,,X ray Film Developer to Make 10 Liters,,Medical supply,N/A,,,DAGU Item:57211
06593ea8-3909-438b-af39-a63289b7afef,,,Condom Male Latex 180mm x 53mm,,Medical supply,N/A,,,DAGU Item:57233
480277b0-9035-4285-8484-cd6bb0f63a9c,,,Oxygen Nasal Catheter (Prongs) Adult,,Medical supply,N/A,,,DAGU Item:57240
6f800c0a-4625-4cd2-bf66-fe59d71fcc92,,,"Sputum Cup, Plastic, Screw Cap, 50ml",,Medical supply,N/A,,,DAGU Item:57257
3b3f58ef-9d93-4145-8ef7-233cda716c17,,,Hypodermic Needle 12G,,Medical supply,N/A,,,DAGU Item:57258
4a079b80-c79a-4a4f-9eed-66295353c2c1,,,Hypodermic Needle 30G,,Medical supply,N/A,,,DAGU Item:57265
a27c919a-6c7f-41e6-b87b-bca4b8dd5f46,,,Face Mask Standard Adult Size,,Medical supply,N/A,,,DAGU Item:57266
e8974da8-71be-49d6-9fb0-408e5e1acfc7,,,Goggle Safety clean lens perfoared fram to provide excellent ventilation and reduced fogging,,Medical supply,N/A,,,DAGU Item:57267
3b76b194-3242-44d8-a0be-73fcc8eb25d0,,,Printer Paper,,Medical supply,N/A,,,DAGU Item:57271
e9f303ce-6509-49fe-8be9-0c302b52cc46,,,Oxygen Nasal Catheter (Prongs) Child,,Medical supply,N/A,,,DAGU Item:57274
681f085e-e53a-4fe9-b502-c50caafff4d6,,,Stove Single Burner Kerosene Heated Silent Type 1.5L,,Medical supply,N/A,,,DAGU Item:57275
47853fa7-c212-4501-ac12-bbd875ec09f0,,,Incinerator Plastic Bin 22L,,Medical supply,N/A,,,DAGU Item:57276
8dde0862-e25d-4f14-8c25-41353e2d0826,,,Hypodermic Needle 16G,,Medical supply,N/A,,,DAGU Item:57281
6c022fae-9a0b-46d1-b0b5-39acf2ac4abc,,,Bednet Mosquito Replant 160x180x150,,Medical supply,N/A,,,DAGU Item:57285
0aeeba7d-13a2-40f8-a30d-a4b45db4a1a3,,,"Yellow Tips, Micropippette, 100µl",,Medical supply,N/A,,,DAGU Item:57286
a7f5d67b-5a84-4959-abac-ec83d66f3f5d,,,Hypodermic Needle 23G,,Medical supply,N/A,,,DAGU Item:57288
28f95b28-b50e-4a13-8290-c60289bab6b0,,,Hypodermic Needle 20G,,Medical supply,N/A,,,DAGU Item:57289
e24fbe23-6253-4af6-b447-bf5606d4fe02,,,"Catheter Nasal Oxygen, Adult",,Medical supply,N/A,,,DAGU Item:57290
1fe08ee6-e127-4a1d-b7eb-b2582cc27f57,,,"Catheter Nasal Oxygen, Paediatric",,Medical supply,N/A,,,DAGU Item:57291
509dd007-bd3e-42b7-b365-025b1f839bda,,,Sharp Container 5L,,Medical supply,N/A,,,DAGU Item:57292
dab8d38f-91d9-48dc-8273-bddf033e2f08,,,Sharp Container 8L,,Medical supply,N/A,,,DAGU Item:57293
331977d9-4c44-4850-9d11-d07d4d0deac8,,,Naso Gastric Tube Sterile 15CH,,Medical supply,N/A,,,DAGU Item:57296
71bd4580-1356-48ea-9277-60c833712bdb,,,Tongue Depressor (Spatula) wooden,,Medical supply,N/A,,,DAGU Item:57297
70cd8b68-9686-49e1-b4be-79b41fc31c7e,,,Naso Gastric Tube Sterile 4CH,,Medical supply,N/A,,,DAGU Item:57298
fd7e2fe9-4fd6-451c-9b51-047661e5aca6,,,"Bulb Syringe, Baby",,Medical supply,N/A,,,DAGU Item:57301
e4ff64f3-dd41-4c9b-8b34-a131c7facbdc,,,Implanol Insertion Accessories Kit for 20 Insertion/removal Procedure kit for 20 implanons,,Medical supply,N/A,,,DAGU Item:57303
3d5ac7fc-63ce-422f-b011-109de9be41a8,,,"Abbott 2000/COBAS Absorbent Underpad, 20x24 Inches",,Medical supply,N/A,,,DAGU Item:57304
18458adf-4d96-46ce-bc4d-985288b20a12,,,Aluminum Foil (Diamond),,Medical supply,N/A,,,DAGU Item:57305
de4c204d-e950-4309-b88c-58becbf86d5b,,,Catheter Suction transparent with funnel silconized infant size (Sterile) for single use,,Medical supply,N/A,,,DAGU Item:57307
c68fccd7-a9bd-4f13-8c4c-5d5913579ee8,,,Catheter Suction transparent with funnel silconized adult size(Sterile) for single use,,Medical supply,N/A,,,DAGU Item:57308
5bc2fff7-baae-42a3-af80-0c47aeca21d8,,,Autoclave Indicator Tape 1.9cm x 55cm,,Medical supply,N/A,,,DAGU Item:57309
8b4a6910-1afe-45fc-96f3-a7059dba3d58,,,"Blood Lancet, Disposable, Sterile",,Medical supply,N/A,,,DAGU Item:57310
2921d0dc-c442-48aa-9bfc-28286d5fcc0e,,,Umblical Cord Tie 3mm x 50m,,Medical supply,N/A,,,DAGU Item:57311
7e3a0331-93a9-41e1-bef2-2d7d1a0b78bd,,,Microscope Slide holder for 100 slides,,Medical supply,N/A,,,DAGU Item:57312
0869f74d-3aba-48eb-9a8d-87234e00cad5,,,Microscope Slide holder for 32 slides,,Medical supply,N/A,,,DAGU Item:57313
3a514747-de31-453c-9d88-aafba718f919,,,Naso Gastric Tube Sterile 10CH,,Medical supply,N/A,,,DAGU Item:57314
295ba5a5-3f27-46cd-980c-1d533ef20aa3,,,Endotracheal Tube Steriel Cuffed 5.5CH,,Medical supply,N/A,,,DAGU Item:57315
7369fb80-d321-4459-a38d-a45ba50c68b3,,,Endotracheal Tube Steriel Cuffed 7CH,,Medical supply,N/A,,,DAGU Item:57316
12242648-c973-4f58-a55c-1dd2a0ce60a6,,,Endotracheal Tube Steriel Cuffed 7.5CH,,Medical supply,N/A,,,DAGU Item:57317
73fe8805-f135-45c9-b9ba-ccd66d206a80,,,Endotracheal Tube Sterile Cuffed 8.5CH,,Medical supply,N/A,,,DAGU Item:57318
2a57f0fe-fd4e-4294-bb7f-209146a93e14,,,Mid Upper Arm Circumference(MUAC) measuring tape Children,,Medical supply,N/A,,,DAGU Item:57319
9ed348bf-48ca-4a7f-98c1-e54e2f5a1fa2,,,Glove Examination Powder Free Nitrile Non Sterile Small,,Medical supply,N/A,,,DAGU Item:57320
8fff5956-3273-4b62-9830-fece40a5a5c1,,,Mersilk Braided Black Gauge 1.5 (4/0) 75cm on 19mm 1/2 Circle Reverse Cutting Needle,,Medical supply,N/A,,,DAGU Item:57321
0c9ad455-dfd3-403e-b469-8c2765183b7b,,,Mersilk Braided Black Gauge 3.5 (0) 75cm on 27mm 1/2 Circle Reverse Cutting Needle,,Medical supply,N/A,,,DAGU Item:57322
31052943-07ac-4caa-8580-5b36e920e6cc,,,"Colostomy Bag, Adhesive, Regulator Closed 30mm Opening",,Medical supply,N/A,,,DAGU Item:57323
e944e81f-95dd-4982-8a22-ee3dc93b8f50,,,"Blood Collecting Bag Single CPDA Anticoagulant, 450ml",,Medical supply,N/A,,,DAGU Item:57324
e6129b37-1d16-4465-a0f8-28273a71c82f,,,Blood Collecting Bag CPDA1 Anticoagulant Single 450ml,,Medical supply,N/A,,,DAGU Item:57325
493682cf-8351-4ff4-9436-7eac27f76609,,,"Blood Collecting Bag, Single CPDA Anticoagulant 350ml",,Medical supply,N/A,,,DAGU Item:57326
0216073d-1abf-4ee9-8e25-a6c97005b450,,,Microscope Slide Box,,Medical supply,N/A,,,DAGU Item:57327
37ef2bc9-4ac4-4376-b8e9-6a89ff29ac9b,,,Catheter Suction Silconized with Funnel 6CH,,Medical supply,N/A,,,DAGU Item:57328
a388b35d-38de-4faf-9515-42621d5e3a62,,,Polyamide Monofilament Gauge 0.2 (10/0) 30cm on 5mm Circle Spatula Double Armed Needle,,Medical supply,N/A,,,DAGU Item:57329
6c4059e3-8f46-46de-97b2-c20c2c29a10e,,,Polyglycolic acid absorbable braided violet Gauge 0.5(7/0) 45cm on 13mm 1/2 Circle Round Bodied taper needle,,Medical supply,N/A,,,DAGU Item:57330
fcd92654-2017-4aa1-ad9c-54e163d9aac9,,,Blood Collection Set Infussion 3/4x23G,,Medical supply,N/A,,,DAGU Item:57331
ed81d4ca-1cf7-4b62-a64f-a99d378020fe,,,Glove Examination Powder Free Nitrile Non Sterile Large,,Medical supply,N/A,,,DAGU Item:57333
7dca8884-baca-4833-9e7c-a34ace73e385,,,Naso Gastric Tube Sterile 12CH,,Medical supply,N/A,,,DAGU Item:57334
8c365cf9-b181-4989-9a4a-72704afacd7f,,,Naso Gastric Tube Sterile 14CH,,Medical supply,N/A,,,DAGU Item:57335
7f6ea789-093f-48fe-8837-40aeac8223e9,,,Naso Gastric Tube Sterile 16CH,,Medical supply,N/A,,,DAGU Item:57336
61046911-e429-4c1c-b540-bef00d283108,,,Naso Gastric Tube Sterile 18CH,,Medical supply,N/A,,,DAGU Item:57337
4e22a525-3f86-47f3-bd24-a079c71f1d7e,,,Naso Gastric Tube Sterile 6CH,,Medical supply,N/A,,,DAGU Item:57338
7c448765-c39f-4107-8de2-a438c36b080a,,,Naso Gastric Tube Sterile 8CH,,Medical supply,N/A,,,DAGU Item:57339
4805946e-d338-4249-82a9-db612aac1f5e,,,Surgical Scalpel Blade No.11,,Medical supply,N/A,,,DAGU Item:57340
90c4aa1e-a8ce-4786-85ee-c6597303dc9e,,,Surgical Scalpel Blade No.12,,Medical supply,N/A,,,DAGU Item:57341
21075813-8c99-4db5-a672-90bf0c5f882d,,,Surgical Scalpel Blade No.15,,Medical supply,N/A,,,DAGU Item:57342
f08f309f-e23c-426f-9bfa-71c6cf851faf,,,Surgical Scalpel Blade No.23,,Medical supply,N/A,,,DAGU Item:57343
c743815c-7dc6-4e7c-bd82-715378874730,,,"Paster Pipette Sterile 5.8 ml Capacity, Non graduated",,Medical supply,N/A,,,DAGU Item:57442
dba98ab0-901c-42e7-b7bb-d269fab10fe8,,,Microbiology Oxacillin 1µg Disc,,Medical supply,N/A,,,DAGU Item:57443
80b98aa0-d489-4111-abfd-37258aa18507,,,Measuring Tape 1m,,Medical supply,N/A,,,DAGU Item:57444
338f7961-2a57-4c7e-bfc1-79a7989c5139,,,Sputum Cup 60ml,,Medical supply,N/A,,,DAGU Item:57445
b70c95f2-9b28-49bb-bdcf-b7dbfe89db64,,,Spatula,,Medical supply,N/A,,,DAGU Item:57449
3772d921-b412-453b-9fde-1194110babbc,,,Pipette 5ml,,Medical supply,N/A,,,DAGU Item:57450
8f502d95-1856-48a1-b943-5cbf38d751a9,,,Pipette 15ml,,Medical supply,N/A,,,DAGU Item:57452
84377f01-d3c3-4237-971a-ed8f3588033e,,,Pipette 25ml,,Medical supply,N/A,,,DAGU Item:57453
b3779604-4efe-44de-ae30-5e1a3b0ab773,,,Pipette 50ml,,Medical supply,N/A,,,DAGU Item:57454
4693292b-6e2f-4505-8d04-caadf993bbac,,,Apron Plastic Reusable Autoclavable Medium White,,Medical supply,N/A,,,DAGU Item:57455
76dcf5bc-8739-4c22-a165-53c969e285e8,,,Cryobox (Vial box) 9 x 9 Array 1.0/2.0ml,,Medical supply,N/A,,,DAGU Item:57456
ab23e25a-08fc-4a87-b8db-0f216371af28,,,Conical Centrifuge Tubes 15ml,,Medical supply,N/A,,,DAGU Item:57458
61c3461d-f812-4df2-baa1-ac10b5254f84,,,Wash Bottle Plastic 500ml,,Medical supply,N/A,,,DAGU Item:57460
91fa4620-bbdb-47df-96a3-7d8488c5af9d,,,"Pipette Serological,Disposabel,streile,graduated,clear,polystyrene 25ml",,Medical supply,N/A,,,DAGU Item:57462
e4f12e3a-ff47-4a29-a823-b3c9fba1f8e1,,,PIMA Finger Stick Sample Collection Kit,,Medical supply,N/A,,,DAGU Item:57463
d795d9ed-cb0a-45ec-84be-aa31f040e576,,,Blood Collecting Bag CPDA1 Anticoagulant Single 350ml,,Medical supply,N/A,,,DAGU Item:57465
3909cee1-bb55-46b4-a69a-ddad8cc7a965,,,Blood Collecting Bag CPDA1 Anticoagulant Quadruple 450ml,,Medical supply,N/A,,,DAGU Item:57466
4e110048-6e2e-4934-856d-f57b6a742f1f,,,Cryogenic Vial Screw Cap Round Bottom Self Standing 1.8ml,,Medical supply,N/A,,,DAGU Item:57467
374011c0-aab4-442b-b07c-3137592f9105,,,Microscope Cover Glass 18mm x 18mm,,Medical supply,N/A,,,DAGU Item:57468
42509178-4f7c-4c6e-8a24-f6099141c6e3,,,Microscope Cover Glass 20mm x 20mm,,Medical supply,N/A,,,DAGU Item:57469
ba8c0fee-1695-442d-b202-cfeb49b18082,,,Microscope Cover Glass 22mm x 22mm,,Medical supply,N/A,,,DAGU Item:57470
98922237-f70b-465c-8ce6-52dc50eb6722,,,Microscope Slide 76mm x 26mm of 50,,Medical supply,N/A,,,DAGU Item:57471
ee15d669-c662-4d4f-829e-47cc0f984992,,,"Paster Pipette Sterile 3.5 ml Capacity, Graduated",,Medical supply,N/A,,,DAGU Item:57472
0a8fa079-b2e3-41d5-82aa-6f7b02506745,,,Biohazard Bag Autoclaveable 8.5'' x11'',,Medical supply,N/A,,,DAGU Item:57473
c25bb036-0c59-4480-8f08-518ce5821f86,,,Micro Pipette Tips,,Medical supply,N/A,,,DAGU Item:57477
c64b8c1d-9ad0-44cc-abb6-5ba5c70f763d,,,Pipette Tips Blue 1000ul,,Medical supply,N/A,,,DAGU Item:57478
f8dbe008-241a-4e70-a20f-ee6c56f889f7,,,Jug HDPE 3.8Liters,,Medical supply,N/A,,,DAGU Item:57479
d20bbcd8-0762-4491-b78b-cc79c0fe535d,,,"Sputum Cup, Plastic, Screw Cap, 60ml",,Medical supply,N/A,,,DAGU Item:57480
0570e544-11b0-485f-9393-950857e42645,,,"Sputum Cup, Stainless Steel, 100ml",,Medical supply,N/A,,,DAGU Item:57481
40b5afad-be26-410d-a72c-fa06a6c149e0,,,Vacuum Jar,,Medical supply,N/A,,,DAGU Item:57482
a93418c5-0d16-4400-827e-f8007883ada5,,,Stove Kerosine 1L,,Medical supply,N/A,,,DAGU Item:57483
bc19ba6b-55f8-4d7c-8b33-1b92d099fce5,,,Biohazard Bags Disposable 37 X 48cm,,Medical supply,N/A,,,DAGU Item:57485
6333fd81-257d-4325-8f4b-14401385240b,,,Micro Pipette Tips 200microliter Yellow,,Medical supply,N/A,,,DAGU Item:57486
ba95318c-694d-4cfd-9f6b-0d86192177a1,,,Cryobox (Vial box) 10x10 Array 1.0/1.5ml,,Medical supply,N/A,,,DAGU Item:57487
66d3540e-fa3a-486c-9d94-e9e0e57fa6af,,,Pipet Transfer 5.8ml,,Medical supply,N/A,,,DAGU Item:57488
1a287881-1fee-420e-87b5-eaea861409dc,,,Cryobox (Vial box) 9 x 9 Array 1.0/1.5ml,,Medical supply,N/A,,,DAGU Item:57489
b8e65198-733b-43bb-8faf-25b06197dddb,,,Sample Cups 0.8ml,,Medical supply,N/A,,,DAGU Item:57490
2b17900b-6371-405f-9cc5-e28199785905,,,Battery for Genexpert UPS 3000 VA,,Medical supply,N/A,,,DAGU Item:57497
361d7c4d-d7c3-4f7a-a8c3-4303ee68d747,,,BD Microtainer Tube,,Medical supply,N/A,,,DAGU Item:57499
32a088ff-383b-42de-b8c1-0b1e3713e5d9,,,"Specimen Container Stool, Disposable, Polypropylene with Cover",,Medical supply,N/A,,,DAGU Item:57501
655002fb-0c0a-4c21-8f93-8f6923ae1e96,,,Helmet (Hard Hat),,Medical supply,N/A,,,DAGU Item:57502
405427d0-5999-45a6-a881-65a418ff227e,,,"Chemical Mask, Double Filter, Adult size",,Medical supply,N/A,,,DAGU Item:57503
6fac26cf-406e-45b5-b5d6-c05e70504889,,,Glaucoma Surgery,,Medical supply,N/A,,,DAGU Item:57522
71e3ffb3-9672-4861-9424-1c4088eab1b7,,,Proximath Disposable Releadabel Linear Vascular stapler 30mm,,Medical supply,N/A,,,DAGU Item:57540
978ec388-b2b7-4183-b5dd-ea70c89d2535,,,Mersilk Black Braided Black Gauge 3.0 (2/0) 75cm on 35mm 1/2 Circle Reverse Cutting Needle,,Medical supply,N/A,,,DAGU Item:57542
0175b981-c361-4fd6-bbca-6fdf47ee30f6,,,Polyglycolic acid absorbable braided violet Gauge 0.4(8/0) 45cm on 8mm 1/2 Circle Round Rodied Taper Needle,,Medical supply,N/A,,,DAGU Item:57543
80297600-23f6-49fe-8001-ce28bdfca803,,,Polyamide Monofilament Gauge 0.3 (9/0) 64cm on 6mm 1/3 Circle Spatula Double Armed Rounded Needle,,Medical supply,N/A,,,DAGU Item:57544
43ebd1c8-a82d-42f9-8ebd-37cd3650f3f3,,,Polyamide Monofilament Gauge 0.2 (10/0) 64cm on 6mm 1/3 Circle Spatula Double Armed Rounded Needle,,Medical supply,N/A,,,DAGU Item:57545
4c86e9a6-8d34-4d43-acbc-c886c5fa899c,,,Mersilk Black Braided Black Gauge 1.5 (4/0) 75cm on 22mm 3/8 Circle Reverse Cutting Needle,,Medical supply,N/A,,,DAGU Item:57546
73bb05ac-c014-494b-b397-6be8fa7526ea,,,Mersilk Black Braided Black Gauge 1.5 (4/0) 75cm on 20mm 1/2 Circle Round Bodied Needle,,Medical supply,N/A,,,DAGU Item:57547
ab5a3cfe-5a53-4fdf-9320-62c45934fcdf,,,Polyamide Monofilament Gauge 3.0(2/0 ) 90cm on 40mm 1/2 Circle Round Bodied Needle,,Medical supply,N/A,,,DAGU Item:57548
9342c4fc-eb30-4393-b065-591379a87431,,,Polyglycolic acid absorbable braided violet Guage 5.0(2) 75cm on 48mm 1/2 Circle Round Bodied Needle,,Medical supply,N/A,,,DAGU Item:57549
361b6141-d15d-43fd-938c-b6d40f8288e9,,,Polyglycolic acid absorbable braided violet Guage 4.0(1) 75cm on 40mm 1/2 Circle Cutting Taper Needle,,Medical supply,N/A,,,DAGU Item:57550
5b04307f-f202-4700-a097-cd4ad712b2ea,,,Gauze Swab 10cm x 10cm,,Medical supply,N/A,,,DAGU Item:57551
e7348af3-2185-4fb2-91e4-806c26e768d1,,,Mersilk Braided Black Gauge 4.0(1) 75cm on 38mm 1/2 Circle Round Bodied Needle,,Medical supply,N/A,,,DAGU Item:57552
04ea088d-8a55-4df2-89cf-5372e613be74,,,Polyamide Monofilament Gauge 0.3(9/0) 38cm on 64mm Spatula Double Armed Round Bodied Needle,,Medical supply,N/A,,,DAGU Item:57553
87731a6a-a8ab-4055-872a-fd92feaca474,,,"Mersilk Black Braided Black Gauge 1.5(4/0), 75cm on 17mm 3/8 Reverse Cutting Needle",,Medical supply,N/A,,,DAGU Item:57554
1efd807e-28ae-424e-a10b-956d66b1faf0,,,Polyglycolic acid absorbable braided violet Gauge 5.0(2) 75 cm on 50mm1/2 circle Round Bodied Needle,,Medical supply,N/A,,,DAGU Item:57555
b8ab3acb-2215-4e54-854c-9ded6a5940af,,,Polyglycolic acid absorbable braided violet Gauge 4.0(1) 45cm on 8mm 3/8 Round Bodied Needle,,Medical supply,N/A,,,DAGU Item:57556
531f7439-d285-4599-b4df-2480722f68a7,,,"Polyglycolic acid absorbable braided violet Guage 2.0(3/0)75cm on 26mm, Reverse Cutting Tapper Needle",,Medical supply,N/A,,,DAGU Item:57557
06348724-b144-48d3-9ab2-9a1a4ac7ecce,,,Polyglycolic acid absorbable braided violet Guage 4.0(1)75cm on 40mm 1/2 Circle Cutting Tapper Needle,,Medical supply,N/A,,,DAGU Item:57558
e876c03c-fa0d-4649-9340-4e88c55adc0c,,,Polyamide Monofilament Gauge 0.3(9/0)13cm on 64mm Spatula Double Armed Round Bodied Needle,,Medical supply,N/A,,,DAGU Item:57560
8b7b701a-d80b-487f-9357-6fa1e022dfa8,,,Polyglycolic acid absorbable braided violet Gauge 0.7(6/0) 30cm on 12mm 1/2 Circle Cutting aper Needle,,Medical supply,N/A,,,DAGU Item:57561
62eb1496-ac87-4a7a-b77a-b542a7714ecb,,,Mersilk Braided Black Gauge 3.0(2/0) 75cm on 26mm 1/2 Circle Reverse Cutting Needle,,Medical supply,N/A,,,DAGU Item:57564
b4157997-b6fe-44a1-ad46-24f2dbfbad3e,,,Ploypropylene Monofilament Braided Gauge 1.5(4/0) 90cm on 17mm 1/2 Circle Cutting Double Needle,,Medical supply,N/A,,,DAGU Item:57565
72b70c84-5da6-4921-8aae-373151fe0c6e,,,Ploypropylene Monofilament Braided Gauge 1.5(4/0) 90cm on 20mm 1/2 Circle round bodied double needle,,Medical supply,N/A,,,DAGU Item:57566
89934e65-107e-4e16-9840-5f9429a0fdfd,,,Ploypropylene Monofilament Braided Gauge 1.5(4/0) 90cm on 26cm 1/2 circle round bodied double needle,,Medical supply,N/A,,,DAGU Item:57567
82d312a9-77f9-4521-b764-1308387f1b4e,,,Poly Diaxone Monofilament Violet Gauge 5.0(2) 90cm on 40mm 1/2 Circle Round Bodied Taper Needle,,Medical supply,N/A,,,DAGU Item:57568
45c1c1bc-e17b-4fdf-9308-6eb48c2212e8,,,Mersilk Braided Black Gauge 3.0(2/0) 100cm on 45mm 1/2 Circle Reverse Cutting Needle,,Medical supply,N/A,,,DAGU Item:57569
b582bd95-05c8-47ad-a065-1687ec73474a,,,Prevention Package (Tape Vrrier VF 42 Printed Barrier Bags 3*8 OD),,Medical supply,N/A,,,DAGU Item:57570
049a0b99-0a2e-42a1-87dd-e6074feb18bc,,,Sharp Container 22.5L,,Medical supply,N/A,,,DAGU Item:57585
e67b1a4e-6a6b-4001-af15-10d3ace79bdf,,,Mersilk Braided Black Gauge 3.0(2/0) 100cm on 24 mm 1/2 Circle Reverse Cutting Needle,,Medical supply,N/A,,,DAGU Item:57590
2ee099b2-5518-4bec-83d8-f9db835a1779,,,Meri Silk Black Gauge 3.0 (2/0) 75cm on 35mm 1/2 Circle Round Bodied Needle,,Medical supply,N/A,,,DAGU Item:57593
3f79f261-2d83-4305-9265-e0a23bfedbeb,,,Biohazard Bag Autoclaveable 24x36 Inch,,Medical supply,N/A,,,DAGU Item:58983
30a2dca9-e989-48a6-87f1-7470f7acee4b,,,Endotracheal Tube Steriel Cuffed 6CH,,Medical supply,N/A,,,DAGU Item:59021
e9e5341d-4f27-4941-86d7-00d187e3fb45,,,Catheter Ureteral 10CH,,Medical supply,N/A,,,DAGU Item:59022
34fcc023-8df0-481f-8f4d-3db20fc0c91f,,,Catheter Ureteral 14CH,,Medical supply,N/A,,,DAGU Item:59023
7238657b-707f-4d45-b3d9-05a0e771c253,,,Catheter Ureteral 18CH,,Medical supply,N/A,,,DAGU Item:59024
253d6cc2-bbdd-492c-8254-aab61d4aaf52,,,Catheter Ureteral 22CH,,Medical supply,N/A,,,DAGU Item:59025
e07730ab-fa10-495f-9a51-e70808ffd505,,,Catheter Ureteral 24CH,,Medical supply,N/A,,,DAGU Item:59026
9ff9b246-ca36-40c5-bd27-83614aab1482,,,Face Mask with Face Shield Size 3M,,Medical supply,N/A,,,DAGU Item:59027
35be9c20-6892-4b58-a608-082de01651b2,,,Face Mask Adult Standard Large Size 4M,,Medical supply,N/A,,,DAGU Item:59028
0989bfcf-f883-46e3-b4db-0d3702b8386c,,,Polyamide Monofilament Gauge 0.2 (10/0) 38cm on 6mm 1/3 Circle Spatula Double Armed Rounded Needle,,Medical supply,N/A,,,DAGU Item:59029
222a5b45-f0fe-4c6a-84d2-fe9445bec176,,,Polyamide Monofilament Gauge 0.2 (10/0) 38cm on 6mm 3/8 Circle Spatula Double Armed Rounded Needle,,Medical supply,N/A,,,DAGU Item:59030
fd4c8a29-b196-4a59-aee9-c7c3fe35b025,,,Mersilk Braided Black Gauge 2.0(3/0)75cm on 26mm 1/2 circle rounded bodied needle,,Medical supply,N/A,,,DAGU Item:59031
2ca2fbda-f39e-4874-9f71-d4e83de077a5,,,Naso Gastric Tube Sterile Adult 22CH,,Medical supply,N/A,,,DAGU Item:59032
54528b50-f8ab-4ad2-aa77-d5a625899722,,,Polyamide Monofilament Gauge 0.3(9/0) 30cm on 6.5mm 3/8 Circle round Bodied Spatula Double Armed Needle,,Medical supply,N/A,,,DAGU Item:59033
142a789b-0b78-4166-b016-f87e6babcc27,,,Tracheostomy Tube with 90 degree curvature size 3.0,,Medical supply,N/A,,,DAGU Item:59034
d1735d66-a95a-44c5-ab09-04093251eb76,,,Tracheostomy Tube Metallic with 90 degree curvature size 3.5,,Medical supply,N/A,,,DAGU Item:59035
0c6ebdcd-6566-4192-9560-61f803a1e666,,,Polyglycolic acid absorbable braided violet Gauge 0.4(8/0) 45cm on 8mm 1/2 Circle Round Bodied Needle,,Medical supply,N/A,,,DAGU Item:59036
e6cf0300-5722-45a0-a8df-a491d8d961c8,,,Tracheostomy Tube with 90 degree curvature size 4.5,,Medical supply,N/A,,,DAGU Item:59037
bfa393d0-29b4-496c-bb8a-12c5fbc71424,,,Tracheostomy Tube Metallic with 90 degree curvature size 5.0,,Medical supply,N/A,,,DAGU Item:59038
c7c20955-3b2b-40b7-a412-7f5a94506d9d,,,Tracheostomy Tube with 90 degree curvature size 9.0,,Medical supply,N/A,,,DAGU Item:59039
24a1c803-c7d5-4b20-bc83-bcc3c0a2a127,,,Polyglycolic acid absorbable braided violet Gauge 0.4(8/0) 45cm on 8mm 1/2 Circle Reverse Cutting Needle,,Medical supply,N/A,,,DAGU Item:59040
245db112-0a9a-4be9-85d2-02bdcdf3cbb2,,,Polyglycolic acid absorbable braided violet Gauge 3.0(2/0) 75cm on 27mm 1/2 Circle Round Bodied Needle,,Medical supply,N/A,,,DAGU Item:59041
700a72e0-a9e1-4cbd-94ea-36e5c8ffc6c0,,,Polyglycolic acid absorbable braided violet Gauge 3.5(0) 75cm on 48mm 1/2 Circle Round Bodied Needle,,Medical supply,N/A,,,DAGU Item:59042
5add0b22-49a3-45de-9238-3a4c33e2d122,,,Polyglycolic acid absorbable braided violet Gauge 3.5(0) 75 cm on 48 mm 1/2 Circle Reverse Cutting Needle,,Medical supply,N/A,,,DAGU Item:59043
cc4db5cb-9d9d-4bb6-94d5-ba3622ba11fe,,,Polyglycolic acid absorbable braided violet Gauge 4.0(1) 75 cm on 45 mm ½ Circle Round Bodied Needle,,Medical supply,N/A,,,DAGU Item:59044
67f1050b-e65d-43a9-a4b1-c58321246637,,,Polyglycolic acid absorbable braided violet Gauge 5.0(1) 75cm on 40mm 1/2 Circle Round Bodied Needle,,Medical supply,N/A,,,DAGU Item:59045
e2a6027c-30b6-4b27-8b09-b28fe009944e,,,Cat Gut Chromic Gauge 3.0(2/0) 75cm on 27mm 1/2 Circle Reverse Cutting Needle,,Medical supply,N/A,,,DAGU Item:59046
c1d63f33-faae-4856-83e2-4c4e7d1dc3fb,,,Mersilk Braided Black Gauge 3.5(0) 75cm on 32 mm ½ Circle Round Bodied Needle,,Medical supply,N/A,,,DAGU Item:59047
d032fe4c-a77b-44ed-bf8e-d6b7f329f2ef,,,Mersilk Braided Black Gauge 3.0(2/0) 75cm on 33mm 1/2 Circle Reverse Cutting Needle,,Medical supply,N/A,,,DAGU Item:59048
0bf7ccca-bcc9-4c4d-916e-25457938831b,,,Mersilk Braided Black Gauge 5.0(2) 75cm on 38mm 1/2 Circle Round Body Needle,,Medical supply,N/A,,,DAGU Item:59049
4243cf63-5008-4a18-90bc-f02a22f3e4e5,,,Mersilk Braided Black Gauge 6.0(3) 75cm on 40mm on 1/2 Circle Reverse Cutting Needle,,Medical supply,N/A,,,DAGU Item:59050
12e6404e-e48b-4c10-b681-77c82c39c6a7,,,Spinal Needle 10cm 26G,,Medical supply,N/A,,,DAGU Item:59051
7a624476-3b5d-47f3-b606-246726649d40,,,Spinal Needle 6cm 22G,,Medical supply,N/A,,,DAGU Item:59052
26e37e43-40d5-40fc-99f7-1ff43647a1ac,,,Spinal Needle 6cm 23G,,Medical supply,N/A,,,DAGU Item:59053
91b340e2-1bfb-475e-b7c0-28bd992c7ae6,,,Spinal Needle 6cm 24G,,Medical supply,N/A,,,DAGU Item:59054
28becc49-8b9e-4152-b611-1e9adf2bba74,,,Catheter Suction 18CH,,Medical supply,N/A,,,DAGU Item:59055
f7bb0f05-8faa-4167-9277-16b59e11510d,,,Catheter Suction 26CH,,Medical supply,N/A,,,DAGU Item:59056
76890a02-5059-49a5-9ef9-cbf5a228b01a,,,Spinal Needle 8cm 22G,,Medical supply,N/A,,,DAGU Item:59057
547ada20-1b2a-4ac7-83a6-a518ba581a59,,,Spinal Needle 8cm 23G,,Medical supply,N/A,,,DAGU Item:59058
b85fb41c-5ecc-4a02-b22f-d5e9848c4de8,,,Spinal Needle 8cm 24G,,Medical supply,N/A,,,DAGU Item:59059
07fd9e07-23eb-43a8-a978-8cc18bc87335,,,Cerclage Wire 1.0 Diameter with 10m length,,Medical supply,N/A,,,DAGU Item:59060
5949e0aa-1a6a-4e69-9347-cb336e54c3da,,,Cerclage Wire 1.4 Diameter with 10m length,,Medical supply,N/A,,,DAGU Item:59061
0b19a602-4143-4fca-bf9d-f1fde6b9a8c9,,,Cerclage Wire 1.8 Diameter with 10m length,,Medical supply,N/A,,,DAGU Item:59062
71af2168-5c92-4e8a-89d2-931f7040ee41,,,K wire 0.8mm Diameter with 15cm length,,Medical supply,N/A,,,DAGU Item:59063
19acf775-d98b-409b-9719-18e13a303973,,,K wire 1.2mm Diameter with 15cm length,,Medical supply,N/A,,,DAGU Item:59064
b692feb5-229b-4fe5-a77b-2bec7d52c435,,,K wire 1.6mm Diameter with 25cm length,,Medical supply,N/A,,,DAGU Item:59065
bc1f6094-8655-43d3-9752-de6589d881a3,,,K wire 2.0mm Diameter with 25cm length,,Medical supply,N/A,,,DAGU Item:59066
4da0c0e3-1722-48ee-85ea-d94a95da1fc1,,,K wire 2.6mm Diameter with 50cm length,,Medical supply,N/A,,,DAGU Item:59067
915d41fa-e0e4-4f61-861c-2689056325d0,,,Naso Gastric Tube Sterile Adult 24CH,,Medical supply,N/A,,,DAGU Item:59068
145ad032-d5e5-459b-8888-d50d39417ff4,,,Naso Gastric Tube Sterile Adult 26CH,,Medical supply,N/A,,,DAGU Item:59069
c17c64d2-50bc-41ef-8baa-381c11d12a76,,,T Tube 16G,,Medical supply,N/A,,,DAGU Item:59070
b84c9cf2-c2dc-44da-bdbb-16534de8b4b6,,,T Tube 14G,,Medical supply,N/A,,,DAGU Item:59071
5b7571d0-5bbc-4cb7-ac24-19495dc9a19a,,,Dental Needle No 5,,Medical supply,N/A,,,DAGU Item:59072
af691b7a-6963-43b0-980a-2445f6426a90,,,Dental Needle No 26,,Medical supply,N/A,,,DAGU Item:59073
96208e87-d776-42fd-8051-36c373255f24,,,Mersilk Braided Black Gauge 1.5(4/0) 75cm on 20mm 1/2 Circle Reverse Cutting Needle,,Medical supply,N/A,,,DAGU Item:59074
2f9dd9ea-f70d-423e-961f-08936474e461,,,Polyamide Monofilament Gauge 0.3(9/0) 30cm on 6.5mm 3/8 Circle round Bodied Spatula Single Armed Needle,,Medical supply,N/A,,,DAGU Item:59081
cf96213e-d68a-4908-865d-6ec87310b377,,,Polyglycolic acid absorbable braided violet Gauge 5.0(2) 75cm on 40mm ½ Circle Round Bodied Needle,,Medical supply,N/A,,,DAGU Item:59082
0e9f93ba-4d36-4018-8510-9b603673c81f,,,Dental Wire No 5,,Medical supply,N/A,,,DAGU Item:59083
5d5d3553-f6fb-4833-8443-8b6fecdf54a2,,,Dental Wire No 26,,Medical supply,N/A,,,DAGU Item:59084
f619abde-1c26-4465-a60a-1bf52df3e5d7,,,Infant Quikheel Safety Lancet 1.0mm x 2.5mm,,Medical supply,N/A,,,DAGU Item:59085
9e6852f9-414f-47f0-9405-4cb5baa2c1ce,,,Microtainer Tube K2EDTA,,Medical supply,N/A,,,DAGU Item:59086
ccf7facc-37e5-4a08-916c-f970a88e82e1,,,"Lab Wipe Poly,15x16.75in",,Medical supply,N/A,,,DAGU Item:59087
86f93162-4f57-4a21-a061-b538fa5bfa53,,,Polyamide Monofilament Gauge 0.2 (10/0) 38cm on 6mm 3/8 Circle Spatula Single Armed Rounded Needle,,Medical supply,N/A,,,DAGU Item:59088
75a57098-6b26-40ba-ae66-f0bdb1bc987c,,,Naso Gastric Tube Sterile Adult 20CH,,Medical supply,N/A,,,DAGU Item:59094
0d974135-1b44-4bea-9f06-a8be6b452306,,,Polyglycolic acid absorbable braided violet Gauge 1.5(4/0) 75cm on 15mm 1/2 Circle Round Bodied Needle,,Medical supply,N/A,,,DAGU Item:59095
c6568e56-c049-48d3-bcbb-95e4972e5fdc,,,Slide Box,,Medical supply,N/A,,,DAGU Item:59096
ecaa1b35-3635-412b-ad09-b9d6bf70523c,,,"Sputum Cup plastic,100ml",,Medical supply,N/A,,,DAGU Item:59197
c0e75dae-8076-4fdf-b381-46bb42ba7ae6,,,Polyglycolic acid absorbable braided violet Gauge 0.7(6/0) 30cm on 12mm 1/2 Circle Round Bodied Needle,,Medical supply,N/A,,,DAGU Item:59198
f4d21624-af2d-4b3f-b549-3cbf22f2f2bb,,,"Blood Collecting Tube Serum Separator, 4ml",,Medical supply,N/A,,,DAGU Item:59207
24af4675-1e1e-4ef8-8f45-e5636dce0fa5,,,Special Marker Pen for Strips,,Medical supply,N/A,,,DAGU Item:59213
1b569ff7-d211-4d35-8c65-3db73de70aa6,,,Cat Gut Chromic Gauge 3.5(2/0) 75cm on 27mm ½ Circle Reverse Cutting Needle,,Medical supply,N/A,,,DAGU Item:59215
d8e1f023-2843-42c7-853c-0bb01c504b4a,,,Polyglycolic acid absorbable braided violet Gauge 1.0(5/0) 45cm on 13mm 1/2 Circle Reverse Cutting Needle,,Medical supply,N/A,,,DAGU Item:59216
63602eaa-3968-4257-bdac-e50d4a12acde,,,Tracheostomy Tube Metallic with 90 degree curvature size 7.0,,Medical supply,N/A,,,DAGU Item:59217
c5bf63ac-8106-43e1-bdab-6f960ae750aa,,,MTB PCR Workstation UV Light,,Medical supply,N/A,,,DAGU Item:59221
a92b78f3-0f04-4336-b8ce-8983ca9f0d38,,,MTB Desktop freeze storage box with Lid for 0.2ml PCR tubes,,Medical supply,N/A,,,DAGU Item:59227
09c79e16-6cfe-4746-8635-6a3a6dd35009,,,MTB Mechanical Pipette Aids,,Medical supply,N/A,,,DAGU Item:59235
b28334f5-4be3-4f9c-9087-19dfdb1b264a,,,MTB Dispenser for disinfectants/soap,,Medical supply,N/A,,,DAGU Item:59236
6ab6f445-cc4d-49cd-9626-508caf73f5c6,,,MTB Paper Towel Box,,Medical supply,N/A,,,DAGU Item:59237
2e387de5-b178-4aa0-8991-04484a215f87,,,MTB Goggles,,Medical supply,N/A,,,DAGU Item:59238
37587583-da6f-49f9-9842-a58e9ef42da4,,,MTB Firs Aid Kit,,Medical supply,N/A,,,DAGU Item:59239
c9cb11f2-c5fe-484c-9f2f-2010de967fe5,,,MTB Funnel Stainless steel discard,,Medical supply,N/A,,,DAGU Item:59240
325893b1-8400-495c-b217-c6ca9ce7565a,,,MTB Caped Glass Tubes,,Medical supply,N/A,,,DAGU Item:59241
cbd64924-4615-4e45-b582-bbecef66bd4b,,,MTB Set of Spatula,,Medical supply,N/A,,,DAGU Item:59247
8ada4d59-989b-43e1-b3b4-57a6e6138b0c,,,MTB Floating Rack,,Medical supply,N/A,,,DAGU Item:59248
a6595ac0-6f17-4649-bc49-2bcbbbd10049,,,MTB Racks with Lids,,Medical supply,N/A,,,DAGU Item:59249
30779fb2-d42d-4a51-82d4-64dc61315cac,,,MTB Disposable Loops 10 µl,,Medical supply,N/A,,,DAGU Item:59257
d19b4f52-1f9e-4a5d-8ae3-fa67b8df85db,,,MTB Racks Desinfectable / Autoclavable for 1.5/2 ml tubes,,Medical supply,N/A,,,DAGU Item:59258
8605952f-d405-4183-ad8c-52ee2ebfd413,,,MTB Safety Box for Liquid,,Medical supply,N/A,,,DAGU Item:59259
a00a219e-1e5b-48ca-b1cb-6c823e2b189e,,,MTB Waste Container for Liquid,,Medical supply,N/A,,,DAGU Item:59261
c1fd6bba-8c01-4b3a-8eb9-360fa16259bb,,,MTB Waste Container for Solid,,Medical supply,N/A,,,DAGU Item:59262
a68cddfd-708a-48bc-8b07-6ee8d5196552,,,MTB Racks for 1 Channel Pipette 4 Positions,,Medical supply,N/A,,,DAGU Item:59269
3f79bdec-c369-4297-9a7c-db453313915e,,,MTB Culture Tubes with Screw cap,,Medical supply,N/A,,,DAGU Item:59275
2bbd2da5-37d3-4b56-8804-542d81992e7f,,,"MTB Cryo Vial Sterile with cap, 1.5ml",,Medical supply,N/A,,,DAGU Item:59276
d957bd20-e41e-46d6-876e-3fae0768c171,,,MTB Transparent Polypropylene Bag,,Medical supply,N/A,,,DAGU Item:59277
a73e6cb1-ef77-41dc-97d2-d2811bbe8088,,,MTB Filter Paper round 185mm,,Medical supply,N/A,,,DAGU Item:59279
aec45a20-232d-48ad-bfe7-30b83f623011,,,MTB Marker Pen,,Medical supply,N/A,,,DAGU Item:59280
d6726dd8-0604-4bd0-87a3-7df5aaaf87f5,,,MTB Adhesive labels,,Medical supply,N/A,,,DAGU Item:59281
b9be1a09-a3ae-4e29-a1d8-f2a3598c48c6,,,MTB Cryo tags,,Medical supply,N/A,,,DAGU Item:59282
6a6c6dc0-98be-4b71-ac9a-727f2ef3c1d1,,,MTB Aluminium foil,,Medical supply,N/A,,,DAGU Item:59283
26e05678-fa2d-47e0-8a34-92ab08b2fb41,,,MTB Tube Brush,,Medical supply,N/A,,,DAGU Item:59284
294f81f9-d6c4-4da5-a870-871272d69718,,,MTB Masks FFP2 (N95) 3M 9320,,Medical supply,N/A,,,DAGU Item:59285
3752792d-3268-4b21-9d28-b2d40bb08823,,,MTB Liquid soap,,Medical supply,N/A,,,DAGU Item:59286
baf3baec-861a-49ee-884c-0ceffab9070e,,,MTB Spray Head and 1L Bottels,,Medical supply,N/A,,,DAGU Item:59287
9ea30639-af86-4bf5-83cf-b706d85de3df,,,MTB Plastic Bag made from PP,,Medical supply,N/A,,,DAGU Item:59288
62d793b7-26c2-469a-849c-9abe8e551489,,,MTB Paper Towel single use,,Medical supply,N/A,,,DAGU Item:59289
8edb4edf-dfd6-464e-9ae9-c94fd585fc0c,,,MTB Waste Container for Sharps,,Medical supply,N/A,,,DAGU Item:59290
c4f896c0-5b88-4f3a-bb50-6266030ff659,,,MTB PCR Tube,,Medical supply,N/A,,,DAGU Item:59291
7770b223-7125-4225-97ac-3e7a3b2bf7da,,,MTB Rack for 50ml PP Tubes,,Medical supply,N/A,,,DAGU Item:59292
2cfd266c-ba72-4155-8318-717515d7f3ca,,,MTB Filter Paper Sheets,,Medical supply,N/A,,,DAGU Item:59293
f12ff87e-3c20-4eda-91f9-3c3b4eedc88a,,,MTB Standard Reaction Tubes 1.5ml,,Medical supply,N/A,,,DAGU Item:59294
aa5df2e1-819d-4672-8286-dc54d5e7f4f7,,,MTB Standard Reaction Tubes 2ml,,Medical supply,N/A,,,DAGU Item:59295
943f758e-6970-4cd0-bd19-0c61866d1707,,,MTB Slanted Racks,,Medical supply,N/A,,,DAGU Item:59297
c9cb5892-f1a5-4253-8774-f618eb0b2893,,,MTB Rack for 15ml PP Tubes Universal Test Tube Rack 17mm,,Medical supply,N/A,,,DAGU Item:59299
250e5a16-b267-42be-9d45-1b90779e2494,,,MTB Shoe Cover,,Medical supply,N/A,,,DAGU Item:59300
8f6f647d-2e2d-4099-a4f1-268964f9f914,,,MTB Hair Cover,,Medical supply,N/A,,,DAGU Item:59301
599c39bb-b078-473c-a4d8-9bb4d779b7b9,,,MTB Deep Freezer Thermometer,,Medical supply,N/A,,,DAGU Item:59302
a9677a2f-858d-4938-8912-11a06951d6b5,,,MTB Plastic Bag 30L,,Medical supply,N/A,,,DAGU Item:59303
aef5f414-4fdf-4c20-858c-e9aa08dc14f1,,,MTB Plastic Bag Stand 30L,,Medical supply,N/A,,,DAGU Item:59304
c7eccf85-d077-4282-87b1-1b1191efa9fa,,,MTB Thermometer for Oven,,Medical supply,N/A,,,DAGU Item:59305
6dac25a2-82a8-454c-a6b3-ac90631bd450,,,MTB 4 Way Microtube Rack Rack 15ml/50ml,,Medical supply,N/A,,,DAGU Item:59306
425e5708-2676-45f8-a211-9910f9bb2db8,,,MTB Rack Heat Resistant for Cryo Vial 1.5ml Modular Heating Blocks,,Medical supply,N/A,,,DAGU Item:59307
fab8e921-1fb0-4970-ae02-aec8ebd4f5a1,,,MTB Calibrated Thermometer,,Medical supply,N/A,,,DAGU Item:59308
131e0c15-fc31-4913-8685-60e26f5d23e8,,,MTB Battery Pack for UPS 3000 VA,,Medical supply,N/A,,,DAGU Item:59309
c6f5c86e-53a6-4686-9b03-a3175326e122,,,MTB Desktop Deep freeze storage box with Lid for 1.5ml Cryovial Plastic,,Medical supply,N/A,,,DAGU Item:59310
e3eba98e-9e73-47de-b1db-febdddfed7b1,,,MTB Surgical Gown Cotton M,,Medical supply,N/A,,,DAGU Item:59311
311b41c0-bee4-4e3e-90ec-e7bcc52dee64,,,MTB Surgical Gown Cotton L,,Medical supply,N/A,,,DAGU Item:59312
de6e8359-0b9c-4721-bde2-202c3373a956,,,MTB Disposable Nitril Glove size 6 7,,Medical supply,N/A,,,DAGU Item:59313
3267cef2-8121-4484-85aa-eba3236169c1,,,MTB Disposable Nitril Glove Size 7 8,,Medical supply,N/A,,,DAGU Item:59314
1de13c48-f0a8-4796-94a3-c1ac2042aa9b,,,MTB Laboratory Coat Cotton M,,Medical supply,N/A,,,DAGU Item:59315
a9ed336e-6806-4058-b34e-3363cc43bfa4,,,MTB Marker Pen for PCR Tubes,,Medical supply,N/A,,,DAGU Item:59316
502eb246-88af-4ebf-b9d9-0c657ea26906,,,MTB Special PH Indicator Strips,,Medical supply,N/A,,,DAGU Item:59317
43a5823d-3943-4d3f-9759-312035ae73e9,,,"MTB Forceps, Individually wrap, Sterile",,Medical supply,N/A,,,DAGU Item:59319
ee73d08b-4534-4509-8607-4b0179c25fd2,,,MTB Magnetic Bars Set of 12,,Medical supply,N/A,,,DAGU Item:59320
d9e43ada-a9b6-4988-8309-463cd09e5576,,,MTB Laboratory Coat Cotton S,,Medical supply,N/A,,,DAGU Item:59321
258c8675-a452-4550-92c2-4f1dc5161161,,,MTB Magnetic Bars,,Medical supply,N/A,,,DAGU Item:59323
f68db9c5-2b0f-4158-af0a-fbad7fee0f18,,,"MTB Cryo Vial, Sterile with cap 2ml",,Medical supply,N/A,,,DAGU Item:59326
7ac70ffd-4833-4248-96a1-dd5edc249dfa,,,Radiometer ABX800 Yearly Service Kit,,Medical supply,N/A,,,DAGU Item:59342
b43890b9-bc84-49c8-b3b5-7067aac86099,,,Radiometer ABX800 AutoCheck Holder for Manual Transfer of AutoCheck,,Medical supply,N/A,,,DAGU Item:59343
4250c326-8502-472c-bb35-95f19deb177e,,,Radiometer ABX800 AutoCheck Carousel for AutoCheck Ampoules,,Medical supply,N/A,,,DAGU Item:59344
6b7de756-19bb-4717-a196-2ecfc7b6e7d6,,,Radiometer ABX800 Valve Key for Cylinder,,Medical supply,N/A,,,DAGU Item:59345
37427147-e3fc-46b7-aa65-c4e76d770bba,,,Radiometer ABX800 Dummy Electrode,,Medical supply,N/A,,,DAGU Item:59346
81742801-d053-447b-8772-9fb0f3f55b01,,,Radiometer ABX800 Fan Filter,,Medical supply,N/A,,,DAGU Item:59347
ed24feee-f7b5-482c-9b84-fcc21c2a7fbc,,,Radiometer ABX800 Inlet Gasket,,Medical supply,N/A,,,DAGU Item:59348
c66df473-b0de-4e5d-8817-80fb3b032da0,,,Radiometer ABX800 Pump Tube for Electrode Modules,,Medical supply,N/A,,,DAGU Item:59349
1d3ad9d1-f24c-4c36-987e-b107e3b7ef5a,,,Radiometer ABX800 Pump Tube for Solution Pump,,Medical supply,N/A,,,DAGU Item:59350
8ff74db0-90ba-4471-98c0-de6404860e4b,,,Radiometer ABX800 Pump Tube for Waste Pump,,Medical supply,N/A,,,DAGU Item:59351
ca227266-2463-425a-8ddd-0481cf36ff14,,,Radiometer ABX800 Reference Electrode,,Medical supply,N/A,,,DAGU Item:59353
eba488b9-a30a-4432-bb23-bf753ed00970,,,Radiometer ABX800 pCO2 Electrode,,Medical supply,N/A,,,DAGU Item:59354
cce8a02d-5bf0-4f74-9130-f487708df8ee,,,Radiometer ABX800 pO2 Electrode,,Medical supply,N/A,,,DAGU Item:59355
f94570b3-11f8-41fc-a9b7-2b43373edbdd,,,Radiometer ABX800 PH Electrode,,Medical supply,N/A,,,DAGU Item:59356
e31bd935-ed53-43e6-af47-0147f4663a89,,,Radiometer ABX800 Cl Electrode,,Medical supply,N/A,,,DAGU Item:59357
5971338b-4a35-463e-abe5-b404fd9ed383,,,Radiometer ABX800 K Electrode,,Medical supply,N/A,,,DAGU Item:59358
23db1698-3dad-45b4-96fc-80e3b07fd53d,,,Radiometer ABX800 Ca Electrode,,Medical supply,N/A,,,DAGU Item:59359
555d0f5b-c897-4007-afeb-fef5c1cf57d5,,,Radiometer ABX800 Na Electrode,,Medical supply,N/A,,,DAGU Item:59360
1f565039-420b-4daa-b285-7978fa91e408,,,Radiometer ABX800 Glucose Electrode,,Medical supply,N/A,,,DAGU Item:59361
3abd95ea-6b1a-4a1b-92f7-3c0dc0dd1b92,,,Radiometer ABX800 Lactate Electrode,,Medical supply,N/A,,,DAGU Item:59362
d50c6416-fe04-4a97-8222-583c5754b7e6,,,Radiometer ABX800 Calibration Gas 2 On Board Gas Bottle,,Medical supply,N/A,,,DAGU Item:59363
02489df5-923b-45f5-a77a-495a32801138,,,Radiometer ABX800 22Gx25mm Arterial Blood Sampler with 22Gx25mm Needle,,Medical supply,N/A,,,DAGU Item:59364
25407adb-273a-43e0-88f4-e34ca52c74f9,,,Radiometer ABX800 Calibration Gas 2 10 bar On Board Gas Bottle,,Medical supply,N/A,,,DAGU Item:59365
1d2fa83c-4107-425f-bae6-32ab8fa81e55,,,Radiometer ABX800 Reference Membrane,,Medical supply,N/A,,,DAGU Item:59366
c1a1cfa4-bb3e-466d-914f-c0aa8ee69d75,,,Radiometer ABX800 pCO2 Membrane Box,,Medical supply,N/A,,,DAGU Item:59367
7cbb5126-55eb-407d-8e5f-7153f5b2fb13,,,Radiometer ABX800 pO2 Membrane Box,,Medical supply,N/A,,,DAGU Item:59368
f17b0140-baad-416d-ba3c-a04148232569,,,Radiometer ABX800 Cl Membrane Box,,Medical supply,N/A,,,DAGU Item:59369
db244504-fe2d-4414-9643-13fad089a1d4,,,Radiometer ABX800 K Membrane Box,,Medical supply,N/A,,,DAGU Item:59370
414871dc-b611-496a-b22b-4a318bff4d1b,,,Radiometer ABX800 Ca Membrane Box,,Medical supply,N/A,,,DAGU Item:59371
a346f7dc-d069-4801-b397-ec0d4f5e4555,,,Radiometer ABX800 Na Membrane Box,,Medical supply,N/A,,,DAGU Item:59372
1c0a2f99-1d6b-40e2-a836-af6009c40ac7,,,Radiometer ABX800 Glucose Membrane Box,,Medical supply,N/A,,,DAGU Item:59373
de0c8c9a-0b64-45d1-9eeb-ba61be1392a4,,,Radiometer ABX800 Lactate Membrane Box,,Medical supply,N/A,,,DAGU Item:59374
51370462-2b2d-47d5-95d8-e98c8fe58900,,,Radiometer ABX800 Disposable Waste Container,,Medical supply,N/A,,,DAGU Item:59375
e1c25407-3316-49a8-b2cb-5ca831218a7f,,,Radiometer ABX800 Thermal Paper,,Medical supply,N/A,,,DAGU Item:59376
666a27ff-6cf0-4ecc-b493-08ee63e93f42,,,Radiometer ABX800 Calibration Gas 1 On Board Gas Bottle,,Medical supply,N/A,,,DAGU Item:59458
0915e01b-c52d-4ce4-a520-2a7228fd8e7b,,,Endotracheal Tube Sterile Cuffed 10CH,,Medical supply,N/A,,,DAGU Item:59467
8de8ee59-1647-4a55-a3b7-1eb4324969bc,,,UniCel DxH Slide Maker Stainer SMS Slides,,Medical supply,N/A,,,DAGU Item:59563
194ef9c8-b352-4dae-aa1c-9c598ec7f051,,,Cobas C 311 Sample Cup,,Medical supply,N/A,,,DAGU Item:59624
ab8d1775-530c-474d-a545-938c53437f0f,,,Cobas C 311 Halogen Lamp 12V/50W,,Medical supply,N/A,,,DAGU Item:59626
85b374a9-0864-4e98-97ba-f2a9d1ea7869,,,Cobas C 311 Micro Sample Cup 13/16,,Medical supply,N/A,,,DAGU Item:59627
c09f23e0-4976-41a8-8de2-655b76c36c3f,,,Cobas C 311 Sipper Nozzle,,Medical supply,N/A,,,DAGU Item:59628
1c1019cb-c768-48ca-8c8b-7808260924dc,,,Cobas C 311 Sipper Tube,,Medical supply,N/A,,,DAGU Item:59629
6316fbe9-66fa-45b9-8bbc-fa9be45fd757,,,Cobas C 311 Cell Set,,Medical supply,N/A,,,DAGU Item:59634
ae482b29-5781-47c2-861f-96c1de40a1a8,,,Cobas 6000 CalSet Vial,,Medical supply,N/A,,,DAGU Item:59636
2bb0e714-b1e5-46d5-972a-6a1f3e5673da,,,Cobas 6000 Assay Tip,,Medical supply,N/A,,,DAGU Item:59637
f467b5ba-9f94-4f5b-9de3-f957d8e3daa3,,,Cobas 6000 Sample Cup,,Medical supply,N/A,,,DAGU Item:59639
93a890d4-b3a1-4208-93e5-ac3fdf0598f2,,,Cobas 6000 Multi Pack,,Medical supply,N/A,,,DAGU Item:59644
74945d17-8e0e-448f-b490-af57c9c94022,,,Cobas 6000 PC/CC Cup,,Medical supply,N/A,,,DAGU Item:59647
36612b97-2adc-442b-9cf9-ccd1d3567fd9,,,Cobas 6000 Probe ISE,,Medical supply,N/A,,,DAGU Item:59649
45350c8b-0a5b-45e5-8964-ad793631c509,,,Cobas 6000 Probe Sample,,Medical supply,N/A,,,DAGU Item:59650
beaf7b72-2632-4252-81f5-23d3bc08adea,,,Cobas 6000 Micro Sample Cup 13/16,,Medical supply,N/A,,,DAGU Item:59654
1aa49d9c-e55c-48b8-a348-e409aa6582de,,,Cobas 6000 Sipper Nozzle,,Medical supply,N/A,,,DAGU Item:59655
3fae423c-a3b0-4ada-8939-fa072f8bbcd7,,,Cobas 6000 Sipper Tube,,Medical supply,N/A,,,DAGU Item:59656
0ee6f572-17b2-444f-b341-13b3934a0db3,,,Cobas 6000 SMS,,Medical supply,N/A,,,DAGU Item:59659
4fab4209-3d6d-41ca-8d29-4964ec0f39a7,,,Cobas C 311 SMS,,Medical supply,N/A,,,DAGU Item:59672
70a05383-7e93-4475-bcc9-ae7eda37764b,,,Dimension EXL 200 Cup Small,,Medical supply,N/A,,,DAGU Item:59802
9fbbe9b1-9a7b-4378-9619-2b8577f66d27,,,Dimension EXL 200 Cup Lid,,Medical supply,N/A,,,DAGU Item:59803
ca9cf8ea-24bf-4b3c-b053-23839fa78c6b,,,Dimension EXL 200 Cuvette Cartridge,,Medical supply,N/A,,,DAGU Item:59804
a398f072-6be7-4452-bb37-c4c0b3cccfb7,,,Dimension EXL 200 Reaction Vessel,,Medical supply,N/A,,,DAGU Item:59805
860da432-1103-4ff3-b80a-3b409d23980f,,,Dimension EXL 200 Thermal Paper,,Medical supply,N/A,,,DAGU Item:59806
626ff8a8-bb9c-4c0e-8bdd-0be73315f1ad,,,DxC 700 AU/ Unicel DxI 800 Na Electrode,,Medical supply,N/A,,,DAGU Item:59920
7a70af22-28f6-4ba1-9da1-385fb2e5ead6,,,DxC 700 AU/ Unicel DxI 800 K Electrode,,Medical supply,N/A,,,DAGU Item:59921
77509d0c-5319-4f0e-b1e5-0b3ab647e69f,,,DxC 700 AU/ Unicel DxI 800 Cl Electrode,,Medical supply,N/A,,,DAGU Item:59931
62828cc0-10de-4845-8899-77c1a1aa391e,,,DxC 700 AU/ Unicel DxI 800 Reaction Vessel,,Medical supply,N/A,,,DAGU Item:59937
3b5d4cc8-4605-4a87-a9f2-65e13a405c67,,,DxC 700 AU/ Unicel DxI 800 Sample Cup 2ml,,Medical supply,N/A,,,DAGU Item:59938
a0234266-f1be-4bd4-9b94-577171b56e58,,,DxC 700 AU/ Unicel DxI 800 Waste Bag,,Medical supply,N/A,,,DAGU Item:59939
ded88a1f-27c8-451e-8724-92e368cc5ef9,,,DxC 700 AU/ Unicel DxI 800 Swabs Polyster,,Medical supply,N/A,,,DAGU Item:59940
ce64bfc0-dda5-4519-9853-1374f8431156,,,DxC 700 AU/ Unicel DxI 800 Peristatic Tubing (Roller Pump),,Medical supply,N/A,,,DAGU Item:59941
0d46e1d5-a16c-4185-8008-e212c7add05e,,,DxC 700 AU/ Unicel DxI 800 Photometer Lamp 20W,,Medical supply,N/A,,,DAGU Item:59942
2bf8a46a-9a46-4ccf-9e56-ddeaced958b5,,,DxC 700 AU/ Unicel DxI 800 Electrode Reference,,Medical supply,N/A,,,DAGU Item:59943
bc2d48b6-0b7e-4848-a83b-68b4dfc23d6a,,,DxC 700 AU/ Unicel DxI 800 Sample Cup Hitachi,,Medical supply,N/A,,,DAGU Item:59944
d8192f16-0747-4db8-9e5b-09ea3f18ad97,,,DxC 700 AU/ Unicel DxI 800 Bottle 15ml with Cap,,Medical supply,N/A,,,DAGU Item:59945
0b6dfb15-9268-4693-b5cb-cb2b5bcea2a9,,,DxC 700 AU/ Unicel DxI 800 Bottle 30ml with Cap,,Medical supply,N/A,,,DAGU Item:59946
3697900e-c76b-482d-a8dc-c4cc01c720d6,,,DxC 700 AU/ Unicel DxI 800 Bottle 60ml with Cap,,Medical supply,N/A,,,DAGU Item:59947
7e0ed65b-fd93-40de-aae1-5a5ae10d234f,,,DxC 700 AU/ Unicel DxI 800 Cuvette 5x6mm,,Medical supply,N/A,,,DAGU Item:59948
c1c10f1f-aebf-49a6-9dcc-08553b8b015e,,,DxC 700 AU/ Unicel DxI 800 Spiral Mixing Bar,,Medical supply,N/A,,,DAGU Item:59949
39a9011f-b2be-4159-a93f-46de93a5deca,,,DxC 700 AU/ Unicel DxI 800 L Shape Mixing Bar,,Medical supply,N/A,,,DAGU Item:59950
c794d6af-9a62-4ad4-b8bf-6755821aa68a,,,DxC 700 AU/ Unicel DxI 800 LC140 Pre Treatment Catridge,,Medical supply,N/A,,,DAGU Item:59951
d1a40d91-554a-4f14-9c67-e5f316a567e3,,,DxC 700 AU/ Unicel DxI 800 LC175 (Protek L1),,Medical supply,N/A,,,DAGU Item:59953
f9d75409-0032-42c1-8067-83dcd7d7c6b7,,,DxC 700 AU/ Unicel DxI 800 Prefiltration for Water Unit Gac Filter,,Medical supply,N/A,,,DAGU Item:59954
2a1cba77-128e-4684-9bc6-2b8efd780b0c,,,DxC 700 AU/ Unicel DxI 800 Prefiltration for Water Unit Melt Blown Filter,,Medical supply,N/A,,,DAGU Item:59955
e7592ae9-b5dd-4ede-9013-153977e5d4ee,,,DxC 700 AU/ Unicel DxI 800 Prefiltration for Water Unit Scale Prevention Filter,,Medical supply,N/A,,,DAGU Item:59956
d10fe19d-4f58-4507-a279-36ca69869ab2,,,DxC 700 AU/ Unicel DxI 800 Prefiltration for Water Unit Ultra Filter,,Medical supply,N/A,,,DAGU Item:59957
205b9929-f33f-4b14-b579-2d80aca03cf6,,,Micropipette Tips 20µl,,Medical supply,N/A,,,DAGU Item:59999
c9768306-a89c-4a3c-a99b-4bf12c3b04d0,,,"Jar Cop lain,staining",,Medical supply,N/A,,,DAGU Item:60000
30d9dccb-f954-4866-a50a-21ab7313c8ea,,,Rod glass 150x6mm,,Medical supply,N/A,,,DAGU Item:60001
4792b821-4594-4c47-b4d4-49a205cb51b1,,,Mortar and Pestle 70ml,,Medical supply,N/A,,,DAGU Item:60002
d828cd66-279f-4ca3-bf49-0781fa5ee149,,,Mortar and Pestle 70 400ml,,Medical supply,N/A,,,DAGU Item:60003
5ec453ae-831a-4e79-a4ea-87306d94c143,,,Brush bottle flask 10cm,,Medical supply,N/A,,,DAGU Item:60004
0b87b123-2118-4794-b16b-5918c5a8fdbb,,,Brush Test Tube 8cm,,Medical supply,N/A,,,DAGU Item:60005
ebaec52f-f0b5-47ea-a427-6c65baeb94c5,,,Nasopharyngeal airways 10Fr 40Fr,,Medical supply,N/A,,,DAGU Item:60006
978df02e-50ce-4b67-bfdb-e15329caf7f2,,,Disposable Epidural Spinal Combined,,Medical supply,N/A,,,DAGU Item:60007
6b787b3d-74ea-4552-8878-06dcda98ddbf,,,Laryngeal Mask Airway No1 No3,,Medical supply,N/A,,,DAGU Item:60008
ec246a61-3ea7-4def-980f-3ae24a70ac1f,,,Laryngeal Mask Airway No4 No5,,Medical supply,N/A,,,DAGU Item:60009
0bb87f03-ae02-4320-85e3-0daed2730bbe,,,Catheter Suction 9CH,,Medical supply,N/A,,,DAGU Item:60010
6dc9dd3d-6877-400d-a777-a7eaedfea4f8,,,Catheter Suction 10CH,,Medical supply,N/A,,,DAGU Item:60011
29e28e2d-4eea-461d-bf26-78bbac71a9ab,,,Dental Arch Bar,,Medical supply,N/A,,,DAGU Item:60031
fe5a2359-508c-4d5c-9496-ac9640e04fbf,,,Drainage Chest Tube 10FG,,Medical supply,N/A,,,DAGU Item:60032
2df8c1c6-759e-492d-8085-452f59593b85,,,Drainage Chest Tube 22FG,,Medical supply,N/A,,,DAGU Item:60033
11836d9b-30b4-4864-8454-d26dee962bf1,,,Drainage Chest Tube 28FG,,Medical supply,N/A,,,DAGU Item:60034
5de7aa7e-0f8b-40b3-b581-b6f839901530,,,Drainage Chest Tube 32FG,,Medical supply,N/A,,,DAGU Item:60035
b94fdcf7-9db3-4a6e-ad63-764d64d18be3,,,Drainage Chest Tube 38FG,,Medical supply,N/A,,,DAGU Item:60036
d8ba207a-bab9-481a-a96f-00b6297e53dc,,,Endotracheal Tube Cuffed 4CH,,Medical supply,N/A,,,DAGU Item:60037
10286295-888f-44f0-be04-0982bfa8cba4,,,Glove Gynecological Examination(Elbow Glove) No. 6.5,,Medical supply,N/A,,,DAGU Item:60038
713e867c-0e08-4f1a-97d1-8ff44a6aa51e,,,Glove Gynecological Examination(Elbow Glove) No. 7.5,,Medical supply,N/A,,,DAGU Item:60039
dedd9e88-546e-410b-8f35-18f0f99bfad7,,,Medicine Envelope plastic,,Medical supply,N/A,,,DAGU Item:60040
a8df82c2-6c3d-4071-ac8f-af3db6b3ecc4,,,Mersilk Braided Black Gauge 3.0(2/0) 75cm on 33 mm 1/2 Circle Reverse Cutting Needle,,Medical supply,N/A,,,DAGU Item:60041
7b7839b7-4fd3-4037-882f-a2728e9ba23f,,,Polyamide Monofilament Gauge 0.3(9/0) 30cm on 6.5mm 3/8 Circle Spatula Single Armed Needle,,Medical supply,N/A,,,DAGU Item:60042
48368823-41ef-4578-983a-604122be2540,,,Polyamide Monofilament Gauge 0.3(9/0) 30cm on 6mm 3/8 Circle Spatula Double Armed Needle,,Medical supply,N/A,,,DAGU Item:60043
78321c89-a9a9-49b2-80da-6367bb70dfc6,,,Oxygen Face Mask for Pediatric,,Medical supply,N/A,,,DAGU Item:60044
2cb87a1b-450b-4984-a167-be27b4de47ea,,,Oxygen Face Mask for Adult,,Medical supply,N/A,,,DAGU Item:60045
e92786ca-9854-40ef-b367-50650dc31ff1,,,Rectal Tube Rubber With Terminal Size 14CH,,Medical supply,N/A,,,DAGU Item:60046
276917be-8add-48d4-b53c-6e529c4fd26a,,,Rectal Tube Rubber With Terminal Size 18CH,,Medical supply,N/A,,,DAGU Item:60047
17c84294-f1e5-4d35-a6b3-793cc400691c,,,Rectal Tube Rubber With Terminal Size 22CH,,Medical supply,N/A,,,DAGU Item:60048
f4a71bd4-8657-422a-8d8b-2bce6e5b31a3,,,Rectal Tube Rubber With Terminal Size 26CH,,Medical supply,N/A,,,DAGU Item:60049
196a8b24-616e-4acc-bdc8-68df214614a4,,,"Surgical Absorbable Hemostat 1"" x 2""",,Medical supply,N/A,,,DAGU Item:60050
731ac74d-8a0a-4290-868d-b61087c4c70b,,,"Surgical Absorbable Hemostat 2"" x 4""",,Medical supply,N/A,,,DAGU Item:60051
dd45acc6-c1c8-4bb0-9293-096ed212df75,,,Surgical Absorbable Hemostat 4'' x 4'',,Medical supply,N/A,,,DAGU Item:60052
77a17a3e-982c-4dd2-ae9d-e2036fe9d3ed,,,Surgical Absorbable Hemostat 4'' x 8'',,Medical supply,N/A,,,DAGU Item:60053
a47528fe-a2a7-4d1b-ad5a-6ae5916eaae5,,,Syringe Dental of metal 2.5ml,,Medical supply,N/A,,,DAGU Item:60054
b366f529-049f-41a8-abc9-5cc5957239b9,,,"Ureteric Tubes 5mm 6mm,75cm",,Medical supply,N/A,,,DAGU Item:60055
ee90f2f3-66e1-47cf-8f93-a3fec66f01f1,,,Tube Eppendorf 2ml,,Medical supply,N/A,,,DAGU Item:60347
438934a0-0d20-420b-9736-0b9d48b311a5,,,Gauze Swab 3cm x 3cm,,Medical supply,N/A,,,DAGU Item:60351
bd667a11-fde7-4c76-8576-4a11c4d0ab8e,,,Bite sticks(Teeth guard) PVCwith center handle to insert and remove,,Medical supply,N/A,,,DAGU Item:60377
cd2829c4-db70-40e5-a7bc-17d165aa5a71,,,"Face Mask For oxygen Administration Adult size 5,with Reservoir 1.6L bag",,Medical supply,N/A,,,DAGU Item:60389
cd1591f5-465a-4ee9-b032-c4a946132abb,,,Face Mask With out Reservoir For oxygen Administration Adult size,,Medical supply,N/A,,,DAGU Item:60390
3e7f0058-5514-4333-9fb7-23020386a351,,,Face Mask For oxygen Administration Child/medium size 3 with Reservoir 1.6L bag,,Medical supply,N/A,,,DAGU Item:60393
816cb7b8-83a6-44d2-8a2c-65690625eed1,,,Face Mask With out Reservoir For oxygen Administration child/medium size 3,,Medical supply,N/A,,,DAGU Item:60397
de2fcadb-cc70-40c3-95fc-d014ab1050f8,,,"Face Mask with Reservoir for oxygen Administration Infant/small size 1, 0.5L breathing bag",,Medical supply,N/A,,,DAGU Item:60401
e962b438-6dd7-4ecc-b036-87e1efdf4479,,,Face Mask With out Reservoir For oxygen Administration Infant/small size 1,,Medical supply,N/A,,,DAGU Item:60403
2898a009-f0eb-47c7-922c-4a706b947155,,,Cold Packs Bag Reusable 11 inch durable,,Medical supply,N/A,,,DAGU Item:60418
c3bfa10d-8fe1-4f2d-8b25-c8944ae15a8d,,,"Patient restraint(spinal Board)straps with meta buckles/clips and speed clip,15m",,Medical supply,N/A,,,DAGU Item:60442
ea5e9fbe-a546-47da-9c6c-ad5b355b0201,,,"Catheter Suction Open rounded shape&smooth,blue one Eye, Length:530±20.0mm,E.Length 500±20.0mm, OD2.7±0.10MM",,Medical supply,N/A,,,DAGU Item:60462
a1cf3ba2-fb93-4ec3-b673-da89166121d5,,,"Catheter Suction Open rounded shape&smooth,black one Eye, Length:530±20.0mm,E.Length 500±20.0mm, OD3.30±0.15MM 10CH",,Medical supply,N/A,,,DAGU Item:60475
2e267d9c-8b52-4027-ab1a-80a60ec229b3,,,"Catheter Suction Open rounded shape&smooth,Orange one Eye, Length:530±20.0mm,E.Length 500±20.0mm, OD: 5.30±0.20mm 16CH",,Medical supply,N/A,,,DAGU Item:60478
d0d21506-462c-4a58-91db-70e74653674b,,,"Catheter Suction Open rounded shape&smooth,Red one Eye, Length:530±20.0mm,E.Length 500±20.0mm, OD: 6.00±0.20mm 18CH",,Medical supply,N/A,,,DAGU Item:60479
1b96cb53-aa36-4dfd-8586-5d9084099750,,,"Catheter Suction Open rounded shape&smooth,blue one Eye, Length:530±20.0mm,E.Length 500±20.0mm, OD2.7±0.10MM 8CH",,Medical supply,N/A,,,DAGU Item:60484
bf2668ff-20e9-4fee-bc87-68d23e1a6319,,,Manual sucker/Bulb Sterilizable Silicon air tight for infant,,Medical supply,N/A,,,DAGU Item:60494
eb7d4f99-8fa5-40a7-8d55-93b003090df3,,,Nasopharyngeal airways 8CH,,Medical supply,N/A,,,DAGU Item:60497
f3c31622-efeb-4c44-86aa-50d4f2422ca4,,,Nasopharyngeal airways 7CH,,Medical supply,N/A,,,DAGU Item:60500
e006a80e-4d01-4739-a435-c65d2d062987,,,Nasopharyngeal airways 6CH,,Medical supply,N/A,,,DAGU Item:60502
3a14c37b-7dee-46d3-9433-ce40e89ac48a,,,Nasopharyngeal airways 4CH,,Medical supply,N/A,,,DAGU Item:60506
24de6aa3-8f1d-4fb5-be2c-486dde96c757,,,Nasopharyngeal airways 3CH,,Medical supply,N/A,,,DAGU Item:60508
b2c45123-021b-457c-acbf-32aa727b9d5b,,,Oropharyngeal Airway (Guedel) Sterile 5CH,,Medical supply,N/A,,,DAGU Item:60512
3c80fd95-72ac-45d3-b776-e3bed0f56e3d,,,Oropharyngeal Airway (Guedel) Sterile 4CH,,Medical supply,N/A,,,DAGU Item:60513
7f4d2074-cc14-4e7d-99d1-23eaff2a46fd,,,Oropharyngeal Airway (Guedel) Sterile 3CH,,Medical supply,N/A,,,DAGU Item:60516
10ae4919-cf32-4b34-a43b-b0c12c90a8f5,,,Oropharyngeal Airway (Guedel) Sterile 2CH,,Medical supply,N/A,,,DAGU Item:60520
351962e9-fd24-4808-af7b-6bf6f2f5a624,,,Oropharyngeal Airway (Guedel) Sterile 1CH,,Medical supply,N/A,,,DAGU Item:60524
a5ab64b0-5b89-4b14-a854-afc3d873eb2b,,,Oropharyngeal Airway (Guedel) Sterile 0CH,,Medical supply,N/A,,,DAGU Item:60526
cd9fc0eb-a4b4-47e9-9c13-ae857ae3ca54,,,Resuscitator Bag (Ambu Bag) Child,,Medical supply,N/A,,,DAGU Item:60538
4d1b7c75-d359-4af5-b3d6-e9d610082ece,,,Resuscitator Bag (Ambu Bag) Infant,,Medical supply,N/A,,,DAGU Item:60540
bdf27d7b-5f97-4da8-9b33-5254c9bbb220,,,Adhesive Tape 5cm x 1.9cm,,Medical supply,N/A,,,DAGU Item:60553
1168ce45-776f-4cd6-ae05-5b466aafdcc8,,,Gauze Dressing 4'' x 4'',,Medical supply,N/A,,,DAGU Item:60556
5e890518-869e-4320-8861-20485353d15d,,,Glove Examination Latex Powdered Medium,,Medical supply,N/A,,,DAGU Item:60560
29fa1ed4-7643-4a7b-bc49-4b365cdb672c,,,Triage Tags Dark,,Medical supply,N/A,,,DAGU Item:60578
52b15c21-eeb6-4fa7-a50d-5629e51525e7,,,Triage Tags Red,,Medical supply,N/A,,,DAGU Item:60579
e286b7a3-05d5-488e-8779-2eecf4cd8def,,,Triage Tags Yellow,,Medical supply,N/A,,,DAGU Item:60580
08fd9070-321a-495c-a56b-ff34ed6520ca,,,Conical Centrifuge Tubes 112mm x 17mm,,Medical supply,N/A,,,DAGU Item:60593
2cd6b8f9-88b3-4843-821d-16ae89dd3fd4,,,Catheter for Mucus Extractor In pieces of different sizes,,Medical supply,N/A,,,DAGU Item:60611
32d38af8-7974-4fe5-b435-abadb2742bb2,,,Brush for Decontamination small,,Medical supply,N/A,,,DAGU Item:60626
98ae7d62-900b-4c95-804d-52e44634fac6,,,Bucket 30L and Bowls Plastic for Decontamination Instrument,,Medical supply,N/A,,,DAGU Item:60631
15177408-74c6-47ff-998f-5ce8e0ae9d00,,,Glove Heavy Duty Latex (Disposable) small,,Medical supply,N/A,,,DAGU Item:60635
29c27a02-7244-4613-9228-cadc2d342c1f,,,"Mortar and Pestle 100mm((dia)x45mm,Small",,Medical supply,N/A,,,DAGU Item:60665
174f3ca1-738a-4f41-8e4d-8068bd6e6715,,,"Mortal and Pestle 160mm(dia) x75mm,Medium",,Medical supply,N/A,,,DAGU Item:60666
f40c11cf-3056-4fa3-afc8-1a0a83ff6129,,,"Brush for Test Tube 19mm(dia) x 89mm,fan stayle tip",,Medical supply,N/A,,,DAGU Item:60676
e8525dd2-6ecf-4441-b78e-f2a01eab1241,,,Cover Slide 20x20mm Thickness 13 mm,,Medical supply,N/A,,,DAGU Item:60709
324fd978-5214-4aaa-a5fb-d9238ff29d80,,,Cover Glass slide Box 76x25x1mm,,Medical supply,N/A,,,DAGU Item:60717
a819ce27-6a9a-4e2f-b43b-c36ad19c74cd,,,Graduated Measuring Cylinder 250 ml,,Medical supply,N/A,,,DAGU Item:60726
e56a7be6-61f3-4c1d-aa6a-101906b127e2,,,Graduated Measuring Cylinder 100 ml,,Medical supply,N/A,,,DAGU Item:60727
67e57c7c-90a5-4a02-a397-9fd0907be544,,,Graduated Measuring Cylinder,,Medical supply,N/A,,,DAGU Item:60732
c8804afd-0208-4cc5-a675-ec3e307a6206,,,Graduated Measuring Cylinder 500ml,,Medical supply,N/A,,,DAGU Item:60734
1b2c55a5-470b-4ced-9259-c248269013d9,,,"Jar Glass,wide mouth,1000ml",,Medical supply,N/A,,,DAGU Item:60737
16c1512f-b17c-4349-aa95-3a6255a05480,,,Graduated Measuring Cylinder 50ml,,Medical supply,N/A,,,DAGU Item:60742
b4b76d88-0a12-4f08-8f18-3aea3634fa5a,,,Graduated Measuring Cylinder 25ml,,Medical supply,N/A,,,DAGU Item:60744
0ba2768d-e1fa-4a8b-a1fe-0be448b434ea,,,ESR graduated pipette from 0 to 195mm with 1mm subdivision,,Medical supply,N/A,,,DAGU Item:60746
ac44d590-e8de-447e-ac48-fb603b79f7f3,,,Contact activated blood lancet Length:40mm,,Medical supply,N/A,,,DAGU Item:60748
b3c04b51-178e-43da-951b-893cf9d9f34d,,,"Micro Pipette Tips 10 100µl, Red",,Medical supply,N/A,,,DAGU Item:60754
5fa20616-ab35-4244-a2fb-330acb48b14c,,,"Micro Pipette Tips 10 100µl, Yellow",,Medical supply,N/A,,,DAGU Item:60755
7fcb7adf-69ac-495d-8df6-c41b8d4be2ff,,,Catheter Umblical 3.5CH,,Medical supply,N/A,,,DAGU Item:60773
61816431-369d-44cd-a1dc-ac75a4ab13d5,,,Aspirator Nasal Oral,,Medical supply,N/A,,,DAGU Item:60778
43ba8920-3ab6-4dd6-9899-79b80a72c5b2,,,Nasopharyngeal airways 5CH,,Medical supply,N/A,,,DAGU Item:60827
89a6e2f9-1d1d-41cc-b77e-b38c81731085,,,Dental Cotton wool N0. 2,,Medical supply,N/A,,,DAGU Item:60828
c70a57ac-bc22-4076-83d4-f0d81439e79d,,,Mindray BS 200E Cuvette,,Medical supply,N/A,,,DAGU Item:60832
799ec0cb-0c6e-4f44-97d4-a6dd83d7a632,,,Mindray BS 200E Lamp,,Medical supply,N/A,,,DAGU Item:60833
1c33cf56-af64-4a42-80d4-342a771bc456,,,Mindray BS 200E Probe,,Medical supply,N/A,,,DAGU Item:60834
45a11832-edbc-4e35-8f59-a1bc51eb21dc,,,Biohazard Bag 94cmx122cm,,Medical supply,N/A,,,DAGU Item:60842
5485516f-4a04-4d65-9ca9-a7adb891d15f,,,Colostomy Bag Adhesive Regulator Closed 25cmx14cm 60mm Opening Adult Opec Medium,,Medical supply,N/A,,,DAGU Item:60843
e7dfab59-42c6-4686-bb7f-b6cb225753cf,,,"Tube Suction, Disposable 15mmx2m",,Medical supply,N/A,,,DAGU Item:60844
047d7d06-ed18-41de-9f0d-ee3672372a0f,,,"Conical Test Tube Plastic, Graduated 15ml",,Medical supply,N/A,,,DAGU Item:60846
173b2d21-0201-407c-ab07-0796dd924b97,,,"Flask Erlenmeyer, Glass, Heat Resistant, 2Litre",,Medical supply,N/A,,,DAGU Item:60847
a6ae993e-63ba-4c15-ae3f-4db5c450baf5,,,"Capillary Tube, Hematocrite, Sodium Heparinized 80IU/ml, Red Top, 75mm Length, 20µ",,Medical supply,N/A,,,DAGU Item:60855
1cec77ed-d195-486a-9238-b91119a2add7,,,Autoclave Indicator Tape 1.9cmx5cm,,Medical supply,N/A,,,DAGU Item:60856
d4c96401-ac34-4620-bbb9-28257e1efcec,,,Oronasopharyngeal (Airway) Sterile 60mm,,Medical supply,N/A,,,DAGU Item:60893
cab39cf3-f112-4cb0-9171-e445d8d7d7ac,,,Oronasopharyngeal (Airway) Sterile 90mm,,Medical supply,N/A,,,DAGU Item:60894
e1c01af6-df78-4ffa-b43a-b799e0fce457,,,Oronasopharyngeal (Airway) Sterile 120mm,,Medical supply,N/A,,,DAGU Item:60895
764e11e6-5aba-430d-a601-d958951f2bdd,,,Oronasopharyngeal (Airway) Sterile 80mm,,Medical supply,N/A,,,DAGU Item:60896
a14bf23a-fd5e-44fb-b62f-48805b2b7776,,,Polyglycolic acid absorbable braided violet Gauge 1.0(5/0) 75cm on 13mm 1/2 Circle Round Bodied Needle,,Medical supply,N/A,,,DAGU Item:60921
4dfd53d8-5eb9-4c9d-89a4-8b35bbff31c8,,,"Applicator Wooden Stick with Cotton Tip 2.2mm x 150mm Individually Packed, Sterile",,Medical supply,N/A,,,DAGU Item:60929
4c93cac3-038a-4cd3-bd44-f82ccc4c8d94,,,Trachoma Clap small,,Medical supply,N/A,,,DAGU Item:60930
661d0fc5-dba9-435f-a631-eb1494195691,,,Trachoma Clap large,,Medical supply,N/A,,,DAGU Item:60931
0b72419d-3d4d-434f-8875-a5a1577ae729,,,Swap Disinfecting Imppreginated with Isopropyl Alchol 70%,,Medical supply,N/A,,,DAGU Item:60937
366eaf0f-8fa0-43f4-905a-0f370b5c5bab,,,Adhesive Wound Plaster with Absorbent Anticeptic pad individually packed 2 size,,Medical supply,N/A,,,DAGU Item:60938
1c2ec290-d2d8-4e4a-9a52-38d324a10ebf,,,Adhesive Plaster Zinc Oxide 2.5cmx10m,,Medical supply,N/A,,,DAGU Item:60939
a22a21e9-c359-48c1-8946-51cf4e7ae154,,,Sysmex XP 300 Thermal Printing Paper,,Medical supply,N/A,,,DAGU Item:60944
eb816d3a-30ef-480d-b3ff-435d89cb6eb6,,,"Microscope Slide 27x75mm, 1.2mm Thickness Frosted",,Medical supply,N/A,,,DAGU Item:60968
81694f71-018a-4dd7-8a8f-774120178ce0,,,"Microscope Slide 27x75mm, 1.2mm Thickness",,Medical supply,N/A,,,DAGU Item:60969
b85a753d-e749-4236-8a39-42f41169f964,,,Micropipette Tips 10 200µl,,Medical supply,N/A,,,DAGU Item:60970
1db5b728-16c1-4406-a53e-a6f804053d5d,,,Micropipette Tips 200 1000µl,,Medical supply,N/A,,,DAGU Item:60971
a5c5346a-7702-4638-b398-84f8bbb8b97e,,,"Sealer Capillary Tube, 2mm Thickness",,Medical supply,N/A,,,DAGU Item:60972
a4703143-9d43-4fde-9831-d062748904da,,,"Pasteur Pipette 3ml, Non sterile, Plastic",,Medical supply,N/A,,,DAGU Item:60974
0373c463-7655-4976-8104-64b898a33062,,,"Biohazard Bags Disposable, Orange 32x34Inch",,Medical supply,N/A,,,DAGU Item:60977
fac214bf-b557-4076-a65a-f6ab4bd5d1a2,,,DxC 700 AU/ Unicel DxI 800 Carbon Powder Filter,,Medical supply,N/A,,,DAGU Item:60981
12614a42-6a7c-40db-95f2-dd90803ad0d1,,,DxC 700 AU/ Unicel DxI 800 Micron Filter with Antibacterial,,Medical supply,N/A,,,DAGU Item:60982
62dd1017-82d6-4a85-88de-e25202a89a97,,,DxC 700 AU/ Unicel DxI 800 Improved GAC,,Medical supply,N/A,,,DAGU Item:60983
d819feef-ab96-445b-9d21-19045a2ce33e,,,DxC 700 AU/ Unicel DxI 800 LC 177 Protek L1,,Medical supply,N/A,,,DAGU Item:60984
4ef255b3-cff1-4cdd-bd35-437522331ed1,,,DxC 700 AU/ Unicel DxI 800 LC 174 Protek L1,,Medical supply,N/A,,,DAGU Item:60985
be2fb530-03d5-4293-a14c-086d96eee1b3,,,DxC 700 AU/ Unicel DxI 800 LC 174 MEDPURE Cartridge,,Medical supply,N/A,,,DAGU Item:60986
2c6048df-7ecb-4d49-9c6e-7ad4e20845d5,,,DxC 700 AU/ Unicel DxI 800 Peristatic Tubing Roller Pump,,Medical supply,N/A,,,DAGU Item:63319
0d498c58-030f-462c-80a3-e7c2abf49a19,,,Gauze Dressing 5cmx4cm,,Medical supply,N/A,,,DAGU Item:63366
06901712-50b7-40ff-9b79-6091f7e3f59a,,,Cobas C 311 Reference Electrode,,Medical supply,N/A,,,DAGU Item:63384
d8ffc2d2-f99f-453b-8208-95fed76d3774,,,Cobas 6000 Reference Electrode,,Medical supply,N/A,,,DAGU Item:63385
05a080c1-b78a-42c4-8aa9-ef038d15c3ca,,,ANGIO DIAGNOSTIC CATHETER 5FR JR 3.5,,Medical supply,N/A,,,DAGU Item:63394
209deced-278d-4cfc-9c75-60bcb6a81e31,,,ANGIO DIAGNOSTIC CATHETER 5FR JR 4,,Medical supply,N/A,,,DAGU Item:63395
b0719552-b1fe-4ca9-a086-c49af409c6b4,,,ANGIO DIAGNOSTIC CATHETER 5FR×100CM MPA 1,,Medical supply,N/A,,,DAGU Item:63396
575b391f-6744-4961-9091-46d5c006c52c,,,ANGIO DIAGNOSTIC CATHETER 5FR PIGTAIL,,Medical supply,N/A,,,DAGU Item:63397
b2d1e9a9-63ba-451c-bbe9-1ab9658cefd0,,,ANGIO DIAGNOSTIC CATHETER Radial 5FR 4.0,,Medical supply,N/A,,,DAGU Item:63398
252f7acc-bd8e-448b-934b-53dee74d5aa1,,,ANGIO DIAGNOSTIC CATHETER Radial 5FR 3.5,,Medical supply,N/A,,,DAGU Item:63399
01fc3196-580a-48e4-96d4-b5fc9bee337a,,,ANGIO DIAGNOSTIC CATHETER Radial 6FR 4.0,,Medical supply,N/A,,,DAGU Item:63400
4aba265a-c33e-4fce-ba2e-34f387a22eba,,,ANGIO DIAGNOSTIC CATHETER Radial 6FR 3.5,,Medical supply,N/A,,,DAGU Item:63401
a1500195-112b-45f7-8b26-09ed100e48a5,,,ANGIO DIAGNOSTIC CATHETER 6FR × 100CM JR 3.5,,Medical supply,N/A,,,DAGU Item:63402
c4f0b435-e6de-42af-87fe-a22562e61294,,,ANGIO DIAGNOSTIC CATHETER 6FR × 100CM JR 4,,Medical supply,N/A,,,DAGU Item:63403
e02dc4eb-a1d0-48f9-9edb-15f4b0ddf7aa,,,ANGIO DIAGNOSTIC CATHETER 6FR × 100CM JL 3.5,,Medical supply,N/A,,,DAGU Item:63404
85f6abda-ec91-4a66-bf5d-c3a69402869d,,,ANGIO DIAGNOSTIC CATHETER 6FR × 100CM JL 4,,Medical supply,N/A,,,DAGU Item:63405
b3af77fb-6ab9-405c-8e7d-6ba921eb6e89,,,ANGIO DIAGNOSTIC CATHETER 5FR × 100CM JL 4,,Medical supply,N/A,,,DAGU Item:63406
9fd526e9-a27f-46b3-bf95-d3ad6e16bbbd,,,ANGIO DIAGNOSTIC CATHETER 6FR × 100CM JL 5,,Medical supply,N/A,,,DAGU Item:63407
ce076e28-ec17-4510-9c7d-73eb3a330c1c,,,ANGIO DIAGNOSTIC CATHETER 6FR × 100CM AL I,,Medical supply,N/A,,,DAGU Item:63408
0e16d8e6-e965-49fc-a1f6-23d22d368893,,,ANGIO DIAGNOSTIC CATHETER 6FR × 100CM AL II,,Medical supply,N/A,,,DAGU Item:63409
db7c1897-98f6-4157-8f44-3026fc243681,,,ANGIO DIAGNOSTIC CATHETER 6FR × 100CM MPA 2,,Medical supply,N/A,,,DAGU Item:63410
234256d9-39ed-45b7-9265-60b5251a2771,,,ANGIO DIAGNOSTIC CATHETER 6FR × 100CM PIGTAIL,,Medical supply,N/A,,,DAGU Item:63411
c2a8a841-9245-434f-93e2-fb676ec5ef1a,,,Tube Connector Y connector,,Medical supply,N/A,,,DAGU Item:63412
72fd2f7c-1f55-4f00-b56c-31830cccb290,,,Tube Connector Straight,,Medical supply,N/A,,,DAGU Item:63413
ab588fc2-23a6-48b5-a78a-ba2e90a210ba,,,Three way stop cock,,Medical supply,N/A,,,DAGU Item:63414
928f2abc-5f06-4bcb-bce3-64a278a2ed52,,,Suction catheter 8F,,Medical supply,N/A,,,DAGU Item:63415
e8c31157-8995-4cb6-8836-92baa0d9ee9d,,,Temporary pacing wires,,Medical supply,N/A,,,DAGU Item:63416
fd998edb-37d5-4765-9d3c-732dc37c26fb,,,Suction catheter 12F,,Medical supply,N/A,,,DAGU Item:63417
48d45117-b780-4d8c-afac-780aba125ace,,,Suction catheter 10F,,Medical supply,N/A,,,DAGU Item:63418
99d35530-d8f7-4e7c-b7f7-504d7994fa41,,,Sterile gown XL size,,Medical supply,N/A,,,DAGU Item:63419
5a1b011a-9e49-4062-ae6c-5d5916dd0f24,,,Sterile drape Adult,,Medical supply,N/A,,,DAGU Item:63420
d50ae435-0dc4-42f0-955f-a5e0eb9db3e6,,,"Prolene Double arm, round needle 6 0",,Medical supply,N/A,,,DAGU Item:63421
e3319dd2-5d82-4fea-b183-4e0c4b79fc5a,,,"Prolene Double arm, round needle 5 0",,Medical supply,N/A,,,DAGU Item:63422
04afbb2f-6a74-4c36-8836-21ba217f9505,,,"Prolene Double arm, round needle 4 0",,Medical supply,N/A,,,DAGU Item:63423
b26ff86f-2a59-4fac-af27-37621eb23c83,,,Perfusion custom pack Weight >40 kg,,Medical supply,N/A,,,DAGU Item:63424
25385613-2046-45a1-8f82-5e35468825e6,,,Perfusion custom pack Weight 10 25 kg,,Medical supply,N/A,,,DAGU Item:63425
f6533220-3073-4da1-93cf-839d33fd4522,,,Perfusion custom pack Weight 25 40 kg,,Medical supply,N/A,,,DAGU Item:63426
2b321e35-607c-4869-bf98-bb3ac9712266,,,Oxygen nasal cannula Adult,,Medical supply,N/A,,,DAGU Item:63427
2abb933a-a2c7-457f-b81b-49cc5e79c27a,,,Oxygen nasal cannula Pediatric,,Medical supply,N/A,,,DAGU Item:63428
6807bf85-2fde-4524-9d0c-58f7505ed62c,,,Nylon tape 3mm x 70cm,,Medical supply,N/A,,,DAGU Item:63429
763de232-4b21-4d0b-9f6e-c1169e66b974,,,ANGIO DIAGNOSTIC CATHETER 5FR × 100CM NTR ( SITE SEER),,Medical supply,N/A,,,DAGU Item:63430
f8f4896d-9f5e-4464-af4e-02e82718f667,,,Nebulising mask,,Medical supply,N/A,,,DAGU Item:63431
5bbddf04-5849-4389-aeae-3d1b4b1d9323,,,ANGIO DIAGNOSTIC CATHETER 6FR × 100CM NTR,,Medical supply,N/A,,,DAGU Item:63432
a1acc846-9409-4a4c-b742-802c38e13230,,,"GUIDING CATHETER JL 4.0, 6Fr, 100cm",,Medical supply,N/A,,,DAGU Item:63433
b76b98ed-cdc5-4d1c-b09a-eea624fad23b,,,Mechanical Valve prostheses Aortic Valve 23mm,,Medical supply,N/A,,,DAGU Item:63434
42a3cde6-f046-4da2-9745-04de380f367c,,,"GUIDING CATHETER JL 3.5, 6Fr, 100cm",,Medical supply,N/A,,,DAGU Item:63435
777ce0ec-5990-4848-b6ea-3dfe23db9d4d,,,"GUIDING CATHETER JL 4.5, 6Fr, 100cm",,Medical supply,N/A,,,DAGU Item:63436
f96e088e-d6ea-4164-8924-7e5f3ba7a88a,,,"GUIDING CATHETER JR 4.0, 6Fr, 100cm",,Medical supply,N/A,,,DAGU Item:63437
f94068cf-563d-4897-98f2-4200999a9f0a,,,"GUIDING CATHETER JR3.5, 6Fr",,Medical supply,N/A,,,DAGU Item:63438
63a6f704-8ad4-4733-845e-5921a1f87b34,,,"GUIDING CATHETER JL 4.0, 7Fr, 100cm",,Medical supply,N/A,,,DAGU Item:63439
0a63bbae-fc08-45f1-aac0-adab0700c83a,,,"GUIDING CATHETER AL2, 6Fr",,Medical supply,N/A,,,DAGU Item:63440
b6e7aec3-5d11-4560-b90a-ca58f47a2d6d,,,"Urine Cup Plastic, 40ml",,Medical supply,N/A,,,DAGU Item:63441
a03d6b8a-b567-49ca-9aee-64ea3c0e099c,,,GUIDING CATHETER IMA 6F,,Medical supply,N/A,,,DAGU Item:63442
ce11417a-c7c5-4dc1-b75d-0d74ef203824,,,"GUIDING CATHETER AL1, 6Fr",,Medical supply,N/A,,,DAGU Item:63443
180a6961-139b-46ac-af15-427644f8ed73,,,GUIDING CATHETER 6F AR 2.0,,Medical supply,N/A,,,DAGU Item:63444
14586f17-8068-46d5-a596-91a6d16856c3,,,GUIDING CATHETER 6FR AR 1.0,,Medical supply,N/A,,,DAGU Item:63445
2247153b-9777-48d1-96e9-3f8fe6438164,,,GUIDING CATHETER 6F EBU/voda left 3.5,,Medical supply,N/A,,,DAGU Item:63446
57c10440-d9a4-4b87-8229-9b837537521e,,,GUIDING CATHETER 6FR EBU/ voda left 3.0,,Medical supply,N/A,,,DAGU Item:63447
142289f7-be60-438b-bf62-4987d28e4298,,,GUIDING CATHETER 6FR EBU/ voda left 4.0,,Medical supply,N/A,,,DAGU Item:63448
269d4e39-2821-464e-bc11-e700826ee9a4,,,GUIDING CATHETER 7FR EBU/ voda left 3.5,,Medical supply,N/A,,,DAGU Item:63449
a72adc7c-8605-464a-a850-936fd6322ba0,,,"ANGIOGRAPHIC GUIDEWIRE 0.035"", 260CM, J TIP BOX5",,Medical supply,N/A,,,DAGU Item:63450
dbedae2d-88c1-4076-95fe-e2795c2fcdfc,,,ANGIOGRAPHIC GUIDEWIRE 0.032 × 145CM J TIP hydrophilic wire,,Medical supply,N/A,,,DAGU Item:63451
bf311121-e1e5-450b-a1e7-ccf0611906fd,,,ANGIOGRAPHIC GUIDEWIRE 0.038 × 145CM J TIP 3MM,,Medical supply,N/A,,,DAGU Item:63452
0f95b9ce-ff10-4536-ae37-5a64ec640267,,,Mechanical Valve prostheses Aortic Valve 21mm,,Medical supply,N/A,,,DAGU Item:63453
3b2d3949-758b-4730-8028-2443684bcb89,,,Mechanical Valve prostheses Aortic Valve 19mm,,Medical supply,N/A,,,DAGU Item:63454
689e7685-754c-4074-9ee3-8aa845f5d2e2,,,"PCI Guide wire Floppy LIGHT SUPPORT, 190CM, JTIP",,Medical supply,N/A,,,DAGU Item:63455
d4340a79-c2af-4766-992f-4175bd15254a,,,PCI Guide wire Hydrophilic 180,,Medical supply,N/A,,,DAGU Item:63456
d5ece0db-6bc5-45ff-9009-9ad1aefdb2df,,,"PCI Guide wire FLOPPY, LIGHT SUPPORT, J TIP, 300cm",,Medical supply,N/A,,,DAGU Item:63457
533bd7e0-bc84-4e2b-b5a3-9f0e6fad00eb,,,PCI Guide wire medium support 180cm,,Medical supply,N/A,,,DAGU Item:63458
5c80c078-1ff8-41e0-9b3e-c4c2b91f0ee3,,,PCI Guide wire HYDROPHILLIC WORKHORSE 180CM 3g,,Medical supply,N/A,,,DAGU Item:63459
debdab13-87de-438e-ba03-584fd822424c,,,Mechanical Valve prostheses Mitral Valve 27mm,,Medical supply,N/A,,,DAGU Item:63460
fb4ca55a-94d2-433f-b265-a4e371e19526,,,DRUG ELUTING STENT 2.25 x 18MM (17 19),,Medical supply,N/A,,,DAGU Item:63461
d8fa4d67-be4c-47d5-b100-e5c3c04b89cc,,,Mechanical Valve prostheses Mitral Valve 29mm,,Medical supply,N/A,,,DAGU Item:63462
6106157b-ee88-44c0-a471-0cae2554a603,,,DRUG ELUTING STENT 2.25 x 22MM (21 23),,Medical supply,N/A,,,DAGU Item:63463
b555f26f-716a-4c01-bb26-f28b580e961b,,,DRUG ELUTING STENT 2.5 x 12MM (11 13),,Medical supply,N/A,,,DAGU Item:63464
8e4a31ce-d26e-41bb-82ea-98b5cc076116,,,DRUG ELUTING STENT 2.5 x 15MM (14 16),,Medical supply,N/A,,,DAGU Item:63465
6030c091-f87a-4d80-9a19-a754c5f5f20c,,,Luer lock,,Medical supply,N/A,,,DAGU Item:63466
7738da9a-0df6-42ab-b309-7211332be317,,,Liga Clips small,,Medical supply,N/A,,,DAGU Item:63467
711f487d-1ece-48e3-95b6-651efcfaaad5,,,DRUG ELUTING STENT 2.5 x 18MM (17 19),,Medical supply,N/A,,,DAGU Item:63468
8e49aadb-9474-45ad-81f9-4404f7fef7a1,,,DRUG ELUTING STENT 2.5 x 22MM (21 23),,Medical supply,N/A,,,DAGU Item:63469
614899ea-fdfe-4938-ada0-4ee22e931d6f,,,DRUG ELUTING STENT 2.5 x 26MM (25 27),,Medical supply,N/A,,,DAGU Item:63470
e114414c-b70c-4a3f-9df2-3911cc1dc925,,,DRUG ELUTING STENT 2.5 x 34MM (33 35),,Medical supply,N/A,,,DAGU Item:63471
8dabc70c-0691-456c-ba84-3d266a5b88cc,,,DRUG ELUTING STENT 2.75 x 15MM (14 16),,Medical supply,N/A,,,DAGU Item:63472
f8461abc-1d6b-4f0c-b4ae-bbd0a03d8afb,,,Liga Clips Medium,,Medical supply,N/A,,,DAGU Item:63473
f4584dba-36b9-41e7-b64e-4855344c8e44,,,DRUG ELUTING STENT 2.75 x 18MM (17 19),,Medical supply,N/A,,,DAGU Item:63474
9198562d-8d3d-49a6-bd02-5153815abf65,,,DRUG ELUTING STENT 2.75 x 22MM (21 23),,Medical supply,N/A,,,DAGU Item:63475
a57f211f-24a2-4a56-9e6c-925b8ffa33e9,,,DRUG ELUTING STENT 2.75 x 26MM (25 27),,Medical supply,N/A,,,DAGU Item:63476
10fc3166-0630-4928-8086-2b54c836531d,,,Gore Tex suture CV 5,,Medical supply,N/A,,,DAGU Item:63477
2f78bd23-2ec6-442d-9f5b-b17cb2434efc,,,DRUG ELUTING STENT 2.75 x 34MM (33 35),,Medical supply,N/A,,,DAGU Item:63478
cee635ad-72e7-4a49-8749-60aee9a33030,,,DRUG ELUTING STENT 3.0 x 8MM (7 9),,Medical supply,N/A,,,DAGU Item:63479
536474d2-07b4-4974-8251-7d61d3a0e02a,,,GoreTex suture CV 4,,Medical supply,N/A,,,DAGU Item:63480
06c04e23-06cd-4b6e-b79f-2123895f18ef,,,DRUG ELUTING STENT 3.0 x 12MM (11 13),,Medical supply,N/A,,,DAGU Item:63481
6df21103-ed2b-4e7c-a9a3-2e00e5400155,,,Extensions 15cm,,Medical supply,N/A,,,DAGU Item:63482
caf513d5-cff7-4972-ab23-20f175e24e7e,,,Extensions 100cm,,Medical supply,N/A,,,DAGU Item:63483
be392f21-9522-49c0-83c7-a3899978a30c,,,DRUG ELUTING STENT 3.0 x 18MM (17 19),,Medical supply,N/A,,,DAGU Item:63484
da44cfe3-3641-4f39-9c56-9d23bf105d96,,,DRUG ELUTING STENT 3.0 x 22MM (21 23),,Medical supply,N/A,,,DAGU Item:63485
da47851f-928c-4582-926a-e1ae81009502,,,DRUG ELUTING STENT 3.0 x 26MM (25 27),,Medical supply,N/A,,,DAGU Item:63486
a5f0c835-3040-458f-b9f4-5a0a475a7a63,,,DRUG ELUTING STENT 3.0 x 30MM (29 31),,Medical supply,N/A,,,DAGU Item:63487
c38fdb24-10fc-4489-ab10-406eeabd1330,,,DRUG ELUTING STENT 3.5 x 12MM (11 13),,Medical supply,N/A,,,DAGU Item:63488
3f00a429-c2dd-4fdb-8895-361a0acccc06,,,DRUG ELUTING STENT 3.5 x 18MM (17 19),,Medical supply,N/A,,,DAGU Item:63489
1311988e-619c-4891-92de-f477e7aec752,,,DRUG ELUTING STENT 3.5 x 22MM (21 23),,Medical supply,N/A,,,DAGU Item:63490
e1a9c674-bc06-4249-9d29-40cf8b16e838,,,DRUG ELUTING STENT 4.0 x 12MM (11 13),,Medical supply,N/A,,,DAGU Item:63491
b9699a28-e417-49ad-98f8-21c720e500f9,,,CORONARY BALLOON DILATION CATHETERS semicompliant balloon 1.25 X 6MM (5 7),,Medical supply,N/A,,,DAGU Item:63492
a0fd4346-38a6-4227-b162-3ee2baac1dec,,,Extensions 200 cm,,Medical supply,N/A,,,DAGU Item:63493
aa4e7818-d42d-4f11-b488-cef52be93607,,,CORONARY BALLOON DILATION CATHETERS semicompliant balloon 1.25 X 10MM (9 11) SPL12510X,,Medical supply,N/A,,,DAGU Item:63494
2752bb8f-2fac-4b8a-ab50-df429a0a86a8,,,CORONARY BALLOON DILATION CATHETERS semicompliant balloon 1.5 X 6MM (5 7),,Medical supply,N/A,,,DAGU Item:63495
05dccab0-cad4-4ca5-80ec-1de3f2b8b9be,,,CORONARY BALLOON DILATION CATHETERS semicompliant balloon 1.5 X 10MM (9 11),,Medical supply,N/A,,,DAGU Item:63496
d9ef8755-98bb-4432-8473-677a3741b129,,,CORONARY BALLOON DILATION CATHETERS semicompliant balloon 1.5 X 15MM (14 16),,Medical supply,N/A,,,DAGU Item:63497
3ec12419-f027-4163-9f34-cff672e2c8f2,,,"Ethibond 2 0 non pledgetted, 17mm",,Medical supply,N/A,,,DAGU Item:63498
6c6e34c4-0044-4ef3-a134-0be82bc0f2c8,,,CORONARY BALLOON DILATION CATHETERS semicompliant balloon 1.5 X 20MM (19 21),,Medical supply,N/A,,,DAGU Item:63499
a9a95972-bb1a-4573-b58a-8678e497db02,,,"Ethibond 2 0 non pledgetted, 21mm",,Medical supply,N/A,,,DAGU Item:63500
61392e33-cc26-461a-b74f-94d48b64c904,,,"Ethibond 2 0 pledgetted, 17mm",,Medical supply,N/A,,,DAGU Item:63501
94ce0958-bba0-4ce5-8ca6-14b02e185c25,,,"Ethibond 2 0 pledgetted, 21mm",,Medical supply,N/A,,,DAGU Item:63502
d6498157-3528-432b-acb9-c7fcd95c3ddb,,,CORONARY BALLOON DILATION CATHETERS semicompliant balloon 2.0 X 6MM (6 8 ),,Medical supply,N/A,,,DAGU Item:63503
0b4aa869-4e0a-4526-a104-8f8336d0a17b,,,CORONARY BALLOON DILATION CATHETERS semicompliant balloon 2.0 X 10MM (9 11),,Medical supply,N/A,,,DAGU Item:63504
dbe260bb-ae1d-416e-b34b-007afe9d70d1,,,CORONARY BALLOON DILATION CATHETERS semicompliant balloon 2.0 X 15MM (14 16),,Medical supply,N/A,,,DAGU Item:63505
8fe058fd-d480-4ab4-b1d4-e932f37055e0,,,CORONARY BALLOON DILATION CATHETERS semicompliant balloon 2.0 X 20MM (19 21),,Medical supply,N/A,,,DAGU Item:63506
75ee04d6-250c-4fa4-8f50-71990a5ac36d,,,CORONARY BALLOON DILATION CATHETERS semicompliant balloon 2.5 x 15MM (14 16),,Medical supply,N/A,,,DAGU Item:63507
ca172cd9-b67b-42c6-84fc-ed8bfe650ab9,,,CORONARY BALLOON DILATION CATHETERS semicompliant balloon 2.5 X 10MM (9 11),,Medical supply,N/A,,,DAGU Item:63508
0e3a0214-8ff6-4aaf-bd23-eaabe7781049,,,CORONARY BALLOON DILATION CATHETERS semicompliant balloon 2.5 X 6MM (5 7),,Medical supply,N/A,,,DAGU Item:63509
fc08f179-0696-4c37-b804-647b3eead071,,,CORONARY BALLOON DILATION CATHETERS semicompliant balloon 2.5 X 20MM (19 21),,Medical supply,N/A,,,DAGU Item:63510
60452362-f6f7-4054-b6f2-c33825bc9085,,,ECG leads,,Medical supply,N/A,,,DAGU Item:63511
38064af6-1ce6-4e66-8b1d-e8588bd683fc,,,NC PTCA BALLOON CATHETER 2.5 X 8MM (7 9),,Medical supply,N/A,,,DAGU Item:63512
96eeb654-5631-4ca8-87d2-519913bc54c1,,,NC PTCA BALLOON CATHETER 2.5 x 12MM (11 13),,Medical supply,N/A,,,DAGU Item:63513
f11984cd-4b27-4662-afe8-a5f83cf75869,,,NC PTCA BALLOON CATHETER 2.75 X 8MM (7 9 ),,Medical supply,N/A,,,DAGU Item:63514
ad87ec83-a12e-4be1-ac12-2c3dc80b95f9,,,NC PTCA BALLOON CATHETER 2.75 X 12MM (11 13),,Medical supply,N/A,,,DAGU Item:63515
3bb410c3-8c2f-4f9d-99f3-ea1397e5290d,,,NC PTCA BALLOON CATHETER 2.75 x 15MM (14 16),,Medical supply,N/A,,,DAGU Item:63516
d33f329f-b8aa-4f0c-9f9f-c08073427d1d,,,NC PTCA BALLOON CATHETER 3.0 x 8MM (7 9),,Medical supply,N/A,,,DAGU Item:63517
facb355d-ba43-4d91-bf98-cafe1d21beaa,,,NC PTCA BALLOON CATHETER 3.0 x 12MM (11 13),,Medical supply,N/A,,,DAGU Item:63518
6db12f26-b358-482a-803c-ea0244b02aa9,,,NC PTCA BALLOON CATHETER 3.0 X 15MM ( 14 16 ),,Medical supply,N/A,,,DAGU Item:63519
30c851e2-96b7-483b-a861-92473b602ffa,,,NC PTCA BALLOON CATHETER 3.25 X 8MM (7 9),,Medical supply,N/A,,,DAGU Item:63520
e104dfa0-b589-4646-8dfc-a561cbf1f432,,,NC PTCA BALLOON CATHETER 3.25 X 15MM (14 16),,Medical supply,N/A,,,DAGU Item:63521
b709f1ee-49d6-48d4-8085-40ac16a0b7b5,,,NC PTCA BALLOON CATHETER 3.50 X 8MM (7 9),,Medical supply,N/A,,,DAGU Item:63522
725a1a32-2b2d-41f2-8082-c27f89e030c1,,,NC PTCA BALLOON CATHETER 3.50 X 12MM ( 11 13),,Medical supply,N/A,,,DAGU Item:63523
b1f5f030-ef4a-4bed-b309-19ceb3f0536f,,,"5Fr. TransRadial Introducer kit with introducer sheath, dilator, SPRINGmini guidewire. Introduce like 5Fr, use as a 6Fr 11CM SHEATH,",,Medical supply,N/A,,,DAGU Item:63524
630bb398-aa13-4676-b092-8e6179ca96bf,,,"Femoral INTRODUCER, 11CM SHEATH, 17CM DILATOR, 0.038"" GUIDEWIRE SET, 6F",,Medical supply,N/A,,,DAGU Item:63525
96e1a28f-4f72-47b3-9796-e94f786b1edc,,,"Femoral INTRODUCER, 11CM SHEATH, 17CM DILATOR, 0.038"" GUIDEWIRE SET, 7F",,Medical supply,N/A,,,DAGU Item:63526
7f6ec39a-4e31-40f4-9a99-2303eef72593,,,"26 30 ATM INFLATION DEVICE AND PITON ACCESSORIES / PCI Kit with 26 30 ATM , Y Adaptor, Torque device, Insertion tool , High pressure",,Medical supply,N/A,,,DAGU Item:63527
86725d2f-d5a9-47f3-8cef-c05a8b3947ee,,,Manifold 3way,,Medical supply,N/A,,,DAGU Item:63528
3dacd4f6-69d2-4824-a024-6972ba4358ed,,,Thrombus ASPIRATION CATHETER 6F,,Medical supply,N/A,,,DAGU Item:63529
3f0a5048-7683-4a45-b2ce-752be52f8f3b,,,Puncture needle 18G,,Medical supply,N/A,,,DAGU Item:63530
3595c691-ebc9-420f-8445-7394905c2e8d,,,"ANGIODRAPE, 2 FEMORAL HOLES, ONE TRANSPARENT (RIGHT SIDE) 330x218cm",,Medical supply,N/A,,,DAGU Item:63531
664b25a2-f966-4bc3-9ff7-c3c47dbce8e7,,,Sterile waterproof covering for table 150 x 250 CM,,Medical supply,N/A,,,DAGU Item:63532
6d8db741-cf5e-4e03-b20c-892e994fca48,,,Image intensifier cover 90x90cm,,Medical supply,N/A,,,DAGU Item:63533
80be9c57-ea4e-4282-aa96-fc551255a1d0,,,ANGIOGRAPHIC SYRINGE 10ML WITH ROTATING ADAPTER,,Medical supply,N/A,,,DAGU Item:63534
42735443-359f-4810-b96f-b856e5537d27,,,CVP line kit,,Medical supply,N/A,,,DAGU Item:63535
92d57154-71ed-4b8b-b9ac-eb8ecc703784,,,Cardioplegia Delivery system,,Medical supply,N/A,,,DAGU Item:63536
3db8434b-64fc-460c-a0b8-5ae941940275,,,Cardioplegia aortic root needle 14G,,Medical supply,N/A,,,DAGU Item:63537
7a0b249e-47c5-4359-8acd-c8c3ef9a152a,,,Cardioplegia aortic root needle 16G,,Medical supply,N/A,,,DAGU Item:63538
d95780c9-086d-491b-8abb-eaebcefa684d,,,Cardioplegia aortic root needle 18G,,Medical supply,N/A,,,DAGU Item:63539
1e7e4b7b-e350-44e3-8c8d-aa4371c712c2,,,Bone wax,,Medical supply,N/A,,,DAGU Item:63540
1b7fd815-a0a5-4759-9a25-500bcbe978f7,,,Arterial filter Adult,,Medical supply,N/A,,,DAGU Item:63541
447fedb7-1846-43db-9f3c-66babe999e53,,,Arterial filter Pediatric,,Medical supply,N/A,,,DAGU Item:63542
40448b38-35e4-4798-95f5-a6280ef33f21,,,"Femoral Introducer Sheath F14 ,11cm",,Medical supply,N/A,,,DAGU Item:63543
038bba57-2bb0-407f-8b08-04818b401b65,,,INTRODUCER NEEDLE 18G,,Medical supply,N/A,,,DAGU Item:63544
5d13a790-f15c-4328-9fb8-89a379d7e305,,,"BRKTM 1 Transeptal Needle 71cm, 1.3,.50mm ST. JUDE MEDICAL",,Medical supply,N/A,,,DAGU Item:63545
8ce3d560-e795-48c8-a014-c747c7ca6419,,,"BRKTM XS Transeptal Needle 71cm, 1.3,.50mm ST. JUDE MEDICAL",,Medical supply,N/A,,,DAGU Item:63546
72140703-6c8e-4806-9a12-cbe3fe8a7b46,,,"BRKTM Transeptal Needle 71cm, 1.3,.50mm ST. JUDE MEDICAL",,Medical supply,N/A,,,DAGU Item:63547
a85c7650-5e3e-47f6-97ff-16d64230a2a5,,,"SWARTZTM Braided Transseptal Guiding Introducer SL0 8.5F ,67cm",,Medical supply,N/A,,,DAGU Item:63548
58c21a1e-ad70-4d03-ad4a-83df06881d22,,,"FAST CATHTM SL1 Transeptal Guiding Introducer 8.5F ,67cm",,Medical supply,N/A,,,DAGU Item:63549
09c37921-438b-45f1-8158-4098c1050c0b,,,INOUE BALLOON 22mm,,Medical supply,N/A,,,DAGU Item:63550
b21d02fb-29bc-499b-bd7b-a78c6a28062c,,,INOUE BALLOON 24mm,,Medical supply,N/A,,,DAGU Item:63551
507ad50f-638c-4a00-ad1b-2aa50d26ac77,,,INOUE BALLOON 26mm,,Medical supply,N/A,,,DAGU Item:63552
cf19976c-7f89-49a1-8b82-f24bfb36f0d9,,,INOUE BALLOON 28mm,,Medical supply,N/A,,,DAGU Item:63553
8f7e52d3-f9f2-42ac-9ebc-f693c5524e49,,,Inflation Device,,Medical supply,N/A,,,DAGU Item:63554
d3755edf-d3a6-479b-900d-e0b581dc13de,,,"Snaires , 10 x 20",,Medical supply,N/A,,,DAGU Item:63555
8416c014-e19f-4e29-b83c-ff7173aad8f5,,,active fixation lead 58cm,,Medical supply,N/A,,,DAGU Item:63556
0ffe274d-8870-4d40-b114-c36b5d76da29,,,"snaires , 10 x 15",,Medical supply,N/A,,,DAGU Item:63557
4ab65d79-cc73-4d02-bcf4-8cca337292e1,,,active fixation lead 52cm,,Medical supply,N/A,,,DAGU Item:63558
73512c2b-4500-4244-888e-cbb756731f3d,,,Introducer 7FR Peel away,,Medical supply,N/A,,,DAGU Item:63559
c9612bd4-2d37-420f-bf3c-309f66fdb242,,,Introducer 9FR Peel away,,Medical supply,N/A,,,DAGU Item:63560
d347e115-97f8-4017-89fd-72f66087f7b2,,,"Sheath short ( 7.5 CM) Introducer sheath, dilator, mini,guide wire 4F",,Medical supply,N/A,,,DAGU Item:63561
fe61cf90-5622-496b-9405-6d21b11982de,,,"Sheath short ( 7.5 CM) Introducer sheath, dilator, mini,guide wire 5F",,Medical supply,N/A,,,DAGU Item:63562
5b0762e9-8f75-499f-b598-2242ad29fe6d,,,"Sheath short ( 7.5 CM) Introducer sheath, dilator, mini,guide wire 6F",,Medical supply,N/A,,,DAGU Item:63563
93a37ba6-e769-4470-a926-14c5bfd1dac7,,,"Sheath short ( 7.5 CM) Introducer sheath, dilator, mini,guide wire 7F",,Medical supply,N/A,,,DAGU Item:63564
a4b6492b-6d32-4b07-9970-ad39df458123,,,CABLE For programming ( testing cable ) 2292,,Medical supply,N/A,,,DAGU Item:63565
51ec884b-d4bf-49a4-bc46-7f9a9b1e790c,,,Epicardial leads 4968 35,,Medical supply,N/A,,,DAGU Item:63566
bb738ac7-b280-4dad-939c-c704d0852374,,,"Sheath short ( 7.5 CM) Introducer sheath, dilator, mini,guide wire 8F",,Medical supply,N/A,,,DAGU Item:63567
2abd28c3-bafe-4581-8407-897abcd7be69,,,"Sheath short ( 7.5 CM) Introducer sheath, dilator, mini,guide wire 10F",,Medical supply,N/A,,,DAGU Item:63568
453d8513-e9fe-485c-948f-ebf647792b62,,,"Sheath short ( 7.5 CM) Introducer sheath, dilator, mini,guide wire 12F",,Medical supply,N/A,,,DAGU Item:63569
f463a754-dae1-4cb7-973a-ee4097c9bd56,,,Septal Occluder ASD012 device size 12,,Medical supply,N/A,,,DAGU Item:63570
1477eb97-169b-4b63-ae6c-b900be04989a,,,Septal Occluder ASD014 device size 14,,Medical supply,N/A,,,DAGU Item:63571
02228742-f19c-4c8e-96db-815ecd1ad09f,,,"NIH CATHETER, 5F ( PED. 80CM)",,Medical supply,N/A,,,DAGU Item:63572
d19ad0f0-b306-4cf2-8d5c-70532b50c27f,,,Septal Occluder ASD015 device size 15,,Medical supply,N/A,,,DAGU Item:63573
32e7e4bb-b6db-45d0-8392-6c76cc57811e,,,Septal Occluder ASD018 device size 18,,Medical supply,N/A,,,DAGU Item:63574
584f28f1-b0da-46b2-a60d-d0f38de15954,,,"NIH CATHETER,4F ( PED. 50CM)",,Medical supply,N/A,,,DAGU Item:63575
2e172a40-9f4f-43b2-ae60-eecb2dda4243,,,Septal Occluder ASD020 device size 20,,Medical supply,N/A,,,DAGU Item:63576
843c4d02-b609-4268-9384-054a2930fe38,,,DIAGNOSTIC CATHETER 5FR × 100CM JR 4,,Medical supply,N/A,,,DAGU Item:63577
d6486af4-facd-4a71-8d46-82987ab7f03f,,,Septal Occluder ASD022 device size 22,,Medical supply,N/A,,,DAGU Item:63578
cc6b6c2c-17ee-424f-b250-176965215a09,,,Septal Occluder ASD024 device size 24,,Medical supply,N/A,,,DAGU Item:63580
bbc79c76-aa7d-44a9-9250-fadedc05c7d7,,,Septal Occluder ASD026 device size 26,,Medical supply,N/A,,,DAGU Item:63581
6dd049fe-7b65-4430-8f00-7cde67032602,,,DIAGNOSTIC CATHETER 5FR × 100CM JR 3.5,,Medical supply,N/A,,,DAGU Item:63582
001824bd-9a98-4307-940b-9e369aa91acf,,,Septal Occluder ASD028 device size 28,,Medical supply,N/A,,,DAGU Item:63584
b1ccc68e-1df6-475f-871c-f8cb69ffdccf,,,Septal Occluder ASD030 device size 30,,Medical supply,N/A,,,DAGU Item:63585
bfa67263-630b-4d1f-ad05-79bb9bee4d93,,,Septal Occluder ASD032 device size 32,,Medical supply,N/A,,,DAGU Item:63586
2bdf00f7-cd16-4d73-b971-02ffc31e2adf,,,Septal Occluder ASD034 device size 34,,Medical supply,N/A,,,DAGU Item:63587
79c5ce0a-a244-4acd-8074-4a1d9c6d7371,,,Septal Occluder ASD038 device size 38,,Medical supply,N/A,,,DAGU Item:63588
639438bb-ee5a-49f3-a5c8-6c418f3d9163,,,"MPA 1/ MULTIPURPOSE ,CATHETER 6F",,Medical supply,N/A,,,DAGU Item:63590
7e9fc2c1-a37a-4340-9d85-d675fcda687b,,,"MPA 1/ MULTIPURPOSE ,CATHETER 5F",,Medical supply,N/A,,,DAGU Item:63592
51d06aba-73a2-4134-8a11-3fe51875a14b,,,DIAGNOSTIC PIGTAIL CATHETER 5F,,Medical supply,N/A,,,DAGU Item:63593
485deb00-9aa8-482e-aac9-5eedf5768e34,,,DIAGNOSTIC PIGTAIL CATHETER 4F,,Medical supply,N/A,,,DAGU Item:63594
28548bb5-77a9-427f-9354-f9602211671b,,,Duct occluder 8x6,,Medical supply,N/A,,,DAGU Item:63595
d45950d7-3bd5-491e-9fc9-04195c92d0e3,,,"Regular J tip guidewire .035""x150cm, Non Hydrophilic",,Medical supply,N/A,,,DAGU Item:63596
f2a37e98-f109-43d8-b4ae-739ec7de0fd0,,,Duct occluder 10x8,,Medical supply,N/A,,,DAGU Item:63597
f29132c6-8036-41ef-99c6-098d6cf59387,,,"Regular J tip guidewire .035""x180cm, Non Hydrophilic",,Medical supply,N/A,,,DAGU Item:63598
fa9f8886-90f2-4230-b53e-c930741a4062,,,Duct occluder 12x10,,Medical supply,N/A,,,DAGU Item:63599
8e73fc24-ba08-420d-879a-4c8fc2365386,,,"Regular J tip guidewire .035""x260cm, Non Hydrophilic",,Medical supply,N/A,,,DAGU Item:63600
39937ff1-0c79-4d99-bf3f-d211c41d693f,,,Duct occluder 14x12,,Medical supply,N/A,,,DAGU Item:63601
ec04b107-acb1-4f66-a2a0-11ae3367f17c,,,Duct occluder 16x14,,Medical supply,N/A,,,DAGU Item:63602
66101848-dbdb-4ae4-9484-f423584efdf7,,,0.035 × 150CM J TIP Hydrophilic,,Medical supply,N/A,,,DAGU Item:63603
be0792f9-5d78-4b9e-a7eb-811040b09006,,,0.025 × 150CM J TIP Hydrophilic,,Medical supply,N/A,,,DAGU Item:63604
374c1311-bb96-4e21-a8c3-422571a84b21,,,VSD MUSC008 size 8,,Medical supply,N/A,,,DAGU Item:63605
59187a00-a72f-4acc-9e34-d6c997f6c71b,,,VSD MUSC010 size 10,,Medical supply,N/A,,,DAGU Item:63606
9deca923-69a1-4bb1-81be-6695cbcb131b,,,VSD MUSC012 size 12,,Medical supply,N/A,,,DAGU Item:63607
473ebb8b-1c4e-40c4-b871-7dc3a8028eb3,,,Delivery Sheath 06F18060,,Medical supply,N/A,,,DAGU Item:63608
1f960d8e-63af-4f0e-915d-afdb6c5995e1,,,Delivery Sheath 06F18080,,Medical supply,N/A,,,DAGU Item:63609
5bea3580-9b80-4d47-af82-36dd6771f81c,,,Delivery Sheath 07F18080,,Medical supply,N/A,,,DAGU Item:63610
804d110f-49fe-443b-8734-653b787add4f,,,Balloon Dilatation Catheter (Balloon Diameter X balloon length) 10mmx3cm,,Medical supply,N/A,,,DAGU Item:63611
d50c7e6e-b770-480e-8f4e-e398af02faba,,,Balloon Dilatation Catheter (Balloon Diameter X balloon length) 12mmx2cm,,Medical supply,N/A,,,DAGU Item:63612
cf563d65-b71c-4d97-a3cf-5a307dd2d4cc,,,Delivery Sheath 07F18060,,Medical supply,N/A,,,DAGU Item:63613
94361051-4ba2-4b6e-95d7-8073f0b93256,,,Balloon Dilatation Catheter (Balloon Diameter X balloon length) 12mmx3cm,,Medical supply,N/A,,,DAGU Item:63614
a2ef852d-2f4d-431e-ae36-d48764de1ca8,,,Delivery Sheath 08F18080,,Medical supply,N/A,,,DAGU Item:63615
ef313cb3-73fa-49f3-a32f-e9a94facf521,,,Delivery Sheath 08F4560,,Medical supply,N/A,,,DAGU Item:63616
8cb596c0-7331-44bf-967f-ac83ceff7823,,,Balloon Dilatation Catheter (Balloon Diameter X balloon length) 14mmx3cm,,Medical supply,N/A,,,DAGU Item:63617
46f30c65-4b6c-4407-83a4-3479c11162d0,,,Delivery Sheath 08F4580,,Medical supply,N/A,,,DAGU Item:63618
766d3c42-bb74-4ea1-a687-8d8fa2035d75,,,Balloon Dilatation Catheter (Balloon Diameter X balloon length) 15mmx3cm,,Medical supply,N/A,,,DAGU Item:63619
e553bc9b-8605-4a54-9b80-9ba98f47d0b8,,,Delivery Sheath 09F4580,,Medical supply,N/A,,,DAGU Item:63620
e76cbe05-56db-459f-88d6-382dc055d3cd,,,Balloon Dilatation Catheter (Balloon Diameter X balloon length) 16mmx3/4cm,,Medical supply,N/A,,,DAGU Item:63621
c62fbce8-3cdb-4d1a-bc4c-852f04672bd3,,,Delivery Sheath 10F4580,,Medical supply,N/A,,,DAGU Item:63622
7ff76cfd-41ef-4e0d-bd77-9a9b866e2f4c,,,Delivery Sheath 12F4580,,Medical supply,N/A,,,DAGU Item:63623
cef78014-def1-48ea-a525-d1fde5b08080,,,Balloon Dilatation Catheter (Balloon Diameter X balloon length) 18mmx4cm,,Medical supply,N/A,,,DAGU Item:63624
7cf6d18a-bc56-4dc7-84b9-974c281e7f55,,,Delivery Sheath 14F4580,,Medical supply,N/A,,,DAGU Item:63625
16107724-bf78-4b09-bea9-cf2ce475a6a0,,,Balloon Dilatation Catheter (Balloon Diameter X balloon length) 20mmx4cm,,Medical supply,N/A,,,DAGU Item:63626
adda4786-17d5-4c5a-92dc-63da35ab2ac1,,,Balloon Dilatation Catheter (Balloon Diameter X balloon length) 20mmx5cm,,Medical supply,N/A,,,DAGU Item:63627
dce4c373-f523-44fc-a54e-88b85ff68f33,,,Balloon Dilatation Catheter (Balloon Diameter X balloon length) 25mmx4cm,,Medical supply,N/A,,,DAGU Item:63628
b891ca3a-c6b6-4dc2-aecb-b1f8ccc0fbde,,,Balloon Dilatation Catheter (Balloon Diameter X balloon length) 25mmx5cm,,Medical supply,N/A,,,DAGU Item:63629
059d420b-a801-45b2-a345-220fcb0dd91e,,,Balloon Dilatation Catheter (Balloon Diameter X balloon length) 26mmx4cm,,Medical supply,N/A,,,DAGU Item:63630
90f59547-27a9-4570-a611-d1c8058511fa,,,Balloon Dilatation Catheter (Balloon Diameter X balloon length) 26mmx6cm,,Medical supply,N/A,,,DAGU Item:63631
a8bb5a67-8479-4249-8683-6cd1dac9c4f7,,,"Sheath short ( 7.5 CM) Introducer sheath, dilator, mini,guide wire 9F",,Medical supply,N/A,,,DAGU Item:63632
71a85af9-eb64-4e04-b1c8-31310463f0f4,,,Contact activated blood lancet length 2mm,,Medical supply,N/A,,,DAGU Item:63637
bfa70390-f41d-4316-b20b-51828bd71673,,,Mechanical Valve prostheses Mitral Valve 25mm,,Medical supply,N/A,,,DAGU Item:63638
01a144e9-d308-4127-88f5-524814225432,,,PDS loops II Violet (96 inches looped to 48 inches),,Medical supply,N/A,,,DAGU Item:63639
2614ae6e-0490-4362-9e39-891d75eecae2,,,"Prolone 6.0 double armed round, 75cm long",,Medical supply,N/A,,,DAGU Item:63640
32e08cd7-bcce-4a89-b0e1-326261f03c3d,,,"Prolene 5.0 double armed round, 75cm long",,Medical supply,N/A,,,DAGU Item:63641
b6e0f7e9-3478-49aa-98e5-a6c4636112ab,,,"Prolene 3.0 double armed round, 75cm long",,Medical supply,N/A,,,DAGU Item:63642
ef23a0bc-61dc-4c6a-a560-bbfb47893396,,,"Prolene 4.0 double armed round, 75cm long",,Medical supply,N/A,,,DAGU Item:63643
0416e1d4-ce50-4045-b9eb-d03ec244ee7a,,,"Polydioxanone (PDS) 5.0 round, 75cm long",,Medical supply,N/A,,,DAGU Item:63644
2e1306b9-d57a-4057-bc21-b3eb4460e67d,,,"Polydioxanone (PDS) 4.0 round, 75cm long",,Medical supply,N/A,,,DAGU Item:63645
2769fbfe-797d-4071-a0e7-f322fbe1d036,,,"Prolene 7.0, Double armed, round, 15 20cm needle length, 60 75cm stich length",,Medical supply,N/A,,,DAGU Item:63646
3c870701-709c-4e42-bdbe-b9aee4bc527f,,,Cauthery patient plate/pad Plastic Electero cauthery plates,,Medical supply,N/A,,,DAGU Item:63647
7225553a-7dd9-462e-87ae-0eaf3273626a,,,"Silk ties (sutures without needle) 2.0, 45cm long (5 12 strands/ties per package)",,Medical supply,N/A,,,DAGU Item:63648
99a02a26-fd8e-447c-b3d2-e5f54c175086,,,"Silk ties (sutures without needle) 0, 75cm (4 6 strands/ties per package )",,Medical supply,N/A,,,DAGU Item:63649
46b82af7-5dec-4d51-ad0f-ff5f6e51ab0f,,,Delivery sheath 9 ITV07F45/60,,Medical supply,N/A,,,DAGU Item:63654
8fa0c8c5-dc20-4f42-8538-dee8e5ade976,,,Delivery sheath 9 ITV08F45/80,,Medical supply,N/A,,,DAGU Item:63655
99fe04b0-c7dc-46cc-9284-4fcc01dbdf25,,,Delivery sheath 9 ITV09F45/80,,Medical supply,N/A,,,DAGU Item:63656
71dc43c6-171d-49d9-9bbd-e9ce889169bf,,,Delivery sheath 9 ITV10F45/80,,Medical supply,N/A,,,DAGU Item:63657
3a6f1d82-0036-4219-9edd-26d992e7816a,,,Delivery sheath 9 ITV12F45/80,,Medical supply,N/A,,,DAGU Item:63659
159fff96-0547-4e5d-b120-26b9bf271bb4,,,Delivery sheath 9 ITV06F180/80,,Medical supply,N/A,,,DAGU Item:63660
f543027a-7fd5-4a41-a076-0acfd1a885f4,,,Delivery sheath 9 ITV07F180/80,,Medical supply,N/A,,,DAGU Item:63661
df501f42-b23a-42c8-82ea-89768828e9c8,,,Delivery sheath 9 ITV06F45/60,,Medical supply,N/A,,,DAGU Item:63662
614f911a-ba57-47fe-b0da-e08ec3ae8a1a,,,Endotracheal Tube 18CH,,Medical supply,N/A,,,DAGU Item:63699
6842d101-ebba-4675-a18e-cf088d2459d1,,,Septal Occluder ASD012 device size 12 with (Delivery sheath 9 ITV07F45/60),,Medical supply,N/A,,,DAGU Item:63702
1081b492-786b-4fd4-9cfb-7e2f8e962b64,,,Septal Occluder ASD014 device size 14 with (Delivery sheath 9 ITV07F45/60),,Medical supply,N/A,,,DAGU Item:63703
1ba66c51-593a-4989-98e5-33eca3d4b524,,,Septal Occluder ASD015 device size 15 with (Delivery sheath 9 ITV07F45/60),,Medical supply,N/A,,,DAGU Item:63704
eacb6646-49e0-43cb-a42c-8fde971ae579,,,Septal Occluder ASD018 device size 18 with (Delivery sheath 9 ITV08F45/80),,Medical supply,N/A,,,DAGU Item:63705
66881634-8c7a-42c3-ace9-a796c98545b5,,,Septal Occluder ASD020 device size 20 with (Delivery sheath 9 ITV09F45/80),,Medical supply,N/A,,,DAGU Item:63706
4ee117a3-58b8-424e-b82b-9ab42142ab31,,,Septal Occluder ASD022 device size 22 with (Delivery sheath 9 ITV09F45/80),,Medical supply,N/A,,,DAGU Item:63707
88d2f66e-99ed-4888-a347-e195972ef925,,,Septal Occluder ASD024 device size 24 with (Delivery sheath 9 ITV09F45/80),,Medical supply,N/A,,,DAGU Item:63708
b6237c53-e8f2-49fd-a7ca-b608939be2de,,,Septal Occluder ASD026 device size 26 with (Delivery sheath 9 ITV10F45/80),,Medical supply,N/A,,,DAGU Item:63709
4abff53b-664f-45a6-b1cd-f9ef2137adbd,,,Septal Occluder ASD028 device size 28 with (Delivery sheath 9 ITV10F45/80),,Medical supply,N/A,,,DAGU Item:63710
085a399c-b2d7-4d08-8020-e83db42beedb,,,Septal Occluder ASD030 device size 30 with (Delivery sheath 9 ITV10F45/80),,Medical supply,N/A,,,DAGU Item:63711
b9820331-c9fb-42b8-a7b0-df9434a24d55,,,Septal Occluder ASD032 device size 32 with (Delivery sheath 9 ITV12F45/80),,Medical supply,N/A,,,DAGU Item:63712
4d449657-49d5-4e8a-b566-009a2747508e,,,Septal Occluder ASD034 device size 34 with (Delivery sheath 9 ITV12F45/80),,Medical supply,N/A,,,DAGU Item:63713
28f95516-55ee-4475-81a4-ec46e36e39d9,,,Septal Occluder ASD038 device size 38 with (Delivery sheath 9 ITV12F45/80),,Medical supply,N/A,,,DAGU Item:63714
659b5135-751d-4072-9d95-ca378ec09e0e,,,Duct occluder 8x6 with (Delivery sheath 9 ITV06F180/80),,Medical supply,N/A,,,DAGU Item:63715
f89b9e63-1f81-4541-88bb-697771318452,,,Duct occluder 10x8 with (Delivery sheath 9 ITV06F180/80),,Medical supply,N/A,,,DAGU Item:63716
b938c5ff-f597-47a8-b5ef-77d6e06c643a,,,Duct occluder 12x10 with (Delivery sheath 9 ITV07F180/80),,Medical supply,N/A,,,DAGU Item:63717
2d6ffdce-9a4d-4a77-9302-a8055cd00d9f,,,Duct occluder 14x12 with (Delivery sheath 9 ITV07F180/80),,Medical supply,N/A,,,DAGU Item:63718
568858c2-b558-4e2d-b9ce-05dd0d2bf6b1,,,Duct occluder 16x14 with (Delivery sheath 9 ITV07F180/80),,Medical supply,N/A,,,DAGU Item:63719
8bce7815-520e-4af9-99f6-7523722c974d,,,VSD MUSC008 size 8 with (Delivery sheath 9 ITV06F45/60),,Medical supply,N/A,,,DAGU Item:63720
2283a0c9-d34e-4584-94d4-cfb4df8bd5ca,,,VSD MUSC010 size 10 with (Delivery sheath 9 ITV06F45/60),,Medical supply,N/A,,,DAGU Item:63721
c9dcf6f2-5185-42bd-b33a-b15441b08e72,,,VSD MUSC012 size 12 with (Delivery sheath 9 ITV07F45/60),,Medical supply,N/A,,,DAGU Item:63722
eb57ffe8-1fdb-4014-aad6-82b9cf302b66,,,Syringe (Disposable) 23G,,Medical supply,N/A,,,DAGU Item:63723
f25a5d21-9bc9-48a0-a9f9-497eea8eefaf,,,Syringe (Disposable) 5ml with Needle 23G,,Medical supply,N/A,,,DAGU Item:63724
0bfe21f2-2ede-4953-a1c4-599f189de6ab,,,"Gauze Compress 10cm x 10cm, Sterile",,Medical supply,N/A,,,DAGU Item:63727
3b2ae750-8dcb-4978-9443-19a81aecf409,,,Etacoat 2.4%HPMC 2.3ml,,Medical supply,N/A,,,DAGU Item:63783
deb5d6b0-d2c8-44e0-b872-7deb5336cbb7,,,ADVIA 560 Thermal Paper,,Medical supply,N/A,,,DAGU Item:63784
fa052055-876b-4301-92d5-7c1a8b645b76,,,ADVIA 360 Thermal Paper,,Medical supply,N/A,,,DAGU Item:63785
c5299896-3536-4334-9d33-2a740d786976,,,Labeling Sticker,,Medical supply,N/A,,,DAGU Item:63786
2c72016d-4853-4e53-ada7-48343a81b5b6,,,"Filter Paper High Grade, Diameter 5.5cm",,Medical supply,N/A,,,DAGU Item:63792
8e2567c8-361e-4e19-b821-68b9318bf6a3,,,Spectra Optia Apheresis Platelet blood collecting bag in set,,Medical supply,N/A,,,DAGU Item:63802
171ae2fc-299b-4797-89ef-b5ef4db7d2c6,,,Lint Free Disposable Lab Wipes 13.5 x 14.5 Inches,,Medical supply,N/A,,,DAGU Item:63809
8b51afa4-82fc-4fba-a110-8cb560e73bbd,,,Lint Free Disposable Lab Wipes 12.5 x 14.4 Inches,,Medical supply,N/A,,,DAGU Item:63810
c9ade461-056b-450a-85fa-dcf16e0ae76c,,,"Biohazard Bags Disposable, Red 830x930mm",,Medical supply,N/A,,,DAGU Item:63811
6a2aed09-3904-4074-ac19-daf9c631a371,,,"Adhesive Wound Plaster 19mm x 72mm, Sterile",,Medical supply,N/A,,,DAGU Item:63815
7569630e-cc7d-4ace-8200-0fd27ddc6200,,,"Dialysis Blood Tube, Adult Free Size",,Medical supply,N/A,,,DAGU Item:63829
69f1b05b-5315-42dc-9274-8cc8763f2d05,,,AV Fistula Needle 16G,,Medical supply,N/A,,,DAGU Item:63830
b1a1f3c3-b981-4e6f-932f-27d286b6e840,,,AV Fistula Needle 17G,,Medical supply,N/A,,,DAGU Item:63831
9a5756bf-5af2-411e-a7e8-c827ab76c18c,,,"Dialysis Catheter, Temporary Double Lumen 12FR, 15cm",,Medical supply,N/A,,,DAGU Item:63832
1ad7b481-841c-42b5-b7cd-6ca122a2c16e,,,"Dialysis Catheter, Temporary Double Lumen 12FR, 20cm",,Medical supply,N/A,,,DAGU Item:63833
39b34076-d494-475f-97c9-2748a5eb2a3e,,,"Dialysis Catheter, Temporary Double Lumen 9FR, 12cm",,Medical supply,N/A,,,DAGU Item:63834
7361c6bf-418e-4caa-93bf-91c755cec3e9,,,Dialyzer 1.7m2,,Medical supply,N/A,,,DAGU Item:63835
1e7e7dcf-e43a-46f7-bc32-82325a28e397,,,Dialyzer 1.8m2,,Medical supply,N/A,,,DAGU Item:63836
38934859-6b34-48c0-b5b8-397298628377,,,Dialyzer 1m2,,Medical supply,N/A,,,DAGU Item:63837
97ce6581-07f3-4cbc-bcdc-3b13dd7e64a0,,,Dialyzer 1.6m2,,Medical supply,N/A,,,DAGU Item:63838
938a5cec-3518-44e1-a3f8-b342cf68c0e5,,,Dialyzer 1.1m2,,Medical supply,N/A,,,DAGU Item:63839
6b85e659-2b52-4f0a-a66e-8383df5d79ac,,,Dialyzer 1.9m2,,Medical supply,N/A,,,DAGU Item:63840
f325e0c7-d827-4a25-a524-e2cf0d837eba,,,Dialyzer 1.5m2,,Medical supply,N/A,,,DAGU Item:63841
d186cc0f-f418-429c-a50f-9a0936ccea7a,,,disposable protective clothing plastic,,Medical supply,N/A,,,DAGU Item:63848
65734a4b-278d-48c4-851e-e82544c41e8f,,,Detection Kit for 2019 Novel Coronavirus (2019 nCoV) RNA (PCR Fluorescence Probing) plastic,,Medical supply,N/A,,,DAGU Item:63858
21105d0b-2092-4d6b-940f-fd07bd831881,,,Face Shield Guardall plastic,,Medical supply,N/A,,,DAGU Item:63859
fa671808-76d4-40a9-8e13-f461685a68eb,,,"Aerosol Resistant Pipette Tips, 1000µl, Sterile",,Medical supply,N/A,,,DAGU Item:63860
01f52a6d-69fb-4334-9cd2-36cd96fe8146,,,"Hygienic Cleaning Wipes, Disposable",,Medical supply,N/A,,,DAGU Item:63863
2325481c-2c5d-4c4b-a34b-67720659e2bd,,,Face Mask KN95,,Medical supply,N/A,,,DAGU Item:63864
59ee4ad1-4614-4d46-bbda-ce36c6854b8d,,,Glove Examination Powder Free Vinyl Large,,Medical supply,N/A,,,DAGU Item:63865
9896bbfc-d86d-427c-b552-65464ce25b8d,,,Glove Examination Powder Free Vinyl Medium,,Medical supply,N/A,,,DAGU Item:63866
d2d1ddd7-8424-48eb-8d45-f1e3c3dfae45,,,Glove Examination Powder Free Vinyl Small,,Medical supply,N/A,,,DAGU Item:63867
2b530a80-f461-42f9-9b08-421ec3560497,,,USB Card XN L Check,,Medical supply,N/A,,,DAGU Item:63870
4fd73b02-7672-417f-b084-45c123cea739,,,Protective Head Hood,,Medical supply,N/A,,,DAGU Item:63879
f8903eb0-173a-494c-9125-e0e9fa4a8bae,,,"Isolation Gown, Elastic Cuff, 115cm x 137cm",,Medical supply,N/A,,,DAGU Item:63880
f3cd5807-696e-42d1-944e-23c018849bc7,,,Face Mask Reusable,,Medical supply,N/A,,,DAGU Item:63890
6c1ff144-dc5b-4e62-8f73-3cc9ab8e36d2,,,Cover All,,Medical supply,N/A,,,DAGU Item:63891
d08b5d31-8dfb-4e1c-9b3e-19256c8aa6ae,,,Face Mask Full series,,Medical supply,N/A,,,DAGU Item:63897
436fc3a6-59a9-4b35-9064-a1f29f2742d4,,,Water Proof Clothing,,Medical supply,N/A,,,DAGU Item:63898
e7057d77-6c88-45cf-9733-ec2a42f7bf65,,,Power Air Purifying System With Hood,,Medical supply,N/A,,,DAGU Item:63899
8157884a-54f5-4f3b-83b8-6be3647efb11,,,Power Air Purifying System Without Hood,,Medical supply,N/A,,,DAGU Item:63900
aaa7031a-f098-433d-baff-3ccee3a1e462,,,Starter Kit Cervical Cancer screening,,Medical supply,N/A,,,DAGU Item:63905
208c70b4-a1a3-448e-b076-bd35770c402c,,,Sterile Polystyrene Dacron Swab,,Medical supply,N/A,,,DAGU Item:63906
119973e7-c270-43e3-9b48-c3d304064a88,,,Mersilk Braided Black guage 3.5 (0) 75cm on 32mm 1/2 circle round bodied needle,,Medical supply,N/A,,,DAGU Item:63913
7e7995e4-dc79-44f6-b7af-a62e38b05a92,,,Tracheostomy Tube Plastic With 90 Degree Curvature Size 3.5,,Medical supply,N/A,,,DAGU Item:63914
4e028d36-9f69-4438-aa74-ebadb7dc391b,,,Tracheostomy Tube Plastic With 90 Degree Curvature Size 5.0,,Medical supply,N/A,,,DAGU Item:63915
faec8729-c32b-4d11-b199-504409c4ee2c,,,"Perma Hemodialysis Catheter Double Lumen 13.5Fr, 32cm",,Medical supply,N/A,,,DAGU Item:63919
63819b1c-1cc1-4666-8674-58ecaab0d148,,,"Personal Protective Equipment Kit (Includes Coverall with Hood, Surgical Face Mask, Surgical Glove Pair, Shoe Cover Pair, Waste Bag Black)",,Medical supply,N/A,,,DAGU Item:63920
f92aa2fd-e404-481e-9675-194eb8e3a805,,,Coverall Medium,,Medical supply,N/A,,,DAGU Item:63923
ed53eb12-0436-4e45-8f88-542b3f5c9ee1,,,Coverall Extra Large,,Medical supply,N/A,,,DAGU Item:63924
7b520503-94a6-4403-96d6-e8b9511e2573,,,Coverall Large,,Medical supply,N/A,,,DAGU Item:63925
8ed8ef14-d2dd-4b8f-965f-772a30e8b9aa,,,Personal Protective Equipment Kit (Cover all + Shoe cover),,Medical supply,N/A,,,DAGU Item:63927
78eb4d6b-e391-49e0-9228-d7b807cd7d6f,,,Medical Scrub composed of ( one V neck shirt and drawcord trouser) Polyester Viscose 300gms/m2,,Medical supply,N/A,,,DAGU Item:63928
ca03bb22-4fe9-47d3-b715-cb4439effb1e,,,Full Apron,,Medical supply,N/A,,,DAGU Item:63929
98c09022-9c76-46d1-b253-98b3fbca729c,,,plastic Bag,,Medical supply,N/A,,,DAGU Item:63932
7162b9e4-3bac-4c76-8e92-9639645b6bfb,,,Doctors Shoe,,Medical supply,N/A,,,DAGU Item:63933
0fc29400-0854-49ca-ab75-4995f555d21d,,,Meri Silk Black guage 2.0 (3) 75cm On 33mm 1/2 Circle Round bodied,,Medical supply,N/A,,,DAGU Item:63945
32ef1e74-b71a-4e56-aa8d-3278bb70596f,,,Bone Marrow Aspiration Needle Blue line short 18G,,Medical supply,N/A,,,DAGU Item:63946
5b5895fa-9f0b-4c38-a828-84a079b94089,,,Blanket,,Medical supply,N/A,,,DAGU Item:63962
d6e66298-3580-47d5-8441-4812a78184f2,,,Protective Underwear 34x46,,Medical supply,N/A,,,DAGU Item:63963
53fc9701-b424-4b53-9e4e-5639cf96015e,,,Protective Underwear 23x36,,Medical supply,N/A,,,DAGU Item:63964
d68f0d87-4cc4-4d36-8687-7f4091cdd229,,,Bacterial Viral Filter,,Medical supply,N/A,,,DAGU Item:63965
f4d1539c-c8d6-4f75-b34e-01b7b8c9502b,,,Face Mask Child,,Medical supply,N/A,,,DAGU Item:63966
cc64c61f-d622-4977-a991-fd50217810ea,,,Face Mask KF94,,Medical supply,N/A,,,DAGU Item:63967
20bc8946-0cc5-4df3-9ee2-6e468f93f423,,,Eppendorf Tips PCR Clean Sterile 5 1000 Micro L,,Medical supply,N/A,,,DAGU Item:63969
c6a1f77a-9f48-4d00-b7ff-b0df4cf80468,,,Eppendorf Tips 2 20 Micro L,,Medical supply,N/A,,,DAGU Item:63970
dbf4b47a-51a6-4df6-aa6a-093792f9c05c,,,Eppendorf Tips PCR Clean Sterile 2 20 Micro L,,Medical supply,N/A,,,DAGU Item:63971
b6fdb925-3cd3-4529-b481-6604bd3c7b4c,,,Optical Flat 8 Cap Strips for 0.2ml Tubes,,Medical supply,N/A,,,DAGU Item:63972
31edce27-340d-44a3-9807-e75b6cd5fdf6,,,Face Mask Non Medical Cloth,,Medical supply,N/A,,,DAGU Item:63975
d6b99be1-bd31-4574-b359-902441885bad,,,Wipes Container,,Medical supply,N/A,,,DAGU Item:63976
ca7ac657-376c-4536-84f8-541f57f11791,,,Face Mask CPR,,Medical supply,N/A,,,DAGU Item:63978
38e279f7-4de6-4c64-a14d-33c1683b5413,,,Film gown,,Medical supply,N/A,,,DAGU Item:63979
d6fab35a-6ea9-4a00-b214-de285a41e9ab,,,Doctors Shoe small,,Medical supply,N/A,,,DAGU Item:63980
f684678c-b92e-48f2-ac13-c63e31e34142,,,Doctors Shoe Medium,,Medical supply,N/A,,,DAGU Item:63981
e6831bfe-6364-4bc7-8b2e-fc3171902c9c,,,Doctors Shoe large,,Medical supply,N/A,,,DAGU Item:63982
373e9c2d-1895-4f9c-aeff-47c8ae36e595,,,Pads With Alcohol,,Medical supply,N/A,,,DAGU Item:63989
638782d7-ba48-4169-99f2-0d2702ce15bf,,,Personal Protective Device,,Medical supply,N/A,,,DAGU Item:63993
883f7c00-1a7c-4460-9f6a-6b73c36d272e,,,"Cryogenic Vial 2 ml,Self Standing,Round Bottom",,Medical supply,N/A,,,DAGU Item:51557
01f5369b-694f-4cd4-86f1-35a63941e7d2,,,Spatula Stainless Steel,,Medical supply,N/A,,,DAGU Item:51385
948c7615-33b3-4adb-a7a1-c82d133373b1,,,Pasteur pipette plastic Non sterile 3ml,,Medical supply,N/A,,,DAGU Item:56481
4fdf455f-2ce3-47e8-8d31-24d0e47d9e3c,,,Vacutainer Blood Collection Tube with EDTA anticoagulant purple top 4ml Plastic,,Medical supply,N/A,,,DAGU Item:56530
3c0aa919-c6c5-46f9-a3e7-40559606adb4,,,"Cover Slide 22x22mm, 13mm Thickness",,Medical supply,N/A,,,DAGU Item:55952
875f24fd-feb9-4e29-9544-89c082343e2b,,,Cat Gut Chromic Gauge 2.0(4/0) 75cm on 15mm 1/2 Circle Reverse Cutting Needle,,Medical supply,N/A,,,DAGU Item:56419
7f2c4038-9a5d-4334-a9cd-f7838683bd4a,,,Vacutainer Blood Collection Tube with citrated anticoagulant blue top 4ml Plastic,,Medical supply,N/A,,,DAGU Item:56531
a2d19a5c-a165-4909-9d88-bc05b108cec1,,,Drainage Chest Tube 20FG,,Medical supply,N/A,,,DAGU Item:60890
57cae846-d713-422b-9a76-1db7fde0d419,,,Drainage Chest Tube 16FG,,Medical supply,N/A,,,DAGU Item:60889
ee449692-e3a8-44d8-81d6-9313bfd14b80,,,Transport Swab Sterile with transport media,,Medical supply,N/A,,,DAGU Item:64149
449d50c4-bf14-4cae-b6b4-cac83f3b1e56,,,Glove Examination Powder Free Nitrile Non sterile X Large,,Medical supply,N/A,,,DAGU Item:64221
d92adcee-5c1a-43c3-93f1-913e8cb63a21,,,Mask Nebelizing,,Medical supply,N/A,,,DAGU Item:64229
cb5d3e7a-8c56-4fef-a28f-e68f4823030c,,,Cap Surgical Bouffant Non Woven,,Medical supply,N/A,,,DAGU Item:64007
ae15333e-aeb9-4b24-ae82-34beb9f76980,,,NEO Iris Stir Balls Dispenser,,Medical supply,N/A,,,DAGU Item:64055
fd8fc91b-2cdc-4592-88fd-3b370c12660b,,,Medical Protective Clothing For an Emergency X Large sterilizable,,Medical supply,N/A,,,DAGU Item:64087
262871f1-1644-4647-a84b-b45a879827f7,,,Alinity i Closure Gap for Reagents,,Medical supply,N/A,,,DAGU Item:64112
d3a57261-48d8-4b02-917c-a9fbe3deff02,,,"Polydioxanone (PDS) 4.0 Round , 70Cm Long",,Medical supply,N/A,,,DAGU Item:64120
a1cdcba6-d55d-46c3-b3c6-2575ae9caa2e,,,Pipette Tip sterile with filter 1000 Micro Litter,,Medical supply,N/A,,,DAGU Item:64152
88bb8b2d-3dc3-47f3-88c7-4b43266f519f,,,Diaper for Adult External Large,,Medical supply,N/A,,,DAGU Item:64164
69ef851e-d1e6-4c25-8252-acef74fedfce,,,Suction Containing Tube,,Medical supply,N/A,,,DAGU Item:64228
2f7e98bd-7239-444e-8540-0b78ad62ffa7,,,Cobas 6000 Halogen Lamp,,Medical supply,N/A,,,DAGU Item:64002
c8c69710-0383-47d1-9f38-19d0ab02caaf,,,Spinal Needle 10cm 25G,,Medical supply,N/A,,,DAGU Item:64010
f35e3dd3-e42e-4c98-8da3-af7b3146e92d,,,Glove Examination Powder Free Nitrile Sterile Xs Size,,Medical supply,N/A,,,DAGU Item:64050
825a94ea-1c2f-4064-87c2-d0711061d419,,,Transport Medium with Swab,,Medical supply,N/A,,,DAGU Item:64155
092d4002-8b7f-400a-8f17-aee6c94d2f64,,,Diaper for Adult,,Medical supply,N/A,,,DAGU Item:64163
9224d5c8-d398-4bc6-a20d-d5f7004d2df0,,,Gown Barrier Disposable Blue elastic cuffs neck and waist ties universal fit,,Medical supply,N/A,,,DAGU Item:64219
1cef9484-0efd-4bbb-8bc2-ad17ab216363,,,NEO Iris Barcoded Microplates,,Medical supply,N/A,,,DAGU Item:64054
fcfd46e9-2400-43d1-811d-b52dd56f12d9,,,Medical Protective Clothing For an Emergency Large sterilizable,,Medical supply,N/A,,,DAGU Item:64086
0de61bc9-b50f-447c-b2b6-0e289a263ca5,,,Alinity i Reaction Vessel,,Medical supply,N/A,,,DAGU Item:64111
3bc2d50a-6447-4e61-83bf-42fcf09b46e5,,,Pipette Tip sterile with filter 200 Micro Litter,,Medical supply,N/A,,,DAGU Item:64151
085b075d-cb01-47a4-a60f-e63acedfb8a0,,,Biohazard Bag Specimen 15x23 cm,,Medical supply,N/A,,,DAGU Item:64215
6f5d874d-ed15-4691-b051-64cbb0299f12,,,NEO Iris Select Wells,,Medical supply,N/A,,,DAGU Item:64053
adda2b35-693b-4cc6-8559-8ec7043f0ec3,,,Alinity i Maintenance Kit,,Medical supply,N/A,,,DAGU Item:64110
43db681c-19e3-44b0-8f1e-f79ef68ab3cc,,,Pipette Tip sterile with filter 20 Micro Litter,,Medical supply,N/A,,,DAGU Item:64150
9e15d9ac-0666-4755-aad6-10ea453aeebc,,,Drainage Chest Tube 24FG,,Medical supply,N/A,,,DAGU Item:60891
72cdf74f-4a24-46bc-a544-5bf69eec4bc1,,,NEO Iris Stir Balls,,Medical supply,N/A,,,DAGU Item:64056
6047d720-00d3-4eb1-aa19-1458f5f6e09d,,,Cat Gut Chromic Guage 6.0(2) 75cm on 35mm 1/2 circle round bodied Heavy needle,,Medical supply,N/A,,,DAGU Item:64080
484c8753-b4dc-4f8d-8763-6644b7e683e3,,,Medical Protective Clothing For an Emergency XX Large sterilizable,,Medical supply,N/A,,,DAGU Item:64088
7a682c28-730b-4b9d-8c0e-3a3f9e4ed675,,,Alinity i Sample Cup,,Medical supply,N/A,,,DAGU Item:64113
2ecf27ca-c819-4ea5-a0d4-5168df011efb,,,Under Pad Absorbent Plastic Backing 45x60cm,,Medical supply,N/A,,,DAGU Item:64217
122be2ee-9e89-4558-84e7-45a024509c05,,,Drainage Chest Tube 36FG,,Medical supply,N/A,,,DAGU Item:60892
d71a17a0-e65f-4a35-8dfb-220e87630d7f,,,Cobas 6000 Reaction Cell set,,Medical supply,N/A,,,DAGU Item:64001
e1e035a6-3943-46d4-b380-21c237c68a37,,,Glass Vial with a rubber stopper flip top Sterile Non latex,,Medical supply,N/A,,,DAGU Item:64089
a1bf8941-50ce-4ab9-95bc-aaea32c7edc7,,,Body Bag,,Medical supply,N/A,,,DAGU Item:64154
053393bc-0377-430d-ab67-128319d649e0,,,Diaper Post Partem for women,,Medical supply,N/A,,,DAGU Item:64162
44799b27-da63-4c23-9c62-1b9e0ff6d223,,,Gown Barrier Disposable Blue elastic cuffs neck and waist ties,,Medical supply,N/A,,,DAGU Item:64218
b0d895b7-311b-42f1-93bc-e3ba37ac4800,,,EX Tube X2 FL100,,Medical supply,N/A,,,DAGU Item:64245
c40c9a5a-3d71-4cb1-9010-0b7503655c9f,,,Lab Coat Blue Medium,,Medical supply,N/A,,,DAGU Item:64253
0d594750-3260-4788-ab41-8938b82f8832,,,Fenestrated Towel 1mX1m,,Medical supply,N/A,,,DAGU Item:64330
f09c7278-8e25-46b5-b709-ccbdee9cec13,,,Syringe Pump 50ml,,Medical supply,N/A,,,DAGU Item:64346
9357c0ee-5f8e-48a0-9e86-c42adbd92bd0,,,Neck Collar Hard Medium size,,Medical supply,N/A,,,DAGU Item:64366
3858525e-6517-4caf-9bd2-e48968e704cc,,,Sample Collection Tube Round Bottom Graduated screw top 50ml,,Medical supply,N/A,,,DAGU Item:64231
b37e82b6-a68f-4cbd-8c4f-eeb225a59767,,,IV Catheter 20G,,Medical supply,N/A,,,DAGU Item:64239
7eb107d7-ea0d-4778-b510-9616e33febfc,,,Bed Sheet small,,Medical supply,N/A,,,DAGU Item:64247
dd4a8f89-c6d9-4fde-944d-e5c741cc0b4c,,,Mosquito Bed Net (LLIN) PBO 190x180x170 cm (LxWxH),,Medical supply,N/A,,,DAGU Item:64324
067cea97-a4a3-448f-8453-6c0468be04ef,,,Surgical Cape,,Medical supply,N/A,,,DAGU Item:64332
4496ad90-bb75-4ae9-9656-a5f1be991e55,,,Syringe Pump 20ml,,Medical supply,N/A,,,DAGU Item:64348
bf895725-94a1-4304-879d-32d3888e313a,,,Mersilk Black Braided Black Gauge 1.5(4/0) 75 cm on 19 mm 3/8 Circle Reverse Cutting Needle,,Medical supply,N/A,,,DAGU Item:64356
5ff4ff1c-ffa7-4ae5-a1b7-a4a9d9ec477e,,,Ankle Support,,Medical supply,N/A,,,DAGU Item:64368
d94fd015-6324-44ab-a4b7-442351c38281,,,Hemodialysis catheter Kit,,Medical supply,N/A,,,DAGU Item:64376
dd0326ac-c6a5-4ba9-84e1-208f704e0878,,,Table Drape 70cmx80cm,,Medical supply,N/A,,,DAGU Item:64329
48a96878-ff6b-407c-8ac0-2c2b0f163e85,,,Syringe Pump 10ml,,Medical supply,N/A,,,DAGU Item:64345
783fd383-5461-4621-b262-427391c14546,,,Lab Coat White Large,,Medical supply,N/A,,,DAGU Item:64353
5fc69975-0685-458e-b918-88b32067dbbb,,,Neck Collar Hard Large size,,Medical supply,N/A,,,DAGU Item:64365
a7975e08-f9d3-46e7-ae0f-0082c68dd807,,,Hand Towel Soft Type,,Medical supply,N/A,,,DAGU Item:64243
60b07ca5-8cc9-4f67-8d60-a4eda206b5f7,,,Syringe Pump,,Medical supply,N/A,,,DAGU Item:64251
201ce26a-55db-4b0c-b322-bdda9e03492c,,,"First Aid Tape 1""x10yd, cloth non sterile",,Medical supply,N/A,,,DAGU Item:64320
550c2c38-777d-4790-b715-1970fcb00f7e,,,Tools Towel 50cm X 50cm,,Medical supply,N/A,,,DAGU Item:64328
63e1a9ad-ac72-43bc-9e74-4f6963f76c44,,,Gown Isolation,,Medical supply,N/A,,,DAGU Item:64364
bddffde8-d844-49b2-89f1-b68d9127f7f7,,,Chest Tube 32Fr,,Medical supply,N/A,,,DAGU Item:64372
e48c153e-db13-4416-8639-9437553dd2bd,,,IV Catheter 24G,,Medical supply,N/A,,,DAGU Item:64241
e826d8e3-f056-4e88-891d-0ca1160b250a,,,Pillow,,Medical supply,N/A,,,DAGU Item:64249
3240fc8c-f8f6-4aea-8c7d-b8251472c053,,,Soft Sleep,,Medical supply,N/A,,,DAGU Item:64326
5ae1f6da-9f36-4a31-8e52-820920ec7c46,,,"Prolene 4.0 double armed Round , 90cm Long",,Medical supply,N/A,,,DAGU Item:64350
9bba80fc-1fec-4978-970d-34acb1e8fe1f,,,Face Mask KF80,,Medical supply,N/A,,,DAGU Item:64242
3803ebb5-a721-44b7-b9b2-34b5fe9afc09,,,Pillow Cloth,,Medical supply,N/A,,,DAGU Item:64250
b374bc14-1b78-4967-8530-ded723bdaf51,,,Towel small,,Medical supply,N/A,,,DAGU Item:64327
c9752c09-de2a-458f-b0a8-cf53126378aa,,,Mask Non re breathing oxygen Large Size 50x36x30,,Medical supply,N/A,,,DAGU Item:64363
4d1f3e9c-2ca8-4cb6-a7c2-07f8583455a7,,,Chest Tube 20Fr,,Medical supply,N/A,,,DAGU Item:64371
fbcc4337-7b46-468a-8fd3-ff09f09fba18,,,AV Fistula Needle 16G 16G*25mm rotable wing with backeye,,Medical supply,N/A,,,DAGU Item:64379
cf401af0-f406-4b11-9cea-30c1ccabe2a1,,,Mask Non re breathing oxygen Medium Size 50x36x30,,Medical supply,N/A,,,DAGU Item:64358
413cd059-193a-46ef-8aa4-482cdb19f637,,,Burner Bunsen,,Medical supply,N/A,,,DAGU Item:64370
0f8f396d-dad6-48d1-b80d-cb7803375e06,,,Blood Tube (tubing set for hemodialysis),,Medical supply,N/A,,,DAGU Item:64378
1d763d41-d23e-4fb8-9bcb-8c6128eae3f8,,,Abbot Cervi Specimen collection Kit,,Medical supply,N/A,,,DAGU Item:64232
be2e9ded-1b9a-4d6d-b3da-fbf89c80fa44,,,IV Catheter 22G,,Medical supply,N/A,,,DAGU Item:64240
5ba90ce1-ea2f-43fa-9e32-cd326553977d,,,Gown for Shower,,Medical supply,N/A,,,DAGU Item:64248
7f999f25-c70f-4d5d-ba47-2c261b482e75,,,Syringe Pump 30ml,,Medical supply,N/A,,,DAGU Item:64325
15370708-04b1-428f-bb3f-5611450dc893,,,"Set Administration Luer lock ports, 105''tubing, DEHP, NLatex baxter",,Medical supply,N/A,,,DAGU Item:64349
55b5d943-83ba-470e-94eb-999e261ba173,,,Mask Non re breathing oxygen Small Size 50x36x30,,Medical supply,N/A,,,DAGU Item:64357
2048ef7b-a58f-45ba-b894-9d9a0709f38f,,,"Pasteur transfer pipettes , Sterile",,Medical supply,N/A,,,DAGU Item:64369
b28d5805-c5b1-4fd0-ba33-6c55e8dacc6f,,,Dialyzer 1.6m2 Polyether sulfon surface area 1.6m2,,Medical supply,N/A,,,DAGU Item:64377
cba73ea4-0462-4bd7-9f04-6156eebeaab6,,,Towel X Small,,Medical supply,N/A,,,DAGU Item:64246
f695d317-ea74-42bb-8574-1cfce569f947,,,Glove Surgical Latex Sterile No 6,,Medical supply,N/A,,,DAGU Item:64323
5a71b98c-bac9-452a-a488-d464a143d7e3,,,Patient Drape,,Medical supply,N/A,,,DAGU Item:64331
52cfee9a-1283-45e5-83ba-22a9576cc230,,,EX Tube X2FL,,Medical supply,N/A,,,DAGU Item:64347
407f80d1-10b1-4adc-a3ff-6555b1588480,,,Neck Collar Hard Small size,,Medical supply,N/A,,,DAGU Item:64367
0ea5d11d-a55c-47ca-9f01-7c2244a2655c,,,Report Requisition Form For health Center,,Medical supply,N/A,,,DAGU Item:6186
ded7bb8c-bed3-4b27-91df-93d5da21170a,,,Meri Silk Black No.2/0 5E75DX26,,Medical supply,N/A,,,DAGU Item:6189
e940befa-2935-4f45-b0c7-9421b39c2957,,,"Examination Glove Powder free Nitrile, Non sterile, Medium",,Medical supply,N/A,,,DAGU Item:53141
b88661a2-e746-4ba7-9b3f-3066fbbaf049,,,Vacutainer serum separator tube with yellow top 5ml Plastic,,Medical supply,N/A,,,DAGU Item:56533
26e9882e-44d9-494e-b92e-cf5f9bc609a5,,,Vacutainer serum separator tube with yellow top 5ml,,Medical supply,N/A,,,DAGU Item:56175
c0ee2090-ff23-4b15-898e-af407b2763c2,,,Endotracheal Tube,,Medical supply,N/A,,,DAGU Item:64481
2bad707e-5ed6-45ea-beab-05d41a4cd6e5,,,Spinal Needle 8cm,,Medical supply,N/A,,,DAGU Item:64489
f827fae4-7e4d-4238-8d78-cd2383cebb77,,,Oxygen Mask,,Medical supply,N/A,,,DAGU Item:64462
11c3c678-e800-4097-b204-65f4a4b92990,,,Tracheostomy Tube,,Medical supply,N/A,,,DAGU Item:64492
27610a34-4316-4f1a-8b0a-cc5fe1fe6a8d,,,Catheter Ureteral 6CH,,Medical supply,N/A,,,DAGU Item:64479
8d393749-369f-4b10-ac02-2df4e1773dfc,,,Mosquito Bednet,,Medical supply,N/A,,,DAGU Item:64511
6176920b-6b34-42ab-9583-870427ef2a93,,,Endotracheal Tube Sterile Cuffed 7CH,,Medical supply,N/A,,,DAGU Item:64466
aa1fbe75-4c84-4421-9cb3-a9621d8a189b,,,Syringe Insulin (Disposable),,Medical supply,N/A,,,DAGU Item:64490
64262d9f-7156-4798-b5ed-2496f6bddfb6,,,Cat Gut Chromic,,Medical supply,N/A,,,DAGU Item:64478
65669d8f-15ce-4211-a5d9-1933cf4f44f2,,,Endotracheal Tube Sterile Cuffed 7.5CH,,Medical supply,N/A,,,DAGU Item:64467
74d95d4c-46ce-4f3f-a435-6bc378d84457,,,Mersilk Braided Black,,Medical supply,N/A,,,DAGU Item:64483
4a4636a3-befd-4113-97e9-b87daddc65ba,,,Micropipette Tips,,Medical supply,N/A,,,DAGU Item:64507
4dd65db5-80c1-4ddc-9b33-3bb62f82c783,,,Catheter Ureteral 8CH,,Medical supply,N/A,,,DAGU Item:64480
85a8fade-c6fb-4475-85f2-0c9e5021dc49,,,Mask,,Medical supply,N/A,,,DAGU Item:64515
a6b502f7-910d-4c4e-badd-ed13e09d1a57,,,"Petri Dishes Disposable polystyrene,sterile,autoclavable 15mmx100mm",,Medical supply,N/A,,,DAGU Item:64392
ae40909e-b4ca-47f3-bebc-ba5e2b772a5c,,,Oxygen Mask with Reservoir bag 1000ml Transparent Mask 5.5mm + 2m Tube Latex green elastic strap L (126 x 83x63mm) Non sterile,,Medical supply,N/A,,,DAGU Item:64464
e4aec297-66c4-4945-9762-c3a6d1be58a5,,,Roch Survical collection Bursh,,Medical supply,N/A,,,DAGU Item:64472
f9f7f7c5-9432-4605-8125-a51f5c4e0dd7,,,Cartridge,,Medical supply,N/A,,,DAGU Item:64528
3a119bd7-2fd4-4d19-931c-51334ee55eb1,,,"Plate Microtitration, DAT test, 96wells, V Shaped bottom",,Medical supply,N/A,,,DAGU Item:64536
cbc6c48d-af2d-4bb5-83e1-9ab1e9694f32,,,Micropipette Tip RNA free with filter 0.1 10ul,,Medical supply,N/A,,,DAGU Item:64398
3296fa7f-c266-499d-8644-5a7805e68d06,,,Glove Examination Non Latex small,,Medical supply,N/A,,,DAGU Item:64438
3d601915-00ae-4653-a601-03857fb2771f,,,Tubes sterile culture with snap cap polypropylene 12mmx75mm,,Medical supply,N/A,,,DAGU Item:64396
f8faaad4-edb5-48a6-a130-4f8b84206704,,,Micropipette Tip RNA free with filter 100ul 1000ul,,Medical supply,N/A,,,DAGU Item:64452
aa024bb3-d513-4210-84eb-b356a389fdf4,,,Intubating Stylet FR14 390mm EO Sterile,,Medical supply,N/A,,,DAGU Item:64468
9471c8b8-41b7-4f04-9ed8-e0f664e60e09,,,Nephrostomy Tube 10Fr,,Medical supply,N/A,,,DAGU Item:64484
e370a578-850c-439b-985b-36e453821cdf,,,Sanitary Pad,,Medical supply,N/A,,,DAGU Item:64397
9ac9bd24-0232-4709-96d2-df1b0bc4c667,,,Glove Examination Non Latex large,,Medical supply,N/A,,,DAGU Item:64437
60dc0ba6-3539-48b3-9645-c63ac6da6ecc,,,Disposable Under Pad 23'' x 24'',,Medical supply,N/A,,,DAGU Item:64445
4fde9b14-63b0-402e-971f-04788a18be46,,,Nephrostomy Tube 12Fr,,Medical supply,N/A,,,DAGU Item:64485
c66a0b3d-24f3-49fc-9687-943083cc39ad,,,"Petri Dishes Disposable polystyrene,sterile,autoclavable 15mmx150mm",,Medical supply,N/A,,,DAGU Item:64393
efdaca3f-193d-446f-9f85-5790f2c9c376,,,Corrugated Circuit for CPAP Mask Adult Pu tube 1.8m connector ID 22mm Non Sterile,,Medical supply,N/A,,,DAGU Item:64465
d5d3e70a-7831-40f1-9718-66b73d94bc7b,,,steripack Swabs,,Medical supply,N/A,,,DAGU Item:64505
cd79c547-900d-49bd-a9a4-47a4a1da77ed,,,Lab Coat White Large Disposable,,Medical supply,N/A,,,DAGU Item:64529
5bb4b85f-0a1a-45c5-8a02-be071234bbeb,,,Filter paper Size circular qualitative grad plan circular or sheet,,Medical supply,N/A,,,DAGU Item:64394
658db4b0-1fd4-42db-8c05-04fefaa462c6,,,"Roche Cell Collection Medium, 250 x 20 mL, 1 Kit [Roche]",,Medical supply,N/A,,,DAGU Item:64474
bb7d045e-62e8-4d82-9038-d3eec0a12fd2,,,Elastic Straps for Face mask,,Medical supply,N/A,,,DAGU Item:64522
b8182005-e55e-495b-94a2-09c12cf6b139,,,Lab Coat Blue Medium Disposable,,Medical supply,N/A,,,DAGU Item:64530
d82946d2-de37-4795-8123-3a0068e9062a,,,Sample Collection Card,,Medical supply,N/A,,,DAGU Item:64534
b2b88f69-0766-47e8-9caa-499d28d14113,,,Micropipette Tip RNA free with filter 20ul 200ul,,Medical supply,N/A,,,DAGU Item:64399
f96b28c7-76bd-4486-ab7a-473bdf1c8e00,,,Glove Examination Non Latex Medium,,Medical supply,N/A,,,DAGU Item:64439
606ae8bb-f579-49bc-8bf1-686f28affea7,,,Oxygen Mask with Reservoir bag 1000ml Transparent Mask 5.5mm + 2m Tube Latex green elastic strap L (114 x 83x60mm) Non sterile,,Medical supply,N/A,,,DAGU Item:64463
e5f88b39-1883-4886-ad4c-f68a17becb61,,,"Pasteur Transfer Pipette 60 uL, Graduated, Plastic, Non Sterile",,Medical supply,N/A,,,DAGU Item:64471
fc9062cb-fdc4-40f1-824c-ca0533e1c1d6,,,Cervical Collection Brush,,Medical supply,N/A,,,DAGU Item:64519
1d24ffae-36bc-444b-9baa-a28ab7ef83f3,,,Head Start Base,,Medical supply,N/A,,,DAGU Item:64527
87f9efe9-75ed-4d93-af97-f4ff88f3eb96,,,Syringe Filter 25mm,,Medical supply,N/A,,,DAGU Item:64535
f50aa5b6-a9e7-4f14-8b31-1240f6b601c0,,,Face Mask N95/FPP2 (Non medical),,Medical supply,N/A,,,DAGU Item:64552
249660fd-8d5b-4d53-a48f-438e3b20ef08,,,Pipette Sterile transfer plastic disposable individually wrapped 3ml,,Medical supply,N/A,,,DAGU Item:64395
c385499b-1124-4dd9-a0d3-9c8e739fc2d7,,,Bag Back Pack,,Medical supply,N/A,,,DAGU Item:64523
2d7e2978-8220-49c8-85d8-a94acd2c1517,,,Glove Examination Powder Free Nitrile Medium,,Medical supply,N/A,,,DAGU Item:64565
10e3055c-95db-48ef-b046-da66a2ed225f,,,Lactate Dehydrogenase(LDH) UV enzaymatic kinetic method,,Medical supply,N/A,,,DAGU Item:52671
a33ee65e-f73b-4834-bc2e-07b43e3bc0a5,,,Surgical Gown large,,Medical supply,N/A,,,DAGU Item:64579
00a4665b-f5ef-43dc-956a-cbc7b9ade744,,,plastic Bag For seed 5 Litter,,Medical supply,N/A,,,DAGU Item:64956
910c5dd8-448f-47b9-8f51-9762c84b0c7f,,,Biohazard Bags Disposable Red 830x930mm,,Medical supply,N/A,,,DAGU Item:64964
8e88a52d-3b46-4cf9-862c-42216682f237,,,"Mask Surgical Type IIR, level 2,s.u,non sterile, earloop",,Medical supply,N/A,,,DAGU Item:64980
5d1c4be1-9ab5-49cf-af8d-9fd51d80db15,,,Masking Surgical type llR,,Medical supply,N/A,,,DAGU Item:64959
737834ef-d29e-4f73-b927-760a0274ae6e,,,Mask CPAP Medium size,,Medical supply,N/A,,,DAGU Item:64983
6339c9a6-6a24-4c24-bf6f-54b4fcecd83c,,,plastic Bag For seed 0.5 Litter,,Medical supply,N/A,,,DAGU Item:64957
67865526-20dd-4f84-8698-c41e82b7a577,,,Sterile Collection Swab,,Medical supply,N/A,,,DAGU Item:64981
5f69f1ee-21af-4d56-9b74-5e8af9baac59,,,Dust Bin For Bio hazard bag Yellow,,Medical supply,N/A,,,DAGU Item:65380
bda92895-a803-403f-9390-af0a359e93fd,,,COBAS 4800 Amplification and Detection plate and seal,,Medical supply,N/A,,,DAGU Item:64963
8def1ce0-0728-40d3-8616-3dbc1c296179,,,Breathing Circuit,,Medical supply,N/A,,,DAGU Item:65368
73998bbe-0c68-46d4-8d28-0152b40dadc0,,,Mask CPAP Large size,,Medical supply,N/A,,,DAGU Item:65429
85e47560-bd35-4f44-8d97-9a168e8780b1,,,Dust Bin For Bio hazard bag Black,,Medical supply,N/A,,,DAGU Item:65378
3fd42b8c-f983-4dfe-a387-08a42d2e242e,,,Adhesive Tab,,Medical supply,N/A,,,DAGU Item:64960
74c5998a-10b3-47c7-928f-d7e23b7c379a,,,Masking Tab,,Medical supply,N/A,,,DAGU Item:64958
498baab9-5cb9-4d70-8275-599194866470,,,"Haematocrit Capillary tube length 75mm,ID 1.1 1.2mm,OD 1.5 1.6mm,20µl",,Medical supply,N/A,,,DAGU Item:64966
43e54050-639a-4e0b-bedc-749ddb4f3742,,,Mask Non Breathing adult,,Medical supply,N/A,,,DAGU Item:64982
c2145182-011f-408b-ad29-c314cb271496,,,"Lab Wipe Poly,14.4x12.5 in",,Medical supply,N/A,,,DAGU Item:64990
0b9f8740-6b83-4d61-a91f-87c65b65c433,,,Dust Bin For Bio hazard bag Red,,Medical supply,N/A,,,DAGU Item:65379
a441e457-97b2-47ac-a93e-f94be72ac5d3,,,Syringe Insulin (Disposable) 1ml on 4mm with Fixed Needle 29G,,Medical supply,N/A,,,DAGU Item:65367
944d2b1d-c126-4ecd-bc29-dea583415573,,,Surgical Gown X Large,,Medical supply,N/A,,,DAGU Item:64580
a1906f83-86ee-4a3f-8e08-2393381e5306,,,Mask Venturi Large for oxygen supply,,Medical supply,N/A,,,DAGU Item:65600
9d1f7c2c-bfa2-4242-b80e-a2b8f6fe8f50,,,Tubing Oxygen supply 7.6 meter,,Medical supply,N/A,,,DAGU Item:65601
38edd77f-5e71-420b-944a-851f545e0926,,,Mask Venturi Small for oxygen supply,,Medical supply,N/A,,,DAGU Item:65599
215755ce-8e9e-48fe-9ba5-9a4d66140bd3,,,Bandage jersey tubular 10cm x 4m,,Medical supply,N/A,,,DAGU Item:65699
832707fe-7c4d-4270-80c2-668ae774ed7a,,,Plaster Of Paris (P.O.P) 7.5cm x 2.7m,,Medical supply,N/A,,,DAGU Item:65708
239dbec5-55ee-4e64-9e8a-8090b582892f,,,Hypodermic Needle 21G,,Medical supply,N/A,,,DAGU Item:65716
38fb54ea-d7ed-4165-bea7-7f9b2a7d683b,,,Adhesive Plaster Zinc Oxide 10cm x 5m,,Medical supply,N/A,,,DAGU Item:65695
95d49933-fb7f-4d12-b01e-295f05e62594,,,Bandage Extensible Non Adhesive 7cm X 4m,,Medical supply,N/A,,,DAGU Item:65704
c21b9947-c300-4dba-b0cc-4d51add16371,,,Surgical Glove Sterial Latex No. 8.5,,Medical supply,N/A,,,DAGU Item:65712
7c5377b5-3cd3-4c41-a77e-60412ef5bc3a,,,Bandage jersey tubular 15cm X 4m,,Medical supply,N/A,,,DAGU Item:65700
b2f24245-95c9-401f-a032-c9abb0fe5932,,,Plaster Of Paris (P.O.P) 10cm x 2.7m,,Medical supply,N/A,,,DAGU Item:65709
383836fd-4338-430e-862b-fe7820f50ce0,,,Hypodermic Needle 25G,,Medical supply,N/A,,,DAGU Item:65717
9a5e8e41-b801-4211-9480-dc0e04df9985,,,Bandage crepe 6cmx4m,,Medical supply,N/A,,,DAGU Item:65697
45770cbe-5429-4244-b2cd-716d55086219,,,Disposable Syringe Without Needle 5ml,,Medical supply,N/A,,,DAGU Item:65706
b1191260-2f9a-48be-99d6-019227662495,,,Glove Gynecological Examination(Elbow Glove) No 8.5,,Medical supply,N/A,,,DAGU Item:65714
01abdf53-8a2f-4758-9293-7b53e0115099,,,Bandage crepe 10cm x 4m,,Medical supply,N/A,,,DAGU Item:65696
159b2e6c-9681-48d6-bba1-41d8f209378b,,,Disposable Syringe Without Needle 20ml,,Medical supply,N/A,,,DAGU Item:65705
1dff5599-5651-4da7-950d-b3bb1ae6c904,,,Gauze Swab 10cm X 10cm non sterile,,Medical supply,N/A,,,DAGU Item:65713
574faa37-c352-41f8-8747-e9318456aaf7,,,Bandage jersey tubular 6cmx4m,,Medical supply,N/A,,,DAGU Item:65698
ad7bbd18-bd95-4c96-b0cc-f933e6ffdd56,,,Disposable Syringe Without Needle 60ml,,Medical supply,N/A,,,DAGU Item:65707
583f2806-b16b-4c1d-9342-6a0881325a8e,,,Hypodermic Needle 19G,,Medical supply,N/A,,,DAGU Item:65715
249a3fc0-a357-4d29-82cb-8bb37ae7fa21,,,Bandage Extensible Non Adhesive 6cmx4m,,Medical supply,N/A,,,DAGU Item:65703
bbb8d711-f246-47b6-804f-9a7d52efb3bf,,,Blood Collecting Bag CPDA1 Anticoagulant Single 1000ml,,Medical supply,N/A,,,DAGU Item:65711
b03cac0d-5105-416c-a8f6-4427866e972c,,,Mucus Extractor Different Size,,Medical supply,N/A,,,DAGU Item:65719
367dbba4-a765-4620-88d4-da67ecc936f1,,,Bandage jersey tubular 15cm X 25m,,Medical supply,N/A,,,DAGU Item:65702
f19885f1-1fe9-4229-9157-bebe7325ff8f,,,Blood Collecting Bag CPDA1 Anticoagulant Single 500ml,,Medical supply,N/A,,,DAGU Item:65710
7864c71d-2748-4d75-a18b-f0535328fa0d,,,Glove Kichen Different Size,,Medical supply,N/A,,,DAGU Item:65718
73ce7a92-7f77-4965-afa0-5bb785fba4c8,,,"Insulin Delivery Device 100units/ml, 3ml",,Medical supply,N/A,,,DAGU Item:65726
bbb63f81-2d10-4599-91a5-43751e07c78b,,,Respirator MSA 1/2 face 808074 of 41 pcs,,Medical supply,N/A,,,DAGU Item:65747
f872aca1-63b3-469f-a815-249174a128ed,,,Coverall Enviroguard 8015V of 640pcs,,Medical supply,N/A,,,DAGU Item:65755
836e0bbe-12c1-4d7b-a285-e074b1d67ae3,,,Respirator 3M P100 8233 of 240 pcs,,Medical supply,N/A,,,DAGU Item:65744
7ff48945-8d34-4506-bf04-33022676007f,,,Respirator Surgical mask of 300pcs,,Medical supply,N/A,,,DAGU Item:65752
7ffaeb8b-3e64-40b3-901a-697278461193,,,Shoe cover of 100pcs,,Medical supply,N/A,,,DAGU Item:65760
005a12ae-062a-4bde-9d4b-8dc9a7367642,,,Respirator MSA 1/2 face 808075 of 3 pcs,,Medical supply,N/A,,,DAGU Item:65748
5ebf680f-ab06-486f-b71d-6d1ca2885561,,,Coverall Pentamax C3909 1xL of 25pcs,,Medical supply,N/A,,,DAGU Item:65756
ba3a530f-88a5-4639-9fb6-d37f96254a19,,,Respirator MSA 1/2 face 808073 of 42 pcs,,Medical supply,N/A,,,DAGU Item:65745
7585641c-51de-4b03-9fd3-be9e1033418c,,,Respirator Face mask of 320pcs,,Medical supply,N/A,,,DAGU Item:65753
8c5930ec-e732-4265-8523-ef395d13519d,,,Syringe(AD) 0.3ml,,Medical supply,N/A,,,DAGU Item:65761
ddc5b355-b232-47fd-9ed2-de2abcd09ec0,,,Respirator 3M N95 8000 of 4680 pcs,,Medical supply,N/A,,,DAGU Item:65743
afd2730e-993f-4298-8900-ab49148f8626,,,Filter pad cap MSA of 100pcs,,Medical supply,N/A,,,DAGU Item:65751
cd687b11-a19c-45be-a9ae-4e4b9a979ad1,,,Coverall Pentamax C3909 4xL of 25pcs,,Medical supply,N/A,,,DAGU Item:65759
f708902c-6991-4a14-a1cb-0bd7a5441d1e,,,Filter pad MSA p100 canister 815177 of 180pcs,,Medical supply,N/A,,,DAGU Item:65750
984e1d6a-374c-4fa9-901a-35391ccadd03,,,Coverall Pentamax C3909 3xL of 75pcs,,Medical supply,N/A,,,DAGU Item:65758
b7ccab24-74cd-4dae-84a8-31c4ebf0a4d0,,,Filter pad MSA p100 816662 of 145pcs,,Medical supply,N/A,,,DAGU Item:65746
a4f228f7-ba59-49f8-ba08-69494283440b,,,Coverall Enviroguard 8015V of 80pcs,,Medical supply,N/A,,,DAGU Item:65754
58a61639-c24b-471a-a738-150535bd3c8c,,,Filter pad MSA p100 canister 10153412 of 1350pcs,,Medical supply,N/A,,,DAGU Item:65749
e4b7c85e-f209-4cf2-a240-eebc7d3e5f16,,,Coverall Pentamax C3909 2xL of 75pcs,,Medical supply,N/A,,,DAGU Item:65757
9269cb26-9358-40d0-8f5e-430dde98b7df,,,Plaster Of Paris (P.O.P) 20cm x 2.7m,,Medical supply,N/A,,,DAGU Item:65781
66f052f2-28eb-47e4-95f3-962722679d94,,,Injection Stopper for IV Cannula,,Medical supply,N/A,,,DAGU Item:65785
fa29c00f-6c14-4f61-b5c7-177df2847e87,,,Blood Collecting Bag CPDA1 Anticoagulant Single 150ml,,Medical supply,N/A,,,DAGU Item:65779
37853898-d42e-4c38-a2e3-437a27366093,,,Infusion Giving Set Pediatric,,Medical supply,N/A,,,DAGU Item:65784
e0381beb-120a-46df-9394-6ef3d9b251dd,,,Adhesive Plaster Zinc Oxide 2.5cm x 5m,,Medical supply,N/A,,,DAGU Item:65780
b1f2d0b9-dd92-4f3f-8a66-ebae8183c0b9,,,Tracheostomy Tube Plastic With 90 Degree Curvature Size 6,,Medical supply,N/A,,,DAGU Item:65790
8cf6cfd7-64c3-4a5b-99e0-fc5bc2d0563e,,,Tracheostomy Tube Plastic With 90 Degree Curvature Size 5.5,,Medical supply,N/A,,,DAGU Item:65788
36237362-20db-49c7-874a-3e25cabb1e0a,,,Tracheostomy Tube Plastic With 90 Degree Curvature Size 4.5,,Medical supply,N/A,,,DAGU Item:65796
65597ebc-2fe4-4160-8a68-80ae1363ac23,,,Lint free cloth,,Medical supply,N/A,,,DAGU Item:53680
aed3edb8-8b6a-4bc6-88f9-0395dd79fb82,,,"Absorbent pad with plastic Backing (Blue diapers), , 17x24 inches, 250/cases/5/pack",,Medical supply,N/A,,,DAGU Item:65923
b6e16d5c-28b0-495c-bca5-54633199a1f6,,,Alinity i Pipettor probes,,Medical supply,N/A,,,DAGU Item:65939
f787efa5-9aff-4dc5-b1d9-f3442e221a34,,,Cap R Rdy ind cel 10x11.5ml,,Medical supply,N/A,,,DAGU Item:65942
94834591-c101-4d42-802d-1d352f461d43,,,Capture R Ready Screen I/II,,Medical supply,N/A,,,DAGU Item:65941
a2802927-d908-4354-af99-c0b2b62baca0,,,Cap R control set 2x11.5ml,,Medical supply,N/A,,,DAGU Item:65943
634a57ff-88bd-4346-82d6-136c96d880ae,,,"Bed Sheet 289x178cm , Washable",,Medical supply,N/A,,,DAGU Item:65953
f26c487a-c255-494b-a15f-1f737c704591,,,"Polyglycolic acid absorbable braided violet Size 3, 27mm KS reverse cutting",,Medical supply,N/A,,,DAGU Item:66108
017a8f18-a777-45d9-8737-602f3af24edf,,,COBAS Omni 6800/8800 Secondary Tube,,Medical supply,N/A,,,DAGU Item:66087
75f52353-0884-4617-b4e2-1799b06b2999,,,"Polyglycolic acid absorbable braided violet Size 4, 18mm Ps 3 cutting",,Medical supply,N/A,,,DAGU Item:66111
63407c25-feef-480a-803c-9b49286ce6ca,,,"Polyglycolic acid absorbable braided violet Size 3, 18mm RB 1 Taper",,Medical supply,N/A,,,DAGU Item:66107
4c6fa695-37d6-4cb8-8044-77ff7a9071cf,,,"Polyglycolic acid absorbable braided violet Size 4, 18mm RB 1 Taper",,Medical supply,N/A,,,DAGU Item:66112
7b2449c0-614f-461c-bc9b-afe2b34dcf32,,,"Polyglycolic acid absorbable braided violet Size 3, 27mm CT 3 cutting",,Medical supply,N/A,,,DAGU Item:66109
5c935c66-294d-460b-ba3e-d0cfe1f2a5fc,,,"Polyglycolic acid absorbable braided violet Size 4, 27mm Ps 1 cutting",,Medical supply,N/A,,,DAGU Item:66113
3ca098dd-d1ec-40e9-a643-1aee9d03aa23,,,"Polyglycolic acid absorbable braided violet Size 3, 18mm PS 2",,Medical supply,N/A,,,DAGU Item:66110
c0a99188-ae3c-4f40-972a-d871d98e8ea6,,,FACS presto Thermal paper Roll 6cm x 12m,,Medical supply,N/A,,,DAGU Item:66088
81c214c5-16ff-4c5d-b538-104c1231d013,,,"Polyglycolic acid absorbable braided violet Size 0, 0.8x18mm CT 2 Taper",,Medical supply,N/A,,,DAGU Item:66106
01244399-ac59-468b-ad3d-5a952502c54d,,,Syringe(AD) 0.3ml with 23G,,Medical supply,N/A,,,DAGU Item:66130
d28c9bee-8c74-427d-bd9b-728ca61971b1,,,CVP line kit Size 7Fr,,Medical supply,N/A,,,DAGU Item:66169
668fc07c-492b-4dee-9408-4e54e0a5b315,,,St.Jude master Aortic Mechanical heart valve with standard cuff Size 29mm,,Medical supply,N/A,,,DAGU Item:66177
05fc9688-28f1-4e24-ac2f-80d9bd192583,,,Cardipulmonary Bypass Oxygenators adult/afinity fusion,,Medical supply,N/A,,,DAGU Item:66171
7dd8cf5b-8b33-4b6c-82f3-c8a0aa8f7409,,,"Prolene Double arm round needle 5/0, 90cm on 17mm",,Medical supply,N/A,,,DAGU Item:66179
b9fceeef-a370-4ad9-88b3-5e48070a09fc,,,Cardipulmonary Bypass Oxygenators pediatrics/pixie,,Medical supply,N/A,,,DAGU Item:66170
1d4b8dd1-ad0d-4cf1-bd0c-6aa3591e28d1,,,St.Jude master Aortic Mechanical heart valve with standard cuff Size 31mm,,Medical supply,N/A,,,DAGU Item:66178
fbd75b0c-415d-4329-9559-712afcc93101,,,St.Jude master Aortic Mechanical heart valve with standard cuff Size 27mm,,Medical supply,N/A,,,DAGU Item:66176
2317c5cf-3db7-4a7d-b96a-6f83660720bb,,,St.Jude master Aortic Mechanical heart valve with standard cuff Size 23mm,,Medical supply,N/A,,,DAGU Item:66174
51888b01-51fa-420f-a379-5b2c9226b6ef,,,"Prolene Double arm round needle 4/0, 90cm on 17mm",,Medical supply,N/A,,,DAGU Item:66182
484079f0-ed2e-4b81-8e5a-e9f18a32275c,,,COBAS 6800/8800 Solid waste bag with insert,,Medical supply,N/A,,,DAGU Item:66190
4a75c2b6-d5d0-458e-b3b2-30149c7ede45,,,St.Jude master Aortic Mechanical heart valve with standard cuff Size 21mm,,Medical supply,N/A,,,DAGU Item:66173
65768a34-1723-4b73-8f79-9874e8598d12,,,"Prolene Double arm round needle 4/0, 90cm on 26mm",,Medical supply,N/A,,,DAGU Item:66181
e6105e2b-4d6a-448b-88e9-8911e0ae3a22,,,St.Jude master Aortic Mechanical heart valve with standard cuff Size 25mm,,Medical supply,N/A,,,DAGU Item:66175
27400406-9c96-4123-81de-bd19b1346c43,,,"Prolene Double arm round needle 4/0, 90cm on 22mm",,Medical supply,N/A,,,DAGU Item:66183
4fe59dae-71f2-4cb9-9673-5433f0c4eb6d,,,St.Jude master Aortic Mechanical heart valve with standard cuff Size 19mm,,Medical supply,N/A,,,DAGU Item:66172
eeef04c4-19cd-48dc-9322-cd0ba5a40ec1,,,"Prolene Double arm round needle 5/0, 75cm on 13mm",,Medical supply,N/A,,,DAGU Item:66180
fbc8db24-377d-462c-a6a8-651dd1df8fd2,,,"Gown Isolation Non woven, Disposable extra large",,Medical supply,N/A,,,DAGU Item:66229
15ca5d01-24f4-451e-b29b-6923dc979786,,,Centrifuge Secondary Tube 5 ml 13x75mm,,Medical supply,N/A,,,DAGU Item:66864
ff02db80-685f-4965-a001-c64c0e111335,,,"Gown Isolation Non woven, Disposable large",,Medical supply,N/A,,,DAGU Item:66230
021042ad-0cfd-4988-9fbf-0b254cdb747d,,,"Master sizer set, complete",,Medical supply,N/A,,,DAGU Item:66226
d0c61a8d-b981-44f5-8d11-8af8833ec78b,,,Cryogenic Vial of 50 pcs,,Medical supply,N/A,,,DAGU Item:66224
5f26b161-8a87-41f2-b44c-4a20e8c9974c,,,Plasma Preparation Tube,,Medical supply,N/A,,,DAGU Item:66225
ee4c0f89-8b10-4073-ada0-c15ca6a8020e,,,Umblical Cord Tie/Cotton Tape 6mm x 24.5m,,Medical supply,N/A,,,DAGU Item:67287
22fc255b-aa29-4422-8fd4-719f9e10127e,,,Syringe Insulin (Disposable) 1ml on 4mm with Fixed Needle 32G,,Medical supply,N/A,,,DAGU Item:66227
ca94734a-281d-4ed8-87b7-7b3f55a84978,,,Catheter Ureteral 12CH,,Medical supply,N/A,,,DAGU Item:66228
b82c3699-64b2-4ef2-aae6-bce152cbcb48,,,Cryogenic Box,,Medical supply,N/A,,,DAGU Item:66293
5712f827-dc2b-402c-9f43-e6363ac98c6f,,,SARs COVID 2 kit,,Medical supply,N/A,,,DAGU Item:67285
0ce34a6c-8061-4717-a3b6-778b30ed99bf,,,Oral Hydration drop drop packets,,Medical supply,N/A,,,DAGU Item:67296
74c48156-3ba5-4999-9be3-88d97b624139,,,Test Tube Plastic 12x75mm round bottom sterile with snap cap,,Medical supply,N/A,,,DAGU Item:67304
cc0e1954-9f14-4ac3-9c90-455fad612f30,,,Sharp Collector 8QT Nestable Funnel top,,Medical supply,N/A,,,DAGU Item:67294
51e47061-3799-43a4-b6c3-90caa518c03a,,,"Gown Isolation Non woven, Disposable, Medium",,Medical supply,N/A,,,DAGU Item:67302
0e158b8c-bb96-4d86-99da-1f516ed58781,,,"Goggle protective green /gray adj headband, polycarb scratch resistant D3",,Medical supply,N/A,,,DAGU Item:67295
62bcf63b-1c6e-4020-abf5-1567984c262b,,,Prosthesis Bra,,Medical supply,N/A,,,DAGU Item:67391
897fe74c-8a3c-4335-b6c9-98bab6e900c0,,,Syringe(AD) 0.05ml with Needle 27G,,Medical supply,N/A,,,DAGU Item:67422
22014e14-2682-4ebc-863c-1c8991f3480e,,,Gown Isolation 130cmx150cm,,Medical supply,N/A,,,DAGU Item:67425
c9a34010-71c4-41d0-a369-38a19092702a,,,Gown Isolation 120cmx140cm,,Medical supply,N/A,,,DAGU Item:67424
2a023369-fe30-432f-954c-2125a07621f8,,,Disposal Head Cap,,Medical supply,N/A,,,DAGU Item:67480
c9f1419e-c370-4e83-a71c-cb7b3f03865b,,,Tracheostomy Tube Plastic With 90 Degree Curvature Size 4,,Medical supply,N/A,,,DAGU Item:67564
05134d85-83bf-4fc2-8ade-6a04be12df78,,,Mosquito Bednet 180cm x 190cm x 150cm (LxWxH),,Medical supply,N/A,,,DAGU Item:67572
997d497f-6f48-466c-9afc-339bbab68d1c,,,Mosquito Bednet 180cm x 190cm x 160cm (LxWxH),,Medical supply,N/A,,,DAGU Item:67573
73e57f25-0ffa-42bb-8bad-3e5f0bb620bf,,,Dental Wire 22CH,,Medical supply,N/A,,,DAGU Item:67567
1b1b17fd-e3cd-4efc-ab56-f7b79e277db5,,,Mosquito Bednet 190cm x 180cm x 180cm (LxWxH),,Medical supply,N/A,,,DAGU Item:67575
9c2b7be1-5606-4bdb-b8de-a262def27b03,,,Mosquito Bednet 190x180x170 cm (LxWxH),,Medical supply,N/A,,,DAGU Item:67574
3f68a121-f6d2-43ff-970f-aa074c488f63,,,Plastic droper Non sterile size hold 7ml of liquid with graduated marking in 0.5ml increments,,Medical supply,N/A,,,DAGU Item:67596
6b652d84-a1d8-41ee-bc45-6afe60595738,,,Tubular bandage 2m,,Medical supply,N/A,,,DAGU Item:67599
c197c67e-bccf-4ca5-ac9a-822f6a99d114,,,"Polysulfone filter Surface area 1.8, low flux m2 gamma sterilization",,Medical supply,N/A,,,DAGU Item:67607
b4cd1abb-7ae8-4d8d-95b9-a87b48cd0dd9,,,Surgical Scalpel Blade No. 18,,Medical supply,N/A,,,DAGU Item:67615
bd9f4eaf-bebb-4154-a799-21d2f06c6e91,,,Blood line with re circulation bag,,Medical supply,N/A,,,DAGU Item:67606
10e2c87b-422c-49dc-97e3-8e2df15cd54f,,,"Polysulfone filter Surface area 1.6, low flux m2 gamma sterilization",,Medical supply,N/A,,,DAGU Item:67608
a9655009-ead0-4433-83ee-bee0a3a91af9,,,"Hemodialysis catheter (non tunneled) 12Fr, 15cm length",,Medical supply,N/A,,,DAGU Item:67601
f65e63ed-7325-483a-abc1-4d48e6567c9f,,,"Kidney biopsy needle 18G,20cm length",,Medical supply,N/A,,,DAGU Item:67605
972833fc-1ec1-4db0-b4f9-1761d13e261f,,,"Kidney biopsy needle 16G,20cm length",,Medical supply,N/A,,,DAGU Item:67604
9911ba57-6e43-4882-bcd2-e47d5bb76e2a,,,"Polysulfone filter Surface area 1.0, low flux m2 gamma sterilization",,Medical supply,N/A,,,DAGU Item:67609
e191ae48-f6e6-43d5-839c-c85155ead44f,,,"Hemodialysis catheter tunneled cuffed, cuff top tip 23 cm length",,Medical supply,N/A,,,DAGU Item:67603
ac226c71-c8a0-41dd-a0e8-972ea1cf70cb,,,"Hemodialysis catheter (non tunneled) 12Fr, 20cm length",,Medical supply,N/A,,,DAGU Item:67602
c7bc4f17-09db-4ce2-a744-a03f9350cfed,,,Tally Sheet,,Medical supply,N/A,,,DAGU Item:67616
8862e9a0-edec-49ce-8ef6-1d40a7885111,,,Syringe(AD) 2ml with Needle 23G,,Medical supply,N/A,,,DAGU Item:54425
2575ecfd-acc1-445f-87e9-c3461ded880c,,,Thick probe(Needle) A25,,Medical supply,N/A,,,DAGU Item:67623
ce2ac084-b165-44c8-ab2e-2ea00c2bfcee,,,Halogen Lamp 12V/20 watt for A25,,Medical supply,N/A,,,DAGU Item:67624
94ded62a-8d7a-4fb0-a82e-d1fbd65737d5,,,K wire 2.5mm Diameter with 25cm length,,Medical supply,N/A,,,DAGU Item:67633
16f89bf9-d4b1-4a30-a3d9-d671b21b1577,,,K wire 1.8mm Diameter with 25cm length,,Medical supply,N/A,,,DAGU Item:67634
d23141d9-2466-4c14-bdce-d993f640a4fe,,,IV giving set,,Medical supply,N/A,,,DAGU Item:67621
bf0b9663-b410-48b0-8bbe-2ece3e27bbc9,,,Reaction Rotor,,Medical supply,N/A,,,DAGU Item:67626
c9e2709d-7ae3-47c0-b882-e8ddc11f36bb,,,Bondable Buccal Tubes,,Medical supply,N/A,,,DAGU Item:67635
83d7776c-e681-4029-85df-1cbf62af2ea6,,,G6PD Test tube,,Medical supply,N/A,,,DAGU Item:67642
af14ddb0-1219-4154-946d-2698abb53ef4,,,Polypropylene homo polymer sheet 3mm olive,,Medical supply,N/A,,,DAGU Item:67747
223beb9c-aaa0-401b-acea-64124aa6f918,,,Polypropylene homo polymer sheet 5mm olive,,Medical supply,N/A,,,DAGU Item:67749
622f5c0a-bcc7-4631-a9ed-e3ba9d768405,,,Polypropylene homo polymer sheet 4mm olive,,Medical supply,N/A,,,DAGU Item:67748
c78ffa2c-81d7-4956-bcf1-67dd802b16a0,,,Cobas 4800 Plasma Separation card bundle,,Medical supply,N/A,,,DAGU Item:67807
c9079e35-19fb-450f-add3-55759041cd4e,,,Mosquito Bed Net (LLIN) 180cm x 160cm x 150cm (LxWxH),,Medical supply,N/A,,,DAGU Item:67571
7aeab13f-7e78-4e05-9ee7-0bba4e30a25f,,,Lab Wipe 30 X 35cm,,Medical supply,N/A,,,DAGU Item:67902
168a0e3c-ecac-4070-855e-152616133333,,,Adhesive Tape 10cm x 5m,,Medical supply,N/A,,,DAGU Item:67910
ab182874-cd73-42f8-ab3d-e87f1246a0a8,,,"Centrifuge Secondary Tube 5 ml 13x75mm,With cap",,Medical supply,N/A,,,DAGU Item:67904
a2c4175c-9c2f-46c5-b22b-ee20ac7ca763,,,Paster Transfer Pipet 3 4ml sterile individual wrapped,,Medical supply,N/A,,,DAGU Item:67903
3aa20966-a6f3-46e8-9c5c-690503de75e8,,,Sample collection kit,,Medical supply,N/A,,,DAGU Item:67907
bd40265f-2bf8-436e-bd1c-ccbcf60aa65b,,,Level 2 Gown with velcro knit cuff X Large,,Medical supply,N/A,,,DAGU Item:67922
8b17b5e9-c30d-4287-a08a-56e77b793d3c,,,Level 2 Gown with tie back and elastic cuff X Large,,Medical supply,N/A,,,DAGU Item:67916
88e13d16-bc0b-43be-9796-5a720fc7f3b7,,,GNI fluorescent lamp,,Medical supply,N/A,,,DAGU Item:67964
08dda0c5-4d65-477d-9842-3aa57ac8b0b8,,,Level 3 Gown white cuff large,,Medical supply,N/A,,,DAGU Item:67917
2ef3bb24-c811-4b5e-a6bf-e1a2efa85502,,,St. Jude masters series mitral Mechanical heart Valve standard cuff Size 29mm,,Medical supply,N/A,,,DAGU Item:67936
1f78bbe7-3fd5-4c8e-9097-fe6d528d9aa7,,,Level 2 Gown with tie back and elastic cuff large,,Medical supply,N/A,,,DAGU Item:67915
022ad6c1-0654-4b24-a419-6313191f2308,,,NI service kit,,Medical supply,N/A,,,DAGU Item:67963
9cef4683-cd1d-4565-8246-c68e791981b9,,,St. Jude masters series mitral Mechanical heart Valve standard cuff Size 27mm,,Medical supply,N/A,,,DAGU Item:67935
019471fd-e57c-4bff-b5e0-68d4ebe688d9,,,BD Vacutainer F22 tube,,Medical supply,N/A,,,DAGU Item:67967
f7dda7a3-efb0-4590-8b40-12ea4273619c,,,Level 2 Gown with velcro knit cuff large,,Medical supply,N/A,,,DAGU Item:67921
bfe19f64-53f6-4b71-97de-d526d9fb98af,,,St. Jude masters series mitral Mechanical heart Valve standard cuff Size 31mm,,Medical supply,N/A,,,DAGU Item:67937
59d0f19b-9a4a-44e7-ae79-065182a726a1,,,Level 3 Gown white cuff X Large,,Medical supply,N/A,,,DAGU Item:67918
78312c10-97d1-4b35-a7d8-bc485ce8bd95,,,St. Jude masters series mitral Mechanical heart Valve standard cuff Size 25mm,,Medical supply,N/A,,,DAGU Item:67934
0f095d5e-da77-4dab-a293-6be8467134ba,,,BD Vacutainer KE2 tube 6ml,,Medical supply,N/A,,,DAGU Item:67966
eea409b5-c3b3-4acf-be29-d4d54b19f3fe,,,Wire Splint Hand,,Medical supply,N/A,,,DAGU Item:53795
78f70710-4def-4f07-a25c-0f9aa79f67e5,,,Wire Splint Leg,,Medical supply,N/A,,,DAGU Item:53796
909c8362-7774-4042-a83a-1ef63ee80220,,,Blood Collecting Bag Penta,,Medical supply,N/A,,,DAGU Item:67968
96c6a8fb-aa45-4039-99e4-86aa2a9cb716,,,Vacutainer needle 20G,,Medical supply,N/A,,,DAGU Item:68216
18d580af-eefa-477a-9ab8-ef04a1832ae3,,,Vacutainer serum separator tube with red top 3.5ml,,Medical supply,N/A,,,DAGU Item:68214
dbc7b309-925d-4e93-9b44-43d9e7a3634a,,,Hood,,Medical supply,N/A,,,DAGU Item:68318
2ca5e0e3-24b4-401e-95de-ee8c71e2ee0c,,,Belt,,Medical supply,N/A,,,DAGU Item:68319
d451e3aa-f015-44f7-a214-ec0828da9e73,,,Replacement hoods of 25,,Medical supply,N/A,,,DAGU Item:68321
a58e4c65-9790-41cc-8868-9240a5e65b70,,,Catheter Ureteral 16CH,,Medical supply,N/A,,,DAGU Item:68236
af4b090d-32b9-4838-92eb-ba2cbd6305c4,,,Laboratory Supplies Urine cup plastic 40ml capacity,,Medical supply,N/A,,,DAGU Item:68317
bc151e62-428d-42bb-979e-3c9160c69eb3,,,Slide Box hinged plastic holds 100 slides,,Medical supply,N/A,,,DAGU Item:68341
30b54447-9c00-4b4b-9176-0059bdfdea9d,,,"Laboratory Supplies Microscope Lens cleaning solution, non flammable: 2 oz",,Medical supply,N/A,,,DAGU Item:68315
ebfae1c7-65f6-4f92-a094-f8a581decd2f,,,Brown glass bottle 500ml,,Medical supply,N/A,,,DAGU Item:68323
8621c768-8194-44ae-8d89-59f2becd5b87,,,Battery Holster,,Medical supply,N/A,,,DAGU Item:68320
4b7691b1-fc17-4659-8a46-78f31d0a1d6d,,,Laboratory Supplies Microscope Lens cleaning tissue paper lint free: 4x6 inch W(10.1x15.2 cm) sheets per book,,Medical supply,N/A,,,DAGU Item:68314
678f2bf7-268d-48ff-bed7-707c9545c3ca,,,"Laboratory Supplies Stool Specimen Container disposable, polypropylene, with Cover",,Medical supply,N/A,,,DAGU Item:68316
f0f512ce-14b0-4616-9e10-fbc413f3ac54,,,Weighing paper disposable,,Medical supply,N/A,,,DAGU Item:68324
553d3738-a2d6-49a0-9582-dd4dd9df884a,,,Microscope Slide Frosted 75mmx25mm x 1mm thick,,Medical supply,N/A,,,DAGU Item:68340
6e3532dc-5a87-443e-942e-ac5be1f72d05,,,Gauze Dressing 2 In x 2 In,,Medical supply,N/A,,,DAGU Item:68342
685d2dc1-afcc-449f-b8fe-ce0b5b0baac3,,,"Laboratory Supplies Conical test tube , Graduated 10ml, plastic",,Medical supply,N/A,,,DAGU Item:68351
92101c70-7535-463b-9bd8-516915540313,,,Autoclave Indicator Tape 1.9cm x 5m,,Medical supply,N/A,,,DAGU Item:68367
f2285b2c-9f1a-47fc-8b69-33c20d2d6aa2,,,Gauze Bandage 8cm x 4m,,Medical supply,N/A,,,DAGU Item:68348
464a0aa3-77ba-41fb-8dbf-ad1a4af9b87d,,,Polyamide Monofilament Gauge 0.2(10/0) 38cm on 6mm 3/8 Circle Spatula Single Armed Needle,,Medical supply,N/A,,,DAGU Item:68369
766b0be0-21cd-4bf7-bf16-9c70091a1e1b,,,Pump Breast Manual Plastic 30ml,,Medical supply,N/A,,,DAGU Item:68377
866e60ef-3f45-4f86-a88d-316c7881c5f2,,,Adhesive Plaster Zinc Oxide 2.5 cm x 5 m,,Medical supply,N/A,,,DAGU Item:68349
fa85b9d9-1caf-497b-af8c-d75947b25570,,,Colostomy Bag Adhesive Regulator Closed 25cmx14cm 30mm Opening Pediatric,,Medical supply,N/A,,,DAGU Item:68368
ff9c3c1b-b8cd-43ed-978a-c338d0504189,,,Laboratory disposable plastic citrated ESR graduated pipette tube total length of 200mm and graduation from 0 150mm increment of 1mm,,Medical supply,N/A,,,DAGU Item:68376
b530220f-d4f8-427a-9bfc-448881ec4090,,,Tracheostomy Tube 7.0 mm with 90 curvature armoured with low Pressure Cuff Universal inflation funnel and pilot balloon metallic,,Medical supply,N/A,,,DAGU Item:68370
474e3c3e-4778-4f0f-9f5b-e91c03e02c9e,,,PPIUCD Postpartum CU T 380 A IUD,,Medical supply,N/A,,,DAGU Item:68467
5e2bb5f0-4439-4d10-8eee-03ae17cff108,,,Nelaton Catheter 4CH,,Medical supply,N/A,,,DAGU Item:68545
8185c2d5-b4fe-4c02-8f25-64ccc80b7b87,,,First Responder Trauma Bag,,Medical supply,N/A,,,DAGU Item:68644
a5da18a2-e8ef-4cdd-b631-e8dec445e811,,,Geenius Reader,,Medical supply,N/A,,,DAGU Item:68652
f213d60f-4d2b-4dc6-bba7-01a55a67b665,,,Cannula Nasal Pediatric ( Nasal prong),,Medical supply,N/A,,,DAGU Item:68612
c7d379a8-7458-4aaf-ad80-0e88029b8427,,,First Responder Backpack 50 L TRM 27,,Medical supply,N/A,,,DAGU Item:68643
e6015ae8-3a46-4c61-8d82-932656090e46,,,"Test Tube Plug, Non Sterile, for Centrifuge Tube 5",,Medical supply,N/A,,,DAGU Item:68697
02894717-b0aa-4915-b4ad-0c372ded2909,,,Mersilk Braided Black Gauge 2.0(3/0) 75cm on 26mm 1/2 Circle Cutting Needle,,Medical supply,N/A,,,DAGU Item:68610
bff5abe1-d5b3-48c4-a06f-36514d084670,,,Insertion/removal accessories for implanol For 50 insertion/removal procedures,,Medical supply,N/A,,,DAGU Item:68699
6d01fadd-eed8-42e5-810f-d78d55908ace,,,Mersilk Braided Black Gauge 3.0(2/0) 75cm on 33mm 1/2 Circle Cutting Needle,,Medical supply,N/A,,,DAGU Item:68611
1886084c-788e-43cc-9739-7a00be78367a,,,"Paster Transfer Pipet Disposable, 40 ul, Plastic,",,Medical supply,N/A,,,DAGU Item:68826
9d8624eb-b81b-40f7-acc8-8b180f35e27e,,,Blood infusion set for pediatric (Iv Blood transfusion),,Medical supply,N/A,,,DAGU Item:68845
6cc0f3b3-3409-44ea-86ab-b29a646542e9,,,"Prolene Double arm round needle 8/0, 90cm on 17mm",,Medical supply,N/A,,,DAGU Item:68975
552ff6de-fabc-4182-b7cf-e285eaf29ce5,,,Hernia Mesh 11cm x 6cm,,Medical supply,N/A,,,DAGU Item:68978
60b229b1-58a4-4aae-bddd-90565033fdce,,,Surgical Gown small,,Medical supply,N/A,,,DAGU Item:68848
6ab51ac6-1e54-4ea0-aa24-3076702d1570,,,Plastic droper Non sterile 5ml graduated mark with holding size 7ml of liquid with graduated marking in 0.5ml increments,,Medical supply,N/A,,,DAGU Item:68856
275ed641-70e0-4d56-bc0f-4198af4ac60a,,,Tracheostomy Tube 2.0 mm with 90 curvature armoured with low Pressure Cuff Universal inflation fun,,Medical supply,N/A,,,DAGU Item:68977
3078dada-c63c-420e-a821-d22fd1e0f74f,,,Surgical Gown Medium,,Medical supply,N/A,,,DAGU Item:68847
a1328bbf-20fa-412c-b5a3-c8b54e40387c,,,oxygen Nasal cannula(prong) Neonatal,,Medical supply,N/A,,,DAGU Item:68976
e0f42b8a-12c7-4155-8ac1-051007c7997b,,,"Prolene Double arm round needle 10/0, 90cm on 17mm",,Medical supply,N/A,,,DAGU Item:68973
f4bb7d9c-758c-4afc-878d-b366f4e1b43c,,,Hernia Mesh 15cm x 15cm,,Medical supply,N/A,,,DAGU Item:68979
430ed055-28ce-4d1c-935f-2adeeb14072a,,,"Prolene Double arm round needle 9/0, 90cm on 17mm",,Medical supply,N/A,,,DAGU Item:68974
56f1b072-48a3-4f4d-936f-fa53da0fd110,,,Mask Of N95,,Medical supply,N/A,,,DAGU Item:4896
cae1db50-6f04-4334-9e8b-926e540e1b74,,,Micropippette tips 100 1000 microlitre Blue,,Medical supply,N/A,,,DAGU Item:6142
f9584d91-7703-443d-829f-62be8e999d1e,,,Ambu Bag neonatal,,Medical supply,N/A,,,DAGU Item:50917
3df86b64-8d48-4cd4-a3ea-4e67022e5d4c,,,Naso Gastric Tube Sterile Adult 18CH,,Medical supply,N/A,,,DAGU Item:54422
d47ae9b5-fda2-48bd-b029-f85f1b79d29d,,,Naso Gastric Tube Sterile Infant 8CH,,Medical supply,N/A,,,DAGU Item:54941
faa42730-0c45-49cf-bb8a-92fef2569135,,,Naso Gastric Tube Sterile Infant 4CH,,Medical supply,N/A,,,DAGU Item:54307
391f5c8e-0f6f-448d-8618-2f3956034e92,,,Naso Gastric Tube Sterile Infant 6CH,,Medical supply,N/A,,,DAGU Item:54435
7100b88b-58ae-44f5-a65b-8b89cc0ffc96,,,Naso Gastric Tube Sterile Adult 16CH,,Medical supply,N/A,,,DAGU Item:55819
62e1c70d-df0a-4216-bd9d-c06b4aa84597,,,Pump Breast Manual Plastic 30ml,,Medical supply,N/A,,,DAGU Item:56256
c11efb20-c6a4-44fd-9a16-9f3335b4698d,,,"Google indirect vent,wraparound lens,opticalclass",,Medical supply,N/A,,,DAGU Item:51279
969ac485-cb32-4dce-b2e4-392d617328c1,,,Anti theft lock,,Medical supply,N/A,,,DAGU Item:69060
52682dbe-9f2a-4902-906e-9c844cbbfbdb,,,Plastic Dropper Non sterile Graduated up to 5ml,,Medical supply,N/A,,,DAGU Item:69046
c566909d-1f07-41e7-8926-19bcb50f7842,,,Alinity m Pipette tips 1000micro liter,,Medical supply,N/A,,,DAGU Item:69054
97d37a5f-311e-455a-96de-d5cd3e6e774b,,,Alinity m IRU waste container,,Medical supply,N/A,,,DAGU Item:69056
1ef651f8-9048-4b3b-8c07-b040a78c30c5,,,Power Cable (EU) IEC Couple C13/C14/220v,,Medical supply,N/A,,,DAGU Item:69059
9f86236b-e83a-411c-85ec-2321bbe848f9,,,Geenius soft ware with AFP/ manual OUS,,Medical supply,N/A,,,DAGU Item:69058
50cb0f0e-e667-4281-8582-cc9ec79d13c6,,,Alinity m Pipette tips 50 micro litter,,Medical supply,N/A,,,DAGU Item:69053
796ab3b1-cdc8-4063-aeb7-64e474e466b7,,,Alinity m Amplified waste container,,Medical supply,N/A,,,DAGU Item:69055
5cfae197-dd3a-48c7-a1ea-512f76facbad,,,Catheter Folley silconized latex 5 15ml balloon sterile three ways size 14CH,,Medical supply,N/A,,,DAGU Item:5493
3835b4e4-0c9c-424d-9674-c470f2708596,,,Cotton Absorbant 100gm,,Medical supply,N/A,,,DAGU Item:3729
dc6679c2-8846-4309-9e45-8d2e59e139af,,,Roche Cell Collection medium,,Medical supply,N/A,,,DAGU Item:69097
bb5e5178-78a1-40bb-a846-694f051f8570,,,Pipette 60 set for TB LaMP,,Medical supply,N/A,,,DAGU Item:69105
dabcadae-4358-4fbd-a064-60db85b378af,,,Laboratory Equipment kit v4,,Medical supply,N/A,,,DAGU Item:69106
9e767aec-51a0-4af2-aa1d-624f00a7619e,,,DxC 700 AU/ Unicel DxI 800 Cuvette 5x5mm,,Medical supply,N/A,,,DAGU Item:69120