Uuid,Void/Retire,Short name:en,Fully specified name:en,Fully specified name:fr,Data class,Data Type,Members,_order:500,_version:1
c94e682e-6ceb-4f7b-a782-7df1dcd04dbe,,,Medical Supply Items,,ConvSet,N/A,,,2
40093985-8307-44cc-b801-413bf1f23cfd,,,Condoms (Male),,Medical supply,N/A,,,2
16dbd5fc-d5c1-4b4f-a021-1d0781a083ad,,,Absorbable Gelatin Sponge (Medical Supply),,Medical supply,N/A,,,2
9caf93a6-26e8-4ff9-a666-a02e8ddddd61,,,Condoms (Female),,Medical supply,N/A,,,2
f565793c-35d6-4437-9b62-4719b0a99199,,,Centrifuge Tube 50ml,,Medical supply,N/A,,,2
8c5d61d0-e537-49ae-915b-3ff3b5c0eb8a,,,Pipette Multi Channel,,Medical supply,N/A,,,2
09940bb3-29a5-4af8-8fae-4b742e177bba,,,Thermal Paper ,,Medical supply,N/A,,,2
25516726-066a-492f-8f51-9d9d861d236d,,,"Pasteur Pipette 3 ml, graduated",,Medical supply,N/A,,,2
b547f01a-27b6-4c52-b63d-8597ce0b0ede,,,Urine Collecting Bag Pieces,,Medical supply,N/A,,,2
e43fe0e1-c9e2-4b6b-919a-1e53ef433ff5,,,Apron Cotton,,Medical supply,N/A,,,2
e892339c-75b1-40a5-a514-209450963631,,,Disposable Syringe 2ml with needle 21G,,Medical supply,N/A,,,2
1879105f-0bfd-4d5c-a600-1a42ff3193e0,,,Disposable Syringe 5ml with needle 21G,,Medical supply,N/A,,,2
8c21ba89-9eca-4507-8125-75ba4e60727d,,,Examination Glove Latex Medium Size,,Medical supply,N/A,,,2
38c1a792-3fac-4f82-a5ec-89ffb3f79a44,,,Gauze Bandage 7.5cm x 5m,,Medical supply,N/A,,,2
52e4ab13-074d-49a1-977c-055e68960e50,,,Incinerator Plastic Bin of 22 Liter,,Medical supply,N/A,,,2
1fcecf77-0d11-436f-8243-accfbd4c11bb,,,Safety Box,,Medical supply,N/A,,,2
25be158b-e94c-4d7b-b8d8-ca459a409a24,,,Surgical Glove Sterial Latex No. 7.5,,Medical supply,N/A,,,2
c2d2d137-150d-4228-8d2d-aea666c14615,,,Biohazard Bags 8x12,,Medical supply,N/A,,,2
2ba57497-32db-49fd-a86c-10322e3948ce,,,Heavy Duty Glove large,,Medical supply,N/A,,,2
5b821ff6-d880-48b8-921b-08f5e4b0457c,,,Plastic Sheet Drawer 20m,,Medical supply,N/A,,,2
f85fa003-66d9-4562-b3c6-26834cd1c57e,,,Biohazard Bags ,,Medical supply,N/A,,,2
e82e5cc1-29ce-4f90-9d06-397af40b379e,,,Eye Goggle,,Medical supply,N/A,,,2
329ee741-516c-42cd-ba1a-f5c1cd549431,,,Face Mask Surgical,,Medical supply,N/A,,,2
4bf7c327-eda1-479f-865b-88854fc55939,,,Auto Disposable Syringe 2ml with Needle 21G of 100,,Medical supply,N/A,,,2
e0f92c9d-5cb2-4056-bff4-cb2ca36e9577,,,Toilet Tisue 100gm,,Medical supply,N/A,,,2
5f3b6994-6c90-4369-82a0-ec05a5884b32,,,Umblical Medium size,,Medical supply,N/A,,,2
ade5c110-6fa7-43de-a9f7-2b4f91be6ed3,,,Community Home Based Care Bag,,Medical supply,N/A,,,2
0c3145d2-c91c-4991-a0e9-8ae46eeeeae7,,,Adhesive Cover (Optical ),,Medical supply,N/A,,,2
edc02b08-d18a-49e0-a1c4-f81709ad9471,,,Micro Tube Centrifuge 1.5ml Sterial,,Medical supply,N/A,,,2
b02f9a79-2082-4e2f-b9fb-a7b95cf38d51,,,Combitip Plus Adapter 25ml,,Medical supply,N/A,,,2
4c48353f-06b9-4979-8ec1-2c6305012cef,,,Apron Plastic Reusable Autoclavable blue,,Medical supply,N/A,,,2
2b2f39c8-f99b-4449-8493-e2ffdfb3f4eb,,,Probe Cleaning Filter,,Medical supply,N/A,,,2
aa4ed269-e720-415f-a34d-28e96dfb04ee,,,Cryogenic Vial Of 450,,Medical supply,N/A,,,2
2139d472-4f8e-4839-a2bf-60dabe9e27a7,,,Syringe(AD) 5ml with needle 21G,,Medical supply,N/A,,,2
178a19c8-a7c8-40a3-8051-09c8db420b0d,,,Condoms Male Latex length 180mm width 53mm,,Medical supply,N/A,,,2
fb0d4614-7fc6-471c-88c4-444b00e37e3e,,,Biohazard Bags Yellow 255 X 355mm,,Medical supply,N/A,,,2
a03e9ae1-aaed-4e74-9670-497b061e2e99,,,Infusion Giving Set,,Medical supply,N/A,,,2
879e0e4b-aff0-4998-b53f-103f53019516,,,Torniquate Rubber,,Medical supply,N/A,,,2
99aef86b-2b02-45ef-a59d-5122e32923e7,,,Examination Glove Latex Large Size,,Medical supply,N/A,,,2
ba31c676-8709-4016-b285-9e07ef5c56a3,,,Lab Marker Extra Fine Tips,,Medical supply,N/A,,,2
32135049-ce42-4494-ba32-618e06d54f47,,,BD Syringe 5ml with out needle 21G,,Medical supply,N/A,,,2
43faf159-0595-4d6c-8e4e-a2f09e7a7e57,,,Plastic Table Sheet 20 meter,,Medical supply,N/A,,,2
7bad0062-8844-47e1-93ae-6fcb19e507f5,,,Disposable Syringe 10ml without Needle,,Medical supply,N/A,,,2
b0f9811a-d741-4c45-8a93-2fd2c946cb44,,,BD Vacutainer Needle 21 G,,Medical supply,N/A,,,2
de2195da-fa55-458b-a55a-fc445329eb3f,,,Hemocytometer ,,Medical supply,N/A,,,2
e768eb6c-bc81-4ce7-b965-9008fb5ace6a,,,Hygrometer,,Medical supply,N/A,,,2
6e736191-d5a4-42c5-b2a9-1b30c63f85c2,,,Laboratory Consumable Bundle,,Medical supply,N/A,,,2
a9e75789-9023-49f7-9972-f439bf4b81c7,,,"Blood Collection Tube K3 EDTA, 3ml",,Medical supply,N/A,,,2
1d9efe83-428a-40b0-963e-5f49ee444640,,,Cotton (Sanitary),,Medical supply,N/A,,,2
f86cad7e-bf81-440f-a78a-60438cd7b9a6,,,Tube Culture NS 12X75mm,,Medical supply,N/A,,,2
7479efa6-67dd-4da3-b966-1d67507e2e11,,,Round Bottom 12 x 75 mm,,Medical supply,N/A,,,2
dc5ebad7-9678-4e38-8219-d1fe1e3b84e0,,,Combitip Plus Sterile 25 ml,,Medical supply,N/A,,,2
c69157f9-a641-4e70-89e2-323710cdc86b,,,Combitip Plus Sterile 10 ml,,Medical supply,N/A,,,2
95feaeb5-4174-4b2d-a3c2-9e69a89549d1,,,"Disposable Syringe 2ml with needle, 22G",,Medical supply,N/A,,,2
3bb4d0b2-5b19-4db7-9374-a1ac7908e7b1,,,Disposable Syringe 5ml with needle,,Medical supply,N/A,,,2
a9a54489-5e1c-4991-9698-1850b9420c07,,,Adhesive Plaster Zinc Oxide Size 7.5cm X 10m,,Medical supply,N/A,,,2
1d2634c0-617d-430a-92ed-a9f3bf3ce676,,,Adhesive Plaster Zinc Oxide Size 5cm X 10m,,Medical supply,N/A,,,2
25126508-4552-4366-bb38-bc8f3841efdb,,,Applicator Wooden Stick 15cm Long x diam. 2.5mm with Cotton,,Medical supply,N/A,,,2
510bb373-82ae-4924-8fbe-950c0aa12db1,,,Apron Plastic Protection Against Chemicals Resistant To Most Acids Adult Size,,Medical supply,N/A,,,2
cba64c5b-6473-4e4b-8e40-c1b5a6e6b40e,,,Cannula Intravenous Set (IV Cannula) 24G,,Medical supply,N/A,,,2
6563551b-edff-49c1-bdec-7f5aea92a808,,,Cannula Intravenous Set (IV Cannula) 22G,,Medical supply,N/A,,,2
504f23a5-f1fb-425a-962d-bf605e19afb1,,,Cannula Intravenous Set (IV Cannula) 20G,,Medical supply,N/A,,,2
6c39ce2e-b28b-46fc-86f8-ea45d054814c,,,Cannula Intravenous Set (IV Cannula) 18G,,Medical supply,N/A,,,2
559aaca2-0546-457a-a284-7db5f594f7a3,,,"Disposable Syringe 3 parts , 10ml with 21G needle",,Medical supply,N/A,,,2
3f26e88e-58cf-4625-aa6f-adb27772e7bb,,,"Disposable Syringe 3 parts , 3ml with 21G needle",,Medical supply,N/A,,,2
cdd3dc43-53a7-4ed0-b3eb-5853fcaee8fd,,,"Disposable Syringe 3 parts , 5ml with 20G needle",,Medical supply,N/A,,,2
17e86e25-f319-4b4b-ba9a-9576615405f3,,,"Disposable Syringe 3 parts , 5ml with 21G needle",,Medical supply,N/A,,,2
22c1c822-1da7-4c0d-9ce6-ea931b57200f,,,Tongue Depressor wooden,,Medical supply,N/A,,,2
472a416b-62fb-4352-9e49-cdc32d3b15ad,,,Torniquate of double belt,,Medical supply,N/A,,,2
2d9a67bf-6f98-41c8-ae34-abdcf2c6b63b,,,Triangular Bandage size 96*96*136cm,,Medical supply,N/A,,,2
5194f1d1-d6ba-4a0a-bf22-b5037656c886,,,Centrifuge Tube Glass Graduated 15ml,,Medical supply,N/A,,,2
d4a68a06-9f19-48bf-a6b9-7dbce364119c,,,Examination Glove latex non sterile Large,,Medical supply,N/A,,,2
a01f7aa9-12be-48e1-be2f-3e059fc94c74,,,Gauze Bandage 10cm x 5m,,Medical supply,N/A,,,2
51f1538e-195c-4646-83d6-ffae7532d978,,,Ear Syringe 100ml metal complete in set stainless steel,,Medical supply,N/A,,,2
f0ab999f-b4fd-4d7b-9a17-602e15ee91df,,,Gauze Bandage B/P Mesh 28 x 24 size 7.5cm x 5m,,Medical supply,N/A,,,2
e37183b0-0f80-46e8-badd-dc1e1eb69611,,,Gauze Bandage B/P Mesh 28 x 24 size 12.5cm x 5m,,Medical supply,N/A,,,2
e861ecc7-31d0-459a-ac3c-a833ba0cfa4d,,,Gauze Surgical 90cm x 100m,,Medical supply,N/A,,,2
fd1adfdc-fd0f-4362-98fd-bd02e68a776d,,,Heavy Duty Glove Rubber Resistance to Chemical (Large) Size,,Medical supply,N/A,,,2
d5c0c2c8-e8a7-47ae-85fe-a7ca1c89ba81,,,"Insulin Syringe ,100iu/ml, 1ml with 29G needle, disposable",,Medical supply,N/A,,,2
087c847c-55b1-4843-be04-f2ca2758caad,,,Examination Glove Latex disposable Non Sterile Medium size,,Medical supply,N/A,,,2
f149691f-5e9c-4673-b84d-641816013ca3,,,Surgical Glove sterile Latex No. 7,,Medical supply,N/A,,,2
15b2a8a6-72c1-4e7a-af8c-f29d3d98bd54,,,Paraffin Gauze 10cm x 10cm,,Medical supply,N/A,,,2
3fb43de3-c636-4779-9787-b8ad58f17351,,,Plaster Of Paris (P.O.P) 10cm x 3m,,Medical supply,N/A,,,2
5522ecd4-ac40-46ec-ba84-2e46f0499ddd,,,Plaster Of Paris (P.O.P) 15cm x 3m,,Medical supply,N/A,,,2
70e804b9-a5f8-4576-b0cb-162c35167bef,,,Plaster Of Paris (P.O.P) 15 cm x 3m,,Medical supply,N/A,,,2
cf8b316e-e9a4-480e-95d6-974d770d6036,,,Suction Catheter transparent with funnel silconized adult size(Sterile) for single use,,Medical supply,N/A,,,2
c816fb29-df55-42aa-a1bb-289539d08dcc,,,Silconized Cannula with 30cm extension tube steile 23chg of 100's,,Medical supply,N/A,,,2
f5656e9b-d13c-4818-9ad1-ad6e48d0e6f4,,,Silconized Cannula with 30cm extension tube steile 25chg of 100's,,Medical supply,N/A,,,2
3ce94f9b-61e5-4084-92bc-6ce9a4ab0663,,,Umblical Clamp 5.3cm Sterile,,Medical supply,N/A,,,2
443f666a-8efe-411e-9c54-5bad0f1b041c,,,Centrifuge Tube ungraduated Xonical,,Medical supply,N/A,,,2
0c04248d-666e-48af-887e-5b9d1ce64a09,,,"Centrifuge Tube round bottom ,ungraduated 1.2mm x 100 x 16mm",,Medical supply,N/A,,,2
d9e49ab0-67e1-4672-a670-4c6cf6296c92,,,Blood Collecting Bag,,Medical supply,N/A,,,2
8404cf0d-1f02-4594-8117-f637c5042720,,,Apron Plastics,,Medical supply,N/A,,,2
4842ec29-8a93-40a0-97bc-0a3b45c18318,,,Cannula Intravenous Set (IV Cannula) 16G,,Medical supply,N/A,,,2
89f8cb37-f5b7-4c09-9479-ea6d49ded925,,,Sheets Vinyl size 18cmx91cm,,Medical supply,N/A,,,2
352993c9-35c5-44bb-bcfa-c8f45f14eed9,,,Scalp Vein Winged Infusion Set 23G,,Medical supply,N/A,,,2
a0249688-86ab-47a7-9d45-e8cae6b686f9,,,Scalp Vein Winged Infusion Set 25G,,Medical supply,N/A,,,2
f849964f-3655-4906-a0c3-d26d10afd549,,,Surgical Glove No.7.5,,Medical supply,N/A,,,2
0dbb32e2-3fb4-4f75-89d4-96675808a5c3,,,Gauze Dress 3x4.1 yrd Non sterile Roll,,Medical supply,N/A,,,2
50d4588f-4d06-4b56-809d-668814ecd630,,,Humidity Indicating Cards,,Medical supply,N/A,,,2
6d02ff8e-fbf9-40f4-8505-8c0953db74f6,,,Aluminum Foil 37.5 (Diamond),,Medical supply,N/A,,,2
4f3fa423-ad3d-48cb-ac5e-7a29266bdf63,,,BD Microtainer Tube K2EDTA 250 500 µl.,,Medical supply,N/A,,,2
4089abd5-bb86-4ff2-a92a-d1d27e78946f,,,Absorbent Underpads,,Medical supply,N/A,,,2
33ca1934-2540-434e-8770-9e92f2f92fd5,,,Bottle and Cap (EV 431),,Medical supply,N/A,,,2
d6346810-55ae-42d9-97e4-da3aea2cfb25,,,Disposable Syringe 10ml with Needle,,Medical supply,N/A,,,2
6f5cbeb4-f3ba-49d8-ade0-88f406323262,,,"Gauze Swab 10cmx 10cm , 6 plys sterial",,Medical supply,N/A,,,2
4a387759-db82-47c7-a8f2-f7fbf86d31eb,,,Gauze Bandage 18cm x 5m mesh 28 x 24,,Medical supply,N/A,,,2
b94d88d2-ec16-4ded-9dc2-b1e89fcfd4e8,,,Sharp Container,,Medical supply,N/A,,,2
c8824c22-ce8b-4275-aba6-db5ce8b95d19,,,Lense Cleancing Tissue,,Medical supply,N/A,,,2
f245c45e-b0c1-4436-b272-6aa0a5e97fff,,,Adhesive Tape 5cmx9cm,,Medical supply,N/A,,,2
5a9cde15-7e8d-49f7-8e13-cc4a2f7b5c29,,,Pasteur Pipette 3 ml,,Medical supply,N/A,,,2
f61bfc37-2642-4cdc-8b97-dabd0c2ea2a3,,,"Cat Gut Chromic 3.5 (2/0), 75 cm HR 38 1/2 C.R.B 38mm heavy needle 334",,Medical supply,N/A,,,2
8ee5f563-a968-475e-b94a-37d5e46fada3,,,Biohazard Bags 24x36 of 200,,Medical supply,N/A,,,2
4e436f80-fe74-498b-b76d-b18bcf7b4534,,,Auto Disposable Syringe 10ml with needle 21G,,Medical supply,N/A,,,2
ff2f3409-17c4-40b4-a091-204d24c7d78c,,,Sputem Cup,,Medical supply,N/A,,,2
99749a72-76cc-4c3f-80e2-ccda4db02104,,,Microscope Slide 76mm x 26mm of 50,,Medical supply,N/A,,,2
e8603940-0bc9-4d6a-a642-691455c757c2,,,"Blood Lancets, Disposable Sterile",,Medical supply,N/A,,,2
8d17031a-9f08-412e-9b0b-ec9c44ffd4b6,,,Asucryl Synthetic Absorbable Braided Violet (PGA) 2/0 75cm on TS27 3/8C Rev.cutting 27mm 4575,,Medical supply,N/A,,,2
d059ae57-eab8-46d2-adb1-429a8bf8c2e7,,,"Polyamide Monofilament Gauge 0.2 (10/0) 30cm TRM 5 curved, 5mm long R>B. (taper) 100microns, micropoint 543360 dozen",,Medical supply,N/A,,,2
594fc42b-8c84-4585-a549-129318096ad3,,,Infant Feeding Tube No.8,,Medical supply,N/A,,,2
78fb8047-11fc-4b33-8331-0bb9d098a25a,,,Rectal Catheter No. 28,,Medical supply,N/A,,,2
fd2f28b1-88f7-4184-aecb-03296fb661ea,,,Rectal Catheter No. 30,,Medical supply,N/A,,,2
63ae8d1f-9e82-4d9e-9f39-653bdad21000,,,Suction Catheter No.6,,Medical supply,N/A,,,2
b2329423-5fbd-4a82-adf8-204177dadb63,,,Suction Catheter No.8,,Medical supply,N/A,,,2
c94f8f8a-e392-4cbd-a8c4-cacfbcd57d6d,,,Suction Catheter with Xroline No.28,,Medical supply,N/A,,,2
84fe20aa-29a6-4d2c-8d70-af6ed03d63c4,,,Suction Catheter with Xroline No.4,,Medical supply,N/A,,,2
fd433b4a-647f-433b-970c-31cdc34fb5f3,,,Suction Catheter with Xroline No.6,,Medical supply,N/A,,,2
90ac81c2-9cdc-4a39-8f3b-73444c65aa21,,,Suction Catheter with Xroline No.8,,Medical supply,N/A,,,2
dff94494-91e4-4a5a-a7dd-f0b910b8e63c,,,Suction Catheter with Xroline No.23,,Medical supply,N/A,,,2
751b8dff-2b45-47be-b8b5-bb9e431677e7,,,Disposable Syringe 50ml with Needle,,Medical supply,N/A,,,2
11ded67e-654e-42c8-bbd2-c1c2ef3f84fc,,,Gauze Bandage 5cm x 5m,,Medical supply,N/A,,,2
41352c40-341d-4d65-8367-a99468650782,,,Surge Protector,,Medical supply,N/A,,,2
f05123eb-dd6d-46fc-bcc3-797effe57542,,,Auto Disposable Syringe 1ml with needle,,Medical supply,N/A,,,2
35d52d98-ddf9-47cf-9c88-b82f1d8e42bf,,,Gauze Non Sterile 90cm x 90m,,Medical supply,N/A,,,2
b7198c08-8a58-461e-b5df-53774f7414e3,,,Dental Needle Steralized 0.4 x42mm,,Medical supply,N/A,,,2
5f45dec2-3399-41e5-b281-bd10f8b82954,,,Goggles For Delivery Room,,Medical supply,N/A,,,2
10446603-2e4e-4bf8-bc54-9ffc7abd4cfe,,,Sample Cups For Humastar 80,,Medical supply,N/A,,,2
4d17390d-136c-40b8-bc2a-61dcadd8961d,,,Auto Disposable Syringe 5ML detachable needle 23G,,Medical supply,N/A,,,2
dddbb68d-725a-4703-8de0-7ad96a9b69f1,,,"Surgical Glove Sterile, Latex No 6.5",,Medical supply,N/A,,,2
bc7a0735-68c2-40af-9e85-0551628a4556,,,Cat Gut Chromic 3.0(3/0) 75cm on 18 20mm 1/2circle Round Bodied Needle 2234,,Medical supply,N/A,,,2
5387ec31-88a2-4c7b-a976-bee13c2042ff,,,Cover Slide 22x22mm Thickness 13 mm,,Medical supply,N/A,,,2
74aa7b62-ef6d-4457-8288-862f029b357f,,,Disposable Syringe 1ml,,Medical supply,N/A,,,2
3fbf1514-8060-416e-bc37-24e69d5e6586,,,BD Syringe 1ml,,Medical supply,N/A,,,2
e7f4308f-1e36-4973-b73c-2b92e108fd5f,,,Mosquito Bednet 160x180x150,,Medical supply,N/A,,,2
82b7a5da-1ed7-4b0e-b058-c467abe93bc3,,,Water Proof Plaster,,Medical supply,N/A,,,2
c7a4a8a6-10c4-47cf-b619-028d3d3df5bb,,,Recording Galss Strying 2ml,,Medical supply,N/A,,,2
74361113-5c27-44bd-8476-e30bde93f87d,,,Endotracheal Tube sterile CH 9,,Medical supply,N/A,,,2
4dc3cc2d-d2e9-4166-a173-5ee6ddad2bc5,,,"Gauze Swab 19cm x15cm, 40/40""",,Medical supply,N/A,,,2
c5e3726a-a3c7-4275-b386-97109280dedf,,,"Ambu Bag pedaiatrics, silicon Rubber",,Medical supply,N/A,,,2
070f0933-347a-4285-b1c5-0aad60a53bd0,,,Ambu Bag Adult Large,,Medical supply,N/A,,,2
ceac1f92-418d-4817-8168-0f6a045fcc9d,,,Simpson Obstetric Forceps 30cc ss,,Medical supply,N/A,,,2
ae4fcd3f-78db-4c3e-badb-632c54a4805b,,,Measuring Tape Flexable 1.5m Vinyl Coated Fibregl,,Medical supply,N/A,,,2
829d8fa5-d5d3-47e7-a400-804d0d2f9b24,,,Zinc Oxide Plaster 7.5cm x 5,,Medical supply,N/A,,,2
27fbe001-7092-4f98-8825-b521d8c73cd5,,,Pasteur Pipette Non Ggraduated,,Medical supply,N/A,,,2
14c38162-0c84-4af7-ba7a-3d27df4c1f1b,,,Biohazard Bags Autoclave 38x48,,Medical supply,N/A,,,2
b6256f85-46f2-485f-a8e6-c7d644ddbca7,,,Insulin Syringe 0.3ml 100ul/ml i think its 0.1ml,,Medical supply,N/A,,,2
6c9db0ff-99f5-4cf1-a9a8-d04b42c7e8b5,,,Auto Disposable Syringe 0.5ml with Fixed needle 23 G,,Medical supply,N/A,,,2
e2b625e7-9f61-4580-b97b-585ad8679839,,,Torniquate,,Medical supply,N/A,,,2
4aafb8af-f227-4304-9946-91542165b2b7,,,Sputem Cup Stainless steel 60ml,,Medical supply,N/A,,,2
7c4aaf57-812b-43c2-b21b-a99ebd4b5780,,,Mop Scuizer,,Medical supply,N/A,,,2
22e7a90f-8205-4f28-b47d-4232bf2d37e4,,,Self Adhering Label Tape Yellow,,Medical supply,N/A,,,2
c1c29c62-4b06-47ac-b419-e88301f1407a,,,Plastic Bed Sheet,,Medical supply,N/A,,,2
1bb3c88c-8fa0-4b7f-bff5-7930db121edf,,,"Insulin Syringe For single use, 0.1ml ,8mm/30G,U 100, Eng+4 Nordic languages",,Medical supply,N/A,,,2
a64c58a4-2f55-4762-932d-ef4803755d0a,,,"Insulin Syringe For single use, 0.3ml ,6mm/30G,U 100 Euro languages",,Medical supply,N/A,,,2
06a3a5e3-c0d4-453a-9c67-236aa94ef624,,,Superpath Preservative Fluid,,Medical supply,N/A,,,2
262cfabc-bb9a-4252-974a-3367a5b9691b,,,Cryogenic Vial 1.5ml (Nuc Tube),,Medical supply,N/A,,,2
8e75a633-9840-4eac-b3d7-7e871dd34bae,,,Absorbent Pad With Plastic Backing 17x24 Inch,,Medical supply,N/A,,,2
ee64a0a7-af69-4739-80e8-7932bbee1f55,,,Catheter Metal Femail 15.5cm Channel 12,,Medical supply,N/A,,,2
9fabdf1f-eb37-4b73-a013-1a1201a8ddbe,,,Disposable Syringe 2ml Without Needle,,Medical supply,N/A,,,2
b58c52d0-515b-4e4a-a62a-5db874f2d59d,,,Self Adhering Label Tape Red,,Medical supply,N/A,,,2
396d5b8b-fe84-4a08-a9ae-067d20d0b972,,,Self Adhering Label Tape blue,,Medical supply,N/A,,,2
7df8e029-f14f-4be6-ace3-d1f1c9a2eb30,,,Microscope Slide 25x75mm,,Medical supply,N/A,,,2
c9727596-07b1-4a26-b562-075a5e125fbb,,,"BD Vacutainer Tubes PLK2 E 4ml,7.2mg plus",,Medical supply,N/A,,,2
d2b52f86-0ba5-49d3-bebd-1d3bf698c437,,,Marker,,Medical supply,N/A,,,2
824e3b5d-0da4-4297-98e7-cb02ea78f096,,,Pipette Tips 200UL White,,Medical supply,N/A,,,2
2754e39d-cd39-4f2a-a32e-d130b1a0d3a7,,,"Urine Collecting Bag 1500 ml, sterilized",,Medical supply,N/A,,,2
c6d781e6-2244-4266-95b2-f4164dd45ea7,,,Syringe(AD) 1ml,,Medical supply,N/A,,,2
93ab5836-8bc1-45eb-852e-1d1ff9cd9ccb,,,Combitip Plus 25ml,,Medical supply,N/A,,,2
5a51a8b9-9646-474f-b930-ef1a7d26deea,,,Ear Syringe 65ml Rubber,,Medical supply,N/A,,,2
eadb7bdd-4b9b-4bf0-92ae-200dc3d08d3b,,,Infectious Waste Container,,Medical supply,N/A,,,2
c29c3f65-83fa-4150-8798-24f40bbc54ca,,,Dental Needle 27g long,,Medical supply,N/A,,,2
53593095-1012-4c46-b612-4e6f7ae32532,,,Stool Specimen Container Disposable of Polypropylene with Cover,,Medical supply,N/A,,,2
1de55c00-58fa-458d-8a2d-9af046bf1239,,,Face Shield Guardall,,Medical supply,N/A,,,2
a82c4e7f-2a13-4887-bd00-f3a604df32f2,,,BD Vacutainer Needle Safe Lock 23G,,Medical supply,N/A,,,2
97925592-6da5-4c33-9599-71e1d6c0b312,,,Gauze Bandage 8cm x 5cm,,Medical supply,N/A,,,2
4ce01bbf-bf66-4959-bf08-7699b9b88b17,,,Gauze Bandage 10cm x 300cm,,Medical supply,N/A,,,2
7120e9f6-7344-475c-876b-42d5c5569646,,,Hypoallergenes Klebevies 15cmx10m,,Medical supply,N/A,,,2
c4ffaad9-f1cb-40b4-a16c-98de1d9ec406,,,MC3 A ECG SCOPE,,Medical supply,N/A,,,2
9801adcd-7bf8-46f9-ad9f-0f1c8d1b723d,,,MC3 ECG SCOPE,,Medical supply,N/A,,,2
16ffda63-319d-4467-a18e-7cf481dc73e4,,,New Emergency Health Kit Supply 2 Equipment,,Medical supply,N/A,,,2
0fc2c6bf-d7a2-4c27-9ce2-5d55eeb8a9be,,,Pipette,,Medical supply,N/A,,,2
c7bcfdca-23ad-40c4-8eb5-c4ffccb99dee,,,Vacume Jar,,Medical supply,N/A,,,2
0eed2ffa-e6c9-46ef-a472-ce6cdaae1b1a,,,Adhesive Plaster Zinc Oxide 5cmx5cm,,Medical supply,N/A,,,2
ffe09bfe-60b3-4fca-b566-fbdf3e540131,,,Cotton Absorbant 500gm of 20 rolls,,Medical supply,N/A,,,2
7da2e8d3-c8fa-48d8-b847-2787aad24214,,,"Gauze Pad,12ply",,Medical supply,N/A,,,2
7e1b84da-ede8-406a-a6e0-cf26001608db,,,Demo Implants,,Medical supply,N/A,,,2
34d95077-7de5-413e-a64e-fb5ff8233943,,,Umblical Cord Tie 3mmx50 Metter,,Medical supply,N/A,,,2
101eb388-17d0-486a-854d-12393ed6e09a,,,Metal looks like syringe,,Medical supply,N/A,,,2
e5bb4dd3-c090-4072-ab6d-3ed9a34b9418,,,Over All,,Medical supply,N/A,,,2
5ee4abde-a323-4828-9579-65dd6ea50f85,,,Safety Goggles,,Medical supply,N/A,,,2
14dcf442-e4bf-43a9-bfb2-77474cac58fb,,,Helmet (Medical Supply),,Medical supply,N/A,,,2
86f9ba0a-b1fe-4b06-a72b-b5f0ec0e83ea,,,Glove,,Medical supply,N/A,,,2
533cd185-f825-48ff-8b94-ba0e2c16992c,,,Chemical Mask Double filter,,Medical supply,N/A,,,2
9b08d653-0538-4b18-8f03-abf25566e003,,,Jar for pick up forceps,,Medical supply,N/A,,,2
4093aa8c-5247-457c-ba42-cbd9dafd93fa,,,Rectal Catheter No.16,,Medical supply,N/A,,,2
db154d4c-096a-40ec-b7d3-0f4c342e30fc,,,Drugs And Medical Supplies for health post ( eight different items ),,Medical supply,N/A,,,2
53ac534a-7ce1-48dc-a856-cea8229703af,,,Gauze Bandage 4m long,,Medical supply,N/A,,,2
d93a064b-c86c-473d-8f65-8057e0838847,,,Catheter Metal for female 14cm,,Medical supply,N/A,,,2
a387cab8-9907-4aea-8792-5285fb1f0e70,,,IV Sets For Blood Bag,,Medical supply,N/A,,,2
37fa7b69-5ea8-4a02-97cd-d18b6494f9dc,,,Oral Cleap 1ml,,Medical supply,N/A,,,2
a323eea5-1e07-4d6f-96d1-43c5d06a8c8e,,,Gauze Surgical 90cmx100 yds,,Medical supply,N/A,,,2
a214116e-fd7a-4165-b453-8d7f23b3665c,,,BD Syringe 5ml with needle 21G,,Medical supply,N/A,,,2
7bbae6f4-99de-44be-bbbc-509c9bdc5049,,,Blood Transfusion Set ,,Medical supply,N/A,,,2
0fa531d1-a89e-457c-9a65-f008670f6243,,,Face Mask Pediatric,,Medical supply,N/A,,,2
f90de4b5-6187-4d55-92d2-6679fcf1fa9c,,,Pipette Adjustable 1 100ml,,Medical supply,N/A,,,2
6ded92ef-696d-4181-8507-084f5191b8d8,,,Absorbent Pad with plastic backing 17x19 inch white green diapers 300piecs VWR international LLC,,Medical supply,N/A,,,2
a81bcc20-4c87-44a9-9107-8e8bb9ebe3d4,,,Auto Disposable Syringe 0.05ml with Needle,,Medical supply,N/A,,,2
ab033bba-227e-4f80-b601-ed941d455fb5,,,Disposable Insulin Syringe 30G and 8 mm fixed needle,,Medical supply,N/A,,,2
03ccd8d4-e95b-440d-8e1d-cefcaceb297f,,,Plastic Sheet Drawer 1x1 Meter,,Medical supply,N/A,,,2
26ed309d-462c-48b1-b5c3-793b08b6ecd4,,,Naso Gastric Tube Pediatric size 5,,Medical supply,N/A,,,2
61c8e6f4-2867-4d16-a213-1b6e2e8097ee,,,Suction Tube Disposable,,Medical supply,N/A,,,2
390b8046-cc1c-4ede-bc04-4c5b11696544,,,Suction Catheter transparent with funnel silconized infant size (Sterile) for single use,,Medical supply,N/A,,,2
39af3e42-8f65-48f5-92c8-ff8ec7072fc9,,,Soap 200 230gm,,Medical supply,N/A,,,2
d9a6be5c-95e3-475d-a4a7-9a9027d2ec08,,,"Steel Wire, Softdia 0.2mm 10m",,Medical supply,N/A,,,2
121778ec-0fc0-428a-be79-80b097e1cac5,,,"Steel Wire, Softdia 0.3mm 10m,",,Medical supply,N/A,,,2
2920e511-36ac-4c2e-9405-007d40db436e,,,VWR Sterile Aerosol Pipete tip 1 1000UL of 576,,Medical supply,N/A,,,2
99d193f7-c6da-4054-8436-cf9feafb6122,,,VWR Sterile Aerosol Pipete tip 1 200UL of 960,,Medical supply,N/A,,,2
6e009bca-0796-44a0-a0b5-926e0313df1d,,,"Sulture nonabs,DEC3,need 3/8 30mm trl/box36",,Medical supply,N/A,,,2
c6a650dc-c0d1-4069-ad8d-291b5bde2940,,,"Flow Splitters Four way 2 LPM capacity ub 1/8 LPM increments, 90189099",,Medical supply,N/A,,,2
0d71b50f-6bf5-4473-ac78-617f8130fb64,,,Nasal Prongs,,Medical supply,N/A,,,2
d53dba2f-265d-4677-a381-0419aa4b36c4,,,Nasal Prongs Oxygen Child,,Medical supply,N/A,,,2
1670ffc7-dfc2-4f0b-a0ec-4206893e69dd,,,Vacume Tube 10ml,,Medical supply,N/A,,,2
fce07e23-f0a8-469f-b11a-a06956d72c11,,,Vacume Tube 8ml,,Medical supply,N/A,,,2
6da11e19-f852-4f4c-bb00-3091bfaeada4,,,"Gauze Swab 10cmx 10cm , 8 plysx10pc/bag sterial",,Medical supply,N/A,,,2
9b78a504-c41d-4f05-a573-98aa52ef2fd6,,,BIttke HDPE Square Jug 4L 4Pcs,,Medical supply,N/A,,,2
d36c6e6b-1a2b-4ba5-88e2-c7ef166e9cbd,,,Hemocytometer Improved Neubauer,,Medical supply,N/A,,,2
ed7634eb-197d-4151-8bed-52da04752416,,,Aluminum Foil,,Medical supply,N/A,,,2
7c5d664c-fcf8-409c-84cd-917ef6c83ed6,,,"Microtube 1.5ml sterile screw cap with O RING, PP.",,Medical supply,N/A,,,2
cf59dff1-d1f5-41fc-a8b9-3eaf2f7eb25b,,,Apron Plastics Standard Size,,Medical supply,N/A,,,2
e31e2d70-b18d-4557-8da5-df4199bcafae,,,Doppler Foetal Scope KDM 100,,Medical supply,N/A,,,2
39fb859b-d9e4-46cb-b254-eebe472c3edd,,,Length Board,,Medical supply,N/A,,,2
a42bf00c-6fdf-4ef5-9a55-c375adac4253,,,PIMA Bead Standard,,Medical supply,N/A,,,2
8aaf9c02-6e1a-493e-84c2-24f87402f5cf,,,Pima Analyser,,Medical supply,N/A,,,2
b463fcc3-1627-442b-878c-51d4d61aafdb,,,"Urine Catheter Female ,16cm, Stainless steel",,Medical supply,N/A,,,2
a49d0843-1c48-493f-91f1-e94ef0e16e44,,,Metal Syring (Recording Glass Syringe),,Medical supply,N/A,,,2
9a4f7e8c-47de-4854-989a-3066feb96044,,,Metal Catheter,,Medical supply,N/A,,,2
1d867b1d-e2cf-4e8e-afb6-6f5e5a8cc1ba,,,Dental Needle,,Medical supply,N/A,,,2
d4034011-3999-4f5c-9e33-8cd2f3176ca7,,,Auto Disposable Syringe 0.5ml blister packed 23G,,Medical supply,N/A,,,2
3fdd2c24-c568-4d1a-b5de-3fb7f8ff5967,,,Screw Driver With Screw Holding Sleeve 2.5mm,,Medical supply,N/A,,,2
f27a6d08-52bc-4404-8518-d3f3f9589a9a,,,Cohen Universal Extracting Forceps American Pat.,,Medical supply,N/A,,,2
e1eda87e-d7d9-4941-9740-a49c74dad3d0,,,Seldin Root Elevator Fig 1L,,Medical supply,N/A,,,2
871ca26e-d27a-4bf7-bdea-b759ee9f2b31,,,Sanitary Towel with sticker,,Medical supply,N/A,,,2
0e36565b-37bc-4fbe-aba5-2b86d82b50d1,,,Adhesive Sticky Mat 25.5X45 40 Sheet,,Medical supply,N/A,,,2
cd1a0a73-42c5-4d6f-8b68-4152bf8c74d7,,,"Disposable Syringe (Sterile) 3 Parts, 50ml Luer fitting with 21G 1 & 1/2 Needle",,Medical supply,N/A,,,2
8b4f44c6-587f-40ff-8140-e5742cfb5ea8,,,"Disposable Syringe (Sterile) 3 Parts, 10ml Luer fitting with 21G 1& 1/2 Needle",,Medical supply,N/A,,,2
aec99321-5218-49d9-8904-740c78a3e156,,,Pipette Different Size,,Medical supply,N/A,,,2
bf959848-0030-4433-ac19-5af254c3a310,,,Combitip Plus 28ml,,Medical supply,N/A,,,2
2c794267-4d8b-4e0e-9e9f-82af85bcb329,,,Combitip Plus 10ml,,Medical supply,N/A,,,2
e91f5471-c4f6-42d6-b619-a05a00a68fcb,,,Combitip Plus Adapter 28ml,,Medical supply,N/A,,,2
3d929c3c-4b95-4378-9830-a758927f718b,,,Gauze Bandage 10cm x 4m,,Medical supply,N/A,,,2
a52c18d9-c9d0-4e4f-8780-353dc932129d,,,Aladin Brass Flue 23E60,,Medical supply,N/A,,,2
d5bc66d3-95fc-43d0-a985-f083366ef7b9,,,Centrifuge Tube 5ml,,Medical supply,N/A,,,2
d66346f6-4ac2-402d-ad05-a3992fa56d6d,,,Microscope Lamp,,Medical supply,N/A,,,2
5d0d18c0-d32d-448d-bf2e-42e59e7e89b1,,,Spatula wooden,,Medical supply,N/A,,,2
a1533acf-6cc8-46a5-bd76-3438d3255c46,,,Infusomat space,,Medical supply,N/A,,,2
1251698f-50dc-460e-acbb-7b4e7eacf871,,,Empty kit bag,,Medical supply,N/A,,,2
6ca945cd-4a53-4a9a-a219-632301bfdc70,,,Tray dressing kidney dish small 20cm,,Medical supply,N/A,,,2
d53f68a3-47fa-4cf9-bd5f-20a17f552bde,,,Tag For Refrigerator,,Medical supply,N/A,,,2
d038894e-105c-4c14-a0a4-d3b1c2a64c42,,,Face Mask,,Medical supply,N/A,,,2
782607d7-3b14-4ee1-9f2f-187c29052f56,,,Labsoaker STD 18INX20IN MA,,Medical supply,N/A,,,2
8279048e-3cff-4292-8a8b-78f375812b12,,,Filter Paper Qualitative Whatman type grade 1 diameter 90mm,,Medical supply,N/A,,,2
9919bb9e-0bde-4535-bde2-29ee1e6a8d8c,,,Eye Goggle plastic,,Medical supply,N/A,,,2
f1f9caab-013b-465f-a5db-a9d12363a40d,,,Starting Device 1/4HP,,Medical supply,N/A,,,2
fd478351-111c-4d85-a4b6-37e3156f61d1,,,Starting Device 1/4 Vestfrost MK304,,Medical supply,N/A,,,2
a05f78ed-348f-40ee-ac57-2f160e2424e2,,,Starting Device 1/3HP,,Medical supply,N/A,,,2
7f26ac01-aae8-4b90-97e4-12e7786cd1aa,,,Storage Bag For Specimen,,Medical supply,N/A,,,2
7708e61a-9231-4f85-a379-cd7677d34767,,,ESR pipete,,Medical supply,N/A,,,2
0773b34c-a324-4f8f-b594-ea68b4f35a89,,,Disposable Syringe 3ml with Needle,,Medical supply,N/A,,,2
be40b5cd-f8c3-4dc9-b0e8-a27288b5f1ce,,,Auto Disposable Syringe 0.5ml,,Medical supply,N/A,,,2
bc85b294-89c0-47c2-8574-767450f0c00e,,,Starting Device 117U6015,,Medical supply,N/A,,,2
135ce534-2ad4-4799-8290-6bfe2b52c9ac,,,Fan Jamican KF 1225B1MR R,,Medical supply,N/A,,,2
28887412-a279-46c1-b11b-c48bb2480cf7,,,Microscope Slide frosted ended,,Medical supply,N/A,,,2
54249ca4-f9e7-41d8-9c0d-6f08bf9fab5d,,,PIMA printer paper I,,Medical supply,N/A,,,2
fd342f55-17cd-4645-b37c-9448dedab7a3,,,pill cutter with pill grip,,Medical supply,N/A,,,2
002827e6-b6ee-48b0-8364-fcdb680d0047,,,Palpation moduel for Leopolds,,Medical supply,N/A,,,2
c3714a7d-c303-4e4a-baaf-190cfc71f21f,,,Spinal injection simulator,,Medical supply,N/A,,,2
ddff25e0-3ecc-46ce-b4e9-1b37807d34da,,,"coverall,w/hood,type 4,tight clothing,large(176 182cm)",,Medical supply,N/A,,,2
52f4a0ac-fcfb-42f7-8457-88b0cb780d92,,,"coverall,w/hood,type 4,tight clothing,x large(182 188cm)",,Medical supply,N/A,,,2
3cc26594-e212-4b25-b2bc-365ded5c3b3e,,,"coverall,w/hood,type 4,tight clothing,mediuml(170 176cm)",,Medical supply,N/A,,,2
32e65fea-0aa1-4a34-bf40-e0ff1d1070d0,,,"coverall,w/hood,type 4,tight clothing,small(164 170cm)",,Medical supply,N/A,,,2
b91330ee-6c5a-4282-8c3f-45d880cc5e17,,,NTC Thermister Temperature Probes 15m,,Medical supply,N/A,,,2
1470d04b-233a-4cfb-878b-8183f817aea6,,,Bandage Triangular 96x96x136cm,,Medical supply,N/A,,,2
a6aebbbd-5cbe-4a17-becc-e46a79c24c54,,,Glass Volumetric Transfer Pipette Capacity 10ml,,Medical supply,N/A,,,2
6f1cacf4-fbdd-40e9-9fd9-e193b410fdc6,,,"Conical Centrifuge Tubes Sterile,disposable,15ml",,Medical supply,N/A,,,2
ea1b0f25-8ac5-4001-b76a-0fcee1798e3f,,,Endotracheal Tube Uncuffed,,Medical supply,N/A,,,2
f864a437-ee95-47b2-ba98-e57824b6a86c,,,Slides of Microbiologicaly Prepared of Different Size,,Medical supply,N/A,,,2
469b329e-44ff-445c-a2a1-3d776d8ff90c,,,Specific Gravity Measuring Device Manual,,Medical supply,N/A,,,2
a52246d6-166d-4afa-ba6d-b6f3fae2f4d8,,,Naso Gastric Tube Adult,,Medical supply,N/A,,,2
da5bc514-b709-4fcd-9d00-b131216cbbe0,,,Naso Gastric Tube Pediatrics,,Medical supply,N/A,,,2
d161d41c-6b1a-4eca-8e67-7e2520c1e48f,,,Manual sucker,,Medical supply,N/A,,,2
97da516d-48f1-48db-b676-85de747a2246,,,Micropipette tips 100 1000 microliter,,Medical supply,N/A,,,2
27da450c-6086-4469-a359-f443f3e1d273,,,Female Pelvic Examination Training Model,,Medical supply,N/A,,,2
18699bab-f5d4-4e0e-b25f-b858edac54dd,,,Adult Manikin Male,,Medical supply,N/A,,,2
d0123fb6-4390-4db3-b452-fd38d2b2af9a,,,Adult Manikin Female,,Medical supply,N/A,,,2
31387f0d-3092-4cb3-969d-ea0734612dbb,,,Simulation Model Lumbar Puncture,,Medical supply,N/A,,,2
f14c1396-d1fc-4968-b40b-d97bd20c7f63,,,Membrane box (4 unit) D711 for ABL7XX/8XX,,Medical supply,N/A,,,2
4c00e440-eaed-463d-93f1-0ecbe93331bf,,,Membrane box (4 Units) D722 K For ABL7XX/8XX,,Medical supply,N/A,,,2
1415d791-935f-43b0-bc61-773f08617995,,,Membrane box (4 Units) D733 Ca For ABL7XX/8xx,,Medical supply,N/A,,,2
45352f23-7b65-4de6-8b88-acf0d7bc4c9f,,,Membrane box (4 unit) D788 PCO2 for ABL7xx/8xx,,Medical supply,N/A,,,2
8109f2b0-448b-44eb-8e01-8d99b3ca2d2b,,,Membrane box (4 Units) D7077 Lac For ABL7XX/8XX,,Medical supply,N/A,,,2
bd04f0b7-a75a-4dad-a428-a94fe62aba01,,,Membrane box (4unit) D799 PO2 for ABL7XX/8XX,,Medical supply,N/A,,,2
cd8b46af-d6fa-4e37-86af-bf10bc86f05a,,,Autocheck 5+ level 2 yellow box of 30 ampoules. for AB7XX/8XX S7745,,Medical supply,N/A,,,2
326e4186-aabb-4aff-acb2-2cfdb7968d26,,,Autocheck 5+ level 4 Green box of 30 ampoules S7765,,Medical supply,N/A,,,2
cc0e8b2d-e9d5-4507-be66-987946e315b1,,,Membrane box (4unit) D744 Cl for ABL7XX/8XX,,Medical supply,N/A,,,2
c01067df-67b0-4fff-9ba6-561a061a2552,,,Contour Comparator Disc Nitrite 0 0.4mg/l N,,Medical supply,N/A,,,2
884f3047-2a8e-4ba0-8d34-29a86eda2d1f,,,Contour Comparator Disc Ammonia 0 0.1mg/l N,,Medical supply,N/A,,,2
cc04a8d0-549a-4a41-a6d4-e414cd1f9108,,,Contour Comparator Disc Nitrite 0 15mg/l N,,Medical supply,N/A,,,2
cb4297af-0f13-4000-9e01-2a929e48465b,,,Contour Comparator Disc Fluoride 0 1.5mg/l F,,Medical supply,N/A,,,2
e3963be4-cc2d-47b7-a995-73223d6aba29,,,Membrane box (4 unit) D755 Na for ABL7XX/8XX,,Medical supply,N/A,,,2
eee0f91c-8ae5-4f8a-b891-d4b632f6b762,,,Custodiol Bags E6*1000ml,,Medical supply,N/A,,,2
3864e492-edb9-41b4-b645-c5e211161256,,,ENDOPATH dextrus seal cap Assembly with Accessorie,,Medical supply,N/A,,,2
989b7e88-b3d0-43b4-b121-c37ab9b7c20e,,,Pipette 10ml,,Medical supply,N/A,,,2
cb06235c-fe4f-4733-8d8d-6b7f5f05558c,,,"Umblical catheter,",,Medical supply,N/A,,,2
02fc24d3-d13e-4e07-9c3d-85a6d6217a19,,,Endotracheal Tube Adult and pediatric of 100,,Medical supply,N/A,,,2
9a7a7382-4839-4002-aedc-6f2d28a3bbaa,,,"Book,Malnutriton Screen regist.english",,Medical supply,N/A,,,2
fe569cca-2718-444d-a46a-517980728c9b,,,"TFP Multi chart,A3",,Medical supply,N/A,,,2
d51ef1c2-ecd6-496e-a941-25b9c11f4432,,,Ice Blocks,,Medical supply,N/A,,,2
31c05b87-b1f8-4286-880d-966efb70adc8,,,Flex cable,,Medical supply,N/A,,,2
ced1b38c-c8cb-43ee-a934-734cfd4a9f4c,,,OTP Record card English,,Medical supply,N/A,,,2
60bc8665-b858-4a24-978a-db79a258f8c6,,,Insertion accessory Kit for Implanon,,Medical supply,N/A,,,2
782ce58a-3073-424a-8262-b96a683706eb,,,Gauze Surgical 90cmx100m mesh size 19x15,,Medical supply,N/A,,,2
ab3f4ce9-2e71-4847-8d19-2a2c68420b1c,,,Adult hose,,Medical supply,N/A,,,2
fff6ea8a-0c6c-4994-9692-184bc26146dd,,,Diasaf Plus Filter,,Medical supply,N/A,,,2
96a77f9c-2067-422d-b8a2-77fe68e536f9,,,Starting Device 117U6000,,Medical supply,N/A,,,2
1807b013-3160-4e2f-bde6-3ca5c9eaee4c,,,Starting Device 103N0021 (PTC),,Medical supply,N/A,,,2
b1c0cf2c-915b-407b-b4bb-354fb08095da,,,Sling For Use 100% cotton,,Medical supply,N/A,,,2
13c4a733-ce97-49d7-b291-382998346435,,,Insertion/removal accessories for implanol For 25 insertion/removal procedures,,Medical supply,N/A,,,2
c2850928-d62c-4a44-a824-351d2bc01394,,,Sterile polyester fiber tipped applicators swabs in paper,,Medical supply,N/A,,,2
673c94cd-6b0a-4a24-9bc4-7b63c0e3a79f,,,Compressor MTZ28 JC4A VE/R404a,,Medical supply,N/A,,,2
991e28e6-4e62-4958-9a93-287017c2a200,,,Fan Evaporator HBN 150 (18W),,Medical supply,N/A,,,2
001aa49f-78b5-4fbd-9346-665c1da4045e,,,Mid Upper Arm Circumference(MUAC) measuring tape Adult,,Medical supply,N/A,,,2
e39f3312-05ca-4d23-9d11-9fd96a7d686a,,,"Weighing trousers for use with spring scales.one size,pack of 5 pieces in carry bag",,Medical supply,N/A,,,2
9179adb4-1d48-430d-8772-9883f896e68b,,,Autoclave indicater tape 19mmx50m,,Medical supply,N/A,,,2
bba717e5-4357-4ff7-ab9e-6dd5a9559de5,,,Cat Gut Chromic gauge 3.0 (3/0) 75cm on 25mm 1/2 circle round bodied needle,,Medical supply,N/A,,,2
d48e1fd4-08e8-41ba-8692-644489b749a5,,,Polyglycolic acid absorbable braided violet gauge 0.7 (6/0) 30cm on 12mm 1/2 circle cutting taper needle,,Medical supply,N/A,,,2
c24f607c-0c89-470b-947a-c4e42b87d3ee,,,Syringe 1ml,,Medical supply,N/A,,,2
b42aad3d-18cd-4408-b9e9-942a25e121e3,,,Polyglycolic acid absorbable braided violet gauge 1.5 (4/0) 75cm on 15mm 1/2 circle reverse cutting taper needle,,Medical supply,N/A,,,2
36b433ba-6cf6-4762-abcb-9c15bfd61d91,,,Low Nitrogen Weighing Paper,,Medical supply,N/A,,,2
f03cfaee-47c0-4b1d-bd09-8722809ae129,,,"Battery 6v 4PVV280 Sealed gel non hazardous C100h=279Ah, C10h=224Ah",,Medical supply,N/A,,,2
cd06dd7c-8ab4-4136-b080-92c4378fb388,,,Insertion Accessories Kit for Implanol 64 Insertion/removal Procedure,,Medical supply,N/A,,,2
cd19f5a7-1171-4619-a974-7fad6f7499e9,,,Stove Kerosine,,Medical supply,N/A,,,2
c05b10b2-0853-4567-bf57-05e3145a9fdf,,,"Switch Low Pressure, HBN 150",,Medical supply,N/A,,,2
590d0ded-e834-458d-b7a7-78461b04f9cf,,,Spring Spacer,,Medical supply,N/A,,,2
32322362-0041-472a-aed3-785f9d896f37,,,Cannula Intravenous Set 18G,,Medical supply,N/A,,,2
01affdce-4ad8-4b73-8f47-44c8f0a1eee0,,,Cannula Intravenous Set 22G,,Medical supply,N/A,,,2
5eac7065-81a6-4727-9bbe-665b26444aec,,,"Conical Flask Erlenmeger Borosilicate Glass 3.3, with Printed Graduation 200ml",,Medical supply,N/A,,,2
a96da840-34d0-43b2-89e4-3dc34c319047,,,Scalp Vein Winged Infusion Set 21G,,Medical supply,N/A,,,2
24921a88-5972-48a6-bd19-7e6055c02ca4,,,Syringe (Disposable) 2ml with needle 21G,,Medical supply,N/A,,,2
aafa9c55-441c-4192-a6dc-8190c824377f,,,Glove Examination Latex Non Powdered large,,Medical supply,N/A,,,2
b9ad6c92-7865-485f-aa8e-1840b48d71e3,,,Glove Heavy Duty Latex (Disposable) large,,Medical supply,N/A,,,2
435e470a-32f0-4743-a978-01165394184f,,,"Conical Flask Erlenmeger Borosilicate Glass 3.3, with Printed Graduation 150ml",,Medical supply,N/A,,,2
02fbedc1-2949-436b-b56a-d056bf323ba2,,,Syringe Insulin (Disposable) 1ml on 8mm with Fixed Needle 30G,,Medical supply,N/A,,,2
55278e06-9f47-4866-8ad3-b1638dec48e4,,,Colostomy Bag Adhesive Regulator Closed 25cmx14cm 30mm Opening,,Medical supply,N/A,,,2
7b088686-fc6a-4e16-9153-96b8b7e22477,,,Syringe (Disposable) 2ml with Needle 22G,,Medical supply,N/A,,,2
844d1b34-2c0b-4c34-bf1c-d6c497729347,,,Boots 38 Size,,Medical supply,N/A,,,2
41426b07-ebf0-4838-961f-dc520111443f,,,Gauze Bandage 5cmx5m,,Medical supply,N/A,,,2
d8369166-7af4-45c7-866e-3d4605fe5124,,,Door Curtain PVC TKA 900X2000cm,,Medical supply,N/A,,,2
340035b6-0d72-41d1-8cea-feab7c5b7bf3,,,Polyamide Monofilament Gauge 0.2(10/0) 38cm in 64mm spatula Double Armed Needle,,Medical supply,N/A,,,2
739729e1-00a9-47fe-b392-fe9d4efc84a8,,,Mersilk Braided Black Gauge 2.0(3/0) 75cm on 35mm 1/2 Circle Round Bodied Needle,,Medical supply,N/A,,,2
505a9cd5-1023-4187-b456-fbf052ea528a,,,Cat Gut Chromic Gauge 3.0(3/0) 75cm on 20mm 1/2 Circle Round Bodied Needle,,Medical supply,N/A,,,2
4f72b77f-ff30-4f55-9901-b484a038f268,,,Polyamide Monofilament Gauge 3.5(2/0) 75cm on 27mm 1/2 circle round bodied Spatula double Armed Needle,,Medical supply,N/A,,,2
ef31219c-ad0e-41c3-9589-435babb487dd,,,Mersilk Braided Black Gauge 4.0(1) 40cm on 40mm 1/2 Circle Round Bodied Needle,,Medical supply,N/A,,,2
d44812ad-a156-4ae8-9a08-fba46aca4d4f,,,Surgical Scalpel Blade No.20,,Medical supply,N/A,,,2
caeb5667-3970-4b92-904c-51d24ae087c0,,,Implanon Arm Models + Extra Skin,,Medical supply,N/A,,,2
487e25f8-063c-4925-8cc7-06ebee57fcab,,,"Resuscitation Set used for Neonatal, Pediatric & Adult Providing 02 Inhalation",,Medical supply,N/A,,,2
343372db-02ec-4ead-b8f9-dc478702d1bd,,,Syringe(AD) 0.5ml,,Medical supply,N/A,,,2
bf72bdb7-dac6-497e-b813-c0d4fb9b583a,,,Cannula Intravenous Set 24G,,Medical supply,N/A,,,2
87ad08ab-c685-4783-8de3-2abf348a7da1,,,Umbrella Medium,,Medical supply,N/A,,,2
f6b5d87c-bb29-4ebc-a008-0a9bc5c67943,,,Syringe(AD) 1ml with Needle 23G,,Medical supply,N/A,,,2
f8973ec4-3be4-4b96-95af-b2dc82c7aae5,,,Catheter Foley Silconized Latex Two Ways 30 50ml Balloon 20CH,,Medical supply,N/A,,,2
999b6af5-cf84-4664-b0b3-88188bc69051,,,Catheter Foley Silconized Latex Three Ways 30 50ml Balloon 22CH,,Medical supply,N/A,,,2
461fef3b-6826-445b-89bb-b7ea4755e764,,,Catheter Foley Silconized Latex Two Ways 3 5ml Balloon 8CH,,Medical supply,N/A,,,2
f5e001b9-49c2-42fb-bcdc-da71b26eac09,,,Endotracheal Tube 4CH,,Medical supply,N/A,,,2
212f2225-a5c8-4a55-bcdf-ca3832b0dd09,,,Catheter Foley Silconized Latex Two Ways 5 15ml Balloon 12CH,,Medical supply,N/A,,,2
28ad4eef-a29c-450e-aaa5-6a75f768bcd7,,,Catheter Foley Silconized Latex Three Ways 5 15ml Balloon 14CH,,Medical supply,N/A,,,2
01e95674-3df1-4494-acbc-786afa96e4e8,,,Endotracheal Tube 7CH,,Medical supply,N/A,,,2
d312ed45-18d9-4025-a151-2dbbb6ded1db,,,Polyglycolic acid absorbable braided violet Gauge 1.5(4/0) 75cm on 15mm 1/2 circle reverse cutting needle,,Medical supply,N/A,,,2
cb65c6df-1de2-4c5d-ab81-1e801f9833cc,,,Mersilk Braided Black Gauge 2.0(3/0) 75cm on 18mm 1/2 Circle Round Bodied Needle,,Medical supply,N/A,,,2
6c02facc-f5ba-438e-bb42-e5627630b6da,,,Mersilk Braided Black Gauge 2.0(3/0) 75cm on 20mm 1/2 Circle Round Bodied Needle,,Medical supply,N/A,,,2
ff56d00b-61aa-483b-907f-dbef74ec3c77,,,Polyglycolic acid absorbable braided violet Gauge 3.0(2/0) 75cm on 27 mm 3/8 circle reverse cutting Needle,,Medical supply,N/A,,,2
99eaac51-14e9-4e0d-b743-33af64ba2591,,,Polyglycolic acid absorbable braided violet Gauge 3.0(2/0) 75cm on 27mm 3/8 Circle Reverse Cutting Needle,,Medical supply,N/A,,,2
e75695d7-613c-4e1a-844f-72c828e244b9,,,Poly Diaxone Monofilament Violet Gauge 3.5(0) 70cm on 40mm 1/2 circle round bodied taper needle,,Medical supply,N/A,,,2
2b9a755a-aa5d-4175-99b0-7981cccc81a4,,,Polyglycolic acid absorbable braided violet Gauge 4.0(1) 75cm on 45mm 1/2 Circle revers cutting Needle,,Medical supply,N/A,,,2
cb03880f-0092-4723-ad4d-be8044f43cf0,,,Cat Gut Chromic Gauge 5.0(1) 75cm on 40mm 1/2 Circle Round Bodied Needle,,Medical supply,N/A,,,2
6bb6813d-74c9-4f7b-9746-0225e2ae1437,,,Plastic Mop,,Medical supply,N/A,,,2
9c5d55eb-05e0-4ced-ab3c-59ea687326e0,,,Prescription Pads (Psychotropic),,Medical supply,N/A,,,2
08da36f6-e74e-422a-b1a0-b375ce946c0e,,,True RMS Voltage Sensor/ Transmitter for 3 Phase Line,,Medical supply,N/A,,,2
19fc4d6e-6700-4173-b71a-27096218ff37,,,PCB board,,Medical supply,N/A,,,2
0c4b1686-5aad-46f9-bec0-a9698d4b8387,,,Syringe(AD) 1ml with needle,,Medical supply,N/A,,,2
f9cfb680-49e7-47c5-871b-4a8a9e12675d,,,"Conical Flask Erlenmeger Borosilicate Glass 3.3, with Printed Graduation 300ml",,Medical supply,N/A,,,2
acda1b56-74f7-45c1-9034-a46a6b46c061,,,Towel for New Born 100% Cotton 70x140 cm,,Medical supply,N/A,,,2
f3af3cc5-2997-45ee-9f9a-d03dc9dd7b0b,,,Single Channel Plastic Adapter (EV526),,Medical supply,N/A,,,2
d148bfe0-5055-4b7e-890b-874b49c93506,,,"Dental Needle 21mm, 27G",,Medical supply,N/A,,,2
861df1d6-5398-452b-bd48-b6df4e266843,,,Catheter Foley Silconized Latex Two Ways 30 50ml Balloon 14CH,,Medical supply,N/A,,,2
b87b64fb-7aa2-40e7-8bd3-8f3e1ee7bbc1,,,Catheter Foley Silconized Latex Three Ways 30 50ml Balloon 16CH,,Medical supply,N/A,,,2
a130efbe-8aaa-430f-91ff-1a0e67f44bad,,,Boots for Delivery 37 Size,,Medical supply,N/A,,,2
ecc7b712-3974-4650-a66f-43184a14064f,,,Syringe (Disposable) 3ml with Needle 21G,,Medical supply,N/A,,,2
dd71d5a7-96c6-4ad9-a994-132956e03f7a,,,Endotracheal Tube 4.5CH,,Medical supply,N/A,,,2
072bf0f5-e924-4041-adff-84fe63fd5cd2,,,Endotracheal Tube 6.5CH,,Medical supply,N/A,,,2
bed84037-381c-4aab-b7e6-8056e06ddd58,,,Endotracheal Tube 6CH,,Medical supply,N/A,,,2
c6f706cf-5878-40fb-b240-f3e261ef76e9,,,Polyglycolic acid absorbable braided violet Gauge 0.7(6/0) 30 cm on 12 mm 3/8 circle cutting tapper needle,,Medical supply,N/A,,,2
8575a3d9-7870-460a-99bb-f1edac9779e0,,,Polyglycolic acid absorbable braided violet Gauge 0.7(6/0) 30cm on 12mm 1/2 Circle Cutting Taper Needle,,Medical supply,N/A,,,2
dcfa566f-d2f6-426a-8d64-6a234391113a,,,Polyglycolic acid absorbable braided violet Gauge 1(4) 75cm on 45mm 1/2 Circle cutting taper needle,,Medical supply,N/A,,,2
ab5034f0-8ee5-47b9-a1b2-0316cc912ded,,,Mersilk Braided Black Gauge 1.5(4/0) 75cm on 20mm 1/2 Circle Round Bodied Needle,,Medical supply,N/A,,,2
068773ec-a520-452c-8344-c84283fcea1c,,,Mersilk Braided Black Gauge 1.5(4/0) 75cm on 24mm 1/2 Circle Reverse Cutting Needle,,Medical supply,N/A,,,2
116f530f-5dd0-4d59-9183-dda7fb947680,,,Mersilk Braided Black Gauge 2.0(3/0) 75cm on 24mm 1/2 Circle Reverse Cutting Needle,,Medical supply,N/A,,,2
10eade4c-8268-4e3a-b8d2-bedc95f877b2,,,Mersilk Braided Black Gauge 3.5(0) 75cm on 27mm 1/2 Circle Reverse Cutting Needle,,Medical supply,N/A,,,2
a89d62e3-d5af-4c93-99c3-ce3a5f4c4163,,,Mersilk Braided Black Gauge 3.5(0) 75cm on 30mm 1/2 Circle Round Bodied Needle,,Medical supply,N/A,,,2
29486961-a2c3-4dad-aec3-eed9af165fad,,,Cat Gut Chromic Gauge 4.0(0) 75cm on 38mm 1/2 Circle Reverse Cutting Needle,,Medical supply,N/A,,,2
4f28f1f3-7892-415c-b128-06bf3ec339e7,,,Mersilk Braided Black Gauge 6.0(3) 75cm on 38mm 1/2 Circle Reverse Cutting Needle,,Medical supply,N/A,,,2
d7e38db2-5838-4a46-a337-3123ee80ea38,,,Boots,,Medical supply,N/A,,,2
49e73aa5-832f-4a75-bed4-71ecb259c9ad,,,Thermostatic Valve R22,,Medical supply,N/A,,,2
9f7cf2e7-465d-4698-9042-d5c88c51044e,,,Tourniquet Plastic,,Medical supply,N/A,,,2
fda0f505-2859-4621-8386-1046275fa8d0,,,Towel Sanitory with Sticker,,Medical supply,N/A,,,2
14a1c7d6-3c9f-47d7-ba01-18236d9c0cbb,,,Glass Volumetric Transfer Pipette 100ml,,Medical supply,N/A,,,2
d6c8376e-353f-46bf-9edc-6058ce268505,,,Glass Volumetric Transfer Pipette 25ml,,Medical supply,N/A,,,2
5383122b-4a79-4216-8f4b-bef4442fa525,,,Glove Latex Sterile Elbow length Medium,,Medical supply,N/A,,,2
f2693e50-1879-4ada-93b1-f12b407a5d7c,,,Scissors Bl Blaster OB 14.5cm,,Medical supply,N/A,,,2
b19e2fd1-3b2a-4d28-96c1-6252542b0491,,,Applicator Stick Wooden with Cotton Tip 150x2.2mm,,Medical supply,N/A,,,2
26c367a7-17e0-4de5-b89c-ffb3f67f9ff4,,,Rectal Tube Rubber With Terminal Size 20CH,,Medical supply,N/A,,,2
e671f73f-416f-41ca-a520-e4174b8aade7,,,Syringe (Disposable) 20ml with Needle 21G,,Medical supply,N/A,,,2
4ca4253e-9ac3-45b5-adc8-6863bf14a974,,,"Dental Needle 31mm, 27G",,Medical supply,N/A,,,2
02888240-0311-4d7d-8071-2e09769bd63c,,,Endotracheal Tube 3CH,,Medical supply,N/A,,,2
b1df3292-d215-42fa-8522-a724124c9022,,,Endotracheal Tube 5CH,,Medical supply,N/A,,,2
18fb25ca-4027-4570-8cb1-f28b9cbfd34a,,,Adhesive Plaster Zinc Oxide 7.5cmx5m,,Medical supply,N/A,,,2
617eef91-fefb-47c1-bc20-83f286960d28,,,Polyglycolic acid absorbable braided violet Gauge 2.0(3/0) 75cm on 30mm 1/2 Circle Reverse Cutting,,Medical supply,N/A,,,2
000c82c7-cb81-4a0b-af62-ed5daf590260,,,Cat Gut Chromic Gauge 2.0(4/0) 75cm on 15mm 1/2 Circle Round Bodied Needle,,Medical supply,N/A,,,2
c7d24f9b-51ea-4586-8105-2907e5d39fd0,,,Cat Gut Chromic Gauge 4.0(0) 75cm on 30mm 1/2 Circle Round Bodied Needle,,Medical supply,N/A,,,2
40e960f2-12af-4981-821b-ee94c8e85ba4,,,Mask N95,,Medical supply,N/A,,,2
95c3c9cc-7c07-43da-8e11-f9588442d75d,,,Plaster Of Paris (P.O.P) 15cmx3m,,Medical supply,N/A,,,2
ce37dd48-5725-4e0a-8171-ad6711be8be2,,,Catheter Suction Silconized with Funnel 16CH,,Medical supply,N/A,,,2
f8291862-d376-46db-af46-20cf825acf44,,,Catheter Condom Latex Medium 28mm,,Medical supply,N/A,,,2
6f0f0124-9013-4e26-bb54-61764feab715,,,Boots 41 Size,,Medical supply,N/A,,,2
75751502-db66-4cb5-9476-76865f87fc3a,,,Polyamide Monofilament Gauge 0.3(9/0) 38cm 64mm Spatula Double Armed Round Bodied Needle,,Medical supply,N/A,,,2
1cd2c642-f8bc-4ef8-b408-79edbba5154e,,,Polyglycolic acid absorbable braided violet Gauge 2.0(3/0) 75cm on 19mm reverse cutting Needle,,Medical supply,N/A,,,2
fe6752d1-f201-421d-a419-e5feca4a70d3,,,Polyglycolic acid absorbable braided violet Gauge 2.0(3/0) 75cm on 26mm 1/2 Circle Reverse Cutting Needle,,Medical supply,N/A,,,2
4c86c8fe-71f1-44fc-b790-0b70404e4837,,,Mersilk Braided Black Gauge 3.0(2/0) 75cm on 24mm 1/2 Circle Reverse Cutting Needle,,Medical supply,N/A,,,2
918eec66-6994-4dc6-a742-d820257b3395,,,Polyglycolic acid absorbable braided violet Gauge 3.5(0) 75cm on 50mm 1/2 Circle Round Bodied needle,,Medical supply,N/A,,,2
5bce3eed-6c33-400e-8b41-78ddcdf28229,,,Cat Gut Chromic Gauge 3.5(2/0) 75cm on 27mm 1/2 Circle Round Bodied Needle,,Medical supply,N/A,,,2
21a3fa54-5985-4e07-aee8-5fd369eec48b,,,Mersilk Braided Black Gauge 4.0(1) 75cm on 35mm 1/2 Circle Reverse Cutting Needle,,Medical supply,N/A,,,2
aeaad034-bb90-4127-b4ae-47cd738690f1,,,Cat Gut Chromic Gauge 6.5(3) 75cm on 48mm 1/2 Circle Round Bodied Needle,,Medical supply,N/A,,,2
e186c5cd-b8e8-4c5d-ad5f-845dd8851488,,,Polyglycolic acid absorbable braided violet Guage 1.5(4/0) 75cm on 17mm 1/2 Circle Round Bodied Needle,,Medical supply,N/A,,,2
7a945671-b371-4f03-9d0b-b0db1fe2268e,,,Polyglycolic acid absorbable braided violet Guage 3.0(2/0) 70cm on 30mm 3/8 Circle Reverse Cutting Needle,,Medical supply,N/A,,,2
9a746ff2-5f79-4e0b-8062-42785f4af098,,,Glove Surgical Latex Sterile No. 6.5,,Medical supply,N/A,,,2
10655ede-3912-48ca-bb44-285b6fb3f49b,,,Glove Surgical Latex Sterile No. 8,,Medical supply,N/A,,,2
e9cf8fef-3820-4026-ab67-e3d271c852de,,,Catheter Metal,,Medical supply,N/A,,,2
bf491a76-fce6-4b11-9520-663a8fd7daa7,,,"Battery 6v 6PVV420 Sealed gel non hazardous (C100h=421Ah, C10h=338Ah)",,Medical supply,N/A,,,2
3ba834d5-5a0b-4dc5-b501-48463d76568d,,,Jar Plastic,,Medical supply,N/A,,,2
495a7e97-35f2-4994-9915-59a66f331fa4,,,Gauze Paraffin Sterile with Case 10cm x 10cm,,Medical supply,N/A,,,2
877715a1-3ecf-4eb3-b3b1-c2d05530ef34,,,"Conical Flask Erlenmeger Borosilicate Glass 3.3, with Printed Graduation 50ml",,Medical supply,N/A,,,2
4ee48aea-d095-4825-adc9-582263b82cfa,,,Oropharyngeal Airway (Guedel) Sterile 60mm,,Medical supply,N/A,,,2
b4eaf017-d614-4601-8fe2-5d5668b80736,,,Syringe (Disposable) 5ml with needle 21G,,Medical supply,N/A,,,2
3ba0df7f-0205-4522-824d-8dbb4bf5583a,,,Catheter Suction Silconized with Funnel 14CH,,Medical supply,N/A,,,2
80fc2e5d-fb3c-4e04-9cd3-0047411064ec,,,Catheter Suction Transparent with Funnel Silco Sterile 22CH,,Medical supply,N/A,,,2
d93fd126-40df-4b3e-9c0e-4c0ec989173e,,,Endotracheal Tube 3.5CH,,Medical supply,N/A,,,2
898f375a-3656-456a-8a3b-61231536323e,,,Boots 40 Size,,Medical supply,N/A,,,2
b8d850bd-1fd2-4323-9844-b24af7b1e894,,,Endotracheal Tube 8CH,,Medical supply,N/A,,,2
1d6fdc27-76ad-464d-8710-3183f990d2a9,,,Polyamide Monofilament Gauge 0.2(10/0) 30cm on 5mm 3/8 Circle Spatula Double Armed Needle,,Medical supply,N/A,,,2
097837be-df00-4955-b002-8cc221460aed,,,Polyamide Monofilament Gauge 0.2(10/0) 64cm on 6mm 3/8 Circle spatula double armed Needle,,Medical supply,N/A,,,2
16bc7df0-f64b-4c79-b569-3a0b09609c50,,,Poly Diaxone Monofilament Violet Gauge 2.0(3/0)70cm on 40mm 1/2 circle Round bodied taper needle,,Medical supply,N/A,,,2
27bb4c65-cf19-48be-bc38-eb0a35f87144,,,Mersilk Braided Black Gauge 3.0(2/0) 100cm on 35mm 3/8 Circle Reverse Cutting Needle,,Medical supply,N/A,,,2
34b9eb68-2ac3-422e-a091-0145eff4413c,,,Cat Gut Chromic Gauge 3.0(3/0) 70cm on 25mm 1/2 Circle Round Bodied Needle,,Medical supply,N/A,,,2
3cfa75fc-6797-457b-afa3-60847efc775a,,,Cat Gut Chromic Gauge 3.0(3/0) 75cm on 30mm 1/2 Circle Round Bodied Needle,,Medical supply,N/A,,,2
8d958bff-12d4-478e-a675-90efe9810144,,,Mersilk Braided Black Gauge 4.0(1) 75cm on 30mm 1/2 circle reverse cutting needle,,Medical supply,N/A,,,2
8fa1c3ce-113c-40e0-948e-38535a8bae4a,,,Cat Gut Chromic Gauge 6.0(2) 75cm on 45mm 1/2 Circle Round Bodied Needle,,Medical supply,N/A,,,2
36f84bef-c34e-412a-85fe-aa87343c09f4,,,Surgical Scalpel Blade No.22,,Medical supply,N/A,,,2
199d1986-6a07-40b6-8906-17410f10cb91,,,Compressor HSTcomplet R134a 5G FR 8,,Medical supply,N/A,,,2
ac86aab9-feaa-4667-aeb9-1c8c64020b5e,,,Apron Plastic Reusable Autoclavable White,,Medical supply,N/A,,,2
bfe423c8-94df-4168-a52e-6787d48a659b,,,Retractor Set (ROUX) Double Ended Set of 3,,Medical supply,N/A,,,2
8c3d1317-8755-4e5e-8845-a1da99869c5c,,,Solar Direct Device Spare Kit,,Medical supply,N/A,,,2
7c02bbe4-01a5-40dc-b350-e15f63e9b400,,,Urine Container Sterile Screw Caped with Label,,Medical supply,N/A,,,2
4d44648c-04c6-40fb-a618-9b7c7cea878f,,,"Conical Flask Erlenmeger Borosilicate Glass 3.3, with Printed Graduation 250ml",,Medical supply,N/A,,,2
d173a5f0-67bb-47d2-8041-94a05feab504,,,Flask Heat and Chemical Resistant 250ml,,Medical supply,N/A,,,2
f0513a7e-89e7-414b-8cfa-ef2d52320ae4,,,Cotton Absorbent Wool 500gm,,Medical supply,N/A,,,2
952a673f-c250-461d-8e30-fd20c69d3042,,,Syringe(AD) 0.05ml with Needle 26G,,Medical supply,N/A,,,2
230606c6-eebb-4f15-8232-f52966910d43,,,Rectal Tube Rubber With Terminal Size 28CH,,Medical supply,N/A,,,2
b8f70ec0-0167-4f1c-a14f-950494e6eb9d,,,Boots 37 Size,,Medical supply,N/A,,,2
ac7da700-1d5a-4e71-800b-7b7c56a09e74,,,Catheter Foley Silconized Latex Two Ways 5 15ml Balloon 14CH,,Medical supply,N/A,,,2
2bb6230d-a542-4c32-8fbb-11457278a862,,,Catheter Foley Silconized Latex Three Ways 5 15ml Balloon 8CH,,Medical supply,N/A,,,2
0e76ea53-e5d1-4412-ba47-9d11ba6f6c36,,,Endotracheal Tube 8.5CH,,Medical supply,N/A,,,2
edb558bf-c5e4-418c-899e-33856323f7eb,,,Polyglycolic acid absorbable braided violet Gauge 1.5(4/0) 75cm on 15mm 1/2 Circle Reverse Cutting Taper Needle,,Medical supply,N/A,,,2
3e25491b-ab33-4ced-a847-0d69449b9541,,,Mersilk Braided Black Gauge 2.0(3/0) 75cm on 25mm 1/2 Circle Reverse Cutting Needle,,Medical supply,N/A,,,2
4e8624a1-398c-49bd-90ae-aa7f29bebcf9,,,Polyglycolic acid absorbable braided violet Gauge 3.0(2/0) 75cm on 35mm 1/2 Circle Round Bodied Needle,,Medical supply,N/A,,,2
1b2c5943-85e3-46a4-be95-61ae45441fd4,,,Polyamide Monofilament Gauge 3.5(0) 75cm on 25mm 1/2 Circle Round Bodied Needle,,Medical supply,N/A,,,2
c406710f-b23d-460c-a80c-0fb9f57ee801,,,Cat Gut Chromic Gauge 5.0(1) 75cm on 30mm 1/2 Circle Round Bodied Needle,,Medical supply,N/A,,,2
9befc8b0-168d-4bb5-890a-b3a7f3383a60,,,Cat Gut Chromic Gauge 5.0(1) 75cm on 48mm 1/2 Circle Round Bodied Needle,,Medical supply,N/A,,,2
847c2abd-f017-4e53-98a6-c69390a53b40,,,Polyglycolic acid absorbable braided violet Gauge 5.0(2) 75cm on 50mm 1/2 Circle round Bodied needle,,Medical supply,N/A,,,2
a9b80fc8-2b33-401f-88dd-539cd49bfeb6,,,Handi Vac Complete Set (EV 500),,Medical supply,N/A,,,2
b0435ffb-f644-48f9-a2b5-f1b566d0d3be,,,Resuscitation Trolley,,Medical supply,N/A,,,2
5e4255f9-3dc8-40d6-b530-18e09fd23d32,,,Shoecover Non Skid,,Medical supply,N/A,,,2
aac73769-d5fc-4176-8647-1c2c3682ec12,,,Glass Volumetric Transfer Pipette 10ml,,Medical supply,N/A,,,2
13f2c65f-4bdc-4f5f-aceb-f9a0529d3fdd,,,Syringe (Disposable) 10ml with needle 21G,,Medical supply,N/A,,,2
e381c021-36d9-451f-8bb1-c6665538fac4,,,New Born Bag and Mask 500ml,,Medical supply,N/A,,,2
d418e05b-d315-47c6-90e7-37731c82389a,,,Bucket With Hand Washing Outlet 30 Littre,,Medical supply,N/A,,,2
a91693ef-ab82-4076-9fc2-0c808a27e05f,,,Catheter Foley Silconized Latex Three Ways 30 50ml Balloon 12CH,,Medical supply,N/A,,,2
a0fc4961-c6f0-454d-9b11-e6b75caf6674,,,Catheter Foley Silconized Latex Two Ways 30 50ml Balloon 16CH,,Medical supply,N/A,,,2
d775b0ee-ee90-464b-ab27-8e88c20d2e25,,,Catheter Foley Silconized Latex Three Ways 30 50ml Balloon 18CH,,Medical supply,N/A,,,2
c16bf874-6b57-48db-a43f-d857c759417f,,,Catheter Foley Silconized Latex Two Ways 30 50ml Balloon 22CH,,Medical supply,N/A,,,2
6801fb51-cafc-4aa5-a147-819608e4b627,,,Catheter Foley Silconized Latex Three Ways 30 50ml Balloon 24CH,,Medical supply,N/A,,,2
f8413d0b-3d95-44ce-aef6-88e9cdd97382,,,Syringe (Disposable) 3ml with Needle 23G,,Medical supply,N/A,,,2
522c66b5-9da8-4a5b-968d-df2cbf67a861,,,Catheter Suction Silconized with Funnel 8CH,,Medical supply,N/A,,,2
d0695d2c-d0ef-4301-803f-3ca487ed0639,,,Polyglycolic acid absorbable braided violet Gauge 0.7(6/0) 30m on 12mm 1/2 circle cutting taper needle,,Medical supply,N/A,,,2
207ae6d9-5211-4206-a46c-f98b8165c155,,,Polyglycolic acid absorbable braided violet Gauge 1.0(5/0) 45cm on 13mm 1/2 Circle Round Bodied Needle,,Medical supply,N/A,,,2
dda8682c-bbfc-4007-9b6c-c2c7eaaec099,,,Polyglycolic acid absorbable braided violet Gauge 1.0(5/0)75cm 0n 45mm 1/2 circle cutting taper needle,,Medical supply,N/A,,,2
6c47fbb5-4d5b-4baa-ae81-33555e8367a4,,,Mersilk Braided Black Gauge 1.5(4/0) 75cm with 1/2 Circle Round Bodied Needle,,Medical supply,N/A,,,2
46477a52-670e-4286-bbbf-6b04f05e5701,,,Mersilk Braided Black Gauge 2.0(3) 75cm on 35mm 1/2 Circle Reverse Cutting Needle,,Medical supply,N/A,,,2
becedc8b-ee48-40e8-9186-83261d2e5b4c,,,Mersilk Braided Black Gauge 2.0(3/0) 75cm on 26mm 1/2 Circle Reverse Cutting Needle,,Medical supply,N/A,,,2
cab987cd-101d-440c-b841-f725bcac1eb6,,,Mersilk Braided Black Gauge 3.5(0) 75cm on 32mm 1/2 circle Reverse Cutting Needle,,Medical supply,N/A,,,2
b232d364-c20a-469c-bed2-7399042c8da0,,,Polyglycolic acid absorbable braided violet Gauge 4.0(1) 75cm on 45mm 1/2 Circle Cutting Taper Heavy Needle,,Medical supply,N/A,,,2
63aa030f-a892-45cb-aeef-732ba5285649,,,Mersilk Braided Black Gauge 6.0(3) 75cm on 40mm 1/2 Circle Round Bodied Needle,,Medical supply,N/A,,,2
0fc8a814-46eb-4663-90fb-d54c8d5d7561,,,Glove Gynecological Examination,,Medical supply,N/A,,,2
788bf589-7ba0-4b8d-a0c6-fea14fef079f,,,Torch with Metal Plastic Linkage,,Medical supply,N/A,,,2
f92948aa-47a2-4858-8376-0a78a5b338b2,,,Tourniquet Rubber,,Medical supply,N/A,,,2
c600df5b-1895-4ad9-92ab-3c51ed8297cd,,,Solar LED Light,,Medical supply,N/A,,,2
b3d11300-ed06-4e3c-b8d5-699031dc417a,,,Pad Absorbent (Diaper) with Plastic Backing White 17x24 Inch,,Medical supply,N/A,,,2
2d805fa7-1697-47b2-9192-366c2d458597,,,Optical lense cleaner 30ml Bottle,,Medical supply,N/A,,,2
84008e12-8344-4b0a-b599-7a3707b6b25e,,,Biohazard Bags Disposable 37x48inch,,Medical supply,N/A,,,2
286687d1-273f-4b09-9704-310de74ea643,,,Syringe (Disposable) 50ml with Needle 21G,,Medical supply,N/A,,,2
3b7ba97d-ad6a-41ce-9308-a0292866968c,,,Syringe (Disposable) 5ml with Needle 20G,,Medical supply,N/A,,,2
1f4c1914-7767-44c0-8b1c-2810575898c3,,,Polyglycolic acid absorbable braided violet Gauge 0.4(8/0) 45cm on 8mm 1/2 Circle Round Bodied Taper Needle,,Medical supply,N/A,,,2
f01acf8d-8faa-4686-ae9a-927269f14ce6,,,Polyglycolic acid absorbable braided violet Gauge 0.7(6/0) 30cm on 12mm 1/2 Circle cutting Tapper Needle,,Medical supply,N/A,,,2
c866a12d-91d8-44d7-a89e-830ca7e942a4,,,Mersilk Braided Black Gauge 1.5(4/0) 75cm on 17mm 3/8 Circle Reverse Cutting Needle,,Medical supply,N/A,,,2
02c83298-b2c2-489c-abae-47cfcaf2991b,,,Mersilk Braided Black Gauge 1.5(4/0) 75cm on 18mm 1/2 Circle Reverse Cutting Needle,,Medical supply,N/A,,,2
cc06b236-73a9-41be-9fac-8b44c352eff2,,,Polyglycolic acid absorbable braided violet Gauge 2.0(3/0)75cm on 26mm 1/2 circle rounded bodied needle,,Medical supply,N/A,,,2
cdd1486d-2327-45df-ac07-c9439c0c7d78,,,Cat Gut Chromic Gauge 2.0(4/0) 75cm on 19mm 1/2 Circle Reverse Cutting Needle,,Medical supply,N/A,,,2
74ad0bd5-8961-4332-b1af-56a2334c6332,,,Mersilk Braided Black Gauge 3.0(2/0) 75cmon 24mm 1/2 Circle Reverse Cutting Needle,,Medical supply,N/A,,,2
b54a06a3-6089-4ab1-a692-ba39f64f2de3,,,Mersilk Braided Black Gauge 3.0(2/0)75cm on 35mm 1/2 Circle Reverse Cutting Needle,,Medical supply,N/A,,,2
d59d41a6-3fa2-4d36-8d0f-9c88ca99431b,,,Cat Gut Chromic Gauge 4.0(0) 75cm on 32mm 1/2 Circle Round Bodied Needle,,Medical supply,N/A,,,2
d6b2a9b5-8ad3-4539-a4aa-e353305cbc5c,,,Cat Gut Chromic Gauge 4.0(0) 75cm on 38mm 1/2 Circle Round Bodied Needle,,Medical supply,N/A,,,2
e9f9aeb6-5375-4bf0-8216-8660a46eb94a,,,Poly Diaxone Monofilament Violet Gauge 4.0(1) 90cm on 40mm 1/2 circle round bodied taper needle,,Medical supply,N/A,,,2
f2b48876-681e-4261-b646-50e9f40a99d1,,,Mersilk Braided Black Gauge 5.0(2) 75cm on 40mm 1/2 Circle Reverse Cutting Needle,,Medical supply,N/A,,,2
dd4fae31-fb41-4098-9bc6-c6fd5c7761c3,,,Physical PressureTransducer,,Medical supply,N/A,,,2
ca849bb8-2237-46ed-b290-f2a82beaaad2,,,Thermostatic Valve R4O4,,Medical supply,N/A,,,2
aa4b951e-ab99-4de1-8cda-e648b2d53202,,,Glove Surgical Latex Sterile No.7.5,,Medical supply,N/A,,,2
05558066-0525-4aa2-8dcd-d48819b3bfd3,,,Syringe(AD) 0.5ml with Needle 23G,,Medical supply,N/A,,,2
8009d4de-3a9a-4866-8a33-d1537d000de3,,,Parafilm flexable water tight filmto seal laboratory containers 10cmx38m,,Medical supply,N/A,,,2
d8f08576-fd9b-4a3f-b6fc-9883cbd49377,,,Catheter Suction Transparent with Funnel Silco Sterile 16CH,,Medical supply,N/A,,,2
4381f7b6-75f6-4b19-bf25-5a5e7e78f0ee,,,Endobranchial Tube Right 35CH,,Medical supply,N/A,,,2
dfbd1156-85a1-49b3-9df6-acbd1c6fc4e1,,,Endobranchial Tube Left 39CH,,Medical supply,N/A,,,2
c760be46-a0f8-4242-a6f9-692efb812372,,,Boots 42 Size,,Medical supply,N/A,,,2
0c79db48-05ba-488c-ade9-2c5fd946dae3,,,Catheter Suction Transparent with Funnel Silco Sterile 6CH,,Medical supply,N/A,,,2
96604757-20d2-4961-8716-ed5971a19e43,,,Mersilk Braided Black Gauge 1.5(4/0) 100cm on 40mm 1/2 Circle Reverse Cutting Needle,,Medical supply,N/A,,,2
ca78ea0d-eff9-404a-a6be-0d657083e5bf,,,Polyglycolic acid absorbable braided violet Gauge 2.0(3/0) 75cm on 27mm 1/2 Circle revers Cutting needle,,Medical supply,N/A,,,2
b5fd757a-30e3-40f8-b01b-17f036934855,,,Mersilk Braided Black Gauge 3.0(2/0) 75cm on 24mm 1/2 Cicle Reverse Cutting Needle,,Medical supply,N/A,,,2
a5d8e933-24ce-43c4-9a36-bce1291bfeca,,,Mersilk Braided Black Gauge 3.0(2/0) 75cm on 35mm 1/2 Circle Round Bodied Needle,,Medical supply,N/A,,,2
2063647c-3e09-4a64-9fff-f101cf35f117,,,Cat Gut Chromic Gauge 3.5(2/0) 70cm on 26mm 1/2 Circle Round Bodied Needle,,Medical supply,N/A,,,2
c4c84e16-830a-499c-9655-cb0375426f5e,,,Cat Gut Chromic Gauge 3.5(2/0) 75cm on 45mm 1/2 Circle Cutting Taper Needle,,Medical supply,N/A,,,2
646e8c10-b800-4972-8431-d9539cb860df,,,Mersilk Braided Black Gauge 5.0(2) 75cm on 38mm 1/2 Circle Reverse Cutting Needle,,Medical supply,N/A,,,2
31584bec-93f4-46a6-8f6a-e43ba4d48ff3,,,Filter Paper Qualitative Whatman Grade 1 Diameter 150mm,,Medical supply,N/A,,,2
5f593e38-be9f-4080-96fe-30c630f66ff8,,,Polyglycolic acid absorbable braided violet Guage 2.0(3/0) 70cm on 22mm 1/2 Circle Reverse Cutting Needle,,Medical supply,N/A,,,2
b2f28407-c32d-48b1-baab-8bcc1487b3ab,,,Polyglycolic acid absorbable braided violet Guage 3.0(2/0) 75cm on 36mm 1/2 Circle Round Bodied Needle,,Medical supply,N/A,,,2
bc2f606f-4e5e-4d40-a378-33deda307bd2,,,Autocheck 5+ level 1 Red Box of 30 Ampoules for ABL7XX/8XX S7735,,Medical supply,N/A,,,2
daf6aacf-5926-402d-8b30-5b0998ca3d4e,,,Glove Surgical Latex Sterile No. 7,,Medical supply,N/A,,,2
845185b5-a61a-4e4b-a86d-1a92b920a466,,,Diallser/Filter,,Medical supply,N/A,,,2
88ce63ad-cc83-4d8b-b9ec-555561151000,,,Syringe(AD) 0.05ml,,Medical supply,N/A,,,2
6f07c13b-0d91-43ab-8d7b-8d53cc27a58b,,,Urine Collecting Bag PVC Latex Product 1000ml,,Medical supply,N/A,,,2
6463351f-f067-4107-9f84-d30ac29358e8,,,Starting Condenser (117U5015) 117U5015,,Medical supply,N/A,,,2
3730cc84-3a95-4227-8d2a-397941b0c24b,,,"Drill Bit Round Shaft 12.7mm, 85/70mm",,Medical supply,N/A,,,2
6090af9d-e1e4-4e26-bf17-9d9c3d51e203,,,Catheter Suction Transparent with Funnel Silco Sterile 14CH,,Medical supply,N/A,,,2
a70a9393-507a-4b4b-aaca-fef2eed7d862,,,First Aid Water Proof Plaster 19mmx72mm,,Medical supply,N/A,,,2
799a3eca-9f53-4f3c-912d-8b1c630c8395,,,Syringe Insulin (Disposable) 1ml on 6mm with Fixed Needle 30G,,Medical supply,N/A,,,2
d0dbcee8-c47a-4732-8366-d317f8b5bac3,,,Endotracheal Tube 5.5CH,,Medical supply,N/A,,,2
034ccd37-9d85-40ee-a4d8-b0150c27e784,,,Oropharyngeal Airway (Guedel) Sterile 90mm,,Medical supply,N/A,,,2
bcdb51fd-6ded-4202-ba21-2502639bf2d5,,,Polyamide Monofilament Gauge 0.2(10/0) 38cm on 64mm spatula Double Armed Needle,,Medical supply,N/A,,,2
68b18624-0505-46a2-9274-01e7dd953285,,,Polyamide Monofilament Gauge 0.3(9/0) 30cm on 5mm 1/3 circle Round bodied Spatula Double Armed Needle,,Medical supply,N/A,,,2
02ee3c6a-b0c7-4c9c-a6b5-4f8ccc929146,,,Mersilk Braided Black Gauge 3.0(2/0) 100cm on 42mm 1/2 Circle Reverse Cutting Needle,,Medical supply,N/A,,,2
ac4da6b5-c7e1-4ca4-bf01-99edb7f41005,,,Cat Gut Chromic Gauge 3.0(3/0) 70cm on 26mm 1/2 Circle Round Bodied Needle,,Medical supply,N/A,,,2
5f2a49db-dc4c-4a52-8723-16394c82bf08,,,Cat Gut Chromic Gauge 3.0(3/0) 75cm on 32mm 1/2 Circle Round Bodied Needle,,Medical supply,N/A,,,2
93ac9a7e-29c2-4d65-9f05-d820c62706e2,,,Mersilk Braided Black Gauge 4.0(1) 75cm 35mm 1/2 Circle reverse cutting needle,,Medical supply,N/A,,,2
69619d0f-e383-4e5f-bb36-035ec0e8f14c,,,Mersilk Braided Black Gauge 4.0(1) 75cm on 30mm 1/2 Circle Round Bodied Needle,,Medical supply,N/A,,,2
d2d4e980-eb4f-4c1e-8561-38f6f707cf7f,,,Cat Gut Chromic Gauge 6.0(2) 75cm on 35mm 1/2 Circle Round Bodied Needle,,Medical supply,N/A,,,2
ddb735dd-6b58-4cfc-9e32-19595dfc6caa,,,Cat Gut Chromic Gauge 7.0(3) 75cm on 50mm 1/2 Circle Round Bodied Needle,,Medical supply,N/A,,,2
0c68b27d-0149-4699-bbf7-deac3ab352b3,,,Surgical Scalpel Blade No.24,,Medical supply,N/A,,,2
85334d5d-fe5c-4a04-9e3f-cfe8b7d6760f,,,Endotracheal Tube Cuffed,,Medical supply,N/A,,,2
a5c55ec2-6ffa-41fe-90f0-64dde89c76cf,,,"Oropharyngeal Airway (Guedel) Sterile conisting of neonatal, pediatrics, child adolescent, adult, large adult Set",,Medical supply,N/A,,,2
743a55cf-7f08-42e7-b759-465537c75e0a,,,"Switch High Pressure, HBN 150",,Medical supply,N/A,,,2
85f62d9f-02ed-4ad3-a6b2-69cd8c7f8137,,,Cotton Absorbent Wool 100gm,,Medical supply,N/A,,,2
f7c7381b-9ab8-4b02-9807-e2341042c00b,,,Spare Wick 150mm,,Medical supply,N/A,,,2
8a23015a-9190-45eb-ad66-fa6c54a93ac7,,,Urine Collecting Bag PVC Latex Product 2000ml,,Medical supply,N/A,,,2
aa4865a3-f890-4b3c-a72c-111cf6ed0fc2,,,Syringe (Disposable) 2ml with Needle,,Medical supply,N/A,,,2
07a41466-4809-4648-890e-5ee5ff4e4074,,,Glass Volumetric Transfer Pipette 50ml,,Medical supply,N/A,,,2
ab6c5101-a493-4e2c-b6ac-e1c00e450abe,,,Catheter Foley Silconized Latex Two Ways 3 5ml Balloon 10CH,,Medical supply,N/A,,,2
63a3988b-a19b-4f46-9bf4-690b5a239237,,,Catheter Foley Silconized Latex Two Ways 5 15ml Balloon 10CH,,Medical supply,N/A,,,2
913961eb-aa47-46c1-8915-1cddaf49c0b7,,,Catheter Foley Silconized Latex Three Ways 5 15ml Balloon 12CH,,Medical supply,N/A,,,2
de228978-4cbc-4311-9885-4ff4f7511434,,,Catheter Foley Silconized Latex Two Ways 5 15ml Balloon 8CH,,Medical supply,N/A,,,2
3ab539a7-0358-4f4c-93af-9906ac58c236,,,Apron Plastic Protection Against Most Chemicals 80x120cm,,Medical supply,N/A,,,2
cbfb08ef-2b90-4694-82e6-a283d33afd2f,,,Polyglycolic acid absorbable braided violet Gauge 1.5(4/0) 75cm on 15mm 1/2 Reverse Cutting Taper Needle,,Medical supply,N/A,,,2
d1e708f3-c438-48ac-b375-c8e0fb571133,,,Polyglycolic acid absorbable braided violet Gauge 3.0(2/0) 75cm on 36mm 1/2 circle round bodied Tapper needle,,Medical supply,N/A,,,2
2bb29218-d1f5-482d-aed3-6aa07fdac785,,,Mersilk Braided Black Gauge 4(1) 75cm on 19mm 1/2 Circle Reverse Cutting Needle,,Medical supply,N/A,,,2
f8e1aa0a-830b-425a-b037-04e24422576f,,,Cat Gut Chromic Gauge 5.0(1) 75cm on 38mm 1/2 Circle Round Bodied Needle,,Medical supply,N/A,,,2
1d4bae01-4091-4c4d-94cc-2efdd37b7430,,,Cat Gut Chromic Gauge 5.0(1) 75cm on 50mm 1/2 Circle Round Bodied Needle,,Medical supply,N/A,,,2
13f11c84-4c5e-4405-8688-7a54d780211c,,,Polyglycolic acid absorbable braided violet Gauge 5.0(2) 75cm on 40mm 1/2 circle cutting tapper needle,,Medical supply,N/A,,,2
95f4658a-6412-4ab8-989a-7e79732aac06,,,Surgical Scalpel Blade No.10,,Medical supply,N/A,,,2
f12bb2d5-c9d6-4db3-b94e-4dca6f3bcd99,,,Peritoneal Biopsy Needle,,Medical supply,N/A,,,2
de5ba0c9-048d-4e75-bd65-fedcf322cd12,,,Resuscitator Bag (Ambu Bag),,Medical supply,N/A,,,2
c92acb0d-823d-456f-9b3a-9377c42a1664,,,Syringe(AD) 2ml with needle 21G,,Medical supply,N/A,,,2
e3c96bf7-6b48-4d57-8aaf-a811ec4599c1,,,New Emergency Health Kit Supply 1 Equipment,,Medical supply,N/A,,,2
c6f0e50c-7b14-48b7-aa6c-87542e2c059e,,,Gauze Bandage 10cmx4m,,Medical supply,N/A,,,2
73e01206-1c23-4919-b7a3-4f8d62bf81d1,,,Catheter Foley Silconized Latex Two Ways 30 50ml Balloon 12CH,,Medical supply,N/A,,,2
118e2f0b-a051-4d4f-987a-e0d01d37c7b8,,,Catheter Foley Silconized Latex Three Ways 30 50ml Balloon 14CH,,Medical supply,N/A,,,2
cb114cfe-8d1c-4bb1-87c0-33d6a52815d0,,,Catheter Foley Silconized Latex Two Ways 30 50ml Balloon 18CH,,Medical supply,N/A,,,2
21f5ce04-c57f-4c1f-a676-06fa11eb2d9b,,,Catheter Foley Silconized Latex Three Ways 30 50ml Balloon 20CH,,Medical supply,N/A,,,2
7799be55-8c21-42f3-a448-fad59ec00ba6,,,Boots for Delivery 38 Size,,Medical supply,N/A,,,2
aa8f5b15-feab-4704-8219-966e8bc87bef,,,Starting Device 4 Jan,,Medical supply,N/A,,,2
1b652692-2f0d-4ed8-88b1-26d17f57ed3b,,,Catheter Suction 6CH,,Medical supply,N/A,,,2
022f52cc-eacb-41aa-bc4f-715c4c9d6f4d,,,Endotracheal Tube 7.5CH,,Medical supply,N/A,,,2
c920b0fa-c4e1-4509-a4c1-1b5b772ca2cb,,,Triangular Bandage 96cmx96cmx136cm,,Medical supply,N/A,,,2
7839e7cc-0b37-4341-bc40-deb6e06a9085,,,Polyglycolic acid absorbable braided violet Gauge 1.0(5/0) 75cm on 45mm 1/2 circle cutting taper Needle,,Medical supply,N/A,,,2
380075a8-8b8f-4a47-9d7d-be4ea409403b,,,Mersilk Braided Black Gauge 2.0(3/0) 100cm on 35mm 3/8 Circle Reverse Cutting Needle,,Medical supply,N/A,,,2
21162b7f-0c9f-4c16-934e-c0cc293ff087,,,Polyglycolic acid absorbable braided violet Gauge 3.0(2/0) 75cm on 26mm 3/8 Circle Reverse cutting needle,,Medical supply,N/A,,,2
968a736f-8764-4299-8db0-0ca41d6f0eb7,,,Polyglycolic acid absorbable braided violet Gauge 3.0(2/0) 75cm on 27mm 1/2 Circle Reverse Cutting Needle,,Medical supply,N/A,,,2
66918a60-52ce-430c-8411-d3481eb0aec0,,,Polyglycolic acid absorbable braided violet Gauge 3.0(2/0) 75cm on 34mm 1/2 circle round bodied needle,,Medical supply,N/A,,,2
eaa4f8de-6e94-4209-90e0-48156b205837,,,Polyglycolic acid absorbable braided violet Gauge 4.0(1) 75cm on 45mm 1/2 Circle cutting taper needle,,Medical supply,N/A,,,2
6df79b5f-e01f-4d07-add2-e49909aff4e0,,,Polyamide Monofilament Gauge 5.0(2) 90cm on 50mm 1/2 Circle Round Bodied Needle,,Medical supply,N/A,,,2
efc8396b-f395-4e2e-9210-6d0df23a4014,,,Prescription Pad (Narcotic ),,Medical supply,N/A,,,2
3b867b3d-b864-4654-a169-c4fb2ab329de,,,Towel for New Born 100% Cotton,,Medical supply,N/A,,,2
3c23f2e2-ae44-4af1-9425-b73004d12b38,,,"Conical Flask Erlenmeger Borosilicate Glass 3.3, with Printed Graduation 100ml",,Medical supply,N/A,,,2
3cdb1ea8-2894-439e-8ad7-12e262b67bc1,,,Cannula Intravenous Set 20G,,Medical supply,N/A,,,2
51e443bb-91df-49ce-bd5a-25dc09d36b4a,,,Rectal Tube Rubber With Terminal Size 24CH,,Medical supply,N/A,,,2
0fd70254-543c-48a4-bcb9-9c774aab5b22,,,Syringe (Disposable) 3ml with Needle 20G,,Medical supply,N/A,,,2
7ac6184a-bb5b-4eee-9b1c-057dedbb5da8,,,Catheter Suction Transparent with Funnel Silco Sterile 8CH,,Medical supply,N/A,,,2
fadc273f-fd23-4296-8b37-4f30685461a7,,,Polyglycolic acid absorbable braided violet Gauge 0.4(8/0) 45cm on 8mm 3/8 Circle Round Bodied taper needle,,Medical supply,N/A,,,2
869f4846-214e-4e63-8a40-be38ce5b3c75,,,Mersilk Braided Black Gauge 1.5(4/0) 75cm on 17mm 1/2 Circle reverse cutting Needle,,Medical supply,N/A,,,2
d32d23ce-fd1f-47f9-be37-fdc1e56dd1fc,,,Mersilk Braided Black Gauge 1.5(4/0) 75cm on 19mm 1/2 Circle Reverse Cutting Needle,,Medical supply,N/A,,,2
6594d5c9-878d-4f18-8d70-8aeb3bde4656,,,Mersilk Braided Black Gauge 1.5(4/0) 75cm on 24mm 1/2 Cicle Round Bodied Needle,,Medical supply,N/A,,,2
06ac0a39-3f86-4c77-a3d7-76ee1743b374,,,Cat Gut Chromic Gauge 2.0(4/0) 75cm on 38mm 1/2 Circle Reverse Cutting Needle,,Medical supply,N/A,,,2
6378bfb7-0dca-4a48-977d-3221f57d49fe,,,Poly Diaxone Monofilament Violet Gauge 3.0(2/0)70cm on 31mm 1/2 circle round bodied taper needle,,Medical supply,N/A,,,2
c1673a51-a754-4a66-ae75-3770d518ecce,,,Mersilk Braided Black Gauge 3.5(0) 75cm 30mm 1/2 Circle Round Bodied Needle,,Medical supply,N/A,,,2
c3775595-9956-4477-99b8-e5b0cdaabc17,,,Mersilk Braided Black Gauge 3.5(0) 75cm on 28mm 1/2 circle round bodied needle,,Medical supply,N/A,,,2
0d29a274-1068-481f-8331-968b5c653357,,,Cat Gut Chromic Gauge 4.0(0) 75cm on 20mm 1/2 Circle Round Bodied Needle,,Medical supply,N/A,,,2
ea8a87aa-aa95-40b8-872a-13232c7ba6cc,,,Cat Gut Chromic Gauge 4.0(0) 75cm on 38mm 1/2 Circle Reverse Cutting Bodied Needle,,Medical supply,N/A,,,2
d81a0390-161d-470f-9d58-cb2422e0291f,,,Cat Gut Chromic Gauge 4.0(0) 75cm on 40mm 1/2 Circle Round Bodied Needle,,Medical supply,N/A,,,2
725913ad-5343-4b9e-83e9-f7e1b5ef3a3c,,,Poly Diaxone Monofilament Violet Gauge 5.0(2) 90cm on 40mm 1/2 Circle Round Bodied Taper Needle,,Medical supply,N/A,,,2
17990f3d-7ed7-44dd-a475-6b5afbfc26ca,,,Pillcater with Box,,Medical supply,N/A,,,2
e844b5e0-d678-427d-81ea-bca03cfab7c5,,,Thermostatic Valve Orifice,,Medical supply,N/A,,,2
9b304a73-d30f-40c3-9e9b-63f90297cb78,,,Three way valve Luer with caps,,Medical supply,N/A,,,2
9ab83633-df30-4c3d-9061-3b9434cecec9,,,Tourniquet of Double Belt,,Medical supply,N/A,,,2
fbdc0239-eb0c-4af2-8545-65fe9f09ccab,,,Cannula Intravenous Set 16G,,Medical supply,N/A,,,2
976090d1-0093-498d-a91e-0eefbda937bc,,,Glove Examination Latex Non Powdered Medium,,Medical supply,N/A,,,2
e023e535-86d8-4364-adc1-75a7d1093754,,,Glove Heavy Duty Latex (Disposable) Medium,,Medical supply,N/A,,,2
0bb4c90f-bcd3-42e2-aa67-32182199271c,,,Glove Examination Latex Non Powdered small,,Medical supply,N/A,,,2
c732d57e-255f-4a3c-8199-00eeb5ab3f1d,,,"Sling For Use with Scale 0145555, 0557000",,Medical supply,N/A,,,2
0f8d9aee-1478-4441-8948-55bb137c7098,,,Oropharyngeal Airway (Guedel) Sterile 120mm,,Medical supply,N/A,,,2
70fe8ad9-dfa9-4ab1-aedc-f02f4a24d963,,,Syringe (Disposable) 20ml with Needle 20G,,Medical supply,N/A,,,2
04f5f49c-7133-4803-8772-d7dd6a7220d2,,,Rectal Tube Rubber With Terminal Size 30CH,,Medical supply,N/A,,,2
66ee1e7b-075b-4299-8982-1a4dd49f7c12,,,Starting Device 3 Jan,,Medical supply,N/A,,,2
69d70350-7ac6-4239-a719-c1741013f86a,,,Mersilk Braided Black Gauge 1.5(4/0) 75 cm on 24 mm 3/8 Circle Reverse Cutting Needle,,Medical supply,N/A,,,2
ac90b2ba-177f-4cf4-88b4-7e62bc6cf3bd,,,Polyglycolic acid absorbable braided violet Gauge 2.0(3/0) 75cm on 27mm 1/2 Circle Reverse Cutting Needle,,Medical supply,N/A,,,2
12d083f0-f8c9-457c-8905-123e89c898e0,,,Polyglycolic acid absorbable braided violet Gauge 2.0(3/0) 75cm on 35mm 1/2 round bodied Needle,,Medical supply,N/A,,,2
050b2840-0898-434d-bbbb-eb6f49e5cb30,,,Poly Diaxone Monofilament Violet Gauge 3.0(2/0) 70cm on 31mm 1/2 circle round bodied taper needle,,Medical supply,N/A,,,2
7b2f2757-3c2d-4e12-823a-31ca3513ca63,,,Mersilk Braided Black Gauge 3.0(2/0) 75cm on 27mm 1/2 Circle Reverse Cutting Needle,,Medical supply,N/A,,,2
5fec0394-a367-4b5b-b03c-e6d1ccb21cd1,,,Mersilk Braided Black Gauge 3.0(2/0) 75cm on 33mm 1/2 Circle Round Bodied Needle,,Medical supply,N/A,,,2
3703d0e4-c9fe-476a-9cb3-57a0a53da756,,,Mersilk Braided Black Gauge 3.0(2/0) on 75cm on 17mm 1/2 Circle Reverse Cutting Needle,,Medical supply,N/A,,,2
ca3646b0-08aa-4a73-9c77-845f8486cc9f,,,Cat Gut Chromic Gauge 3.5(2/0) 75cm on 38mm 1/2 Circle Round Bodied Needle,,Medical supply,N/A,,,2
2b1a9d12-2043-4d73-b9bc-9eeda697a8f2,,,Cat Gut Chromic Gauge 3.5(2/0) 75cm on 45mm 1/2 Circle Round Bodied Needle,,Medical supply,N/A,,,2
8349a15c-3952-4feb-a456-8300426fb3a3,,,Polyglycolic acid absorbable braided violet Guage 3.5(0)75cm on 48mm 1/2c Round Bodied Needle,,Medical supply,N/A,,,2
c2ded041-1dcd-4496-8451-8968ce047a9b,,,Autocheck 5+ level 3 Blue Box of 30 Ampules for ABL7XX/8XX S7755,,Medical supply,N/A,,,2
d407adc6-4f0a-492e-8d6c-3b2bcb7ccba2,,,Glove Surgical Latex Sterile No. 7.5,,Medical supply,N/A,,,2
339623bc-889e-483b-92dd-436d9cf4cca8,,,Pediatric hose set,,Medical supply,N/A,,,2
625fea50-9502-4fb6-984b-49012ec2e9cb,,,Phase Reverser with Failure Control,,Medical supply,N/A,,,2
68457bac-b891-4796-b5ed-5abc78d6d501,,,Sheeting PVC 100x100cm,,Medical supply,N/A,,,2
51472be3-63a4-4e40-8802-455f45ced074,,,Blood Collecting Bag CPDA1 Anticoagulant Triple 450ml,,Medical supply,N/A,,,2
10ec9b0e-db54-4d6b-8594-79c35a286b42,,,"Conical Flask Erlenmeger Borosilicate Glass 3.3, with Printed Graduation 500ml",,Medical supply,N/A,,,2
586f8de6-4042-4642-80fd-a4ebfc06af7a,,,Flask Heat and Chemical Resistant 500ml,,Medical supply,N/A,,,2
605f5837-0ff5-4aa1-86cc-2005ac5f3681,,,Glass Volumetric Transfer Pipette 5ml,,Medical supply,N/A,,,2
607b6f4e-0efc-4ab3-aac9-61195189059c,,,Resuscitator Bag (Ambu Bag) Adult,,Medical supply,N/A,,,2
60dfe7df-31ce-442b-94e4-6ce92c22e72e,,,Universal Bottle or sputum Screw Capped for sputum Screw Capped,,Medical supply,N/A,,,2
533d2df0-063f-4cef-b336-0786fadfe232,,,Measuring Tape 2m,,Medical supply,N/A,,,2
78f734c5-2c09-41e2-a092-5cac2cf34c6a,,,Syringe(AD) 5ml with Needle 23G,,Medical supply,N/A,,,2
c643b1c3-e632-479a-aa5e-965d5ef7579b,,,Polyamide Monofilament Gauge 0.2(10/0) 60cm on 6mm1/3 Circle Spatula Double Armed Needle,,Medical supply,N/A,,,2
cba83a6b-b60e-412c-8714-2884bf206f56,,,Polyamide Monofilament Gauge 0.3(9/0) 30cm on 6mm 3/8 Circle round Bodied Spatula Double Armed Needle,,Medical supply,N/A,,,2
55af3107-143a-4a47-80b2-3c389e8b2a60,,,Polyglycolic acid absorbable braided violet Gauge 2.0(3/0) 75cm on 19mm 3/8 Circle Reverse Cutting Needle,,Medical supply,N/A,,,2
f8f3d37e-9c9c-40ca-8b6c-cc3c4f37af1a,,,Mersilk Braided Black Gauge 3.0(2/0) 75cm on 20mm 1/2 Circle Round Bodied Needle,,Medical supply,N/A,,,2
8a84e46d-0401-4515-9385-ad666ab61134,,,Cat Gut Chromic Gauge 3.5(2/0) 70cm on 45mm 1/2 Circle Cutting Taper Needle,,Medical supply,N/A,,,2
02fb6af3-7430-4063-95c5-152398a410db,,,Poly Diaxone Monofilament Violet Gauge 4.0(1) 50cm on 48mm 1/2 circle round bodied taper needle,,Medical supply,N/A,,,2
b108dda6-db0b-41bc-8c76-323b7f8574ba,,,Mersilk Braided Black Gauge 4.0(1) 75cm on 22mm 3/8 Circle Reverse Cutting 22mm,,Medical supply,N/A,,,2
160d817a-454f-4a6f-81b5-e9d0fb737826,,,Mersilk Braided Black Gauge 4.0(1) 75cm on 32mm 1/2 Circle Round Bodied Needle,,Medical supply,N/A,,,2
7da4e14e-b5a8-4fc3-b049-56b771263785,,,Cat Gut Chromic Gauge 6.0(2) 75cm on 37mm 1/2 Circle Round Bodied Needle,,Medical supply,N/A,,,2
8065ac7f-a4f2-4bee-884e-0a873b9ea2a7,,,Filter Paper Qualitative Whatman Grade 1 Diameter 90mm,,Medical supply,N/A,,,2
e3737258-43a5-4c71-baa4-366e1a9fe058,,,Multipette automatic 5 positions,,Medical supply,N/A,,,2
baf44b19-916b-4684-9284-424826c5451d,,,Measuring Apparatus Pediatric Wooden 131cm,,Medical supply,N/A,,,2
5541bd4f-1983-4049-905f-e842bf6c3079,,,Vacutainer Blood Collection Tube with vacuum red top 10ml,,Medical supply,N/A,,,2
40e43eab-ba67-4364-91f1-bf2ee85aad05,,,Capillary tube hematocrite heparinized,,Medical supply,N/A,,,2
78fc29a3-d059-4b09-8df8-1c08f9558618,,,Conical Centrifuge Tubes 50ml,,Medical supply,N/A,,,2
60264f2c-dd20-4a97-94b8-7866fd201bcc,,,Blood Collecting Bag CPDA1 Anticoagulant Single 250 ml,,Medical supply,N/A,,,2
75664b9d-325b-476e-b7cb-44f4d7045811,,,Applicator Wooden Stick with out Cotton Tip 15cm x 2.5mm,,Medical supply,N/A,,,2
91aec23c-b6cb-461d-a773-cd0145308172,,,Applicator Stick Wooden with Cotton Tip 15cm x 2.2mm,,Medical supply,N/A,,,2
f51fb519-d405-411e-afce-93027daeb422,,,Cat Gut Chromic Gauge 4.0(0) 75cm on 48mm 1/2 circle Round Bodied Needle,,Medical supply,N/A,,,2
facd7e9c-49b5-4789-a90d-4ba8caf61ac4,,,Mersilk Braided Black Gauge 2.0 (3/0) 75cm on 17mm 1/2 Circle Round Bodied Needle,,Medical supply,N/A,,,2
5229d67e-f761-443b-ba39-2e9b64eda142,,,Mersilk Braided Black Gauge 2.0(3/0) 75cm on 27mm 1/2 Circle Reverse Cutting Needle,,Medical supply,N/A,,,2
e02c00da-d6e8-4d66-aaf4-380410e981f6,,,Mersilk Braided Black Gauge 2.0 (3/0) 75cm on 17mm 1/2 Circle Reverse Cutting Needle,,Medical supply,N/A,,,2
d2e7c8f4-8f7c-4fe6-b254-fa63cfc136f9,,,Mersilk Braided Black Gauge 1.0 (4/0) 75cm on 19mm 1/2 Circle Reverse Cutting Needle,,Medical supply,N/A,,,2
f2b18c88-080c-4c62-865c-f211161e7417,,,Polyglycolic acid absorbable braided violet Gauge 2.0 (3/0) 75cm on 36mm 1/2 Circle Round Bodied Needle,,Medical supply,N/A,,,2
974bb1d4-8d1c-49f3-99a7-557fb7600f89,,,Mersilk Braided Black Gauge 3.5(0) 75cm on 27mm 1/2 Circle Round Bodied Needle,,Medical supply,N/A,,,2
9768310b-4653-4fe9-a303-c36f1a78b77f,,,Polyamide Monofilament Gauge 0.3 (9/0) 13 cm on 64mm Spatula Double Armed Round Bodied Needle,,Medical supply,N/A,,,2
2e6a235a-4753-4e4f-a459-9738b8fa1f7c,,,Drainage Chest Tube 18FG,,Medical supply,N/A,,,2
e195859d-74ed-4c62-9816-66588b86cea1,,,Catheter Condom Latex Medium 25mm,,Medical supply,N/A,,,2
2983b061-083a-43fb-928c-b17684b566a1,,,Catheter Foley Silconized Latex Two Ways 30 50ml Balloon 24CH,,Medical supply,N/A,,,2
31ef626c-c9fb-4abc-9983-ada693b5cec0,,,Catheter Foley Silconized Latex Three Ways 5 15ml Balloon 6CH,,Medical supply,N/A,,,2
47f6e6f0-ccbb-4ef3-a5b9-5e9ae4818f75,,,Catheter Foley Silconized Latex Three Ways 5 15ml Balloon 4CH,,Medical supply,N/A,,,2
e5986dc3-74e0-41f5-92a1-f9d2e1c122fb,,,Catheter Foley Silconized Latex Two Ways 5 15ml Balloon 6CH,,Medical supply,N/A,,,2
a6cb753d-0eda-4f20-a1e3-d784adfae55d,,,Catheter Foley Silconized Latex Two Ways 5 15ml Balloon 4CH,,Medical supply,N/A,,,2
5678408f-51b7-4293-9ae2-f729fbdec6f8,,,Scalp Vein Winged Infusion Set 29G,,Medical supply,N/A,,,2
aabbb585-badc-4b16-a4b3-076c7d1310b3,,,Cat Gut Chromic Gauge 7.0(3) 75cm on 48mm 1/2 Circle Round Bodied Needle,,Medical supply,N/A,,,2
a4a49e7b-6c8e-4307-9924-480c346afaee,,,Biohazard Bags Disposable Red,,Medical supply,N/A,,,2
61b895d8-56be-4f96-b53f-1bfbf5f1a21d,,,Biohazard Bags Disposable Yellow,,Medical supply,N/A,,,2
db63833a-f04d-4efb-b02c-b1e315da8227,,,Biohazard Bags Disposable Black,,Medical supply,N/A,,,2
8dd86d42-5824-4556-9d51-93f7140d4f6c,,,Pasteur pipette glass,,Medical supply,N/A,,,2
69140cd3-1e18-4055-a426-b95ec0e27446,,,"Tourniquet for adult,ABS auto lock buckle,size 25x450x6mm,blue color.",,Medical supply,N/A,,,2
6e80617e-1873-43fe-88d4-7dc151e2f8e6,,,Cat Gut Chromic Gauge 3.0(3/0) 75cm on 25mm 1/2 Circle Reverse Cutting Needle,,Medical supply,N/A,,,2
a5dc02e0-8ff0-4950-8aa4-50beb3e7c26a,,,Cat Gut Chromic Gauge 3.5(0) 75cm on 27mm 1/2 Circle Reverse Cutting Needle,,Medical supply,N/A,,,2
f5ec5366-c026-4a37-96ab-c9d627fe1fb7,,,Cat Gut Chromic Gauge 4.0(0) 75cm on 30mm 1/2 Circle Reverse Cutting Needle,,Medical supply,N/A,,,2
73719fc0-6e06-4abc-bf9c-d83540c9a0d8,,,Cat Gut Chromic Gauge 5.0(1) 75cm on 48mm 1/2 Circle Reverse Cutting Needle,,Medical supply,N/A,,,2
3f3d435c-ab41-4c21-b5fd-57102d64958b,,,Cat Gut Chromic Gauge 6.0(2) 75cm on 35mm 1/2 Circle Reverse Cutting Needle,,Medical supply,N/A,,,2
433656f7-bb6c-4caf-8bcc-34b0882f2abe,,,Cat Gut Chromic Gauge 7.0(3) 75cm on 48mm 1/2 Circle Reverse Cutting Needle,,Medical supply,N/A,,,2
25281bc8-1d70-468b-888c-5e12477e5c78,,,Glove Surgical Latex Sterile Powder Free No. 6.5,,Medical supply,N/A,,,2
1d3aef0d-116d-429a-b551-864eda29fde3,,,Glove Surgical Latex Sterile Powder Free No. 7,,Medical supply,N/A,,,2
1e81215b-4bf9-4664-9f8a-c7151f9bfee6,,,Glove Surgical Latex Sterile Powder Free No. 7.5,,Medical supply,N/A,,,2
11e0b258-8cdd-4608-ab0a-a409722fac62,,,Glove Surgical Latex Sterile Powder Free No. 8,,Medical supply,N/A,,,2
835b4bbf-efe5-448d-a37b-67a1691c9ceb,,,"Specimen container 4 oz,graduated in ml,sterile,transluecent polypropylene,full turn screw thread,leak resistant seal,individually wrapped",,Medical supply,N/A,,,2
3efac098-0b13-46e5-a4a5-fd983967d860,,,Ultrasound Paper,,Medical supply,N/A,,,2
1871813c-69f5-495f-b9d4-afab20fa1487,,,Cat Gut Chromic Gauge 4.0(0) 150cm on 30mm 1/2 Circle Round Bodied Needle,,Medical supply,N/A,,,2
3535beb6-a4e4-4a48-a661-2d8f06b60cf0,,,Cannula Intravenous Set External Diameter 1.3mm Length 45mm 16G,,Medical supply,N/A,,,2
0973768f-74f5-46f2-a28b-0e0c7b9115aa,,,Ultrasound Paper 110mm width x 20meter length,,Medical supply,N/A,,,2
1eb8f674-6ebf-44db-9da6-b9e446c1dca7,,,Filter Paper Qualitative Whatman Grade 1 Diameter 150mm with pore size 11µm,,Medical supply,N/A,,,2
bd2f203f-2948-4ffc-ac00-f50c9f171d82,,,Catheter Foley Silconized Latex Three Ways 5 15ml Balloon 10CH,,Medical supply,N/A,,,2
7409ad40-e383-466f-a8a1-6742d14875b2,,,Cannula Intravenous Set external diameter 1.1mm length 32mm 20G,,Medical supply,N/A,,,2
cb5cc9d5-2e60-43e6-9428-1093a7f4fa62,,,Cannula Intravenous Set external diameter 0.9mm length 25mm 22G,,Medical supply,N/A,,,2
5a384c2d-5351-47b7-8947-1ee07ea1f6a3,,,Cannula Intravenous Set external diameter 0.7mm length 19mm 24G,,Medical supply,N/A,,,2
da2d390b-e2e7-44b1-acfe-0d628c0d6783,,,Cannula Intravenous Set external diameter 1.3mm length 45mm 18G,,Medical supply,N/A,,,2
4f0fcd7c-7457-4ce6-8253-7ef4a62c5853,,,Adhesive Plaster Zinc Oxide 12.5cmx10m,,Medical supply,N/A,,,2
5c8530bd-6fa1-46ac-aa1a-01cc6f46ffc6,,,Endotracheal Tube sterile CH 3.5 cuffed,,Medical supply,N/A,,,2
917aa766-b482-42b6-852f-3386154dd82f,,,Endotracheal Tube sterile CH 4 cuffed,,Medical supply,N/A,,,2
001ca309-d50b-4df1-9cb5-bc579e208a75,,,Endotracheal Tube sterile CH 4.5 cuffed,,Medical supply,N/A,,,2
d142534e-158a-4d36-92a9-1d068b64f8b1,,,Endotracheal Tube sterile CH 5 cuffed,,Medical supply,N/A,,,2
cbb24ad1-f7b6-4e16-a77a-ddf8c432ffb0,,,Endotracheal Tube sterile CH 6.5 cuffed,,Medical supply,N/A,,,2
20889b47-d51f-4f37-a619-c3d755688a00,,,Endotracheal Tube sterile CH 8 cuffed,,Medical supply,N/A,,,2
aca14f61-791e-4f3d-b9a6-3e68192cd3e1,,,"Scalp Vein Winged Infusion Set with luer adapter 21G, 0.75 inch(19mm) needle, 7 inch(178mm) tubing",,Medical supply,N/A,,,2
3ef72c4c-c1b8-4a06-adb7-dd8d11282bf9,,,"Syringe (Disposable) (Sterile) 3 Parts, 20ml Luer fitting with 21G Needle",,Medical supply,N/A,,,2
caa87957-3de9-42df-9fb4-d30e58f3779a,,,"Syringe (Disposable) (Sterile) 3 Parts, 3ml Luer fitting with 21G Needle",,Medical supply,N/A,,,2
9610d70d-88cc-4dbf-aa88-01337be60a51,,,"Syringe (Disposable) (Sterile) 3 Parts, 3ml Luer fitting with 23G Needle",,Medical supply,N/A,,,2
e897b21b-4499-4e6f-9281-f9ea58d056c2,,,"Syringe (Disposable) (Sterile) 3 Parts, 50ml Luer fitting with 21G Needle",,Medical supply,N/A,,,2
467e9414-5572-425a-aeed-b436a5871989,,,"Syringe (Disposable) (Sterile) 3 Parts, 5ml Luer fitting with 23G Needle",,Medical supply,N/A,,,2
7611e6a6-8787-4c8e-99bf-7c25791661ff,,,"Gauze Swab 10cmx10cm, 8plys sterile",,Medical supply,N/A,,,2
49135a3b-02f0-4403-aa2a-85da37734dd8,,,"Colostomy Bag Adhesive Regulator Closed 30mm Opening, adult opec medium",,Medical supply,N/A,,,2
80ab1adf-b887-4448-82a0-1f2b96c651e3,,,Colostomy Bag Adhesive Regulator Closed 30mm Opening pediatric,,Medical supply,N/A,,,2
77b03582-9ba5-4763-a85f-0775781b25bd,,,Mersilk Braided Black Gauge 3.5(0) 75cm on 32mm 1/2 circle cutting tapper Needle,,Medical supply,N/A,,,2
37d57c3f-a621-4129-add9-1573de9e3970,,,Catheter Suction 14CH,,Medical supply,N/A,,,2
0502be66-b4b1-4715-af9e-ccfdf4c8126f,,,Catheter Suction 8CH,,Medical supply,N/A,,,2
4dad84a9-d7b5-4fc2-9fc2-602006b3708c,,,Catheter Suction 16CH,,Medical supply,N/A,,,2
b2f9ac05-1caf-432f-87ab-26b665a69273,,,Tissue Paper 10cm x 15cm,,Medical supply,N/A,,,2
e7b90faf-8e86-4a79-8eb2-2bb31c5ca39a,,,Tissue Paper for Lense Cleaning,,Medical supply,N/A,,,2
282f3419-beaa-47a8-9014-38982d5370ab,,,Socket Outlet,,Medical supply,N/A,,,2
65bfdaa0-a6b2-4e52-9636-ab7c91f03811,,,"Abbott 2000/COBAS Absorbent Underpad, 60x40 Inches",,Medical supply,N/A,,,2
7f214c66-06c9-4fc3-8746-efaa83a3024e,,,Measuring Tape 1m,,Medical supply,N/A,,,2
335c5e0b-fc3e-4211-ad98-8a4660539190,,,Oropharyngeal Air Way,,Medical supply,N/A,,,2
925b0ec1-fcbb-473c-b06b-92e5e2a8e5ce,,,Oxygen Nasal Catheter (Prongs) Pediatric,,Medical supply,N/A,,,2
0b70f678-4b6e-4a8c-ba70-1e3263c4f83f,,,Lumbar Puncture Needle,,Medical supply,N/A,,,2
c0326c98-0c21-4d45-968b-07789ebbcdda,,,Adult Cardio Pulmonary Resuscitation Defibrillation Manikin,,Medical supply,N/A,,,2
ea53ed9e-cd95-42f1-b404-57b893d823ee,,,Female Uretheral/Suprapubic Catheterization Trainer,,Medical supply,N/A,,,2
1b4f3286-0d07-42cf-a103-b203a6390d44,,,Microbiology Bile Esculin Agar,,Medical supply,N/A,,,2
a760ee91-fe10-4d71-b990-6299b33b2939,,,Membrane Filtration Unit,,Medical supply,N/A,,,2
29f8cc00-2352-4a34-b108-8bf7bded5162,,,Umblical Cord Tie 6mm x 24.5m,,Medical supply,N/A,,,2
a08b21a7-a1d3-48e9-9e9e-bd7079fe8723,,,Disposable Pressure measure,,Medical supply,N/A,,,2
f452ad90-1b8c-4950-a9f6-0fbf8401b1d9,,,"Booklet Exercise and Manual,CBNC Amharic Exercise and Manual,CBNC Amharic",,Medical supply,N/A,,,2
a7d6c8fd-f421-4f1b-8cd0-77c79c832184,,,Sterican single use dental needle G25,,Medical supply,N/A,,,2
d7bdc889-85d8-4ceb-bbfc-5361b2341a64,,,Sterican dental hypodermic needle G27,,Medical supply,N/A,,,2
6928cbc8-e8c6-4e08-8432-e7f3f457e329,,,"Goggle Safety HO;Yga Laser,27750095",,Medical supply,N/A,,,2
2aef8827-7dd6-47a6-a961-92ea2f2aa738,,,Insertion Accessories Kit for Implanol 25 Insertion/removal Procedure kit for 25 implanons,,Medical supply,N/A,,,2
5e76eb3f-23a9-4fc3-9115-f9ae90c29200,,,Autoclave Indicator Tape 1.9cm x 50m,,Medical supply,N/A,,,2
36a36bb7-1cc6-4e73-8785-0638ebb437b7,,,Pipette Class A 5ml,,Medical supply,N/A,,,2
665dd1b5-1867-4dae-8134-a6ef2cb9fc4c,,,Pipette Class A 10ml,,Medical supply,N/A,,,2
facd3caf-4571-4b05-b717-3be2fd98612e,,,IV Training Arm Infant,,Medical supply,N/A,,,2
0dcebb06-9d6c-45b1-ae9d-854a6033eaa6,,,PIMA CD4 Cartridge,,Medical supply,N/A,,,2
0ea7b5c4-5293-4c03-b711-7d641039a2e9,,,Blood Lancet,,Medical supply,N/A,,,2
3e704f99-59b3-4844-97d9-d0d613301edc,,,Clinical Chemistry Lactate Dehydrogenase (LDH),,Medical supply,N/A,,,2
69c8b279-589a-477f-b659-7299086e20f7,,,"FACSCalibur Falcon Tubel, 5ml",,Medical supply,N/A,,,2
93b1caec-dda7-4442-af65-e70ce59c3a02,,,Catheter Umblical,,Medical supply,N/A,,,2
30598c01-0ae4-4913-aaae-0f8d96ea915d,,,Paster Pipette Sterile 3.5 ml Capacity,,Medical supply,N/A,,,2
d5c363fe-c3e6-48c8-8c40-573964348bad,,,"Abbott 2000/COBAS Absorbent Underpad, 17x24 Inches",,Medical supply,N/A,,,2
89c78028-2469-49b5-87d3-5ad5f9081c54,,,"Abbott 2000/COBAS Shoe Cover, Disposable",,Medical supply,N/A,,,2
c1c2f05d-4487-4394-b606-8b289875e5a2,,,"Abbott 2000/COBAS Aerosol Resistant Pipette Tips, 1000ul",,Medical supply,N/A,,,2
563f41d9-cd50-48a6-b0bc-60b5ab69568d,,,"Abbott 2000/COBAS Aerosol Resistant Pipette Tips, 200ul",,Medical supply,N/A,,,2
4aed1f3a-f734-447d-bb50-66870bf4a63f,,,"Abbott 2000/COBAS Falcon Tube, 50ml",,Medical supply,N/A,,,2
70fe9277-a7b0-4355-ac32-b76985a2cd79,,,Vacutainer Needle Multiple Blood Sampling,,Medical supply,N/A,,,2
da65bdfe-fdf6-499e-bc4d-165796235146,,,"Test Tube, Polypropylene",,Medical supply,N/A,,,2
d41d6554-ad39-4bc9-bce2-ef96b6aa737a,,,"Microtainer Tube, k2EDTA 250 500 ul",,Medical supply,N/A,,,2
12f8b004-6e34-4584-81dc-179b41f2e08e,,,FACSCount Thermal Paper,,Medical supply,N/A,,,2
7cc1cfe4-381a-422c-b502-3716ef93e54d,,,Dental Needle 27G,,Medical supply,N/A,,,2
e2ed3d60-9ebc-4a08-b7da-1eb64fbfcdcd,,,Bandage Elastic 8cm x 4m,,Medical supply,N/A,,,2
0f8a1d3c-f9bf-4d27-8c6c-051fcee23460,,,Cotton Elastic Bandage 8cm x 5m,,Medical supply,N/A,,,2
6bf0eb5c-6ae6-4277-95af-e3c30187329a,,,Sharps Container 5L,,Medical supply,N/A,,,2
d7b4e0f7-d706-46b9-ad5c-fcabd9dcaf8d,,,Vacutatiner Needle Holder,,Medical supply,N/A,,,2
e00090a8-48df-45fa-8825-b5fcbb2bddc5,,,"Abbott 2000/COBAS Pipette Transfer Sterile, 5.8ml",,Medical supply,N/A,,,2
ee4547f5-90e6-4095-9cfc-8026feb85c2f,,,Plaster Of Paris (P.O.P) 7cm x 3m,,Medical supply,N/A,,,2
3c278d5e-c1c8-487d-912b-f5c96f02aef7,,,Adhesive Plaster Zinc Oxide 7.5cm x 10m,,Medical supply,N/A,,,2
2377acab-093c-4c12-a86e-16bd5f866594,,,Adhesive Plaster Zinc oxide (19x72mm + 25x72mm) (12 + 8) pices,,Medical supply,N/A,,,2
6a2e18aa-e255-44af-8d23-6ca473e04889,,,Gauze Absorbent Cotton 8cm x 4m,,Medical supply,N/A,,,2
055e8a29-84d3-4804-b8ce-bd489dd80642,,,Adhesive Plaster Zinc Oxide 12.5cm x 10cm,,Medical supply,N/A,,,2
433a2579-92e4-4038-a5d9-dc0bda8fb05e,,,Polyglycolic acid absorbable braided violet,,Medical supply,N/A,,,2
6f6e7acc-91f8-442e-98f0-8f7053be8c04,,,Adhesive Plaster Zinc Oxide 12.5cm x 10m,,Medical supply,N/A,,,2
3727681f-467b-4f5c-affa-a920c21ee116,,,Gauze Bandage 18.5cm x 5m,,Medical supply,N/A,,,2
f5319811-5db6-4ff6-b9b1-f1e2acd737f8,,,Bandage Elastic 7.5cm x 5m,,Medical supply,N/A,,,2
814022bc-2d02-4d78-87d8-a2ea2d1f8056,,,Gauze Bandage 18cm x 5m,,Medical supply,N/A,,,2
a52a91aa-8bdf-4d47-807c-36d16f1565f5,,,Label Tape Self Adhesive Yellow,,Medical supply,N/A,,,2
49a1e640-a344-471a-8ea6-699330859408,,,Label Tape Self Adhesive Red,,Medical supply,N/A,,,2
fae65d42-1409-4725-ad85-1178d955c931,,,Label Tape Self Adhesive blue,,Medical supply,N/A,,,2
0fa8108c-46c8-484f-a511-7c8a76ad048d,,,Bandage Elastic 8cm x 5m,,Medical supply,N/A,,,2
e43b6425-fc37-49f4-97e0-6c14818b8796,,,"Bandage Elastic 3""x6YD",,Medical supply,N/A,,,2
5d38ff53-0334-4225-ba43-f990f240a754,,,"Applicator Cotton Tipped, Non Sterile Non Steril 6''",,Medical supply,N/A,,,2
2cf9cad9-dea7-4b58-827a-c4f64b79ebcc,,,Bandage Elastic 3X5yd,,Medical supply,N/A,,,2
d63fe63d-fb1e-4419-9a3e-067832bbca32,,,Abbott VL/EID m2000 Optical Adhesive Cover,,Medical supply,N/A,,,2
6d4fadeb-54ea-4883-be54-8897773efea2,,,Gauze Surgical 90cm x 90m,,Medical supply,N/A,,,2
df70b200-818e-4c37-b0ae-3eee87fab736,,,Adhesive Tape 5cm x 9m,,Medical supply,N/A,,,2
7296526f-1052-4004-b694-c0d30f12f46a,,,Gauze Bandage 12.5cm x 5m,,Medical supply,N/A,,,2
45cf8ff0-0f10-459b-9180-f88d69a4d039,,,Bandage Elastic 4cm x 8m,,Medical supply,N/A,,,2
9ecccfef-bc09-476d-a9ff-ab8dcb32cbad,,,Pad Absorbent under layer blue polyethylene film with white non woven,,Medical supply,N/A,,,2
dbd3311b-e8b0-4b62-8c6d-31c1ed4eee4f,,,plastic Bag (Laundary) 25x35inch,,Medical supply,N/A,,,2
f6f203c9-189f-46f2-b4e8-723653a66a51,,,Plastic Tote Boxe,,Medical supply,N/A,,,2
055cab28-b425-45d2-97be-f2d4288be0b1,,,"Abbott 2000/COBAS Absorbent Underpad, 20x36 Inches",,Medical supply,N/A,,,2
62126704-29ca-4b78-bbd4-dbaf79824d20,,,"Blood Collecting Bag Triple CPDAI Anticoagulant, 450ml",,Medical supply,N/A,,,2
488f5922-5dcf-4068-b210-7f01fa6c324f,,,Goggle Safety,,Medical supply,N/A,,,2
3762897e-ab31-4d8c-806b-61f74eddadd6,,,Pipet Transfer,,Medical supply,N/A,,,2
0b285d93-c9d4-44ba-9b3e-6b27672c5fd3,,,"BD Facs Count Multi Check CD4,High,Control",,Medical supply,N/A,,,2
8462b61d-81d4-4b30-88ac-b2e0ed3efe6e,,,"Abbott 2000/COBAS Aerosol Resistant Pipette Tips, 200ul 200ul",,Medical supply,N/A,,,2
2b938945-30c7-46a8-abf1-68e6ff6136db,,,"Abbott 2000/COBAS Aerosol Resistant Pipette Tips, 1000ul 1000ul",,Medical supply,N/A,,,2
91cfa09f-bc18-47f6-9606-ad5507060405,,,Dropping Bottle with Ground Glass Stopper 50ml,,Medical supply,N/A,,,2
685cdb02-bd32-4e0f-a6fe-bbc1b5aea783,,,Vacutainer Tube Without Needle 10ml,,Medical supply,N/A,,,2
f4633f69-03ab-4632-b269-8506de8ee103,,,Microscope Slide,,Medical supply,N/A,,,2
a5d305da-3584-4db8-9a23-6de6408b32d9,,,"Boots Rubber, Bleach Resistant 38 Size",,Medical supply,N/A,,,2
c6761886-35a1-46ac-aa12-1900f5ddaf12,,,"Boots Rubber, Bleach Resistant 39 Size",,Medical supply,N/A,,,2
6ca234df-57e4-4e0e-a165-b0d28c99e312,,,"Boots Rubber, Bleach Resistant 40 Size",,Medical supply,N/A,,,2
9e48cc9c-34e0-44aa-8e87-59b8699f12c5,,,"Boots Rubber, Bleach Resistant 41 Size",,Medical supply,N/A,,,2
b280c441-d14c-48cf-a308-324c96c26db3,,,"Boots Rubber, Bleach Resistant 42 Size",,Medical supply,N/A,,,2
3ab857e3-73d7-484d-bbb5-f864ae92c3b6,,,Xpert MTB/RIF Cartridge,,Medical supply,N/A,,,2
17570593-c221-478e-a307-a7b91e0c9e25,,,"""Glass Graduated Pipette "" 2ml,0.02ml",,Medical supply,N/A,,,2
d65bf20d-824b-4dcf-a11d-abd1945afab2,,,"""Glass Graduated Pipette "" 5ml,0.05ml",,Medical supply,N/A,,,2
939b5214-9120-4d45-ad5c-35e0eb040c33,,,"""Glass Graduated Pipette "" 10ml,0.1ml",,Medical supply,N/A,,,2
5eb91bb9-de24-451b-a78c-96acc176e3a7,,,"Blue Tips, Micropippette, 1000µl",,Medical supply,N/A,,,2
8d57873c-6c54-459f-b2d1-e23e58f01ad6,,,White Blood Cell (WBC) Thoma Pipette,,Medical supply,N/A,,,2
f0e74523-5884-4ecb-93b0-6a30e8c37e9c,,,Sysmex Kx21N Thermal paper,,Medical supply,N/A,,,2
f3b96449-6125-4a5c-8f40-3b9abfd62d63,,,Bottle plastic Baby 150ml,,Medical supply,N/A,,,2
209c5901-5df4-4cd6-8f1b-5591ba84fc76,,,Paster Pipette Non Sterile 7.5 ml Capacity,,Medical supply,N/A,,,2
32299367-de9a-4fb6-bc73-9e2095b8c182,,,"Abbott 2000/COBAS Absorbent Underpad, 16x24 Inches",,Medical supply,N/A,,,2
2e320931-bbfd-4202-af10-50c67a144ba0,,,Catheter Suction Silconized with Funnel 22CH,,Medical supply,N/A,,,2
a24333c3-1fe1-485d-ad70-3f3f0793c88b,,,Tissue Paper for Lense Cleaning 10cm x 15cm,,Medical supply,N/A,,,2
98710f72-7738-4609-8328-24364055e6c2,,,"Blood Collecting Tube Plasma Preparation Tube, K2 EDTA+Polymergel, 5ml",,Medical supply,N/A,,,2
a8631f37-4757-4e56-9bd5-206ea5f9a155,,,Glove Examination Powder Free Nitrile Non Sterile Medium,,Medical supply,N/A,,,2
d4a85316-d7c4-4a66-b16d-d490164be632,,,Microscope Slide Frosted,,Medical supply,N/A,,,2
56e4bafa-5b18-42a6-87f8-1fa8e0212fbe,,,"Lab Coat, Blue, Large, Disposable",,Medical supply,N/A,,,2
f2ca0d18-b7a9-43b2-947d-75c6004c4d66,,,"Lab Coat, White, Medium, Disposable",,Medical supply,N/A,,,2
57601440-af6c-4c7e-807c-103611e53fac,,,Abbott 2000/COBAS Lint Free Cloth,,Medical supply,N/A,,,2
f80253c4-f8dd-4348-b118-5ab391c49a67,,,"Chemical Mask, Disposable, Adult size disposable Adult size",,Medical supply,N/A,,,2
752246da-11a6-4b90-a127-05452bb468d3,,,Vacutainer Blood Collection Tube with vacuum red top,,Medical supply,N/A,,,2
ea731f64-7298-465d-bb4a-ac2abd52d55f,,,Vacutainer serum separator tube with yellow top,,Medical supply,N/A,,,2
84054f51-6b91-4988-a54d-65946a02d215,,,Spirit lamp glass type with wick for alcohol,,Medical supply,N/A,,,2
9022d5af-a2b2-4979-a642-a08c9e0b12af,,,"Sputum Cup, Plastic with Screw Cap",,Medical supply,N/A,,,2
22cdf89e-025b-4f70-8c1a-70d02972d0bd,,,Endotracheal Tube Steriel Cuffed 3CH,,Medical supply,N/A,,,2
73302518-f964-4a4d-ba36-3511ad316575,,,"Pump Breast, Manual 30ml",,Medical supply,N/A,,,2
07b8d3c2-7f5b-4ff3-82fb-09fe545db90d,,,Serology Filariasis Test Strip,,Medical supply,N/A,,,2
05b7ba31-e18d-446a-ada8-50ad95faeba8,,,"Test tube glass, heat and chemical resistant",,Medical supply,N/A,,,2
b135ba32-1fc5-4e56-9f87-e57ada4b5d8d,,,"Abbott 2000/COBAS Pipette Transfer Sterile, 3ml",,Medical supply,N/A,,,2
dc5c5531-385c-4982-af14-535405f2ae92,,,"Capillary Tube, Ethylene Diamine Tetra Acetic Acid (EDTA), 75mm Length, 1.1 1.2mm Internal Diameter, 1.5 1.6mm Outside Diameter",,Medical supply,N/A,,,2
8d87db59-003b-4526-833c-2bb7d808eef5,,,"Blood Collecting Tube Serum Separator, 5ml With Clot Activator Gel 5ml",,Medical supply,N/A,,,2
673ed3a7-ec30-4252-9a7e-ae9434022fcb,,,"Blood Collecting Tube PL K2 EDTA, 4ml",,Medical supply,N/A,,,2
e9e9db40-697e-4f30-9038-4f0e6fad0b79,,,"Blood Collecting Tube Serum Separator, 10ml",,Medical supply,N/A,,,2
3d187159-5885-4578-8c2b-50f4ddb3e1ac,,,"Blood Collecting Tube Serum Separator, 5ml",,Medical supply,N/A,,,2
10ff45bb-ef10-49e0-afab-53831bb62729,,,"Vacutainer Needle Multiple Blood Sampling, 21G",,Medical supply,N/A,,,2
63ecdfec-67f7-4e48-886a-f1e261fb3392,,,"Cover Slide, 22mm X 22mm, 0.13 Depth",,Medical supply,N/A,,,2
9f939cdc-5fce-4d12-9403-9b9aaca0e7bc,,,X ray Film Developer to Make 10 Liters,,Medical supply,N/A,,,2
aa129e71-0191-44ee-8fa7-9f82163bb143,,,Condom Male Latex 180mm x 53mm,,Medical supply,N/A,,,2
4e2a9e81-75ac-4b78-a8ba-5bf5a43428fb,,,Oxygen Nasal Catheter (Prongs) Adult,,Medical supply,N/A,,,2
08d44c7a-e3d9-4196-9f3b-72ee6ab0cf17,,,"Sputum Cup, Plastic, Screw Cap, 50ml",,Medical supply,N/A,,,2
b017d3e4-5ce1-4c8c-9701-e2832b66572d,,,Hypodermic Needle 12G,,Medical supply,N/A,,,2
5edd7dc6-778b-4283-a490-bc0a2b015ab2,,,Hypodermic Needle 30G,,Medical supply,N/A,,,2
9817fb99-dd96-4bf7-a80c-6dd1c88e6336,,,Face Mask Standard Adult Size,,Medical supply,N/A,,,2
3e6ef288-2efa-4557-a350-6e5a7e6dc11d,,,Goggle Safety clean lens perfoared fram to provide excellent ventilation and reduced fogging,,Medical supply,N/A,,,2
48e8c976-dd0a-40ec-8e17-43a58e594b8a,,,Printer Paper,,Medical supply,N/A,,,2
e0d60035-61cb-44fc-94be-ae8f573add3e,,,Oxygen Nasal Catheter (Prongs) Child,,Medical supply,N/A,,,2
8a5aaf02-6568-4370-a808-baa41fca427e,,,Stove Single Burner Kerosene Heated Silent Type 1.5L,,Medical supply,N/A,,,2
7c6a4253-2711-4a52-ba22-8b1922fc41e1,,,Incinerator Plastic Bin 22L,,Medical supply,N/A,,,2
cb3e6c19-8974-4bd4-a598-7fa933a1d566,,,Hypodermic Needle 16G,,Medical supply,N/A,,,2
2ca7c0ee-56ef-4733-8538-93611f92763c,,,Bednet Mosquito Replant 160x180x150,,Medical supply,N/A,,,2
244865f2-a244-4ddc-bb9c-5c0a90ce4f36,,,"Yellow Tips, Micropippette, 100µl",,Medical supply,N/A,,,2
897c42e7-955d-4163-9c03-056e8d30c6d3,,,Hypodermic Needle 23G,,Medical supply,N/A,,,2
abdf3c35-cec4-4a98-8b98-0578da255de4,,,Hypodermic Needle 20G,,Medical supply,N/A,,,2
610b6ae1-fb1f-4dfb-b4a1-1ad12270311d,,,"Catheter Nasal Oxygen, Adult",,Medical supply,N/A,,,2
74743982-ccb8-47e3-b7eb-6d0b133406a1,,,"Catheter Nasal Oxygen, Paediatric",,Medical supply,N/A,,,2
bc31dd76-6e24-431c-9dc2-c4dcdc5f15fe,,,Sharp Container 5L,,Medical supply,N/A,,,2
9fcf1eea-4d2e-4067-8c0d-469ddedffd80,,,Sharp Container 8L,,Medical supply,N/A,,,2
61297016-5c66-467f-b693-e1a582ef1b8a,,,Naso Gastric Tube Sterile 15CH,,Medical supply,N/A,,,2
7d6932ce-f78f-43a5-be4c-dcdf9e683458,,,Tongue Depressor (Spatula) wooden,,Medical supply,N/A,,,2
24d4bbbe-29e3-4add-8385-6f8a9a06e9b5,,,Naso Gastric Tube Sterile 4CH,,Medical supply,N/A,,,2
ed01a790-d7d7-4657-b68b-1eb1f9c02ed1,,,"Bulb Syringe, Baby",,Medical supply,N/A,,,2
83cfd003-6abe-4703-8f24-426e8bcfd947,,,Implanol Insertion Accessories Kit for 20 Insertion/removal Procedure kit for 20 implanons,,Medical supply,N/A,,,2
070959dc-432f-477b-a530-3daa3f6495c3,,,"Abbott 2000/COBAS Absorbent Underpad, 20x24 Inches",,Medical supply,N/A,,,2
9606b775-da24-4429-b39c-f78e8744e4e6,,,Aluminum Foil (Diamond),,Medical supply,N/A,,,2
28dbef49-b05e-45d5-b2be-89382e8648a1,,,Catheter Suction transparent with funnel silconized infant size (Sterile) for single use,,Medical supply,N/A,,,2
52659deb-460b-4420-ac7c-5ce375a62af6,,,Catheter Suction transparent with funnel silconized adult size(Sterile) for single use,,Medical supply,N/A,,,2
26f6c361-5d56-414f-bba9-f790a984f583,,,Autoclave Indicator Tape 1.9cm x 55cm,,Medical supply,N/A,,,2
3ad8cde7-0b59-4685-a6a8-17ff918c5983,,,"Blood Lancet, Disposable, Sterile",,Medical supply,N/A,,,2
156255a1-a97a-41fa-b627-f07ed2e1d15e,,,Umblical Cord Tie 3mm x 50m,,Medical supply,N/A,,,2
62198f5b-f4bb-4d67-ae9d-25f3a9853c65,,,Microscope Slide holder for 100 slides,,Medical supply,N/A,,,2
e9b80038-f566-41a5-8230-c3d071d7bb9d,,,Microscope Slide holder for 32 slides,,Medical supply,N/A,,,2
068369bc-bdd4-46d4-91b6-9c36d321552a,,,Endotracheal Tube Steriel Cuffed 5.5CH,,Medical supply,N/A,,,2
72d0dac5-4353-486e-a7e7-b4a17ec15d3e,,,Endotracheal Tube Steriel Cuffed 7CH,,Medical supply,N/A,,,2
e071bf14-10d8-4985-b78e-4733e2b2f822,,,Endotracheal Tube Steriel Cuffed 7.5CH,,Medical supply,N/A,,,2
c95e5d4d-5e02-4f35-a4ab-0a618011edd3,,,Endotracheal Tube Sterile Cuffed 8.5CH,,Medical supply,N/A,,,2
16585043-da1b-4017-b846-e69c11525560,,,Mid Upper Arm Circumference(MUAC) measuring tape Children,,Medical supply,N/A,,,2
9edd92eb-eb8d-4330-b977-9d8509226891,,,Glove Examination Powder Free Nitrile Non Sterile Small,,Medical supply,N/A,,,2
43d2b5fe-e6e3-4014-a563-5de34e355fed,,,Mersilk Braided Black Gauge 1.5 (4/0) 75cm on 19mm 1/2 Circle Reverse Cutting Needle,,Medical supply,N/A,,,2
94a610ce-05d5-429c-b47d-c90fe32d7984,,,Mersilk Braided Black Gauge 3.5 (0) 75cm on 27mm 1/2 Circle Reverse Cutting Needle,,Medical supply,N/A,,,2
2387f62a-8a8d-419b-baec-e6935f6fedc6,,,"Colostomy Bag, Adhesive, Regulator Closed 30mm Opening",,Medical supply,N/A,,,2
8e1f23fe-1d1f-4eb8-b1ac-c2850ed74e4c,,,"Blood Collecting Bag Single CPDA Anticoagulant, 450ml",,Medical supply,N/A,,,2
3ebbccd9-819a-480a-9167-59ac58999a2e,,,Blood Collecting Bag CPDA1 Anticoagulant Single 450ml,,Medical supply,N/A,,,2
c7edd441-1edd-43e3-ba14-3053ddff9c0c,,,Microscope Slide Box,,Medical supply,N/A,,,2
f278b68f-6a96-45d2-9e0d-81d725a82581,,,Catheter Suction Silconized with Funnel 6CH,,Medical supply,N/A,,,2
a6f1479d-e97f-4087-abaa-30cac4b733b7,,,Polyamide Monofilament Gauge 0.2 (10/0) 30cm on 5mm Circle Spatula Double Armed Needle,,Medical supply,N/A,,,2
947d19b5-b119-41cc-8f14-d8c3747d8c47,,,Polyglycolic acid absorbable braided violet Gauge 0.5(7/0) 45cm on 13mm 1/2 Circle Round Bodied taper needle,,Medical supply,N/A,,,2
ebdc359e-239a-42c6-8915-500e217c5f4a,,,Blood Collection Set Infussion 3/4x23G,,Medical supply,N/A,,,2
b7a32d9f-47f4-4f3a-aa50-f4aa52f5c246,,,Glove Examination Powder Free Nitrile Non Sterile Large,,Medical supply,N/A,,,2
d24a8710-b73b-4abc-82a9-84539b358ddd,,,Naso Gastric Tube Sterile 12CH,,Medical supply,N/A,,,2
bf93a6fb-0da2-48a0-81cd-974d15f7de9b,,,Naso Gastric Tube Sterile 14CH,,Medical supply,N/A,,,2
239d4f59-5026-40e8-875d-eefeaed189b1,,,Naso Gastric Tube Sterile 16CH,,Medical supply,N/A,,,2
3d08c87c-c59d-4e22-9937-1ea1dc21700f,,,Naso Gastric Tube Sterile 18CH,,Medical supply,N/A,,,2
466a36be-937e-4fe0-b415-10cdda449c35,,,Naso Gastric Tube Sterile 6CH,,Medical supply,N/A,,,2
4a16f010-372b-4f6f-b9ff-99a8f17d2e50,,,Naso Gastric Tube Sterile 8CH,,Medical supply,N/A,,,2
7c9a91e7-1293-4f26-a9b8-c28b59bd0910,,,Surgical Scalpel Blade No.11,,Medical supply,N/A,,,2
299a8ed0-0879-4188-991d-2aef5437ad15,,,Surgical Scalpel Blade No.12,,Medical supply,N/A,,,2
6176a42d-82c0-4d4f-ad83-0de0ec6e4973,,,Surgical Scalpel Blade No.15,,Medical supply,N/A,,,2
66a501d5-fdec-454d-b232-6f61edfd9c4b,,,Surgical Scalpel Blade No.23,,Medical supply,N/A,,,2
2c2e041e-05ba-49f0-8db2-f44d44603062,,,"Paster Pipette Sterile 5.8 ml Capacity, Non graduated",,Medical supply,N/A,,,2
ea039ee8-0e05-489f-8a51-b8293f28394e,,,Microbiology Oxacillin 1µg Disc,,Medical supply,N/A,,,2
927e70f0-7963-4e23-826f-6c757f667266,,,Sputum Cup 60ml,,Medical supply,N/A,,,2
8bdec4ad-523b-4fd1-acb0-8b1fb29ca6a5,,,Spatula ,,Medical supply,N/A,,,2
68cf1b78-8cb3-45e0-9c20-080ec40cbfc9,,,Pipette 5ml,,Medical supply,N/A,,,2
31cb4e6d-60f9-460a-b162-08e5f1898bd9,,,Pipette 15ml,,Medical supply,N/A,,,2
8fd6a73a-5124-4220-8dbf-92ef71136a1e,,,Pipette 25ml,,Medical supply,N/A,,,2
3e39d9df-df94-4dc5-9278-5f8f9e20f350,,,Pipette 50ml,,Medical supply,N/A,,,2
ff3ad114-1542-406e-bdd3-71d8bd17d48b,,,Apron Plastic Reusable Autoclavable Medium White,,Medical supply,N/A,,,2
e261fab2-da5a-44ae-915d-1f0c53805773,,,Cryobox (Vial box) 9 x 9 Array 1.0/2.0ml,,Medical supply,N/A,,,2
a3438a2e-e000-4221-9523-c8f61621d918,,,Conical Centrifuge Tubes 15ml,,Medical supply,N/A,,,2
564dbcc2-feca-4635-b736-da1d9af25f56,,,Wash Bottle Plastic 500ml,,Medical supply,N/A,,,2
5c71359a-59a7-40be-890b-2740ca9e79da,,,"Pipette Serological,Disposabel,streile,graduated,clear,polystyrene 25ml",,Medical supply,N/A,,,2
21dd4a22-1a3b-42b8-826f-bbfab4daf773,,,PIMA Finger Stick Sample Collection Kit,,Medical supply,N/A,,,2
9d5387e6-9658-4d86-8df3-c5e0a313d4e0,,,Blood Collecting Bag CPDA1 Anticoagulant Single 350ml,,Medical supply,N/A,,,2
5925d7b5-f456-4328-8c45-4d65181d3f6d,,,Blood Collecting Bag CPDA1 Anticoagulant Quadruple 450ml,,Medical supply,N/A,,,2
f7f0cd00-198f-482e-83a4-82835651920f,,,Cryogenic Vial Screw Cap Round Bottom Self Standing 1.8ml,,Medical supply,N/A,,,2
60364de6-73a6-4611-87b3-12390b9d84c1,,,Microscope Cover Glass 18mm x 18mm,,Medical supply,N/A,,,2
a39daf4b-2bfb-4acb-8b0a-66130055a54b,,,Microscope Cover Glass 20mm x 20mm,,Medical supply,N/A,,,2
0f45d0ed-0032-45cb-b354-d8ff9e720941,,,Microscope Cover Glass 22mm x 22mm,,Medical supply,N/A,,,2
7b388bc0-4a10-4d57-9d23-787c3935391b,,,"Paster Pipette Sterile 3.5 ml Capacity, Graduated",,Medical supply,N/A,,,2
886299fa-f732-494f-8b9c-74c403ac932b,,,Biohazard Bag Autoclaveable 8.5'' x11'',,Medical supply,N/A,,,2
95b89d0e-df42-4c8a-8b3a-cdc4bf3ca352,,,Micro Pipette Tips,,Medical supply,N/A,,,2
36709a92-54ca-4aac-a511-70e802fee519,,,Pipette Tips Blue 1000ul,,Medical supply,N/A,,,2
00239e87-51f6-42eb-a4c8-2f45711a2b17,,,Jug HDPE 3.8Liters,,Medical supply,N/A,,,2
83282efe-531d-4083-b24e-f1ce51062f1c,,,"Sputum Cup, Plastic, Screw Cap, 60ml",,Medical supply,N/A,,,2
14dda775-9b73-49d3-b728-5a1cc8f742f1,,,"Sputum Cup, Stainless Steel, 100ml",,Medical supply,N/A,,,2
0a96f95c-ac54-4899-8703-5bb14b479bd0,,,Vacuum Jar,,Medical supply,N/A,,,2
7a8d9f8a-a4a4-4cdf-b58b-7e4d4b84519f,,,Stove Kerosine 1L,,Medical supply,N/A,,,2
932fd680-ed89-4840-afc5-e7754fba56dd,,,Biohazard Bags Disposable 37 X 48cm,,Medical supply,N/A,,,2
7b8636e9-6475-4462-ba03-551f7e197255,,,Micro Pipette Tips 200microliter Yellow,,Medical supply,N/A,,,2
b94844bd-c7c7-4ea2-82dc-a652cd1836ab,,,Cryobox (Vial box) 10x10 Array 1.0/1.5ml,,Medical supply,N/A,,,2
041e62c8-e680-42e1-83e0-680cf4059e15,,,Pipet Transfer 5.8ml,,Medical supply,N/A,,,2
0980924c-9187-4106-ab9a-795d6d66a12d,,,Cryobox (Vial box) 9 x 9 Array 1.0/1.5ml,,Medical supply,N/A,,,2
bbe45a33-a139-4d7c-8f63-3c400064b86b,,,Sample Cups 0.8ml,,Medical supply,N/A,,,2
1d17e9d1-a112-455a-9ea0-dfa089805b98,,,Battery for Genexpert UPS 3000 VA,,Medical supply,N/A,,,2
a75470ed-cf7b-4e68-940a-3c5233cb89a1,,,BD Microtainer Tube,,Medical supply,N/A,,,2
cca1d0e6-fe9f-47bc-841d-64a9e22cf248,,,"Specimen Container Stool, Disposable, Polypropylene with Cover",,Medical supply,N/A,,,2
6d7b4d7d-e1e6-4087-afa1-eafaef47ba35,,,Helmet (Hard Hat),,Medical supply,N/A,,,2
cf76cbe7-96d0-44e2-a563-fc58dffec140,,,"Chemical Mask, Double Filter, Adult size",,Medical supply,N/A,,,2
97cc06e5-47e2-44e6-a43d-0fc10f18bc4f,,,Glaucoma Surgery,,Medical supply,N/A,,,2
c3f1b14e-9e1a-40f8-854d-4286787ae293,,,Proximath Disposable Releadabel Linear Vascular stapler 30mm,,Medical supply,N/A,,,2
27ce108d-32a5-4773-a131-5ed475304ccc,,,Mersilk Black Braided Black Gauge 3.0 (2/0) 75cm on 35mm 1/2 Circle Reverse Cutting Needle,,Medical supply,N/A,,,2
20d824d2-742e-4771-8fd6-431147ae76ce,,,Polyglycolic acid absorbable braided violet Gauge 0.4(8/0) 45cm on 8mm 1/2 Circle Round Rodied Taper Needle,,Medical supply,N/A,,,2
a92d3e40-994c-482a-9baa-7490cbdaf140,,,Polyamide Monofilament Gauge 0.3 (9/0) 64cm on 6mm 1/3 Circle Spatula Double Armed Rounded Needle,,Medical supply,N/A,,,2
25fe5725-5c3c-442b-bdd5-6337bbb4eb53,,,Polyamide Monofilament Gauge 0.2 (10/0) 64cm on 6mm 1/3 Circle Spatula Double Armed Rounded Needle,,Medical supply,N/A,,,2
75b19160-3346-4e03-999d-1ca1344ca726,,,Mersilk Black Braided Black Gauge 1.5 (4/0) 75cm on 22mm 3/8 Circle Reverse Cutting Needle,,Medical supply,N/A,,,2
8967d40a-0176-4d49-b951-8b03197d5099,,,Mersilk Black Braided Black Gauge 1.5 (4/0) 75cm on 20mm 1/2 Circle Round Bodied Needle,,Medical supply,N/A,,,2
50250b34-d564-4095-a338-59beb7b02c90,,,Polyamide Monofilament Gauge 3.0(2/0 ) 90cm on 40mm 1/2 Circle Round Bodied Needle,,Medical supply,N/A,,,2
5b9089a8-e330-4472-93d3-3552464a636c,,,Polyglycolic acid absorbable braided violet Guage 5.0(2) 75cm on 48mm 1/2 Circle Round Bodied Needle,,Medical supply,N/A,,,2
a027ef29-7389-444b-ab6b-12a83326ce76,,,Polyglycolic acid absorbable braided violet Guage 4.0(1) 75cm on 40mm 1/2 Circle Cutting Taper Needle,,Medical supply,N/A,,,2
473e62db-c2b9-4032-b9a1-2f238dbf6c6d,,,Gauze Swab 10cm x 10cm,,Medical supply,N/A,,,2
74e0bc24-2fe9-46cc-9520-7e73e37af100,,,Mersilk Braided Black Gauge 4.0(1) 75cm on 38mm 1/2 Circle Round Bodied Needle,,Medical supply,N/A,,,2
f483157c-1d8c-443a-8896-55ac103ca4cf,,,Polyamide Monofilament Gauge 0.3(9/0) 38cm on 64mm Spatula Double Armed Round Bodied Needle,,Medical supply,N/A,,,2
46de7699-c4cb-497f-bb00-c46fef83dcf9,,,"Mersilk Black Braided Black Gauge 1.5(4/0), 75cm on 17mm 3/8 Reverse Cutting Needle",,Medical supply,N/A,,,2
a93c1866-4276-4366-8fa6-8d870de54b8d,,,Polyglycolic acid absorbable braided violet Gauge 5.0(2) 75 cm on 50mm1/2 circle Round Bodied Needle,,Medical supply,N/A,,,2
d58e294e-9be0-4cd3-bb8e-a007fc977e97,,,Polyglycolic acid absorbable braided violet Gauge 4.0(1) 45cm on 8mm 3/8 Round Bodied Needle,,Medical supply,N/A,,,2
17818c03-7566-41a6-a28d-a852adc194cd,,,"Polyglycolic acid absorbable braided violet Guage 2.0(3/0)75cm on 26mm, Reverse Cutting Tapper Needle",,Medical supply,N/A,,,2
1c90234d-dde9-4154-871c-11089d3438df,,,Polyglycolic acid absorbable braided violet Guage 4.0(1)75cm on 40mm 1/2 Circle Cutting Tapper Needle,,Medical supply,N/A,,,2
84b343d3-5126-4c1d-95c6-0e7d8f2799be,,,Polyamide Monofilament Gauge 0.3(9/0)13cm on 64mm Spatula Double Armed Round Bodied Needle,,Medical supply,N/A,,,2
beb84343-b936-4136-8934-79dd270315cd,,,Polyglycolic acid absorbable braided violet Gauge 0.7(6/0) 30cm on 12mm 1/2 Circle Cutting aper Needle,,Medical supply,N/A,,,2
438e730e-f702-4da0-a06f-1f579ef45a63,,,Mersilk Braided Black Gauge 3.0(2/0) 75cm on 26mm 1/2 Circle Reverse Cutting Needle,,Medical supply,N/A,,,2
6987edee-6e73-44a8-9d15-3153e6c96450,,,Ploypropylene Monofilament Braided Gauge 1.5(4/0) 90cm on 17mm 1/2 Circle Cutting Double Needle,,Medical supply,N/A,,,2
537f6225-8d6e-43d8-8a32-3a97b9800264,,,Ploypropylene Monofilament Braided Gauge 1.5(4/0) 90cm on 20mm 1/2 Circle round bodied double needle,,Medical supply,N/A,,,2
1e911db3-4307-408b-9ccd-430ed6614f89,,,Ploypropylene Monofilament Braided Gauge 1.5(4/0) 90cm on 26cm 1/2 circle round bodied double needle,,Medical supply,N/A,,,2
53b3bae2-9c3e-43dd-9e5b-7bd36ebeda8f,,,Mersilk Braided Black Gauge 3.0(2/0) 100cm on 45mm 1/2 Circle Reverse Cutting Needle,,Medical supply,N/A,,,2
894a0058-c9fb-4d5f-97b5-e714a944cbb0,,,Prevention Package (Tape Vrrier VF 42 Printed Barrier Bags 3*8 OD),,Medical supply,N/A,,,2
eefc863d-a080-461f-837c-a0b861e0c4f1,,,Sharp Container 22.5L,,Medical supply,N/A,,,2
e661893c-29ad-4002-9b79-66113ad4e557,,,Mersilk Braided Black Gauge 3.0(2/0) 100cm on 24 mm 1/2 Circle Reverse Cutting Needle,,Medical supply,N/A,,,2
5dd67a2c-922d-4b52-8c24-ec6fe7f4701f,,,Meri Silk Black Gauge 3.0 (2/0) 75cm on 35mm 1/2 Circle Round Bodied Needle,,Medical supply,N/A,,,2
155376a8-a5ca-46dd-a1dd-7cf93336257c,,,Biohazard Bag Autoclaveable 24x36 Inch,,Medical supply,N/A,,,2
6569bebb-95ca-441f-bfc9-f05b4c133e3d,,,Endotracheal Tube Steriel Cuffed 6CH,,Medical supply,N/A,,,2
c058ef9e-64c1-4485-8200-6601b1fb8f81,,,Catheter Ureteral 10CH,,Medical supply,N/A,,,2
7700df39-1257-47a0-ad73-b8e020a9ed16,,,Catheter Ureteral 14CH,,Medical supply,N/A,,,2
9e72346a-f786-4647-8c67-43060b170bc6,,,Catheter Ureteral 18CH,,Medical supply,N/A,,,2
2cbc9de2-3982-4a58-9944-cd27febe52ba,,,Catheter Ureteral 22CH,,Medical supply,N/A,,,2
2ea0bd45-40ee-4d07-a975-5afc01f19695,,,Catheter Ureteral 24CH,,Medical supply,N/A,,,2
c239d633-7fa5-4057-ac98-c66dbbee62fd,,,Face Mask with Face Shield Size 3M,,Medical supply,N/A,,,2
fcf8d4f7-a0b0-49d3-b42e-2b5044366c55,,,Face Mask Adult Standard Large Size 4M,,Medical supply,N/A,,,2
399c08be-b125-414d-be22-beeb9daf8381,,,Polyamide Monofilament Gauge 0.2 (10/0) 38cm on 6mm 1/3 Circle Spatula Double Armed Rounded Needle,,Medical supply,N/A,,,2
60a5da74-be2c-471a-bc6c-189980b8ddf2,,,Polyamide Monofilament Gauge 0.2 (10/0) 38cm on 6mm 3/8 Circle Spatula Double Armed Rounded Needle,,Medical supply,N/A,,,2
9bf7b723-f38b-4deb-afc2-c693ab69e49f,,,Mersilk Braided Black Gauge 2.0(3/0)75cm on 26mm 1/2 circle rounded bodied needle,,Medical supply,N/A,,,2
cf6c3204-4103-490e-8197-f0ccb3cd9045,,,Naso Gastric Tube Sterile Adult 22CH,,Medical supply,N/A,,,2
90257ad9-1d04-4333-ba6e-188e797bfe3a,,,Polyamide Monofilament Gauge 0.3(9/0) 30cm on 6.5mm 3/8 Circle round Bodied Spatula Double Armed Needle,,Medical supply,N/A,,,2
edb9857f-1b43-46ac-ac3e-885988415fc7,,,Tracheostomy Tube with 90 degree curvature size 3.0,,Medical supply,N/A,,,2
54296d94-9787-4d23-b49e-12bdbe4b02c2,,,Tracheostomy Tube Metallic with 90 degree curvature size 3.5,,Medical supply,N/A,,,2
591bc4b8-d927-4bbf-9ec7-503d0f7ed829,,,Polyglycolic acid absorbable braided violet Gauge 0.4(8/0) 45cm on 8mm 1/2 Circle Round Bodied Needle,,Medical supply,N/A,,,2
61edf4f6-0691-4ebe-b5ea-5032913b8183,,,Tracheostomy Tube with 90 degree curvature size 4.5,,Medical supply,N/A,,,2
d685ade9-db01-4a93-b066-daf06e588902,,,Tracheostomy Tube Metallic with 90 degree curvature size 5.0,,Medical supply,N/A,,,2
fce4970c-be5b-4ed0-8d0b-9ce1cbac38c2,,,Tracheostomy Tube with 90 degree curvature size 9.0,,Medical supply,N/A,,,2
7a7aeb5c-6b9b-40b7-87a9-1ada26fddbee,,,Polyglycolic acid absorbable braided violet Gauge 0.4(8/0) 45cm on 8mm 1/2 Circle Reverse Cutting Needle,,Medical supply,N/A,,,2
7f252210-6a65-4ed3-8dba-c009128faf70,,,Polyglycolic acid absorbable braided violet Gauge 3.0(2/0) 75cm on 27mm 1/2 Circle Round Bodied Needle,,Medical supply,N/A,,,2
d66f6f8d-697b-4a8e-97f9-ba4700676e50,,,Polyglycolic acid absorbable braided violet Gauge 3.5(0) 75cm on 48mm 1/2 Circle Round Bodied Needle,,Medical supply,N/A,,,2
60eaed56-d694-40c3-87f9-5464d0316dea,,,Polyglycolic acid absorbable braided violet Gauge 3.5(0) 75 cm on 48 mm 1/2 Circle Reverse Cutting Needle,,Medical supply,N/A,,,2
408d3bef-8589-4a7a-82e8-fef6fafa7977,,,Polyglycolic acid absorbable braided violet Gauge 4.0(1) 75 cm on 45 mm ½ Circle Round Bodied Needle,,Medical supply,N/A,,,2
747d9fd3-cf2b-449b-90da-691e97ef3ab8,,,Polyglycolic acid absorbable braided violet Gauge 5.0(1) 75cm on 40mm 1/2 Circle Round Bodied Needle,,Medical supply,N/A,,,2
a2dd10a9-db9a-4724-b762-715590cc39a5,,,Cat Gut Chromic Gauge 3.0(2/0) 75cm on 27mm 1/2 Circle Reverse Cutting Needle,,Medical supply,N/A,,,2
9db0130f-90e4-42f5-9cb0-5943a76cf790,,,Mersilk Braided Black Gauge 3.5(0) 75cm on 32 mm ½ Circle Round Bodied Needle,,Medical supply,N/A,,,2
e3e422ae-1663-4217-88db-16e5530690c4,,,Mersilk Braided Black Gauge 3.0(2/0) 75cm on 33mm 1/2 Circle Reverse Cutting Needle,,Medical supply,N/A,,,2
e2b793f7-38d8-4303-9cb2-d6a8680a56ea,,,Mersilk Braided Black Gauge 5.0(2) 75cm on 38mm 1/2 Circle Round Body Needle,,Medical supply,N/A,,,2
13a7f8b1-bcb9-420d-b920-6d08cdbfa7e6,,,Mersilk Braided Black Gauge 6.0(3) 75cm on 40mm on 1/2 Circle Reverse Cutting Needle,,Medical supply,N/A,,,2
49a9d2ba-4be8-4559-866f-91a09096170b,,,Spinal Needle 10cm 26G,,Medical supply,N/A,,,2
b0818cea-f7e7-441f-81b9-9122205c6ae4,,,Spinal Needle 6cm 22G,,Medical supply,N/A,,,2
d2dfcab3-a9fa-427a-985b-babd0017f34f,,,Spinal Needle 6cm 23G,,Medical supply,N/A,,,2
14b34173-417e-427c-9c14-eef26b5597d3,,,Spinal Needle 6cm 24G,,Medical supply,N/A,,,2
195e6888-204f-49f7-b53b-4750a6d8c25b,,,Catheter Suction 18CH,,Medical supply,N/A,,,2
40ff83d0-c895-4c40-8e2a-87fadadd7098,,,Catheter Suction 26CH,,Medical supply,N/A,,,2
886746f3-6827-4868-8c2a-325eb6b10475,,,Spinal Needle 8cm 22G,,Medical supply,N/A,,,2
c8452fde-9d3b-4746-bee7-afa3dc53e85f,,,Spinal Needle 8cm 23G,,Medical supply,N/A,,,2
dc276d16-22b2-4383-a37e-0146fdec9f37,,,Spinal Needle 8cm 24G,,Medical supply,N/A,,,2
a020d082-04ab-48aa-8799-75eba79adf72,,,Cerclage Wire 1.0 Diameter with 10m length,,Medical supply,N/A,,,2
a27efea2-e928-4d70-a435-121a1f6539ab,,,Cerclage Wire 1.4 Diameter with 10m length,,Medical supply,N/A,,,2
a18aebfd-8707-498a-a11e-f495b8d83db1,,,Cerclage Wire 1.8 Diameter with 10m length,,Medical supply,N/A,,,2
1a5b7836-2c7b-44a5-9dd6-2540f938d233,,,K wire 0.8mm Diameter with 15cm length,,Medical supply,N/A,,,2
22d214a0-52f4-40a8-9d5c-0d03a1f1586f,,,K wire 1.2mm Diameter with 15cm length,,Medical supply,N/A,,,2
41274641-d502-490d-adfc-c511b82857f0,,,K wire 1.6mm Diameter with 25cm length,,Medical supply,N/A,,,2
3c184bea-76aa-401f-a9c0-89cc676dc17c,,,K wire 2.0mm Diameter with 25cm length,,Medical supply,N/A,,,2
c1bed538-7c21-4cf9-bbc5-7f241638f7b0,,,K wire 2.6mm Diameter with 50cm length,,Medical supply,N/A,,,2
a2d345ad-e767-45b4-a6ce-778ce255695a,,,Naso Gastric Tube Sterile Adult 24CH,,Medical supply,N/A,,,2
0d6a0718-ab90-43fb-92c2-74850b5b93ca,,,Naso Gastric Tube Sterile Adult 26CH,,Medical supply,N/A,,,2
59fa21b5-8d7f-44ee-aff6-277d2829df38,,,T Tube 16G,,Medical supply,N/A,,,2
fabcb390-076b-4bf5-a3d9-65c8a88df91e,,,T Tube 14G,,Medical supply,N/A,,,2
96f109d9-0fbf-451b-867f-bb311dd4cd47,,,Dental Needle No 5,,Medical supply,N/A,,,2
346733f9-925a-4de9-9436-6529322861fb,,,Dental Needle No 26,,Medical supply,N/A,,,2
6d3fe92e-322f-47af-bc16-4c5daa0d8d85,,,Mersilk Braided Black Gauge 1.5(4/0) 75cm on 20mm 1/2 Circle Reverse Cutting Needle,,Medical supply,N/A,,,2
9fd70f8b-b5ab-4bbc-b098-ed4e40317e75,,,Polyamide Monofilament Gauge 0.3(9/0) 30cm on 6.5mm 3/8 Circle round Bodied Spatula Single Armed Needle,,Medical supply,N/A,,,2
740b0246-2bc8-47c7-a785-3a66d012ea17,,,Polyglycolic acid absorbable braided violet Gauge 5.0(2) 75cm on 40mm ½ Circle Round Bodied Needle,,Medical supply,N/A,,,2
20ed8822-e1e7-46a7-bc4a-ce1ecf5ae9e8,,,Dental Wire No 5,,Medical supply,N/A,,,2
0693676a-2420-4dec-a8a6-814eafb52fdd,,,Dental Wire No 26,,Medical supply,N/A,,,2
69235826-19df-4fb4-aae1-301a9957fc4d,,,Infant Quikheel Safety Lancet 1.0mm x 2.5mm,,Medical supply,N/A,,,2
a199a4b3-817c-487c-b1b1-254e7cf1863b,,,Microtainer Tube K2EDTA,,Medical supply,N/A,,,2
20064528-a49f-48ff-80bf-24e59a5cd78b,,,"Lab Wipe Poly,15x16.75in",,Medical supply,N/A,,,2
c57e2b09-9b42-496b-8393-3537d20ef743,,,Polyamide Monofilament Gauge 0.2 (10/0) 38cm on 6mm 3/8 Circle Spatula Single Armed Rounded Needle,,Medical supply,N/A,,,2
30b35177-be8d-461c-a162-43f98b246c3f,,,Naso Gastric Tube Sterile Adult 20CH,,Medical supply,N/A,,,2
fe15d4ae-626b-4a50-b7f4-a44968e924e8,,,Polyglycolic acid absorbable braided violet Gauge 1.5(4/0) 75cm on 15mm 1/2 Circle Round Bodied Needle,,Medical supply,N/A,,,2
5d0aaaa0-6fc2-4033-a848-d65f577e4961,,,Slide Box,,Medical supply,N/A,,,2
4276db9d-bbd5-438a-94ce-8941e3cb6515,,,"Sputum Cup plastic,100ml",,Medical supply,N/A,,,2
3313d605-2ca7-44f5-a292-14e0f38956f4,,,Polyglycolic acid absorbable braided violet Gauge 0.7(6/0) 30cm on 12mm 1/2 Circle Round Bodied Needle,,Medical supply,N/A,,,2
233eee8c-6946-4797-acc9-447d02017c97,,,"Blood Collecting Tube Serum Separator, 4ml",,Medical supply,N/A,,,2
43413d25-7fc9-450b-813c-0731e8796cdb,,,Special Marker Pen for Strips,,Medical supply,N/A,,,2
c92d9e1b-8cdb-413e-9e62-b1d0e16a11d2,,,Cat Gut Chromic Gauge 3.5(2/0) 75cm on 27mm ½ Circle Reverse Cutting Needle,,Medical supply,N/A,,,2
b1516817-928d-4c23-807e-728f95c05fa4,,,Polyglycolic acid absorbable braided violet Gauge 1.0(5/0) 45cm on 13mm 1/2 Circle Reverse Cutting Needle,,Medical supply,N/A,,,2
4476d03b-24b9-4d91-af99-1b2bcf653208,,,Tracheostomy Tube Metallic with 90 degree curvature size 7.0,,Medical supply,N/A,,,2
e0173052-8a73-416a-b6e4-3cb7df756abd,,,MTB PCR Workstation UV Light,,Medical supply,N/A,,,2
ccb793bf-67e8-4b5b-9e24-885eca210fbb,,,MTB Desktop freeze storage box with Lid for 0.2ml PCR tubes,,Medical supply,N/A,,,2
21dd4afc-979b-4138-b1c9-8f2dab6ff431,,,MTB Mechanical Pipette Aids,,Medical supply,N/A,,,2
717b9fc4-dd2d-4dcf-9466-803f2b23cf20,,,MTB Dispenser for disinfectants/soap,,Medical supply,N/A,,,2
4dbc6449-eebf-4f67-97ad-f1905571f770,,,MTB Paper Towel Box,,Medical supply,N/A,,,2
c3f97efc-b03d-4ccd-b198-e20fd2ab128f,,,MTB Goggles,,Medical supply,N/A,,,2
a9330ed4-5814-419a-ae16-d1edfeabbbbb,,,MTB Firs Aid Kit,,Medical supply,N/A,,,2
80321f1a-3510-48de-a657-4e67e5eb96f2,,,MTB Funnel Stainless steel discard,,Medical supply,N/A,,,2
260ddd4e-8a7a-4e56-83bc-3042996d52e2,,,MTB Caped Glass Tubes,,Medical supply,N/A,,,2
73328b6d-4de6-4943-89de-58b7114f278f,,,MTB Set of Spatula,,Medical supply,N/A,,,2
8ee83c3d-89b3-49d9-b1da-90e4c07b00f4,,,MTB Floating Rack,,Medical supply,N/A,,,2
24bc7b6a-0865-455e-9562-2cf1bc3bd381,,,MTB Racks with Lids,,Medical supply,N/A,,,2
682eb658-d0c1-4baa-a964-b8799d5f14a0,,,MTB Disposable Loops 10 µl,,Medical supply,N/A,,,2
de949cbb-1c0d-440b-b030-f430c70a5ad7,,,MTB Racks Desinfectable / Autoclavable for 1.5/2 ml tubes,,Medical supply,N/A,,,2
878195a3-67f4-4f99-884c-98e82112f397,,,MTB Safety Box for Liquid,,Medical supply,N/A,,,2
f5a7329c-ddd7-44b4-a366-39c280c65dc4,,,MTB Waste Container for Liquid,,Medical supply,N/A,,,2
03a30cd9-5590-4f63-8639-bc7a477f9c1e,,,MTB Waste Container for Solid,,Medical supply,N/A,,,2
b93d7f8c-118d-4d3a-9ec4-2c0d9e922a15,,,MTB Racks for 1 Channel Pipette 4 Positions,,Medical supply,N/A,,,2
8dc27370-1109-4732-a4ca-bd561638efc4,,,MTB Culture Tubes with Screw cap,,Medical supply,N/A,,,2
41231ed3-99ea-44b8-9f73-20892d2e66c7,,,"MTB Cryo Vial Sterile with cap, 1.5ml",,Medical supply,N/A,,,2
82fffeb3-2338-4534-93a8-b0ea2d39625c,,,MTB Transparent Polypropylene Bag,,Medical supply,N/A,,,2
d3c07328-e341-4f1c-9537-52d802a602eb,,,MTB Filter Paper round 185mm,,Medical supply,N/A,,,2
d25b0d2e-9622-49e1-9530-30dbdc9d35bf,,,MTB Marker Pen,,Medical supply,N/A,,,2
432a5136-f117-4552-a811-d3f44e9f48c1,,,MTB Adhesive labels,,Medical supply,N/A,,,2
2ca8cca8-4783-4eb4-8264-8c1043261d0c,,,MTB Cryo tags,,Medical supply,N/A,,,2
2bee8485-ca7f-4efd-aa8f-7e4805767f90,,,MTB Aluminium foil,,Medical supply,N/A,,,2
9badac72-d76a-41da-abf3-53a16a0235ba,,,MTB Tube Brush,,Medical supply,N/A,,,2
c6e30fe5-56cc-4cc1-ae2f-d6941ec5a521,,,MTB Masks FFP2 (N95) 3M 9320,,Medical supply,N/A,,,2
7c01b8dd-4f4a-451c-9900-df618475409c,,,MTB Liquid soap,,Medical supply,N/A,,,2
b3387277-f09d-4646-b6d7-057ba7233d99,,,MTB Spray Head and 1L Bottels,,Medical supply,N/A,,,2
a4a0ec38-3472-443b-9a41-c299170614ae,,,MTB Plastic Bag made from PP,,Medical supply,N/A,,,2
411d6b5c-4dbf-436c-8758-57a8a6c1e22c,,,MTB Paper Towel single use,,Medical supply,N/A,,,2
499781de-5037-4c08-8bcb-5c029857df55,,,MTB Waste Container for Sharps,,Medical supply,N/A,,,2
2ba901ca-4f09-42d0-95af-ec3da8795a95,,,MTB PCR Tube,,Medical supply,N/A,,,2
12ce1fc0-c692-4789-adfd-aa861d9f97c8,,,MTB Rack for 50ml PP Tubes,,Medical supply,N/A,,,2
3ed0cd38-0dbb-4077-848e-0a8845a318a3,,,MTB Filter Paper Sheets,,Medical supply,N/A,,,2
0f0871cf-4aeb-4ade-b60c-5990d79b49e2,,,MTB Standard Reaction Tubes 1.5ml,,Medical supply,N/A,,,2
84cda6f2-2ddc-4090-8b93-83c02739bdad,,,MTB Standard Reaction Tubes 2ml,,Medical supply,N/A,,,2
163bd74a-2171-4ca1-ae2b-b31c765902a3,,,MTB Slanted Racks,,Medical supply,N/A,,,2
ad733d9a-36aa-48c8-958b-707806778e36,,,MTB Rack for 15ml PP Tubes Universal Test Tube Rack 17mm,,Medical supply,N/A,,,2
074997f8-e7af-4307-a94b-cafb70694283,,,MTB Shoe Cover,,Medical supply,N/A,,,2
0bbb745e-c039-440b-bfe0-36947daa3835,,,MTB Hair Cover,,Medical supply,N/A,,,2
997e54fb-2c6f-4ab9-b166-9a3bfcfeb03f,,,MTB Deep Freezer Thermometer,,Medical supply,N/A,,,2
9c074fe7-ace6-4b96-91d2-07549704185b,,,MTB Plastic Bag 30L,,Medical supply,N/A,,,2
4bdf22c9-b4dc-440d-bb36-dc8c6943d514,,,MTB Plastic Bag Stand 30L,,Medical supply,N/A,,,2
3c218c9c-988c-4950-84a6-f7d7dbab30a0,,,MTB Thermometer for Oven,,Medical supply,N/A,,,2
c3bae2e8-c3ab-4e8d-b760-e6ae058312eb,,,MTB 4 Way Microtube Rack Rack 15ml/50ml,,Medical supply,N/A,,,2
103f7274-624b-49f5-b030-8411925d3ab7,,,MTB Rack Heat Resistant for Cryo Vial 1.5ml Modular Heating Blocks,,Medical supply,N/A,,,2
4c06905a-9897-4788-ba80-7bccd853828f,,,MTB Calibrated Thermometer,,Medical supply,N/A,,,2
8aecd6e4-4cc3-4f11-891e-ebfcfb11b4cc,,,MTB Battery Pack for UPS 3000 VA,,Medical supply,N/A,,,2
db5da6c1-0344-4431-966b-ec48985ef72e,,,MTB Desktop Deep freeze storage box with Lid for 1.5ml Cryovial Plastic,,Medical supply,N/A,,,2
32a25d8b-95b3-4884-9517-ddfc1f9b1738,,,MTB Surgical Gown Cotton M,,Medical supply,N/A,,,2
6c916f8d-12b1-47f0-9f06-5f89bcb1154d,,,MTB Surgical Gown Cotton L,,Medical supply,N/A,,,2
f7af76e5-fd5f-4df8-9b4e-f03c247b5239,,,MTB Disposable Nitril Glove size 6 7,,Medical supply,N/A,,,2
163411ce-8312-4a16-acdc-b7c13ff38cec,,,MTB Disposable Nitril Glove Size 7 8,,Medical supply,N/A,,,2
52c92629-9c08-4a39-bed4-b66713e27f42,,,MTB Laboratory Coat Cotton M,,Medical supply,N/A,,,2
ca808569-2133-4b92-afd0-4a7de6456b7d,,,MTB Marker Pen for PCR Tubes,,Medical supply,N/A,,,2
2b7653a0-86fb-434e-ae16-ca918622a5fd,,,MTB Special PH Indicator Strips,,Medical supply,N/A,,,2
8c200a60-f028-417e-8966-a214bd84d5d7,,,"MTB Forceps, Individually wrap, Sterile",,Medical supply,N/A,,,2
7f50431b-837b-4cc6-ba39-3a3f19c88ce7,,,MTB Magnetic Bars Set of 12,,Medical supply,N/A,,,2
01aecb80-ed36-479c-83b2-1d97c50b99ae,,,MTB Laboratory Coat Cotton S,,Medical supply,N/A,,,2
d1d27363-c087-4548-8537-8dd3a867675b,,,MTB Magnetic Bars,,Medical supply,N/A,,,2
c7ac1ac2-901d-4d86-8264-f057a05a1a3e,,,"MTB Cryo Vial, Sterile with cap 2ml",,Medical supply,N/A,,,2
0ecff501-6625-45ac-8e35-acdc5773ea4e,,,Radiometer ABX800 Yearly Service Kit,,Medical supply,N/A,,,2
cf7872a9-75a7-4eac-9865-bb2857c48787,,,Radiometer ABX800 AutoCheck Holder for Manual Transfer of AutoCheck,,Medical supply,N/A,,,2
118a4f86-28f1-4a48-b219-e9a7db3cfab3,,,Radiometer ABX800 AutoCheck Carousel for AutoCheck Ampoules,,Medical supply,N/A,,,2
39913223-f48e-4ab7-b787-b3aa694af7d4,,,Radiometer ABX800 Valve Key for Cylinder,,Medical supply,N/A,,,2
4fd32b76-5642-4730-8a6e-5ef8b2fe42c3,,,Radiometer ABX800 Dummy Electrode,,Medical supply,N/A,,,2
0c32081e-140a-4f54-84e2-7618b842e6ee,,,Radiometer ABX800 Fan Filter,,Medical supply,N/A,,,2
cf3724c4-e002-43cb-8e67-9176044928bc,,,Radiometer ABX800 Inlet Gasket,,Medical supply,N/A,,,2
ab642e56-de0d-49cf-88df-2c78a45b76d8,,,Radiometer ABX800 Pump Tube for Electrode Modules,,Medical supply,N/A,,,2
41a6f1dd-6016-4585-92ff-f0f6e303bed1,,,Radiometer ABX800 Pump Tube for Solution Pump,,Medical supply,N/A,,,2
fa13247f-bac8-4c74-8961-236d86814ccf,,,Radiometer ABX800 Pump Tube for Waste Pump,,Medical supply,N/A,,,2
1f233ebd-ba59-4d6a-b747-024e3287b661,,,Radiometer ABX800 Reference Electrode,,Medical supply,N/A,,,2
a77f6339-31bb-4812-85da-1c313ef0658c,,,Radiometer ABX800 pCO2 Electrode,,Medical supply,N/A,,,2
27038f61-79af-410d-9798-29925e94ecb4,,,Radiometer ABX800 pO2 Electrode,,Medical supply,N/A,,,2
e237bb8b-f040-4725-9870-cfbbc4ff9bb6,,,Radiometer ABX800 PH Electrode,,Medical supply,N/A,,,2
e869674f-17af-46fa-b272-a00c12307d36,,,Radiometer ABX800 Cl Electrode,,Medical supply,N/A,,,2
6d6bcc77-ab73-4a3f-a491-e09c382f6b63,,,Radiometer ABX800 K Electrode,,Medical supply,N/A,,,2
345cccb7-fad9-4161-af62-265e58d89dee,,,Radiometer ABX800 Ca Electrode,,Medical supply,N/A,,,2
62a1ee70-d7d0-4b7e-a8af-99cb24b99314,,,Radiometer ABX800 Na Electrode,,Medical supply,N/A,,,2
40ecfe07-caad-4749-ae1f-efb2b5ed0263,,,Radiometer ABX800 Glucose Electrode,,Medical supply,N/A,,,2
89d4d4d0-2c6d-47e2-986a-1a7f516591e9,,,Radiometer ABX800 Lactate Electrode,,Medical supply,N/A,,,2
d94c55f3-5f3f-43dd-a5f6-263a94532ebd,,,Radiometer ABX800 Calibration Gas 2 On Board Gas Bottle,,Medical supply,N/A,,,2
5c157ac1-0f70-496b-9a58-49b1739a39c6,,,Radiometer ABX800 22Gx25mm Arterial Blood Sampler with 22Gx25mm Needle,,Medical supply,N/A,,,2
497c227e-1a9c-4acf-a342-4f3f5216c17e,,,Radiometer ABX800 Calibration Gas 2 10 bar On Board Gas Bottle,,Medical supply,N/A,,,2
a70bd33b-5ed9-4c8f-b3ba-668a25f0f1b5,,,Radiometer ABX800 Reference Membrane,,Medical supply,N/A,,,2
d17d1c3a-ffd0-48fd-8796-94fc8b63be15,,,Radiometer ABX800 pCO2 Membrane Box,,Medical supply,N/A,,,2
1a151cef-817f-45cc-ba45-836886ad9ddf,,,Radiometer ABX800 pO2 Membrane Box,,Medical supply,N/A,,,2
12c55ebf-a000-44ba-b992-c1b96d6c2778,,,Radiometer ABX800 Cl Membrane Box,,Medical supply,N/A,,,2
d95a5c5b-3f5a-4bc4-8d02-b8c850953a02,,,Radiometer ABX800 K Membrane Box,,Medical supply,N/A,,,2
01ee622e-8126-46cb-a7cd-dd7fe92bbdfd,,,Radiometer ABX800 Ca Membrane Box,,Medical supply,N/A,,,2
bfed5589-7d67-4201-9cd3-9ac71d82fa26,,,Radiometer ABX800 Na Membrane Box,,Medical supply,N/A,,,2
6e4fa760-c7c0-4ec3-9691-26a344ded8e9,,,Radiometer ABX800 Glucose Membrane Box,,Medical supply,N/A,,,2
039e958d-1f3c-4c1c-bd6c-8df956653cff,,,Radiometer ABX800 Lactate Membrane Box,,Medical supply,N/A,,,2
2a9ee33d-3d18-4ac8-ae2b-a8555ee41066,,,Radiometer ABX800 Disposable Waste Container,,Medical supply,N/A,,,2
56ffc9ef-b089-43f7-b1e1-c8fc6f7d54a8,,,Radiometer ABX800 Thermal Paper,,Medical supply,N/A,,,2
dc5ffc47-254c-4195-ab31-952c40b79253,,,Radiometer ABX800 Calibration Gas 1 On Board Gas Bottle,,Medical supply,N/A,,,2
f06982b2-a692-481c-a962-3d8bc2b604ba,,,Endotracheal Tube Sterile Cuffed 10CH,,Medical supply,N/A,,,2
80207bf2-72db-482e-8f6f-76b8856b6e03,,,UniCel DxH Slide Maker Stainer SMS Slides,,Medical supply,N/A,,,2
7bab4dd4-84ee-490a-8358-cd9c7d62e8ea,,,Cobas C 311 Sample Cup,,Medical supply,N/A,,,2
b3871fcd-3d3f-4bbf-90b2-04d83f7c2fa9,,,Cobas C 311 Halogen Lamp 12V/50W,,Medical supply,N/A,,,2
c46686bc-381b-44f5-b3bb-89eb516e82e6,,,Cobas C 311 Micro Sample Cup 13/16,,Medical supply,N/A,,,2
b49635d7-9a05-4467-8178-4f75cafe31f1,,,Cobas C 311 Sipper Nozzle,,Medical supply,N/A,,,2
9f08e958-392f-43eb-b34a-2898eeaf3e81,,,Cobas C 311 Sipper Tube,,Medical supply,N/A,,,2
6b33b332-cc46-4ade-9d86-aa3615246e31,,,Cobas C 311 Cell Set,,Medical supply,N/A,,,2
a7c98b4d-043d-4e78-b19a-9955ced1f73e,,,Cobas 6000 CalSet Vial,,Medical supply,N/A,,,2
6617e1d0-9cc1-44a8-a35b-70f5d256778c,,,Cobas 6000 Assay Tip,,Medical supply,N/A,,,2
33ac9f5c-c912-445c-a54f-4887344e5f8d,,,Cobas 6000 Sample Cup,,Medical supply,N/A,,,2
3ee16d7b-c119-4afc-95ed-403d18fe6207,,,Cobas 6000 Multi Pack,,Medical supply,N/A,,,2
a0c1f7ae-0be0-46c9-82eb-e21470ef1c4e,,,Cobas 6000 PC/CC Cup,,Medical supply,N/A,,,2
16576681-d7dc-4bfb-ad81-5a4df640c582,,,Cobas 6000 Probe ISE,,Medical supply,N/A,,,2
951bb13f-e511-46c2-b1ff-4a80c42760c5,,,Cobas 6000 Probe Sample,,Medical supply,N/A,,,2
49928088-1e7c-4271-97f0-652a23346aac,,,Cobas 6000 Micro Sample Cup 13/16,,Medical supply,N/A,,,2
dfeed7d4-4478-47e1-914c-a071058054dd,,,Cobas 6000 Sipper Nozzle,,Medical supply,N/A,,,2
2ad4f4b4-6633-409b-9d77-9faf64ad3bd2,,,Cobas 6000 Sipper Tube,,Medical supply,N/A,,,2
99eea62a-0c7a-4f38-bdd2-d81a29360f6d,,,Cobas 6000 SMS,,Medical supply,N/A,,,2
262edc4f-fadb-41af-b5ea-69f04e12591e,,,Cobas C 311 SMS,,Medical supply,N/A,,,2
9dc92bd1-e4b5-41be-b38b-0c32cc89d9c0,,,Dimension EXL 200 Cup Small,,Medical supply,N/A,,,2
3d4fbc03-95db-4e59-bf54-ce36ac2949e6,,,Dimension EXL 200 Cup Lid,,Medical supply,N/A,,,2
9690b1e8-6244-4288-9380-1989c2cb2e51,,,Dimension EXL 200 Cuvette Cartridge,,Medical supply,N/A,,,2
c556c8cc-9ab5-4803-af48-fe0f6ee71108,,,Dimension EXL 200 Reaction Vessel,,Medical supply,N/A,,,2
4aed0dd4-410d-486a-948c-42a61a658898,,,Dimension EXL 200 Thermal Paper,,Medical supply,N/A,,,2
483d4d89-4686-45f8-a918-2cb3cbd76aaa,,,DxC 700 AU/ Unicel DxI 800 Na Electrode,,Medical supply,N/A,,,2
794a248d-0006-4d4a-9b91-febd425dfc33,,,DxC 700 AU/ Unicel DxI 800 K Electrode,,Medical supply,N/A,,,2
93cda4dc-c418-4a0f-8519-e008f1da35da,,,DxC 700 AU/ Unicel DxI 800 Cl Electrode,,Medical supply,N/A,,,2
53c1d00a-0dce-4f41-8874-a9e7739eb91c,,,DxC 700 AU/ Unicel DxI 800 Reaction Vessel,,Medical supply,N/A,,,2
3a5e88ca-0685-44c4-88ca-198c41ad72be,,,DxC 700 AU/ Unicel DxI 800 Sample Cup 2ml,,Medical supply,N/A,,,2
ebc4a934-ce54-47c9-938a-79c19272c636,,,DxC 700 AU/ Unicel DxI 800 Waste Bag,,Medical supply,N/A,,,2
ee8bbc71-24ed-4476-9a25-ba4e53e4ea37,,,DxC 700 AU/ Unicel DxI 800 Swabs Polyster,,Medical supply,N/A,,,2
9c3605d6-c7d3-4293-ae7c-6074b739f9dc,,,DxC 700 AU/ Unicel DxI 800 Peristatic Tubing (Roller Pump),,Medical supply,N/A,,,2
095c9e44-a8b8-4c5d-9257-23feef410042,,,DxC 700 AU/ Unicel DxI 800 Photometer Lamp 20W,,Medical supply,N/A,,,2
0223be91-68cc-4675-a502-27635309246e,,,DxC 700 AU/ Unicel DxI 800 Electrode Reference,,Medical supply,N/A,,,2
ce1afd16-36a7-49d8-b04e-6f24aa9f120d,,,DxC 700 AU/ Unicel DxI 800 Sample Cup Hitachi,,Medical supply,N/A,,,2
bdd0021c-6790-4ab4-b317-a2265b0623c9,,,DxC 700 AU/ Unicel DxI 800 Bottle 15ml with Cap,,Medical supply,N/A,,,2
fa028041-5924-4ad5-9170-03b2a47a2140,,,DxC 700 AU/ Unicel DxI 800 Bottle 30ml with Cap,,Medical supply,N/A,,,2
4474b4a1-ff1e-42e3-8ee4-3126ce09653f,,,DxC 700 AU/ Unicel DxI 800 Bottle 60ml with Cap,,Medical supply,N/A,,,2
964da630-f639-444b-a922-dd0dd63c24eb,,,DxC 700 AU/ Unicel DxI 800 Cuvette 5x6mm,,Medical supply,N/A,,,2
566548b8-a46a-47c2-910f-129e8bfb3ac6,,,DxC 700 AU/ Unicel DxI 800 Spiral Mixing Bar,,Medical supply,N/A,,,2
29fff706-05b4-4ff7-ae88-6901de3fc713,,,DxC 700 AU/ Unicel DxI 800 L Shape Mixing Bar,,Medical supply,N/A,,,2
8233db54-30e7-4f6b-a343-cb57e6bc5230,,,DxC 700 AU/ Unicel DxI 800 LC140 Pre Treatment Catridge,,Medical supply,N/A,,,2
4dcc830a-7a3c-461b-a4f1-03124b2bd339,,,DxC 700 AU/ Unicel DxI 800 LC175 (Protek L1),,Medical supply,N/A,,,2
01db711e-0d82-4d67-8e52-1497f815bced,,,DxC 700 AU/ Unicel DxI 800 Prefiltration for Water Unit Gac Filter,,Medical supply,N/A,,,2
f3163e2f-10ca-451c-957d-ab17f66c7ad1,,,DxC 700 AU/ Unicel DxI 800 Prefiltration for Water Unit Melt Blown Filter,,Medical supply,N/A,,,2
55086db3-20a7-41fd-88c8-502ec3dd1a59,,,DxC 700 AU/ Unicel DxI 800 Prefiltration for Water Unit Scale Prevention Filter,,Medical supply,N/A,,,2
ae2a0fe3-00ee-4ac6-b90d-9807b9167ff6,,,DxC 700 AU/ Unicel DxI 800 Prefiltration for Water Unit Ultra Filter,,Medical supply,N/A,,,2
fd1981af-71cd-47db-9674-c3650681b9a6,,,Micropipette Tips 20µl,,Medical supply,N/A,,,2
35752172-701e-4886-841e-3072c01274e1,,,"Jar Cop lain,staining",,Medical supply,N/A,,,2
3cf088b4-9d72-4354-9c00-d0ef70514a34,,,Rod glass 150x6mm,,Medical supply,N/A,,,2
9f35fe8f-f26f-41fd-890c-428d17510dca,,,Mortar and Pestle 70ml,,Medical supply,N/A,,,2
0ed7733d-3db0-4f0d-8c23-34a06f10790e,,,Mortar and Pestle 70 400ml,,Medical supply,N/A,,,2
9c599876-6525-448c-b9b0-f4a63be552ba,,,Brush bottle flask 10cm,,Medical supply,N/A,,,2
b7556930-3e51-49bf-b435-55d40eb267a7,,,Brush Test Tube 8cm,,Medical supply,N/A,,,2
56c52ad6-cd75-438b-82fb-1da4ff83a964,,,Nasopharyngeal airways 10Fr 40Fr,,Medical supply,N/A,,,2
d088cbee-4797-4221-814c-1b8762066821,,,Disposable Epidural Spinal Combined,,Medical supply,N/A,,,2
61c6072c-79df-4223-88be-1f6e23f2cd0e,,,Laryngeal Mask Airway No1 No3,,Medical supply,N/A,,,2
fa70bbf3-a0c2-4ba3-ac31-213c572c7c29,,,Laryngeal Mask Airway No4 No5,,Medical supply,N/A,,,2
7ffdd885-5f82-405a-9a21-a692c9ea3678,,,Catheter Suction 9CH,,Medical supply,N/A,,,2
ac7d2c77-9642-494b-b422-1b0ce8eb86bb,,,Catheter Suction 10CH,,Medical supply,N/A,,,2
d095b8e0-aa66-4d3b-9fca-ce3d96e930dc,,,Dental Arch Bar,,Medical supply,N/A,,,2
86264ca0-5649-422e-9eea-38106a493160,,,Drainage Chest Tube 10FG,,Medical supply,N/A,,,2
185909f8-385c-4854-9760-cc70cc214e6d,,,Drainage Chest Tube 22FG,,Medical supply,N/A,,,2
d3ccf7f9-7eb4-4044-a048-76fae2a3a8fa,,,Drainage Chest Tube 28FG,,Medical supply,N/A,,,2
8c993859-b496-4b4a-be23-6a922946f56f,,,Drainage Chest Tube 32FG,,Medical supply,N/A,,,2
c8bee19e-59fa-4a9e-8ee5-0aa67e325f2e,,,Drainage Chest Tube 38FG,,Medical supply,N/A,,,2
9a49c1ec-8960-4293-b768-17306b659a84,,,Endotracheal Tube Cuffed 4CH,,Medical supply,N/A,,,2
1ce33a0a-c0f7-47e5-b302-6bcc02ed7d85,,,Glove Gynecological Examination(Elbow Glove) No. 6.5,,Medical supply,N/A,,,2
2924c94c-903e-4b67-995e-5f613479fd38,,,Glove Gynecological Examination(Elbow Glove) No. 7.5,,Medical supply,N/A,,,2
af700ce8-b0f1-479c-9fca-3880a96b5bae,,,Medicine Envelope plastic,,Medical supply,N/A,,,2
a5204218-7890-44f2-bf04-cc4a1a623306,,,Mersilk Braided Black Gauge 3.0(2/0) 75cm on 33 mm 1/2 Circle Reverse Cutting Needle,,Medical supply,N/A,,,2
a9ce1d31-617b-4d50-8281-3b4a4d5531b2,,,Polyamide Monofilament Gauge 0.3(9/0) 30cm on 6.5mm 3/8 Circle Spatula Single Armed Needle,,Medical supply,N/A,,,2
b4f07bf4-9f2f-4277-a5fa-cba2969a6912,,,Polyamide Monofilament Gauge 0.3(9/0) 30cm on 6mm 3/8 Circle Spatula Double Armed Needle,,Medical supply,N/A,,,2
d0e4ddfc-b648-492b-bf87-826096e09a70,,,Oxygen Face Mask for Pediatric,,Medical supply,N/A,,,2
2db3577f-489a-4aef-8275-e5221cf8b8b6,,,Oxygen Face Mask for Adult,,Medical supply,N/A,,,2
8c34761c-6e5e-440f-b51f-8ffa28bec5f8,,,Rectal Tube Rubber With Terminal Size 14CH,,Medical supply,N/A,,,2
63b6e5c2-8c9b-401f-a203-9727d933bcc2,,,Rectal Tube Rubber With Terminal Size 18CH,,Medical supply,N/A,,,2
656d2b3a-9499-42ba-8da4-5af436fef5b0,,,Rectal Tube Rubber With Terminal Size 22CH,,Medical supply,N/A,,,2
19625492-53cb-44ff-8317-746047d3c027,,,Rectal Tube Rubber With Terminal Size 26CH,,Medical supply,N/A,,,2
55cc844c-b8f9-4a32-9ec3-101fe6fb0094,,,"Surgical Absorbable Hemostat 1"" x 2""",,Medical supply,N/A,,,2
a30eff8d-01cc-4d92-9aea-10ede3a92ffe,,,"Surgical Absorbable Hemostat 2"" x 4""",,Medical supply,N/A,,,2
af696cf6-e096-4ec5-9228-3997a24a34e6,,,Surgical Absorbable Hemostat 4'' x 4'',,Medical supply,N/A,,,2
9b01fc6c-96db-43fc-a786-0d7f64a845f6,,,Surgical Absorbable Hemostat 4'' x 8'',,Medical supply,N/A,,,2
a53dd779-301e-48fb-b35d-f8b00e9d5ccf,,,Syringe Dental of metal 2.5ml,,Medical supply,N/A,,,2
108ec843-2998-4365-b4b2-a3f199d23994,,,"Ureteric Tubes 5mm 6mm,75cm",,Medical supply,N/A,,,2
d2678c12-b71d-449e-82d3-fda38726a8a4,,,Tube Eppendorf 2ml,,Medical supply,N/A,,,2
1599e84d-5137-4f2b-bf4f-cd89871d0768,,,Gauze Swab 3cm x 3cm,,Medical supply,N/A,,,2
c483432d-e07e-4409-91ef-bdf749701ef3,,,Bite sticks(Teeth guard) PVCwith center handle to insert and remove,,Medical supply,N/A,,,2
233de64c-ae7a-40bf-abf1-82ed612c099a,,,"Face Mask For oxygen Administration Adult size 5,with Reservoir 1.6L bag",,Medical supply,N/A,,,2
8a841d8e-33fa-4d20-a59e-4fa03bf11276,,,Face Mask With out Reservoir For oxygen Administration Adult size,,Medical supply,N/A,,,2
b3283ca7-2b5a-4192-9164-17a220f0e776,,,Face Mask For oxygen Administration Child/medium size 3 with Reservoir 1.6L bag,,Medical supply,N/A,,,2
c5574f26-4129-499b-840a-e27682204e09,,,Face Mask With out Reservoir For oxygen Administration child/medium size 3,,Medical supply,N/A,,,2
6b13e2f1-a4cb-41e9-88ed-d5981bdf5f4a,,,"Face Mask with Reservoir for oxygen Administration Infant/small size 1, 0.5L breathing bag",,Medical supply,N/A,,,2
1f1ae5c2-e578-4370-a9f6-14c3e121a001,,,Face Mask With out Reservoir For oxygen Administration Infant/small size 1,,Medical supply,N/A,,,2
26c5e633-4b00-490c-adbb-a3939216a393,,,Cold Packs Bag Reusable 11 inch durable,,Medical supply,N/A,,,2
94ff754c-18fc-4f2e-9d6f-7e0d213c95db,,,"Patient restraint(spinal Board)straps with meta buckles/clips and speed clip,15m",,Medical supply,N/A,,,2
93a4e395-4be0-47b7-815b-66cc8e393361,,,"Catheter Suction Open rounded shape&smooth,blue one Eye, Length:530±20.0mm,E.Length 500±20.0mm, OD2.7±0.10MM",,Medical supply,N/A,,,2
84700bb7-b3d5-4512-a00d-aa78a85440a3,,,"Catheter Suction Open rounded shape&smooth,black one Eye, Length:530±20.0mm,E.Length 500±20.0mm, OD3.30±0.15MM 10CH",,Medical supply,N/A,,,2
256787c7-a9af-487f-8616-813f3aed0dff,,,"Catheter Suction Open rounded shape&smooth,Orange one Eye, Length:530±20.0mm,E.Length 500±20.0mm, OD: 5.30±0.20mm 16CH",,Medical supply,N/A,,,2
cca08719-676e-4519-8b4b-1938527c7cfe,,,"Catheter Suction Open rounded shape&smooth,Red one Eye, Length:530±20.0mm,E.Length 500±20.0mm, OD: 6.00±0.20mm 18CH",,Medical supply,N/A,,,2
2b65ef5b-213e-457f-96c6-7a3b84457c9d,,,"Catheter Suction Open rounded shape&smooth,blue one Eye, Length:530±20.0mm,E.Length 500±20.0mm, OD2.7±0.10MM 8CH",,Medical supply,N/A,,,2
04122cc3-13fe-4ead-ae2c-8ddc1e073a12,,,Manual sucker/Bulb Sterilizable Silicon air tight for infant,,Medical supply,N/A,,,2
bd863c60-fb0f-4102-ac66-fed22703415a,,,Nasopharyngeal airways 8CH,,Medical supply,N/A,,,2
1665fd3e-0559-4734-a273-83324b0c3715,,,Nasopharyngeal airways 7CH,,Medical supply,N/A,,,2
298c7ec0-d834-4502-90bf-1d94c2a2a0d2,,,Nasopharyngeal airways 6CH,,Medical supply,N/A,,,2
702d9844-8c5c-4f23-98eb-1b7133184010,,,Nasopharyngeal airways 4CH,,Medical supply,N/A,,,2
0ae07c58-c66e-4d0b-a431-a683f5ff3412,,,Nasopharyngeal airways 3CH,,Medical supply,N/A,,,2
12446a28-7ec2-46dc-a1ac-7c9523a97716,,,Oropharyngeal Airway (Guedel) Sterile 5CH,,Medical supply,N/A,,,2
2531ab6e-a76a-45f2-93d5-7bec2841719c,,,Oropharyngeal Airway (Guedel) Sterile 4CH,,Medical supply,N/A,,,2
227b709c-6aeb-4e9a-836f-1e0794764d39,,,Oropharyngeal Airway (Guedel) Sterile 3CH,,Medical supply,N/A,,,2
262127f8-fc02-4232-9727-f12b244063ad,,,Oropharyngeal Airway (Guedel) Sterile 2CH,,Medical supply,N/A,,,2
feb3a0ee-4bd0-4224-be89-ba93efbca76c,,,Oropharyngeal Airway (Guedel) Sterile 1CH,,Medical supply,N/A,,,2
b9a77ed9-c152-4385-834d-659f4167f318,,,Oropharyngeal Airway (Guedel) Sterile 0CH,,Medical supply,N/A,,,2
8edd6f63-6614-4502-a548-0ac66386faab,,,Resuscitator Bag (Ambu Bag) Child,,Medical supply,N/A,,,2
d96cfe89-40c2-4a32-98bb-40321aa54d84,,,Resuscitator Bag (Ambu Bag) Infant,,Medical supply,N/A,,,2
f73a3818-9e51-4cac-a1bd-c5b9317e4a73,,,Adhesive Tape 5cm x 1.9cm,,Medical supply,N/A,,,2
8f1b0446-b5af-4d6d-89e4-28f3120ef51f,,,Gauze Dressing 4'' x 4'',,Medical supply,N/A,,,2
eed28c15-f210-4edf-b16e-e8ec3a7e9ea7,,,Glove Examination Latex Powdered Medium,,Medical supply,N/A,,,2
30fcc422-bb92-4705-bc43-4e2147123294,,,Triage Tags Dark,,Medical supply,N/A,,,2
29a620e5-ea83-45ef-bfa5-fe0da45d05b7,,,Triage Tags Red,,Medical supply,N/A,,,2
135ce888-008a-4f42-9be8-6a5bc0562fbb,,,Triage Tags Yellow,,Medical supply,N/A,,,2
fe802813-84df-4416-a2f9-dc4a306a939d,,,Conical Centrifuge Tubes 112mm x 17mm,,Medical supply,N/A,,,2
40e233ed-f092-48c3-a8cd-8d80585d6e6b,,,Catheter for Mucus Extractor In pieces of different sizes,,Medical supply,N/A,,,2
5157a174-2b45-45cb-a1a6-113c00149f60,,,Brush for Decontamination small,,Medical supply,N/A,,,2
d9fab3ed-f278-4332-a62a-2982d7324a2a,,,Bucket 30L and Bowls Plastic for Decontamination Instrument,,Medical supply,N/A,,,2
99009477-9ff5-4f0d-8c4a-516f09d0aed0,,,Glove Heavy Duty Latex (Disposable) small,,Medical supply,N/A,,,2
486fc280-c554-4837-84d5-de3eda6cbc93,,,"Mortar and Pestle 100mm((dia)x45mm,Small",,Medical supply,N/A,,,2
b029e1c0-7432-403e-882d-1c1e739c1868,,,"Mortal and Pestle 160mm(dia) x75mm,Medium",,Medical supply,N/A,,,2
f3fe075c-54dd-40b9-8bf2-70a743fa360a,,,"Brush for Test Tube 19mm(dia) x 89mm,fan stayle tip",,Medical supply,N/A,,,2
9e489766-f6ad-4cf4-a521-e420f11c8142,,,Cover Slide 20x20mm Thickness 13 mm,,Medical supply,N/A,,,2
17351ca5-a0b7-4b6f-849c-24fd41f9a370,,,Cover Glass slide Box 76x25x1mm,,Medical supply,N/A,,,2
fc9b0578-9dc0-4d71-87b7-efe54d6aed4c,,,Graduated Measuring Cylinder 250 ml,,Medical supply,N/A,,,2
c2adefda-bd99-48d1-ae20-50d5e6e0fc80,,,Graduated Measuring Cylinder 100 ml,,Medical supply,N/A,,,2
8761e5fd-0a2c-4d54-94fe-802866d4fcc6,,,Graduated Measuring Cylinder,,Medical supply,N/A,,,2
fc1e8c1b-2899-4a32-b327-4b8e4f43a683,,,Graduated Measuring Cylinder 500ml,,Medical supply,N/A,,,2
6ee26fb9-0d2d-4091-9b81-a25ba6bfc986,,,"Jar Glass,wide mouth,1000ml",,Medical supply,N/A,,,2
0f92633f-3639-4d3b-9ed9-8f8165da10c3,,,Graduated Measuring Cylinder 50ml,,Medical supply,N/A,,,2
f3962afa-21b5-41f9-91da-7fac4c4dba30,,,Graduated Measuring Cylinder 25ml,,Medical supply,N/A,,,2
109a41e3-3c62-4078-8386-d469e52d9b71,,,ESR graduated pipette from 0 to 195mm with 1mm subdivision,,Medical supply,N/A,,,2
7bb8254f-3e0d-4d98-bd23-a3c729273356,,,Contact activated blood lancet Length:40mm,,Medical supply,N/A,,,2
2d9f832a-8563-43ad-8251-db31dc2c8a2b,,,"Micro Pipette Tips 10 100µl, Red",,Medical supply,N/A,,,2
66852445-7783-4f80-8e31-6457e3376bcd,,,"Micro Pipette Tips 10 100µl, Yellow",,Medical supply,N/A,,,2
0ed82914-f0a6-4f0d-9213-89b98e889da5,,,Catheter Umblical 3.5CH,,Medical supply,N/A,,,2
a5c91505-bcdd-460e-8a2e-271cc4ae1d2e,,,Aspirator Nasal Oral,,Medical supply,N/A,,,2
4367daf4-19c7-42aa-9310-fea195633154,,,Nasopharyngeal airways 5CH,,Medical supply,N/A,,,2
fd3c5317-b7fc-42ba-9acb-7d93b180ea5e,,,Dental Cotton wool N0. 2,,Medical supply,N/A,,,2
b1791272-df38-459a-9b98-38902b6adeae,,,Mindray BS 200E Cuvette,,Medical supply,N/A,,,2
4f355d69-f0b6-4865-b22a-17ac851c8b7b,,,Mindray BS 200E Lamp,,Medical supply,N/A,,,2
809ddbd8-5f36-4b32-8de0-0351a34babc0,,,Mindray BS 200E Probe,,Medical supply,N/A,,,2
f8c416b0-d923-44a3-9e64-bf479a2dc975,,,Biohazard Bag 94cmx122cm,,Medical supply,N/A,,,2
4ac4d291-6e78-41ef-9c40-e38302a25690,,,Colostomy Bag Adhesive Regulator Closed 25cmx14cm 60mm Opening Adult Opec Medium,,Medical supply,N/A,,,2
56e59f13-9a06-477b-872e-6fb7e652e0e3,,,"Tube Suction, Disposable 15mmx2m",,Medical supply,N/A,,,2
154eac1b-1378-4030-9951-1e478f719187,,,"Conical Test Tube Plastic, Graduated 15ml",,Medical supply,N/A,,,2
46b694e8-c97f-495b-a5b1-f78cf83cd599,,,"Flask Erlenmeyer, Glass, Heat Resistant, 2Litre",,Medical supply,N/A,,,2
f3576538-58c7-4c5a-b370-3574e2dc03c6,,,"Capillary Tube, Hematocrite, Sodium Heparinized 80IU/ml, Red Top, 75mm Length, 20µ",,Medical supply,N/A,,,2
dfece123-43ef-4bde-b65f-05ef971a258c,,,Autoclave Indicator Tape 1.9cmx5cm,,Medical supply,N/A,,,2
d750c888-7684-48d5-a3d8-72e9cd8af493,,,Oronasopharyngeal (Airway) Sterile 60mm,,Medical supply,N/A,,,2
1f5e3221-1439-4a84-b4a5-5f782a2ccded,,,Oronasopharyngeal (Airway) Sterile 90mm,,Medical supply,N/A,,,2
52f693ab-fd8f-4bb0-b3a6-8167bf1f5f7e,,,Oronasopharyngeal (Airway) Sterile 120mm,,Medical supply,N/A,,,2
42e48917-d15d-4c69-924f-90a3d323544d,,,Oronasopharyngeal (Airway) Sterile 80mm,,Medical supply,N/A,,,2
dae6102c-5052-4252-ad30-fcae0ac14f4d,,,Polyglycolic acid absorbable braided violet Gauge 1.0(5/0) 75cm on 13mm 1/2 Circle Round Bodied Needle,,Medical supply,N/A,,,2
c6f9ffd6-6612-4b7b-bc4c-4fb955b7717a,,,"Applicator Wooden Stick with Cotton Tip 2.2mm x 150mm Individually Packed, Sterile",,Medical supply,N/A,,,2
ba499c91-40bb-437b-b4a8-07ce190221eb,,,Trachoma Clap small,,Medical supply,N/A,,,2
b4ebba34-a6bb-4a97-90fa-60a999914659,,,Trachoma Clap large,,Medical supply,N/A,,,2
b7a060ff-ddfb-4573-a12b-3bb8784414b0,,,Swap Disinfecting Imppreginated with Isopropyl Alchol 70%,,Medical supply,N/A,,,2
ea21f66a-98ff-45ab-8906-85ecad74a0ec,,,Adhesive Wound Plaster with Absorbent Anticeptic pad individually packed 2 size,,Medical supply,N/A,,,2
9394d6e6-8e10-42e5-86a8-58e46bbf48f6,,,Adhesive Plaster Zinc Oxide 2.5cmx10m,,Medical supply,N/A,,,2
e2e6eb29-06e5-4cd0-bdae-4058c6c8046c,,,Sysmex XP 300 Thermal Printing Paper,,Medical supply,N/A,,,2
c82f7f2a-330c-44db-9e02-cc22b4e5ab63,,,"Microscope Slide 27x75mm, 1.2mm Thickness Frosted",,Medical supply,N/A,,,2
eca26f5d-1f13-4ff4-9309-e0bc9214fe9c,,,"Microscope Slide 27x75mm, 1.2mm Thickness",,Medical supply,N/A,,,2
611d4428-960d-4567-beb1-ac4fae44075f,,,Micropipette Tips 10 200µl,,Medical supply,N/A,,,2
180b9e37-9882-4108-b8c2-2a683f45ba0e,,,Micropipette Tips 200 1000µl,,Medical supply,N/A,,,2
2f13b5a2-3a93-49a8-8fb2-7eeb60ae20be,,,"Sealer Capillary Tube, 2mm Thickness",,Medical supply,N/A,,,2
cdeb3878-818d-4f6d-bd78-3dcea2c3087c,,,"Pasteur Pipette 3ml, Non sterile, Plastic",,Medical supply,N/A,,,2
8227156e-3dc5-4b17-9428-2ba4995180b4,,,"Biohazard Bags Disposable, Orange 32x34Inch",,Medical supply,N/A,,,2
2ce1af74-b7d5-44b4-ab7f-b964fd186663,,,DxC 700 AU/ Unicel DxI 800 Carbon Powder Filter,,Medical supply,N/A,,,2
8e0030d0-050f-4733-bfd0-1bddf420e0ae,,,DxC 700 AU/ Unicel DxI 800 Micron Filter with Antibacterial,,Medical supply,N/A,,,2
51dae262-057e-4075-af17-5696105c69c1,,,DxC 700 AU/ Unicel DxI 800 Improved GAC,,Medical supply,N/A,,,2
c70be904-6c63-41d7-91e6-933c4517aa6f,,,DxC 700 AU/ Unicel DxI 800 LC 177 Protek L1,,Medical supply,N/A,,,2
2dfc683d-873f-473e-b9d8-1d19aaca5b3b,,,DxC 700 AU/ Unicel DxI 800 LC 174 Protek L1,,Medical supply,N/A,,,2
060f42fc-5189-4327-bdc6-150771eb0341,,,DxC 700 AU/ Unicel DxI 800 LC 174 MEDPURE Cartridge,,Medical supply,N/A,,,2
ae4f836b-ff26-4d77-b57e-e04c3d99bb1a,,,DxC 700 AU/ Unicel DxI 800 Peristatic Tubing Roller Pump,,Medical supply,N/A,,,2
8060bf2b-c61b-4000-8979-4f5ffca2f070,,,Gauze Dressing 5cmx4cm,,Medical supply,N/A,,,2
43566e22-4914-4a80-8fd2-f0d239b25f9f,,,Cobas C 311 Reference Electrode,,Medical supply,N/A,,,2
598628c1-c414-496c-92c2-ec2fca546816,,,Cobas 6000 Reference Electrode,,Medical supply,N/A,,,2
ce43f8ff-ada8-4c12-9a26-68b1fef8fa5b,,,ANGIO DIAGNOSTIC CATHETER 5FR JR 3.5,,Medical supply,N/A,,,2
b68f4d0e-03f5-4e2a-b0b9-0507d17635a7,,,ANGIO DIAGNOSTIC CATHETER 5FR JR 4,,Medical supply,N/A,,,2
be5a4345-6909-49d9-a719-c26bd11f922f,,,ANGIO DIAGNOSTIC CATHETER 5FR×100CM MPA 1,,Medical supply,N/A,,,2
97569372-7197-4cfa-8702-52568e3a5eda,,,ANGIO DIAGNOSTIC CATHETER 5FR PIGTAIL,,Medical supply,N/A,,,2
bdee7451-e786-41e1-94bb-b56d0106a0c7,,,ANGIO DIAGNOSTIC CATHETER Radial 5FR 4.0,,Medical supply,N/A,,,2
2a26383a-fd83-488d-9db4-c91ada34d370,,,ANGIO DIAGNOSTIC CATHETER Radial 5FR 3.5,,Medical supply,N/A,,,2
5c545d22-0c93-42dc-8747-21437a1c22fa,,,ANGIO DIAGNOSTIC CATHETER Radial 6FR 4.0,,Medical supply,N/A,,,2
30451bc3-95d7-4280-8f5b-c607edd89c52,,,ANGIO DIAGNOSTIC CATHETER Radial 6FR 3.5,,Medical supply,N/A,,,2
0700a82f-dc95-4492-a65e-741c55e69636,,,ANGIO DIAGNOSTIC CATHETER 6FR × 100CM JR 3.5,,Medical supply,N/A,,,2
cc735383-fe7e-41bb-ba25-f1befd8e19df,,,ANGIO DIAGNOSTIC CATHETER 6FR × 100CM JR 4,,Medical supply,N/A,,,2
5cd7ce7a-d5b8-4b4a-9609-df83cf156b49,,,ANGIO DIAGNOSTIC CATHETER 6FR × 100CM JL 3.5,,Medical supply,N/A,,,2
c692dde8-40ce-47b0-ba0b-67656029e589,,,ANGIO DIAGNOSTIC CATHETER 6FR × 100CM JL 4,,Medical supply,N/A,,,2
6b930e14-0550-42cc-b460-274fb7924ed9,,,ANGIO DIAGNOSTIC CATHETER 5FR × 100CM JL 4,,Medical supply,N/A,,,2
1fdd7798-9387-47f9-8bd3-60936d6616ae,,,ANGIO DIAGNOSTIC CATHETER 6FR × 100CM JL 5,,Medical supply,N/A,,,2
1d199b24-21ea-4af8-903d-e0f35cccae5e,,,ANGIO DIAGNOSTIC CATHETER 6FR × 100CM AL I,,Medical supply,N/A,,,2
4cb52faa-473a-45db-a940-818b99ec27ed,,,ANGIO DIAGNOSTIC CATHETER 6FR × 100CM AL II,,Medical supply,N/A,,,2
504b1b57-4c1b-48e2-b890-e942578c8230,,,ANGIO DIAGNOSTIC CATHETER 6FR × 100CM MPA 2,,Medical supply,N/A,,,2
351b5c75-939a-4cd8-95bf-775fc397144f,,,ANGIO DIAGNOSTIC CATHETER 6FR × 100CM PIGTAIL,,Medical supply,N/A,,,2
4de83abe-de0e-4538-a8e2-81a10dc4dc51,,,Tube Connector Y connector,,Medical supply,N/A,,,2
2a83a0fd-e833-4cd7-a1aa-6ecb14986cd1,,,Tube Connector Straight,,Medical supply,N/A,,,2
2fdd176c-1536-4fc7-92c3-7207960734d9,,,Three way stop cock,,Medical supply,N/A,,,2
53f296d7-fbc9-47de-8cda-2257a6c2ae06,,,Suction catheter 8F,,Medical supply,N/A,,,2
6b31ef17-7c4e-43aa-9cd0-145f9d71282e,,,Temporary pacing wires,,Medical supply,N/A,,,2
aa090f02-6d3d-4e03-9929-c8e7add24919,,,Suction catheter 12F,,Medical supply,N/A,,,2
f9734bbd-1977-41c5-947b-db812a6b6e61,,,Suction catheter 10F,,Medical supply,N/A,,,2
8393ded8-2137-4b7c-a669-29140a38377c,,,Sterile gown XL size,,Medical supply,N/A,,,2
97d53b62-6939-4b75-b8fe-76f1e2835e4d,,,Sterile drape Adult,,Medical supply,N/A,,,2
e41a3619-d2a2-49b7-b3bb-aac19025816a,,,"Prolene Double arm, round needle 6 0",,Medical supply,N/A,,,2
8fea67f0-e47b-4e72-a099-68a4ff30628c,,,"Prolene Double arm, round needle 5 0",,Medical supply,N/A,,,2
397f4446-a476-4572-b254-e9fbd656c11b,,,"Prolene Double arm, round needle 4 0",,Medical supply,N/A,,,2
a76ef11f-a11c-4408-9d7a-962fe0645531,,,Perfusion custom pack Weight >40 kg,,Medical supply,N/A,,,2
6637c7ae-cc25-45d5-b8bd-d4dc2d96ca3e,,,Perfusion custom pack Weight 10 25 kg,,Medical supply,N/A,,,2
14b285cd-36ea-4c54-aef0-1bf9a05b2780,,,Perfusion custom pack Weight 25 40 kg,,Medical supply,N/A,,,2
042ede45-b43c-4cc0-a5a8-a5f5e56f7781,,,Oxygen nasal cannula Adult,,Medical supply,N/A,,,2
fb1354e6-2b24-4d8f-ae60-ef531eb6fde9,,,Oxygen nasal cannula Pediatric,,Medical supply,N/A,,,2
5a783c32-f653-4c5d-9bcd-d5abc4492c32,,,Nylon tape 3mm x 70cm,,Medical supply,N/A,,,2
60cfbdef-1c75-44e5-8371-c890d6c255d2,,,ANGIO DIAGNOSTIC CATHETER 5FR × 100CM NTR ( SITE SEER),,Medical supply,N/A,,,2
6893915a-8c2a-43e3-a0c8-9a37b9a9e5de,,,Nebulising mask,,Medical supply,N/A,,,2
f361fb32-4c23-406e-9aa9-9481c6c55b46,,,ANGIO DIAGNOSTIC CATHETER 6FR × 100CM NTR,,Medical supply,N/A,,,2
263a2950-6bab-4bf5-bdeb-1144fce535b7,,,"GUIDING CATHETER JL 4.0, 6Fr, 100cm",,Medical supply,N/A,,,2
0bda2ea5-90a1-462a-a408-ac2269e45be7,,,Mechanical Valve prostheses Aortic Valve 23mm,,Medical supply,N/A,,,2
9b647d7e-e008-499b-a07e-4067424f9463,,,"GUIDING CATHETER JL 3.5, 6Fr, 100cm",,Medical supply,N/A,,,2
067ae3f5-bf28-4835-90e6-f470b5a4d885,,,"GUIDING CATHETER JL 4.5, 6Fr, 100cm",,Medical supply,N/A,,,2
f3d9d3ad-a24e-435b-9559-2417bbb807ae,,,"GUIDING CATHETER JR 4.0, 6Fr, 100cm",,Medical supply,N/A,,,2
64f348c6-a07c-4477-a9f3-2ee267abffb1,,,"GUIDING CATHETER JR3.5, 6Fr",,Medical supply,N/A,,,2
45885605-a687-4ec8-9816-cef0f62fef1e,,,"GUIDING CATHETER JL 4.0, 7Fr, 100cm",,Medical supply,N/A,,,2
875bf271-8cbc-4506-a3c2-cfc7d81be20a,,,"GUIDING CATHETER AL2, 6Fr",,Medical supply,N/A,,,2
079cff28-1f58-4fc0-a26f-186b38fffc95,,,"Urine Cup Plastic, 40ml",,Medical supply,N/A,,,2
941f1c48-fe01-4921-8ee1-e1073e158b62,,,GUIDING CATHETER IMA 6F,,Medical supply,N/A,,,2
bb175344-7b79-4a8a-b353-c5ad5a360555,,,"GUIDING CATHETER AL1, 6Fr",,Medical supply,N/A,,,2
54c88db5-4524-4df3-9718-98f0659699cb,,,GUIDING CATHETER 6F AR 2.0,,Medical supply,N/A,,,2
6f40a848-c7f1-4c08-b501-f2a10f6f8c0b,,,GUIDING CATHETER 6FR AR 1.0,,Medical supply,N/A,,,2
fc820afd-ef3d-4caa-9614-17d533e91154,,,GUIDING CATHETER 6F EBU/voda left 3.5,,Medical supply,N/A,,,2
dbc86a9d-9113-4f05-b55f-809e6b395d1a,,,GUIDING CATHETER 6FR EBU/ voda left 3.0,,Medical supply,N/A,,,2
3f1d7938-28a4-467a-ae38-80ce2259cbd5,,,GUIDING CATHETER 6FR EBU/ voda left 4.0,,Medical supply,N/A,,,2
94f6a436-9695-4980-99f9-2a8a0cdd025e,,,GUIDING CATHETER 7FR EBU/ voda left 3.5,,Medical supply,N/A,,,2
820ba9ff-299e-4bec-8493-c759aebd36ec,,,"ANGIOGRAPHIC GUIDEWIRE 0.035"", 260CM, J TIP BOX5",,Medical supply,N/A,,,2
ae39bef3-69e8-4153-9c84-5e958921df51,,,ANGIOGRAPHIC GUIDEWIRE 0.032 × 145CM J TIP hydrophilic wire,,Medical supply,N/A,,,2
023ec38d-bfc1-435d-bc9d-9c4cb77aa3ce,,,ANGIOGRAPHIC GUIDEWIRE 0.038 × 145CM J TIP 3MM,,Medical supply,N/A,,,2
b8e22806-91b9-4339-a64e-c110e4944ffe,,,Mechanical Valve prostheses Aortic Valve 21mm,,Medical supply,N/A,,,2
f9da0de4-34c6-4cf8-9358-2ef1eb54a4ea,,,Mechanical Valve prostheses Aortic Valve 19mm,,Medical supply,N/A,,,2
8b8dc5f0-e661-41a5-a554-16a628756d4c,,,"PCI Guide wire Floppy LIGHT SUPPORT, 190CM, JTIP",,Medical supply,N/A,,,2
e86eb5c8-d81e-4c0b-8928-54e3c76e3eeb,,,PCI Guide wire Hydrophilic 180,,Medical supply,N/A,,,2
b810aa0a-3a47-4cfd-8b84-37bf57b2c7af,,,"PCI Guide wire FLOPPY, LIGHT SUPPORT, J TIP, 300cm",,Medical supply,N/A,,,2
a4ae7aa5-3d27-4113-83ac-f6456ad5012c,,,PCI Guide wire medium support 180cm,,Medical supply,N/A,,,2
69d6cf8e-b8da-4d00-a5b0-ac2d1f7f66b9,,,PCI Guide wire HYDROPHILLIC WORKHORSE 180CM 3g,,Medical supply,N/A,,,2
77b59de4-0b7f-426a-909c-64dbad7e7473,,,Mechanical Valve prostheses Mitral Valve 27mm,,Medical supply,N/A,,,2
70a9e049-c155-4735-9dbe-042bb6fda25b,,,DRUG ELUTING STENT 2.25 x 18MM (17 19),,Medical supply,N/A,,,2
dcbe11d6-a211-4c4a-80f9-2ffc91dad615,,,Mechanical Valve prostheses Mitral Valve 29mm,,Medical supply,N/A,,,2
edc2af55-8b1c-40bc-8e53-fa999f348de8,,,DRUG ELUTING STENT 2.25 x 22MM (21 23),,Medical supply,N/A,,,2
d340dec7-6bea-4b5c-a625-8506063ec8be,,,DRUG ELUTING STENT 2.5 x 12MM (11 13),,Medical supply,N/A,,,2
18dd52f4-f5d4-4e78-b36c-d4381acf700b,,,DRUG ELUTING STENT 2.5 x 15MM (14 16),,Medical supply,N/A,,,2
0a88ecae-b2e9-4959-b079-0c53aa84b451,,,Luer lock,,Medical supply,N/A,,,2
37171b93-3cb8-43d1-b92c-35331c31d7c4,,,Liga Clips small,,Medical supply,N/A,,,2
96757659-4ff0-4c64-9c2b-e19087cc3e99,,,DRUG ELUTING STENT 2.5 x 18MM (17 19),,Medical supply,N/A,,,2
a7085bf9-de9f-44e3-b45f-d0975f565ab8,,,DRUG ELUTING STENT 2.5 x 22MM (21 23),,Medical supply,N/A,,,2
85af4fa7-7c3b-4cd2-a34d-3575259c8df5,,,DRUG ELUTING STENT 2.5 x 26MM (25 27),,Medical supply,N/A,,,2
e0759574-45e2-4234-bdc6-42517a44b5b5,,,DRUG ELUTING STENT 2.5 x 34MM (33 35),,Medical supply,N/A,,,2
35cf029d-0396-465f-8cb7-425cb1367131,,,DRUG ELUTING STENT 2.75 x 15MM (14 16),,Medical supply,N/A,,,2
d477d39a-e8bf-4344-8cb9-ea85abb8fd71,,,Liga Clips Medium,,Medical supply,N/A,,,2
a16e01b2-920d-4b7b-b5c0-b45035383fc2,,,DRUG ELUTING STENT 2.75 x 18MM (17 19),,Medical supply,N/A,,,2
1d684428-bb3d-4940-a668-9ab8347204c0,,,DRUG ELUTING STENT 2.75 x 22MM (21 23),,Medical supply,N/A,,,2
827a7730-8bf8-4ed2-91b0-fe3ac88c8e71,,,DRUG ELUTING STENT 2.75 x 26MM (25 27),,Medical supply,N/A,,,2
b65caf3d-2b6c-428d-bdec-9f9f73c47fd8,,,Gore Tex suture CV 5,,Medical supply,N/A,,,2
8adfb336-5594-4061-ad74-190786cbc26f,,,DRUG ELUTING STENT 2.75 x 34MM (33 35),,Medical supply,N/A,,,2
a704b50f-76a5-4c6a-9a5e-43995adbdfe7,,,DRUG ELUTING STENT 3.0 x 8MM (7 9),,Medical supply,N/A,,,2
30ca9353-832b-4bec-9fa7-518bbb2272a2,,,GoreTex suture CV 4,,Medical supply,N/A,,,2
a793cf2c-1156-4b2b-a047-c07b1e7368c4,,,DRUG ELUTING STENT 3.0 x 12MM (11 13),,Medical supply,N/A,,,2
3f1797c6-3d81-4d73-92bf-5a66d601977a,,,Extensions 15cm,,Medical supply,N/A,,,2
72a0b2be-af43-43b0-96fb-2bf1fd8177d7,,,Extensions 100cm,,Medical supply,N/A,,,2
965b1fe5-550a-4e96-9257-da67e6a2d84b,,,DRUG ELUTING STENT 3.0 x 18MM (17 19),,Medical supply,N/A,,,2
2e1ae915-447b-40d2-a171-7a8d66b965a6,,,DRUG ELUTING STENT 3.0 x 22MM (21 23),,Medical supply,N/A,,,2
f13d1ace-c115-49c3-96ea-eeb0c602dfa4,,,DRUG ELUTING STENT 3.0 x 26MM (25 27),,Medical supply,N/A,,,2
a3da7d51-e2aa-426b-9b3d-796649870089,,,DRUG ELUTING STENT 3.0 x 30MM (29 31),,Medical supply,N/A,,,2
e24077ef-9a84-4ef9-bdbf-f907cc0b6267,,,DRUG ELUTING STENT 3.5 x 12MM (11 13),,Medical supply,N/A,,,2
f77ea776-dddf-4963-ae3c-46be71c15180,,,DRUG ELUTING STENT 3.5 x 18MM (17 19),,Medical supply,N/A,,,2
2165154f-6d0d-4d9e-afb3-2461fe00c82f,,,DRUG ELUTING STENT 3.5 x 22MM (21 23),,Medical supply,N/A,,,2
e48622b7-4202-4425-8185-2d8468e3ff4a,,,DRUG ELUTING STENT 4.0 x 12MM (11 13),,Medical supply,N/A,,,2
16e9ab87-8b7e-4579-97e0-f7700cb6bcbf,,,CORONARY BALLOON DILATION CATHETERS semicompliant balloon 1.25 X 6MM (5 7),,Medical supply,N/A,,,2
4c847e84-1700-4463-9746-90dde4505a3b,,,Extensions 200 cm,,Medical supply,N/A,,,2
b699acec-1e72-4022-b91a-b70295318b42,,,CORONARY BALLOON DILATION CATHETERS semicompliant balloon 1.25 X 10MM (9 11) SPL12510X,,Medical supply,N/A,,,2
1ac34221-9f18-4df1-83f1-80aee06e0829,,,CORONARY BALLOON DILATION CATHETERS semicompliant balloon 1.5 X 6MM (5 7),,Medical supply,N/A,,,2
63d77222-8e41-4959-92d7-1dbabba3f39b,,,CORONARY BALLOON DILATION CATHETERS semicompliant balloon 1.5 X 10MM (9 11),,Medical supply,N/A,,,2
c901ddc3-427f-460e-8b66-fcc8b5166891,,,CORONARY BALLOON DILATION CATHETERS semicompliant balloon 1.5 X 15MM (14 16),,Medical supply,N/A,,,2
37ed10ee-1948-496b-9f23-07d33987a2af,,,"Ethibond 2 0 non pledgetted, 17mm",,Medical supply,N/A,,,2
e826c8a2-1536-48c3-adff-73b9fa23ad88,,,CORONARY BALLOON DILATION CATHETERS semicompliant balloon 1.5 X 20MM (19 21),,Medical supply,N/A,,,2
385c5dfc-f2de-49fb-8e6f-e64db70bd098,,,"Ethibond 2 0 non pledgetted, 21mm",,Medical supply,N/A,,,2
7e62528c-d562-4db8-b8b3-150e13507616,,,"Ethibond 2 0 pledgetted, 17mm",,Medical supply,N/A,,,2
c04ebfb7-a091-4ab8-985e-3215745f48a0,,,"Ethibond 2 0 pledgetted, 21mm",,Medical supply,N/A,,,2
62a00a3b-c709-49b0-a057-1009ff064c4d,,,CORONARY BALLOON DILATION CATHETERS semicompliant balloon 2.0 X 6MM (6 8 ),,Medical supply,N/A,,,2
7180fd84-1571-4ae5-805e-ca23d077ffaf,,,CORONARY BALLOON DILATION CATHETERS semicompliant balloon 2.0 X 10MM (9 11),,Medical supply,N/A,,,2
04f22e1a-ee13-4b57-8dc6-92b62b40842e,,,CORONARY BALLOON DILATION CATHETERS semicompliant balloon 2.0 X 15MM (14 16),,Medical supply,N/A,,,2
17988a94-892d-4ac1-b94a-182877de54bf,,,CORONARY BALLOON DILATION CATHETERS semicompliant balloon 2.0 X 20MM (19 21),,Medical supply,N/A,,,2
0ee2f3e5-a431-4a1c-98d6-65361b8d898f,,,CORONARY BALLOON DILATION CATHETERS semicompliant balloon 2.5 x 15MM (14 16),,Medical supply,N/A,,,2
495e2dd0-6d48-4afb-b8ce-453571ca32c5,,,CORONARY BALLOON DILATION CATHETERS semicompliant balloon 2.5 X 10MM (9 11),,Medical supply,N/A,,,2
528a8f16-99a5-4129-89c7-a5ecfc13305e,,,CORONARY BALLOON DILATION CATHETERS semicompliant balloon 2.5 X 6MM (5 7),,Medical supply,N/A,,,2
dd206cf7-d5c0-4132-b242-6f9d87f51666,,,CORONARY BALLOON DILATION CATHETERS semicompliant balloon 2.5 X 20MM (19 21),,Medical supply,N/A,,,2
a545d2c8-8380-41e6-b1ac-2ea004cdab76,,,ECG leads,,Medical supply,N/A,,,2
73874ec4-c918-457a-a663-e19db2786b2c,,,NC PTCA BALLOON CATHETER 2.5 X 8MM (7 9),,Medical supply,N/A,,,2
53dc05e0-7a20-45a3-8469-1bfd18426542,,,NC PTCA BALLOON CATHETER 2.5 x 12MM (11 13),,Medical supply,N/A,,,2
9f14bb87-6400-470c-a65b-e52418f15d87,,,NC PTCA BALLOON CATHETER 2.75 X 8MM (7 9 ),,Medical supply,N/A,,,2
7b1ea141-b9be-4180-958e-3ac66fbc7e5a,,,NC PTCA BALLOON CATHETER 2.75 X 12MM (11 13),,Medical supply,N/A,,,2
206820d9-d77b-460d-8762-a0c89de1fc14,,,NC PTCA BALLOON CATHETER 2.75 x 15MM (14 16),,Medical supply,N/A,,,2
24c196a9-e94e-4309-8fff-303237c88cf2,,,NC PTCA BALLOON CATHETER 3.0 x 8MM (7 9),,Medical supply,N/A,,,2
b9827d7d-2e11-4532-bb06-759aa679906d,,,NC PTCA BALLOON CATHETER 3.0 x 12MM (11 13),,Medical supply,N/A,,,2
97935c84-b702-45de-9a71-2e7c760a107f,,,NC PTCA BALLOON CATHETER 3.0 X 15MM ( 14 16 ),,Medical supply,N/A,,,2
de71c4d5-44ec-4842-9683-e207790c3a1c,,,NC PTCA BALLOON CATHETER 3.25 X 8MM (7 9),,Medical supply,N/A,,,2
dc19051e-8ce7-42ff-946a-bcbeb3319b70,,,NC PTCA BALLOON CATHETER 3.25 X 15MM (14 16),,Medical supply,N/A,,,2
2a733606-d004-45a9-8c37-a5615895629c,,,NC PTCA BALLOON CATHETER 3.50 X 8MM (7 9),,Medical supply,N/A,,,2
c5d24461-d30e-4637-bf3f-a8f7f6903f0c,,,NC PTCA BALLOON CATHETER 3.50 X 12MM ( 11 13),,Medical supply,N/A,,,2
1843d0b5-ac5a-482e-8eb8-7b46546d55fa,,,"5Fr. TransRadial Introducer kit with introducer sheath, dilator, SPRINGmini guidewire. Introduce like 5Fr, use as a 6Fr 11CM SHEATH,",,Medical supply,N/A,,,2
567ec9c6-4210-4cc4-a3ce-80f2befbaf80,,,"Femoral INTRODUCER, 11CM SHEATH, 17CM DILATOR, 0.038"" GUIDEWIRE SET, 6F",,Medical supply,N/A,,,2
9154ec3f-cc5d-49f7-bbf2-ba673f26c58c,,,"Femoral INTRODUCER, 11CM SHEATH, 17CM DILATOR, 0.038"" GUIDEWIRE SET, 7F",,Medical supply,N/A,,,2
5cce0469-03c2-4277-8912-b1ed081467e0,,,"26 30 ATM INFLATION DEVICE AND PITON ACCESSORIES / PCI Kit with 26 30 ATM , Y Adaptor, Torque device, Insertion tool , High pressure",,Medical supply,N/A,,,2
eade814e-a7d7-4b5b-af46-e3bd3ca34e1a,,,Manifold 3way,,Medical supply,N/A,,,2
6ec0e561-3a52-460f-a196-f5838514d8cf,,,Thrombus ASPIRATION CATHETER 6F,,Medical supply,N/A,,,2
7cf86341-c63f-4c9e-85bf-4fdc86f9d84b,,,Puncture needle 18G,,Medical supply,N/A,,,2
7c731384-c896-43b1-a7b8-b206a32c0c52,,,"ANGIODRAPE, 2 FEMORAL HOLES, ONE TRANSPARENT (RIGHT SIDE) 330x218cm",,Medical supply,N/A,,,2
9b25bbf4-111f-48aa-b2f1-b3f5fddabdfa,,,Sterile waterproof covering for table 150 x 250 CM,,Medical supply,N/A,,,2
ceea92eb-2d57-4f07-9d6f-3ca11a8edfff,,,Image intensifier cover 90x90cm,,Medical supply,N/A,,,2
c5fe498a-6a5b-49bb-a679-8997c674ada6,,,ANGIOGRAPHIC SYRINGE 10ML WITH ROTATING ADAPTER,,Medical supply,N/A,,,2
8834495b-9c6c-47ab-a62d-7ad6e2447db1,,,CVP line kit,,Medical supply,N/A,,,2
7bb9a48f-0a3e-438f-810b-db8391164c2e,,,Cardioplegia Delivery system,,Medical supply,N/A,,,2
2e4edd19-1c43-4be2-ae7b-1834123c5a2b,,,Cardioplegia aortic root needle 14G,,Medical supply,N/A,,,2
04c1e543-cee0-40ca-bbd0-e305f6938f64,,,Cardioplegia aortic root needle 16G,,Medical supply,N/A,,,2
99dfe641-d4d9-403a-9fc9-d4b9cf5b514b,,,Cardioplegia aortic root needle 18G,,Medical supply,N/A,,,2
041a126b-dfed-413a-9e7a-5c7671248860,,,Arterial filter Adult,,Medical supply,N/A,,,2
97d1a4db-1a8d-48ab-866f-a8754da270b6,,,Arterial filter Pediatric,,Medical supply,N/A,,,2
ea735332-1845-4878-8b8d-4347cda13863,,,"Femoral Introducer Sheath F14 ,11cm",,Medical supply,N/A,,,2
6f6b21f7-ccf5-4e43-b6d3-1d48fd6d9fcd,,,INTRODUCER NEEDLE 18G,,Medical supply,N/A,,,2
60f0643a-7350-49b9-8cb4-5cfe8b9f17f0,,,"BRKTM 1 Transeptal Needle 71cm, 1.3,.50mm ST. JUDE MEDICAL",,Medical supply,N/A,,,2
b2351fcc-7f46-450f-a8bf-e5f8404f74d5,,,"BRKTM XS Transeptal Needle 71cm, 1.3,.50mm ST. JUDE MEDICAL",,Medical supply,N/A,,,2
55f8f8df-2047-4bb3-b61b-bf858f0fb7da,,,"BRKTM Transeptal Needle 71cm, 1.3,.50mm ST. JUDE MEDICAL",,Medical supply,N/A,,,2
f9266cf5-5dc2-48c5-a7a7-736757cd3653,,,"SWARTZTM Braided Transseptal Guiding Introducer SL0 8.5F ,67cm",,Medical supply,N/A,,,2
094ee94e-feeb-4552-a0ab-4866353b1803,,,"FAST CATHTM SL1 Transeptal Guiding Introducer 8.5F ,67cm",,Medical supply,N/A,,,2
5fa54120-0270-45ed-9832-0084a9b9004a,,,INOUE BALLOON 22mm,,Medical supply,N/A,,,2
d80c45a2-f702-490c-9703-a8b514e0e048,,,INOUE BALLOON 24mm,,Medical supply,N/A,,,2
c542a42c-7ce9-48af-b7a5-4ae4b57deab0,,,INOUE BALLOON 26mm,,Medical supply,N/A,,,2
372c375a-c5aa-40ba-af95-094b7f25508b,,,INOUE BALLOON 28mm,,Medical supply,N/A,,,2
6a5d05e0-fd14-4fd5-a007-50e2cd2cf43b,,,Inflation Device,,Medical supply,N/A,,,2
e7d05823-5f7c-4e57-82ea-8afae32b05e7,,,"Snaires , 10 x 20",,Medical supply,N/A,,,2
99e3bd05-f3c7-41c5-953a-f7489e8d7f16,,,active fixation lead 58cm,,Medical supply,N/A,,,2
8ab96e5a-b64e-4bad-9429-eea2ef63af68,,,"snaires , 10 x 15",,Medical supply,N/A,,,2
f36e9f16-4c5b-4204-8e9d-7dc4e80e3654,,,active fixation lead 52cm,,Medical supply,N/A,,,2
08eb1f8d-3de3-4ce1-a329-cd3588f49aee,,,Introducer 7FR Peel away,,Medical supply,N/A,,,2
dad0b561-c593-457b-aaa9-f591d8ca629a,,,Introducer 9FR Peel away,,Medical supply,N/A,,,2
07132452-aa60-4d11-b67a-85b0ac5b27ec,,,"Sheath short ( 7.5 CM) Introducer sheath, dilator, mini,guide wire 4F",,Medical supply,N/A,,,2
048a0b7e-3f51-42ed-9f8f-070ec2f96653,,,"Sheath short ( 7.5 CM) Introducer sheath, dilator, mini,guide wire 5F",,Medical supply,N/A,,,2
78c4e57d-26db-43cb-9d35-98678d3318d2,,,"Sheath short ( 7.5 CM) Introducer sheath, dilator, mini,guide wire 6F",,Medical supply,N/A,,,2
952be072-7ef2-44b4-9433-be91ae6874d5,,,"Sheath short ( 7.5 CM) Introducer sheath, dilator, mini,guide wire 7F",,Medical supply,N/A,,,2
0c334622-286a-4669-a4a1-8bd17c197ee6,,,CABLE For programming ( testing cable ) 2292,,Medical supply,N/A,,,2
71875c9a-91ee-4b5d-9a7d-78c1baac81d5,,,Epicardial leads 4968 35,,Medical supply,N/A,,,2
3772acbc-510e-4d6e-8354-333ea6da9602,,,"Sheath short ( 7.5 CM) Introducer sheath, dilator, mini,guide wire 8F",,Medical supply,N/A,,,2
3809929d-e35f-4ef8-be5d-61e87d0e2ee8,,,"Sheath short ( 7.5 CM) Introducer sheath, dilator, mini,guide wire 10F",,Medical supply,N/A,,,2
6fcb6009-52eb-4a91-9b6a-9f4d8dcf7d79,,,"Sheath short ( 7.5 CM) Introducer sheath, dilator, mini,guide wire 12F",,Medical supply,N/A,,,2
64ccfc7c-1edd-4dc5-9756-0be40e2d6377,,,Septal Occluder ASD012 device size 12,,Medical supply,N/A,,,2
14f50328-2304-4ca6-ba33-76db6ca8fdff,,,Septal Occluder ASD014 device size 14,,Medical supply,N/A,,,2
b0b3cfa2-4ea7-43f4-ac6d-d0ac60c9cc99,,,"NIH CATHETER, 5F ( PED. 80CM)",,Medical supply,N/A,,,2
3a86c265-ed19-4743-b7b9-ff8947d045e3,,,Septal Occluder ASD015 device size 15,,Medical supply,N/A,,,2
54e84aa8-1f42-4dde-b60b-664d5b9020f3,,,Septal Occluder ASD018 device size 18,,Medical supply,N/A,,,2
0f822fef-0d62-4ed5-8610-6f005cf6c48d,,,"NIH CATHETER,4F ( PED. 50CM)",,Medical supply,N/A,,,2
033b85ad-cc07-4d9c-adbf-63e906d3e711,,,Septal Occluder ASD020 device size 20,,Medical supply,N/A,,,2
69e34054-9517-40e4-85c1-5781651882e3,,,DIAGNOSTIC CATHETER 5FR × 100CM JR 4,,Medical supply,N/A,,,2
81f2f377-a619-4d0b-b95e-746697cf420a,,,Septal Occluder ASD022 device size 22,,Medical supply,N/A,,,2
a745421c-876d-4fe7-a3fa-c53bae0faa9e,,,Septal Occluder ASD024 device size 24,,Medical supply,N/A,,,2
ac96419a-cbeb-4a9f-baaa-9013e1ec18db,,,Septal Occluder ASD026 device size 26,,Medical supply,N/A,,,2
4d8ef625-5725-4964-a410-c7208d1fdb74,,,DIAGNOSTIC CATHETER 5FR × 100CM JR 3.5,,Medical supply,N/A,,,2
013658df-5e78-4e1c-a85d-76c35326fb9d,,,Septal Occluder ASD028 device size 28,,Medical supply,N/A,,,2
8844c8ce-dc14-42ca-93ed-dfe3fbc6eb67,,,Septal Occluder ASD030 device size 30,,Medical supply,N/A,,,2
58767865-5778-41c3-9474-e3f2819c1d75,,,Septal Occluder ASD032 device size 32,,Medical supply,N/A,,,2
4c7a7628-81e3-4008-97ee-4063ed6d73fc,,,Septal Occluder ASD034 device size 34,,Medical supply,N/A,,,2
8f70c4a2-1487-4840-96f7-5c25036e0a11,,,Septal Occluder ASD038 device size 38,,Medical supply,N/A,,,2
25b6b4cd-d36a-4aad-a5ca-a14caef4a060,,,"MPA 1/ MULTIPURPOSE ,CATHETER 6F",,Medical supply,N/A,,,2
d91ecaaf-bd24-4248-9b3f-a7340deda93b,,,"MPA 1/ MULTIPURPOSE ,CATHETER 5F",,Medical supply,N/A,,,2
f9b4ebb3-4986-49ab-a794-8b6a636311a0,,,DIAGNOSTIC PIGTAIL CATHETER 5F,,Medical supply,N/A,,,2
5c5911e6-702b-4667-a592-6a13d5a01c28,,,DIAGNOSTIC PIGTAIL CATHETER 4F,,Medical supply,N/A,,,2
8cfef862-cb34-47f7-a136-e65455d870d7,,,Duct occluder 8x6,,Medical supply,N/A,,,2
85d35ba6-6a14-47cb-9c29-dec145b2365e,,,"Regular J tip guidewire .035""x150cm, Non Hydrophilic",,Medical supply,N/A,,,2
0cc35d6f-7a76-4506-bdbd-518c493d4b4c,,,Duct occluder 10x8,,Medical supply,N/A,,,2
d0a574a1-e9d1-4599-8133-a183df2cb26e,,,"Regular J tip guidewire .035""x180cm, Non Hydrophilic",,Medical supply,N/A,,,2
780267c5-aa41-4437-a820-ff7e9dad79c0,,,Duct occluder 12x10,,Medical supply,N/A,,,2
13bbf9bb-8b00-4141-a88c-3d81c0c75c06,,,"Regular J tip guidewire .035""x260cm, Non Hydrophilic",,Medical supply,N/A,,,2
01c5f225-a7bd-4633-9c9d-aaba06ade284,,,Duct occluder 14x12,,Medical supply,N/A,,,2
8b5895d6-c417-4729-a44d-b1b541782802,,,Duct occluder 16x14,,Medical supply,N/A,,,2
1380b8de-d853-4c1a-b191-1d0767667660,,,0.035 × 150CM J TIP Hydrophilic,,Medical supply,N/A,,,2
3eb9de8c-66a1-4371-94e1-0689c84ec81c,,,0.025 × 150CM J TIP Hydrophilic,,Medical supply,N/A,,,2
37ace56e-4e17-436c-ab47-e2def22627ef,,,VSD MUSC008 size 8,,Medical supply,N/A,,,2
3ae7900f-c3bb-46c2-8079-9686bf189e16,,,VSD MUSC010 size 10,,Medical supply,N/A,,,2
1ad61365-7114-4b28-945d-003286edff13,,,VSD MUSC012 size 12,,Medical supply,N/A,,,2
12b688a6-0716-47e6-a751-b1874c6b6582,,,Delivery Sheath 06F18060,,Medical supply,N/A,,,2
28bdb595-3edf-453f-acf1-0d5a93fac12f,,,Delivery Sheath 06F18080,,Medical supply,N/A,,,2
d70beb8e-b6ef-4ccc-b693-5291e8e29615,,,Delivery Sheath 07F18080,,Medical supply,N/A,,,2
f467495d-4e75-4366-a12c-f78368ef298c,,,Balloon Dilatation Catheter (Balloon Diameter X balloon length) 10mmx3cm,,Medical supply,N/A,,,2
2c933784-9370-4650-b58e-168f34b1d937,,,Balloon Dilatation Catheter (Balloon Diameter X balloon length) 12mmx2cm,,Medical supply,N/A,,,2
04e30ba0-959a-4410-b7d5-f045033fb630,,,Delivery Sheath 07F18060,,Medical supply,N/A,,,2
e0310acc-f9bd-418a-99b0-93be8a46082f,,,Balloon Dilatation Catheter (Balloon Diameter X balloon length) 12mmx3cm,,Medical supply,N/A,,,2
e6e980f9-7408-4aef-8a5d-35bce8026b6a,,,Delivery Sheath 08F18080,,Medical supply,N/A,,,2
3612838d-1cb5-4c5e-a5f4-7a81144d7cd4,,,Delivery Sheath 08F4560,,Medical supply,N/A,,,2
9b461273-d7f1-4feb-a05d-647b50befd67,,,Balloon Dilatation Catheter (Balloon Diameter X balloon length) 14mmx3cm,,Medical supply,N/A,,,2
3c4ce16d-1b2a-44e9-8311-4d7c916894a6,,,Delivery Sheath 08F4580,,Medical supply,N/A,,,2
e1b2f052-20e6-4e35-a78a-3a6e7cb070bb,,,Balloon Dilatation Catheter (Balloon Diameter X balloon length) 15mmx3cm,,Medical supply,N/A,,,2
a2bb9ae0-a8ee-4a2a-b098-406bc219ded3,,,Delivery Sheath 09F4580,,Medical supply,N/A,,,2
6f43f141-a434-4ac5-8c11-697e072f59ff,,,Balloon Dilatation Catheter (Balloon Diameter X balloon length) 16mmx3/4cm,,Medical supply,N/A,,,2
58ae613d-48ed-46cd-874f-f06b9f01508e,,,Delivery Sheath 10F4580,,Medical supply,N/A,,,2
92b6a341-8acf-40a3-92cd-e3b32c4784b0,,,Delivery Sheath 12F4580,,Medical supply,N/A,,,2
6354848b-8d34-48af-a20c-2d8db76944b7,,,Balloon Dilatation Catheter (Balloon Diameter X balloon length) 18mmx4cm,,Medical supply,N/A,,,2
b2a9f3a6-926f-40d3-9973-494a1bfc4cce,,,Delivery Sheath 14F4580,,Medical supply,N/A,,,2
6e5eb610-51eb-49b4-8d21-f45551690ec2,,,Balloon Dilatation Catheter (Balloon Diameter X balloon length) 20mmx4cm,,Medical supply,N/A,,,2
05fc7ab0-5ab4-4911-a055-af30dbc88b40,,,Balloon Dilatation Catheter (Balloon Diameter X balloon length) 20mmx5cm,,Medical supply,N/A,,,2
235ca884-ddf1-4d41-af2d-2f17fd6c9642,,,Balloon Dilatation Catheter (Balloon Diameter X balloon length) 25mmx4cm,,Medical supply,N/A,,,2
04a08d4d-d8a5-486b-8164-e47757ef5bc0,,,Balloon Dilatation Catheter (Balloon Diameter X balloon length) 25mmx5cm,,Medical supply,N/A,,,2
63c9bf9c-4a7b-49a4-a698-26c21fa8a79f,,,Balloon Dilatation Catheter (Balloon Diameter X balloon length) 26mmx4cm,,Medical supply,N/A,,,2
43f244db-f7a8-4762-87c7-fe1d8ce53667,,,Balloon Dilatation Catheter (Balloon Diameter X balloon length) 26mmx6cm,,Medical supply,N/A,,,2
f2876c79-e7b3-4b71-b67d-99fde4738f19,,,"Sheath short ( 7.5 CM) Introducer sheath, dilator, mini,guide wire 9F",,Medical supply,N/A,,,2
58893c6c-9ba8-4195-af8a-2a34e8a562d8,,,Contact activated blood lancet length 2mm,,Medical supply,N/A,,,2
32e59a37-e0fe-4d94-968f-b90733aea737,,,Mechanical Valve prostheses Mitral Valve 25mm,,Medical supply,N/A,,,2
57b6a3a7-845f-4890-aa16-ecd211b921f4,,,PDS loops II Violet (96 inches looped to 48 inches),,Medical supply,N/A,,,2
2e516c47-8e81-41bc-b7b9-60840038c1cf,,,"Prolone 6.0 double armed round, 75cm long",,Medical supply,N/A,,,2
f54693cc-ae20-44b6-9682-cf73ff80e006,,,"Prolene 5.0 double armed round, 75cm long",,Medical supply,N/A,,,2
2dded735-3153-4b47-84ff-9becbe7f7ad1,,,"Prolene 3.0 double armed round, 75cm long",,Medical supply,N/A,,,2
4d8100c1-8f2b-4261-80bf-2724640f808c,,,"Prolene 4.0 double armed round, 75cm long",,Medical supply,N/A,,,2
9b19ab18-111e-447c-baba-80ecb084e8d8,,,"Polydioxanone (PDS) 5.0 round, 75cm long",,Medical supply,N/A,,,2
7b83f2fe-d334-4de5-9719-607d093b89ff,,,"Polydioxanone (PDS) 4.0 round, 75cm long",,Medical supply,N/A,,,2
0146625d-1f82-4bc5-8606-bcce26c142dd,,,"Prolene 7.0, Double armed, round, 15 20cm needle length, 60 75cm stich length",,Medical supply,N/A,,,2
a350b1fb-cc37-451e-9c67-6c6ac1f44b31,,,Cauthery patient plate/pad Plastic Electero cauthery plates,,Medical supply,N/A,,,2
4a501f87-0714-488b-a657-2d231f1c9b28,,,"Silk ties (sutures without needle) 2.0, 45cm long (5 12 strands/ties per package)",,Medical supply,N/A,,,2
5190c82c-afb4-4c01-887f-653c877d5075,,,"Silk ties (sutures without needle) 0, 75cm (4 6 strands/ties per package )",,Medical supply,N/A,,,2
023f1d09-5736-46cc-ba01-37471ce9f259,,,Delivery sheath 9 ITV07F45/60,,Medical supply,N/A,,,2
bc292118-8d9d-474e-97f8-5e5e589e9fe6,,,Delivery sheath 9 ITV08F45/80,,Medical supply,N/A,,,2
39fb3b5c-164c-40ca-a50b-ac6b08789b4c,,,Delivery sheath 9 ITV09F45/80,,Medical supply,N/A,,,2
128acde8-dd42-41d8-ac89-964d16020b67,,,Delivery sheath 9 ITV10F45/80,,Medical supply,N/A,,,2
c6e41701-7482-4666-8c4d-0f6d66170747,,,Delivery sheath 9 ITV12F45/80,,Medical supply,N/A,,,2
be07e72a-bca4-4d65-baee-acc009df463c,,,Delivery sheath 9 ITV06F180/80,,Medical supply,N/A,,,2
3dcf49f8-8533-412a-b21d-a42d58a05f27,,,Delivery sheath 9 ITV07F180/80,,Medical supply,N/A,,,2
11f3971d-6502-42af-95c7-fbeebbadf3e7,,,Delivery sheath 9 ITV06F45/60,,Medical supply,N/A,,,2
eeeb024d-ab8e-4fcf-83f6-13218b9aacef,,,Endotracheal Tube 18CH,,Medical supply,N/A,,,2
3c8ddb32-1cba-48a7-93c6-461ba16c022d,,,Septal Occluder ASD012 device size 12 with (Delivery sheath 9 ITV07F45/60),,Medical supply,N/A,,,2
b2b6b1b6-3ac1-4fbb-ba46-290bf2bee5d0,,,Septal Occluder ASD014 device size 14 with (Delivery sheath 9 ITV07F45/60),,Medical supply,N/A,,,2
168432b0-155e-439f-b252-adc5606b683c,,,Septal Occluder ASD015 device size 15 with (Delivery sheath 9 ITV07F45/60),,Medical supply,N/A,,,2
22777bd3-a182-4eca-99ab-6150d8b331e8,,,Septal Occluder ASD018 device size 18 with (Delivery sheath 9 ITV08F45/80),,Medical supply,N/A,,,2
df566afc-9390-454f-b35e-11e2ea935095,,,Septal Occluder ASD020 device size 20 with (Delivery sheath 9 ITV09F45/80),,Medical supply,N/A,,,2
5f1852d8-5e9b-49ec-974a-e44f7e2445bb,,,Septal Occluder ASD022 device size 22 with (Delivery sheath 9 ITV09F45/80),,Medical supply,N/A,,,2
b7bc0ab2-35cd-4038-984c-32d9d8a6f5c8,,,Septal Occluder ASD024 device size 24 with (Delivery sheath 9 ITV09F45/80),,Medical supply,N/A,,,2
c3e36b32-e60d-4520-afb5-dc8aada62f83,,,Septal Occluder ASD026 device size 26 with (Delivery sheath 9 ITV10F45/80),,Medical supply,N/A,,,2
6e7346b1-d8d3-4b99-abed-6eeb654ff314,,,Septal Occluder ASD028 device size 28 with (Delivery sheath 9 ITV10F45/80),,Medical supply,N/A,,,2
b3ebccef-b14b-4b98-ae57-a7332c52d59e,,,Septal Occluder ASD030 device size 30 with (Delivery sheath 9 ITV10F45/80),,Medical supply,N/A,,,2
4e153306-52f5-42fe-83a0-442fe068bd94,,,Septal Occluder ASD032 device size 32 with (Delivery sheath 9 ITV12F45/80),,Medical supply,N/A,,,2
d1563f6f-0e07-47f0-af26-c49075956d3c,,,Septal Occluder ASD034 device size 34 with (Delivery sheath 9 ITV12F45/80),,Medical supply,N/A,,,2
f3e7a748-f2d1-49fa-94f4-122a337b1542,,,Septal Occluder ASD038 device size 38 with (Delivery sheath 9 ITV12F45/80),,Medical supply,N/A,,,2
314190c1-ba99-48c3-8756-a9861fcc17df,,,Duct occluder 8x6 with (Delivery sheath 9 ITV06F180/80),,Medical supply,N/A,,,2
d67391f0-82a5-498a-a347-72ad1070e7dd,,,Duct occluder 10x8 with (Delivery sheath 9 ITV06F180/80),,Medical supply,N/A,,,2
c30507d3-fe79-4638-9299-6874abae9d1c,,,Duct occluder 12x10 with (Delivery sheath 9 ITV07F180/80),,Medical supply,N/A,,,2
4a885432-a8b1-428f-9d4b-d16f96796d10,,,Duct occluder 14x12 with (Delivery sheath 9 ITV07F180/80),,Medical supply,N/A,,,2
ab1d8317-54f8-429b-9f19-c37444c15fb5,,,Duct occluder 16x14 with (Delivery sheath 9 ITV07F180/80),,Medical supply,N/A,,,2
09f58884-30d7-473b-9446-01ce3c388cec,,,VSD MUSC008 size 8 with (Delivery sheath 9 ITV06F45/60),,Medical supply,N/A,,,2
fa1f880c-527d-4ae9-8aae-3fc2518a3eb1,,,VSD MUSC010 size 10 with (Delivery sheath 9 ITV06F45/60),,Medical supply,N/A,,,2
1888e2c9-0972-4f8c-959e-1f41699819a5,,,VSD MUSC012 size 12 with (Delivery sheath 9 ITV07F45/60),,Medical supply,N/A,,,2
d4b0bdf9-a64f-4881-8087-31c658a02bb6,,,Syringe (Disposable) 23G,,Medical supply,N/A,,,2
bd206482-f689-4f2d-abb6-f0c0e394484a,,,Syringe (Disposable) 5ml with Needle 23G,,Medical supply,N/A,,,2
eed995cf-ca68-42a9-b5b9-5743e250608c,,,"Gauze Compress 10cm x 10cm, Sterile",,Medical supply,N/A,,,2
1a2941cb-4809-4236-a95c-0aceee2f18b5,,,Etacoat 2.4%HPMC 2.3ml,,Medical supply,N/A,,,2
08fafe50-5d7e-4790-b014-1cce1eadba24,,,ADVIA 560 Thermal Paper,,Medical supply,N/A,,,2
95538d1e-fee4-4eee-bc2b-24d975d0b146,,,ADVIA 360 Thermal Paper,,Medical supply,N/A,,,2
83824685-6806-496e-96cd-95da87d3d657,,,Labeling Sticker,,Medical supply,N/A,,,2
94c80449-7bc8-4e95-b072-6868afc562fc,,,"Filter Paper High Grade, Diameter 5.5cm",,Medical supply,N/A,,,2
5d7430c4-2fe1-4ceb-894e-06ec5f04c4a7,,,Spectra Optia Apheresis Platelet blood collecting bag in set,,Medical supply,N/A,,,2
1f4bfe76-00ac-404d-ab3e-bc82222682a0,,,Lint Free Disposable Lab Wipes 13.5 x 14.5 Inches,,Medical supply,N/A,,,2
8e1e0b21-f129-49a0-9f14-334bd295a731,,,Lint Free Disposable Lab Wipes 12.5 x 14.4 Inches,,Medical supply,N/A,,,2
94104582-ac0f-4f8d-9609-4e2ab7796fb5,,,"Biohazard Bags Disposable, Red 830x930mm",,Medical supply,N/A,,,2
cf223d01-d336-459d-a85c-c3b90fa6b95e,,,"Adhesive Wound Plaster 19mm x 72mm, Sterile",,Medical supply,N/A,,,2
6c3e737c-c3cf-4530-943d-288e130c47b5,,,"Dialysis Blood Tube, Adult Free Size",,Medical supply,N/A,,,2
7490bb7c-2d46-4854-bca4-a870b989f06c,,,AV Fistula Needle 16G,,Medical supply,N/A,,,2
070e7f0e-f11f-40f0-97fa-f9fb02d0794f,,,AV Fistula Needle 17G,,Medical supply,N/A,,,2
a6dbd1d2-2eae-4ba5-b8e2-dbf894d23753,,,"Dialysis Catheter, Temporary Double Lumen 12FR, 15cm",,Medical supply,N/A,,,2
3ab4c8dd-c57c-4fce-8d21-e70046581523,,,"Dialysis Catheter, Temporary Double Lumen 12FR, 20cm",,Medical supply,N/A,,,2
2bf66a36-9d41-4ede-8f05-f28d0a4b1d3e,,,"Dialysis Catheter, Temporary Double Lumen 9FR, 12cm",,Medical supply,N/A,,,2
52199dca-cbee-4b43-966c-0b76a2b9cdc5,,,Dialyzer 1.7m2,,Medical supply,N/A,,,2
837f13d4-cb87-4da7-bf4e-fef786c4a9a9,,,Dialyzer 1.8m2,,Medical supply,N/A,,,2
a2cafa88-2d43-44fa-956e-798b88eec4d4,,,Dialyzer 1m2,,Medical supply,N/A,,,2
53f21343-d5e1-468e-beb7-c759d3ba68d2,,,Dialyzer 1.6m2,,Medical supply,N/A,,,2
7c10d4d5-31a4-40ca-8141-bc30861a5f5d,,,Dialyzer 1.1m2,,Medical supply,N/A,,,2
35e6df23-d282-4e00-889e-c2b9df2e972f,,,Dialyzer 1.9m2,,Medical supply,N/A,,,2
2d503f9b-2647-472b-96af-b27908985825,,,Dialyzer 1.5m2,,Medical supply,N/A,,,2
cfbd0a86-220d-42e4-b824-0c7d025b2c58,,,disposable protective clothing plastic,,Medical supply,N/A,,,2
7354a62d-6087-4bb5-a25c-37288bc45f07,,,Detection Kit for 2019 Novel Coronavirus (2019 nCoV) RNA (PCR Fluorescence Probing) plastic,,Medical supply,N/A,,,2
9e191da1-855a-453d-a900-f595df8b7b12,,,Face Shield Guardall plastic,,Medical supply,N/A,,,2
6b37922c-94a7-4bce-8de6-a52d6dd2230b,,,"Aerosol Resistant Pipette Tips, 1000µl, Sterile",,Medical supply,N/A,,,2
62aed7e0-013a-40a6-b81c-adcb9924a615,,,"Hygienic Cleaning Wipes, Disposable",,Medical supply,N/A,,,2
6153a65c-b818-4c3e-a778-2197fa69c228,,,Face Mask KN95,,Medical supply,N/A,,,2
e252fcee-b725-4410-b73b-b84ccfbddc5e,,,Glove Examination Powder Free Vinyl Large,,Medical supply,N/A,,,2
99f21793-2637-49aa-ac91-f5989cd4b2cb,,,Glove Examination Powder Free Vinyl Medium,,Medical supply,N/A,,,2
498d8a19-e2a5-484f-8f09-23dac13c50c0,,,Glove Examination Powder Free Vinyl Small,,Medical supply,N/A,,,2
838d450a-6bc9-42f1-b732-6e366eea8d96,,,USB Card XN L Check,,Medical supply,N/A,,,2
5d1593ac-e7be-4faa-a38a-164b780e281c,,,Protective Head Hood,,Medical supply,N/A,,,2
ac37f42a-ae16-4edc-ac26-642c5df56bb6,,,"Isolation Gown, Elastic Cuff, 115cm x 137cm",,Medical supply,N/A,,,2
63bec0e7-3de1-448c-9d74-ad36f8dec76f,,,Face Mask Reusable,,Medical supply,N/A,,,2
91938b87-ee53-4a86-8a35-ee05a483cb11,,,Cover All,,Medical supply,N/A,,,2
c1715368-85a5-4e70-a35b-0282dd4047d7,,,Face Mask Full series,,Medical supply,N/A,,,2
b9f47abf-57d0-4ea2-bb39-8bf9752a8a70,,,Water Proof Clothing,,Medical supply,N/A,,,2
3c4723b0-ae5d-4936-a241-51c8dadb048c,,,Power Air Purifying System With Hood,,Medical supply,N/A,,,2
11346134-85b6-43b8-b651-727385e8fd04,,,Power Air Purifying System Without Hood,,Medical supply,N/A,,,2
78487ae9-59fe-4a26-b187-61eb77f04c19,,,Starter Kit Cervical Cancer screening,,Medical supply,N/A,,,2
fb850927-94fc-476e-85fc-044691368ad1,,,Sterile Polystyrene Dacron Swab,,Medical supply,N/A,,,2
afddb2f2-6f6d-4717-a576-dd53ad0593e6,,,Mersilk Braided Black guage 3.5 (0) 75cm on 32mm 1/2 circle round bodied needle,,Medical supply,N/A,,,2
41b408e3-422c-4e58-9ad9-8d632c2cf08c,,,Tracheostomy Tube Plastic With 90 Degree Curvature Size 3.5,,Medical supply,N/A,,,2
8a8802ef-96b4-4900-9f70-40b47e49224f,,,Tracheostomy Tube Plastic With 90 Degree Curvature Size 5.0,,Medical supply,N/A,,,2
06129a82-afad-4671-9495-df702d68f0f7,,,"Perma Hemodialysis Catheter Double Lumen 13.5Fr, 32cm",,Medical supply,N/A,,,2
605406f1-157e-4188-8c83-5a33d39cccea,,,"Personal Protective Equipment Kit (Includes Coverall with Hood, Surgical Face Mask, Surgical Glove Pair, Shoe Cover Pair, Waste Bag Black)",,Medical supply,N/A,,,2
44785229-436e-4706-808b-18bcd3d416c6,,,Coverall Medium,,Medical supply,N/A,,,2
13c0cbb0-824c-4bc0-affa-7410035c4450,,,Coverall Extra Large,,Medical supply,N/A,,,2
2288c3bb-a178-43fb-b0ca-7f78e03ad5ba,,,Coverall Large,,Medical supply,N/A,,,2
ff3956fb-e1d7-4102-9fbf-ee56911b9a51,,,Personal Protective Equipment Kit (Cover all + Shoe cover),,Medical supply,N/A,,,2
5460d19c-bcc0-4d56-81e6-6c9146788b55,,,Medical Scrub composed of ( one V neck shirt and drawcord trouser) Polyester Viscose 300gms/m2,,Medical supply,N/A,,,2
adf1a01a-1c4e-437c-bd29-ad3e76884d27,,,Full Apron,,Medical supply,N/A,,,2
94c46544-5fd0-444a-bfc5-9b42dce5db8c,,,Plastic Bag (Medical Supply),,Medical supply,N/A,,,2
de083798-f4aa-4f34-9cb7-6db3e8043a07,,,Doctors Shoe,,Medical supply,N/A,,,2
16a21bd2-0e61-4d5c-b14e-3ed2581d8fbc,,,Meri Silk Black guage 2.0 (3) 75cm On 33mm 1/2 Circle Round bodied,,Medical supply,N/A,,,2
12687c5c-b50a-49ff-bf6f-4ba55164e3b2,,,Bone Marrow Aspiration Needle Blue line short 18G,,Medical supply,N/A,,,2
b3346bd1-9627-4100-9c27-3a5eea087568,,,Blanket,,Medical supply,N/A,,,2
0444d736-ee1d-4bb6-85ae-616694cd8e1c,,,Protective Underwear 34x46,,Medical supply,N/A,,,2
f848469b-ac0f-4ec4-a37b-e94e875336d1,,,Protective Underwear 23x36,,Medical supply,N/A,,,2
4a40a2da-9370-41c5-a0fe-8ecd63bea93a,,,Bacterial Viral Filter,,Medical supply,N/A,,,2
8414e5a9-5312-444a-82da-faf6a4075f7d,,,Face Mask Child,,Medical supply,N/A,,,2
9bd36402-e5c6-46f4-b507-e44a32978635,,,Face Mask KF94,,Medical supply,N/A,,,2
28c03c1a-22f4-4b08-9e31-2077b73a33d5,,,Eppendorf Tips PCR Clean Sterile 5 1000 Micro L,,Medical supply,N/A,,,2
3366932c-6e92-4b8c-9be8-37e2d2b6faf5,,,Eppendorf Tips 2 20 Micro L,,Medical supply,N/A,,,2
156f0a80-37d8-4766-bfa2-4e56f8341ebf,,,Eppendorf Tips PCR Clean Sterile 2 20 Micro L,,Medical supply,N/A,,,2
33da5c09-0da2-4c9a-8a27-1e54e6c680d3,,,Optical Flat 8 Cap Strips for 0.2ml Tubes,,Medical supply,N/A,,,2
12b6e395-9045-44a8-8f1a-f1ed1ad24e4e,,,Face Mask Non Medical Cloth,,Medical supply,N/A,,,2
422be187-6b80-4961-87ea-1535f9b503d1,,,Wipes Container,,Medical supply,N/A,,,2
b3a8ba44-7682-46fa-8146-35a91e498840,,,Face Mask CPR,,Medical supply,N/A,,,2
e5cd69f0-f093-46a2-8625-e0d7ac5c171e,,,Film gown,,Medical supply,N/A,,,2
e654201d-9851-4cbe-aae9-7d2ed78d5dcd,,,Doctors Shoe small,,Medical supply,N/A,,,2
d46a51e0-cf67-4184-8147-ebb1682166f4,,,Doctors Shoe Medium,,Medical supply,N/A,,,2
e3995e5b-63ad-4225-951f-64101930be84,,,Doctors Shoe large,,Medical supply,N/A,,,2
38623c0d-932a-40fc-ab29-6c78c1f08fe6,,,Pads With Alcohol,,Medical supply,N/A,,,2
c9c7e8e8-2c1b-425c-aaff-fbf985fbc9c6,,,Personal Protective Device,,Medical supply,N/A,,,2
bb6b4dca-7da6-4caf-89d9-318debcefc28,,,"Cryogenic Vial 2 ml,Self Standing,Round Bottom",,Medical supply,N/A,,,2
8384776e-5ae0-47fd-a91f-b275804310ac,,,Spatula Stainless Steel,,Medical supply,N/A,,,2
c817294d-1fa2-4f56-83b9-856621e06b10,,,Pasteur pipette plastic Non sterile 3ml,,Medical supply,N/A,,,2
9b9e4969-9a73-47ec-95bb-04841c45d609,,,Vacutainer Blood Collection Tube with EDTA anticoagulant purple top 4ml Plastic,,Medical supply,N/A,,,2
b2faf8b2-6a8b-410a-ade7-409f3bd55bfc,,,"Cover Slide 22x22mm, 13mm Thickness",,Medical supply,N/A,,,2
c66d4695-5a37-453d-b900-628ab73f554c,,,Cat Gut Chromic Gauge 2.0(4/0) 75cm on 15mm 1/2 Circle Reverse Cutting Needle,,Medical supply,N/A,,,2
e8523982-1b67-452f-9508-c6c76c166c9f,,,Vacutainer Blood Collection Tube with citrated anticoagulant blue top 4ml Plastic,,Medical supply,N/A,,,2
2fec1ad6-66e7-42cc-91ad-a53206bdd3e4,,,Drainage Chest Tube 20FG,,Medical supply,N/A,,,2
8a4791b4-e6a6-4921-ba7a-bfd9be4bf1a6,,,Drainage Chest Tube 16FG,,Medical supply,N/A,,,2
73a1357a-78ae-43df-a3d5-1e38f4fd8f54,,,Transport Swab Sterile with transport media,,Medical supply,N/A,,,2
abb7d46a-cd82-486b-904e-049909f2f0c2,,,Glove Examination Powder Free Nitrile Non sterile X Large,,Medical supply,N/A,,,2
4f7e0590-700c-4b18-a6d4-839e71712198,,,Mask Nebelizing,,Medical supply,N/A,,,2
3865024e-3893-4547-80cb-cc7325cc8236,,,Cap Surgical Bouffant Non Woven,,Medical supply,N/A,,,2
490bd329-f591-496a-b4f4-7057e572d389,,,NEO Iris Stir Balls Dispenser,,Medical supply,N/A,,,2
12ceed96-e4b4-493c-b06e-7071d8d8e985,,,Medical Protective Clothing For an Emergency X Large sterilizable,,Medical supply,N/A,,,2
1c6719bf-f2a5-4132-af26-dafb44f89d14,,,Alinity i Closure Gap for Reagents,,Medical supply,N/A,,,2
04f6d5f4-89c8-4435-bc8d-ccb8e071483a,,,"Polydioxanone (PDS) 4.0 Round , 70Cm Long",,Medical supply,N/A,,,2
b9dd8694-a99d-4bac-b215-c55deb69e7c0,,,Pipette Tip sterile with filter 1000 Micro Litter,,Medical supply,N/A,,,2
67bc81ba-7444-4a34-a01b-b02f55943d58,,,Diaper for Adult External Large,,Medical supply,N/A,,,2
535d6c21-df64-4853-a9f6-ce6fb1b9bfbc,,,Suction Containing Tube,,Medical supply,N/A,,,2
f45e469a-9de9-4241-9f64-96c15c1e99f3,,,Cobas 6000 Halogen Lamp,,Medical supply,N/A,,,2
bb74ade9-26d0-4e26-a217-07d05eb0a623,,,Spinal Needle 10cm 25G,,Medical supply,N/A,,,2
11db062b-46ad-4922-9cef-8638b77419cc,,,Glove Examination Powder Free Nitrile Sterile Xs Size,,Medical supply,N/A,,,2
52544923-f4fb-45ec-bb91-d7fb4ee441c8,,,Transport Medium with Swab,,Medical supply,N/A,,,2
edb27e85-a4b9-47a0-b73c-3e19a13308b9,,,Diaper for Adult,,Medical supply,N/A,,,2
13e9022f-59e7-48b8-be8a-3bb4332fccb5,,,Gown Barrier Disposable Blue elastic cuffs neck and waist ties universal fit,,Medical supply,N/A,,,2
b26a6197-fb79-47e5-9939-51e41e2a9286,,,NEO Iris Barcoded Microplates,,Medical supply,N/A,,,2
4d2d0b73-5f8c-4961-bbcf-e6582feaf56f,,,Medical Protective Clothing For an Emergency Large sterilizable,,Medical supply,N/A,,,2
811c56a6-b28f-4636-ac92-e7eeb945051a,,,Alinity i Reaction Vessel,,Medical supply,N/A,,,2
52c98d20-93d2-4e4d-ae6f-1a3abc46c2e3,,,Pipette Tip sterile with filter 200 Micro Litter,,Medical supply,N/A,,,2
a08b2a5d-f9be-4f0a-8689-e04328af7e36,,,Biohazard Bag Specimen 15x23 cm,,Medical supply,N/A,,,2
d0d890cb-5095-480b-b6d8-765ff19ed859,,,NEO Iris Select Wells,,Medical supply,N/A,,,2
4f0d31c9-8cf9-4c58-8928-a43afd3c4444,,,Alinity i Maintenance Kit,,Medical supply,N/A,,,2
b38bdf06-a55d-4bd5-ba3e-5b4de8315804,,,Pipette Tip sterile with filter 20 Micro Litter,,Medical supply,N/A,,,2
ab0ab905-7583-48f7-ae54-b7af19e6789e,,,Drainage Chest Tube 24FG,,Medical supply,N/A,,,2
522d1199-bf94-48c0-a599-6f163907df76,,,NEO Iris Stir Balls,,Medical supply,N/A,,,2
877b615d-fc22-4161-b0e5-beee2ad57ccc,,,Cat Gut Chromic Guage 6.0(2) 75cm on 35mm 1/2 circle round bodied Heavy needle,,Medical supply,N/A,,,2
63623a22-f494-400f-9128-f4578c88e974,,,Medical Protective Clothing For an Emergency XX Large sterilizable,,Medical supply,N/A,,,2
28cab106-5e10-48c9-b147-0632c32d55aa,,,Alinity i Sample Cup,,Medical supply,N/A,,,2
079fbf1d-8ec9-47ce-9634-8f3eca4a7ce2,,,Under Pad Absorbent Plastic Backing 45x60cm,,Medical supply,N/A,,,2
030a155b-4e08-48f5-a182-9b8b6c1b6381,,,Drainage Chest Tube 36FG,,Medical supply,N/A,,,2
468dc22b-0b73-40dd-a861-783b85a0c6bb,,,Cobas 6000 Reaction Cell set,,Medical supply,N/A,,,2
e734925e-441c-45d1-bac4-6fbec49c9768,,,Glass Vial with a rubber stopper flip top Sterile Non latex,,Medical supply,N/A,,,2
73c900df-6f4f-4b5e-b884-be623558ce37,,,Body Bag,,Medical supply,N/A,,,2
216a10df-ecbf-41bb-a0fa-31a5cab415fa,,,Diaper Post Partem for women,,Medical supply,N/A,,,2
ae835447-4f6f-4fc8-9dae-e5e406efcbf2,,,Gown Barrier Disposable Blue elastic cuffs neck and waist ties,,Medical supply,N/A,,,2
790b1b57-ca81-4571-93e7-a1a3becfb15f,,,EX Tube X2 FL100,,Medical supply,N/A,,,2
025faa21-c49e-42ca-8f4b-36bb4faaeec7,,,Lab Coat Blue Medium,,Medical supply,N/A,,,2
76879654-34a3-4555-bb9f-72642d637256,,,Fenestrated Towel 1mX1m,,Medical supply,N/A,,,2
9637d96b-fea1-4018-a7af-d9c325ea6fcf,,,Syringe Pump 50ml,,Medical supply,N/A,,,2
42023826-1d68-4fa8-ad91-bcc66f0ffc62,,,Neck Collar Hard Medium size,,Medical supply,N/A,,,2
1a0f19f7-3ce5-489b-a454-a4f81f42d510,,,Sample Collection Tube Round Bottom Graduated screw top 50ml,,Medical supply,N/A,,,2
4a29dd62-5c5f-47d5-8cec-90520cf9551f,,,IV Catheter 20G,,Medical supply,N/A,,,2
0f8fcc1e-662a-49dd-8c3d-8c6142520af5,,,Bed Sheet small,,Medical supply,N/A,,,2
7ed3bc9f-2a76-4c86-b372-18bde423d758,,,Mosquito Bed Net (LLIN) PBO 190x180x170 cm (LxWxH),,Medical supply,N/A,,,2
85a4284e-3851-4b0d-90cd-199821e801d1,,,Surgical Cape,,Medical supply,N/A,,,2
1b6f29f7-403c-4012-9a41-3c9d9aaead9a,,,Syringe Pump 20ml,,Medical supply,N/A,,,2
beebe85c-f24f-41fc-8598-cada21514bf4,,,Mersilk Black Braided Black Gauge 1.5(4/0) 75 cm on 19 mm 3/8 Circle Reverse Cutting Needle,,Medical supply,N/A,,,2
dfea8e01-8ddd-4459-8598-1ea7a8561d69,,,Ankle Support,,Medical supply,N/A,,,2
37e9c2e4-e136-41be-aa3d-b559a2bd502a,,,Hemodialysis catheter Kit,,Medical supply,N/A,,,2
cd3f9817-ab74-479a-a7c1-fd8a5adae9f9,,,Table Drape 70cmx80cm,,Medical supply,N/A,,,2
c8a096a7-2cc7-496c-8232-c266c815a3e6,,,Syringe Pump 10ml,,Medical supply,N/A,,,2
bb224176-f716-4b3c-86f7-21235854e17d,,,Lab Coat White Large,,Medical supply,N/A,,,2
24c3cfec-4cb4-4431-bcdb-bcb6ef73ede4,,,Neck Collar Hard Large size,,Medical supply,N/A,,,2
78387e81-5d9e-4f1c-bda9-0c2ff20b8215,,,Hand Towel Soft Type,,Medical supply,N/A,,,2
4aacc9ec-f522-4f76-8554-0d5e11bcd18c,,,Syringe Pump,,Medical supply,N/A,,,2
b8632896-f712-4a19-b2a9-ee03b92fc797,,,"First Aid Tape 1""x10yd, cloth non sterile",,Medical supply,N/A,,,2
e268b603-91c3-4611-8575-7596b15ab8ac,,,Tools Towel 50cm X 50cm,,Medical supply,N/A,,,2
d5e9c0ae-ff7d-4b34-97d8-2979825cc13f,,,Gown Isolation,,Medical supply,N/A,,,2
93e3d189-5f79-49f2-95c1-caa9d86d3082,,,Chest Tube 32Fr,,Medical supply,N/A,,,2
bbbbe99a-2135-4bf9-b41f-f72566f18d1e,,,IV Catheter 24G,,Medical supply,N/A,,,2
9dc68c47-47f3-4b35-8c3e-b0b3a0e07a4e,,,Pillow,,Medical supply,N/A,,,2
3411397f-b182-4c01-9ea1-924f34686f26,,,Soft Sleep,,Medical supply,N/A,,,2
0720ee23-7131-4b31-8dae-1499cc8a9684,,,"Prolene 4.0 double armed Round , 90cm Long",,Medical supply,N/A,,,2
622d08e4-8c62-4f1d-9b6d-e4d641a85be4,,,Face Mask KF80,,Medical supply,N/A,,,2
e53a652f-c9f0-43a2-ad6d-021aa252ad9f,,,Pillow Cloth,,Medical supply,N/A,,,2
07eae35c-29ce-4356-a2cc-d40cd26bbaf2,,,Towel small,,Medical supply,N/A,,,2
4aa8b5ad-7f65-4c39-af3a-9a5c6a4019a2,,,Mask Non re breathing oxygen Large Size 50x36x30,,Medical supply,N/A,,,2
10a61672-175f-4456-be20-3477dd77f84d,,,Chest Tube 20Fr,,Medical supply,N/A,,,2
a0398f79-68e0-47c3-bd0f-313d79ab6a72,,,AV Fistula Needle 16G 16G*25mm rotable wing with backeye,,Medical supply,N/A,,,2
981a82de-607d-4d5d-9319-6a2af8e9529a,,,Mask Non re breathing oxygen Medium Size 50x36x30,,Medical supply,N/A,,,2
f5793452-55a9-4fa8-91e4-9ef79c228d8b,,,Burner Bunsen,,Medical supply,N/A,,,2
ffd42cbf-a9ee-4cda-863d-50609b9753d4,,,Blood Tube (tubing set for hemodialysis),,Medical supply,N/A,,,2
ab695f35-e2b7-4c11-aca2-681e8e69bf23,,,Abbot Cervi Specimen collection Kit,,Medical supply,N/A,,,2
7b3a7b92-babc-4453-b541-ff118a095e64,,,IV Catheter 22G,,Medical supply,N/A,,,2
117d4bf4-a0e1-4b77-b0cf-728e9a5db95f,,,Gown for Shower,,Medical supply,N/A,,,2
5d593f31-bf06-460c-86b6-e20c68df828c,,,Syringe Pump 30ml,,Medical supply,N/A,,,2
413f3633-496f-49cd-b30b-173c4c1888fb,,,"Set Administration Luer lock ports, 105''tubing, DEHP, NLatex baxter",,Medical supply,N/A,,,2
d8b07432-0876-4282-a216-7ef585af0b97,,,Mask Non re breathing oxygen Small Size 50x36x30,,Medical supply,N/A,,,2
d3c315ca-7c0e-405b-a6cd-23b148b0eaa6,,,"Pasteur transfer pipettes , Sterile",,Medical supply,N/A,,,2
54c41d12-f3e5-454a-8eec-d3b823a94560,,,Dialyzer 1.6m2 Polyether sulfon surface area 1.6m2,,Medical supply,N/A,,,2
69f2e4fd-a1c7-4650-8bcf-dd888113f46d,,,Towel X Small,,Medical supply,N/A,,,2
028e2e52-3f10-491e-b3f1-cc252bfd5f6e,,,Glove Surgical Latex Sterile No 6,,Medical supply,N/A,,,2
31f3da17-18fe-41e9-8eca-96c7ef119bb8,,,Patient Drape,,Medical supply,N/A,,,2
48a92f65-55cb-41ba-862f-5698aea67d47,,,EX Tube X2FL,,Medical supply,N/A,,,2
6debc713-7985-4d52-a3c7-d18d26140aae,,,Neck Collar Hard Small size,,Medical supply,N/A,,,2
b8325a55-f308-4f92-adc1-e8c8cb6f3670,,,Report Requisition Form For health Center,,Medical supply,N/A,,,2
08393112-6fcf-4acc-baa3-b29761a400b5,,,Meri Silk Black No.2/0 5E75DX26,,Medical supply,N/A,,,2
a2e6f9b2-9643-4b27-a862-097f16c09979,,,"Examination Glove Powder free Nitrile, Non sterile, Medium",,Medical supply,N/A,,,2
afefe57a-6357-4a3f-a5b4-014638eb4abe,,,Vacutainer serum separator tube with yellow top 5ml Plastic,,Medical supply,N/A,,,2
474de826-5e0b-4cbd-a84b-66c51ce90bd7,,,Vacutainer serum separator tube with yellow top 5ml,,Medical supply,N/A,,,2
0b58a5bf-f466-442f-8264-d13dd1977067,,,Endotracheal Tube,,Medical supply,N/A,,,2
139545c4-8ff6-4af8-b557-242b2553783f,,,Spinal Needle 8cm,,Medical supply,N/A,,,2
e9e01777-31ba-4e49-8e6f-e410b3e520f1,,,Oxygen Mask,,Medical supply,N/A,,,2
be78c95b-ace3-4196-a7a7-2efc52969238,,,Tracheostomy Tube,,Medical supply,N/A,,,2
6a164955-c48d-45f7-8e77-918e3bea5548,,,Catheter Ureteral 6CH,,Medical supply,N/A,,,2
0a751732-61e7-4c2b-a9a1-e7d7f756e154,,,Mosquito Bednet,,Medical supply,N/A,,,2
93ff6cff-e474-45db-8d5a-2e52fe4ae15d,,,Endotracheal Tube Sterile Cuffed 7CH,,Medical supply,N/A,,,2
659d3437-6f81-4169-8d8d-ca8377c706d1,,,Syringe Insulin (Disposable),,Medical supply,N/A,,,2
fd2a89ea-7f08-4789-8609-9cdd14a6ecfc,,,Cat Gut Chromic,,Medical supply,N/A,,,2
34c62172-5932-4108-87f7-29be7beaa78f,,,Endotracheal Tube Sterile Cuffed 7.5CH,,Medical supply,N/A,,,2
9d43d0ca-9c12-4475-b4cc-689259054c6e,,,Mersilk Braided Black,,Medical supply,N/A,,,2
39c6a251-651f-43e1-8b65-bba7aac9779a,,,Micropipette Tips,,Medical supply,N/A,,,2
024b23ed-6b2c-48ce-acb8-8383f0d0ec4b,,,Catheter Ureteral 8CH,,Medical supply,N/A,,,2
a72ef221-cd84-4dfd-9c62-d71f9ecbcf0b,,,Mask,,Medical supply,N/A,,,2
518e124d-ca65-412e-8baa-aec1af07447a,,,"Petri Dishes Disposable polystyrene,sterile,autoclavable 15mmx100mm",,Medical supply,N/A,,,2
32dfbc22-a63c-4559-892e-07a096ce237d,,,Oxygen Mask with Reservoir bag 1000ml Transparent Mask 5.5mm + 2m Tube Latex green elastic strap L (126 x 83x63mm) Non sterile,,Medical supply,N/A,,,2
f59fa31c-a82a-486d-b37e-86d102a54de7,,,Roch Survical collection Bursh,,Medical supply,N/A,,,2
64f6eaa6-d586-402c-ae3a-6ad491ab723c,,,Cartridge (Medical Supply),,Medical supply,N/A,,,2
b3b62607-4309-41f2-a40d-33e03090500d,,,"Plate Microtitration, DAT test, 96wells, V Shaped bottom",,Medical supply,N/A,,,2
d95f4371-c747-4758-b75c-5660cc304922,,,Micropipette Tip RNA free with filter 0.1 10ul,,Medical supply,N/A,,,2
fcfe7806-0cfa-417e-9bf4-fd257d388d9a,,,Glove Examination Non Latex small,,Medical supply,N/A,,,2
8ab94a60-c100-493f-af23-fb21054bfd14,,,Tubes sterile culture with snap cap polypropylene 12mmx75mm,,Medical supply,N/A,,,2
9fb055d9-381c-4a46-b200-655179d65851,,,Micropipette Tip RNA free with filter 100ul 1000ul,,Medical supply,N/A,,,2
1e9458e8-3d15-4c58-a3f2-0725e7e91797,,,Intubating Stylet FR14 390mm EO Sterile,,Medical supply,N/A,,,2
602eb588-fe54-4f97-9d44-642b0bb92b4c,,,Nephrostomy Tube 10Fr,,Medical supply,N/A,,,2
a52583e1-d628-4e2c-bfd7-bebcef86aab0,,,Sanitary Pad,,Medical supply,N/A,,,2
72abea97-a0e7-4411-a2de-3ea3abfce91b,,,Glove Examination Non Latex large,,Medical supply,N/A,,,2
a902fd7a-f716-44d3-b859-5c6ed6ec5353,,,Disposable Under Pad 23'' x 24'',,Medical supply,N/A,,,2
a3ad29df-13e0-4f60-9ca9-8382752fb11c,,,Nephrostomy Tube 12Fr,,Medical supply,N/A,,,2
e22945a2-06af-416c-af99-1e35f58a2342,,,"Petri Dishes Disposable polystyrene,sterile,autoclavable 15mmx150mm",,Medical supply,N/A,,,2
ede77d08-6543-4bd9-b425-f3b508239fb4,,,Corrugated Circuit for CPAP Mask Adult Pu tube 1.8m connector ID 22mm Non Sterile,,Medical supply,N/A,,,2
53c0bc8a-bd96-4f94-85bf-e1412162b5a8,,,steripack Swabs,,Medical supply,N/A,,,2
430e3a4d-90fc-40a1-9022-d3a8497fc1e7,,,Lab Coat White Large Disposable,,Medical supply,N/A,,,2
15a067dd-d454-4a9f-90c0-32918abbee28,,,Filter paper Size circular qualitative grad plan circular or sheet,,Medical supply,N/A,,,2
63d9365c-4852-4063-a5fc-cdc1693bb443,,,"Roche Cell Collection Medium, 250 x 20 mL, 1 Kit [Roche]",,Medical supply,N/A,,,2
74058dd4-8cc5-407e-b2c8-38fef445d1e7,,,Elastic Straps for Face mask,,Medical supply,N/A,,,2
5d920fe7-1506-4b3e-a5f2-659343af592c,,,Lab Coat Blue Medium Disposable,,Medical supply,N/A,,,2
160db528-a730-43a9-9a48-e4724894198c,,,Sample Collection Card,,Medical supply,N/A,,,2
e90f72df-dbf1-4dd6-9889-1088ab8bfc24,,,Micropipette Tip RNA free with filter 20ul 200ul,,Medical supply,N/A,,,2
e1ac049a-03c1-429a-8470-1dbe280ada1f,,,Glove Examination Non Latex Medium,,Medical supply,N/A,,,2
f085117c-2a36-4a6c-80fe-c3bad599f19f,,,Oxygen Mask with Reservoir bag 1000ml Transparent Mask 5.5mm + 2m Tube Latex green elastic strap L (114 x 83x60mm) Non sterile,,Medical supply,N/A,,,2
38ea6a68-44ff-495c-96cf-f68ee99f2e41,,,"Pasteur Transfer Pipette 60 uL, Graduated, Plastic, Non Sterile",,Medical supply,N/A,,,2
7aa21614-a630-4559-b335-4a0926995c06,,,Cervical Collection Brush,,Medical supply,N/A,,,2
819fc453-1744-4fc8-80dc-cb4f8808e0dc,,,Head Start Base,,Medical supply,N/A,,,2
f002636a-e5e4-4ef3-aeff-2dfc3a284e81,,,Syringe Filter 25mm,,Medical supply,N/A,,,2
b3c48f1d-da60-47c6-a057-269e31d23a4d,,,Face Mask N95/FPP2 (Non medical),,Medical supply,N/A,,,2
ad664d05-e715-47cf-ab80-0f0a33993151,,,Pipette Sterile transfer plastic disposable individually wrapped 3ml,,Medical supply,N/A,,,2
bc61d436-73cd-4e3c-b12f-b3af707b204f,,,Bag Back Pack,,Medical supply,N/A,,,2
891725d1-c57b-4992-9fe5-206cf0dd6d17,,,Glove Examination Powder Free Nitrile Medium,,Medical supply,N/A,,,2
6ea368f5-bf67-4d8f-ba1d-94cadfd34104,,,Lactate Dehydrogenase(LDH) UV enzaymatic kinetic method,,Medical supply,N/A,,,2
a43351d5-880f-49f3-a3a1-d77b23ec4781,,,Surgical Gown large,,Medical supply,N/A,,,2
9ae82957-9189-46a1-aa9b-24cf67f96193,,,plastic Bag For seed 5 Litter,,Medical supply,N/A,,,2
025dc9ae-d1d9-4ce1-a50a-2afbc7253d17,,,Biohazard Bags Disposable Red 830x930mm,,Medical supply,N/A,,,2
94ba5b25-d3a7-4f4c-aad3-d2291b83aaf9,,,"Mask Surgical Type IIR, level 2,s.u,non sterile, earloop",,Medical supply,N/A,,,2
94633e87-9b4f-44de-84c7-614ade1083cc,,,Masking Surgical type llR,,Medical supply,N/A,,,2
56d56d23-0c5f-41eb-a078-9d439f7cafd1,,,Mask CPAP Medium size,,Medical supply,N/A,,,2
b5679f3b-bd15-4c7f-817b-952b1e97a144,,,plastic Bag For seed 0.5 Litter,,Medical supply,N/A,,,2
761ca6bc-5699-4b1d-9d71-800bacaa8e05,,,Sterile Collection Swab,,Medical supply,N/A,,,2
34b0ef5a-e16b-4fb4-8719-612979e2ff42,,,Dust Bin For Bio hazard bag Yellow,,Medical supply,N/A,,,2
ec824a4d-dd0e-4654-8635-f6661977447a,,,COBAS 4800 Amplification and Detection plate and seal,,Medical supply,N/A,,,2
adb84ede-3889-40a7-a128-eb0bdbacf2c0,,,Breathing Circuit,,Medical supply,N/A,,,2
28bf3a7e-1c98-49e8-8333-742bb73cdeb9,,,Mask CPAP Large size,,Medical supply,N/A,,,2
f3e63e9d-17ab-4811-be19-bfbe110aae04,,,Dust Bin For Bio hazard bag Black,,Medical supply,N/A,,,2
f9f77b9d-f1ad-40ac-ae42-079d8720dd14,,,Adhesive Tab,,Medical supply,N/A,,,2
0a265688-78d3-4291-8d0f-27ebe372a229,,,Masking Tab,,Medical supply,N/A,,,2
ce55f640-aeb8-4f45-95da-63d9e8af7c45,,,"Haematocrit Capillary tube length 75mm,ID 1.1 1.2mm,OD 1.5 1.6mm,20µl",,Medical supply,N/A,,,2
a1350d33-1be3-41ef-b2e0-f7886fc0e3fc,,,Mask Non Breathing adult,,Medical supply,N/A,,,2
7fdbfb20-0e44-42e8-8ef6-32d12c650148,,,"Lab Wipe Poly,14.4x12.5 in",,Medical supply,N/A,,,2
be639131-78d8-488d-8ea6-16fa0d345e46,,,Dust Bin For Bio hazard bag Red,,Medical supply,N/A,,,2
d7c15788-5ec6-4e61-831c-bd033a391d32,,,Syringe Insulin (Disposable) 1ml on 4mm with Fixed Needle 29G,,Medical supply,N/A,,,2
0f4a87d0-9dc9-400f-9769-00cb366d2f10,,,Surgical Gown X Large,,Medical supply,N/A,,,2
590e16a2-619c-4c4d-b9ad-9ca482df3949,,,Mask Venturi Large for oxygen supply,,Medical supply,N/A,,,2
ab727df9-36f0-44e1-acc0-1388a05484f5,,,Tubing Oxygen supply 7.6 meter,,Medical supply,N/A,,,2
43688841-ee41-4219-be3e-6907231c1730,,,Mask Venturi Small for oxygen supply,,Medical supply,N/A,,,2
22c2ce9a-b5c6-41f4-a8f4-936b756695c5,,,Bandage jersey tubular 10cm x 4m,,Medical supply,N/A,,,2
33de327a-198c-4250-a2da-c782e03af512,,,Plaster Of Paris (P.O.P) 7.5cm x 2.7m,,Medical supply,N/A,,,2
dd4ea7ef-e13d-4cf4-9a1c-0033e262b468,,,Hypodermic Needle 21G,,Medical supply,N/A,,,2
4f8c73fa-180d-4f5e-a9d3-88ffe9b08660,,,Adhesive Plaster Zinc Oxide 10cm x 5m,,Medical supply,N/A,,,2
b805d371-7183-4bc6-9ca0-712f1acbd80b,,,Bandage Extensible Non Adhesive 7cm X 4m,,Medical supply,N/A,,,2
14a75442-e2eb-406e-828f-ebea78216117,,,Surgical Glove Sterial Latex No. 8.5,,Medical supply,N/A,,,2
037ca3e9-fbd4-4519-b3ba-ffe489be0e74,,,Bandage jersey tubular 15cm X 4m,,Medical supply,N/A,,,2
32bf3479-660f-4fc9-9d6f-8925be45268a,,,Plaster Of Paris (P.O.P) 10cm x 2.7m,,Medical supply,N/A,,,2
d29a20b7-a338-40ad-b057-64f75e2e1ef7,,,Hypodermic Needle 25G,,Medical supply,N/A,,,2
a1a4f1c2-ef86-4a15-a115-8429c92c665b,,,Bandage crepe 6cmx4m,,Medical supply,N/A,,,2
ec267c86-7ba2-4fca-a08f-ed08c23b74a3,,,Disposable Syringe Without Needle 5ml,,Medical supply,N/A,,,2
4226f45d-637b-4d94-877c-17ec12e3a9b7,,,Glove Gynecological Examination(Elbow Glove) No 8.5,,Medical supply,N/A,,,2
f85be232-9446-4263-b5eb-ff567a72b0e7,,,Bandage crepe 10cm x 4m,,Medical supply,N/A,,,2
a2c73e19-4499-4cd2-a672-b716fc08fc73,,,Disposable Syringe Without Needle 20ml,,Medical supply,N/A,,,2
fab583a7-aee0-4e12-bf8b-0f929bba27fd,,,Gauze Swab 10cm X 10cm non sterile,,Medical supply,N/A,,,2
07229533-e2fd-488e-bb4b-cf8965832574,,,Bandage jersey tubular 6cmx4m,,Medical supply,N/A,,,2
e51b25c1-3671-4b70-a979-53acc83f4cf0,,,Disposable Syringe Without Needle 60ml,,Medical supply,N/A,,,2
8ab401bc-3711-4450-b7bc-bd123848193b,,,Hypodermic Needle 19G,,Medical supply,N/A,,,2
dab21c0a-2a98-4785-b326-1bd4245e53cf,,,Bandage Extensible Non Adhesive 6cmx4m,,Medical supply,N/A,,,2
f4acc985-0240-45ab-a2bb-110d4981588a,,,Blood Collecting Bag CPDA1 Anticoagulant Single 1000ml,,Medical supply,N/A,,,2
714851ef-f3cd-47c6-a3c3-e01ee162f4f9,,,Mucus Extractor Different Size,,Medical supply,N/A,,,2
dae44a79-0331-484f-ba4c-6a2a8911369d,,,Bandage jersey tubular 15cm X 25m,,Medical supply,N/A,,,2
e24cce3f-bbf3-4a7f-a1ac-a340a79ae865,,,Blood Collecting Bag CPDA1 Anticoagulant Single 500ml,,Medical supply,N/A,,,2
aa76027b-a43b-4d06-b75f-7680c65350a9,,,Glove Kichen Different Size,,Medical supply,N/A,,,2
2c964629-6e36-48c3-a76f-82dbe357d282,,,"Insulin Delivery Device 100units/ml, 3ml",,Medical supply,N/A,,,2
dc152c08-748c-44a8-a802-4dd0f8fd546f,,,Respirator MSA 1/2 face 808074 of 41 pcs,,Medical supply,N/A,,,2
b463cb89-1c66-4025-893d-68c8985bb43e,,,Coverall Enviroguard 8015V of 640pcs,,Medical supply,N/A,,,2
a24eb15e-8abc-462d-988b-7ad84a8c80d1,,,Respirator 3M P100 8233 of 240 pcs,,Medical supply,N/A,,,2
4985340e-a441-45aa-84f3-0287508e1784,,,Respirator Surgical mask of 300pcs,,Medical supply,N/A,,,2
0b685da9-f26d-47c8-9b5d-fe893a75cb94,,,Shoe cover of 100pcs,,Medical supply,N/A,,,2
f472f8fb-81db-432c-a78d-df732801225b,,,Respirator MSA 1/2 face 808075 of 3 pcs,,Medical supply,N/A,,,2
9619c6eb-1bc2-4e34-aaa6-aab9baaf8ad3,,,Coverall Pentamax C3909 1xL of 25pcs,,Medical supply,N/A,,,2
cf6212eb-74b3-4bfd-8a16-582642dbb86f,,,Respirator MSA 1/2 face 808073 of 42 pcs,,Medical supply,N/A,,,2
d29d0c65-e606-4f97-8394-bf1437921213,,,Respirator Face mask of 320pcs,,Medical supply,N/A,,,2
b3c567d5-a0b8-4b69-bb09-e5c5ed561ad0,,,Syringe(AD) 0.3ml,,Medical supply,N/A,,,2
43bad8ea-49c1-46dc-96ba-026757c0bb7a,,,Respirator 3M N95 8000 of 4680 pcs,,Medical supply,N/A,,,2
2d17c885-0fdd-4443-92cc-8d1c109686b2,,,Filter pad cap MSA of 100pcs,,Medical supply,N/A,,,2
1dfe6f4d-7e1c-46f7-a6c6-f0df888270c9,,,Coverall Pentamax C3909 4xL of 25pcs,,Medical supply,N/A,,,2
cb90bed7-ee11-47c2-89cc-beaadf95e823,,,Filter pad MSA p100 canister 815177 of 180pcs,,Medical supply,N/A,,,2
f2a9e65f-d387-43e4-a3e0-63d7af7b4175,,,Coverall Pentamax C3909 3xL of 75pcs,,Medical supply,N/A,,,2
6f465cb2-6ef0-47a6-9d2e-94f388653ea4,,,Filter pad MSA p100 816662 of 145pcs,,Medical supply,N/A,,,2
112fbfee-f655-441a-ae5b-1e6d27ca4ed4,,,Coverall Enviroguard 8015V of 80pcs,,Medical supply,N/A,,,2
2df84a08-d86b-4319-a3e2-a3753dbd954c,,,Filter pad MSA p100 canister 10153412 of 1350pcs,,Medical supply,N/A,,,2
9525e5d9-b258-4343-ac5a-2caccd5053d5,,,Coverall Pentamax C3909 2xL of 75pcs,,Medical supply,N/A,,,2
025ef66c-6052-44d4-8790-d1abb5c77a65,,,Plaster Of Paris (P.O.P) 20cm x 2.7m,,Medical supply,N/A,,,2
d13310bc-f53e-49f1-94b7-76e44f4d1be1,,,Injection Stopper for IV Cannula,,Medical supply,N/A,,,2
65471bf8-c30c-46ab-81f9-5b188f5b7df3,,,Blood Collecting Bag CPDA1 Anticoagulant Single 150ml,,Medical supply,N/A,,,2
3ae84d3e-4e04-4405-a607-1da7b6221e81,,,Infusion Giving Set Pediatric,,Medical supply,N/A,,,2
cb964746-aece-4d68-be1f-6b45c7157700,,,Adhesive Plaster Zinc Oxide 2.5cm x 5m,,Medical supply,N/A,,,2
74b5c1f1-2c8f-4f3b-8209-7c20cb20773f,,,Tracheostomy Tube Plastic With 90 Degree Curvature Size 6,,Medical supply,N/A,,,2
d2638238-e00f-446a-8d6b-1aa9c6219fd2,,,Tracheostomy Tube Plastic With 90 Degree Curvature Size 5.5,,Medical supply,N/A,,,2
fea93b5d-a035-4e77-b009-d0ba4a30d965,,,Tracheostomy Tube Plastic With 90 Degree Curvature Size 4.5,,Medical supply,N/A,,,2
6ca32724-e4ad-45ca-ba67-aae0c4f9997d,,,Lint free cloth,,Medical supply,N/A,,,2
3bfc4a4f-7084-476a-bcbc-a4e01d01872a,,,"Absorbent pad with plastic Backing (Blue diapers), , 17x24 inches, 250/cases/5/pack",,Medical supply,N/A,,,2
a46b9ee2-8e77-40b4-9c27-d49803ad4787,,,Alinity i Pipettor probes,,Medical supply,N/A,,,2
b7f1f222-a548-4cd5-9724-e694ae7cff28,,,Cap R Rdy ind cel 10x11.5ml,,Medical supply,N/A,,,2
85718fb5-9087-4578-aa53-b30f599076c7,,,Capture R Ready Screen I/II,,Medical supply,N/A,,,2
fcdbe4a7-7bc3-47d4-b6b4-7799eabc7471,,,Cap R control set 2x11.5ml,,Medical supply,N/A,,,2
dd55cc5c-d74c-4c38-bd06-b5c288e40c36,,,"Bed Sheet 289x178cm , Washable",,Medical supply,N/A,,,2
8f19b524-939e-4723-9e1e-1a18aac03362,,,"Polyglycolic acid absorbable braided violet Size 3, 27mm KS reverse cutting",,Medical supply,N/A,,,2
1a654efc-57f0-479e-9b4a-de4c64664c93,,,COBAS Omni 6800/8800 Secondary Tube,,Medical supply,N/A,,,2
f9034f39-06ea-4020-b0e9-0ac9aa1b0ba3,,,"Polyglycolic acid absorbable braided violet Size 4, 18mm Ps 3 cutting",,Medical supply,N/A,,,2
4fc22dc8-a7b4-47bc-900b-c06765b43bec,,,"Polyglycolic acid absorbable braided violet Size 3, 18mm RB 1 Taper",,Medical supply,N/A,,,2
14a7b4e9-8806-4a1c-9671-53cda1b76250,,,"Polyglycolic acid absorbable braided violet Size 4, 18mm RB 1 Taper",,Medical supply,N/A,,,2
6bec5b6c-6279-4eb4-93b0-361414e31986,,,"Polyglycolic acid absorbable braided violet Size 3, 27mm CT 3 cutting",,Medical supply,N/A,,,2
c7e18ed5-2aae-4d58-91b9-588bd1d1f99d,,,"Polyglycolic acid absorbable braided violet Size 4, 27mm Ps 1 cutting",,Medical supply,N/A,,,2
81733f19-621e-4f76-bbe7-59534a6953c0,,,"Polyglycolic acid absorbable braided violet Size 3, 18mm PS 2",,Medical supply,N/A,,,2
a9796c60-6dff-4630-bed7-3c44f9de3341,,,FACS presto Thermal paper Roll 6cm x 12m,,Medical supply,N/A,,,2
3688a179-8330-4f50-a503-934ad9713a40,,,"Polyglycolic acid absorbable braided violet Size 0, 0.8x18mm CT 2 Taper",,Medical supply,N/A,,,2
3b35b385-4173-46d5-adeb-6b046c084700,,,Syringe(AD) 0.3ml with 23G,,Medical supply,N/A,,,2
501fd6fc-fd8f-4f55-8330-b33c7101105a,,,CVP line kit Size 7Fr,,Medical supply,N/A,,,2
0cb6d722-fa1d-4c41-ba89-3dd09fd8a893,,,St.Jude master Aortic Mechanical heart valve with standard cuff Size 29mm,,Medical supply,N/A,,,2
e9e4d49d-29e3-4a8a-8546-a1773234f15c,,,Cardipulmonary Bypass Oxygenators adult/afinity fusion,,Medical supply,N/A,,,2
431353d4-7677-4a53-845c-f67efc572d46,,,"Prolene Double arm round needle 5/0, 90cm on 17mm",,Medical supply,N/A,,,2
9157d771-6c67-495d-822f-349e1c77538a,,,Cardipulmonary Bypass Oxygenators pediatrics/pixie,,Medical supply,N/A,,,2
0b2c0398-b922-47c5-9b9f-d7ded333df2f,,,St.Jude master Aortic Mechanical heart valve with standard cuff Size 31mm,,Medical supply,N/A,,,2
f3140567-accd-4338-874e-79bfaef9033b,,,St.Jude master Aortic Mechanical heart valve with standard cuff Size 27mm,,Medical supply,N/A,,,2
f8ccb349-fe39-40d0-9c43-1adfbe108ee0,,,St.Jude master Aortic Mechanical heart valve with standard cuff Size 23mm,,Medical supply,N/A,,,2
d99e5310-345a-4fa7-88ef-87b64268cadb,,,"Prolene Double arm round needle 4/0, 90cm on 17mm",,Medical supply,N/A,,,2
66e66ed1-c840-40e9-9d82-804d78426722,,,COBAS 6800/8800 Solid waste bag with insert,,Medical supply,N/A,,,2
a0f0cd0f-261e-4d8f-917d-9c9b09720b49,,,St.Jude master Aortic Mechanical heart valve with standard cuff Size 21mm,,Medical supply,N/A,,,2
642888cc-a3e2-4c96-8204-a97bbde9519f,,,"Prolene Double arm round needle 4/0, 90cm on 26mm",,Medical supply,N/A,,,2
be7fd0e1-6fcc-45b5-a6cd-8c4df7097330,,,St.Jude master Aortic Mechanical heart valve with standard cuff Size 25mm,,Medical supply,N/A,,,2
214f62e1-d537-4fe7-8bde-5a98aeb6492e,,,"Prolene Double arm round needle 4/0, 90cm on 22mm",,Medical supply,N/A,,,2
87952aa8-a424-4e81-9ea8-73a9bc18f5ea,,,St.Jude master Aortic Mechanical heart valve with standard cuff Size 19mm,,Medical supply,N/A,,,2
843d8dc2-3cc2-49ca-8099-abc358159d8d,,,"Prolene Double arm round needle 5/0, 75cm on 13mm",,Medical supply,N/A,,,2
a2d5df64-b4ab-4ce1-85ce-0fbb5c7ed1a1,,,"Gown Isolation Non woven, Disposable extra large",,Medical supply,N/A,,,2
65ebf198-e5ff-4c8d-8aa4-ade1f23df44e,,,Centrifuge Secondary Tube 5 ml 13x75mm,,Medical supply,N/A,,,2
fa400736-e3ec-4946-b499-df68068931e3,,,"Gown Isolation Non woven, Disposable large",,Medical supply,N/A,,,2
152bdea4-d1b2-4187-8275-006ac08b977e,,,"Master sizer set, complete",,Medical supply,N/A,,,2
bf3a557a-b9bc-43a1-90f5-c87030d511c2,,,Cryogenic Vial of 50 pcs,,Medical supply,N/A,,,2
57e6e87b-0d44-4025-a135-380eb902a268,,,Plasma Preparation Tube,,Medical supply,N/A,,,2
b4058fac-ff38-4687-b4b7-ab5d85d25dac,,,Umblical Cord Tie/Cotton Tape 6mm x 24.5m,,Medical supply,N/A,,,2
1637da77-fe97-4df4-835c-fe9f75fbea4b,,,Syringe Insulin (Disposable) 1ml on 4mm with Fixed Needle 32G,,Medical supply,N/A,,,2
f9ed2d57-c36c-4610-8461-c6f45e4a88aa,,,Catheter Ureteral 12CH,,Medical supply,N/A,,,2
0756297c-0cbc-4e5e-aec1-04ac361c869e,,,Cryogenic Box,,Medical supply,N/A,,,2
87664722-e876-4443-87cc-a30d2dcf36ab,,,SARs COVID 2 kit,,Medical supply,N/A,,,2
4f6f9caa-0058-4905-8006-4a70ecf7e587,,,Oral Hydration drop drop packets,,Medical supply,N/A,,,2
833d8b4e-ed0a-498d-a806-d0683ec340b6,,,Test Tube Plastic 12x75mm round bottom sterile with snap cap,,Medical supply,N/A,,,2
4aad4660-53b5-46b2-8b3d-6a66129ee994,,,Sharp Collector 8QT Nestable Funnel top,,Medical supply,N/A,,,2
326fe6f4-8797-437c-a10d-4c8a74d19a3f,,,"Gown Isolation Non woven, Disposable, Medium",,Medical supply,N/A,,,2
e90b416a-3afb-49ca-af5f-ed3683a61869,,,"Goggle protective green /gray adj headband, polycarb scratch resistant D3",,Medical supply,N/A,,,2
72403543-6a31-46c1-b629-8d0acf0300d6,,,Prosthesis Bra,,Medical supply,N/A,,,2
6d670a59-3486-4493-b60d-4abe16d3a248,,,Syringe(AD) 0.05ml with Needle 27G,,Medical supply,N/A,,,2
e0ab7793-0998-47b7-bc0d-72ae29839a61,,,Gown Isolation 130cmx150cm,,Medical supply,N/A,,,2
cbc64980-58d2-4456-a618-d734754c658c,,,Gown Isolation 120cmx140cm,,Medical supply,N/A,,,2
eabc3758-145a-406d-bd06-848e532fcc44,,,Disposal Head Cap,,Medical supply,N/A,,,2
f87e7ad7-c4f4-4b66-b4d7-92e5f531d21d,,,Tracheostomy Tube Plastic With 90 Degree Curvature Size 4,,Medical supply,N/A,,,2
b97f2c83-fdbb-42b8-8677-947d090da9de,,,Mosquito Bednet 180cm x 190cm x 150cm (LxWxH),,Medical supply,N/A,,,2
db6f3043-c862-45c7-a3ad-c7319f94b651,,,Mosquito Bednet 180cm x 190cm x 160cm (LxWxH),,Medical supply,N/A,,,2
44193500-19d9-4751-bce9-aa605773c1c9,,,Dental Wire 22CH,,Medical supply,N/A,,,2
69042ce0-6de4-467c-948c-f8e4bc6d3fb7,,,Mosquito Bednet 190cm x 180cm x 180cm (LxWxH),,Medical supply,N/A,,,2
ea73609e-f1b9-4a52-851d-5c039a0200b7,,,Mosquito Bednet 190x180x170 cm (LxWxH),,Medical supply,N/A,,,2
ee9f6b11-2126-490f-a6fb-dcc43116bf84,,,Plastic droper Non sterile size hold 7ml of liquid with graduated marking in 0.5ml increments,,Medical supply,N/A,,,2
92ae5aa9-028e-436f-ba10-94cf1397924e,,,Tubular bandage 2m,,Medical supply,N/A,,,2
134b5a57-9c74-4201-934f-a6a058b8a1c4,,,"Polysulfone filter Surface area 1.8, low flux m2 gamma sterilization",,Medical supply,N/A,,,2
a782ef33-e630-4948-bb5d-7f9a02ec82e5,,,Surgical Scalpel Blade No. 18,,Medical supply,N/A,,,2
8fa3f649-ee70-4869-829c-d5b66d7fb4ed,,,Blood line with re circulation bag,,Medical supply,N/A,,,2
ff13f2aa-120a-4260-8beb-7493a7a70d00,,,"Polysulfone filter Surface area 1.6, low flux m2 gamma sterilization",,Medical supply,N/A,,,2
40149620-c36c-4e21-b408-27f5375f98f6,,,"Hemodialysis catheter (non tunneled) 12Fr, 15cm length",,Medical supply,N/A,,,2
1e0a0533-01b7-481b-bd3b-f9a7b48488b2,,,"Kidney biopsy needle 18G,20cm length",,Medical supply,N/A,,,2
3ca62034-77a0-4638-8f23-5ab6a11ad5f6,,,"Kidney biopsy needle 16G,20cm length",,Medical supply,N/A,,,2
999603d1-fbc9-409a-ad8f-2f895c58dae1,,,"Polysulfone filter Surface area 1.0, low flux m2 gamma sterilization",,Medical supply,N/A,,,2
68b8e6a2-c6d1-4f5b-93ea-5988dcd3e090,,,"Hemodialysis catheter tunneled cuffed, cuff top tip 23 cm length",,Medical supply,N/A,,,2
327dcbb4-95ca-4306-80fa-8cd6ea06ea5e,,,"Hemodialysis catheter (non tunneled) 12Fr, 20cm length",,Medical supply,N/A,,,2
3470ee10-ffad-40b5-8cfa-0be4018ab9b9,,,Tally Sheet,,Medical supply,N/A,,,2
befebd2b-b27b-4f22-b984-b85ea69d447a,,,Syringe(AD) 2ml with Needle 23G,,Medical supply,N/A,,,2
4be6fef1-aac8-4478-a44c-4e3ca0ed2247,,,Thick probe(Needle) A25,,Medical supply,N/A,,,2
0c67043f-83db-4db5-94e5-bfb5445a32b2,,,Halogen Lamp 12V/20 watt for A25,,Medical supply,N/A,,,2
28e86462-e8e7-4411-9ad9-84d62eacbe26,,,K wire 2.5mm Diameter with 25cm length,,Medical supply,N/A,,,2
3a745f07-cfe5-4ca1-a33a-893327bf887e,,,K wire 1.8mm Diameter with 25cm length,,Medical supply,N/A,,,2
4350a8a5-11c5-4fb2-8519-76b3dea7a785,,,IV giving set,,Medical supply,N/A,,,2
b94f81a4-0c37-474a-a2f3-4b718e84dc89,,,Reaction Rotor,,Medical supply,N/A,,,2
0105a87d-83ad-4187-98d1-14afa4a1806b,,,Bondable Buccal Tubes,,Medical supply,N/A,,,2
589c4871-e25c-4d2c-9a9f-6e13640007f5,,,G6PD Test tube,,Medical supply,N/A,,,2
19bc7b7d-0fa6-4d3b-b8b6-5418131142d1,,,Polypropylene homo polymer sheet 3mm olive,,Medical supply,N/A,,,2
95e0b12d-29b4-4b27-a4f6-da9a4e6f9e89,,,Polypropylene homo polymer sheet 5mm olive,,Medical supply,N/A,,,2
2b0a4442-98a0-465e-aa0c-9382d660fa81,,,Polypropylene homo polymer sheet 4mm olive,,Medical supply,N/A,,,2
49f79d73-5c9a-4c92-bcc1-f39aedfc5454,,,Cobas 4800 Plasma Separation card bundle,,Medical supply,N/A,,,2
584666f7-a683-46cf-919b-9494d5a1624e,,,Mosquito Bed Net (LLIN) 180cm x 160cm x 150cm (LxWxH),,Medical supply,N/A,,,2
70bd8fd7-a502-4584-88e5-2b0e0d68a329,,,Lab Wipe 30 X 35cm,,Medical supply,N/A,,,2
675b82ff-60e5-40ad-9905-694d019710ac,,,Adhesive Tape 10cm x 5m,,Medical supply,N/A,,,2
ff5707e3-b9c3-42c4-9434-756706c69bbf,,,"Centrifuge Secondary Tube 5 ml 13x75mm,With cap",,Medical supply,N/A,,,2
e75f663b-778c-4a32-acb8-d8096a74df18,,,Paster Transfer Pipet 3 4ml sterile individual wrapped,,Medical supply,N/A,,,2
8f5d0a0f-35c3-4a24-8940-0f3ca6dc53f9,,,Sample collection kit,,Medical supply,N/A,,,2
6d68bf40-ee10-4a0b-99ad-b04b379ae5c6,,,Level 2 Gown with velcro knit cuff X Large,,Medical supply,N/A,,,2
c033a4a8-7b86-4c37-bcf7-d55fccd93ee4,,,Level 2 Gown with tie back and elastic cuff X Large,,Medical supply,N/A,,,2
b10c943f-4cdc-46f9-8c0e-dc9c90060ca3,,,GNI fluorescent lamp,,Medical supply,N/A,,,2
864c006c-618f-4e33-b27d-c63ddf4a8691,,,Level 3 Gown white cuff large,,Medical supply,N/A,,,2
0e39a8e6-14e1-43ed-9345-d60f24d47636,,,St. Jude masters series mitral Mechanical heart Valve standard cuff Size 29mm,,Medical supply,N/A,,,2
7ea9af3c-6c2d-46af-8aa4-3d66aaed6e3a,,,Level 2 Gown with tie back and elastic cuff large,,Medical supply,N/A,,,2
58a45a8c-a168-4ff2-a021-ce97f46e6ad5,,,NI service kit,,Medical supply,N/A,,,2
4bc0e231-f597-4129-bc0e-a5be4c079535,,,St. Jude masters series mitral Mechanical heart Valve standard cuff Size 27mm,,Medical supply,N/A,,,2
a3a33cdd-19ab-434a-998b-c74e007f78d0,,,BD Vacutainer F22 tube,,Medical supply,N/A,,,2
8269ad1a-57aa-4698-92a6-cbe8fbe7988f,,,Level 2 Gown with velcro knit cuff large,,Medical supply,N/A,,,2
37ee222e-330e-4464-9aaf-e1a9cd3a0f6b,,,St. Jude masters series mitral Mechanical heart Valve standard cuff Size 31mm,,Medical supply,N/A,,,2
42279fc8-d33f-48a5-9d3c-daec07d7040f,,,Level 3 Gown white cuff X Large,,Medical supply,N/A,,,2
074cb547-5a3a-4590-a4d2-86c61122c458,,,St. Jude masters series mitral Mechanical heart Valve standard cuff Size 25mm,,Medical supply,N/A,,,2
71716625-41f7-4ff8-a1d1-a3c562215f9e,,,BD Vacutainer KE2 tube 6ml,,Medical supply,N/A,,,2
263ade55-32e9-40dc-a4b4-8f0077b33440,,,Wire Splint Hand,,Medical supply,N/A,,,2
1b2c4dae-2692-4746-b8a1-b22eb4f93e38,,,Wire Splint Leg,,Medical supply,N/A,,,2
3131bf97-9f86-46ea-871b-772ccebb290c,,,Blood Collecting Bag Penta,,Medical supply,N/A,,,2
1b3becf7-dee5-433a-aca0-5f216263faa8,,,Vacutainer needle 20G,,Medical supply,N/A,,,2
e3d15b94-965c-4091-8b0e-286db1282a2e,,,Vacutainer serum separator tube with red top 3.5ml,,Medical supply,N/A,,,2
2e3f8e76-52fb-418a-ba5a-e8e485f63726,,,Hood,,Medical supply,N/A,,,2
e2868587-9293-41f0-98c3-b13bbafd23ea,,,Belt,,Medical supply,N/A,,,2
2bd3007d-c838-4a6f-9dd0-f7f14b7865b2,,,Replacement hoods of 25,,Medical supply,N/A,,,2
0fcef75b-3b0d-4b67-aaf7-d496649d1a46,,,Catheter Ureteral 16CH,,Medical supply,N/A,,,2
539d5c59-0cb8-4a9d-8681-99d74f99eafa,,,Laboratory Supplies Urine cup plastic 40ml capacity,,Medical supply,N/A,,,2
4ef30f0e-43c6-4469-938f-18bbdecd2bad,,,Slide Box hinged plastic holds 100 slides,,Medical supply,N/A,,,2
d00a66a0-87c8-485a-9167-7506a9542dc4,,,"Laboratory Supplies Microscope Lens cleaning solution, non flammable: 2 oz",,Medical supply,N/A,,,2
973f6bc1-4140-47b4-a8ee-911daa0325f0,,,Brown glass bottle 500ml,,Medical supply,N/A,,,2
b88f0a07-4424-4b2e-83ed-6b666b519e5c,,,Battery Holster,,Medical supply,N/A,,,2
048711dd-e17b-47b8-91b0-ed1b6007c7f9,,,Laboratory Supplies Microscope Lens cleaning tissue paper lint free: 4x6 inch W(10.1x15.2 cm) sheets per book,,Medical supply,N/A,,,2
cfd79506-da99-42bc-8d88-ab7997ed1ac9,,,"Laboratory Supplies Stool Specimen Container disposable, polypropylene, with Cover",,Medical supply,N/A,,,2
62d3dfb8-ec6e-49f0-99bb-a233c5b8d8fa,,,Weighing paper disposable,,Medical supply,N/A,,,2
76f604fc-0bd1-4421-b931-d356272f16a4,,,Microscope Slide Frosted 75mmx25mm x 1mm thick,,Medical supply,N/A,,,2
5d53d201-a782-4e45-a76b-c8f365340005,,,Gauze Dressing 2 In x 2 In,,Medical supply,N/A,,,2
d095a70a-8d66-480f-a915-157bf2f32bed,,,"Laboratory Supplies Conical test tube , Graduated 10ml, plastic",,Medical supply,N/A,,,2
6e314697-4c1a-42bd-b61b-ef75e6b065f0,,,Autoclave Indicator Tape 1.9cm x 5m,,Medical supply,N/A,,,2
b21fd623-b184-441b-8383-f6b1144e8eee,,,Gauze Bandage 8cm x 4m,,Medical supply,N/A,,,2
ff14288f-3916-404d-9ebd-1809c0812d7f,,,Polyamide Monofilament Gauge 0.2(10/0) 38cm on 6mm 3/8 Circle Spatula Single Armed Needle,,Medical supply,N/A,,,2
f03575c4-efaf-462a-b0b0-f53179fe04c0,,,Pump Breast Manual Plastic 30ml,,Medical supply,N/A,,,2
148b6468-bed0-4473-8d7c-578893279af3,,,Adhesive Plaster Zinc Oxide 2.5 cm x 5 m,,Medical supply,N/A,,,2
eb0bacf2-7228-45b3-b0e5-e0275de0a1d2,,,Colostomy Bag Adhesive Regulator Closed 25cmx14cm 30mm Opening Pediatric,,Medical supply,N/A,,,2
a14190ec-4113-4314-9c26-0d2fb97344ce,,,Laboratory disposable plastic citrated ESR graduated pipette tube total length of 200mm and graduation from 0 150mm increment of 1mm,,Medical supply,N/A,,,2
87ff2507-b5bc-458b-9e56-2c4ebf5d232d,,,Tracheostomy Tube 7.0 mm with 90 curvature armoured with low Pressure Cuff Universal inflation funnel and pilot balloon metallic,,Medical supply,N/A,,,2
e32d34be-f82c-42f2-a45a-a232824cfe7d,,,PPIUCD Postpartum CU T 380 A IUD,,Medical supply,N/A,,,2
14ff55d2-f83c-4258-b688-eb94da38c31b,,,Nelaton Catheter 4CH,,Medical supply,N/A,,,2
3b700910-7e4d-4637-be91-313252e9536b,,,First Responder Trauma Bag,,Medical supply,N/A,,,2
5099d5f1-9ec2-432b-8fe6-4a196533a399,,,Geenius Reader,,Medical supply,N/A,,,2
075b62e7-2c3d-4127-a01c-2fad73240f19,,,Cannula Nasal Pediatric ( Nasal prong),,Medical supply,N/A,,,2
83cdb295-be73-4bef-b474-7b2bdf71cbd4,,,First Responder Backpack 50 L TRM 27,,Medical supply,N/A,,,2
72dd270d-123e-4e0a-ac6c-25fa7ddd253b,,,"Test Tube Plug, Non Sterile, for Centrifuge Tube 5",,Medical supply,N/A,,,2
379a0b85-01d8-4ab9-99fc-bd845e49e7e0,,,Mersilk Braided Black Gauge 2.0(3/0) 75cm on 26mm 1/2 Circle Cutting Needle,,Medical supply,N/A,,,2
320822fe-5c5c-4df9-b567-979d7d8f9922,,,Insertion/removal accessories for implanol For 50 insertion/removal procedures,,Medical supply,N/A,,,2
e55981c2-39f0-47fc-a955-e5261cf8afa2,,,Mersilk Braided Black Gauge 3.0(2/0) 75cm on 33mm 1/2 Circle Cutting Needle,,Medical supply,N/A,,,2
77705e82-0f98-4509-8546-e74dc16956d4,,,"Paster Transfer Pipet Disposable, 40 ul, Plastic,",,Medical supply,N/A,,,2
63888b7c-1e18-4660-befc-1e18858b0012,,,Blood infusion set for pediatric (Iv Blood transfusion),,Medical supply,N/A,,,2
b15abdd0-981c-40d5-924e-bf7a37faad1a,,,"Prolene Double arm round needle 8/0, 90cm on 17mm",,Medical supply,N/A,,,2
bec9cfb8-87e9-4114-9d65-078ad4db137b,,,Hernia Mesh 11cm x 6cm,,Medical supply,N/A,,,2
39386bf8-506f-422a-a067-fd3f52541dd7,,,Surgical Gown small,,Medical supply,N/A,,,2
d3b70874-0a25-41be-bf87-3557f5eaa2e2,,,Plastic droper Non sterile 5ml graduated mark with holding size 7ml of liquid with graduated marking in 0.5ml increments,,Medical supply,N/A,,,2
61392c7e-e8f4-420c-91ed-ab94e481723b,,,Tracheostomy Tube 2.0 mm with 90 curvature armoured with low Pressure Cuff Universal inflation fun,,Medical supply,N/A,,,2
ebceb083-0b56-4919-a96d-4091100d6c93,,,Surgical Gown Medium,,Medical supply,N/A,,,2
5d7454a8-a171-4506-9246-43621f11b7d4,,,oxygen Nasal cannula(prong) Neonatal,,Medical supply,N/A,,,2
5e2ea9e3-9c92-4224-9cd7-82eae9b6453d,,,"Prolene Double arm round needle 10/0, 90cm on 17mm",,Medical supply,N/A,,,2
f40e7231-89c5-4d2f-81a5-2408c75924ee,,,Hernia Mesh 15cm x 15cm,,Medical supply,N/A,,,2
ae82ede5-06a4-45c7-90d4-1ca400b20275,,,"Prolene Double arm round needle 9/0, 90cm on 17mm",,Medical supply,N/A,,,2
cf1ce766-572a-491a-8a00-cd1e8075f8d5,,,Mask Of N95,,Medical supply,N/A,,,2
c69b7ea8-dfaa-4db4-9071-d5c639b3a5f5,,,Micropippette tips 100 1000 microlitre Blue,,Medical supply,N/A,,,2
e28aa907-eab4-4511-b91e-3b65a3d44dc3,,,Ambu Bag neonatal,,Medical supply,N/A,,,2
081eee2a-83fe-4060-9e69-1a369699ba81,,,Naso Gastric Tube Sterile Adult 18CH,,Medical supply,N/A,,,2
fa2ebe21-b499-4265-84ef-408907d067b8,,,Naso Gastric Tube Sterile Infant 8CH,,Medical supply,N/A,,,2
436b92c0-83a5-4669-b0fd-9c493b3c80bb,,,Naso Gastric Tube Sterile Infant 4CH,,Medical supply,N/A,,,2
59555577-58b1-4b58-9bbb-c5847c76e9d9,,,Naso Gastric Tube Sterile Infant 6CH,,Medical supply,N/A,,,2
8a1f3850-3d4a-4453-8e48-78385b7ddea2,,,Naso Gastric Tube Sterile Adult 16CH,,Medical supply,N/A,,,2
283797b2-6b63-4d3e-b6d9-c84ef5caf4a7,,,"Google indirect vent,wraparound lens,opticalclass",,Medical supply,N/A,,,2
4f859d8e-fe42-45c1-b3b2-fda29fbdcf8c,,,Anti theft lock,,Medical supply,N/A,,,2
8060ba92-c732-4a2c-a271-e41ddd024cc7,,,Plastic Dropper Non sterile Graduated up to 5ml,,Medical supply,N/A,,,2
22bcb88b-dcf2-49d2-aec4-9c6db46e22da,,,Alinity m Pipette tips 1000micro liter,,Medical supply,N/A,,,2
6f71bacc-5c4b-4fd0-8dd7-7dac3960edca,,,Alinity m IRU waste container,,Medical supply,N/A,,,2
20041aa5-384a-4e9e-b906-8ec43e285f98,,,Power Cable (EU) IEC Couple C13/C14/220v,,Medical supply,N/A,,,2
11db0e24-1a32-48d9-a637-1a99792a29ff,,,Geenius soft ware with AFP/ manual OUS,,Medical supply,N/A,,,2
e783ecf8-3b6b-43cf-9c9d-d2ba45bdcf12,,,Alinity m Pipette tips 50 micro litter,,Medical supply,N/A,,,2
174766e1-abcf-45a1-9eb5-5e0d576b465d,,,Alinity m Amplified waste container,,Medical supply,N/A,,,2
8fc9679c-e445-4379-9950-e61443359fa3,,,Catheter Folley silconized latex 5 15ml balloon sterile three ways size 14CH,,Medical supply,N/A,,,2
b9de76c2-0844-493b-9fe5-1cb6eb41d34d,,,Cotton Absorbant 100gm,,Medical supply,N/A,,,2
ea16053c-2bc8-4df8-9073-4ea60c5610d8,,,Roche Cell Collection medium,,Medical supply,N/A,,,2
a0d10301-8a6e-4486-a1c0-04ca3494b416,,,Pipette 60 set for TB LaMP,,Medical supply,N/A,,,2
b5ee41eb-ac51-4101-ad26-ab90c6aab3d6,,,Laboratory Equipment kit v4,,Medical supply,N/A,,,2
c89a0e82-e469-4f30-8137-81e0eaa241fd,,,DxC 700 AU/ Unicel DxI 800 Cuvette 5x5mm,,Medical supply,N/A,,,2
89a5f17c-6c4e-461d-a81b-3abf3b6faf54,,,"Pasteur Pipette-3 ml, graduated",,Medical supply,N/A,,,2
9e8eaa54-bce1-4ea3-b971-310fcf3c0674,,,Examination Glove-Latex Medium Size ,,Medical supply,N/A,,,2
5d7b40fd-aa70-4bc1-bcdb-8b2ac967fccb,,,Gauze Bandage-7.5cm x 5m,,Medical supply,N/A,,,2
8492ae5f-d21e-42b3-9021-d321999c46ca,,,Biohazard Bags - 8x12,,Medical supply,N/A,,,2
79c65833-df7c-4486-8743-a3623ffda1c9,,,Auto Disposable Syringe-2ml with Needle 21G of 100,,Medical supply,N/A,,,2
4466228d-7113-471b-8472-df3140417649,,,Cryogenic Vial-Of 450,,Medical supply,N/A,,,2
b3c8ae61-84ad-4ff7-a958-f91f8ae36eed,,,Syringe(AD) -5ml with needle 21G ,,Medical supply,N/A,,,2
8609d07a-8bd8-4ad5-a4f0-79406eddd9bf,,,Condoms-Male Latex length 180mm width 53mm    ,,Medical supply,N/A,,,2
3bda2bbe-8e4d-4c8d-bbad-c0440c5d5f0f,,,Biohazard Bags -Yellow 255 X 355mm,,Medical supply,N/A,,,2
e9fe169a-443c-4e1e-ae72-918b6201fd20,,,Examination Glove-Latex Large Size ,,Medical supply,N/A,,,2
6fe6e71e-69dc-4f80-926d-8f3679e20b3c,,,"Blood Collection Tube-K3 EDTA, 3ml ",,Medical supply,N/A,,,2
6297a361-4234-4274-bf70-5332b5d924af,,,Adhesive Plaster Zinc Oxide-Size 7.5cm X 10m,,Medical supply,N/A,,,2
816fb33c-7c6e-43f7-9169-1cb5152c2780,,,Applicator Wooden Stick-15cm Long x diam. 2.5mm with Cotton,,Medical supply,N/A,,,2
04cab4b2-8c1f-4cec-9a05-572c53427c1a,,,Cannula Intravenous Set (IV Cannula) -24G,,Medical supply,N/A,,,2
af9a52be-657a-45d7-ae9f-32827ee6f2f2,,,Cannula Intravenous Set (IV Cannula) -22G,,Medical supply,N/A,,,2
cdeb0d55-fc43-4fbb-890f-66d7e83b33f6,,,"Disposable Syringe-3 parts , 3ml  with 21G needle ",,Medical supply,N/A,,,2
907d718d-c7f1-4945-b5eb-c3ea313dd3a4,,,"Disposable Syringe- 3 parts , 5ml with 21G needle ",,Medical supply,N/A,,,2
87645794-99aa-400e-8e8f-ef6867248861,,,Tongue Depressor-wooden,,Medical supply,N/A,,,2
b775bc59-0558-412b-bbea-927bdbc6a3c8,,,Torniquate -of double belt ,,Medical supply,N/A,,,2
52343eff-dc10-445c-baf6-d8b1fd3653a9,,,Gauze Bandage-10cm x 5m,,Medical supply,N/A,,,2
b8524a02-ef8c-469d-89fa-8d1b0cf11648,,,Gauze Bandage-B/P Mesh 28 x 24 size 12.5cm x 5m,,Medical supply,N/A,,,2
7acf8589-2c89-4742-9e8e-ed09bdd95a6b,,,Gauze Surgical-90cm x 100m,,Medical supply,N/A,,,2
62f72179-0af5-4fbc-a83c-a0b098bfd361,,,Examination Glove-Latex disposable Non-Sterile Medium size ,,Medical supply,N/A,,,2
d456d408-8501-4f05-928c-fef1c4aad34d,,,Surgical Glove-sterile Latex No. 7 ,,Medical supply,N/A,,,2
b340261f-3c6d-465c-b8ad-9ecd8c239aa5,,,Plaster Of Paris (P.O.P) -10cm x 3m,,Medical supply,N/A,,,2
c4037a0e-e557-4053-900d-61349d73b426,,,Plaster Of Paris (P.O.P) -15 cm x 3m,,Medical supply,N/A,,,2
5aef01b4-4d9c-4817-889b-fd8a9d5b79e6,,,Umblical-Clamp 5.3cm Sterile,,Medical supply,N/A,,,2
d5c9acf9-96e3-4aa8-a7d3-5c1af8fbe47b,,,Scalp Vein Winged Infusion Set-23G,,Medical supply,N/A,,,2
6d85b272-b7c8-4675-9786-f8ca57046a43,,,Scalp Vein Winged Infusion Set-25G,,Medical supply,N/A,,,2
7af25e08-9728-4bfe-ae94-e3e6bdcc4b09,,,"Cat Gut Chromic-   3.5 (2/0), 75 cm HR 38 1/2 C.R.B 38mm heavy needle 334",,Medical supply,N/A,,,2
f102c159-50ea-4ede-90c7-7983268759f9,,,Biohazard Bags -24x36 of 200,,Medical supply,N/A,,,2
82521c69-dfe1-4952-9366-b68b092bae57,,,Sputem Cup--,,Medical supply,N/A,,,2
d0dbfb74-8ecd-42a1-8217-0aab9df21f7f,,,Microscope Slide-76mm x 26mm of 50,,Medical supply,N/A,,,2
d2e983c3-7971-4f30-9be5-aab8349ba6e8,,,Suction Catheter-No.6,,Medical supply,N/A,,,2
9d1c753d-53c0-4056-8cb7-205fed3ee6d6,,,Suction Catheter-No.8,,Medical supply,N/A,,,2
c2c4f238-d59d-4222-a031-1b9155145ee6,,,Disposable Syringe-50ml with Needle ,,Medical supply,N/A,,,2
fc96d03d-2ceb-4bbe-a054-95d7e1ecdbb3,,,Auto Disposable Syringe-1ml with needle,,Medical supply,N/A,,,2
088437e0-26a1-4cc7-a224-2d8f71f5d507,,,Cat Gut Chromic-3.0(3/0) 75cm on 18-20mm 1/2circle Round Bodied Needle 2234,,Medical supply,N/A,,,2
70810cfe-746e-475f-a037-5771620d9101,,,Cover Slide-22x22mm Thickness 13 mm,,Medical supply,N/A,,,2
657f7d3b-2dc9-4978-ad05-8b735508e81e,,,Mosquito Bednet-160x180x150,,Medical supply,N/A,,,2
25756dee-05b2-41bb-8f28-05f895e5a861,,,Zinc Oxide Plaster-7.5cm x 5 ,,Medical supply,N/A,,,2
9e4109f3-b13d-4168-9ec6-b65bd045af0a,,,Pasteur Pipette-Non-Ggraduated ,,Medical supply,N/A,,,2
a40052da-2027-480e-878d-aa81eae8f0f6,,,Biohazard Bags -Autoclave -38x48,,Medical supply,N/A,,,2
d9303336-3a3f-4d38-a1a3-72ee785b5c1a,,,Auto Disposable Syringe-0.5ml with Fixed needle 23 G,,Medical supply,N/A,,,2
76c5050e-482a-4e92-b738-3427128e1b75,,,"Insulin Syringe -For single use, 0.3ml ,6mm/30G,U-100 Euro languages ",,Medical supply,N/A,,,2
c6d85851-52ae-4ed3-b7d3-5146f52efaa8,,,Cryogenic Vial-1.5ml (Nuc Tube),,Medical supply,N/A,,,2
d6326927-c4e6-413b-9d59-3e00985be235,,,Microscope Slide-25x75mm,,Medical supply,N/A,,,2
5a7b2056-8a56-428b-b4b6-2e70a31b9399,,,Syringe(AD) -1ml,,Medical supply,N/A,,,2
6b13011a-e7ce-46b5-8bff-9c05f2d85d5e,,,Auto Disposable Syringe-0.05ml with Needle ,,Medical supply,N/A,,,2
a7026f41-70a1-4c56-9638-e95c010d3fa1,,,PIMA -Bead Standard,,Medical supply,N/A,,,2
f690f823-2c9c-41fc-aa59-a900878dea1a,,,"Disposable Syringe-(Sterile) 3 Parts, 10ml Luer fitting with 21G 1& 1/2 Needle",,Medical supply,N/A,,,2
d028e149-7a9c-4673-8849-3a1d140f53b4,,,Tag-For Refrigerator,,Medical supply,N/A,,,2
66b77334-38e5-4aad-a0ff-bc734a6c64d2,,,Filter Paper Qualitative Whatman-type grade 1 diameter 90mm,,Medical supply,N/A,,,2
9d394375-634a-471a-9e35-eb99ef76e2cd,,,Eye Goggle-plastic,,Medical supply,N/A,,,2
7a8b7a5c-4864-4e3f-b0c8-70254f74fe81,,,Disposable Syringe-3ml with Needle,,Medical supply,N/A,,,2
769ab669-395e-4207-8c3e-8a61ac26ff5c,,,Auto Disposable Syringe-0.5ml,,Medical supply,N/A,,,2
c9394b74-987f-491f-b550-20dec4877da6,,,Starting Device-117U6015,,Medical supply,N/A,,,2
30c55cc7-3bec-48e3-b990-a7cc344cdb6f,,,Fan-Jamican KF 1225B1MR-R,,Medical supply,N/A,,,2
78066334-c506-4a9c-86c3-912e380b819b,,,Microscope Slide-frosted ended ,,Medical supply,N/A,,,2
e41dc9dc-7dbb-4b0e-a531-f86367e97de4,,,PIMA -printer paper I,,Medical supply,N/A,,,2
4b1a0dbe-f65f-4ff0-9971-7e29042d4aa0,,,"coverall,w/hood,type 4,tight clothing,large(176-182cm)",,Medical supply,N/A,,,2
816d83ee-9215-49c3-843b-19fbf9528c68,,,"coverall,w/hood,type 4,tight clothing,x-large(182-188cm)",,Medical supply,N/A,,,2
82d95b8d-d3bf-4e6d-805f-7e80279cafc0,,,"coverall,w/hood,type 4,tight clothing,mediuml(170-176cm)",,Medical supply,N/A,,,2
94dc8335-13e3-4189-92ff-c7ad3e78bc94,,,"coverall,w/hood,type 4,tight clothing,small(164-170cm)",,Medical supply,N/A,,,2
d6b0ed54-0be0-4543-ab12-7247151a5a5d,,,Bandage Triangular-96x96x136cm,,Medical supply,N/A,,,2
30864c7b-3cd7-4865-b116-15e0d4c8f257,,,"Conical Centrifuge Tubes-Sterile,disposable,15ml",,Medical supply,N/A,,,2
9979c67a-0eaf-4a55-b95a-992d97b48e70,,,Micropipette tips 100-1000 microliter,,Medical supply,N/A,,,2
23fcd7f6-f336-4c4d-a9f0-b48280c5208f,,,OTP  Record card English,,Medical supply,N/A,,,2
50b2c009-fc86-40d6-8e82-17848056e86d,,,Insertion accessory-Kit for Implanon,,Medical supply,N/A,,,2
5ae909cd-c961-4923-a9ca-d79b94de4d03,,,Gauze Surgical-90cmx100m mesh size 19x15,,Medical supply,N/A,,,2
9caf5828-990a-4e8c-a35c-dfaeef742305,,,Starting Device-117U6000,,Medical supply,N/A,,,2
66c88a49-364b-4803-b0f9-7d5c9f6685f4,,,Starting Device-103N0021 (PTC),,Medical supply,N/A,,,2
cabc9ee2-4c67-40f2-b571-93a7e2182b13,,,Sling For Use-100% cotton,,Medical supply,N/A,,,2
dbe4509d-929f-4b20-a07f-3571a42e1fa5,,,Insertion/removal accessories for implanol -For 25 insertion/removal procedures,,Medical supply,N/A,,,2
87730ccc-21e4-4d2d-bc91-491a7ed754e2,,,Sterile polyester fiber - tipped applicators swabs-in paper,,Medical supply,N/A,,,2
ab688bca-778e-4cdb-bfc8-0056fc0cf2ac,,,Compressor -MTZ28 JC4A VE/R404a,,Medical supply,N/A,,,2
598d820d-d0f2-4b10-b39d-7f6d0d68f931,,,Fan Evaporator -HBN 150 (18W),,Medical supply,N/A,,,2
47c6cdcd-7199-46ba-b682-34e4381236e7,,,Mid Upper Arm Circumference(MUAC) measuring tape-Adult,,Medical supply,N/A,,,2
60e9bd4e-218d-4ded-86db-c158c28181b0,,,"Weighing trousers-for use with spring scales.one size,pack of 5 pieces in carry bag",,Medical supply,N/A,,,2
4b547cca-174f-4e03-b8e5-af8a6fa4a22c,,,Autoclave indicater tape-19mmx50m,,Medical supply,N/A,,,2
10cfe65c-ee57-45ab-872a-33effcf07195,,,Cat Gut Chromic-gauge 3.0 (3/0) 75cm on 25mm 1/2 circle round bodied needle,,Medical supply,N/A,,,2
cd0b14b0-e64c-479a-b6ab-98dc1b0af04a,,,Polyglycolic acid absorbable braided violet-gauge 0.7 (6/0) 30cm on 12mm 1/2 circle cutting taper needle,,Medical supply,N/A,,,2
b4165316-077a-41df-8c51-afc8f763640e,,,"Syringe -1ml

",,Medical supply,N/A,,,2
958b32fb-1988-4a84-825c-ee3cd07baa90,,,Polyglycolic acid absorbable braided violet-gauge 1.5 (4/0) 75cm on 15mm 1/2 circle reverse cutting taper needle,,Medical supply,N/A,,,2
f066bb01-b853-4b22-a438-ca2fc1c6f312,,,"Battery - 6v 4PVV280 Sealed gel  non-hazardous C100h=279Ah, C10h=224Ah",,Medical supply,N/A,,,2
bc24eb74-f9ac-49ee-b192-ba65526e0fd5,,,Cannula Intravenous Set-18G ,,Medical supply,N/A,,,2
54da3d1e-bbcc-4dcd-be57-9d08973d18b9,,,Cannula Intravenous Set-22G,,Medical supply,N/A,,,2
9648124a-8c65-4016-9ed4-feacb71e2373,,,"Conical Flask Erlenmeger Borosilicate Glass 3.3, with Printed Graduation-200ml",,Medical supply,N/A,,,2
bbbea724-3403-4638-b12a-a850fab19342,,,Scalp Vein Winged Infusion Set-21G,,Medical supply,N/A,,,2
2a35efc7-1be0-4e0c-ad89-d9ffd81d1bad,,,Syringe (Disposable)-2ml with needle 21G,,Medical supply,N/A,,,2
a537f8af-ac87-4a43-819b-d502455803bb,,,Glove Examination Latex Non Powdered-large,,Medical supply,N/A,,,2
7bc8ce57-970b-4427-8d62-2022e1131b79,,,Glove Heavy  Duty Latex (Disposable)-large,,Medical supply,N/A,,,2
b7dc54a3-1fa3-4089-8697-8808983ea25d,,,"Conical Flask Erlenmeger Borosilicate Glass 3.3, with Printed Graduation-150ml",,Medical supply,N/A,,,2
d8f021b3-167f-4cf2-96ce-3d8cf09fe347,,,Syringe Insulin (Disposable)-1ml on 8mm with Fixed Needle 30G,,Medical supply,N/A,,,2
c5c8679b-959d-43aa-8a6b-61913edf57b8,,,Colostomy Bag Adhesive  Regulator Closed-25cmx14cm 30mm Opening,,Medical supply,N/A,,,2
05d9a4bd-1d9a-4033-b3ac-4df3f19839df,,,Syringe (Disposable)-2ml with Needle 22G,,Medical supply,N/A,,,2
d15ea8a4-9b37-40dd-8bc7-46636ca80cee,,,Boots-38 Size,,Medical supply,N/A,,,2
405fe066-697a-4f79-ae8e-c10308dc886a,,,Gauze Bandage-5cmx5m,,Medical supply,N/A,,,2
2343d440-a9d2-40ff-8ae0-0a79ccb05cb2,,,Door Curtain PVC TKA-900X2000cm,,Medical supply,N/A,,,2
1ad4f00d-3505-4556-a9e8-ff0350a051b4,,,Polyamide Monofilament-Gauge 0.2(10/0)  38cm in 64mm spatula Double Armed Needle,,Medical supply,N/A,,,2
e9da25c9-4610-425a-b8e5-b2cee5b20ed6,,,Mersilk  Braided Black-Gauge 2.0(3/0) 75cm on 35mm 1/2 Circle Round Bodied Needle,,Medical supply,N/A,,,2
e125d43b-d30c-4b84-a2f9-ea6a4c687762,,,Cat Gut Chromic-Gauge 3.0(3/0) 75cm on 20mm 1/2 Circle Round Bodied Needle,,Medical supply,N/A,,,2
033f8fd8-70c7-4282-a3e3-cb43c97766b7,,,Polyamide Monofilament-Gauge 3.5(2/0) 75cm on 27mm 1/2 circle round bodied Spatula double Armed Needle,,Medical supply,N/A,,,2
c1c1b525-5401-4050-b6a4-236deb1614cd,,,Mersilk  Braided Black-Gauge 4.0(1) 40cm on 40mm 1/2 Circle  Round Bodied Needle,,Medical supply,N/A,,,2
c739c866-e895-4ac6-8c03-e143b4cc55b0,,,Surgical Scalpel Blade -No.20,,Medical supply,N/A,,,2
753dfb4c-70e9-4571-87e9-5471cdfac1da,,,"Resuscitation Set used for Neonatal, Pediatric  & Adult Providing 02 Inhalation",,Medical supply,N/A,,,2
4859379f-74b8-4ae9-96e5-4d81a6e1a468,,,Syringe(AD) -0.5ml,,Medical supply,N/A,,,2
7ba38258-86ef-4e38-8f85-e43318648354,,,Cannula Intravenous Set-24G,,Medical supply,N/A,,,2
df5c9b36-a41c-4ae5-9a08-65e99ed88f4a,,,Umbrella -Medium,,Medical supply,N/A,,,2
6f2799ad-0cd0-4014-bf32-26df67d06697,,,Syringe(AD) -1ml with  Needle 23G,,Medical supply,N/A,,,2
c7a9b0d8-65d1-4b8f-b6d6-001cb9e75123,,,Catheter Foley Silconized Latex Two Ways-30-50ml Balloon 20CH,,Medical supply,N/A,,,2
5353d21a-6580-418e-8281-5cb95a449dcb,,,Catheter Foley Silconized Latex Three Ways-30-50ml Balloon 22CH,,Medical supply,N/A,,,2
b0c660c6-7a2f-41c1-bf25-06aa7e5bd065,,,Catheter Foley Silconized Latex Two Ways-3-5ml Balloon 8CH,,Medical supply,N/A,,,2
ec861aba-1c34-40ba-8c51-ee22a3100c31,,,Endotracheal Tube-4CH,,Medical supply,N/A,,,2
c1daa9f0-33c3-4508-a2be-bdc37bff40dd,,,Catheter Foley Silconized Latex Two Ways-5-15ml Balloon 12CH,,Medical supply,N/A,,,2
c9303403-276e-4470-8536-0ba8b3924b06,,,Catheter Foley Silconized Latex Three Ways-5-15ml Balloon 14CH,,Medical supply,N/A,,,2
b623fb23-d50e-4dd1-bf63-bbe44243d988,,,Endotracheal Tube-7CH,,Medical supply,N/A,,,2
d1cf72fa-01b1-4cf4-91f4-ca29ed92197c,,,Polyglycolic acid absorbable braided violet-Gauge 1.5(4/0) 75cm on 15mm 1/2 Circle Reverse cutting needle,,Medical supply,N/A,,,2
bfebaa35-4136-4a76-8c2d-b08b4edf12cf,,,Mersilk  Braided Black-Gauge 2.0(3/0) 75cm on 18mm 1/2 Circle Round Bodied Needle,,Medical supply,N/A,,,2
a52eaee2-3157-4f72-87d9-1a896a514972,,,Mersilk  Braided Black-Gauge 2.0(3/0) 75cm on 20mm 1/2 Circle Round Bodied Needle,,Medical supply,N/A,,,2
0aa63e36-f031-4fde-bfdb-6d847e6a01c3,,,Polyglycolic acid absorbable braided violet-Gauge 3.0(2/0) 75cm on 27 mm 3/8 circle reverse cutting Needle,,Medical supply,N/A,,,2
f7d02595-628b-473f-bf32-67875c235a3b,,,Polyglycolic acid absorbable braided violet-Gauge 3.0(2/0) 75cm on 27mm 3/8 Circle Reverse Cutting Needle,,Medical supply,N/A,,,2
a946ed05-ffe3-4fc8-829d-23a90cf879ba,,,Poly Diaxone Monofilament Violet-Gauge 3.5(0) 70cm on 40mm 1/2 circle round bodied  taper needle,,Medical supply,N/A,,,2
9cf19fba-0234-4f4c-8c2f-85824474f1ab,,,Polyglycolic acid absorbable braided violet-Gauge 4.0(1) 75cm on 45mm 1/2 Circle revers cutting  Needle,,Medical supply,N/A,,,2
7d8c7ad2-56a3-41d9-b27b-2e5b3022d493,,,Cat Gut Chromic-Gauge 5.0(1) 75cm on 40mm 1/2 Circle Round Bodied Needle,,Medical supply,N/A,,,2
cd9a1d23-cf47-4dc8-95c3-e1b628977b8a,,,Syringe(AD) -1ml with needle,,Medical supply,N/A,,,2
c1473b8a-6ade-4839-b7e7-2d1797ba097b,,,"Conical Flask Erlenmeger Borosilicate Glass 3.3, with Printed Graduation-300ml",,Medical supply,N/A,,,2
9c482cd8-939c-49ee-afd6-d614a13687f0,,,Towel for New Born 100% Cotton-70x140 cm,,Medical supply,N/A,,,2
83ec471a-5bb3-4331-a8fa-9747c51f14a6,,,Single Channel Plastic Adapter-(EV526),,Medical supply,N/A,,,2
b6adc9a8-e74b-4092-a20c-7297403bb18e,,,"Dental Needle -21mm, 27G",,Medical supply,N/A,,,2
a4ce1f8a-e43b-45b1-8af3-474a903d3bef,,,Catheter Foley Silconized Latex Two Ways-30-50ml Balloon 14CH,,Medical supply,N/A,,,2
54b34e9b-8ca0-4561-b72b-8cb93ac42551,,,Catheter Foley Silconized Latex Three Ways-30-50ml Balloon 16CH,,Medical supply,N/A,,,2
a377fde0-585a-434b-bdd5-6d2d6e0d71e1,,,Boots for Delivery-37 Size,,Medical supply,N/A,,,2
f8029009-6fb5-4aab-8264-88c1fb0f066d,,,Syringe (Disposable)-3ml with Needle 21G,,Medical supply,N/A,,,2
90ce4bb6-cbdc-4935-b585-b4bc21e6cd10,,,Endotracheal Tube-4.5CH,,Medical supply,N/A,,,2
7f956364-7614-4bb9-a574-5ea33d4ea731,,,Endotracheal Tube-6.5CH,,Medical supply,N/A,,,2
c4ebe6be-c299-4cab-8bb0-c7c809a25487,,,Endotracheal Tube-6CH,,Medical supply,N/A,,,2
2f4f0adf-d43c-4415-9dd0-f4d7979c61bb,,,Polyglycolic acid absorbable braided violet-Gauge 0.7(6/0) 30 cm on 12 mm 3/8 circle cutting tapper needle,,Medical supply,N/A,,,2
c89f99aa-a2f0-4319-b360-f82f34a4530a,,,Polyglycolic acid absorbable braided violet-Gauge 0.7(6/0) 30cm on 12mm 1/2 Circle Cutting Taper Needle,,Medical supply,N/A,,,2
5ed12f30-bc67-4164-9394-73449238b75a,,,Polyglycolic acid absorbable braided violet-Gauge 1(4) 75cm on 45mm 1/2 Circle  cutting taper needle,,Medical supply,N/A,,,2
940db98a-5312-4bad-85e8-f76a2567fa15,,,Mersilk  Braided Black-Gauge 1.5(4/0) 75cm on 20mm 1/2 Circle  Round Bodied Needle,,Medical supply,N/A,,,2
4c39a3ed-b51e-467a-96ca-4863b63e0efc,,,Mersilk  Braided Black-Gauge 1.5(4/0) 75cm on 24mm 1/2 Circle Reverse Cutting Needle,,Medical supply,N/A,,,2
f183771f-7e97-4fcc-a586-29d9691770b8,,,Mersilk  Braided Black-Gauge 2.0(3/0) 75cm on  24mm  1/2 Circle Reverse Cutting Needle,,Medical supply,N/A,,,2
3d54917f-51f5-4098-9f11-2c12f0ebb58f,,,Mersilk  Braided Black-Gauge 3.5(0) 75cm on  27mm 1/2 Circle Reverse Cutting Needle,,Medical supply,N/A,,,2
72f68056-6063-4dfc-9908-aa00be2e0674,,,Mersilk  Braided Black-Gauge 3.5(0) 75cm on 30mm 1/2 Circle Round Bodied Needle,,Medical supply,N/A,,,2
6074e11f-4471-4449-b379-2c54580651b0,,,Cat Gut Chromic-Gauge 4.0(0) 75cm on 38mm 1/2 Circle Reverse Cutting Needle,,Medical supply,N/A,,,2
95106461-30b4-4ee4-80d6-4c0351d7c272,,,Mersilk  Braided Black-Gauge 6.0(3) 75cm on 38mm 1/2 Circle Reverse Cutting Needle,,Medical supply,N/A,,,2
65d4199b-dee5-4d61-92c2-eb67c83d8772,,,Glass Volumetric Transfer Pipette-100ml,,Medical supply,N/A,,,2
f1820a0d-d2b0-4ecd-ba01-eaccfb9e12f0,,,Glass Volumetric Transfer Pipette-25ml,,Medical supply,N/A,,,2
80f67c34-d394-4412-88f0-8be2348582fe,,,Glove Latex Sterile Elbow length-Medium,,Medical supply,N/A,,,2
5d78767a-673c-4bca-96a5-d371e0b7ef61,,,Scissors Bl-Blaster OB-14.5cm,,Medical supply,N/A,,,2
638321f6-0085-48c3-b8e6-0418f6bb22c3,,,Applicator Stick Wooden with Cotton Tip-150x2.2mm,,Medical supply,N/A,,,2
af1c0516-90e0-466c-99ce-da732c49bf06,,,Rectal Tube Rubber With Terminal Size-20CH,,Medical supply,N/A,,,2
18fb4c30-9238-461b-9772-18306ec36014,,,Syringe (Disposable)-20ml with Needle 21G,,Medical supply,N/A,,,2
29c80a93-b1af-4620-a681-60c74f693532,,,"Dental Needle -31mm, 27G",,Medical supply,N/A,,,2
7ccfaab4-2c73-4c0c-8be7-516955e8b1f1,,,Endotracheal Tube-3CH,,Medical supply,N/A,,,2
1b65ee1a-38a3-4711-acfa-6d09e87f48c0,,,Endotracheal Tube-5CH,,Medical supply,N/A,,,2
1662a3d4-3667-4d8d-a77f-a04694b8ce8b,,,Adhesive Plaster Zinc Oxide-7.5cmx5m,,Medical supply,N/A,,,2
6101b09c-14fd-4f20-b65b-54036ede8005,,,Polyglycolic acid absorbable braided violet-Gauge 2.0(3/0) 75cm on 30mm 1/2 Circle Reverse Cutting,,Medical supply,N/A,,,2
a90cb2d6-6ece-4366-b9b4-9c9c996380dd,,,Cat Gut Chromic-Gauge 2.0(4/0) 75cm on 15mm 1/2 Circle Round Bodied Needle,,Medical supply,N/A,,,2
1a73c165-dae6-4aba-b66a-9699bf0d782c,,,Cat Gut Chromic-Gauge 4.0(0) 75cm on 30mm 1/2 Circle Round Bodied Needle,,Medical supply,N/A,,,2
a825a6b0-472a-44ad-a258-a8cee03effdc,,,Plaster Of Paris (P.O.P) -15cmx3m,,Medical supply,N/A,,,2
af76bd10-f431-4338-ab6f-304c02001222,,,Catheter Suction Silconized with Funnel-16CH,,Medical supply,N/A,,,2
29ef915f-67af-44d5-869c-1aaf4390ed6a,,,Catheter Condom Latex Medium-28mm,,Medical supply,N/A,,,2
7b44f227-b410-4b4f-9e20-0fa07183d947,,,Boots-41 Size,,Medical supply,N/A,,,2
e1217286-6dfd-4f86-b8c7-54636b8001a0,,,Polyamide Monofilament-Gauge 0.3(9/0) 38cm 64mm Spatula Double Armed Round Bodied Needle,,Medical supply,N/A,,,2
a8f41055-328f-4c09-899c-3cb222c0e60f,,,Polyglycolic acid absorbable braided violet-Gauge 2.0(3/0) 75cm on 19mm reverse cutting Needle,,Medical supply,N/A,,,2
27a6be81-de24-4fb4-9010-956e2ceb220b,,,Polyglycolic acid absorbable braided violet-Gauge 2.0(3/0) 75cm on 26mm 1/2 Circle Reverse Cutting Needle,,Medical supply,N/A,,,2
0664fc7d-a434-49e4-918d-2ca3e086a308,,,Mersilk  Braided Black-Gauge 3.0(2/0) 75cm on 24mm  1/2 Circle Reverse Cutting Needle,,Medical supply,N/A,,,2
e3d005da-81c9-46f7-93d9-13016526ab69,,,Polyglycolic acid absorbable braided violet-Gauge 3.5(0) 75cm on 50mm 1/2 Circle Round Bodied needle,,Medical supply,N/A,,,2
ab59b9b8-8e4e-41eb-bb11-0bc412a87b01,,,Cat Gut Chromic-Gauge 3.5(2/0) 75cm on 27mm 1/2 Circle Round Bodied Needle,,Medical supply,N/A,,,2
03d4a571-743f-47ac-b3cf-ac608c764973,,,Mersilk  Braided Black-Gauge 4.0(1) 75cm on 35mm 1/2 Circle  Reverse Cutting Needle,,Medical supply,N/A,,,2
49e8dfe9-33c1-4601-ab5f-16850c46851b,,,Cat Gut Chromic-Gauge 6.5(3) 75cm on 48mm 1/2 Circle Round Bodied Needle,,Medical supply,N/A,,,2
b90b0ac5-2b9f-4060-97e5-c56305544a4e,,,Polyglycolic acid absorbable braided violet-Guage 1.5(4/0) 75cm on 17mm 1/2 Circle Round Bodied  Needle,,Medical supply,N/A,,,2
cf0893a2-7369-450e-8a82-f2faa7fff35f,,,Polyglycolic acid absorbable braided violet-Guage 3.0(2/0) 70cm on 30mm 3/8 Circle Reverse  Cutting Needle,,Medical supply,N/A,,,2
66a4496b-c556-429b-900e-a55c837e0aea,,,Glove Surgical  Latex Sterile-No. 6.5,,Medical supply,N/A,,,2
fb26f2e3-4c1b-4f99-8c56-67da20fc3d7b,,,Glove Surgical  Latex Sterile-No. 8,,Medical supply,N/A,,,2
0840d998-7bfb-44f7-9531-c6bf84f2d0d4,,,"Battery - 6v 6PVV420 Sealed gel non-hazardous (C100h=421Ah, C10h=338Ah)",,Medical supply,N/A,,,2
9cca9361-bc85-4360-8ea9-6ea8050100d4,,,Gauze Paraffin Sterile with Case-10cm x 10cm,,Medical supply,N/A,,,2
22302990-4c88-4491-bc6a-6cedfdb5ffa1,,,"Conical Flask Erlenmeger Borosilicate Glass 3.3, with Printed Graduation-50ml",,Medical supply,N/A,,,2
a683e381-8eeb-4082-934b-b27adfe1b327,,,Oropharyngeal Airway (Guedel) Sterile-60mm,,Medical supply,N/A,,,2
81ef8a58-59f4-4778-9bb8-6fb6029c9f99,,,Syringe (Disposable)-5ml with needle 21G ,,Medical supply,N/A,,,2
4e70dc6b-b7a8-466e-9743-0f04de2dad5c,,,Measuring Tape-1.5m,,Medical supply,N/A,,,2
2a840484-3ea6-4f1b-8869-8a8e6a4324aa,,,Catheter Suction Silconized with Funnel-14CH,,Medical supply,N/A,,,2
e5f9d778-e6b9-4b95-9ee7-7ee03230f238,,,Catheter Suction Transparent with Funnel Silco Sterile-22CH,,Medical supply,N/A,,,2
c9e3ffb4-7548-4f4d-8b25-55971189ea1b,,,Endotracheal Tube-3.5CH,,Medical supply,N/A,,,2
013a6575-ef3a-4ea4-984c-8c2aa43fffb2,,,Boots-40 Size,,Medical supply,N/A,,,2
6884c2f5-4d53-4676-b558-acac5bd25033,,,Endotracheal Tube-8CH,,Medical supply,N/A,,,2
dd379cbc-24a9-4438-98ed-6707d1802283,,,Poly Diaxone Monofilament Violet-Gauge  3.5(0) 70cm on 40mm 1/2 circle round bodied taper needle,,Medical supply,N/A,,,2
4c57fb3b-e048-400e-83bc-d5b3c3dd64cd,,,Polyamide Monofilament-Gauge 0.2(10/0) 30cm on 5mm 3/8 Circle Spatula Double Armed Needle,,Medical supply,N/A,,,2
97f98247-df0d-4701-be72-0a1513a5dec6,,,Polyamide Monofilament-Gauge 0.2(10/0) 64cm on 6mm 3/8 Circle spatula double armed Needle,,Medical supply,N/A,,,2
5d6b81bc-3c31-421d-9270-270e158f45c7,,,Poly Diaxone Monofilament Violet-Gauge 2.0(3/0)70cm on 40mm 1/2 circle Round bodied taper needle,,Medical supply,N/A,,,2
9496cd50-50cd-4171-b445-1c46c48ed436,,,Mersilk  Braided Black-Gauge 3.0(2/0) 100cm on 35mm 3/8 Circle Reverse Cutting Needle,,Medical supply,N/A,,,2
5e8ac254-b820-49a9-83bb-bf0e308253b4,,,Cat Gut Chromic-Gauge 3.0(3/0) 70cm on 25mm 1/2 Circle Round Bodied Needle,,Medical supply,N/A,,,2
54b302fd-4387-4928-a91d-f99960319030,,,Cat Gut Chromic-Gauge 3.0(3/0) 75cm on 30mm 1/2 Circle Round Bodied Needle,,Medical supply,N/A,,,2
070601fc-a39e-41ba-bf8f-d9d084f41eac,,,Mersilk  Braided Black-Gauge 4.0(1) 75cm on 30mm 1/2 circle reverse cutting needle,,Medical supply,N/A,,,2
d638674a-fd77-481b-87ac-92ea6df393d8,,,Cat Gut Chromic-Gauge 6.0(2) 75cm on 45mm 1/2 Circle Round Bodied Needle,,Medical supply,N/A,,,2
08eb475d-1cc7-4781-aa0d-40636f915912,,,Surgical Scalpel Blade -No.22,,Medical supply,N/A,,,2
7a1a8ac4-bc72-4920-bff4-33fa352158e8,,,Compressor HSTcomplet-R134a 5G FR 8,,Medical supply,N/A,,,2
d6313c68-1d1c-47bc-b842-cb3b9c381a4e,,,"Conical Flask Erlenmeger Borosilicate Glass 3.3, with Printed Graduation-250ml",,Medical supply,N/A,,,2
900fa2be-a40b-4f7a-bfcd-95e72c5ddd60,,,Flask Heat and Chemical Resistant-250ml,,Medical supply,N/A,,,2
cc6a0a82-99ad-4d2f-af20-fe2932d8f537,,,Cotton Absorbent Wool-500gm,,Medical supply,N/A,,,2
d8631e4e-5361-4244-8679-325dc33385b9,,,Syringe(AD) -0.05ml with Needle 26G,,Medical supply,N/A,,,2
ee6d3c9d-9dab-40db-9265-b6cb5311241a,,,Rectal Tube Rubber With Terminal Size-28CH,,Medical supply,N/A,,,2
72d75b7c-4f6a-4381-95b9-46f6bedab530,,,Boots-37 Size,,Medical supply,N/A,,,2
3a0cfbb9-ae2e-4924-bbec-5e18d0e2dcdb,,,Catheter Foley Silconized Latex Two Ways-5-15ml Balloon 14CH,,Medical supply,N/A,,,2
e0ebd097-7282-4890-a2ae-8bde9130f84c,,,Catheter Foley Silconized Latex Three Ways-5-15ml Balloon 8CH,,Medical supply,N/A,,,2
439956c0-65f8-4cfe-8f11-ab345cc5af4f,,,Endotracheal Tube-8.5CH,,Medical supply,N/A,,,2
379c8b2f-250e-47e1-bec7-803c3f94c91a,,,Polyglycolic acid absorbable braided violet-Gauge 1.5(4/0) 75cm on 15mm 1/2 Circle Reverse Cutting Taper Needle,,Medical supply,N/A,,,2
904f353f-709a-4d3f-bc65-c57cf4e35d01,,,Mersilk  Braided Black-Gauge 2.0(3/0) 75cm on 25mm 1/2 Circle Reverse Cutting Needle,,Medical supply,N/A,,,2
fa020b44-e5aa-491b-927a-75e76c0a263b,,,Polyglycolic acid absorbable braided violet-Gauge 3.0(2/0) 75cm on 35mm 1/2 Circle Round Bodied Needle,,Medical supply,N/A,,,2
6c878f6b-b032-41b1-b504-4650b1347719,,,Polyamide Monofilament-Gauge 3.5(0) 75cm on 25mm 1/2 Circle Round Bodied Needle,,Medical supply,N/A,,,2
38ec072a-84b5-4322-bcd2-e4a93aa41745,,,Cat Gut Chromic-Gauge 5.0(1) 75cm on 30mm 1/2 Circle Round Bodied Needle,,Medical supply,N/A,,,2
29a94209-be8b-4d20-96e3-85dc32369db1,,,Cat Gut Chromic-Gauge 5.0(1) 75cm on 48mm 1/2 Circle Round Bodied Needle,,Medical supply,N/A,,,2
c98e50a7-5199-481a-b842-54f65fc04173,,,Polyglycolic acid absorbable braided violet-Gauge 5.0(2) 75cm on 50mm 1/2 Circle round Bodied needle,,Medical supply,N/A,,,2
5e00e0a3-66c1-4efe-9578-a62243cdac7c,,,Handi Vac Complete Set (EV 500)  -,,Medical supply,N/A,,,2
e03b3d6c-b028-4fe9-a664-8ca1090454e5,,,Shoecover Non-Skid,,Medical supply,N/A,,,2
50a77ca7-6711-4a64-bb8a-3455dba38c0c,,,Glass Volumetric Transfer Pipette-10ml,,Medical supply,N/A,,,2
027e4a5a-9389-4593-b060-1a10977e0252,,,Syringe (Disposable)-10ml with needle 21G,,Medical supply,N/A,,,2
ee1edc43-2bd8-47a7-b407-084321503a88,,,New Born Bag and Mask-500ml,,Medical supply,N/A,,,2
6f1d696c-1f2a-4c4f-9804-cf893015aa71,,,Bucket With Hand Washing Outlet -30 Littre,,Medical supply,N/A,,,2
03752745-96ba-4344-a8d7-8c5cbe4eca6d,,,Catheter Foley Silconized Latex Three Ways-30-50ml Balloon 12CH,,Medical supply,N/A,,,2
baf039b1-9940-4ff8-ba8a-63b4986ebb25,,,Catheter Foley Silconized Latex Two Ways-30-50ml Balloon 16CH,,Medical supply,N/A,,,2
a3c214fc-9c79-482f-8779-835fc0df6c07,,,Catheter Foley Silconized Latex Three Ways-30-50ml Balloon 18CH,,Medical supply,N/A,,,2
86231db9-fd0d-4ad3-a7f1-48b9a4cadaa4,,,Catheter Foley Silconized Latex Two Ways-30-50ml Balloon 22CH,,Medical supply,N/A,,,2
1e726174-0d3a-40cf-8d2d-a72868116def,,,Catheter Foley Silconized Latex Three Ways-30-50ml Balloon 24CH,,Medical supply,N/A,,,2
102642f8-4de1-4855-bbd0-b2aa716053fb,,,Syringe (Disposable)-3ml with Needle 23G,,Medical supply,N/A,,,2
238085d2-635d-4314-b4b6-c7a1c4801b18,,,Catheter Suction Silconized with Funnel-8CH,,Medical supply,N/A,,,2
69798589-34a2-4198-b30e-e6fcfb64d7d5,,,Polyglycolic acid absorbable braided violet-Gauge 0.7(6/0) 30m on 12mm 1/2 circle  cutting  taper needle,,Medical supply,N/A,,,2
0aa93a69-310a-4da8-8984-7dd92334f2a7,,,Polyglycolic acid absorbable braided violet-Gauge 1.0(5/0) 45cm on 13mm 1/2 Circle Round Bodied Needle,,Medical supply,N/A,,,2
0053c21e-fb38-452a-bf96-b83dd1377db4,,,Polyglycolic acid absorbable braided violet-Gauge 1.0(5/0)75cm 0n 45mm 1/2 circle cutting  taper needle,,Medical supply,N/A,,,2
0eb30294-4233-4653-ae81-47dc2b3f0873,,,Mersilk  Braided Black-Gauge 1.5(4/0) 75cm with 1/2 Circle Round Bodied Needle,,Medical supply,N/A,,,2
392bf597-890d-4021-ad36-1e04a7b94288,,,Mersilk  Braided Black-Gauge 2.0(3) 75cm on 35mm 1/2 Circle Reverse Cutting Needle,,Medical supply,N/A,,,2
5029728f-b6a0-47d8-a740-5e9e447aff30,,,Mersilk  Braided Black-Gauge 2.0(3/0) 75cm on  26mm 1/2 Circle Reverse Cutting Needle,,Medical supply,N/A,,,2
963eb161-78c8-471a-bcd9-7d2eaffec0f1,,,Mersilk  Braided Black-Gauge 3.5(0) 75cm on 32mm 1/2 circle Reverse Cutting Needle,,Medical supply,N/A,,,2
afbb7a24-fd88-4973-a1ca-36b2d6b85f09,,,Polyglycolic acid absorbable braided violet-Gauge 4.0(1) 75cm on 45mm 1/2 Circle Cutting Taper Heavy Needle,,Medical supply,N/A,,,2
f6cd62f6-49e5-4c94-b1c4-efae37dc30d8,,,Mersilk  Braided Black-Gauge 6.0(3) 75cm on 40mm 1/2 Circle Round Bodied Needle,,Medical supply,N/A,,,2
8a8a0db7-901a-4e8e-83d8-e3b827ba9fa6,,,Pad Absorbent (Diaper) with Plastic Backing White-17x24 Inch,,Medical supply,N/A,,,2
ec0c1c67-65a1-464f-98c3-a7a54f33c473,,,Optical lense cleaner-30ml Bottle,,Medical supply,N/A,,,2
f2589842-607f-4276-b7d3-947c4ba0d9f8,,,Biohazard Bags Disposable-37x48inch,,Medical supply,N/A,,,2
a423ac20-8a5c-4c1c-9a8a-0375541dfa48,,,Syringe (Disposable)-50ml with Needle 21G,,Medical supply,N/A,,,2
9de67d83-cbf3-4287-a247-4b8ab5e12903,,,Syringe (Disposable)-5ml with Needle 20G,,Medical supply,N/A,,,2
aa04321c-95b8-46db-9b1e-d714b53f4ed3,,,Polyglycolic acid absorbable braided violet-Gauge 0.4(8/0) 45cm on 8mm 1/2 Circle Round Bodied Taper Needle,,Medical supply,N/A,,,2
88438753-5cce-4085-a034-f8fc72208e69,,,Polyglycolic acid absorbable braided violet-Gauge 0.7(6/0) 30cm on 12mm  1/2 Circle cutting Tapper Needle,,Medical supply,N/A,,,2
cce06266-c484-4156-82ef-c5566dd8c520,,,Mersilk  Braided Black-Gauge 1.5(4/0) 75cm on 17mm  3/8 Circle Reverse Cutting Needle,,Medical supply,N/A,,,2
a860ca4e-ac15-4ff6-a851-92570b61849c,,,Mersilk  Braided Black-Gauge 1.5(4/0) 75cm on 18mm 1/2 Circle Reverse Cutting Needle,,Medical supply,N/A,,,2
2a7fd0e8-9ab5-42c0-b331-c910432ef974,,,Mersilk  Braided Black-Gauge 1.5(4/0) 75cm on 20mm 1/2 Circle Round Bodied Needle,,Medical supply,N/A,,,2
47c418a1-41e7-44cd-9e14-cb48a21bba62,,,Polyglycolic acid absorbable braided violet-Gauge 2.0(3/0)75cm on 26mm 1/2 circle rounded bodied  needle,,Medical supply,N/A,,,2
08662946-9b7f-4268-9c25-db791a6f5670,,,Cat Gut Chromic-Gauge 2.0(4/0) 75cm on 19mm 1/2 Circle Reverse Cutting Needle,,Medical supply,N/A,,,2
334511cd-f010-4507-babb-7df441fd0b85,,,Mersilk  Braided Black-Gauge 3.0(2/0) 75cmon 24mm 1/2 Circle Reverse Cutting Needle,,Medical supply,N/A,,,2
50541abc-95b9-4c5b-b344-af39e823edda,,,Mersilk  Braided Black-Gauge 3.0(2/0)75cm on 35mm 1/2 Circle Reverse Cutting Needle,,Medical supply,N/A,,,2
82c70e39-eb95-44d0-a73e-10a62b9c382c,,,Cat Gut Chromic-Gauge 4.0(0) 75cm on 32mm 1/2 Circle Round Bodied Needle,,Medical supply,N/A,,,2
7121abc3-88bb-4863-99e9-96b4724a555f,,,Cat Gut Chromic-Gauge 4.0(0) 75cm on 38mm 1/2 Circle Round Bodied Needle,,Medical supply,N/A,,,2
a1997c16-1f26-46f0-8aa1-1c1ec01dc2fd,,,Poly Diaxone Monofilament Violet-Gauge 4.0(1) 90cm on 40mm 1/2 circle round bodied  taper needle,,Medical supply,N/A,,,2
d783f875-7a38-44c1-9ba4-23053ab0cc4c,,,Mersilk  Braided Black-Gauge 5.0(2) 75cm on 40mm 1/2 Circle Reverse Cutting Needle,,Medical supply,N/A,,,2
9ee0c1d5-e269-450a-9bc2-5c6965a07a4a,,,Glove Surgical  Latex Sterile-No.7.5,,Medical supply,N/A,,,2
25c453a8-aebf-4444-b52a-26dfae2af1d0,,,Syringe(AD) -0.5ml with  Needle 23G,,Medical supply,N/A,,,2
ab1c7517-9a91-4d00-8831-1f23c1a400ef,,,Parafilm  flexable water-tight filmto seal laboratory containers-10cmx38m,,Medical supply,N/A,,,2
b909a8be-d677-400d-9a3e-8a86bf6691b5,,,Catheter Suction Transparent with Funnel Silco Sterile-16CH,,Medical supply,N/A,,,2
8d119f45-4ae5-43f6-ae0d-144d52a5edeb,,,Endobranchial Tube Right-35CH,,Medical supply,N/A,,,2
19fe1cad-5464-498c-a298-9a481bbb8de7,,,Endobranchial Tube Left-39CH,,Medical supply,N/A,,,2
c43fa68a-bb71-4650-9dd1-35bdb60397bf,,,Boots-42 Size,,Medical supply,N/A,,,2
31279f40-6cd9-4832-ae8e-d424dbfab9f6,,,Catheter Suction Transparent with Funnel Silco Sterile-6CH,,Medical supply,N/A,,,2
32aebca0-ce4b-4927-83c1-9ddcedd34b23,,,Mersilk  Braided Black-Gauge 1.5(4/0) 100cm on 40mm 1/2 Circle  Reverse Cutting Needle,,Medical supply,N/A,,,2
6c4a93ab-4a6e-4b0a-b7a5-90aef1077f3a,,,Polyglycolic acid absorbable braided violet-Gauge 2.0(3/0) 75cm on 27mm 1/2 Circle revers Cutting needle,,Medical supply,N/A,,,2
3784785c-002a-4fff-b655-81f99b022d39,,,Mersilk  Braided Black-Gauge 3.0(2/0) 75cm on 24mm 1/2 Cicle reverse cutting Needle,,Medical supply,N/A,,,2
a98aca2f-a866-4e80-8dd4-313f2151ff7a,,,Mersilk  Braided Black-Gauge 3.0(2/0) 75cm on 35mm  1/2 Circle Round Bodied Needle,,Medical supply,N/A,,,2
19506359-e7b1-460d-9a1a-6457ef9dca88,,,Cat Gut Chromic-Gauge 3.5(2/0) 70cm on 26mm 1/2 Circle Round Bodied Needle,,Medical supply,N/A,,,2
4e593ce7-db90-442f-a465-d878c19efa9d,,,Cat Gut Chromic-Gauge 3.5(2/0) 75cm on 45mm 1/2 Circle Cutting Taper Needle,,Medical supply,N/A,,,2
a87f6e76-1ac8-41ac-b460-5a9ab7c132e8,,,Mersilk  Braided Black-Gauge 5.0(2) 75cm on 38mm  1/2 Circle Reverse Cutting Needle,,Medical supply,N/A,,,2
5e6ceae4-8456-4e50-be6e-60c43f99426f,,,Filter Paper Qualitative Whatman-Grade 1 Diameter 150mm,,Medical supply,N/A,,,2
7feb707f-621a-4002-874a-6b243092e9cd,,,Polyglycolic acid absorbable braided violet-Guage 2.0(3/0) 70cm on 22mm 1/2 Circle Reverse Cutting Needle,,Medical supply,N/A,,,2
8f44f598-3dd5-4f90-bb1d-011000530852,,,Polyglycolic acid absorbable braided violet-Guage 3.0(2/0) 75cm on 36mm 1/2 Circle Round Bodied Needle,,Medical supply,N/A,,,2
0665aca7-b50d-478e-b5fe-9d4cf8ac21d6,,,Autocheck 5+-level 1 Red Box of 30 Ampoules for ABL7XX/8XX -S7735,,Medical supply,N/A,,,2
8f4decf8-c394-4cfd-b1c3-d07b55f2746c,,,Glove Surgical  Latex Sterile-No. 7,,Medical supply,N/A,,,2
6998ade9-9328-409f-b83e-92a7561d9bde,,,Syringe(AD) -0.05ml,,Medical supply,N/A,,,2
20ac9040-ad69-4840-a275-6d3550dc28d3,,,Urine Collecting Bag PVC Latex Product-1000ml,,Medical supply,N/A,,,2
524aee41-6aa2-4eaa-893e-a24d6413e87b,,,Starting Condenser (117U5015)-117U5015,,Medical supply,N/A,,,2
adbd8e9f-c12e-4cd5-9b79-e9ab4d73182d,,,"Drill Bit Round Shaft-12.7mm, 85/70mm",,Medical supply,N/A,,,2
5d0481c7-90ce-4f38-82de-679a59bdd194,,,Catheter Suction Transparent with Funnel Silco Sterile-14CH,,Medical supply,N/A,,,2
182cd55a-4ce7-4b8f-acab-dc42c1be43f0,,,First Aid Water Proof Plaster-19mmx72mm,,Medical supply,N/A,,,2
7611ef81-1743-4187-b30b-1a69cf7df07d,,,Syringe Insulin (Disposable)-1ml on 6mm with Fixed Needle 30G,,Medical supply,N/A,,,2
ee008b24-cf38-414e-ab85-c156481c7a35,,,Endotracheal Tube-5.5CH,,Medical supply,N/A,,,2
ba30ffde-0ca2-40f6-b61c-d6cf86d7d3ce,,,Oropharyngeal Airway (Guedel) Sterile-90mm,,Medical supply,N/A,,,2
121eacb9-6854-4d30-a588-d98f3dee8036,,,Polyamide Monofilament-Gauge 0.2(10/0) 38cm on 64mm  spatula Double Armed Needle,,Medical supply,N/A,,,2
68135cbe-d9fe-41e0-b8da-fffdda85ff6e,,,Polyamide Monofilament-Gauge 0.3(9/0) 30cm on 5mm 1/3 circle Round bodied Spatula Double Armed Needle,,Medical supply,N/A,,,2
61a9f114-422e-4c3e-8670-e5479b968d3e,,,Mersilk  Braided Black-Gauge 3.0(2/0) 100cm on 42mm 1/2 Circle Reverse Cutting Needle,,Medical supply,N/A,,,2
5674b58b-ae19-4905-9d80-3091b8aca285,,,Mersilk  Braided Black-Gauge 3.0(2/0) 75cm on  24mm 1/2 Cicle Reverse Cutting Needle,,Medical supply,N/A,,,2
04946407-f408-49de-b2bd-76d6056ba50a,,,Cat Gut Chromic-Gauge 3.0(3/0) 70cm on 26mm 1/2 Circle Round Bodied Needle,,Medical supply,N/A,,,2
bf9bf050-d2d9-454e-8f0c-d64df9f83850,,,Cat Gut Chromic-Gauge 3.0(3/0) 75cm on 32mm 1/2 Circle Round Bodied Needle,,Medical supply,N/A,,,2
5019806d-0759-4087-9623-0884c5531d76,,,Mersilk  Braided Black-Gauge 4.0(1) 75cm 35mm 1/2 Circle reverse cutting needle,,Medical supply,N/A,,,2
bb2f7f11-8646-48ef-82e4-48201338ee41,,,Mersilk  Braided Black-Gauge 4.0(1) 75cm on 30mm 1/2 Circle Round Bodied Needle,,Medical supply,N/A,,,2
e3247f24-cb27-4dfb-9bf9-27f3b975f4c9,,,Mersilk  Braided Black-Gauge 4.0(1) 75cm on 35mm 1/2 Circle Reverse Cutting Needle,,Medical supply,N/A,,,2
6439d5b6-1e17-40e6-86da-64f6b2ae4cb1,,,Cat Gut Chromic-Gauge 6.0(2) 75cm on 35mm 1/2 Circle Round Bodied Needle,,Medical supply,N/A,,,2
4d314301-998e-4b51-92be-9cd14fa390ba,,,Cat Gut Chromic-Gauge 7.0(3) 75cm on 50mm 1/2 Circle Round Bodied Needle,,Medical supply,N/A,,,2
7b35065c-6c91-4fe4-b4d0-a4b59683b79e,,,Surgical Scalpel Blade -No.24,,Medical supply,N/A,,,2
0d0fcb68-78ca-48ec-bfdd-9d0eec0240bb,,,"Oropharyngeal Airway (Guedel) Sterile  conisting of neonatal, pediatrics, child adolescent, adult, large adult Set",,Medical supply,N/A,,,2
ce47054a-b96b-4160-bc7a-b9be9e18fa81,,,Cotton Absorbent Wool-100gm,,Medical supply,N/A,,,2
f959838a-2753-4c4d-93b9-edc8ca79f82b,,,Spare Wick-150mm,,Medical supply,N/A,,,2
2ae0e300-2894-4934-ab8d-7ed67982855f,,,Urine Collecting Bag PVC Latex Product-2000ml,,Medical supply,N/A,,,2
7322a3ba-497b-492f-9950-e375173bed68,,,Syringe (Disposable)-2ml with Needle,,Medical supply,N/A,,,2
98dcc1be-8a38-498e-b74f-18a896824a3e,,,Glass Volumetric Transfer Pipette-50ml,,Medical supply,N/A,,,2
de089b23-6b26-44a6-a0cc-8f61a6a7e0a4,,,Catheter Foley Silconized Latex Two Ways-3-5ml Balloon 10CH,,Medical supply,N/A,,,2
8fbd6d46-d363-4be6-8fd5-4a3f2ee44888,,,Catheter Foley Silconized Latex Two Ways-5-15ml Balloon 10CH,,Medical supply,N/A,,,2
9ceb4843-75f1-4f59-a65b-d613c27455da,,,Catheter Foley Silconized Latex Three Ways-5-15ml Balloon 12CH,,Medical supply,N/A,,,2
98c5408f-a699-4df0-838a-58e8c4489773,,,Catheter Foley Silconized Latex Two Ways-5-15ml Balloon 8CH,,Medical supply,N/A,,,2
eedf62e5-6579-46ac-85a0-5655a7ea36a6,,,Apron Plastic Protection Against Most Chemicals-80x120cm,,Medical supply,N/A,,,2
4a74cff5-9a8b-4343-b38e-156528576f55,,,Polyglycolic acid absorbable braided violet-Gauge 1.5(4/0) 75cm on 15mm 1/2 circle  reverse cutting needle,,Medical supply,N/A,,,2
66f74ecd-b843-420f-a9be-d544fb0f0d32,,,Polyglycolic acid absorbable braided violet-Gauge 1.5(4/0) 75cm on 15mm 1/2 Reverse Cutting Taper Needle,,Medical supply,N/A,,,2
b38385ba-c573-4c55-a43d-acb40ba333ff,,,Polyglycolic acid absorbable braided violet-Gauge 3.0(2/0) 75cm on 36mm 1/2 circle round  bodied Tapper needle,,Medical supply,N/A,,,2
b292b9af-ba91-40c7-9d99-0c2cf82fd666,,,Mersilk  Braided Black-Gauge 4(1) 75cm on 19mm 1/2 Circle Reverse Cutting Needle,,Medical supply,N/A,,,2
25c51694-a86a-4579-9a82-59529aef0020,,,Cat Gut Chromic-Gauge 5.0(1) 75cm on 38mm 1/2 Circle Round Bodied Needle,,Medical supply,N/A,,,2
85a8b65b-335a-4b41-b7c6-983bde9ac167,,,Cat Gut Chromic-Gauge 5.0(1) 75cm on 50mm 1/2 Circle Round Bodied Needle,,Medical supply,N/A,,,2
9097eaf2-ae6e-4dab-92e2-dfa29b05da7b,,,Polyglycolic acid absorbable braided violet-Gauge 5.0(2) 75cm on 40mm 1/2 circle cutting tapper needle,,Medical supply,N/A,,,2
a3911d38-7c50-4336-9228-90a0a33609f8,,,Surgical Scalpel Blade -No.10,,Medical supply,N/A,,,2
c799f905-af71-4ade-b941-cee82cea6777,,,Syringe(AD) -2ml with needle 21G,,Medical supply,N/A,,,2
3a8ed30c-809c-4564-9193-9455705d100e,,,New Emergency Health Kit Supply-1 Equipment,,Medical supply,N/A,,,2
b2d00172-bbef-4010-87cb-6f89b38af90c,,,Gauze Bandage-10cmx4m,,Medical supply,N/A,,,2
92f41c8f-14ec-4f57-a26a-26e136a6c1a2,,,Catheter Foley Silconized Latex Two Ways-30-50ml Balloon 12CH,,Medical supply,N/A,,,2
30de943b-d05f-47e0-b91e-0b3d9d8388d3,,,Catheter Foley Silconized Latex Three Ways-30-50ml Balloon 14CH,,Medical supply,N/A,,,2
8b1e0437-d33b-408d-a3be-c23bcbc6ee3a,,,Catheter Foley Silconized Latex Two Ways-30-50ml Balloon 18CH,,Medical supply,N/A,,,2
b06e391f-3980-4f89-83fa-cf8404ba9e5e,,,Catheter Foley Silconized Latex Three Ways-30-50ml Balloon 20CH,,Medical supply,N/A,,,2
9e356540-b9d5-4a23-9f72-d00ee818f5d1,,,Boots for Delivery-38 Size,,Medical supply,N/A,,,2
7266e2b1-5571-4f09-b819-13ed53aaea12,,,Starting Device-4-Jan,,Medical supply,N/A,,,2
af9521d1-6bd7-4abc-a4b2-2e38adb810ad,,,Catheter Suction-6CH,,Medical supply,N/A,,,2
c248b78a-1790-491b-a42b-2a9f28b7aee2,,,Endotracheal Tube-7.5CH,,Medical supply,N/A,,,2
d27dfa78-1131-40b0-b4f1-1599d957e33a,,,Triangular Bandage-96cmx96cmx136cm,,Medical supply,N/A,,,2
f0401f5b-5fef-457f-92df-8870060d2341,,,Polyglycolic acid absorbable braided violet-Gauge 1.0(5/0) 75cm on 45mm 1/2 circle cutting taper Needle,,Medical supply,N/A,,,2
9c0ce896-be81-4311-9262-f7a8dc21b442,,,Mersilk  Braided Black-Gauge 2.0(3/0) 100cm on 35mm 3/8 Circle Reverse Cutting Needle,,Medical supply,N/A,,,2
990c3455-d221-4111-a361-668802f831e6,,,Mersilk  Braided Black-Gauge 2.0(3/0) 75cm on  35mm 1/2 Circle Round Bodied Needle,,Medical supply,N/A,,,2
4b4bc51a-9758-4e37-8c89-e89a5857c194,,,Mersilk  Braided Black-Gauge 2.0(3/0) 75cm on 26mm 1/2 Circle Reverse Cutting Needle,,Medical supply,N/A,,,2
0c37ed38-fd5a-4186-af8e-e62cfb878f9c,,,Polyglycolic acid absorbable braided violet-Gauge 3.0(2/0) 75cm on 26mm 3/8 Circle Reverse cutting needle,,Medical supply,N/A,,,2
5a8fd78d-0f14-41ba-ad27-7e680bab0f9e,,,Polyglycolic acid absorbable braided violet-Gauge 3.0(2/0) 75cm on 27mm 1/2 Circle Reverse Cutting Needle,,Medical supply,N/A,,,2
a6252574-dabc-47e3-b522-a8b94abe021a,,,Polyglycolic acid absorbable braided violet-Gauge 3.0(2/0) 75cm on 34mm 1/2 circle round bodied needle,,Medical supply,N/A,,,2
08376535-ec3c-4e80-9a1e-948400c92b9c,,,Polyglycolic acid absorbable braided violet-Gauge 4.0(1) 75cm on 45mm 1/2 Circle cutting taper needle,,Medical supply,N/A,,,2
3668d363-5780-48c9-9a03-05d9a73af33d,,,Polyamide Monofilament-Gauge 5.0(2) 90cm on 50mm 1/2 Circle Round Bodied Needle,,Medical supply,N/A,,,2
7ec3c653-6902-4d44-ab2a-9d2d87b0bcb4,,,"Conical Flask Erlenmeger Borosilicate Glass 3.3, with Printed Graduation-100ml",,Medical supply,N/A,,,2
3ea78fae-e539-4ac6-9c8c-7f983780d58b,,,Cannula Intravenous Set-20G ,,Medical supply,N/A,,,2
858bb2ed-ccc0-4c9e-aa72-172b67618740,,,Rectal Tube Rubber With Terminal Size-24CH,,Medical supply,N/A,,,2
a35437fc-46ea-4080-8d88-5e71105407f6,,,Syringe (Disposable)-3ml with Needle 20G,,Medical supply,N/A,,,2
bc8b8776-d797-4106-8ff9-41e58e33639e,,,Catheter Suction Transparent with Funnel Silco Sterile-8CH,,Medical supply,N/A,,,2
975d8b84-5b50-4ca3-8473-4710b05cfe05,,,Polyglycolic acid absorbable braided violet-Gauge 0.4(8/0) 45cm on 8mm 3/8 Circle Round Bodied taper needle,,Medical supply,N/A,,,2
4d58ac16-0d41-49db-95a2-3799256897ad,,,Mersilk  Braided Black-Gauge 1.5(4/0) 75cm on 17mm 1/2 Circle  reverse cutting  Needle,,Medical supply,N/A,,,2
1d650844-9f88-4960-9985-df7f26039d55,,,Mersilk  Braided Black-Gauge 1.5(4/0) 75cm on 19mm 1/2 Circle Reverse Cutting Needle,,Medical supply,N/A,,,2
b0df0d7b-bd0e-42aa-8966-3c127404cb15,,,Mersilk  Braided Black-Gauge 1.5(4/0) 75cm on 24mm 1/2 Cicle Round Bodied Needle,,Medical supply,N/A,,,2
82480a08-a86f-4344-bd57-7419a534e155,,,Cat Gut Chromic-Gauge 2.0(4/0) 75cm on 38mm 1/2 Circle Reverse Cutting Needle,,Medical supply,N/A,,,2
5ab65b31-053e-47a7-af8e-287d84de947b,,,Poly Diaxone Monofilament Violet-Gauge 3.0(2/0)70cm on 31mm 1/2 circle round bodied taper needle,,Medical supply,N/A,,,2
aa9bb9b3-b536-4b3e-a36f-dfa73d0c233f,,,Mersilk  Braided Black-Gauge 3.5(0) 75cm 30mm 1/2 Circle Round Bodied Needle,,Medical supply,N/A,,,2
bb00f9ec-e237-4978-a5d0-c76a27dfd39f,,,Mersilk  Braided Black-Gauge 3.5(0) 75cm on 28mm 1/2 circle round bodied needle,,Medical supply,N/A,,,2
ddf00df3-a8c3-4731-82db-0c64b3003c3a,,,Cat Gut Chromic-Gauge 4.0(0) 75cm on 20mm 1/2 Circle Round Bodied Needle,,Medical supply,N/A,,,2
ec5c1211-3245-4da2-ada3-38718fa2a1ae,,,Cat Gut Chromic-Gauge 4.0(0) 75cm on 38mm 1/2 Circle Reverse Cutting Bodied Needle,,Medical supply,N/A,,,2
3367f4f6-ed81-4a7f-baf5-1ca85777fa51,,,Cat Gut Chromic-Gauge 4.0(0) 75cm on 40mm 1/2 Circle Round Bodied Needle,,Medical supply,N/A,,,2
6e881d70-ed63-4199-8d47-6be28c12ebcb,,,Poly Diaxone Monofilament Violet-Gauge 5.0(2) 90cm on 40mm 1/2 circle round bodied taper needle,,Medical supply,N/A,,,2
a261bc4c-1b46-4705-acee-7ce2eec18c75,,,Three-way valve Luer with caps,,Medical supply,N/A,,,2
5cd4fdc1-bfe5-41bf-a57e-fe16c69ae86e,,,Cannula Intravenous Set-16G ,,Medical supply,N/A,,,2
181c5ad8-5763-4b42-88ff-c1ad3c459662,,,Glove Examination Latex Non Powdered-Medium,,Medical supply,N/A,,,2
014a050e-562b-4045-99ac-b878b06652a7,,,Glove Heavy  Duty Latex (Disposable)-Medium,,Medical supply,N/A,,,2
b2bc5d9e-5ef6-40e9-8900-06d737e8482d,,,Glove Examination Latex Non Powdered-small,,Medical supply,N/A,,,2
95f8ed62-c4ff-4d0e-ae5f-66f8689ddcb5,,,"Sling For Use with Scale-0145555, 0557000",,Medical supply,N/A,,,2
8ca616d2-e795-4a67-9cd7-10c4f2c3c32f,,,Oropharyngeal Airway (Guedel) Sterile-120mm,,Medical supply,N/A,,,2
cb5c762e-9ed3-40a4-8bfe-fb1034271094,,,Syringe (Disposable)-20ml with Needle 20G,,Medical supply,N/A,,,2
35a0204f-5cb9-40be-aa64-5da46083455c,,,Rectal Tube Rubber With Terminal Size-30CH,,Medical supply,N/A,,,2
30292c26-b3a5-43e2-8332-bbd714b7f70d,,,Starting Device-3-Jan,,Medical supply,N/A,,,2
5d7b2dc5-0273-4306-bbc8-911677633afe,,,Mersilk  Braided Black-Gauge 1.5(4/0) 75 cm on 24 mm 3/8 Circle Reverse Cutting Needle,,Medical supply,N/A,,,2
edfcfee4-9e34-4d19-9d1d-de009f588f1a,,,Polyglycolic acid absorbable braided violet-Gauge 2.0(3/0) 75cm on 27mm 1/2 Circle Reverse Cutting Needle,,Medical supply,N/A,,,2
3d55fde7-743d-487f-bc2c-c4756ef5a553,,,Polyglycolic acid absorbable braided violet-Gauge 2.0(3/0) 75cm on 35mm 1/2 round bodied Needle,,Medical supply,N/A,,,2
83b99537-8da0-4816-86a7-7b6bc6ec7647,,,Poly Diaxone Monofilament Violet-Gauge 3.0(2/0) 70cm on 31mm 1/2 circle round bodied taper needle,,Medical supply,N/A,,,2
1a056b42-86b6-477b-bee3-e0cc3d93359c,,,Mersilk  Braided Black-Gauge 3.0(2/0) 75cm on 27mm  1/2 Circle Reverse Cutting Needle,,Medical supply,N/A,,,2
c357d5e0-073c-44e1-8fa1-785eef899dba,,,Mersilk  Braided Black-Gauge 3.0(2/0) 75cm on 33mm 1/2 Circle Round Bodied Needle,,Medical supply,N/A,,,2
847d96ce-4745-4d94-b458-c099cb6a0ad5,,,Mersilk  Braided Black-Gauge 3.0(2/0) 75cm on 35mm 1/2 Circle Round Bodied Needle,,Medical supply,N/A,,,2
5e6eb440-724e-472b-8904-5b3fa2d985de,,,Mersilk  Braided Black-Gauge 3.0(2/0) on 75cm on 17mm  1/2 Circle Reverse Cutting Needle,,Medical supply,N/A,,,2
5f87a69a-e8de-442e-91d7-44981743bdb9,,,Cat Gut Chromic-Gauge 3.5(2/0) 75cm on 38mm 1/2 Circle Round Bodied Needle,,Medical supply,N/A,,,2
441e4f5e-8bd2-4611-a503-a88ed03fcd48,,,Cat Gut Chromic-Gauge 3.5(2/0) 75cm on 45mm 1/2 Circle Round Bodied Needle,,Medical supply,N/A,,,2
225e6710-72c2-4ea0-8a9c-6a0201372111,,,Poly Diaxone Monofilament Violet-Gauge 4.0(1) 90cm on 40mm 1/2 circle round bodied taper needle,,Medical supply,N/A,,,2
9e46f77a-7370-4551-961b-c0e7ccfe1987,,,Mersilk  Braided Black-Gauge 5.0(2) 75cm on 40mm  1/2 Circle Reverse Cutting Needle,,Medical supply,N/A,,,2
74e4851c-6d6c-4c55-85dc-3fa5bae4134f,,,Polyglycolic acid absorbable braided violet-Guage 3.5(0)75cm on 48mm 1/2c Round Bodied  Needle,,Medical supply,N/A,,,2
5697adce-b979-4021-adcf-4303f5b23075,,,Autocheck 5+-level 3 Blue Box of 30 Ampules for ABL7XX/8XX-S7755,,Medical supply,N/A,,,2
b227dc54-7a4c-4c37-a37e-73ec1a1b65ca,,,Glove Surgical  Latex Sterile-No. 7.5,,Medical supply,N/A,,,2
126a76eb-9140-4faa-97ca-f85624120488,,,Sheeting PVC-100x100cm,,Medical supply,N/A,,,2
d4f47e7f-fa9f-4254-864a-dd7074f0b9fc,,,Blood Collecting  Bag CPDA1 Anticoagulant Triple-450ml,,Medical supply,N/A,,,2
be02900e-7bc2-4b71-aadc-c47b72f2149e,,,"Conical Flask Erlenmeger Borosilicate Glass 3.3, with Printed Graduation-500ml",,Medical supply,N/A,,,2
7772c635-f8e3-4e64-b0b3-97d92d2df384,,,Flask Heat and Chemical Resistant-500ml,,Medical supply,N/A,,,2
9e17c97a-0fe2-4dff-bdb1-7babcb19d84e,,,Glass Volumetric Transfer Pipette-5ml,,Medical supply,N/A,,,2
24b8362e-158f-4a70-bc35-4a1c81fe6ff2,,,Resuscitator Bag (Ambu Bag)-Adult,,Medical supply,N/A,,,2
7c50e832-7305-45ad-8984-ed838f541e16,,,Universal Bottle or sputum Screw Capped-for sputum Screw Capped ,,Medical supply,N/A,,,2
ffeb8253-9429-4d37-93b4-bee97f7d3329,,,Measuring Tape-2m,,Medical supply,N/A,,,2
99ce7814-7fe9-47b2-8f68-ea731b0dc738,,,Syringe(AD) -5ml with  Needle 23G,,Medical supply,N/A,,,2
24a38050-bdef-43a3-9e91-50928f0c5978,,,Polyamide Monofilament-Gauge 0.2(10/0) 60cm on 6mm1/3 Circle Spatula Double Armed  Needle,,Medical supply,N/A,,,2
24a88503-f38d-4c8a-86f9-aac2674bdaec,,,Polyamide Monofilament-Gauge 0.3(9/0) 30cm on 6mm  3/8 Circle  round Bodied Spatula Double Armed  Needle,,Medical supply,N/A,,,2
70ebfe75-babf-4f29-9551-955b315d1afc,,,Polyglycolic acid absorbable braided violet-Gauge 2.0(3/0) 75cm on 19mm 3/8 Circle Reverse Cutting Needle,,Medical supply,N/A,,,2
8fca1c86-a101-4ffe-a880-516495e2a006,,,Mersilk  Braided Black-Gauge 3.0(2/0) 75cm on 20mm 1/2 Circle Round Bodied Needle,,Medical supply,N/A,,,2
5be01db9-5910-41ae-b1f3-822a91ded0b1,,,Mersilk  Braided Black-Gauge 3.0(2/0) 75cm on 24mm 1/2 Circle Reverse Cutting Needle,,Medical supply,N/A,,,2
9c6aacba-eaa3-4bec-b0aa-9d2fb6a9aa2b,,,Cat Gut Chromic-Gauge 3.5(2/0) 70cm on 45mm 1/2 Circle Cutting Taper Needle,,Medical supply,N/A,,,2
c56a86ba-d308-4b77-8f7c-c8b3064b7e80,,,Poly Diaxone Monofilament Violet-Gauge 4.0(1) 50cm on 48mm 1/2 circle round bodied taper needle,,Medical supply,N/A,,,2
3dddb699-e16b-42f3-9948-92cd8d79a18c,,,Mersilk  Braided Black-Gauge 4.0(1) 75cm on 22mm 3/8 Circle Reverse Cutting 22mm,,Medical supply,N/A,,,2
1180eb38-5753-480a-ac1c-3eebe594e26e,,,Mersilk  Braided Black-Gauge 4.0(1) 75cm on 32mm 1/2 Circle  Round Bodied Needle,,Medical supply,N/A,,,2
7d052064-e855-4dd2-84f6-d8d90e801cac,,,Cat Gut Chromic-Gauge 6.0(2) 75cm on 37mm 1/2 Circle Round Bodied Needle,,Medical supply,N/A,,,2
4485de5d-d056-4695-a693-1ceddc6766d8,,,Filter Paper Qualitative Whatman-Grade 1 Diameter 90mm,,Medical supply,N/A,,,2
2031fb9a-1ba8-4c0e-b0c4-427bd235bc9a,,,Vacutainer Blood Collection Tube-with vacuum red top 10ml,,Medical supply,N/A,,,2
5dd05476-0158-47c3-83b5-c21bb3c65665,,,Capillary tube -hematocrite - heparinized ,,Medical supply,N/A,,,2
cbb153bb-1291-4a03-936e-65cf355ed68e,,,Conical Centrifuge Tubes-50ml,,Medical supply,N/A,,,2
711bc035-3e9e-475c-b557-7ed444cf5428,,,Blood Collecting  Bag CPDA1 Anticoagulant Single-250 ml,,Medical supply,N/A,,,2
01ac5a81-2867-474f-a476-a0a8ddae98e1,,,Applicator Wooden Stick with out Cotton Tip -15cm x 2.5mm,,Medical supply,N/A,,,2
ab960f96-3ce9-4746-85f5-db4e21acbe9f,,,Applicator Stick Wooden with Cotton Tip-15cm x 2.2mm,,Medical supply,N/A,,,2
a9857803-6750-4358-a3aa-39decd664543,,,Cat Gut Chromic-Gauge 4.0(0) 75cm on 48mm 1/2 circle Round Bodied Needle,,Medical supply,N/A,,,2
522c19d0-751f-485c-8d96-2b07dc48b0c6,,,Mersilk  Braided Black-Gauge 2.0 (3/0) 75cm on 17mm 1/2 Circle Round Bodied Needle,,Medical supply,N/A,,,2
c8a35f9c-646c-428c-9223-3a50b5aa5dd7,,,Mersilk  Braided Black-Gauge 2.0(3/0) 75cm on 27mm 1/2 Circle Reverse Cutting Needle,,Medical supply,N/A,,,2
c5f0b3ca-dc1e-4a77-97a7-867772ef389b,,,Mersilk  Braided Black-Gauge 2.0 (3/0) 75cm on 17mm 1/2 Circle Reverse Cutting Needle,,Medical supply,N/A,,,2
755625d3-ca1a-45d9-a4ac-1abf38aafd11,,,Mersilk  Braided Black-Gauge 1.0 (4/0) 75cm on 19mm 1/2 Circle Reverse Cutting Needle,,Medical supply,N/A,,,2
061e8094-06bf-46f8-aff1-0745a7d89cc0,,,Polyglycolic acid absorbable braided violet-Gauge 2.0 (3/0) 75cm on 36mm 1/2 Circle Round Bodied Needle,,Medical supply,N/A,,,2
f262b2c1-426a-4859-8dd8-157410fb974c,,,Mersilk  Braided Black-Gauge 3.5(0) 75cm on 27mm 1/2 Circle Round Bodied Needle,,Medical supply,N/A,,,2
f10e3f5e-29d2-4b1a-b06a-b35279919c3a,,,"Polyamide Monofilament-Gauge 0.3 (9/0) 13
cm on 64mm Spatula Double Armed Round Bodied Needle",,Medical supply,N/A,,,2
b9452451-0b12-47fb-b93a-52905885f1bc,,,Drainage Chest  Tube-18FG,,Medical supply,N/A,,,2
aba56b5e-8976-4bef-bb91-3d53d06300f3,,,Catheter Condom Latex Medium-25mm,,Medical supply,N/A,,,2
2e1596a4-2ca3-4008-9947-ce73ce907732,,,Catheter Foley Silconized Latex Two Ways-30-50ml Balloon 24CH,,Medical supply,N/A,,,2
428d5d22-3374-4fcc-b395-d58cca50713a,,,Catheter Foley Silconized Latex Three Ways-5-15ml Balloon 6CH,,Medical supply,N/A,,,2
23fc230a-d8dc-4214-86c9-2794c45fbd6e,,,Catheter Foley Silconized Latex Three Ways-5-15ml Balloon 4CH,,Medical supply,N/A,,,2
2664d1bf-9470-4482-b2b1-c6320800a4a1,,,Catheter Foley Silconized Latex Two Ways-5-15ml Balloon 6CH,,Medical supply,N/A,,,2
6f934a2f-344c-4c27-8265-395aca169797,,,Catheter Foley Silconized Latex Two Ways-5-15ml Balloon 4CH,,Medical supply,N/A,,,2
71833282-2631-4413-b558-5f1e8a7c6c47,,,Scalp Vein Winged Infusion Set-29G,,Medical supply,N/A,,,2
238ccd8c-a3e6-4889-8874-30fdcaa34f8d,,,Cat Gut Chromic-Gauge 7.0(3) 75cm on 48mm 1/2 Circle Round Bodied Needle   ,,Medical supply,N/A,,,2
7ef66ea7-a4eb-4e57-a87b-44a8a5bdc0ac,,,"Tourniquet-for adult,ABS auto lock buckle,size 25x450x6mm,blue color.",,Medical supply,N/A,,,2
b356759a-e81b-49b2-bd64-eff2bd9f8b91,,,Cat Gut Chromic-Gauge 3.0(3/0) 75cm on 25mm 1/2 Circle Reverse Cutting Needle,,Medical supply,N/A,,,2
178b82dc-0189-40f3-9f35-a2b95f0e5783,,,Cat Gut Chromic-Gauge 3.5(0) 75cm on  27mm 1/2 Circle Reverse Cutting Needle,,Medical supply,N/A,,,2
31222af1-fc1a-4367-841c-3bf301fee1cd,,,Cat Gut Chromic-Gauge 4.0(0) 75cm on 30mm 1/2 Circle Reverse Cutting Needle,,Medical supply,N/A,,,2
1edd8d59-868b-4488-9578-8d79f974f0de,,,Cat Gut Chromic-Gauge 5.0(1) 75cm on 48mm 1/2 Circle Reverse Cutting Needle,,Medical supply,N/A,,,2
cef8feef-43d3-496c-9716-b348fd398e41,,,Cat Gut Chromic-Gauge 6.0(2) 75cm on 35mm 1/2 Circle Reverse Cutting Needle,,Medical supply,N/A,,,2
057d47c4-c387-4066-acd3-ca17aa3d8f3b,,,Cat Gut Chromic-Gauge 7.0(3) 75cm on 48mm 1/2 Circle Reverse Cutting Needle,,Medical supply,N/A,,,2
0ef022c3-e414-4018-a9e4-a8fdf025f496,,,Glove Surgical  Latex Sterile Powder Free-No. 6.5,,Medical supply,N/A,,,2
26134bee-da2d-43b2-a459-18ff5ca345d0,,,Glove Surgical  Latex Sterile Powder Free-No. 7,,Medical supply,N/A,,,2
17a274fc-c25b-4934-ae27-f0eae8e14093,,,Glove Surgical  Latex Sterile Powder Free-No. 7.5,,Medical supply,N/A,,,2
7595ab45-d59c-4214-9f17-914a02959e50,,,Glove Surgical  Latex Sterile Powder Free-No. 8,,Medical supply,N/A,,,2
80e274d2-04cf-440e-972c-b38c1d642027,,,"Specimen container-4 oz,graduated in ml,sterile,transluecent polypropylene,full turn screw thread,leak resistant seal,individually-wrapped",,Medical supply,N/A,,,2
03a86cca-fa7c-4b8d-a6e4-f3244747dab9,,,Cat Gut Chromic-Gauge 4.0(0) 150cm on 30mm 1/2 Circle Round Bodied Needle,,Medical supply,N/A,,,2
e9b4f160-e8d0-48cc-95ae-95bbd7550aa1,,,Cannula Intravenous Set-External Diameter 1.3mm Length 45mm 16G,,Medical supply,N/A,,,2
3704f49c-306e-45de-af52-8af9f28f680d,,,Ultrasound Paper-110mm width x 20meter length,,Medical supply,N/A,,,2
6ec0c8f1-d2c3-4db9-a26b-4c1c4ae3a561,,,Filter Paper Qualitative Whatman-Grade 1 Diameter 150mm with pore size 11µm,,Medical supply,N/A,,,2
855c50e4-3bfa-496c-8ba7-c4cb20e84e55,,,Catheter Foley Silconized Latex Three Ways-5-15ml Balloon 10CH,,Medical supply,N/A,,,2
ffd264c8-2ee9-41b3-9958-0344c4e32a84,,,Cannula Intravenous Set-external diameter 1.1mm length 32mm 20G,,Medical supply,N/A,,,2
c2b472c8-5a1d-45f4-a91f-0bc5dc131467,,,Cannula Intravenous Set-external diameter 0.9mm length 25mm 22G,,Medical supply,N/A,,,2
6749fcd2-afc3-4632-95a9-e4ef48b6e013,,,Cannula Intravenous Set-external diameter 0.7mm length 19mm 24G,,Medical supply,N/A,,,2
82634865-8482-4847-889e-039d0bc45ee5,,,Cannula Intravenous Set-external diameter 1.3mm length 45mm 18G,,Medical supply,N/A,,,2
891f32eb-805c-429b-91eb-6e0b9f5a1d3f,,,Adhesive Plaster Zinc Oxide-12.5cmx10m,,Medical supply,N/A,,,2
6b86d319-e9f4-4ebe-95d1-ba39103bc7f6,,,Endotracheal Tube-sterile CH 3.5 cuffed,,Medical supply,N/A,,,2
1f454e1f-0db7-43e7-85a2-f4489f315155,,,Endotracheal Tube-sterile CH 4 cuffed,,Medical supply,N/A,,,2
5dc1ce01-0c71-4dcf-aea4-1b8fb160c5d0,,,Endotracheal Tube-sterile CH 4.5 cuffed,,Medical supply,N/A,,,2
514a8daf-6182-4997-81fa-20fbfa330105,,,Endotracheal Tube-sterile CH 5 cuffed,,Medical supply,N/A,,,2
9cca7bea-338d-49d7-b2ea-004ccd21a1c0,,,Endotracheal Tube-sterile CH 6.5 cuffed,,Medical supply,N/A,,,2
e8a5507a-eb11-471b-8de1-6865bd7a8210,,,Endotracheal Tube-sterile CH 8 cuffed,,Medical supply,N/A,,,2
8454362c-04e4-4a3f-8ab6-a6ef7c03a021,,,"Scalp Vein Winged Infusion Set-with luer adapter 21G, 0.75 inch(19mm) needle, 7 inch(178mm) tubing",,Medical supply,N/A,,,2
3b70aa33-5f77-4689-998b-79efd8b7cc4d,,,"Syringe (Disposable)-(Sterile) 3 Parts, 20ml Luer fitting with 21G  Needle",,Medical supply,N/A,,,2
0375a301-825c-4b35-8caa-9bf2ab974091,,,"Syringe (Disposable)-(Sterile) 3 Parts, 3ml Luer fitting with 21G  Needle",,Medical supply,N/A,,,2
fa94edb2-2448-4103-9e1c-89c9d975df34,,,"Syringe (Disposable)-(Sterile) 3 Parts, 3ml Luer fitting with 23G  Needle",,Medical supply,N/A,,,2
2853bbad-aba9-43ae-8a2c-0daf3b6327fa,,,"Syringe (Disposable)-(Sterile) 3 Parts, 50ml Luer fitting with 21G  Needle",,Medical supply,N/A,,,2
8ac8330f-18da-460f-b721-933d854e8253,,,"Syringe (Disposable)-(Sterile) 3 Parts, 5ml Luer fitting with 23G  Needle",,Medical supply,N/A,,,2
21d59496-28a0-4944-8549-1cf4963d6c1d,,,"Gauze Swab-10cmx10cm, 8plys sterile",,Medical supply,N/A,,,2
603d4834-22db-467c-adee-458e046862b8,,,"Colostomy Bag Adhesive  Regulator Closed-30mm Opening, adult opec medium",,Medical supply,N/A,,,2
bb2b9bd0-05bc-4685-ad84-4e3b07115cf7,,,Colostomy Bag Adhesive  Regulator Closed-30mm Opening pediatric,,Medical supply,N/A,,,2
e20ff8ad-5625-4a67-b5f3-7cb93b452212,,,Mersilk  Braided Black-Gauge 3.5(0) 75cm on 32mm 1/2 circle cutting tapper Needle,,Medical supply,N/A,,,2
866a52e7-c2d8-4f08-92a5-ab7cde9ce1e3,,,Catheter Suction-14CH,,Medical supply,N/A,,,2
292afc64-4690-486f-a7cf-6dba4420780a,,,Catheter Suction-8CH,,Medical supply,N/A,,,2
5050210f-30c4-468b-a903-fe0de4a78286,,,Catheter Suction-16CH,,Medical supply,N/A,,,2
b9213cb9-ce1f-4238-9a9c-5a7b194b67ca,,,Tissue Paper-10cm x 15cm,,Medical supply,N/A,,,2
f52708a2-d9eb-41b3-8418-37b46b6d91ee,,,"Abbott 2000/COBAS - Absorbent Underpad, 60x40 Inches",,Medical supply,N/A,,,2
0084c67c-9492-45d3-884f-769a1c793671,,,Measuring-Tape-1m,,Medical supply,N/A,,,2
cb68afc6-2719-4fdc-9bad-b34761f1666d,,,Oxygen Nasal Catheter (Prongs)-Pediatric ,,Medical supply,N/A,,,2
59928ed3-dbc6-43ba-a274-bef9dca5fa21,,,Adult Cardio-Pulmonary Resuscitation Defibrillation Manikin,,Medical supply,N/A,,,2
9ff904a3-0c1d-4427-a3a2-3daf0670d35d,,,Female Uretheral/Suprapubic  Catheterization Trainer,,Medical supply,N/A,,,2
2effd195-bc58-4afa-87ed-996e0ea2bc8d,,,Microbiology - Bile Esculin Agar,,Medical supply,N/A,,,2
52994e61-a68a-489f-a78b-8244c8e45d5f,,,Umblical Cord Tie-6mm x 24.5m,,Medical supply,N/A,,,2
c5962302-7448-40f4-b4f9-2e89bf34ca54,,,"Booklet - Exercise and Manual,CBNC Amharic-Exercise and Manual,CBNC Amharic",,Medical supply,N/A,,,2
d7f61fc7-e212-4f99-91c4-b9bc97a252e3,,,Sterican single use dental needle-G25,,Medical supply,N/A,,,2
bdbd3846-2e05-4e19-880c-c351acd05685,,,Sterican dental hypodermic needle-G27,,Medical supply,N/A,,,2
bde79232-5eb8-4428-b427-a1969f8b9735,,,"Goggle Safety-HO;Yga Laser,27750095",,Medical supply,N/A,,,2
b27a096c-14a7-4afd-93e3-13f1fb48a9d2,,,Insertion Accessories Kit for Implanol 25 Insertion/removal Procedure-kit for 25 implanons,,Medical supply,N/A,,,2
071d413f-e984-4cdc-9d9f-0f61a18e63cc,,,Autoclave Indicator  Tape-1.9cm x 50m,,Medical supply,N/A,,,2
1fdd34c4-dc55-488f-ab7c-ddd299c8f7bf,,,Pipette Class A-5ml,,Medical supply,N/A,,,2
3c677abd-51da-4c47-b77b-561dba33a198,,,Pipette Class A-10ml,,Medical supply,N/A,,,2
519d7013-a4dd-4915-9129-c025cf75ea38,,,IV Training Arm-Infant,,Medical supply,N/A,,,2
1be85e34-89bc-4f4d-98be-28ce864fe78d,,,PIMA - CD4 Cartridge,,Medical supply,N/A,,,2
1d96b03f-73ee-4f7d-a62b-a39f6daa32cf,,,Clinical Chemistry - Lactate Dehydrogenase (LDH),,Medical supply,N/A,,,2
1cfb51dd-ff9c-4923-a6eb-e19d5950170c,,,"FACSCalibur - Falcon Tubel, 5ml",,Medical supply,N/A,,,2
c9957d2d-adc9-4d14-a018-12332c012699,,,Catheter  Umblical,,Medical supply,N/A,,,2
77ebe5db-d10e-4dcb-873b-0c3ac038466a,,,"Abbott 2000/COBAS - Absorbent Underpad, 17x24 Inches",,Medical supply,N/A,,,2
68875949-ad74-47e6-a654-f25586b7fa14,,,"Abbott 2000/COBAS - Shoe Cover, Disposable",,Medical supply,N/A,,,2
4efeb838-1d75-41cf-baad-04c1e6e8ce0d,,,"Abbott 2000/COBAS - Aerosol Resistant Pipette Tips, 1000ul",,Medical supply,N/A,,,2
46f9492f-554e-4087-9032-1c087d1da6a1,,,"Abbott 2000/COBAS - Aerosol Resistant Pipette Tips, 200ul",,Medical supply,N/A,,,2
3108c757-f3d0-4054-a758-b5598dab59c0,,,"Abbott 2000/COBAS - Falcon Tube, 50ml",,Medical supply,N/A,,,2
444d5f6a-de7c-4633-af76-3f8c7b75092c,,,"Microtainer  Tube, k2EDTA-250-500 ul",,Medical supply,N/A,,,2
b257e900-d5aa-41e1-97b8-3f14fdd4a90c,,,FACSCount - Thermal Paper,,Medical supply,N/A,,,2
d44b8efe-ab09-46aa-b6bb-718ca898bbfc,,,Dental Needle -27G,,Medical supply,N/A,,,2
0acc3f89-be5b-4581-84f6-f5acd1fd013f,,,Bandage Elastic-8cm x 4m,,Medical supply,N/A,,,2
69575074-28a9-4995-affb-0c869372712e,,,Talc Dusting-Powder,,Medical supply,N/A,,,2
4b2224a1-1add-4271-89c5-dff0543c441c,,,Hemocytometer - Improved Neubauer,,Medical supply,N/A,,,2
9976a220-617d-47b2-8daf-b5b88439bcbf,,,Cotton Elastic Bandage-8cm x 5m,,Medical supply,N/A,,,2
945ff4be-085e-4769-926e-b2f323fcf3fc,,,Sharps Container-5L,,Medical supply,N/A,,,2
b588287b-c01a-442d-9ce5-dcb22d33dea7,,,"Abbott 2000/COBAS - Pipette Transfer Sterile, 5.8ml",,Medical supply,N/A,,,2
f1164df1-f0c7-4f16-9288-584c664c07f2,,,Plaster Of Paris (P.O.P) -7cm x 3m,,Medical supply,N/A,,,2
2f95a580-f8f0-4295-933b-4b9b6001797c,,,Adhesive Plaster Zinc Oxide-7.5cm x 10m,,Medical supply,N/A,,,2
4fd6b85f-98bb-4f03-963d-a229d82f9aff,,,Adhesive Plaster Zinc oxide (19x72mm + 25x72mm)-(12 + 8) pices,,Medical supply,N/A,,,2
a90c9f2d-cbd3-4890-ac3f-c73fa41912f3,,,Gauze Absorbent Cotton-8cm x 4m,,Medical supply,N/A,,,2
0da7e6a5-9cc9-42c5-bcfe-c5f6526506bf,,,Adhesive Plaster Zinc Oxide-12.5cm x 10cm,,Medical supply,N/A,,,2
4ffe7602-ecc2-4e33-802d-9890324519a3,,,Adhesive Plaster Zinc Oxide- 12.5cm x 10m,,Medical supply,N/A,,,2
394ef8c4-056c-4efa-b561-9d6003e389c3,,,Gauze Bandage-18.5cm x 5m,,Medical supply,N/A,,,2
90df0913-013e-4cb2-a943-b4cb1b86db61,,,Bandage Elastic-7.5cm x 5m,,Medical supply,N/A,,,2
0dfc192d-2ad3-4a66-9263-aa8ac62a039c,,,Gauze Bandage-18cm x 5m,,Medical supply,N/A,,,2
192b56ac-9721-47ed-842c-d4abba5da4ed,,,Label Tape Self Adhesive-Yellow,,Medical supply,N/A,,,2
0f0c1cf2-d386-461d-b614-4bb35e00afdc,,,Label Tape Self Adhesive-Red,,Medical supply,N/A,,,2
5a1a7e93-e5d4-4aec-97b3-574c5a820898,,,Label Tape Self Adhesive-blue,,Medical supply,N/A,,,2
c63c58a1-199a-44d6-b4f5-c70be852498d,,,Bandage Elastic-8cm x 5m,,Medical supply,N/A,,,2
9a9c8275-361b-49c2-852f-cf08fdc0a533,,,"Bandage Elastic-3""x6YD ",,Medical supply,N/A,,,2
d90740dc-8b21-4ae9-9116-d875e944e207,,,"Applicator Cotton Tipped, Non  Sterile-Non Steril 6'' ",,Medical supply,N/A,,,2
c299aa10-d698-4b13-b97c-377b427358a9,,,Bandage Elastic-3X5yd,,Medical supply,N/A,,,2
4593ad74-1ae5-47b6-bba9-20c6296e53b8,,,Abbott VL/EID m2000 - Optical Adhesive Cover,,Medical supply,N/A,,,2
2ca52b5a-a94c-4d3f-9969-aa41acbefe75,,,Gauze Surgical-90cm x 90m,,Medical supply,N/A,,,2
68386a54-d22e-40b4-9599-902ac2f0f9b6,,,Adhesive Tape-5cm x 9m,,Medical supply,N/A,,,2
c2fc70fb-4da7-4ce5-8210-1af62f043135,,,Gauze Bandage-12.5cm x 5m,,Medical supply,N/A,,,2
03372e76-cb69-405e-af6d-cf208f85c7ca,,,Gauze Bandage - 12.5cmx5cm,,Medical supply,N/A,,,2
53b9c440-bace-46c8-938e-e50eafde513a,,,Bandage Elastic-4cm x 8m,,Medical supply,N/A,,,2
d77741f7-3ba5-4435-91d1-92d349a2e65e,,,Pad Absorbent under layer blue polyethylene film with white non-woven,,Medical supply,N/A,,,2
29d1956d-1f71-4865-a69e-f3d8970052f0,,,plastic Bag (Laundary)-25x35inch,,Medical supply,N/A,,,2
1b822e22-8342-47bc-9eb5-99dd8af70fbb,,,"Abbott 2000/COBAS - Absorbent Underpad, 20x36 Inches",,Medical supply,N/A,,,2
8f4ac12e-dca0-4c51-812c-75d598e8e8ca,,,"Blood Collecting Bag  - Triple CPDAI Anticoagulant, 450ml",,Medical supply,N/A,,,2
d1437bce-25a7-42c7-ace6-9d9e0bf2ffbf,,,Blood Collecting  Bag CPDA1 Anticoagulant Triple - 450ml,,Medical supply,N/A,,,2
faa4d018-7b21-46ef-9a13-62aada47d7c8,,,"Abbott 2000/COBAS - Aerosol Resistant Pipette Tips, 200ul-200ul",,Medical supply,N/A,,,2
6e99eca2-11b8-4ec1-bdf7-8eee642ebbc6,,,"Abbott 2000/COBAS - Aerosol Resistant Pipette Tips, 1000ul-1000ul",,Medical supply,N/A,,,2
d7eb465d-b415-47b3-a7a6-a043c02f9ead,,,Dropping Bottle with Ground Glass Stopper-50ml,,Medical supply,N/A,,,2
1dd7c1a9-2b5e-47f9-a8c0-6cdccce297d7,,,Vacutainer Tube  Without Needle-10ml,,Medical supply,N/A,,,2
6e75ca1c-7a04-4f4f-90fd-2ad5892ed891,,,"Boots Rubber, Bleach Resistant-38 Size",,Medical supply,N/A,,,2
355773c4-1916-49e0-b788-9379a23e3394,,,"Boots Rubber, Bleach Resistant-39 Size",,Medical supply,N/A,,,2
f429a775-eacf-445e-8098-1cd05429494a,,,"Boots Rubber, Bleach Resistant-40 Size",,Medical supply,N/A,,,2
5cadb472-7e84-4534-a844-1c28ad27a78c,,,"Boots Rubber, Bleach Resistant-41 Size",,Medical supply,N/A,,,2
02f92022-9133-4645-87ec-f202bb70852a,,,"Boots Rubber, Bleach Resistant-42 Size",,Medical supply,N/A,,,2
94de3881-de81-4842-b1b8-a58b8b4e7650,,,"""Glass Graduated
Pipette ""-2ml,0.02ml",,Medical supply,N/A,,,2
5fbd8f6c-c2e3-4ed0-b332-7ad1b63f63bb,,,"""Glass Graduated
Pipette ""-5ml,0.05ml",,Medical supply,N/A,,,2
6be259a0-6201-4ed3-ae3f-4b54cde6b3ea,,,"""Glass Graduated
Pipette ""-10ml,0.1ml",,Medical supply,N/A,,,2
43f69bce-cdec-4898-8502-1603f90c08de,,,Sysmex Kx21N - Thermal paper,,Medical supply,N/A,,,2
bd012362-541c-45c3-ad61-8f27311fc060,,,Bottle plastic Baby-150ml,,Medical supply,N/A,,,2
eeb8a44e-9d0b-47cf-9b6b-1ffae993d139,,,Paster Pipette Non- Sterile 7.5 ml Capacity,,Medical supply,N/A,,,2
b3404aaa-3354-4572-8130-a1d3c4764ac6,,,"Abbott 2000/COBAS - Absorbent Underpad, 16x24 Inches",,Medical supply,N/A,,,2
a1d47666-7ab6-4d60-b30f-a3f0d46ced9c,,,Catheter Suction Silconized with Funnel-22CH,,Medical supply,N/A,,,2
a093cbe2-43ff-492a-862d-71971cd94e89,,,Tissue Paper for Lense Cleaning-10cm x 15cm,,Medical supply,N/A,,,2
b8fddec6-1b75-46c1-822f-604f0a3d3f64,,,"Blood Collecting Tube - Plasma Preparation Tube, K2-EDTA+Polymergel, 5ml",,Medical supply,N/A,,,2
31d1093c-9f15-48c9-b445-60e1a87d6bef,,,Glove Examination Powder Free Nitrile Non-Sterile Medium,,Medical supply,N/A,,,2
f9de7a11-789d-4d33-86fc-149dae4aa94a,,,Microscope Slide-Frosted,,Medical supply,N/A,,,2
91a2b656-114c-42da-999e-8aa98f7f038e,,,Abbott 2000/COBAS - Lint Free Cloth,,Medical supply,N/A,,,2
acc8a387-af8e-4a50-97a2-f004ba48619a,,,"Chemical Mask, Disposable, Adult size-disposable Adult size",,Medical supply,N/A,,,2
de8bee79-f0e7-486e-8e2e-dfe53bf2d43f,,,Spirit lamp glass type-with wick for alcohol,,Medical supply,N/A,,,2
8e5d58a8-186c-4f8a-9488-ef5b2ac13062,,,Endotracheal Tube Steriel Cuffed-3CH,,Medical supply,N/A,,,2
08e0dd42-47ce-4257-b0b3-ab53012194ca,,,"Pump-Breast, Manual-30ml",,Medical supply,N/A,,,2
66dd5d4e-b64b-4a31-bd5b-aae99de3271e,,,Serology -  Filariasis Test Strip,,Medical supply,N/A,,,2
16b195d9-2f14-4bfb-a706-b9b0d76ce17c,,,"Abbott 2000/COBAS - Pipette Transfer Sterile, 3ml",,Medical supply,N/A,,,2
72dfa5fa-657b-41a5-8dab-c12de93c09bc,,,"Capillary Tube, Ethylene Diamine Tetra Acetic Acid (EDTA), 75mm Length, 1.1-1.2mm Internal Diameter,  1.5-1.6mm Outside Diameter",,Medical supply,N/A,,,2
7a537f7e-070e-4f47-a097-7ae7449ea7e4,,,"Blood Collecting Tube - Serum Separator, 5ml-With Clot Activator Gel 5ml",,Medical supply,N/A,,,2
fbf6464e-c738-4570-974c-30f949cf27a5,,,"Blood Collecting Tube - PL K2 EDTA, 4ml",,Medical supply,N/A,,,2
43ba5e72-db56-4fe7-907b-e9ecd9e1e299,,,"Blood Collecting Tube - Serum Separator, 10ml",,Medical supply,N/A,,,2
4d715988-56f6-4f0f-817d-f781f82c32ce,,,"Blood Collecting Tube - Serum Separator, 5ml",,Medical supply,N/A,,,2
fa758b25-5a45-4a20-b031-c8dcc88aa8f4,,,"Vacutainer Needle - Multiple Blood Sampling, 21G",,Medical supply,N/A,,,2
0e204bff-9987-4214-9068-ab07903a4027,,,Condom Male Latex-180mm x 53mm,,Medical supply,N/A,,,2
7ff49f52-7676-408f-83a7-7625a906ba28,,,Oxygen Nasal Catheter (Prongs)-Adult,,Medical supply,N/A,,,2
83aa4587-4276-461c-a3d8-b2a3ad9e2259,,,Hypodermic Needle-12G,,Medical supply,N/A,,,2
6c0de239-f7e2-4ba9-af71-a5a961b4c3d5,,,Hypodermic Needle-30G,,Medical supply,N/A,,,2
ef18c922-7e39-4160-ae30-8a0eb5896282,,,Face Mask-Standard Adult Size,,Medical supply,N/A,,,2
58349470-e72f-4d87-9fdb-db50da0c5685,,,Goggle Safety-clean lens perfoared fram to provide excellent ventilation and reduced fogging,,Medical supply,N/A,,,2
7f5b34cd-1525-4ae2-a25f-17a19904c176,,,Oxygen Nasal Catheter (Prongs)-Child,,Medical supply,N/A,,,2
6c17f1a1-33e2-42ac-842f-bff964ca7185,,,Stove Single Burner Kerosene Heated Silent Type-1.5L,,Medical supply,N/A,,,2
b110590a-6728-452b-899f-924703be77f2,,,Incinerator Plastic Bin -22L,,Medical supply,N/A,,,2
31066b22-ca7e-4857-8e7e-dcbf80908309,,,Hypodermic Needle-16G ,,Medical supply,N/A,,,2
c54f1b3a-3253-4245-acb9-0c65505f921f,,,Bednet Mosquito Replant-160x180x150,,Medical supply,N/A,,,2
00d1efb4-ecb1-433e-90f2-a37a6c895141,,,Hypodermic Needle-23G,,Medical supply,N/A,,,2
f88f6c61-55cb-4e6a-97df-eb39f3015639,,,Hypodermic Needle-20G ,,Medical supply,N/A,,,2
03ff9584-3911-4aa9-94a6-3d76a678dd66,,,Sharp Container-5L,,Medical supply,N/A,,,2
53676156-cfc4-4e8e-ad24-fd9bdc906c14,,,Sharp Container-8L,,Medical supply,N/A,,,2
a226ff4b-7cfd-435c-a808-b506fbbb477a,,,Naso Gastric Tube Sterile-15CH,,Medical supply,N/A,,,2
fa74a8cf-5925-4bfc-992e-95a74f09428f,,,Tongue Depressor (Spatula)-wooden,,Medical supply,N/A,,,2
8ce3a934-abe1-4eb1-92ac-7df14858fe2e,,,Naso Gastric Tube Sterile-4CH,,Medical supply,N/A,,,2
5a1161df-af2a-4226-a597-214f88b1c5e6,,,Implanol Insertion Accessories Kit for  20 Insertion/removal Procedure-kit for 20 implanons,,Medical supply,N/A,,,2
535c3ade-76dc-4509-a306-18c804e03859,,,"Abbott 2000/COBAS - Absorbent Underpad, 20x24 Inches",,Medical supply,N/A,,,2
f4386adf-aee1-4e47-8368-a39209a31aef,,,Catheter Suction-transparent with funnel silconized infant size (Sterile) for single use,,Medical supply,N/A,,,2
d2c9be72-7adb-4406-9f70-72009b6104f3,,,Catheter Suction-transparent with funnel silconized adult size(Sterile) for single use,,Medical supply,N/A,,,2
d1f9bbd4-0efa-405c-a0ba-79a863fe0ed6,,,Autoclave Indicator  Tape-1.9cm x 55cm,,Medical supply,N/A,,,2
6cc0b08d-c6d6-4566-a2b5-df624f7e561e,,,Umblical Cord Tie-3mm x 50m,,Medical supply,N/A,,,2
4acc9076-4ee3-441d-a432-7a144f07387f,,,Microscope Slide holder-for 100 slides,,Medical supply,N/A,,,2
3916fde9-49fc-42b1-b2d5-a11aab1fc7f0,,,Microscope Slide holder-for 32 slides,,Medical supply,N/A,,,2
fb09a894-895c-4f60-8dba-6097f6510759,,,Naso Gastric Tube Sterile-10CH,,Medical supply,N/A,,,2
ea3cfbc5-4e1f-41f9-be02-dd1fb96989b7,,,Endotracheal Tube Steriel Cuffed-5.5CH,,Medical supply,N/A,,,2
dbe16494-dee1-4a03-b8b8-866beb6461ec,,,Endotracheal Tube Steriel Cuffed-7CH,,Medical supply,N/A,,,2
19375905-902a-4b4b-8c82-56fbbabd31f2,,,Endotracheal Tube Steriel Cuffed-7.5CH,,Medical supply,N/A,,,2
ed791522-72c3-4912-a337-9557e30a47ad,,,Endotracheal Tube Sterile Cuffed-8.5CH,,Medical supply,N/A,,,2
0aae4d30-9335-460e-af8b-c67f3864152e,,,Mid Upper Arm Circumference(MUAC) measuring tape-Children,,Medical supply,N/A,,,2
b14048d1-1d6f-4930-84ec-dd462d8b23c8,,,Glove Examination Powder Free Nitrile Non-Sterile Small,,Medical supply,N/A,,,2
fcb7014d-f2d8-4c44-a1da-278b795dde45,,,Mersilk  Braided Black-Gauge 1.5 (4/0) 75cm on 19mm 1/2 Circle Reverse Cutting Needle,,Medical supply,N/A,,,2
9fb94dcc-2c4d-42b4-8250-777331965e9a,,,Mersilk  Braided Black-Gauge 3.5 (0) 75cm on 27mm 1/2 Circle Reverse Cutting Needle,,Medical supply,N/A,,,2
5ee83f4e-2cd8-4e24-8b15-55ab23a0d189,,,"Colostomy Bag, Adhesive, Regulator Closed-30mm Opening",,Medical supply,N/A,,,2
e89356a6-cd6c-42b1-a2e8-e22010aeb549,,,"Blood Collecting Bag  - Single CPDA Anticoagulant, 450ml",,Medical supply,N/A,,,2
13523569-ea82-4ae7-a809-971cd7b85b70,,,Blood Collecting  Bag CPDA1 Anticoagulant Single - 450ml,,Medical supply,N/A,,,2
b0257dd1-a1ba-466d-be02-21b209cf7814,,,"Blood Collecting Bag, Single CPDA Anticoagulant - 350ml",,Medical supply,N/A,,,2
dde88aa9-3202-4da3-b8ff-b3c7ed6eba69,,,Microscope Slide - Box,,Medical supply,N/A,,,2
ec4385a2-623c-4713-a656-915df9486f12,,,Catheter Suction Silconized with Funnel-6CH,,Medical supply,N/A,,,2
b101eada-a727-4e52-9d2d-387264db75cf,,,Polyamide Monofilament-Gauge 0.2 (10/0) 30cm on 5mm Circle Spatula Double Armed  Needle,,Medical supply,N/A,,,2
e072516e-4b48-47fd-a67b-d4b5ad8f07fa,,,Polyglycolic acid absorbable braided violet-Gauge 0.5(7/0) 45cm on 13mm 1/2 Circle Round Bodied taper needle,,Medical supply,N/A,,,2
2b953e53-c69f-41c4-86ea-2f553916cbca,,,Blood Collection Set Infussion-3/4x23G,,Medical supply,N/A,,,2
9f1e8f75-62fa-4841-8195-9a4de4eb4e3b,,,Glove Examination Powder Free Nitrile Non-Sterile Large,,Medical supply,N/A,,,2
e95e11a0-c52d-4966-ba64-13bf6347408d,,,Naso Gastric Tube Sterile-12CH,,Medical supply,N/A,,,2
2c4cbf12-9f2b-48ea-b7e6-78ec761bf19f,,,Naso Gastric Tube Sterile-14CH,,Medical supply,N/A,,,2
dac6372f-26ee-4ac3-b5b6-550c46a5446b,,,Naso Gastric Tube Sterile-16CH,,Medical supply,N/A,,,2
8712ae12-323d-4cb4-81ca-c18acb8e8731,,,Naso Gastric Tube Sterile-18CH,,Medical supply,N/A,,,2
23164896-06a3-4350-8add-3914b2c7f934,,,Naso Gastric Tube Sterile-6CH,,Medical supply,N/A,,,2
002a5744-a9e5-4b3b-b05b-a9934a5b8b7c,,,Naso Gastric Tube Sterile-8CH,,Medical supply,N/A,,,2
79fe22ba-dee6-423b-9614-3f357c09d5ff,,,Surgical Scalpel Blade -No.11,,Medical supply,N/A,,,2
0f828be6-7aaa-44fe-8ada-d0f321a594fa,,,Surgical Scalpel Blade -No.12,,Medical supply,N/A,,,2
8c53411e-7cd7-41f7-9393-d75ee1f337f1,,,Surgical Scalpel Blade -No.15,,Medical supply,N/A,,,2
95bcf81e-b194-4745-bce7-e1a3d7ff2779,,,Surgical Scalpel Blade -No.23,,Medical supply,N/A,,,2
adff69a3-e70b-4a6a-84e6-37e491050b52,,,"Paster Pipette Sterile 5.8 ml Capacity, Non-graduated",,Medical supply,N/A,,,2
c2ec5336-b571-456f-a058-2e5db4645b0c,,,Microbiology - Oxacillin - 1µg - Disc,,Medical supply,N/A,,,2
a5527ace-e4af-4fc9-97a0-33f6952e7951,,,Measuring Tape-1m,,Medical supply,N/A,,,2
e04ab487-2c34-43f5-9768-f29861eb1ca9,,,Sputum Cup-60ml,,Medical supply,N/A,,,2
722e3733-7e71-4688-9e86-5fc957d9bd80,,,Pipette-5ml,,Medical supply,N/A,,,2
7030e923-3c59-4a0f-baee-20ba87a7e7df,,,Pipette-15ml,,Medical supply,N/A,,,2
525ae8c4-4917-4a0a-9e5d-5ea6ca90cce3,,,Pipette-25ml,,Medical supply,N/A,,,2
a532bc41-e9d1-4780-8005-6b2b76926720,,,Pipette-50ml,,Medical supply,N/A,,,2
8f9b0b2d-c53c-4158-8c5d-2f96d8bb51a4,,,Apron Plastic Reusable Autoclavable-Medium White,,Medical supply,N/A,,,2
c6735ec3-b692-47f2-b643-4aa306005d70,,,Cryobox (Vial box)-9 x 9 Array 1.0/2.0ml,,Medical supply,N/A,,,2
1163a346-f4a5-4ca0-87c2-020b14b1a328,,,Conical Centrifuge Tubes-15ml,,Medical supply,N/A,,,2
51e4be29-2a5e-4ef3-84fe-d25657de7264,,,Wash Bottle Plastic-500ml,,Medical supply,N/A,,,2
7a3dfc98-fb85-414e-809f-0ebc6f2eb96c,,,"Pipette Serological,Disposabel,streile,graduated,clear,polystyrene-25ml",,Medical supply,N/A,,,2
e94aa686-a343-45f3-af4d-46a8fd7a6f56,,,PIMA - Finger Stick Sample Collection Kit,,Medical supply,N/A,,,2
09f198f7-8fe6-4407-83bc-3d8d5500d792,,,Blood Collecting  Bag CPDA1 Anticoagulant Single - 350ml,,Medical supply,N/A,,,2
88aecbd7-c615-468e-80ce-0bf0e01f2599,,,Blood Collecting  Bag CPDA1 Anticoagulant Quadruple-450ml,,Medical supply,N/A,,,2
5ec4ac4f-ebd1-4c81-96fa-0222c969adf1,,,Cryogenic Vial - Screw Cap Round Bottom Self Standing 1.8ml,,Medical supply,N/A,,,2
7a02eb0b-4033-49ed-b3c1-479d93daa3e4,,,Microscope Cover Glass - 18mm x 18mm,,Medical supply,N/A,,,2
e5a0ba58-2313-426c-8041-093bdcc9058f,,,Microscope Cover Glass - 20mm x 20mm,,Medical supply,N/A,,,2
f9373239-4354-471b-acb5-2433a45ce6dc,,,Microscope Cover Glass-22mm x 22mm,,Medical supply,N/A,,,2
b1c42b49-3ab4-47f3-a907-5548b53aee86,,,Microscope Slide - 76mm x 26mm of 50,,Medical supply,N/A,,,2
d25ebde2-665d-44eb-9ce3-1e47a822fab4,,,Biohazard Bag Autoclaveable-8.5'' x11'',,Medical supply,N/A,,,2
a935753e-c840-42b6-9ccf-3fb1a80329b0,,,Pipette Tips Blue-1000ul,,Medical supply,N/A,,,2
37950571-2f12-4d99-9289-da98e02bff22,,,Jug HDPE-3.8Liters,,Medical supply,N/A,,,2
efd5b8e3-1272-4a58-8d0b-b055c5b425ca,,,Stove Kerosine-1L,,Medical supply,N/A,,,2
e6d13865-94e2-432d-b93c-1691b7407a56,,,Biohazard Bags Disposable - 37 X 48cm,,Medical supply,N/A,,,2
b0933695-fcdc-49f4-bc4a-961249729b1d,,,Micro Pipette Tips-200microliter Yellow,,Medical supply,N/A,,,2
00eb27ce-a006-4a97-92ac-5661ea147bfa,,,Cryobox (Vial box)-10x10 Array 1.0/1.5ml,,Medical supply,N/A,,,2
3d5a0453-68e1-4968-93f8-c6f218bed292,,,Pipet Transfer-5.8ml,,Medical supply,N/A,,,2
a31392e3-4f51-4fbc-b3e3-4e7283842ffa,,,Cryobox (Vial box)-9 x 9 Array 1.0/1.5ml,,Medical supply,N/A,,,2
1b09af12-90eb-4246-8d2c-6891377c8d80,,,Sample Cups-0.8ml,,Medical supply,N/A,,,2
97dbc73e-7a30-469b-8134-55b61f68173f,,,Battery- for Genexpert UPS 3000 VA,,Medical supply,N/A,,,2
4556fa8d-cd06-4904-84cb-9bb1b7d0be48,,,"Specimen Container - Stool, Disposable, Polypropylene with Cover",,Medical supply,N/A,,,2
a3cd6cb1-9e12-4d77-8018-88b5d0294fdf,,,Proximath Disposable Releadabel Linear Vascular stapler-30mm,,Medical supply,N/A,,,2
2d0dd5f4-41f9-449c-a288-1aebd37c77ea,,,Mersilk Black Braided Black-Gauge 3.0 (2/0) 75cm on 35mm 1/2 Circle Reverse Cutting Needle,,Medical supply,N/A,,,2
9e3327de-8315-41dd-99ce-e1d59c090084,,,Polyglycolic acid absorbable braided violet-Gauge 0.4(8/0) 45cm on 8mm 1/2 Circle Round Rodied Taper Needle,,Medical supply,N/A,,,2
21c9cba7-7c8a-43bb-9dda-d650aaabff26,,,Polyamide Monofilament-Gauge 0.3 (9/0) 64cm on 6mm 1/3 Circle Spatula Double Armed Rounded Needle,,Medical supply,N/A,,,2
989ec6d6-0922-402d-a37d-b80f19962b12,,,Polyamide Monofilament-Gauge 0.2 (10/0) 64cm on 6mm 1/3 Circle Spatula Double Armed Rounded Needle,,Medical supply,N/A,,,2
b8ab277f-0951-4d17-91be-cb4515e21454,,,Mersilk Black Braided Black-Gauge 1.5 (4/0) 75cm on 22mm 3/8 Circle Reverse Cutting Needle,,Medical supply,N/A,,,2
0e1a2c6e-1fb2-4536-ae0d-f15aef120225,,,Mersilk Black Braided Black-Gauge 1.5 (4/0) 75cm on 20mm 1/2 Circle Round Bodied Needle,,Medical supply,N/A,,,2
21c3652a-b483-4feb-96ac-1dea2443df45,,,Polyamide Monofilament-Gauge 3.0(2/0 ) 90cm on 40mm 1/2 Circle Round Bodied Needle,,Medical supply,N/A,,,2
95b8b8d5-8e6a-45f6-b757-e7daeb663ffd,,,Polyglycolic acid absorbable braided violet-Guage 5.0(2) 75cm on 48mm 1/2 Circle Round Bodied  Needle,,Medical supply,N/A,,,2
50f24bae-cc00-4dc1-9f8a-754f00ee6d3d,,,Polyglycolic acid absorbable braided violet-Guage 4.0(1) 75cm on 40mm 1/2 Circle Cutting Taper Needle,,Medical supply,N/A,,,2
653c9e37-7c2f-46a4-8282-604547f6f106,,,Gauze Swab-10cm x 10cm,,Medical supply,N/A,,,2
c1f6e9a5-6f60-4a4a-a4d5-3e011a2aef95,,,Mersilk  Braided Black-Gauge 4.0(1) 75cm on 38mm 1/2 Circle Round Bodied Needle,,Medical supply,N/A,,,2
32fce695-2219-4824-8a07-04df4959d2bf,,,Polyamide Monofilament-Gauge 0.3(9/0)  38cm on 64mm Spatula Double Armed Round Bodied Needle,,Medical supply,N/A,,,2
c1398673-b65f-4901-89e5-63f4ed0a7b30,,,"Mersilk Black Braided Black-Gauge 1.5(4/0), 75cm on 17mm    3/8 Reverse Cutting  Needle",,Medical supply,N/A,,,2
240f0e28-2136-42c8-aeb4-4b42c55c3595,,,Polyglycolic acid absorbable braided violet-Gauge 5.0(2) 75 cm on 50mm1/2 circle Round Bodied Needle,,Medical supply,N/A,,,2
52b4060d-4576-45a1-a5fa-da4c6ba3a396,,,Polyglycolic acid absorbable braided violet-Gauge 4.0(1) 45cm on 8mm 3/8 Round Bodied Needle,,Medical supply,N/A,,,2
98ff530a-61f7-4f8d-9ae1-7fb3e338f6cb,,,"Polyglycolic acid absorbable braided violet-Guage 2.0(3/0)75cm on 26mm, Reverse Cutting Tapper Needle",,Medical supply,N/A,,,2
6de9f27c-4efe-4096-9744-2916c6ea82dc,,,Polyglycolic acid absorbable braided violet-Guage 4.0(1)75cm on 40mm 1/2 Circle Cutting Tapper Needle,,Medical supply,N/A,,,2
b7ead328-e7ee-42c0-9561-967b4588bf88,,,Polyamide Monofilament-Gauge 0.3(9/0)13cm on 64mm Spatula Double Armed Round Bodied Needle,,Medical supply,N/A,,,2
f86f0046-7766-4de6-a9a1-f22f997d8f3c,,,Polyglycolic acid absorbable braided violet-Gauge 0.7(6/0) 30cm on 12mm 1/2 Circle  Cutting  aper Needle,,Medical supply,N/A,,,2
f7092647-de9d-4ac2-8e32-0a21d5878d93,,,Mersilk  Braided Black-Gauge 3.0(2/0) 75cm on 26mm 1/2 Circle Reverse Cutting Needle,,Medical supply,N/A,,,2
ec696783-9fcf-4e7c-b94d-54fba4d1f363,,,Ploypropylene Monofilament  Braided-Gauge 1.5(4/0) 90cm on 17mm 1/2 Circle Cutting  Double Needle,,Medical supply,N/A,,,2
6b0b0087-7b68-4163-b932-ae3c39adb747,,,Ploypropylene Monofilament  Braided-Gauge 1.5(4/0) 90cm on 20mm 1/2 Circle round  bodied double needle,,Medical supply,N/A,,,2
d9189c57-1e72-40d7-8bbf-b0deb69b6830,,,Ploypropylene Monofilament  Braided-Gauge 1.5(4/0) 90cm on 26cm 1/2 circle round bodied double needle,,Medical supply,N/A,,,2
de63fe27-73cd-4938-84c0-14e6a241f17d,,,Poly Diaxone Monofilament Violet-Gauge 5.0(2) 90cm on 40mm 1/2 Circle Round Bodied Taper  Needle,,Medical supply,N/A,,,2
4f39472f-1f6c-47f7-b6f4-3550b6b2b302,,,Mersilk  Braided Black-Gauge 3.0(2/0) 100cm on 45mm 1/2 Circle Reverse Cutting Needle,,Medical supply,N/A,,,2
3cd1e6fb-d86d-4e06-8c74-f0950b816565,,,Prevention Package-(Tape Vrrier VF-42 Printed Barrier Bags 3*8 OD),,Medical supply,N/A,,,2
b25a8572-85d0-4457-9c4e-5f2aa35be391,,,Sharp Container-22.5L,,Medical supply,N/A,,,2
0273ddc7-bfef-4b65-a21a-2b900cf10700,,,Mersilk  Braided Black-Gauge 3.0(2/0) 100cm on 24 mm 1/2 Circle Reverse Cutting Needle,,Medical supply,N/A,,,2
9484e101-d6bc-41bc-ac34-5d213644806e,,,Meri Silk Black-Gauge 3.0 (2/0) 75cm on 35mm 1/2 Circle Round Bodied Needle,,Medical supply,N/A,,,2
83ec4930-21df-4be2-87c0-d76139e264a2,,,Biohazard Bag Autoclaveable-24x36 Inch,,Medical supply,N/A,,,2
f97b84f0-81b9-42df-99aa-5f43e63b1f3d,,,Endotracheal Tube Steriel Cuffed-6CH,,Medical supply,N/A,,,2
0d8b7e83-7fe9-4a49-bf7a-45d34d6fde2e,,,Catheter Ureteral-10CH,,Medical supply,N/A,,,2
2f917cc3-8e58-4eeb-b604-831f473dfe06,,,Catheter Ureteral-14CH,,Medical supply,N/A,,,2
46ed7114-e9c7-466f-9e35-d7675c1238b5,,,Catheter Ureteral-18CH,,Medical supply,N/A,,,2
ffd9d660-5d62-4314-a84f-549633a45a1a,,,Catheter Ureteral-22CH,,Medical supply,N/A,,,2
9ec5ae52-5268-44db-a0f7-9343805552ba,,,Catheter Ureteral-24CH,,Medical supply,N/A,,,2
a1f288d2-5f2c-4f94-b487-195ea814a767,,,Face Mask with Face Shield Size-3M,,Medical supply,N/A,,,2
6de4c4cc-6110-4b43-85ca-e96afc43ea00,,,Face Mask Adult Standard Large Size-4M,,Medical supply,N/A,,,2
6e046399-d525-48ca-b0ca-cc8970dc20af,,,Polyamide Monofilament-Gauge 0.2 (10/0) 38cm on 6mm 1/3 Circle Spatula Double Armed Rounded Needle,,Medical supply,N/A,,,2
eb513384-98b9-4bb2-b9d4-16b3cb36bd2e,,,Polyamide Monofilament-Gauge 0.2 (10/0) 38cm on 6mm 3/8 Circle Spatula Double Armed Rounded Needle,,Medical supply,N/A,,,2
6783818b-fd18-4486-855b-c03acd2cccc7,,,Mersilk  Braided Black-Gauge 2.0(3/0)75cm on 26mm 1/2 circle rounded bodied  needle,,Medical supply,N/A,,,2
44b0502a-6391-472d-ae59-8d4a5f728d21,,,Naso Gastric Tube Sterile Adult-22CH,,Medical supply,N/A,,,2
e38395c9-1cab-4116-876e-a3cc11f79032,,,Polyamide Monofilament-Gauge 0.3(9/0) 30cm on 6.5mm 3/8 Circle round Bodied Spatula Double Armed Needle,,Medical supply,N/A,,,2
c0c55a7d-f996-4aea-8724-2825a0d6de00,,,Tracheostomy Tube-with 90 degree curvature size 3.0,,Medical supply,N/A,,,2
89a60f37-ce33-4c48-97bf-83c61500861e,,,Tracheostomy Tube Metallic-with 90 degree curvature size 3.5,,Medical supply,N/A,,,2
6d6c91a9-0607-4ea0-91c0-687b8ff52d37,,,Polyglycolic acid absorbable braided violet-Gauge 0.4(8/0) 45cm on 8mm 1/2 Circle Round Bodied Needle,,Medical supply,N/A,,,2
c1465d46-11f1-4967-8b74-95ad3336e8a9,,,Tracheostomy Tube-with 90 degree curvature size 4.5,,Medical supply,N/A,,,2
fae32606-d665-4428-b1e6-7b352b96a59b,,,Tracheostomy Tube Metallic-with 90 degree curvature size 5.0,,Medical supply,N/A,,,2
5f393b0e-8cfa-42ea-956b-e9567fa8543a,,,Tracheostomy Tube-with 90 degree curvature size 9.0,,Medical supply,N/A,,,2
6a54b8ad-e887-431b-b6b3-c4ec7a3f570a,,,Polyglycolic acid absorbable braided violet-Gauge 0.4(8/0) 45cm on 8mm 1/2 Circle Reverse Cutting Needle,,Medical supply,N/A,,,2
d72502c4-d758-4a99-a294-c266b1d4dc6b,,,Polyglycolic acid absorbable braided violet-Gauge 3.0(2/0) 75cm on 27mm 1/2 Circle Round Bodied Needle,,Medical supply,N/A,,,2
ae066352-799d-4543-9016-1fac13477982,,,Polyglycolic acid absorbable braided violet-Gauge 3.5(0) 75cm on 48mm 1/2 Circle Round Bodied Needle,,Medical supply,N/A,,,2
be6c42cb-cbe3-4b58-8440-e6f2d877e69d,,,Polyglycolic acid absorbable braided violet-Gauge 3.5(0) 75 cm on 48 mm 1/2 Circle Reverse Cutting Needle,,Medical supply,N/A,,,2
0aadd770-97d0-46c3-be96-8df9bd4aeb3c,,,Polyglycolic acid absorbable braided violet-Gauge 4.0(1) 75 cm on 45 mm ½  Circle Round Bodied Needle,,Medical supply,N/A,,,2
f0388a7c-101b-42b4-97ff-155ba953932f,,,Polyglycolic acid absorbable braided violet-Gauge 5.0(1) 75cm on 40mm 1/2 Circle Round Bodied Needle,,Medical supply,N/A,,,2
20785272-c758-4942-82eb-56dcf761bb21,,,Cat Gut Chromic-Gauge 3.0(2/0) 75cm on 27mm  1/2 Circle Reverse Cutting Needle,,Medical supply,N/A,,,2
fe02b0fc-6749-4b83-8146-7dd09c9167b4,,,Mersilk  Braided Black-Gauge 3.5(0) 75cm on 32 mm ½  Circle Round Bodied Needle,,Medical supply,N/A,,,2
382e9fe9-e4a0-4109-b251-0d6858ddc009,,,Mersilk  Braided Black-Gauge 3.0(2/0) 75cm on 33mm 1/2 Circle Reverse Cutting Needle,,Medical supply,N/A,,,2
f75439aa-2e4f-45bd-9d1e-115b401225b4,,,Mersilk  Braided Black-Gauge 5.0(2) 75cm on 38mm 1/2 Circle Round Body Needle,,Medical supply,N/A,,,2
7ae82af6-f9fa-473c-9e7f-8d9c5323c718,,,Mersilk  Braided Black-Gauge 6.0(3) 75cm on 40mm on  1/2 Circle Reverse Cutting Needle,,Medical supply,N/A,,,2
d2f1437e-ab2b-4979-b5aa-8dc09f57254b,,,Spinal Needle  10cm-26G,,Medical supply,N/A,,,2
041865d2-64c4-4b2d-93f2-2476357dac48,,,Spinal Needle  6cm-22G,,Medical supply,N/A,,,2
b29bcecf-bbd3-4e31-9f02-ac60467f1419,,,Spinal Needle  6cm-23G,,Medical supply,N/A,,,2
e88cfa62-445a-4216-a90a-29f64a8e5a2f,,,Spinal Needle  6cm-24G,,Medical supply,N/A,,,2
5f8d058a-877b-46af-a752-56270410d558,,,Catheter Suction-18CH,,Medical supply,N/A,,,2
21472990-db9e-4440-a7ee-ae11dfbd0f8e,,,Catheter Suction-26CH,,Medical supply,N/A,,,2
a44540c9-f02e-4647-b0d9-e3bc18555305,,,Spinal Needle  8cm-22G,,Medical supply,N/A,,,2
25fe5441-8df3-4649-bafe-e61598ec50b7,,,Spinal Needle  8cm-23G,,Medical supply,N/A,,,2
7ef68038-56d5-4106-9a67-b771849b85e8,,,Spinal Needle  8cm-24G,,Medical supply,N/A,,,2
0daa0a70-744d-4a41-9772-19789ecea2d6,,,Cerclage Wire-1.0 Diameter with 10m length,,Medical supply,N/A,,,2
83b663ec-1ae6-4efc-8a21-b33b91523a1e,,,Cerclage Wire-1.4 Diameter with 10m length,,Medical supply,N/A,,,2
2135ebb7-2a26-4313-b319-667e80a41a67,,,Cerclage Wire-1.8 Diameter with 10m length,,Medical supply,N/A,,,2
481c3b8f-7006-464a-a8d4-3ea69256f18d,,,K-wire-0.8mm Diameter with 15cm length,,Medical supply,N/A,,,2
72f74d99-992b-4d44-a0b4-ff99734ada60,,,K-wire-1.2mm Diameter with 15cm length,,Medical supply,N/A,,,2
e4573e3b-3cf8-4064-ae5c-86448431a60e,,,K-wire-1.6mm Diameter with 25cm length,,Medical supply,N/A,,,2
00339ba6-e337-457a-b5ab-4b64e2632a37,,,K-wire-2.0mm Diameter with 25cm length,,Medical supply,N/A,,,2
c0ed7c9a-b4c8-4f54-87bf-22703331ea9e,,,K-wire-2.6mm Diameter with 50cm length,,Medical supply,N/A,,,2
fad9c945-18a7-4559-9b56-169f514fc496,,,Naso Gastric Tube Sterile Adult-24CH,,Medical supply,N/A,,,2
537830ff-e03f-4f5a-b7d4-5d2871f83394,,,Naso Gastric Tube Sterile Adult-26CH,,Medical supply,N/A,,,2
b82392b3-44f4-4107-b47e-3db0f1805d25,,,T-Tube-16G ,,Medical supply,N/A,,,2
9f148cad-23d1-4d08-a964-f6fb019bed72,,,T-Tube-14G,,Medical supply,N/A,,,2
c36c06f9-3527-47ba-9923-61b9d25a4615,,,Dental Needle -No 5,,Medical supply,N/A,,,2
6ea8b625-5165-4c9c-bfed-d83e619fce7c,,,Dental Needle -No 26,,Medical supply,N/A,,,2
9f9042e5-c106-4958-845f-c0dccb2fd81a,,,Mersilk  Braided Black-Gauge 1.5(4/0) 75cm on 20mm 1/2 Circle Reverse Cutting Needle,,Medical supply,N/A,,,2
69e0bef3-59d1-4818-8144-10bc6b591e2f,,,Polyamide Monofilament-Gauge 0.3(9/0) 30cm on 6.5mm 3/8 Circle round Bodied Spatula Single Armed Needle,,Medical supply,N/A,,,2
2f9fb068-b61c-4add-b355-f5cc257452d9,,,Polyglycolic acid absorbable braided violet-Gauge 5.0(2) 75cm on 40mm ½  Circle Round Bodied Needle,,Medical supply,N/A,,,2
7b67f0fc-82b0-47bf-8d75-6fa8c4903702,,,Dental Wire-No 5,,Medical supply,N/A,,,2
a5a083f3-3f39-4c46-88ed-a1ce65eb32cc,,,Dental Wire-No 26,,Medical supply,N/A,,,2
55ac87b6-144f-405a-b8fc-76f2cd3aa3fd,,,Infant Quikheel Safety Lancet-1.0mm x 2.5mm,,Medical supply,N/A,,,2
54b42f25-e6f8-473e-ba08-efbe7ab6113e,,,"Lab Wipe-Poly,15x16.75in",,Medical supply,N/A,,,2
544240b9-b580-428a-a6e7-d2cedffa0978,,,Polyamide Monofilament-Gauge 0.2 (10/0) 38cm on 6mm 3/8 Circle Spatula Single Armed Rounded Needle,,Medical supply,N/A,,,2
dc5b7645-59f2-48c9-a236-9b98de8bf5c4,,,Naso Gastric Tube Sterile Adult-20CH,,Medical supply,N/A,,,2
2e3436b6-4753-484a-9919-1bf2e4f6c7c3,,,Polyglycolic acid absorbable braided violet-Gauge 1.5(4/0) 75cm on 15mm 1/2 Circle Round Bodied Needle,,Medical supply,N/A,,,2
0a436788-fb22-4d7b-a00a-46874b0d5f68,,,"Sputum Cup-plastic,100ml",,Medical supply,N/A,,,2
9f93694b-44c8-4d4f-8d43-6a0ba4eadc72,,,Polyglycolic acid absorbable braided violet-Gauge 0.7(6/0) 30cm on 12mm 1/2 Circle Round Bodied Needle,,Medical supply,N/A,,,2
b39d25a4-6cf3-44d7-aece-def458098dc3,,,"Blood Collecting Tube - Serum Separator, 4ml",,Medical supply,N/A,,,2
8db9aad1-30b4-42b3-a893-32013680905f,,,Cat Gut Chromic-Gauge 3.5(2/0) 75cm on 27mm ½  Circle Reverse Cutting Needle,,Medical supply,N/A,,,2
6c910eb5-0d43-4bb0-962b-23cc64388ebb,,,Polyglycolic acid absorbable braided violet-Gauge 1.0(5/0) 45cm on 13mm 1/2 Circle Reverse Cutting Needle,,Medical supply,N/A,,,2
49fb57cd-1cdc-4fae-8508-3c6c95f8076c,,,Tracheostomy Tube Metallic-with 90 degree curvature size 7.0,,Medical supply,N/A,,,2
5352b1e6-6eb6-4845-80c1-10cd3d2a65d7,,,MTB - PCR Workstation UV Light,,Medical supply,N/A,,,2
77553af7-e08f-4512-a173-c370d4698d73,,,MTB - Desktop freeze storage box with Lid for 0.2ml PCR tubes,,Medical supply,N/A,,,2
831f192e-62cd-42b4-a499-3e4963a6956e,,,MTB - Mechanical Pipette Aids,,Medical supply,N/A,,,2
1cdd76f7-d728-4ea1-8722-38ba9253741e,,,MTB - Dispenser for disinfectants/soap,,Medical supply,N/A,,,2
5f8478ea-bedc-487b-90ce-e8e483928804,,,MTB - Paper Towel Box,,Medical supply,N/A,,,2
e9f8f32c-8959-4808-abdd-f606f9fd918f,,,MTB - Goggles,,Medical supply,N/A,,,2
5f5efb81-7cb9-4f30-94cb-c32841f7620d,,,MTB - Firs Aid Kit,,Medical supply,N/A,,,2
2931a60e-171f-41aa-a067-5c95f4b55486,,,MTB - Funnel-Stainless steel discard,,Medical supply,N/A,,,2
fe1f0d55-2d25-4d68-9ee2-6951f3444737,,,MTB - Caped Glass Tubes,,Medical supply,N/A,,,2
09d83198-2e24-43bd-ae84-f5097119638a,,,MTB - Set of Spatula,,Medical supply,N/A,,,2
94eca303-8167-4336-b56c-776c73c33c93,,,MTB - Floating Rack,,Medical supply,N/A,,,2
32a51136-a5af-44bc-a007-2da1bac65fed,,,MTB - Racks with Lids,,Medical supply,N/A,,,2
35dc2dbd-a226-4893-8895-9bf4cd1f93aa,,,MTB - Disposable Loops 10 µl,,Medical supply,N/A,,,2
1a64b916-5b57-43ff-939b-95686dfd7001,,,MTB - Racks-Desinfectable / Autoclavable for 1.5/2 ml tubes,,Medical supply,N/A,,,2
04e2b94a-77b6-4929-b2ed-c880b52d1d39,,,MTB - Safety Box for Liquid,,Medical supply,N/A,,,2
2086481b-9527-4951-bfd6-380f764dc38d,,,MTB - Waste Container for Liquid,,Medical supply,N/A,,,2
0573cd91-bd72-4688-82bf-6a9524d1f134,,,MTB - Waste Container for Solid,,Medical supply,N/A,,,2
57ad76e1-f344-4189-97ba-2e637c733662,,,MTB - Racks for 1 Channel Pipette-4 Positions,,Medical supply,N/A,,,2
12f74aab-6a13-4289-9f41-da476c4e8444,,,MTB - Culture Tubes with Screw cap,,Medical supply,N/A,,,2
620214db-1d6d-473d-86e5-8746fa928214,,,"MTB - Cryo-Vial-Sterile with cap, 1.5ml",,Medical supply,N/A,,,2
3fc55837-cd5f-4fbd-a505-2b5b114d5619,,,MTB - Transparent Polypropylene Bag,,Medical supply,N/A,,,2
c2235e5b-1772-4756-b026-4b178663fb2b,,,MTB - Filter Paper round-185mm,,Medical supply,N/A,,,2
e09b1544-6654-40af-8178-84e95721a5dc,,,MTB - Marker Pen,,Medical supply,N/A,,,2
8c4db425-e051-4dea-b8fd-53a2192f9e06,,,MTB - Adhesive labels,,Medical supply,N/A,,,2
d2314d43-8ade-4dd7-9e22-4c48183d0ff8,,,MTB - Cryo-tags,,Medical supply,N/A,,,2
511a5729-e182-49d4-b0f9-6e7a1f01c907,,,MTB - Aluminium foil,,Medical supply,N/A,,,2
0717af51-85e3-4e35-b42c-4872735d423d,,,MTB - Tube Brush,,Medical supply,N/A,,,2
0118c2c2-5e15-4b0e-9adc-6e2d99a3ae30,,,MTB - Masks FFP2 (N95)-3M 9320,,Medical supply,N/A,,,2
6ed4f84e-bb26-4572-af7e-c89e19a4e1f5,,,MTB - Liquid soap,,Medical supply,N/A,,,2
28e11143-a819-4999-b45f-24a20b9d7eba,,,MTB - Spray Head-and 1L Bottels,,Medical supply,N/A,,,2
7f39efa5-bcc7-4bb5-bb2c-6f9effb9db96,,,MTB - Plastic Bag made from PP,,Medical supply,N/A,,,2
865e0189-6ea0-459d-95d1-74f8b052c5b8,,,MTB - Paper Towel single use,,Medical supply,N/A,,,2
2c9df360-5508-4f43-a3c0-47bcad10cfcd,,,MTB - Waste Container for Sharps,,Medical supply,N/A,,,2
9ab169f9-dd92-4ea9-94a6-c920e746c96f,,,MTB - PCR Tube,,Medical supply,N/A,,,2
dc77e549-9ce7-4574-b4bc-61311c2ee5cf,,,MTB - Rack for 50ml-PP-Tubes,,Medical supply,N/A,,,2
9f3f94e4-e05f-4264-8632-5a8ac053a7ac,,,MTB - Filter Paper Sheets,,Medical supply,N/A,,,2
db0c41a8-3885-44e4-a7e2-8c2066450475,,,MTB - Standard Reaction Tubes-1.5ml,,Medical supply,N/A,,,2
39a8c9e2-cfc9-4cdb-bee2-365ff08bec94,,,MTB - Standard Reaction Tubes-2ml,,Medical supply,N/A,,,2
5192f229-c827-4329-831b-736fe03fa820,,,MTB - Slanted Racks,,Medical supply,N/A,,,2
81f34474-30dd-4fd4-9891-7c1f791bf5d7,,,MTB - Rack for 15ml PP-Tubes-Universal Test Tube Rack 17mm,,Medical supply,N/A,,,2
f53b8077-8300-4f11-878a-65733f04148b,,,MTB - Shoe Cover,,Medical supply,N/A,,,2
66efdb39-8a24-4004-b8c2-3319486fda7a,,,MTB - Hair Cover,,Medical supply,N/A,,,2
a3c308ba-00cb-4afb-9668-82a1bc797a66,,,MTB - Deep Freezer Thermometer,,Medical supply,N/A,,,2
bb48a4bf-970a-4d7f-b9ed-39efcb2cda1b,,,MTB - Plastic Bag-30L,,Medical supply,N/A,,,2
afe781e0-77f5-4965-8b9c-768d8918ffd9,,,MTB - Plastic Bag Stand-30L,,Medical supply,N/A,,,2
cd92887b-96f2-4ed0-8548-a5b110f25548,,,MTB - Thermometer for Oven,,Medical supply,N/A,,,2
f68c5127-fe31-4568-bf19-255fff10c578,,,MTB - 4 Way Microtube Rack-Rack 15ml/50ml,,Medical supply,N/A,,,2
cc8531ba-e9f0-4bdf-9b39-880196526d66,,,MTB - Rack Heat Resistant for Cryo Vial-1.5ml - Modular Heating Blocks,,Medical supply,N/A,,,2
a978a03e-e9d2-4c1f-b732-f08be96ca565,,,MTB - Calibrated Thermometer,,Medical supply,N/A,,,2
e183cf2b-4c45-4275-b746-bd448a724c48,,,MTB - Battery Pack for UPS-3000 VA,,Medical supply,N/A,,,2
f49fe03d-641c-4d7d-a46b-cc2d01d38129,,,MTB - Desktop Deep freeze storage box with Lid-for 1.5ml Cryovial - Plastic,,Medical supply,N/A,,,2
1391b0f7-4691-4b7f-b756-c48934fa0654,,,MTB - Surgical Gown-Cotton - M,,Medical supply,N/A,,,2
fd2457da-ec64-40a1-9862-e188c61ccca4,,,MTB - Surgical Gown-Cotton - L,,Medical supply,N/A,,,2
73356bcd-dafd-4c31-a530-9fc8993110dd,,,MTB - Disposable Nitril Glove-size 6-7,,Medical supply,N/A,,,2
f1d028fe-107f-4ef0-ba52-79d2dabb703b,,,MTB - Disposable Nitril Glove-Size 7-8,,Medical supply,N/A,,,2
fefc7497-d219-4719-9db3-0a29277e625c,,,MTB - Laboratory Coat-Cotton - M,,Medical supply,N/A,,,2
daaa5640-45c9-4b5f-8e1d-deba6b44f0ed,,,MTB - Marker Pen for PCR Tubes,,Medical supply,N/A,,,2
587dcb26-6807-46d6-9935-0c91def4308b,,,MTB - Special PH Indicator Strips,,Medical supply,N/A,,,2
073b80ac-296f-492c-8bcc-a3d9553792a9,,,"MTB - Forceps, Individually wrap, Sterile",,Medical supply,N/A,,,2
cf8aa9cc-3163-46f1-9cdf-fefb61525b4c,,,MTB - Magnetic Bars-Set of 12,,Medical supply,N/A,,,2
b4ea0f71-2f64-4455-bc33-711ab57c1237,,,MTB - Laboratory Coat-Cotton - S,,Medical supply,N/A,,,2
01d824d4-551e-40e6-8858-561cb4f32ff8,,,MTB - Magnetic Bars,,Medical supply,N/A,,,2
aa0b0989-4983-47bc-9642-010aac85dd4f,,,"MTB - Cryo-Vial, Sterile with cap-2ml",,Medical supply,N/A,,,2
7b325026-0fbe-4ffe-95f0-8698fe50079e,,,Radiometer ABX800 - Yearly Service Kit,,Medical supply,N/A,,,2
c0011da2-3057-45de-9fe0-14e96774c96c,,,Radiometer ABX800 - AutoCheck Holder for Manual Transfer of AutoCheck,,Medical supply,N/A,,,2
c90559f6-f650-4ff7-86a1-ab129ce23f2f,,,Radiometer ABX800 - AutoCheck Carousel for AutoCheck Ampoules,,Medical supply,N/A,,,2
a84e4730-8708-4dfb-b975-30be8976b716,,,Radiometer ABX800 - Valve Key for Cylinder,,Medical supply,N/A,,,2
1f126aca-ad9b-4f33-b55d-8a7291e7d58f,,,Radiometer ABX800 - Dummy Electrode,,Medical supply,N/A,,,2
88024248-49c8-4851-87b3-62fbc1163459,,,Radiometer ABX800 - Fan Filter,,Medical supply,N/A,,,2
27b43da8-89cb-4bd8-aa21-6fbb69c6cc2e,,,Radiometer ABX800 - Inlet Gasket,,Medical supply,N/A,,,2
74bc185f-d79c-4f5a-b6e4-bedd17764b7c,,,Radiometer ABX800 - Pump Tube for Electrode Modules,,Medical supply,N/A,,,2
a793739b-a03e-4a86-bc1e-daeb56f3d24c,,,Radiometer ABX800 - Pump Tube for Solution Pump,,Medical supply,N/A,,,2
4e8bcdc8-b461-4cfb-9b6d-2714fbcaaf17,,,Radiometer ABX800 - Pump Tube for Waste Pump,,Medical supply,N/A,,,2
d2286539-503d-4103-9bc1-e443981bcfc7,,,Radiometer ABX800 - Reference Electrode,,Medical supply,N/A,,,2
7de67aeb-8a0e-419d-a10a-0560586b237c,,,Radiometer ABX800 - pCO2 Electrode,,Medical supply,N/A,,,2
34db4547-15c2-44ef-997f-7887bfad6872,,,Radiometer ABX800 - pO2 Electrode,,Medical supply,N/A,,,2
fcb67d40-8e44-4f3d-9a22-fdc81dc45aa8,,,Radiometer ABX800 - PH Electrode,,Medical supply,N/A,,,2
94766387-ce12-4992-8530-a48ea2707786,,,Radiometer ABX800 - Cl Electrode,,Medical supply,N/A,,,2
5d854d18-2117-4838-8604-9512a2bc232a,,,Radiometer ABX800 - K Electrode,,Medical supply,N/A,,,2
533b4012-216c-4e00-91ca-45a367472918,,,Radiometer ABX800 - Ca Electrode,,Medical supply,N/A,,,2
996d39f9-5915-4aaf-bb84-8a37dad3f396,,,Radiometer ABX800 - Na Electrode,,Medical supply,N/A,,,2
fdb75978-580c-4cfe-8389-3aade562aa51,,,Radiometer ABX800 - Glucose Electrode,,Medical supply,N/A,,,2
ca65840b-c94e-473d-8805-48bc5b53766b,,,Radiometer ABX800 - Lactate Electrode,,Medical supply,N/A,,,2
70e0785c-1123-4061-94b9-a4e5fa3fb3af,,,Radiometer ABX800 - Calibration Gas 2 – On-Board Gas Bottle,,Medical supply,N/A,,,2
142fd165-baf7-4a44-9bcf-129f92eff5ba,,,Radiometer ABX800 - 22Gx25mm Arterial Blood Sampler with 22Gx25mm Needle,,Medical supply,N/A,,,2
51eff5ef-5aab-427f-9dae-b62da8af048c,,,Radiometer ABX800 - Calibration Gas 2 – 10 bar On-Board Gas Bottle,,Medical supply,N/A,,,2
cd451382-a14a-48cc-9187-3b6f216efb70,,,Radiometer ABX800 - Reference Membrane,,Medical supply,N/A,,,2
9725176e-4205-4032-89b9-31cef9511d40,,,Radiometer ABX800 - pCO2 Membrane Box,,Medical supply,N/A,,,2
77e7fdf9-7efd-4f68-8347-9416f13d3007,,,Radiometer ABX800 - pO2 Membrane Box,,Medical supply,N/A,,,2
b7e73b96-bf0f-4c77-b44e-9bef4f1921c8,,,Radiometer ABX800 - Cl Membrane Box,,Medical supply,N/A,,,2
7da9f6de-6e61-4943-86cd-e626b3d92c36,,,Radiometer ABX800 - K Membrane Box,,Medical supply,N/A,,,2
4d3a71dc-614e-48df-a37e-311d61d9d29f,,,Radiometer ABX800 - Ca Membrane Box,,Medical supply,N/A,,,2
4c3fbb7e-aec0-444b-98d5-62f9e7fea6fe,,,Radiometer ABX800 - Na Membrane Box,,Medical supply,N/A,,,2
266a3045-d0b0-4688-ad0c-2b5a6eee8709,,,Radiometer ABX800 - Glucose Membrane Box,,Medical supply,N/A,,,2
ae53ab4a-0937-4874-ba19-ad036249d765,,,Radiometer ABX800 - Lactate Membrane Box,,Medical supply,N/A,,,2
c12f50cd-4422-4cb0-9a38-6d6d6fb4dab0,,,Radiometer ABX800 - Disposable Waste Container,,Medical supply,N/A,,,2
578b9d82-be08-443b-a732-33f549da6917,,,Radiometer ABX800 - Thermal Paper,,Medical supply,N/A,,,2
c2c92305-535c-40eb-9c97-02b5f9ffe80c,,,Radiometer ABX800 - Calibration Gas 1 – On-Board Gas Bottle,,Medical supply,N/A,,,2
8e5e7a64-46a0-494a-8098-b65cc709b1f6,,,Endotracheal Tube Sterile Cuffed-10CH,,Medical supply,N/A,,,2
2de3bd6c-0b5a-4ed6-9320-2ec356cfa3c5,,,UniCel DxH  Slide Maker Stainer - SMS Slides,,Medical supply,N/A,,,2
09f5d5c9-8b1f-451f-82dc-84f19e3d2669,,,Cobas C 311 - Sample  Cup,,Medical supply,N/A,,,2
36e2d228-6c43-407d-8404-0ac22763e8f0,,,Cobas C 311 - Halogen Lamp 12V/50W,,Medical supply,N/A,,,2
298ddd0c-6d78-4153-82ae-6ce9073cc6ec,,,Cobas C 311 - Micro Sample Cup 13/16,,Medical supply,N/A,,,2
133682e8-ec45-4024-9fd9-f098b4f1d19d,,,Cobas C 311 - Sipper Nozzle,,Medical supply,N/A,,,2
4381d7ae-b92c-4eb3-84ad-56a5ddd88c9f,,,Cobas C 311 - Sipper Tube,,Medical supply,N/A,,,2
26f90624-ee39-42c2-a621-c4e1903b4307,,,Cobas C 311 - Cell Set,,Medical supply,N/A,,,2
942a29ab-abf4-41d4-a171-595e41a0c72c,,,Cobas 6000 - CalSet Vial,,Medical supply,N/A,,,2
d26bc853-f7c8-4d32-967f-a1f7a8d3045d,,,Cobas 6000 - Assay Tip,,Medical supply,N/A,,,2
50bdf586-6969-4e7f-919f-54488106c9a1,,,Cobas 6000 - Sample Cup,,Medical supply,N/A,,,2
f786b63b-7c59-47eb-bbe3-457b779e76f6,,,Cobas 6000 - Multi Pack,,Medical supply,N/A,,,2
c550a57f-5328-422f-ab19-cfe56c810489,,,Cobas 6000 - PC/CC Cup,,Medical supply,N/A,,,2
3069f130-285b-4124-a3a9-29aef3e084c3,,,Cobas 6000 - Probe ISE,,Medical supply,N/A,,,2
80bc74df-7bd7-489b-87b9-8ccbad8bf855,,,Cobas 6000 - Probe Sample,,Medical supply,N/A,,,2
de08eade-385e-4a91-a9f9-679e4c2a377c,,,Cobas 6000 - Micro Sample Cup 13/16,,Medical supply,N/A,,,2
225a4da7-e8d3-475b-8041-b3dc19eef3cd,,,Cobas 6000 - Sipper Nozzle,,Medical supply,N/A,,,2
3f6570c4-7e73-4993-af45-74f87342827a,,,Cobas 6000 - Sipper Tube,,Medical supply,N/A,,,2
c4898bf7-f04f-4d90-a843-512a41d74e69,,,Cobas 6000 - SMS,,Medical supply,N/A,,,2
1f930a6f-3e99-4573-9861-560eb485433d,,,Cobas C 311 - SMS,,Medical supply,N/A,,,2
8ee52940-2fc6-4c63-b5c4-ca7f40517681,,,Dimension EXL 200 - Cup - Small,,Medical supply,N/A,,,2
d799ae3f-efb5-43b8-a471-07a3b9b8573c,,,Dimension EXL 200 - Cup - Lid,,Medical supply,N/A,,,2
18a2f20b-a87d-4a93-b7c8-8ac2c45e7552,,,Dimension EXL 200 - Cuvette Cartridge,,Medical supply,N/A,,,2
e2857ac3-fbff-4f60-8cba-99d26c2f96c1,,,Dimension EXL 200 - Reaction Vessel,,Medical supply,N/A,,,2
3f5100d5-46c5-460a-80ef-e521405daff8,,,Dimension EXL 200 - Thermal Paper,,Medical supply,N/A,,,2
22d2f8f3-5a8e-459d-b187-a4b38b14cf70,,,DxC 700 AU/ Unicel DxI 800 - Na Electrode,,Medical supply,N/A,,,2
50422eb0-41fe-4038-92b0-fd2325049310,,,DxC 700 AU/ Unicel DxI 800  - K Electrode,,Medical supply,N/A,,,2
59379bfc-dbad-400c-ba2c-025809acfad4,,,DxC 700 AU/ Unicel DxI 800  - Cl Electrode,,Medical supply,N/A,,,2
fbd61886-0a91-4058-9d1b-cb96907bc33d,,,DxC 700 AU/ Unicel DxI 800 - Reaction Vessel,,Medical supply,N/A,,,2
c89576cb-420a-4612-ab14-603e6f54c57b,,,DxC 700 AU/ Unicel DxI 800 - Sample Cup - 2ml,,Medical supply,N/A,,,2
15690ca0-7783-45cb-aa3e-6122fb90ebf1,,,DxC 700 AU/ Unicel DxI 800 - Waste Bag,,Medical supply,N/A,,,2
4b906f25-0638-468d-b619-dd73b8e842ba,,,DxC 700 AU/ Unicel DxI 800 - Swabs - Polyster,,Medical supply,N/A,,,2
0255c3f1-1670-48d8-875d-28ace2474fa6,,,DxC 700 AU/ Unicel DxI 800  - Peristatic Tubing (Roller Pump),,Medical supply,N/A,,,2
e99662ef-49ad-4b7c-9bb3-3899fba2dc09,,,DxC 700 AU/ Unicel DxI 800  - Photometer Lamp - 20W,,Medical supply,N/A,,,2
90cd8c88-7709-40f9-9121-c4b0bf1f1a27,,,DxC 700 AU/ Unicel DxI 800  - Electrode Reference,,Medical supply,N/A,,,2
a67d5f78-94c4-4dc6-93ee-e98ba092cab4,,,DxC 700 AU/ Unicel DxI 800  - Sample Cup - Hitachi,,Medical supply,N/A,,,2
6b7ec5b7-50b6-4235-b03c-2b76efbeae27,,,DxC 700 AU/ Unicel DxI 800  - Bottle - 15ml - with Cap,,Medical supply,N/A,,,2
f17ed357-2c17-4e8c-ad25-1ba166669b4e,,,DxC 700 AU/ Unicel DxI 800  - Bottle - 30ml - with Cap,,Medical supply,N/A,,,2
04fd0d91-f8d8-4620-8079-e263aab0baae,,,DxC 700 AU/ Unicel DxI 800  - Bottle - 60ml - with Cap,,Medical supply,N/A,,,2
5e7bf3c5-3f8c-4b74-bf57-8b2abdb35dc4,,,DxC 700 AU/ Unicel DxI 800  - Cuvette - 5x6mm,,Medical supply,N/A,,,2
83f39d25-8761-4a46-8054-fd74fa520f3a,,,DxC 700 AU/ Unicel DxI 800  - Spiral Mixing Bar,,Medical supply,N/A,,,2
85a3fe53-ef98-469a-94d2-656eb9fcf76b,,,DxC 700 AU/ Unicel DxI 800  - L-Shape Mixing Bar,,Medical supply,N/A,,,2
72a81391-3f2e-44f1-aa5f-81fa8365341f,,,DxC 700 AU/ Unicel DxI 800 - LC140 Pre-Treatment Catridge,,Medical supply,N/A,,,2
3ca554c8-f2ba-4415-9896-829751118ab5,,,DxC 700 AU/ Unicel DxI 800 - LC175 (Protek L1),,Medical supply,N/A,,,2
69323083-f625-4d5d-8707-f3fcb6e41b5f,,,DxC 700 AU/ Unicel DxI 800 - Prefiltration for Water Unit - Gac Filter,,Medical supply,N/A,,,2
88a7e399-a45e-4f87-8da4-7a79c0090195,,,DxC 700 AU/ Unicel DxI 800 - Prefiltration for Water Unit - Melt Blown Filter,,Medical supply,N/A,,,2
cab4340c-9fde-4eb9-a37b-484a11d5d72b,,,DxC 700 AU/ Unicel DxI 800 - Prefiltration for Water Unit - Scale Prevention Filter,,Medical supply,N/A,,,2
e5a3b118-31e7-4170-9f75-38497f8f58d9,,,DxC 700 AU/ Unicel DxI 800 - Prefiltration for Water Unit - Ultra Filter,,Medical supply,N/A,,,2
1163ac3d-76c8-48e0-ae58-0877cd51b1b9,,,Micropipette Tips-20µl,,Medical supply,N/A,,,2
eab78484-5028-4bae-8a0b-3fd4f9323d44,,,"Jar-Cop lain,staining",,Medical supply,N/A,,,2
fce660c0-43d5-4a94-9674-e27019782e7a,,,Rod glass-150x6mm,,Medical supply,N/A,,,2
c9baae8f-55ef-4aa5-92d0-63edbdb7d63f,,,Mortar and Pestle-70ml,,Medical supply,N/A,,,2
2fad1368-9fbc-43f8-b85f-999d1d5907cf,,,Mortar and Pestle-70 - 400ml,,Medical supply,N/A,,,2
20571109-5cdd-4286-9102-9cf519fff137,,,Brush bottle flask-10cm,,Medical supply,N/A,,,2
95532a1f-c12a-4208-b342-940be19502e7,,,Brush Test Tube-8cm,,Medical supply,N/A,,,2
eb8bdbf6-1597-464d-9178-3a9de82ce662,,,Nasopharyngeal airways-10Fr-40Fr,,Medical supply,N/A,,,2
afaf0729-b735-4e4b-b1cb-810d79b5aa28,,,Laryngeal Mask Airway-No1 - No3,,Medical supply,N/A,,,2
98bcf66c-39b1-40ee-800a-e55c50af4eff,,,Laryngeal Mask Airway-No4 - No5,,Medical supply,N/A,,,2
c40a6f1f-5290-4848-81e0-ba85fe6009ed,,,Catheter Suction-9CH,,Medical supply,N/A,,,2
58fcb8ed-abab-433e-bd16-92180ee0d57e,,,Catheter Suction-10CH,,Medical supply,N/A,,,2
de28daa6-a5ee-4a35-9a2e-0737c93cf4a8,,,Drainage Chest Tube-10FG,,Medical supply,N/A,,,2
31949e29-355e-45e4-87b6-aab02facb87e,,,Drainage Chest Tube-22FG,,Medical supply,N/A,,,2
d176b399-d213-4a51-acff-083a0c115dbc,,,Drainage Chest Tube-28FG,,Medical supply,N/A,,,2
cb83c71f-e751-4bb7-b403-d412278534d1,,,Drainage Chest Tube-32FG,,Medical supply,N/A,,,2
09fe2e1c-97f4-47ca-b9f3-da36972d8685,,,Drainage Chest Tube-38FG,,Medical supply,N/A,,,2
2ab33595-50d2-4728-904f-04e82fa98ad1,,,Endotracheal Tube Cuffed-4CH,,Medical supply,N/A,,,2
fdf50b3a-863a-4c9b-8412-73c29f8fa6e2,,,Glove Gynecological Examination(Elbow Glove)-No. 6.5,,Medical supply,N/A,,,2
9e73aee1-feaf-481d-be86-f7769d526894,,,Glove Gynecological Examination(Elbow Glove)-No. 7.5,,Medical supply,N/A,,,2
6900ae58-68cf-4eb2-a73f-412af90cba2c,,,Medicine Envelope-plastic,,Medical supply,N/A,,,2
3db20303-2128-4691-9a37-99e84c0b8fed,,,Mersilk Braided Black-Gauge 3.0(2/0) 75cm on 33 mm 1/2 Circle Reverse Cutting Needle,,Medical supply,N/A,,,2
e5f700df-03a6-4404-869c-f5b257447a4e,,,Polyamide Monofilament-Gauge 0.3(9/0) 30cm on 6.5mm 3/8 Circle Spatula Single Armed Needle,,Medical supply,N/A,,,2
4e3bad9f-18dd-480d-9691-f0f2bea7eb0c,,,Polyamide Monofilament-Gauge 0.3(9/0) 30cm on 6mm 3/8 Circle Spatula Double Armed Needle,,Medical supply,N/A,,,2
7ec62551-15a7-454b-808f-869f76ef1526,,,Oxygen Face Mask for-Pediatric ,,Medical supply,N/A,,,2
da753705-344f-4f7a-ae73-44fa9136c0d6,,,Oxygen Face Mask for-Adult,,Medical supply,N/A,,,2
ba98db42-63e3-4c0e-912e-98564fdcc2b8,,,Rectal Tube Rubber With Terminal Size-14CH,,Medical supply,N/A,,,2
c1cc6974-dc7b-470f-bdef-0cdddde3d302,,,Rectal Tube Rubber With Terminal Size-18CH,,Medical supply,N/A,,,2
ddcfcfe1-bdfd-455a-ad17-fdf1beead962,,,Rectal Tube Rubber With Terminal Size-22CH,,Medical supply,N/A,,,2
0aff09dc-d1d3-4b6a-9079-703e37115756,,,Rectal Tube Rubber With Terminal Size-26CH,,Medical supply,N/A,,,2
4a9d6a68-f956-49eb-bab3-768bee0ab51d,,,"Surgical Absorbable Hemostat-1"" x 2""",,Medical supply,N/A,,,2
8969e4b6-f08a-4ab0-8ed8-4ca8d0f17601,,,"Surgical Absorbable Hemostat-2"" x 4""",,Medical supply,N/A,,,2
ea5c1dd0-d4f2-473f-a15d-44d8630ea2e5,,,Surgical Absorbable Hemostat-4'' x 4'',,Medical supply,N/A,,,2
1e188408-e40a-499d-999f-a5ff014937df,,,Surgical Absorbable Hemostat-4'' x 8'',,Medical supply,N/A,,,2
a5dfc403-98cf-4cbf-8b7b-b5874caa73bb,,,Syringe Dental of metal-2.5ml,,Medical supply,N/A,,,2
bf0a512c-b03b-4b77-ad4e-62502e967e37,,,"Ureteric Tubes-5mm-6mm,75cm",,Medical supply,N/A,,,2
376b950c-ff3a-4c34-8600-b1e5507d8265,,,Tube-Eppendorf - 2ml,,Medical supply,N/A,,,2
d946e57b-2a2d-4d5e-9b1e-a616c9cda915,,,Gauze Swab-3cm x 3cm,,Medical supply,N/A,,,2
50a151a9-f10b-49a0-bdc7-442bf6766189,,,Bite sticks(Teeth guard)-PVCwith center  handle to insert and remove,,Medical supply,N/A,,,2
37b54eed-bfe2-44fa-b6d8-588d4fb97075,,,"Face Mask-For oxygen Administration Adult size 5,with Reservoir  1.6L bag",,Medical supply,N/A,,,2
bf7246e5-4e3d-49e5-85b3-ddff3df7b0cb,,,Face Mask-With out Reservoir For oxygen Administration Adult size,,Medical supply,N/A,,,2
5a9dfa78-0dec-4256-b9b2-b02d81c8f970,,,Face Mask-For oxygen Administration Child/medium size 3  with Reservoir  1.6L bag,,Medical supply,N/A,,,2
56c87e81-d248-4643-9046-1fe2418ce8cc,,,Face Mask-With out Reservoir For oxygen Administration child/medium  size 3,,Medical supply,N/A,,,2
ba84fa3e-084c-4d4f-9636-c3a832e20285,,,"Face Mask-with Reservoir for oxygen Administration Infant/small size 1, 0.5L breathing  bag",,Medical supply,N/A,,,2
99fa4944-c1eb-42fc-a877-745c1a20c316,,,Face Mask-With out Reservoir For oxygen Administration Infant/small  size 1,,Medical supply,N/A,,,2
e8ac055e-c6bf-4e49-9141-dc89a9966582,,,Cold Packs  Bag-Reusable 11 inch durable,,Medical supply,N/A,,,2
4b6743c6-2678-47f9-bbc2-3b982952893f,,,"Patient restraint(spinal Board)straps-with meta buckles/clips and speed clip,15m",,Medical supply,N/A,,,2
5fd04004-b15a-44bc-9559-56439aabd6c9,,,"Catheter Suction-Open rounded shape&smooth,blue one Eye, Length:530±20.0mm,E.Length 500±20.0mm, OD2.7±0.10MM",,Medical supply,N/A,,,2
3d2a9bf1-4e56-4604-a8f8-bd02741c47b3,,,"Catheter Suction-Open rounded shape&smooth,black one Eye, Length:530±20.0mm,E.Length 500±20.0mm, OD3.30±0.15MM-10CH",,Medical supply,N/A,,,2
57f39eef-a141-449e-8031-77fe0d7b6620,,,"Catheter Suction-Open rounded shape&smooth,Orange one Eye, Length:530±20.0mm,E.Length 500±20.0mm, OD: 5.30±0.20mm-16CH",,Medical supply,N/A,,,2
d5078c65-5ea1-48dc-b213-9362eff6121d,,,"Catheter Suction-Open rounded shape&smooth,Red  one Eye, Length:530±20.0mm,E.Length 500±20.0mm, OD: 6.00±0.20mm-18CH",,Medical supply,N/A,,,2
c3fe61f0-97b8-4b9e-85e2-3955efb6ed39,,,"Catheter Suction-Open rounded shape&smooth,blue one Eye, Length:530±20.0mm,E.Length 500±20.0mm, OD2.7±0.10MM-8CH",,Medical supply,N/A,,,2
0be11a78-9152-4609-bb0f-dad2f05f3d3c,,,Manual sucker/Bulb-Sterilizable Silicon air tight for infant,,Medical supply,N/A,,,2
eb59c1fa-cf33-4768-9347-16fd3469883a,,,Nasopharyngeal airways-8CH,,Medical supply,N/A,,,2
0ade50df-eca4-49bf-8823-628bcb18946b,,,Nasopharyngeal airways-7CH,,Medical supply,N/A,,,2
94a8fedd-43be-467f-abec-c0a63e00413d,,,Nasopharyngeal airways-6CH,,Medical supply,N/A,,,2
67d335ea-a603-4c24-840d-10dd891f7ac7,,,Nasopharyngeal airways-4CH,,Medical supply,N/A,,,2
cd195909-c773-4fcc-9fb8-b856f52371ab,,,Nasopharyngeal airways-3CH,,Medical supply,N/A,,,2
142099f6-f730-4991-a220-b6db611726fc,,,Oropharyngeal Airway (Guedel) Sterile-5CH,,Medical supply,N/A,,,2
be7ce88c-225e-4937-ab42-80e2491e2b57,,,Oropharyngeal Airway (Guedel) Sterile-4CH,,Medical supply,N/A,,,2
35d55f4a-ac1c-4ac2-a6a0-44c0cd12316f,,,Oropharyngeal Airway (Guedel) Sterile-3CH,,Medical supply,N/A,,,2
04a4090b-185c-40e6-aabd-10f9085815a7,,,Oropharyngeal Airway (Guedel) Sterile-2CH,,Medical supply,N/A,,,2
679c47fc-582b-4e0e-8265-da8dc2b691ea,,,Oropharyngeal Airway (Guedel) Sterile-1CH,,Medical supply,N/A,,,2
026cf39c-ff40-4097-b400-76bb7928bb24,,,Oropharyngeal Airway (Guedel) Sterile-0CH,,Medical supply,N/A,,,2
6a4880b7-5ebb-4535-99c8-6b51b327528f,,,Resuscitator Bag (Ambu Bag)-Child,,Medical supply,N/A,,,2
e08f537b-7d86-400d-8d3b-83cc2d622977,,,Resuscitator Bag (Ambu Bag)-Infant,,Medical supply,N/A,,,2
ea3ec9cb-210a-4dfe-8d82-d3d3ffe6577c,,,Adhesive Tape-5cm x 1.9cm,,Medical supply,N/A,,,2
ff04765f-2242-4d71-9651-d1fcb63d2d0f,,,Gauze Dressing-4'' x 4'',,Medical supply,N/A,,,2
a6b9a355-8568-4252-99d5-070e19043193,,,Glove Examination Latex Powdered-Medium,,Medical supply,N/A,,,2
5d965ba1-52f4-4aaf-810b-91666773a05b,,,Triage Tags-Dark,,Medical supply,N/A,,,2
6b22a2ed-5c6e-406c-8a41-28ed1e4a08d4,,,Triage Tags-Red,,Medical supply,N/A,,,2
93f5686a-cc77-44d6-b0fa-6146cce912b6,,,Triage Tags-Yellow,,Medical supply,N/A,,,2
a0c7e85a-ef0c-4d2b-9718-25b11b99b812,,,Conical Centrifuge Tubes-112mm x 17mm,,Medical supply,N/A,,,2
1a755a3d-c2dc-4c83-b412-327efae19143,,,Catheter for  Mucus Extractor-In pieces of different sizes,,Medical supply,N/A,,,2
232bc912-9f73-4745-974a-632361c5faea,,,Brush for Decontamination-small,,Medical supply,N/A,,,2
b9343ab5-20b7-4145-9495-03ef0bfb3ed5,,,Bucket 30L and Bowls-Plastic for Decontamination Instrument,,Medical supply,N/A,,,2
35ab23e7-2521-4229-b498-6f640b4d799a,,,Glove Heavy  Duty Latex (Disposable)-small,,Medical supply,N/A,,,2
b44b232d-40f0-433b-a701-2f337fd2b674,,,"Mortar and Pestle-100mm((dia)x45mm,Small",,Medical supply,N/A,,,2
350f9b26-55e1-4341-83f8-5bd675f4f86d,,,"Mortal and Pestle-160mm(dia) x75mm,Medium",,Medical supply,N/A,,,2
1dc3c6e7-a495-49df-9e9f-4af381ea28a0,,,"Brush for Test Tube-19mm(dia) x 89mm,fan stayle tip",,Medical supply,N/A,,,2
e0350b78-e8c5-4f35-8230-fc6bd15236bb,,,Cover Slide-20x20mm Thickness 13 mm,,Medical supply,N/A,,,2
04d6e783-af02-4627-ac77-06fd7268b477,,,Cover Glass slide Box-76x25x1mm,,Medical supply,N/A,,,2
8660ab37-d3c1-481e-9c76-fe7c1d481133,,,Graduated Measuring Cylinder-250 ml,,Medical supply,N/A,,,2
bccf71b9-0ae8-4274-a85c-b6e5e5db3f68,,,Graduated Measuring Cylinder-100 ml,,Medical supply,N/A,,,2
50550b92-68e8-4e27-83f5-442b03931755,,,Graduated Measuring Cylinder-500ml,,Medical supply,N/A,,,2
f9e4f8be-88aa-405f-9dd9-f7f2701d0cb9,,,"Jar-Glass,wide mouth,1000ml",,Medical supply,N/A,,,2
8306da39-8986-4665-8259-35ad5d8c2b9b,,,Graduated Measuring Cylinder-50ml,,Medical supply,N/A,,,2
cc0238e1-c116-42dc-9740-305f09389171,,,Graduated Measuring Cylinder-25ml,,Medical supply,N/A,,,2
4554dfe2-40b7-4127-a816-4b559d4a8329,,,ESR graduated pipette-from 0 to 195mm with 1mm subdivision,,Medical supply,N/A,,,2
e18a4b90-6f3c-4fc9-b189-bcd3bbc0c26a,,,Contact activated blood lancet-Length:40mm,,Medical supply,N/A,,,2
e39422e4-7c2a-4c28-8a35-36cb752c0ec9,,,"Micro Pipette Tips-10-100µl, Red",,Medical supply,N/A,,,2
62194a6d-f7c4-48f0-959a-f5a3ab8d28df,,,"Micro Pipette Tips-10-100µl, Yellow",,Medical supply,N/A,,,2
22f78165-f762-44f4-94c0-924bcf9823f9,,,Catheter  Umblical-3.5CH,,Medical supply,N/A,,,2
4b811b3a-767d-4191-9b4b-b4d364bc77c1,,,Aspirator-Nasal-Oral,,Medical supply,N/A,,,2
8193795b-2b10-4c62-aee9-f4225a2b80ea,,,Nasopharyngeal airways-5CH,,Medical supply,N/A,,,2
4302bf18-f10a-44bf-901e-ed3a8c26e299,,,Dental Cotton wool-N0. 2,,Medical supply,N/A,,,2
e9c5fbd5-8958-4832-974f-9d3a096b9629,,,Mindray BS-200E - Cuvette,,Medical supply,N/A,,,2
73f4b445-1f5b-42db-a21e-617fb1738801,,,Mindray BS-200E - Lamp,,Medical supply,N/A,,,2
267ec8ad-8ba7-408a-92fb-c40bad5f6164,,,Mindray BS-200E - Probe,,Medical supply,N/A,,,2
35a1ed2a-d30d-4ac1-9841-33d0e578261d,,,Biohazard Bag - 94cmx122cm,,Medical supply,N/A,,,2
772ebafb-f6b1-4b0f-8584-4d1ec56d1369,,,Colostomy Bag Adhesive Regulator Closed - 25cmx14cm 60mm Opening – Adult Opec Medium,,Medical supply,N/A,,,2
839ea9d9-7162-4018-a722-7c9916242901,,,"Tube – Suction, Disposable – 15mmx2m",,Medical supply,N/A,,,2
65938fd7-e316-45b9-b063-5e33e9bada94,,,"Conical Test Tube – Plastic, Graduated – 15ml",,Medical supply,N/A,,,2
94c74db7-6cb5-4cae-b06e-d6eb035f89b8,,,"Flask - Erlenmeyer, Glass, Heat Resistant, 2Litre",,Medical supply,N/A,,,2
04e19b19-b0d2-46c4-90e4-43da62bee289,,,Autoclave Indicator Tape - 1.9cmx5cm,,Medical supply,N/A,,,2
6a764a35-6f2f-4be4-aedb-607b34575862,,,Oronasopharyngeal (Airway) Sterile-60mm,,Medical supply,N/A,,,2
01ccdb5a-b21f-4307-bd17-39b16250bede,,,Oronasopharyngeal (Airway) Sterile-90mm,,Medical supply,N/A,,,2
4f2e9671-67e8-4a22-a1ff-b75075761dbb,,,Oronasopharyngeal (Airway) Sterile-120mm,,Medical supply,N/A,,,2
221fe8d5-8888-49d2-aa73-ef678e5888c6,,,Oronasopharyngeal (Airway) Sterile-80mm,,Medical supply,N/A,,,2
df40b1df-588d-41a1-8e2a-7a5160b96f05,,,Polyglycolic acid absorbable braided violet-Gauge 1.0(5/0) 75cm on 13mm 1/2 Circle Round Bodied Needle,,Medical supply,N/A,,,2
8a138552-c011-487c-91ae-6cb10a7848a7,,,"Applicator Wooden Stick with Cotton Tip-2.2mm x 150mm – Individually Packed, Sterile",,Medical supply,N/A,,,2
e474e132-4a09-4620-9c80-5e19538e9589,,,Trachoma Clap-small,,Medical supply,N/A,,,2
ec6002d7-e683-4d7d-90ec-0e380cd2d784,,,Trachoma Clap-large,,Medical supply,N/A,,,2
9bd1b69a-91e3-4d2e-ad24-16251fbde209,,,Swap Disinfecting Imppreginated with Isopropyl Alchol-70%,,Medical supply,N/A,,,2
85f65408-7de0-4fd8-bdee-7d0193d089ad,,,Adhesive Wound Plaster with Absorbent Anticeptic pad individually packed-2 size,,Medical supply,N/A,,,2
dad294ed-2680-488c-8b0a-b1ef381ed897,,,Adhesive Plaster Zinc Oxide-2.5cmx10m,,Medical supply,N/A,,,2
091534e5-01ff-4806-8183-473276bb9e50,,,Sysmex XP-300 - Thermal Printing Paper,,Medical supply,N/A,,,2
c9d4a272-162f-45b6-be7b-c9e11aaf5be2,,,"Microscope Slide - 27x75mm, 1.2mm Thickness - Frosted",,Medical supply,N/A,,,2
21eac75a-e911-4bdb-bded-7a54ae3c5ab6,,,"Microscope Slide - 27x75mm, 1.2mm Thickness",,Medical supply,N/A,,,2
062375e8-c281-403e-af36-4d236c1f9663,,,Micropipette Tips - 10-200µl,,Medical supply,N/A,,,2
0563da25-a6c4-49ae-99f8-228ce0d8b905,,,Micropipette Tips - 200-1000µl,,Medical supply,N/A,,,2
3a1c667c-2a78-438d-a046-71984492732d,,,"Sealer - Capillary Tube, 2mm Thickness",,Medical supply,N/A,,,2
ba420dd4-2122-4374-96e5-155b8ce21f80,,,"Pasteur Pipette – 3ml, Non-sterile, Plastic",,Medical supply,N/A,,,2
99d4895d-1ac7-4f73-8358-e3469107d753,,,"Biohazard Bags - Disposable, Orange - 32x34Inch",,Medical supply,N/A,,,2
e036a0a6-a39a-4fb4-87ef-5a4a027d3c8f,,,DxC 700 AU/ Unicel DxI 800 - Carbon Powder Filter,,Medical supply,N/A,,,2
8141dd4e-0938-4ffa-a4a1-ea15dbd0479c,,,DxC 700 AU/ Unicel DxI 800 - Micron Filter with Antibacterial,,Medical supply,N/A,,,2
a1a97b87-c9ff-4b6c-9bf5-908ccf5491ae,,,DxC 700 AU/ Unicel DxI 800 - Improved GAC,,Medical supply,N/A,,,2
da077bd9-1aa4-44b8-97ff-cf09dee129ec,,,DxC 700 AU/ Unicel DxI 800 - LC 177 Protek L1,,Medical supply,N/A,,,2
768739c7-8aa6-43b7-bfdc-9f78ee12184e,,,DxC 700 AU/ Unicel DxI 800 - LC 174 Protek L1,,Medical supply,N/A,,,2
a8b5560f-6fb8-48a4-8e78-83d280ecdc49,,,DxC 700 AU/ Unicel DxI 800 - LC 174 MEDPURE Cartridge,,Medical supply,N/A,,,2
f29576b0-c42d-4d6a-85db-37c13554bc0e,,,DxC 700 AU/ Unicel DxI 800  - Peristatic Tubing - Roller Pump,,Medical supply,N/A,,,2
4a217f9f-f993-4c6b-9461-8c51df4e543c,,,Gauze Dressing - 5cmx4cm,,Medical supply,N/A,,,2
48b498cd-060f-4b88-8ab4-50c40792fe47,,,Cobas C 311 - Reference Electrode,,Medical supply,N/A,,,2
0951a9b1-8b03-4a2f-a694-a3b1e010cd5d,,,Cobas 6000 - Reference Electrode,,Medical supply,N/A,,,2
6d336ee8-ac92-4bce-b23a-ad5e21409c96,,,ANGIO DIAGNOSTIC CATHETER-5FR JR 3.5,,Medical supply,N/A,,,2
e5e49786-9219-40aa-927c-b628b25c801f,,,ANGIO DIAGNOSTIC CATHETER-5FR  JR 4,,Medical supply,N/A,,,2
25d8c93f-3b85-4047-8129-0c63c91e0c82,,,ANGIO DIAGNOSTIC CATHETER-5FR×100CM  MPA 1,,Medical supply,N/A,,,2
c3806749-ecf8-498f-9f28-77c3ce1a8036,,,ANGIO DIAGNOSTIC CATHETER-5FR  PIGTAIL,,Medical supply,N/A,,,2
2e237de8-760d-4964-a0ce-18cd6b04d1dd,,,ANGIO DIAGNOSTIC CATHETER-Radial 5FR  4.0,,Medical supply,N/A,,,2
794391a1-dcfc-4e11-bc0c-522809affbf7,,,ANGIO DIAGNOSTIC CATHETER-Radial 5FR  3.5,,Medical supply,N/A,,,2
555c327f-be3a-4c34-a7af-e832e72400c7,,,ANGIO DIAGNOSTIC CATHETER-Radial 6FR  4.0,,Medical supply,N/A,,,2
ac424c27-ee0a-4f2f-be03-4598545576cd,,,ANGIO DIAGNOSTIC CATHETER-Radial 6FR  3.5,,Medical supply,N/A,,,2
548a5334-c42a-4ba6-b6aa-5f7c1d1a30ca,,,ANGIO DIAGNOSTIC CATHETER-6FR × 100CM – JR 3.5,,Medical supply,N/A,,,2
96eda14a-34b1-4f7d-b00a-2ac5a89ef0f4,,,ANGIO DIAGNOSTIC CATHETER-6FR × 100CM – JR 4,,Medical supply,N/A,,,2
5554b584-bfd4-469c-afac-c49df815fe6b,,,ANGIO DIAGNOSTIC CATHETER-6FR × 100CM – JL 3.5,,Medical supply,N/A,,,2
4bd12e62-cd79-417a-8f57-92e894aadaff,,,ANGIO DIAGNOSTIC CATHETER-6FR × 100CM – JL 4,,Medical supply,N/A,,,2
cc921e03-1910-47c1-9abd-8ed1a67551ae,,,ANGIO DIAGNOSTIC CATHETER-5FR × 100CM – JL 4,,Medical supply,N/A,,,2
c0c0a748-0499-4c06-9498-a9aef21cc7a8,,,ANGIO DIAGNOSTIC CATHETER-6FR × 100CM – JL 5,,Medical supply,N/A,,,2
5630c2af-5cf1-4b81-940f-0574e41846fb,,,ANGIO DIAGNOSTIC CATHETER-6FR × 100CM – AL I,,Medical supply,N/A,,,2
11f4494e-c240-410b-91a1-07e88920e1f2,,,ANGIO DIAGNOSTIC CATHETER-6FR × 100CM – AL II,,Medical supply,N/A,,,2
9a9818f8-bb31-4b3c-ac20-43d8d1019527,,,ANGIO DIAGNOSTIC CATHETER-6FR × 100CM – MPA 2,,Medical supply,N/A,,,2
20c0694b-fc7f-4e7c-a051-37f888479ccd,,,ANGIO DIAGNOSTIC CATHETER-6FR × 100CM – PIGTAIL,,Medical supply,N/A,,,2
ec64ca2f-fce8-458b-98f2-682cea86604e,,,Tube Connector Y-connector,,Medical supply,N/A,,,2
6627f6d7-a2de-448c-bb73-d16816398d44,,,Three-way stop cock,,Medical supply,N/A,,,2
ee9b2adb-4ef0-4f69-9675-171e74a3908c,,,Sterile gown-XL size,,Medical supply,N/A,,,2
7e6fd067-7f28-4d22-948f-bc449a348856,,,Sterile drape-Adult,,Medical supply,N/A,,,2
58196ae5-9b38-4618-826d-ab99d810de8f,,,"Prolene Double-arm, round needle 6-0",,Medical supply,N/A,,,2
5f84cd43-5b0d-4982-9fd8-b9e300464a08,,,"Prolene Double-arm, round needle 5-0",,Medical supply,N/A,,,2
b73ce154-3485-4890-8fcf-21e5cf62f9ca,,,"Prolene Double-arm, round needle 4-0",,Medical supply,N/A,,,2
254e5a2d-170f-41d1-a2ba-88a26d6fd76c,,,Perfusion custom pack Weight->40 kg,,Medical supply,N/A,,,2
c005b9c6-8240-497b-85b0-132c48f12153,,,Perfusion custom pack Weight-10-25 kg,,Medical supply,N/A,,,2
579f4c14-d083-4ca7-9767-ff5485cc9674,,,Perfusion custom pack Weight-25-40 kg,,Medical supply,N/A,,,2
0a111997-4622-4089-b599-23cf76fbac37,,,Oxygen nasal cannula-Adult,,Medical supply,N/A,,,2
e50614fd-22ac-4de2-bce0-1e39d3b4302f,,,Oxygen nasal cannula-Pediatric ,,Medical supply,N/A,,,2
88e7241b-e34c-424a-80a8-0abd370cc2f2,,,Nylon tape-3mm x 70cm,,Medical supply,N/A,,,2
29894791-492b-4156-8cd8-e625d52111dd,,,ANGIO DIAGNOSTIC CATHETER-5FR × 100CM – NTR ( SITE SEER),,Medical supply,N/A,,,2
97378023-5005-4729-930d-ad5448896b11,,,ANGIO DIAGNOSTIC CATHETER-6FR × 100CM – NTR,,Medical supply,N/A,,,2
4e7ed0a1-7208-45c5-9ffa-c2a3755a1680,,,"GUIDING CATHETER-JL 4.0, 6Fr, 100cm",,Medical supply,N/A,,,2
85eea69a-d878-4dc4-9c6d-cc10dbe7ee7f,,,Mechanical Valve prostheses-Aortic Valve - 23mm,,Medical supply,N/A,,,2
22c6f93c-8daa-4723-8406-128769cffc12,,,"GUIDING CATHETER-JL 3.5, 6Fr, 100cm",,Medical supply,N/A,,,2
af036946-89f2-4ba9-9757-4c73132f21d7,,,"GUIDING CATHETER-JL 4.5, 6Fr, 100cm",,Medical supply,N/A,,,2
75c51646-22d3-450a-b1b2-f0999ac04d9d,,,"GUIDING CATHETER-JR 4.0, 6Fr, 100cm",,Medical supply,N/A,,,2
f7473666-6360-4e65-8805-ad3ce5a54bec,,,"GUIDING CATHETER-JR3.5, 6Fr",,Medical supply,N/A,,,2
18fe78af-15e5-42d7-b9bb-40c51339f0d5,,,"GUIDING CATHETER-JL 4.0, 7Fr, 100cm",,Medical supply,N/A,,,2
8fd3bb9b-56e0-408e-9375-cf04fa0198eb,,,"GUIDING CATHETER-AL2, 6Fr",,Medical supply,N/A,,,2
c17e00e1-8362-47e6-8318-d2cacfe24498,,,"Urine Cup - Plastic, 40ml",,Medical supply,N/A,,,2
0c9ad817-1d60-43b1-b488-ea9ef4e0fa2d,,,GUIDING CATHETER-IMA 6F,,Medical supply,N/A,,,2
8682705b-862c-47c2-9212-a969ff44cd6e,,,"GUIDING CATHETER-AL1, 6Fr",,Medical supply,N/A,,,2
c37ef217-35fe-4631-b8e6-bda1b9e57d5d,,,GUIDING CATHETER-6F AR 2.0,,Medical supply,N/A,,,2
bdac6ef0-2895-45ef-9663-5ff6343649ae,,,GUIDING CATHETER-6FR –  AR 1.0,,Medical supply,N/A,,,2
eea5c7f0-caaf-4009-adc8-dd67239d862e,,,GUIDING CATHETER-6F EBU/voda left 3.5,,Medical supply,N/A,,,2
c0d8c258-b6e8-4172-bcc7-40edfa0a61db,,,GUIDING CATHETER-6FR –  EBU/ voda left 3.0,,Medical supply,N/A,,,2
9b5e0c71-1f21-42ed-a485-394f2348cdbd,,,GUIDING CATHETER-6FR –  EBU/ voda left  4.0,,Medical supply,N/A,,,2
a4b5cb01-34ec-4312-b3ec-7bdf3a8bc652,,,GUIDING CATHETER-7FR –  EBU/ voda left  3.5,,Medical supply,N/A,,,2
84759aaa-aeed-41ba-9676-5cfac87d90d1,,,"ANGIOGRAPHIC  GUIDEWIRE-0.035"", 260CM, J TIP BOX5",,Medical supply,N/A,,,2
a4ef06f1-bc9c-4b8f-b5b8-683b91403a06,,,ANGIOGRAPHIC  GUIDEWIRE-0.032 × 145CM – J TIP hydrophilic wire,,Medical supply,N/A,,,2
5d938d86-abdf-443e-9210-83f035a2d4d9,,,ANGIOGRAPHIC  GUIDEWIRE-0.038 × 145CM – J TIP  3MM,,Medical supply,N/A,,,2
9fb0152f-c28e-46d9-9b4d-0929d3fef045,,,Mechanical Valve prostheses-Aortic Valve - 21mm,,Medical supply,N/A,,,2
d6dd125b-85db-4890-9f41-2fc21f157bb3,,,Mechanical Valve prostheses-Aortic Valve - 19mm,,Medical supply,N/A,,,2
d1f202d6-9226-4f78-ad1c-4e2ed1fed8f6,,,"PCI Guide wire-Floppy LIGHT SUPPORT, 190CM, JTIP",,Medical supply,N/A,,,2
2dee3aee-6d52-48a0-be31-43a0512a9e84,,,PCI Guide wire-Hydrophilic  180,,Medical supply,N/A,,,2
92fe5ffd-eec7-4b7a-bc97-285fc979bd0f,,,"PCI Guide wire-FLOPPY, LIGHT SUPPORT, J TIP, 300cm",,Medical supply,N/A,,,2
9c4e6de3-2686-422e-bbab-9c171f4544d8,,,PCI Guide wire-medium support 180cm,,Medical supply,N/A,,,2
489291bf-52cc-42d4-b564-2332a77114ed,,,PCI Guide wire-HYDROPHILLIC WORKHORSE 180CM  3g,,Medical supply,N/A,,,2
3fd9888e-7b38-4e8c-9681-bc24fb426b55,,,Mechanical Valve prostheses-Mitral Valve - 27mm,,Medical supply,N/A,,,2
ec0c720a-f6f9-49f5-9e2a-da06314f6eb4,,,DRUG ELUTING STENT-2.25 x 18MM (17-19),,Medical supply,N/A,,,2
cb7a671f-315e-4ea8-881f-4b00ebe81fbd,,,Mechanical Valve prostheses-Mitral Valve - 29mm,,Medical supply,N/A,,,2
43f16dff-c5ff-4860-a635-0f02b2d9dc44,,,DRUG ELUTING STENT-2.25 x 22MM (21-23),,Medical supply,N/A,,,2
6e74379b-f3b6-4e2b-89aa-c353eaf9a480,,,DRUG ELUTING STENT-2.5 x 12MM (11-13),,Medical supply,N/A,,,2
000685db-3612-4134-b4c3-5f6152342b89,,,DRUG ELUTING STENT-2.5 x 15MM (14-16),,Medical supply,N/A,,,2
eee7746a-9341-4f1f-a150-3f0bc80fe97a,,,Luer-lock,,Medical supply,N/A,,,2
cc9b90f0-946b-4fe3-a341-056135053c17,,,Liga Clips-small,,Medical supply,N/A,,,2
1dbc3b2a-b5c3-40f1-8ebf-19aec5cfd346,,,DRUG ELUTING STENT-2.5 x 18MM (17-19),,Medical supply,N/A,,,2
c2374cbc-cb1e-4dfc-b016-3d84b69d2bd6,,,DRUG ELUTING STENT-2.5 x 22MM (21-23),,Medical supply,N/A,,,2
4cdacdb4-df61-4cbd-845b-147c283644a6,,,DRUG ELUTING STENT-2.5 x 26MM (25-27),,Medical supply,N/A,,,2
9b444043-6be5-4a52-91b7-7afa8c86902f,,,DRUG ELUTING STENT-2.5 x 34MM (33-35),,Medical supply,N/A,,,2
26a1ff78-b61a-4460-951e-dcd008513622,,,DRUG ELUTING STENT-2.75 x 15MM (14-16),,Medical supply,N/A,,,2
6ec0e391-4016-47d9-b467-8e2ce3649319,,,Liga Clips-Medium,,Medical supply,N/A,,,2
8713e5a8-e8ea-45f5-af64-52d9a30dc56d,,,DRUG ELUTING STENT-2.75 x 18MM (17-19),,Medical supply,N/A,,,2
4100898e-9286-428f-8667-1e81a8bbe965,,,DRUG ELUTING STENT-2.75 x 22MM (21-23),,Medical supply,N/A,,,2
b27be5ca-8ab6-4c7c-808f-68a8c404cd98,,,DRUG ELUTING STENT-2.75 x 26MM (25-27),,Medical supply,N/A,,,2
15f9b7d4-9a87-468c-9709-9f780b40f548,,,Gore Tex suture  CV 5,,Medical supply,N/A,,,2
27134172-787a-4df0-ba7c-838b29e857ed,,,DRUG ELUTING STENT-2.75 x 34MM (33-35),,Medical supply,N/A,,,2
26fa783e-8810-4047-9787-36738c124910,,,DRUG ELUTING STENT-3.0 x 8MM (7-9),,Medical supply,N/A,,,2
f25b19a4-5fe5-4f1a-ab85-be47cacdda80,,,DRUG ELUTING STENT-3.0 x 12MM (11-13),,Medical supply,N/A,,,2
8181627c-64cf-44df-99bd-dc3cb49650f8,,,Extensions-15cm,,Medical supply,N/A,,,2
e703f2ba-b91e-45d9-98b6-e1ebbe05eca2,,,Extensions-100cm,,Medical supply,N/A,,,2
bcdf682f-1cd3-434f-8d44-4c74f9b3ad13,,,DRUG ELUTING STENT-3.0 x 18MM (17-19),,Medical supply,N/A,,,2
160062e7-a7be-4798-966a-88cff06bb484,,,DRUG ELUTING STENT-3.0 x 22MM (21-23),,Medical supply,N/A,,,2
80c81698-f830-4e49-9822-0c8ebbfbdabb,,,DRUG ELUTING STENT-3.0 x 26MM (25-27),,Medical supply,N/A,,,2
487b4d06-58d2-4480-8f95-142b37f79a6c,,,DRUG ELUTING STENT-3.0 x 30MM (29-31),,Medical supply,N/A,,,2
4656e3b1-97af-4099-a900-15db6c281e85,,,DRUG ELUTING STENT-3.5 x 12MM (11-13),,Medical supply,N/A,,,2
990e8651-714e-4d36-953b-d412b5a7a2f1,,,DRUG ELUTING STENT-3.5 x 18MM (17-19),,Medical supply,N/A,,,2
5ff5f662-642e-4aca-a781-6756f5dd710b,,,DRUG ELUTING STENT-3.5 x 22MM (21-23),,Medical supply,N/A,,,2
5cdd9bfb-d507-4072-9aff-47bbac6a1890,,,DRUG ELUTING STENT-4.0 x 12MM (11-13),,Medical supply,N/A,,,2
86ee68b5-3585-447f-a9e0-7bc383dd0c3c,,,CORONARY BALLOON DILATION CATHETERS - semicompliant balloon-1.25 X 6MM (5-7),,Medical supply,N/A,,,2
66e99120-b6f8-4e27-9600-5c8ae802eb06,,,Extensions-200 cm,,Medical supply,N/A,,,2
f845b4e0-63a8-49c7-bf25-8e9c25bdbb8c,,,CORONARY BALLOON DILATION CATHETERS - semicompliant balloon-1.25 X 10MM (9-11) SPL12510X,,Medical supply,N/A,,,2
dc4ff963-5e2a-4023-96c4-418f7b8d9536,,,CORONARY BALLOON DILATION CATHETERS - semicompliant balloon-1.5 X 6MM (5-7),,Medical supply,N/A,,,2
0fc770c5-09c1-4be1-966a-c8ca9f9e075d,,,CORONARY BALLOON DILATION CATHETERS - semicompliant balloon-1.5 X 10MM (9-11),,Medical supply,N/A,,,2
b8e1ec38-7536-462b-a999-1ce63cdfe46b,,,CORONARY BALLOON DILATION CATHETERS - semicompliant balloon-1.5 X 15MM (14-16),,Medical supply,N/A,,,2
283cb2b3-ae95-4b06-900b-a914d5c3bbf5,,,"Ethibond - 2-0-non-pledgetted, 17mm",,Medical supply,N/A,,,2
6fe4c00a-ebb9-4126-945a-4f87aecb8b01,,,CORONARY BALLOON DILATION CATHETERS - semicompliant balloon-1.5 X 20MM (19-21),,Medical supply,N/A,,,2
55cad9da-5ea5-456e-adf3-0843d6343910,,,"Ethibond - 2-0-non-pledgetted, 21mm",,Medical supply,N/A,,,2
e752075b-495f-42eb-80ab-4169c2e3dc54,,,"Ethibond - 2-0-pledgetted, 17mm",,Medical supply,N/A,,,2
a0fe809f-9e95-454e-af5e-bc8d537001ec,,,"Ethibond - 2-0-pledgetted, 21mm",,Medical supply,N/A,,,2
9e07fe56-89e0-42da-9cd8-9ff5cc5c6a6f,,,CORONARY BALLOON DILATION CATHETERS - semicompliant balloon-2.0 X 6MM (6-8 ),,Medical supply,N/A,,,2
aa9ff1fa-ad1c-4cc9-abb8-f05db5e3001a,,,CORONARY BALLOON DILATION CATHETERS - semicompliant balloon-2.0 X 10MM (9-11),,Medical supply,N/A,,,2
cfa34c2f-3f64-4e3a-a2db-67b152d8c423,,,CORONARY BALLOON DILATION CATHETERS - semicompliant balloon-2.0 X 15MM (14-16),,Medical supply,N/A,,,2
eec514f9-3aff-44d7-9bdf-056c4dca2912,,,CORONARY BALLOON DILATION CATHETERS - semicompliant balloon-2.0 X 20MM (19-21),,Medical supply,N/A,,,2
4cc58970-54ba-4ee8-81cf-d4d8650b9c59,,,CORONARY BALLOON DILATION CATHETERS - semicompliant balloon-2.5 x 15MM (14-16),,Medical supply,N/A,,,2
5f9fbf8d-3dc6-4957-893b-c14bf927b20a,,,CORONARY BALLOON DILATION CATHETERS - semicompliant balloon-2.5 X 10MM (9-11),,Medical supply,N/A,,,2
242d8bd0-5982-49e7-80e2-1910c72a8cf6,,,CORONARY BALLOON DILATION CATHETERS - semicompliant balloon-2.5 X 6MM (5-7),,Medical supply,N/A,,,2
4f4f68f0-3ce0-4365-942c-98bb7b28ea92,,,CORONARY BALLOON DILATION CATHETERS - semicompliant balloon-2.5 X 20MM (19-21),,Medical supply,N/A,,,2
dcaf62f4-3f78-476b-b077-e57a711774ae,,,NC PTCA BALLOON CATHETER-2.5 X 8MM (7-9),,Medical supply,N/A,,,2
5b9ef9d1-017a-4e2b-9623-b5749784f337,,,NC PTCA BALLOON CATHETER-2.5 x 12MM (11-13),,Medical supply,N/A,,,2
c008def8-b982-48d6-8941-0542975194ac,,,NC PTCA BALLOON CATHETER-2.75 X 8MM (7-9 ),,Medical supply,N/A,,,2
328f5276-8432-465a-bfb8-47272a6b9236,,,NC PTCA BALLOON CATHETER-2.75 X 12MM (11-13),,Medical supply,N/A,,,2
01761a49-514d-4b3e-bc9b-cc33dbb4ca1a,,,NC PTCA BALLOON CATHETER-2.75 x 15MM (14-16),,Medical supply,N/A,,,2
8fd94dfc-7f46-4a11-91d6-dbcda1b668ec,,,NC PTCA BALLOON CATHETER-3.0 x 8MM (7-9),,Medical supply,N/A,,,2
22bac4c9-3256-458d-a67f-1ce30f36d02e,,,NC PTCA BALLOON CATHETER-3.0 x 12MM (11-13),,Medical supply,N/A,,,2
84439da2-494e-4386-9855-7a7bf485ddd2,,,NC PTCA BALLOON CATHETER-3.0 X 15MM ( 14-16 ),,Medical supply,N/A,,,2
8e6d4c75-77dc-4609-ad1b-1edd37c01310,,,NC PTCA BALLOON CATHETER-3.25 X 8MM (7-9),,Medical supply,N/A,,,2
81ff68d6-83c0-4973-a9a9-4a0c7370c4e4,,,NC PTCA BALLOON CATHETER-3.25 X 15MM (14-16),,Medical supply,N/A,,,2
22c6bddd-b774-47e7-abd7-987873fc3f71,,,NC PTCA BALLOON CATHETER-3.50 X 8MM (7-9),,Medical supply,N/A,,,2
8c48bf7b-ed89-4b56-99c2-7f624df56fed,,,NC PTCA BALLOON CATHETER-3.50 X 12MM ( 11- 13),,Medical supply,N/A,,,2
5bedc802-07dd-4e0e-9bb0-a1a9ea60c509,,,"5Fr. TransRadial Introducer kit with introducer sheath, dilator, SPRINGmini guidewire. Introduce like 5Fr, use as a 6Fr  11CM SHEATH,",,Medical supply,N/A,,,2
4096ae2b-f22e-4607-a190-7c9362f9004a,,,"Femoral INTRODUCER, 11CM SHEATH,  17CM DILATOR, 0.038"" GUIDEWIRE  SET,-6F",,Medical supply,N/A,,,2
e362620e-29ce-453d-be1e-d7f857eb344a,,,"Femoral INTRODUCER, 11CM SHEATH,  17CM DILATOR, 0.038"" GUIDEWIRE  SET,-7F",,Medical supply,N/A,,,2
21565cbb-5e5a-4c2a-b14f-42b47a7e57dd,,,"26 - 30 ATM INFLATION DEVICE AND PITON ACCESSORIES / PCI Kit  with 26-30 ATM ,  Y-Adaptor,  Torque device,  Insertion tool , High pressure",,Medical supply,N/A,,,2
03efaceb-8d08-48fd-bfb9-d5b679a4aeb0,,,Manifold – 3way,,Medical supply,N/A,,,2
92fabb26-bcf4-4dc7-ab0a-336dedb10d7f,,,Thrombus ASPIRATION CATHETER-6F,,Medical supply,N/A,,,2
efb39e31-1699-4d52-a420-9de89d7c50b3,,,Puncture needle-18G ,,Medical supply,N/A,,,2
b91fc705-94d9-4e4c-adb6-a9403fedd60d,,,"ANGIODRAPE, 2 FEMORAL HOLES, ONE TRANSPARENT (RIGHT SIDE)-330x218cm",,Medical supply,N/A,,,2
19465e5d-897a-48a1-ac06-5435aba3dcd2,,,Sterile waterproof covering for table-150 x 250 CM,,Medical supply,N/A,,,2
9c5ecef2-e71d-474b-9506-799547255729,,,Image intensifier cover-90x90cm,,Medical supply,N/A,,,2
e8cd2dcb-c12c-41b4-ad07-79f421144b7e,,,Cardioplegia aortic root needle-14G,,Medical supply,N/A,,,2
8ed3d735-32a6-4383-b7f5-76c0a8cd47c8,,,Cardioplegia aortic root needle-16G ,,Medical supply,N/A,,,2
6bc59b48-2660-4c5f-b2f0-2fd942d0b1c6,,,Cardioplegia aortic root needle-18G ,,Medical supply,N/A,,,2
efea3dce-0d06-4cf6-af65-143774dc9397,,,Arterial filter-Adult,,Medical supply,N/A,,,2
c6e3ac37-40be-417f-ba9b-4fc30eb76666,,,Arterial filter-Pediatric ,,Medical supply,N/A,,,2
79a02d23-d587-4e09-aedd-65c8d57a5745,,,INTRODUCER NEEDLE-18G ,,Medical supply,N/A,,,2
0ee17de8-7e97-4046-beef-80860dd2db2b,,,"BRKTM -1 Transeptal Needle 71cm, 1.3,.50mm ST. JUDE MEDICAL",,Medical supply,N/A,,,2
edc8e413-6efd-42aa-b7b8-d2916d16ff8e,,,"BRKTM–XS Transeptal Needle 71cm, 1.3,.50mm  ST. JUDE MEDICAL",,Medical supply,N/A,,,2
f9cd90dc-f24b-418d-b488-e955d0fc8fb3,,,"BRKTM Transeptal Needle 71cm, 1.3,.50mm  ST. JUDE MEDICAL",,Medical supply,N/A,,,2
de47f1d3-73d5-48bb-b23d-3d78905ccc3f,,,"FAST-CATHTM SL1 Transeptal Guiding Introducer 8.5F ,67cm",,Medical supply,N/A,,,2
6715393f-7a5c-46de-a6e6-b8a4c086e0f0,,,INOUE BALLOON-22mm,,Medical supply,N/A,,,2
d78f3e9f-7b50-485d-9b6b-2a69781f0e86,,,INOUE BALLOON-24mm,,Medical supply,N/A,,,2
6f52f46d-d4ec-4f66-8970-7e2143fc77a2,,,INOUE BALLOON-26mm,,Medical supply,N/A,,,2
75a45172-9356-4eb5-bf07-73da5095fa89,,,INOUE BALLOON-28mm,,Medical supply,N/A,,,2
5cdd5fa2-f68c-4b99-974f-1cbd991af985,,,active fixation lead-58cm,,Medical supply,N/A,,,2
09451b84-36bd-4b61-b61a-10a3b8bbd728,,,active fixation lead-52cm,,Medical supply,N/A,,,2
2f400301-1844-45db-a3df-353c2e6ed7b5,,,Introducer-7FR  Peel away,,Medical supply,N/A,,,2
f46e4c47-e144-43a8-8e21-767518b57062,,,Introducer-9FR  Peel away,,Medical supply,N/A,,,2
e9dfa9d8-81ba-43a9-abf7-7b159f8f1e63,,,"Sheath short ( 7.5 CM) Introducer sheath, dilator, mini,guide wire-4F",,Medical supply,N/A,,,2
d48ce365-dfb0-4e19-a6cd-c9dc73e2ff3f,,,"Sheath short ( 7.5 CM) Introducer sheath, dilator, mini,guide wire-5F",,Medical supply,N/A,,,2
82a4981f-d299-4beb-852f-48767aa771c8,,,"Sheath short ( 7.5 CM) Introducer sheath, dilator, mini,guide wire-6F",,Medical supply,N/A,,,2
a35112d5-5b93-4e53-a981-0d57d753783d,,,"Sheath short ( 7.5 CM) Introducer sheath, dilator, mini,guide wire-7F",,Medical supply,N/A,,,2
83d04863-f856-453c-b71f-62e1a4a4a7ce,,,Epicardial leads 4968-35,,Medical supply,N/A,,,2
7343678c-24bc-4672-830b-2353411fa3b8,,,"Sheath short ( 7.5 CM) Introducer sheath, dilator, mini,guide wire-8F",,Medical supply,N/A,,,2
381a4333-5757-4e99-89d4-ecafd4c748f9,,,"Sheath short ( 7.5 CM) Introducer sheath, dilator, mini,guide wire-10F",,Medical supply,N/A,,,2
cac4228f-cfc3-498b-a112-789c2a2055be,,,"Sheath short ( 7.5 CM) Introducer sheath, dilator, mini,guide wire-12F",,Medical supply,N/A,,,2
4e7fc3e3-ca2e-404a-ae5d-56ad31053fbf,,,Septal Occluder-ASD012 device size 12,,Medical supply,N/A,,,2
3c47957c-4d15-4c16-b8fe-23e6b48fe9cc,,,Septal Occluder-ASD014 device size 14,,Medical supply,N/A,,,2
b47d8ab6-ad3f-443c-bea0-86352d1e3100,,,Septal Occluder-ASD015 device size 15,,Medical supply,N/A,,,2
e5494f8d-9991-4936-a067-93940f400def,,,Septal Occluder-ASD018 device size 18,,Medical supply,N/A,,,2
e74b35c9-25e6-4970-8048-99c6e3c62db2,,,Septal Occluder-ASD020 device size 20,,Medical supply,N/A,,,2
2bcecd30-e53d-417c-8e1f-932565dfba82,,,DIAGNOSTIC CATHETER 5FR × 100CM – JR 4,,Medical supply,N/A,,,2
dd3ec786-3478-4845-b5ba-ab786f52c55c,,,Septal Occluder-ASD022 device size 22,,Medical supply,N/A,,,2
a455aaed-3e84-40ec-b666-542a10826b0f,,,Septal Occluder-ASD024 device size 24,,Medical supply,N/A,,,2
6dc3c9ab-af56-41d1-9c6b-7be4a458c120,,,Septal Occluder-ASD026 device size 26,,Medical supply,N/A,,,2
d7fac1e9-5bb2-41db-aa55-2fe36b3934a2,,,DIAGNOSTIC CATHETER 5FR × 100CM – JR 3.5,,Medical supply,N/A,,,2
14b63492-abb4-4421-b0d8-830a8846735c,,,Septal Occluder-ASD028 device size 28,,Medical supply,N/A,,,2
48270a63-4208-4930-bd92-530ffd58782f,,,Septal Occluder-ASD030 device size 30,,Medical supply,N/A,,,2
631ab595-3d73-4c4e-b387-d5a4946542f3,,,Septal Occluder-ASD032 device size 32,,Medical supply,N/A,,,2
eb6e810e-9e29-4236-99b7-163473e1473f,,,Septal Occluder-ASD034 device size 34,,Medical supply,N/A,,,2
76b3b9b1-c46e-4f98-ab18-c963aef92fd3,,,Septal Occluder-ASD038 device size 38,,Medical supply,N/A,,,2
d3bf13f9-6853-4732-a15d-9de36fa360fb,,,"MPA 1/ MULTIPURPOSE ,CATHETER-6F",,Medical supply,N/A,,,2
3209eb7c-b555-403f-bb99-928213bd2ba8,,,"MPA 1/ MULTIPURPOSE ,CATHETER-5F",,Medical supply,N/A,,,2
560bc1ca-d80e-4907-8091-7595ce22aaa5,,,DIAGNOSTIC PIGTAIL CATHETER-5F,,Medical supply,N/A,,,2
e1cda002-4180-4796-9574-5d4f88dc0acb,,,DIAGNOSTIC PIGTAIL CATHETER-4F,,Medical supply,N/A,,,2
a23606b7-42ab-425e-bfbc-96c153a97793,,,Duct occluder-8x6,,Medical supply,N/A,,,2
5408ec9f-00c7-4d69-9156-d73d38dce1c9,,,"Regular J-tip guidewire .035""x150cm, Non-Hydrophilic",,Medical supply,N/A,,,2
a0a561ea-0b59-4991-9444-ae4476c2bd16,,,Duct occluder-10x8,,Medical supply,N/A,,,2
1dff4260-eb24-4e78-9380-177cab46e336,,,"Regular J-tip guidewire .035""x180cm, Non-Hydrophilic",,Medical supply,N/A,,,2
7cf43b9a-24dc-4160-a6aa-c22c1f69bcb4,,,Duct occluder-12x10,,Medical supply,N/A,,,2
1f65eb39-264a-4719-af49-914869c43cb5,,,"Regular J-tip guidewire .035""x260cm,  Non-Hydrophilic",,Medical supply,N/A,,,2
98c7c495-1de1-44b7-9620-87fb4f380502,,,Duct occluder-14x12,,Medical supply,N/A,,,2
ce8da995-7484-410e-ba55-930600dc9d08,,,Duct occluder-16x14,,Medical supply,N/A,,,2
4a7c7023-efdb-4e04-90d3-c167b58f5652,,,0.035 × 150CM – J TIP Hydrophilic,,Medical supply,N/A,,,2
181e7574-2dd0-4120-9a6e-6fb54e5d519a,,,0.025 × 150CM – J TIP Hydrophilic,,Medical supply,N/A,,,2
67a784b8-d920-415d-85b2-b8d942077436,,,VSD-MUSC008 size 8,,Medical supply,N/A,,,2
de4ae46b-2e23-4f92-bffd-258f450488d9,,,VSD-MUSC010 size 10,,Medical supply,N/A,,,2
aa440724-ffaa-42a4-b8f3-b30c97e1f794,,,VSD-MUSC012 size 12,,Medical supply,N/A,,,2
5a8c8ff9-e66c-4f01-9123-5213da1ba58d,,,Delivery  Sheath-06F18060,,Medical supply,N/A,,,2
cf2c8499-1583-409a-9fda-67a17ea16964,,,Delivery  Sheath-06F18080,,Medical supply,N/A,,,2
a8142df9-5a8d-45fe-80d2-a1f333387d6d,,,Delivery  Sheath-07F18080,,Medical supply,N/A,,,2
23628328-78cd-43fb-a4bb-f736d4a41a92,,,Balloon Dilatation Catheter-(Balloon Diameter X balloon length) 10mmx3cm,,Medical supply,N/A,,,2
457beff1-137d-47e3-9896-b5dc09b779d3,,,Balloon Dilatation Catheter-(Balloon Diameter X balloon length) 12mmx2cm,,Medical supply,N/A,,,2
7c4314e1-ee82-4954-a61d-19ced5100940,,,Delivery  Sheath-07F18060,,Medical supply,N/A,,,2
088a2da6-ff51-4acf-9003-f27a020f5099,,,Balloon Dilatation Catheter-(Balloon Diameter X balloon length) 12mmx3cm,,Medical supply,N/A,,,2
f659c899-b086-47d9-85d9-773b92b6cda6,,,Delivery  Sheath-08F18080,,Medical supply,N/A,,,2
e92e364a-7106-4894-981e-f1bf6c9366e7,,,Delivery  Sheath-08F4560,,Medical supply,N/A,,,2
2e9cd66c-8f2e-4358-901a-3cf8ac3c7a0a,,,Balloon Dilatation Catheter-(Balloon Diameter X balloon length) 14mmx3cm,,Medical supply,N/A,,,2
90affafb-b68b-4a5b-ade9-264bb6d0157e,,,Delivery  Sheath-08F4580,,Medical supply,N/A,,,2
8bef007a-0e3e-4821-ba31-7b2a5ebebbe0,,,Balloon Dilatation Catheter-(Balloon Diameter X balloon length) 15mmx3cm,,Medical supply,N/A,,,2
0796ef7b-414b-454f-ae00-4bd71f81fa31,,,Delivery  Sheath-09F4580,,Medical supply,N/A,,,2
1d4a5d0f-8fd8-4ecb-9d3e-410b2007e4dd,,,Balloon Dilatation Catheter-(Balloon Diameter X balloon length) 16mmx3/4cm,,Medical supply,N/A,,,2
879a781a-9deb-4f8a-b142-39d4f3e2d604,,,Delivery  Sheath-10F4580,,Medical supply,N/A,,,2
7a53866e-125d-4930-aa92-375baf5cef38,,,Delivery  Sheath-12F4580,,Medical supply,N/A,,,2
05eadd14-6365-4f42-b0db-ded28627b183,,,Balloon Dilatation Catheter-(Balloon Diameter X balloon length) 18mmx4cm,,Medical supply,N/A,,,2
d0b60f87-88de-474b-8920-a475fbf1ebf0,,,Delivery  Sheath-14F4580,,Medical supply,N/A,,,2
8326261d-f510-4288-894c-7c478e13beff,,,Balloon Dilatation Catheter-(Balloon Diameter X balloon length) 20mmx4cm,,Medical supply,N/A,,,2
0ba41587-8119-4520-a086-48f6307a546c,,,Balloon Dilatation Catheter-(Balloon Diameter X balloon length) 20mmx5cm,,Medical supply,N/A,,,2
fd046ab0-2df1-4d1f-b957-65b37bd04624,,,Balloon Dilatation Catheter-(Balloon Diameter X balloon length) 25mmx4cm,,Medical supply,N/A,,,2
e1a2bff5-cd60-4f13-a754-834156b5ca29,,,Balloon Dilatation Catheter-(Balloon Diameter X balloon length) 25mmx5cm,,Medical supply,N/A,,,2
5af7576c-9a01-4093-aa0b-358d8735262c,,,Balloon Dilatation Catheter-(Balloon Diameter X balloon length) 26mmx4cm,,Medical supply,N/A,,,2
9a1219bd-f804-4edd-930a-aa56b18c1cb6,,,Balloon Dilatation Catheter-(Balloon Diameter X balloon length) 26mmx6cm,,Medical supply,N/A,,,2
ed590a47-26db-4d16-8259-0fe6fed4feac,,,"Sheath short ( 7.5 CM) Introducer sheath, dilator, mini,guide wire-9F",,Medical supply,N/A,,,2
099c7001-8353-4f7c-9de8-05435e0c6911,,,Contact activated blood lancet-length 2mm,,Medical supply,N/A,,,2
111a2c3e-7637-4fd2-9414-9f92408ce55b,,,Mechanical Valve prostheses-Mitral Valve - 25mm,,Medical supply,N/A,,,2
afef14f7-2196-4fcb-ab9e-b1bd10ca9a14,,,"Prolone - 6.0 double armed-round, 75cm long",,Medical supply,N/A,,,2
d4f3825a-e1a4-42b2-a822-e53a3a3a7e89,,,"Prolene - 5.0 double armed-round, 75cm long",,Medical supply,N/A,,,2
22e0d81f-ad08-4ed6-ac31-19b278f4cd22,,,"Prolene - 3.0 double armed-round, 75cm long",,Medical supply,N/A,,,2
bd2df4cb-c5ba-4baf-85e7-8a1fb7a9c387,,,"Prolene - 4.0 double armed-round, 75cm long",,Medical supply,N/A,,,2
14592f3c-1540-45c8-81a3-638e353c9e5d,,,"Polydioxanone (PDS) - 5.0-round, 75cm long",,Medical supply,N/A,,,2
6c3b9cc4-91bf-4926-a5ef-a8fc76c05467,,,"Polydioxanone (PDS) - 4.0-round, 75cm long",,Medical supply,N/A,,,2
d5414dcc-fcf6-4643-be46-8b52395f458e,,,"Prolene - 7.0, Double armed, round, 15-20cm needle length, 60-75cm stich length",,Medical supply,N/A,,,2
35663e63-5dbe-4168-9372-3ca9da690ea2,,,Cauthery patient plate/pad - Plastic Electero-cauthery plates,,Medical supply,N/A,,,2
79a8885e-9647-4fcb-8695-31e93211b345,,,"Silk ties (sutures  without needle) - 2.0, 45cm long (5-12 strands/ties per package)",,Medical supply,N/A,,,2
aede5880-11af-4acd-a372-4bb194c2bc61,,,"Silk ties (sutures  without needle) - 0, 75cm  (4-6 strands/ties per package )",,Medical supply,N/A,,,2
68c23fe8-7700-4e82-ad68-f0235aaecc2b,,,Delivery sheath 9-ITV07F45/60,,Medical supply,N/A,,,2
c2b37295-0b61-4ff9-af0f-95912416b185,,,Delivery sheath 9-ITV08F45/80,,Medical supply,N/A,,,2
9f40115b-fe7f-4cfd-ac6b-072fdb344997,,,Delivery sheath 9-ITV09F45/80,,Medical supply,N/A,,,2
231383e1-230e-4ed8-91ce-8f954d642b3c,,,Delivery sheath 9-ITV10F45/80,,Medical supply,N/A,,,2
46dc81bc-0308-49fc-816f-dbc59ae812af,,,Delivery sheath 9-ITV12F45/80,,Medical supply,N/A,,,2
f6940548-f923-4f60-9cbc-11ede3daf907,,,Delivery sheath 9-ITV06F180/80,,Medical supply,N/A,,,2
c4809e5d-9538-41e5-b109-60f8b13b08f0,,,Delivery sheath 9-ITV07F180/80,,Medical supply,N/A,,,2
366ca381-33d9-4f6a-8ff5-214c847c7854,,,Delivery sheath 9-ITV06F45/60,,Medical supply,N/A,,,2
2180a9de-e067-4f46-8185-f5a466cc043a,,,Endotracheal Tube - 18CH,,Medical supply,N/A,,,2
352afdc3-36da-4049-b802-6583bca571f4,,,Septal Occluder  ASD012 device size 12 with (Delivery sheath 9-ITV07F45/60),,Medical supply,N/A,,,2
70773078-229a-4b66-9a19-b9e398b575f2,,,Septal Occluder  ASD014 device size 14 with (Delivery sheath 9-ITV07F45/60),,Medical supply,N/A,,,2
84341ed9-acde-45c7-8ef9-41666ff507f4,,,Septal Occluder  ASD015 device size 15 with (Delivery sheath 9-ITV07F45/60),,Medical supply,N/A,,,2
776cb2bd-4ef8-4c2c-94e8-cf995fc1798c,,,Septal Occluder  ASD018 device size 18 with (Delivery sheath 9-ITV08F45/80),,Medical supply,N/A,,,2
b16a1e79-5f97-4677-9b8e-2bd191dd0126,,,Septal Occluder  ASD020 device size 20 with (Delivery sheath 9-ITV09F45/80),,Medical supply,N/A,,,2
ebadfe4c-f94b-48cf-9704-5c6a942e2d19,,,Septal Occluder  ASD022 device size 22 with (Delivery sheath 9-ITV09F45/80),,Medical supply,N/A,,,2
98099b0c-8625-41a5-887d-95c979a65128,,,Septal Occluder  ASD024 device size 24 with (Delivery sheath 9-ITV09F45/80),,Medical supply,N/A,,,2
102af862-c673-42ae-99cc-1696d74c03ac,,,Septal Occluder  ASD026 device size 26 with (Delivery sheath 9-ITV10F45/80),,Medical supply,N/A,,,2
733f610d-24c3-43a0-b341-486c546e6559,,,Septal Occluder  ASD028 device size 28 with (Delivery sheath 9-ITV10F45/80),,Medical supply,N/A,,,2
7b994905-160a-48c5-97bf-a98ffa0887e8,,,Septal Occluder  ASD030 device size 30 with (Delivery sheath 9-ITV10F45/80),,Medical supply,N/A,,,2
253cb316-68b6-4d24-a063-a0d1683a3d31,,,Septal Occluder  ASD032 device size 32 with (Delivery sheath 9-ITV12F45/80),,Medical supply,N/A,,,2
aa68f1c1-39dc-46a2-a7bd-f514950720cd,,,Septal Occluder  ASD034 device size 34 with (Delivery sheath 9-ITV12F45/80),,Medical supply,N/A,,,2
275f9112-3470-416b-b003-93210bfc9f58,,,Septal Occluder  ASD038 device size 38 with (Delivery sheath 9-ITV12F45/80),,Medical supply,N/A,,,2
a00fbcdd-c1ea-4781-bed2-7824226ecd3e,,,Duct occluder   8x6 with (Delivery sheath 9-ITV06F180/80),,Medical supply,N/A,,,2
8d096358-188a-44d9-a9ce-8918c18ba0c9,,,Duct occluder  10x8 with (Delivery sheath 9-ITV06F180/80),,Medical supply,N/A,,,2
adb9ea3c-056e-4ced-be11-5e2b522ff7ab,,,Duct occluder  12x10 with (Delivery sheath 9-ITV07F180/80),,Medical supply,N/A,,,2
5b91c784-a7ce-41ac-9da5-3c541d48464b,,,Duct occluder  14x12 with (Delivery sheath 9-ITV07F180/80),,Medical supply,N/A,,,2
2cb51f7d-c78c-4bac-bc13-b2585c651271,,,Duct occluder  16x14 with (Delivery sheath 9-ITV07F180/80),,Medical supply,N/A,,,2
2eeb8f57-3f4c-4b0b-9b61-bc6e32fff671,,,VSD MUSC008 size 8 with (Delivery sheath 9-ITV06F45/60),,Medical supply,N/A,,,2
9b0b279e-753b-4596-a8ad-3b0627c3de0d,,,VSD MUSC010 size 10 with (Delivery sheath 9-ITV06F45/60),,Medical supply,N/A,,,2
6735a984-babf-4628-9bc3-8f4e5eb4815c,,,VSD MUSC012 size 12 with (Delivery sheath 9-ITV07F45/60),,Medical supply,N/A,,,2
dfad0dc0-f211-4927-90bb-862a38f9d7ec,,,Syringe (Disposable)-23G,,Medical supply,N/A,,,2
4c866f7c-a749-4c49-8b33-69330d26a637,,,Syringe (Disposable)-5ml with  Needle 23G,,Medical supply,N/A,,,2
35838c76-bb3f-4d6e-a00f-f0db77e37dc2,,,"Gauze Compress-10cm x 10cm, Sterile",,Medical supply,N/A,,,2
cf0c7858-b279-46df-99b6-720036711af6,,,Etacoat 2.4%HPMC-2.3ml,,Medical supply,N/A,,,2
30a3afe0-7ea5-425a-b92c-dc9e12041cb3,,,ADVIA 560 - Thermal Paper,,Medical supply,N/A,,,2
e4822b7a-c166-463a-881b-f5e82dd67207,,,ADVIA 360 - Thermal Paper,,Medical supply,N/A,,,2
a1f8254b-5542-45d0-a404-a9bc9238c45c,,,"Filter Paper - High Grade, Diameter 5.5cm",,Medical supply,N/A,,,2
7baf30e6-58dc-4097-86f1-8ed91375bd57,,,Spectra Optia Apheresis – Platelet blood collecting bag in set,,Medical supply,N/A,,,2
0742b7e3-9235-4ed9-ab29-2121210316c0,,,Lint Free Disposable Lab Wipes - 13.5 x 14.5 Inches,,Medical supply,N/A,,,2
0e8eb5b1-0210-424f-b472-06a86c21fb95,,,Lint Free Disposable Lab Wipes - 12.5 x 14.4 Inches,,Medical supply,N/A,,,2
82ac5cb5-c179-447f-b273-b6ac0ca84740,,,"Biohazard Bags - Disposable, Red - 830x930mm",,Medical supply,N/A,,,2
58f7dcba-7caa-43f7-bc23-3ec3929084b1,,,"Adhesive Wound Plaster - 19mm x 72mm, Sterile",,Medical supply,N/A,,,2
e4f74914-db5a-47b3-b8aa-08ad8243ec4b,,,"Dialysis Blood Tube, Adult - Free Size",,Medical supply,N/A,,,2
c059dbb2-1fd7-45ec-ad82-75a47191d457,,,AV Fistula Needle - 16G,,Medical supply,N/A,,,2
4ff0b0c6-93e9-4ed9-b3e6-85c4b6fd5a7b,,,AV Fistula Needle - 17G,,Medical supply,N/A,,,2
52caeada-9d51-4a8b-81f7-2234f5dfd039,,,"Dialysis Catheter, Temporary Double Lumen - 12FR, 15cm",,Medical supply,N/A,,,2
880cb8df-857d-44dd-83e3-c304b425f00d,,,"Dialysis Catheter, Temporary Double Lumen - 12FR, 20cm",,Medical supply,N/A,,,2
0d1ce391-d964-4090-888c-2f017508a437,,,"Dialysis Catheter, Temporary Double Lumen - 9FR, 12cm",,Medical supply,N/A,,,2
29b05941-ab3a-4017-9cc3-41cfda804059,,,Dialyzer - 1.7m2,,Medical supply,N/A,,,2
b442f50e-6654-4915-bf29-945073f40fc5,,,Dialyzer - 1.8m2,,Medical supply,N/A,,,2
245cd16c-c8b3-49fa-b7a9-294095ffde9f,,,Dialyzer - 1m2,,Medical supply,N/A,,,2
bed196b3-0170-4f55-ad6d-3e64cd689f4e,,,Dialyzer - 1.6m2,,Medical supply,N/A,,,2
0228701f-a27f-4db0-a545-3a678f7977e8,,,Dialyzer - 1.1m2,,Medical supply,N/A,,,2
38d8f064-ece6-4d07-b4d2-0d54acd29f05,,,Dialyzer - 1.9m2,,Medical supply,N/A,,,2
0059ebdf-ced0-400e-a21d-e0bd5dbfc082,,,Dialyzer - 1.5m2,,Medical supply,N/A,,,2
2cddcd5f-6d83-4c0f-8c02-17642d47d842,,,disposable protective clothing-plastic,,Medical supply,N/A,,,2
7b493f4c-5cb3-4d70-a6b9-041e56f2b6fc,,,Detection Kit for 2019 Novel Coronavirus (2019-nCoV) RNA (PCR-Fluorescence Probing)-plastic,,Medical supply,N/A,,,2
c76230e3-4692-4cd9-b754-2f853df27821,,,Face Shield Guardall-plastic,,Medical supply,N/A,,,2
6bd7851c-3c92-44d5-ad5b-989450fd5933,,,Face Mask - KN95,,Medical supply,N/A,,,2
8cdebe2d-b1db-4522-8d6f-6cac2dfa99e3,,,Glove Examination Powder Free Vinyl - Large,,Medical supply,N/A,,,2
beac387a-5fd3-476c-9a54-836d51d4e225,,,Glove Examination Powder Free Vinyl - Medium,,Medical supply,N/A,,,2
e0f6501f-dc6a-47cc-af7c-90697b8e5d37,,,Glove Examination Powder Free Vinyl - Small,,Medical supply,N/A,,,2
c9ccb01e-5f3f-47a9-959b-17aeb6de08a2,,,USB Card XN-L Check,,Medical supply,N/A,,,2
b36f333e-1038-452a-bc63-2581ea34d1c7,,,Face Mask-Reusable,,Medical supply,N/A,,,2
2cb4ac6d-09f5-4d4f-af86-5c6a9fb4b326,,,Face Mask-Full series,,Medical supply,N/A,,,2
d0c75e17-8f89-4f1e-b7d3-d46d743ff789,,,Power Air - Purifying System With Hood,,Medical supply,N/A,,,2
c8ce7c86-e01e-41c1-ae87-5264dcd93bc7,,,Power Air - Purifying System Without Hood,,Medical supply,N/A,,,2
dbe5d33c-f3f4-4af5-b4fb-bc6f3a108daf,,,Starter Kit - Cervical Cancer screening,,Medical supply,N/A,,,2
a474a157-0a5b-4ad8-b10b-1837ed1ae575,,,Sterile - Polystyrene Dacron Swab,,Medical supply,N/A,,,2
0f12cdcb-b38e-47bb-b4c1-d479131d03a5,,,Mersilk  Braided Black-guage 3.5 (0) 75cm on 32mm 1/2 circle round bodied needle,,Medical supply,N/A,,,2
e0a541ad-3d2e-48c2-b825-5f9902483720,,,Tracheostomy Tube-Plastic With 90 Degree Curvature Size 3.5,,Medical supply,N/A,,,2
26ac2f0f-e170-4164-bbae-530a7fb470a6,,,Tracheostomy Tube-Plastic With 90 Degree Curvature Size 5.0,,Medical supply,N/A,,,2
63b134d6-08de-4e74-9bad-1a7e19ab4694,,,"Perma Hemodialysis Catheter Double Lumen – 13.5Fr, 32cm",,Medical supply,N/A,,,2
0d334808-f529-4f12-a366-6523cb145d2c,,,"Personal Protective Equipment Kit - (Includes Coverall with Hood, Surgical Face Mask, Surgical Glove Pair, Shoe Cover Pair, Waste Bag-Black)",,Medical supply,N/A,,,2
557ed20b-9cba-4806-8bd6-01defebe0d4d,,,Coverall – Medium,,Medical supply,N/A,,,2
3362aa4f-6663-4a4e-a012-4a0678586abc,,,Coverall – Extra Large,,Medical supply,N/A,,,2
4561e6c1-c37f-4e74-8472-92f2a62a0b1e,,,Coverall – Large,,Medical supply,N/A,,,2
de072441-da48-4122-ae1b-eda063ca1c47,,,Personal Protective Equipment Kit - (Cover all + Shoe cover),,Medical supply,N/A,,,2
a8ffea19-b821-437a-a151-6d162a20f323,,,Medical Scrub composed of - ( one V-neck shirt and drawcord trouser)-Polyester Viscose 300gms/m2,,Medical supply,N/A,,,2
a45f1132-6926-4a26-a1dc-79c47fc6b26e,,,Meri Silk Black-guage -2.0 (3) 75cm On 33mm 1/2 Circle Round bodied,,Medical supply,N/A,,,2
b5beb253-f677-4a92-8f14-69ac01d3fbb3,,,Bone Marrow - Aspiration Needle-Blue line short 18G,,Medical supply,N/A,,,2
00179df4-fdba-4701-942d-dfb120a5c7b8,,,Face Mask-Child,,Medical supply,N/A,,,2
eb5f92fb-aa4d-487d-bd0b-89f491e70606,,,Face Mask-KF94,,Medical supply,N/A,,,2
cfdab504-ad74-4865-bc15-acba0d67a8ad,,,Eppendorf Tips-PCR Clean Sterile 5-1000 Micro L,,Medical supply,N/A,,,2
4f6cb5f5-2504-4d7f-9ec0-42ffd476452b,,,Eppendorf Tips-2-20 Micro L,,Medical supply,N/A,,,2
e3aeaed9-a496-43c6-a26f-1f462f1ddaaa,,,Eppendorf Tips-PCR Clean Sterile 2-20 Micro L,,Medical supply,N/A,,,2
9f62dcf8-68e2-41ea-be4e-4885f22f51f6,,,Optical Flat 8-Cap-Strips for 0.2ml Tubes,,Medical supply,N/A,,,2
0d6dc21c-3057-4fc6-b179-ebdb2fd39b02,,,Face Mask-Non Medical Cloth,,Medical supply,N/A,,,2
2dba1fdc-ee66-451a-863e-ed016bc26418,,,Wipes - Container,,Medical supply,N/A,,,2
0503bf1a-fd7c-45f6-816f-4d4ce8cd0848,,,Face Mask-CPR,,Medical supply,N/A,,,2
562e2ec3-daa3-4618-852d-a551065aa9ce,,,Doctors Shoe-small,,Medical supply,N/A,,,2
454fdc41-720f-4d5f-b84a-0342782323e0,,,Doctors Shoe-Medium,,Medical supply,N/A,,,2
5559ca6b-147f-4027-bad6-b1c79c0f157f,,,Doctors Shoe-large,,Medical supply,N/A,,,2
da456918-add5-4357-96ec-de2876f8571a,,,Pads - With Alcohol,,Medical supply,N/A,,,2
7e8f137b-4eed-4a09-9e35-2a75ee2f16a8,,,"Cryogenic Vial-2 ml,Self Standing,Round Bottom",,Medical supply,N/A,,,2
43d20db8-5981-4bb2-9aae-42d173431fa4,,,Spatula -Stainless Steel,,Medical supply,N/A,,,2
ee770b05-080e-4532-9d02-1236c1790f73,,,Pasteur pipette plastic-Non sterile 3ml,,Medical supply,N/A,,,2
cbf2b9a4-95b0-43b3-a839-07f0d8535471,,,Vacutainer Blood Collection Tube-with EDTA anticoagulant purple top 4ml Plastic,,Medical supply,N/A,,,2
c3e115a0-61a2-4d58-9c22-cd6575cd157a,,,"Cover Slide-22x22mm, 13mm Thickness",,Medical supply,N/A,,,2
965ee0bc-ef7f-4cf4-be50-57006dbfcb7d,,,Cat Gut Chromic-Gauge 2.0(4/0) 75cm on 15mm 1/2 Circle Reverse Cutting Needle,,Medical supply,N/A,,,2
ec7cd5f4-224a-4df9-bbd8-3261aeae70f7,,,Vacutainer Blood Collection Tube-with citrated anticoagulant blue top 4ml Plastic,,Medical supply,N/A,,,2
1acea3d8-d88b-488a-81da-e93ae44070b4,,,Drainage Chest Tube-20FG,,Medical supply,N/A,,,2
907889ad-475a-410b-9b5a-4edf476709c4,,,Drainage Chest Tube-16FG,,Medical supply,N/A,,,2
312de36d-119e-4c4a-a5b7-b0d066ffe6c3,,,Transport Swab Sterile with transport  media,,Medical supply,N/A,,,2
9ff38f81-f06e-4575-8486-565d3d09fb10,,,Glove Examination Powder Free Nitrile  Non sterile-X Large,,Medical supply,N/A,,,2
45f5a96b-d529-4d4e-a914-3b20a95db0c9,,,NEO Iris - Stir Balls Dispenser,,Medical supply,N/A,,,2
851b4fd5-ee86-4016-bfda-e9e49ad67f1c,,,Medical Protective Clothing For an Emergency-X-Large sterilizable,,Medical supply,N/A,,,2
4568a206-685a-4bb9-b72e-7e218e88e206,,,Alinity i - Closure Gap for Reagents,,Medical supply,N/A,,,2
cbe6746b-1343-4c34-b035-4c597b1cc123,,,"Polydioxanone (PDS) - 4.0-Round , 70Cm Long",,Medical supply,N/A,,,2
34d5869a-c381-4e20-94fe-b7221403bf24,,,Pipette Tip - sterile with filter 1000 Micro Litter,,Medical supply,N/A,,,2
8613f700-fd2f-4aec-96c1-30a0af55289d,,,Cobas 6000 - Halogen Lamp,,Medical supply,N/A,,,2
5283100a-64ee-4e81-83d9-3a56b390783d,,,Spinal Needle  10cm-25G,,Medical supply,N/A,,,2
e7d766fc-f8d3-4bd2-9b0a-8329fa4229c4,,,Glove Examination Powder Free Nitrile Sterile-Xs Size,,Medical supply,N/A,,,2
431d7233-805d-4ed3-bef3-28ebec95c003,,,NEO Iris - Barcoded Microplates,,Medical supply,N/A,,,2
8ca5974f-dd8e-4be9-b7b2-a7f74da0b942,,,Medical Protective Clothing For an Emergency-Large sterilizable,,Medical supply,N/A,,,2
daa61f2e-86bd-4667-8a9f-63257283db24,,,Alinity i - Reaction Vessel,,Medical supply,N/A,,,2
f04598ae-d6e9-4a89-ac0c-a5a264642efc,,,Pipette Tip - sterile with filter 200 Micro Litter,,Medical supply,N/A,,,2
58160172-9cd4-480f-95c6-f63448a5ab2b,,,Biohazard Bag Specimen-15x23 cm,,Medical supply,N/A,,,2
15a3b915-bf29-428d-a899-022416fc3f2e,,,NEO Iris - Select Wells,,Medical supply,N/A,,,2
f520faaf-78a8-4f86-beb8-0af24aeef258,,,Alinity i - Maintenance Kit,,Medical supply,N/A,,,2
a20e2188-b614-4abf-abe4-1a0240a6a9cb,,,Pipette Tip - sterile with filter 20 Micro Litter,,Medical supply,N/A,,,2
f2d53a7d-cdd9-40a6-8857-4b51204d8610,,,Drainage Chest Tube-24FG,,Medical supply,N/A,,,2
097d224e-9218-4828-bc2f-d4535ac569c5,,,NEO Iris - Stir Balls,,Medical supply,N/A,,,2
920bc70e-28fe-4d85-b6d6-a19a2bbe6226,,,Cat Gut Chromic - Guage 6.0(2) 75cm on 35mm 1/2 circle round bodied Heavy needle,,Medical supply,N/A,,,2
58031e3c-1e39-4497-9677-faf740d25228,,,Medical Protective Clothing For an Emergency-XX-Large sterilizable,,Medical supply,N/A,,,2
e94c0076-3d28-4637-a430-7b5060dbee9a,,,Alinity i - Sample Cup,,Medical supply,N/A,,,2
85a1a961-4505-471e-91b1-2250825e5182,,,Under Pad Absorbent Plastic Backing-45x60cm,,Medical supply,N/A,,,2
401cb15a-7bfc-472a-b78d-6d39e3725051,,,Drainage Chest Tube-36FG,,Medical supply,N/A,,,2
5f68e51d-1f34-46c1-a8e3-f6e2be8bbbac,,,Cobas 6000 - Reaction Cell set,,Medical supply,N/A,,,2
126d0b6f-7b32-4199-81fb-189fb915d2f9,,,Glass Vial with a rubber stopper flip top - Sterile Non latex,,Medical supply,N/A,,,2
a18a9f0e-0ee8-4905-b94d-68b7b4e44fce,,,EX - Tube-X2 - FL100,,Medical supply,N/A,,,2
839dc110-52bc-441e-8df9-901aa93a3fa1,,,Lab Coat-Blue Medium,,Medical supply,N/A,,,2
7811a0a8-2138-4aa2-a277-01b187040b1f,,,Fenestrated Towel-1mX1m,,Medical supply,N/A,,,2
43cbad9a-da56-42a7-a35e-6e1b1818fb8d,,,Syringe Pump-50ml,,Medical supply,N/A,,,2
664275aa-325a-47e9-bcda-da0c1c4133e0,,,Neck Collar-Hard Medium size,,Medical supply,N/A,,,2
8e8a5cba-d431-4211-bd14-3d3452a760bd,,,IV Catheter-20G ,,Medical supply,N/A,,,2
68aff5d9-c8a3-4a66-982e-ae21ce74a6a2,,,Bed Sheet-small,,Medical supply,N/A,,,2
22e9fad8-640e-4d00-9753-cf07a6f8512a,,,Mosquito Bed Net (LLIN) - PBO-190x180x170 cm (LxWxH),,Medical supply,N/A,,,2
fc75829f-2272-4a96-9d44-5fb3d4835c1e,,,Syringe Pump-20ml,,Medical supply,N/A,,,2
258f6f40-0690-4cd9-bdbf-ec892948cb4a,,,Mersilk Black Braided Black-Gauge 1.5(4/0) 75 cm on 19 mm 3/8 Circle Reverse Cutting Needle,,Medical supply,N/A,,,2
32c6f01f-beda-4213-befa-2573db238da9,,,Table Drape-70cmx80cm,,Medical supply,N/A,,,2
e2d1e6fe-3076-4649-b5d8-e2cedec133cd,,,Syringe Pump-10ml,,Medical supply,N/A,,,2
6e66aedf-5ddf-4f22-9301-f09d7a1a6a96,,,Lab Coat-White-Large,,Medical supply,N/A,,,2
994f1ef2-1d1d-4ebf-a68f-c7671dccaf61,,,Neck Collar-Hard Large size,,Medical supply,N/A,,,2
a1fa5e06-2fa1-4f9a-a6db-c0daa487eaad,,,"First Aid Tape-1""x10yd, cloth non-sterile",,Medical supply,N/A,,,2
fdaece29-86ce-4961-9db5-36f2cbb2c4d0,,,Tools Towel-50cm X 50cm,,Medical supply,N/A,,,2
c0a7428a-fce4-4e48-a2e2-79977d18c993,,,Gown - Isolation,,Medical supply,N/A,,,2
9505682d-07f9-4ff8-bb7e-8807dbb769db,,,Chest Tube-32Fr,,Medical supply,N/A,,,2
2387886f-9c93-43cd-9526-43fac1d18dda,,,IV Catheter-24G,,Medical supply,N/A,,,2
1a4d3fbc-7f60-446e-9c67-43f5385d1bec,,,"Prolene - 4.0 double armed-Round , 90cm Long",,Medical supply,N/A,,,2
41238147-c943-425c-8d11-ddbe8e22e85d,,,Face Mask-KF80,,Medical supply,N/A,,,2
35f20e04-ea1c-40c8-83fb-a8da983f95c2,,,Towel-small,,Medical supply,N/A,,,2
4c1fb342-6883-4c7e-97c3-b25e2366d6c6,,,Mask - Non  re-breathing oxygen-Large Size 50x36x30,,Medical supply,N/A,,,2
c6423494-954f-4b53-8b19-fd00858126ae,,,Chest Tube-20Fr,,Medical supply,N/A,,,2
911e3c9c-6c9d-4ff5-9ff8-23bc673a9fd4,,,AV Fistula Needle - 16G-16G*25mm rotable wing with backeye,,Medical supply,N/A,,,2
24fc6e6e-e9d4-4e85-b5bc-2e26c4d0fc25,,,Mask - Non  re-breathing oxygen-Medium Size 50x36x30,,Medical supply,N/A,,,2
d003796a-7ae3-416e-8f66-3ab81fd58c89,,,Burner - Bunsen,,Medical supply,N/A,,,2
8dd7443b-a4c0-4361-8f70-04d43db53518,,,IV Catheter-22G,,Medical supply,N/A,,,2
ed7a6bb5-f2cf-4692-aca5-697c9f9ca6e6,,,Syringe Pump-30ml,,Medical supply,N/A,,,2
e7c1855d-1533-484c-b02d-341c0fe41501,,,"Set Administration-Luer - lock ports, 105''tubing, DEHP, NLatex baxter",,Medical supply,N/A,,,2
99bba95e-191e-4a42-8400-9863d90f14cf,,,Mask - Non  re-breathing oxygen-Small Size 50x36x30,,Medical supply,N/A,,,2
9a610801-3cd1-4efb-8b74-804f7c46067c,,,Dialyzer - 1.6m2-Polyether sulfon surface area 1.6m2,,Medical supply,N/A,,,2
67e49693-a2d3-4eee-be29-b56242658976,,,Towel-X Small,,Medical supply,N/A,,,2
a1285f92-dfa1-44fa-b874-c8cc273d78d3,,,Glove Surgical  Latex Sterile-No 6,,Medical supply,N/A,,,2
6d813bfa-009e-435c-be0a-de97e3308748,,,EX - Tube-X2FL,,Medical supply,N/A,,,2
67242aa0-328c-4a06-ba20-bade53e34595,,,Neck Collar-Hard Small size,,Medical supply,N/A,,,2
4e79919c-a8ff-46ce-b3f0-781284e00c59,,,Report Requisition Form -For health Center,,Medical supply,N/A,,,2
236228ca-129d-4159-86f5-703824a99294,,,Meri Silk Black-No.2/0-5E75DX26,,Medical supply,N/A,,,2
100f075f-aac2-41cd-a2e1-c89c1e176f89,,,"Examination Glove-Powder free-Nitrile, Non sterile, Medium",,Medical supply,N/A,,,2
39f27463-c23e-44e3-b2d2-e582aea854f9,,,Vacutainer serum separator tube-with yellow top 5ml Plastic,,Medical supply,N/A,,,2
097cf46e-e95b-42ba-91f0-449f6f3091ef,,,Vacutainer serum separator tube-with yellow top 5ml,,Medical supply,N/A,,,2
85585ceb-c5d4-4c32-92cf-b3b623789998,,,Spinal Needle  8cm,,Medical supply,N/A,,,2
642eece8-fb26-43f3-a21c-1a73033982b8,,,Catheter Ureteral-6CH,,Medical supply,N/A,,,2
0fab2d46-c5c1-46be-972a-f0fb405fc2c2,,,Endotracheal Tube Sterile Cuffed-7CH,,Medical supply,N/A,,,2
4000c860-eae6-4557-b543-d7dab5aa0a2a,,,Endotracheal Tube Sterile Cuffed-7.5CH,,Medical supply,N/A,,,2
6f131874-b032-44a6-945c-eeba2a133c6b,,,Mersilk  Braided Black,,Medical supply,N/A,,,2
3742e2a7-4676-4ab5-aebb-507498b8d79e,,,Catheter Ureteral-8CH,,Medical supply,N/A,,,2
01e7ab10-e77d-4e46-a207-f22f0978c4fc,,,"Petri Dishes - Disposable polystyrene,sterile,autoclavable-15mmx100mm",,Medical supply,N/A,,,2
6fc7081d-586f-4710-955f-9b625073d346,,,Oxygen Mask with Reservoir bag 1000ml-Transparent Mask 5.5mm + 2m Tube Latex green elastic strap L (126 x 83x63mm) Non- sterile,,Medical supply,N/A,,,2
285efb72-fedc-43d9-94f7-cf7d0b591b12,,,"Plate - Microtitration, DAT test, 96wells, V Shaped bottom",,Medical supply,N/A,,,2
981cc8aa-7476-484b-b74d-4c4bd01930a8,,,Micropipette Tip RNA free with filter 0.1-10ul,,Medical supply,N/A,,,2
7ef877ea-c6cb-4e5f-969b-04be64f3e60d,,,Glove Examination Non Latex-small,,Medical supply,N/A,,,2
9fb699fa-9672-40b7-9f20-e228eceeeb21,,,Tubes - sterile culture with snap cap polypropylene-12mmx75mm,,Medical supply,N/A,,,2
47ef001a-11e6-4a78-af4f-29a0f33c7b25,,,Micropipette Tip RNA free with filter  100ul-1000ul,,Medical supply,N/A,,,2
4b70e39a-c38f-44e9-b8bc-ff3784d09c1b,,,Intubating Stylet-FR14 390mm EO Sterile,,Medical supply,N/A,,,2
c924beeb-e90a-49b7-b98d-4cac844ec6a5,,,Nephrostomy Tube-10Fr,,Medical supply,N/A,,,2
817c207d-ced8-422f-b28b-499bb1f0b242,,,Glove Examination Non Latex-large,,Medical supply,N/A,,,2
df1074cc-64f4-42b3-a324-887063bc49a8,,,Disposable Under Pad-23'' x 24'',,Medical supply,N/A,,,2
041629b6-c01d-4e73-bca4-1a64f5af38e4,,,Nephrostomy Tube-12Fr,,Medical supply,N/A,,,2
8c419d44-871a-4b4c-b6f4-54edf9d8f30d,,,"Petri Dishes - Disposable polystyrene,sterile,autoclavable-15mmx150mm",,Medical supply,N/A,,,2
c0d28c6a-015d-4569-95ee-36e266ad7c68,,,Corrugated Circuit for CPAP Mask Adult-Pu tube 1.8m connector ID 22mm Non Sterile,,Medical supply,N/A,,,2
1d172fae-448f-4bd0-acc3-64014fb67e52,,,Lab Coat White-Large Disposable,,Medical supply,N/A,,,2
4f155241-d73a-43f1-9b4a-283c9e8005bd,,,Filter paper - Size circular qualitative grad plan circular or sheet,,Medical supply,N/A,,,2
926f8403-b673-4827-b8ab-f3fdb46e808c,,,"Roche Cell Collection-Medium, 250 x 20 mL, 1 Kit [Roche]",,Medical supply,N/A,,,2
3098f428-c571-45cd-acf3-57963e6ab361,,,Lab Coat Blue-Medium Disposable,,Medical supply,N/A,,,2
bed14bc9-cd80-462a-b8a1-6109512c9882,,,Micropipette Tip RNA free with filter  20ul-200ul,,Medical supply,N/A,,,2
c0988b33-f4a3-4c07-8cdf-dd76a810e90a,,,Glove Examination Non Latex-Medium,,Medical supply,N/A,,,2
ced37f7e-f2bf-472c-9a23-9fadc80dde99,,,Oxygen Mask with Reservoir bag 1000ml-Transparent Mask 5.5mm + 2m Tube Latex green elastic strap L (114 x 83x60mm) Non- sterile,,Medical supply,N/A,,,2
8d0c1ee0-6353-42ba-8422-30805e725531,,,"Pasteur Transfer Pipette-60 uL, Graduated, Plastic, Non-Sterile",,Medical supply,N/A,,,2
8511dd95-99d7-456a-b32d-4166bb0e1cbc,,,Syringe Filter-25mm,,Medical supply,N/A,,,2
f9eff17b-393c-4c56-8301-596f63d6cda8,,,Face Mask - N95/FPP2 (Non-medical),,Medical supply,N/A,,,2
ecea0102-492b-4a95-8382-fce09977ae8f,,,Pipette - Sterile transfer plastic disposable individually wrapped-3ml,,Medical supply,N/A,,,2
25a338cb-a4e1-4e92-9d08-e9413f742e87,,,Bag - Back Pack,,Medical supply,N/A,,,2
c7e3bc88-2a4b-4031-8e7a-aae452e00d1b,,,Glove Examination Powder Free Nitrile-Medium,,Medical supply,N/A,,,2
78763f33-d314-442e-b35b-71c9f4adec8c,,,Lactate Dehydrogenase(LDH)-UV enzaymatic kinetic method,,Medical supply,N/A,,,2
3e69b53c-ff9c-4f3d-a0f1-36f732ec3ba7,,,Surgical Gown-large,,Medical supply,N/A,,,2
f65c4eb2-69ae-4826-b738-97395136e27c,,,plastic Bag -For seed 5 Litter,,Medical supply,N/A,,,2
483144d6-cf5d-415f-b2a3-ab09a83116a0,,,Biohazard Bags Disposable Red-830x930mm,,Medical supply,N/A,,,2
945d793e-3722-4004-a492-664b12b19ba1,,,"Mask-Surgical Type IIR, level 2,s.u,non sterile, earloop",,Medical supply,N/A,,,2
36c96e7f-7159-4ec5-a9e2-2a1ec5bc90de,,,Mask-CPAP Medium size,,Medical supply,N/A,,,2
d71ba5a8-b4b3-4e37-b610-62c90e4adec2,,,plastic Bag -For seed 0.5 Litter,,Medical supply,N/A,,,2
bf08ef0e-13a6-4bf9-8be8-a575766af9fa,,,Dust Bin - For Bio hazard bag Yellow,,Medical supply,N/A,,,2
4857c565-1f46-4264-80fb-ff1a37e17c93,,,COBAS - 4800 Amplification and Detection plate and seal,,Medical supply,N/A,,,2
863cc255-13f9-40be-819f-feeea1b301eb,,,Mask-CPAP Large size,,Medical supply,N/A,,,2
a1efbb90-6408-4eb1-b0fd-fbdf70b0a443,,,Dust Bin - For Bio hazard bag Black,,Medical supply,N/A,,,2
38e2f379-5bcf-4d41-8d77-12c210d12b5f,,,"Haematocrit Capillary tube-length 75mm,ID 1.1-1.2mm,OD 1.5-1.6mm,20µl",,Medical supply,N/A,,,2
19615d11-efb7-486e-b21d-4a499922fef5,,,Mask-Non Breathing adult,,Medical supply,N/A,,,2
dfdefaec-8110-41e8-b344-732ca18f881f,,,"Lab Wipe-Poly,14.4x12.5 in",,Medical supply,N/A,,,2
dae831d3-101f-4cd6-a614-810b037ed2d5,,,Dust Bin - For Bio hazard bag Red,,Medical supply,N/A,,,2
851cc24b-e8c5-4abb-a91b-67ec963ecf4e,,,Syringe Insulin (Disposable)-1ml on 4mm with Fixed Needle 29G,,Medical supply,N/A,,,2
7bfc2271-5f8b-4a7d-867c-0ac4f9b9df36,,,Surgical Gown-X Large,,Medical supply,N/A,,,2
b954c157-eec8-4972-a9ee-5a2761d80a22,,,Mask-Venturi Large  for oxygen supply,,Medical supply,N/A,,,2
5489a72d-126b-45e4-9de5-461cb9623e58,,,Tubing Oxygen supply-7.6 meter,,Medical supply,N/A,,,2
468e5af4-a8a3-4bbb-bdba-17a082a34635,,,Mask-Venturi Small for oxygen supply,,Medical supply,N/A,,,2
6923289d-0937-4208-a158-9339d2120121,,,Bandage jersey tubular-10cm x 4m ,,Medical supply,N/A,,,2
61ca8959-c5e2-45ee-80dd-6bc610950221,,,Plaster Of Paris (P.O.P) -7.5cm x 2.7m,,Medical supply,N/A,,,2
a4e65298-a90d-4226-a144-c1ad9553ecaf,,,Hypodermic Needle-21G,,Medical supply,N/A,,,2
f6c778d2-0911-4112-8e82-0572cf087a15,,,Adhesive Plaster Zinc Oxide-10cm x 5m,,Medical supply,N/A,,,2
9e741a3c-93d5-44f1-b5e3-328d3191bde0,,,Bandage Extensible Non Adhesive-7cm X 4m,,Medical supply,N/A,,,2
e8a84f2d-5452-4547-9c0d-27a62395aaf5,,,Surgical Glove-Sterial Latex No. 8.5,,Medical supply,N/A,,,2
d57dd24e-65e5-4cd4-816d-3a4e0e1ea3c1,,,Bandage jersey tubular-15cm X 4m,,Medical supply,N/A,,,2
1714b931-b316-4afb-81b4-5965e02ea1fb,,,Plaster Of Paris (P.O.P) -10cm x 2.7m,,Medical supply,N/A,,,2
1c5aa612-ac03-4b7a-b11d-588ba3c79800,,,Hypodermic Needle-25G,,Medical supply,N/A,,,2
34687ff7-8f19-4159-b1eb-ad387be02d61,,,Bandage crepe-6cmx4m,,Medical supply,N/A,,,2
1be5578f-6736-4c54-9daf-31bf62a45586,,,Disposable Syringe Without Needle-5ml,,Medical supply,N/A,,,2
a8d844a7-8f18-4e86-866d-1a2ccca4f99e,,,Glove Gynecological Examination(Elbow Glove)-No 8.5,,Medical supply,N/A,,,2
b8a527b6-375b-43ca-b098-e2b31d684b25,,,Bandage crepe-10cm x 4m ,,Medical supply,N/A,,,2
21b7d798-fdd1-4831-9786-531582f6e8d4,,,Disposable Syringe Without Needle-20ml,,Medical supply,N/A,,,2
e79951c3-aaed-4b9d-b7f3-726637f5d200,,,Gauze Swab-10cm X 10cm non sterile,,Medical supply,N/A,,,2
2509d100-9a65-49d1-9c9b-de52d23209a0,,,Bandage jersey tubular-6cmx4m,,Medical supply,N/A,,,2
9e0edb39-7ce2-4b84-ba51-10f0e10a8a58,,,Disposable Syringe Without Needle-60ml,,Medical supply,N/A,,,2
797b3253-31cb-4c53-8983-0b60b469d345,,,Hypodermic Needle-19G,,Medical supply,N/A,,,2
e49153df-052c-4f30-9d7d-6a86fd2c3607,,,Bandage Extensible Non Adhesive-6cmx4m,,Medical supply,N/A,,,2
333adbbe-cbd4-463d-b13f-1e4c069b883a,,,Blood Collecting  Bag CPDA1 Anticoagulant Single-1000ml,,Medical supply,N/A,,,2
6c70129b-0b1a-4694-b400-764957236bea,,,Mucus Extractor-Different Size,,Medical supply,N/A,,,2
d65ef096-92df-4d09-b041-4bbb45038656,,,Bandage jersey tubular-15cm X 25m,,Medical supply,N/A,,,2
a2b15a9e-a024-4840-adb1-7f2887d848c2,,,Blood Collecting  Bag CPDA1 Anticoagulant Single-500ml,,Medical supply,N/A,,,2
f15a2c8f-4150-4ee6-a113-6c17ffb10b5d,,,Glove Kichen-Different Size,,Medical supply,N/A,,,2
2693b074-0ee0-4445-af24-db3d80fcb67c,,,"Insulin Delivery Device-100units/ml, 3ml",,Medical supply,N/A,,,2
0f6ec6f6-f39e-4bed-bc91-cbd7f6409965,,,Syringe(AD) -0.3ml,,Medical supply,N/A,,,2
e6a40e27-a612-4224-ae29-216df2b9eda0,,,Plaster Of Paris (P.O.P) -20cm x 2.7m,,Medical supply,N/A,,,2
33330a1e-f2c6-426e-8ba2-d3606d8d48d3,,,Blood Collecting  Bag CPDA1 Anticoagulant Single-150ml,,Medical supply,N/A,,,2
2aa60c2d-c7b7-4893-ab00-18d20e264de3,,,Infusion Giving Set-Pediatric ,,Medical supply,N/A,,,2
59d9e12e-652e-43d0-ace2-49e6952ffcfa,,,Adhesive Plaster Zinc Oxide-2.5cm x 5m,,Medical supply,N/A,,,2
12761e88-c010-4d1a-afc0-b7c4c1727cd7,,,Tracheostomy Tube-Plastic With 90 Degree Curvature Size 6,,Medical supply,N/A,,,2
89ba7cd5-87cf-4245-a603-50a81b77736d,,,Tracheostomy Tube-Plastic With 90 Degree Curvature Size 5.5,,Medical supply,N/A,,,2
f7004260-a651-42dd-a116-4728f291a5f1,,,Tracheostomy Tube-Plastic With 90 Degree Curvature Size 4.5,,Medical supply,N/A,,,2
3dc4fdc7-abd5-45cc-be2b-a978c96f71f0,,,"Absorbent pad with plastic Backing (Blue diapers),-, 17x24 inches, 250/cases/5/pack",,Medical supply,N/A,,,2
98899918-f61a-4620-a361-a1a601d6cb70,,,Alinity i - Pipettor probes,,Medical supply,N/A,,,2
239bf517-1e6e-4b06-97bb-90fc73ba2ebe,,,"Bed Sheet-289x178cm , Washable",,Medical supply,N/A,,,2
74f0965c-4726-40d4-9afc-f668ff1b174b,,,"Polyglycolic acid absorbable braided violet-Size 3, 27mm KS reverse cutting",,Medical supply,N/A,,,2
2402ef49-5e5e-4018-8723-81a5abe34e61,,,COBAS Omni 6800/8800 - Secondary Tube,,Medical supply,N/A,,,2
f90ce81f-1579-4172-9e9c-b8278fae8cfa,,,"Polyglycolic acid absorbable braided violet-Size 4, 18mm Ps-3 cutting",,Medical supply,N/A,,,2
d7c401f6-5aeb-453b-a706-6703211da980,,,"Polyglycolic acid absorbable braided violet-Size 3, 18mm RB-1 Taper",,Medical supply,N/A,,,2
5ee69f8d-9e7a-483c-9d32-8a7b760d5eba,,,"Polyglycolic acid absorbable braided violet-Size 4, 18mm RB-1 Taper",,Medical supply,N/A,,,2
4d4be5fc-c5ad-4a43-95c2-471b7db52594,,,"Polyglycolic acid absorbable braided violet-Size 3, 27mm CT-3 cutting",,Medical supply,N/A,,,2
96fc8409-842f-4b66-a81c-729171857804,,,"Polyglycolic acid absorbable braided violet-Size 4, 27mm Ps-1 cutting",,Medical supply,N/A,,,2
b454bf90-9e8a-435d-93b4-ae5723320d2e,,,"Polyglycolic acid absorbable braided violet-Size 3, 18mm PS-2",,Medical supply,N/A,,,2
a057523e-d0e3-4a1e-8de3-a1ed15937417,,,FACS presto - Thermal paper Roll-6cm x 12m,,Medical supply,N/A,,,2
36c0dba9-19ae-463d-89ce-a5eb673ff8c4,,,"Polyglycolic acid absorbable braided violet-Size 0, 0.8x18mm CT-2 Taper",,Medical supply,N/A,,,2
ac7cc450-540a-405e-a42a-9470a4ae51f9,,,Syringe(AD) -0.3ml with 23G,,Medical supply,N/A,,,2
689127cd-1c04-4e9e-8796-a5d2d7b05586,,,CVP line kit-Size 7Fr,,Medical supply,N/A,,,2
470b8dd4-d18a-4b2c-b60d-9fe4863123e6,,,St.Jude master Aortic Mechanical heart valve with standard cuff-Size 29mm,,Medical supply,N/A,,,2
c7793db6-17c0-44b6-948e-56408267ae0e,,,"Prolene Double arm-round needle 5/0, 90cm on 17mm",,Medical supply,N/A,,,2
15cbf055-ef5e-46c6-a551-3ff8e6319af2,,,St.Jude master Aortic Mechanical heart valve with standard cuff-Size 31mm,,Medical supply,N/A,,,2
acf99c88-d8cb-41f0-b310-e0c246bc9eef,,,St.Jude master Aortic Mechanical heart valve with standard cuff-Size 27mm,,Medical supply,N/A,,,2
17cdcfef-93ad-4dfe-986d-d417675a626f,,,St.Jude master Aortic Mechanical heart valve with standard cuff-Size 23mm,,Medical supply,N/A,,,2
8ca0a911-6c2b-4ada-a9d9-4f610b1c7cf7,,,"Prolene Double arm-round needle 4/0, 90cm on 17mm",,Medical supply,N/A,,,2
29418832-7e45-4fa8-968a-10538ab6107b,,,St.Jude master Aortic Mechanical heart valve with standard cuff-Size 21mm,,Medical supply,N/A,,,2
d1aa37c8-df1a-424d-84a8-fadca51276eb,,,"Prolene Double arm-round needle 4/0, 90cm on 26mm",,Medical supply,N/A,,,2
7b764fb3-1433-4f8a-95f9-1c8d1d653567,,,St.Jude master Aortic Mechanical heart valve with standard cuff-Size 25mm,,Medical supply,N/A,,,2
f0b687bd-cc09-4332-bb53-0810d0b18936,,,"Prolene Double arm-round needle 4/0, 90cm on 22mm",,Medical supply,N/A,,,2
380ce2b7-2ef5-4d3d-86ff-d57efa68a0d6,,,St.Jude master Aortic Mechanical heart valve with standard cuff-Size 19mm,,Medical supply,N/A,,,2
225a003e-7006-4e6f-b370-ffa61864d488,,,"Prolene Double arm-round needle 5/0, 75cm on 13mm",,Medical supply,N/A,,,2
b4a86e90-c241-447e-bfa1-451054a833dd,,,"Gown - Isolation-Non woven, Disposable extra large",,Medical supply,N/A,,,2
360e5772-5708-471c-99bb-146e7282de8d,,,Centrifuge-Secondary Tube 5 ml 13x75mm,,Medical supply,N/A,,,2
21f66fcb-99fc-4554-83fd-d68018efc89f,,,"Gown - Isolation-Non woven, Disposable large",,Medical supply,N/A,,,2
0063c518-c505-4fca-bd49-5a0b5d310f03,,,Cryogenic Vial-of 50 pcs,,Medical supply,N/A,,,2
a70b1770-4d78-4d5d-be45-239cc9dd3ba6,,,Umblical Cord Tie/Cotton Tape-6mm x 24.5m,,Medical supply,N/A,,,2
f03c3b9b-48f9-4f2d-be52-fa7c45841b6e,,,Syringe Insulin (Disposable)-1ml on 4mm with Fixed Needle 32G,,Medical supply,N/A,,,2
c66187cb-d021-4723-9b36-dd0e06e52f7c,,,Catheter Ureteral-12CH,,Medical supply,N/A,,,2
5fecea9a-2fdc-4030-a2fe-321e2c777397,,,Test Tube-Plastic 12x75mm round bottom sterile with snap cap,,Medical supply,N/A,,,2
f134cfda-2786-46a0-9160-8137962759f0,,,"Gown - Isolation - Non woven, Disposable, Medium",,Medical supply,N/A,,,2
6c64dc02-5f32-4c97-b197-bbc68a27fb83,,,Syringe(AD) -0.05ml with Needle 27G,,Medical supply,N/A,,,2
89c6e88e-3a77-4794-9484-a4d950e7f0f9,,,Gown - Isolation-130cmx150cm,,Medical supply,N/A,,,2
dab7f95a-9ce3-407b-a421-381aa7ff6dce,,,Gown - Isolation-120cmx140cm,,Medical supply,N/A,,,2
77206143-72d2-4f7c-b355-b2309df1a432,,,Tracheostomy Tube-Plastic With 90 Degree Curvature Size 4,,Medical supply,N/A,,,2
15fee964-0ef6-43a0-84a6-5d8842b34b3d,,,Mosquito Bednet-180cm x 190cm x 150cm (LxWxH),,Medical supply,N/A,,,2
58791717-3c6e-4cf5-bde6-d34b8131f0e4,,,Mosquito Bednet-180cm x 190cm x 160cm (LxWxH),,Medical supply,N/A,,,2
07bda1c3-30ad-4f6e-bc1e-1bae6fc5b382,,,Dental Wire-22CH,,Medical supply,N/A,,,2
e73ac532-049a-4abd-8e83-cba1341ccb9f,,,Mosquito Bednet-190cm x 180cm x 180cm (LxWxH),,Medical supply,N/A,,,2
53805630-f104-4957-9ea3-419aeb464b91,,,Mosquito Bednet-190x180x170 cm (LxWxH),,Medical supply,N/A,,,2
0d3e7b67-0d70-4ce3-b995-42a51ae2cca8,,,Plastic droper-Non sterile size hold 7ml of liquid with graduated marking in 0.5ml increments,,Medical supply,N/A,,,2
56b6724d-aa6a-4e7a-987c-95c9c3a58235,,,Tubular bandage-2m,,Medical supply,N/A,,,2
9d2599cd-405f-401a-8689-6c1260e064c9,,,"Polysulfone filter-Surface area 1.8, low flux m2 gamma sterilization",,Medical supply,N/A,,,2
d5d4cc96-fea5-447f-bb4a-34e2d3cd689e,,,Surgical Scalpel Blade -No. 18,,Medical supply,N/A,,,2
4f57e955-5661-4f78-a7da-1d1ff8bce4e4,,,"Polysulfone filter-Surface area 1.6, low flux m2 gamma sterilization",,Medical supply,N/A,,,2
5642a1e6-ed92-4ef7-a8eb-75912afa2203,,,"Hemodialysis catheter (non-tunneled)-12Fr, 15cm length",,Medical supply,N/A,,,2
37cb8ff6-62b9-4a99-a266-bc7975fd7994,,,"Kidney biopsy needle-18G,20cm length",,Medical supply,N/A,,,2
7df54374-bf55-4a09-83da-a876958eb84e,,,"Kidney biopsy needle-16G,20cm length",,Medical supply,N/A,,,2
e241e082-c74c-4d2f-8625-4448fcbbb689,,,"Polysulfone filter-Surface area 1.0, low flux m2 gamma sterilization",,Medical supply,N/A,,,2
5d45ff14-2331-435b-92f8-5658805bf177,,,"Hemodialysis catheter tunneled cuffed, cuff top tip-23 cm length",,Medical supply,N/A,,,2
6c50ce93-af89-436e-8e35-c7d6000844f9,,,"Hemodialysis catheter (non-tunneled)-12Fr, 20cm length",,Medical supply,N/A,,,2
de05cc1c-b6a4-4d2b-b664-889fc073f1c9,,,Syringe(AD) -2ml with Needle 23G,,Medical supply,N/A,,,2
3d25fa70-e8c6-4e59-8e1e-63ded9f9f616,,,K-wire-2.5mm Diameter with 25cm length,,Medical supply,N/A,,,2
fa4e1506-a621-4e34-a293-45e86a58fdfb,,,K-wire-1.8mm Diameter with 25cm length,,Medical supply,N/A,,,2
608e04d4-eff0-472a-a972-b8af44c6bed3,,,Polypropylene homo polymer sheet-3mm olive,,Medical supply,N/A,,,2
e69c2d63-e035-4abb-b9e5-e5c6f51a9af6,,,Polypropylene homo polymer sheet-5mm olive,,Medical supply,N/A,,,2
ca16ae64-1d58-4012-9390-fcd58607f05d,,,Polypropylene homo polymer sheet-4mm olive,,Medical supply,N/A,,,2
d3afb35d-052b-495a-8a08-024ff78c5f4d,,,Mosquito Bed Net (LLIN)-180cm x 160cm x 150cm (LxWxH),,Medical supply,N/A,,,2
c63ac332-b946-45eb-a074-6bd317ae4f24,,,Lab Wipe-30 X 35cm,,Medical supply,N/A,,,2
acd60497-e5a4-459a-b984-fb35a8937ac8,,,Adhesive Tape-10cm x 5m,,Medical supply,N/A,,,2
718b2e6a-14b7-4c2f-8e01-4b670114eaa0,,,"Centrifuge-Secondary Tube 5 ml 13x75mm,With cap",,Medical supply,N/A,,,2
f0559f9c-2c3b-455d-9dd4-edf775f20915,,,Paster Transfer Pipet-3-4ml sterile individual wrapped,,Medical supply,N/A,,,2
27e138b6-f806-4fba-82a5-ef2cbcb70b62,,,Level 2 Gown with velcro knit cuff-X Large,,Medical supply,N/A,,,2
d8a90f11-5937-4c9d-b3c7-e3ac3d66c802,,,Level 2 Gown with tie back and elastic cuff-X Large,,Medical supply,N/A,,,2
06afb0df-434f-481f-b55d-1f1203b06140,,,Level 3 Gown white cuff-large,,Medical supply,N/A,,,2
1784de44-b898-4144-a4ef-10dff4fd17d4,,,St. Jude masters series mitral Mechanical  heart Valve standard cuff-Size 29mm,,Medical supply,N/A,,,2
67a912ac-b7fe-4115-9be3-709dd48f1e18,,,Level 2 Gown with tie back and elastic cuff-large,,Medical supply,N/A,,,2
1519cb8d-129f-4cb0-8f52-bcd610906fb2,,,St. Jude masters series mitral Mechanical  heart Valve standard cuff-Size 27mm,,Medical supply,N/A,,,2
bc453713-ef1f-40fa-a35d-1d461b97ca96,,,Level 2 Gown with velcro knit cuff-large,,Medical supply,N/A,,,2
d959c180-8113-4f5c-a141-bf398eb16ce4,,,St. Jude masters series mitral Mechanical  heart Valve standard cuff-Size 31mm,,Medical supply,N/A,,,2
9b3abe0b-038d-4c22-8f74-d0bad929614e,,,Level 3 Gown white cuff-X Large,,Medical supply,N/A,,,2
009ac21c-ecd3-4c78-99fb-3f400df4db87,,,St. Jude masters series mitral Mechanical  heart Valve standard cuff-Size 25mm,,Medical supply,N/A,,,2
49099fbd-86a6-4d09-9131-b0a7c7636957,,,Wire Splint-Hand,,Medical supply,N/A,,,2
c8375173-6ee1-43a5-a312-7f3ed3307271,,,Wire Splint-Leg,,Medical supply,N/A,,,2
8e147251-6cd0-43cf-872b-d461d2dc198d,,,Vacutainer needle-20G ,,Medical supply,N/A,,,2
8fdb4608-6842-4cb2-b42e-7b08822a69c3,,,Vacutainer serum separator tube-with red top 3.5ml,,Medical supply,N/A,,,2
02996f9d-c168-4e85-b8bb-2e64db711942,,,Catheter Ureteral-16CH,,Medical supply,N/A,,,2
79a1bdb9-172f-4ce5-9c30-1902eeec0d1e,,,Laboratory Supplies - Urine cup plastic 40ml capacity,,Medical supply,N/A,,,2
50382983-a1e6-40fc-804b-92ba38d174bd,,,"Laboratory Supplies -  Microscope Lens cleaning solution, non flammable: 2 oz",,Medical supply,N/A,,,2
f775bf5e-35f0-44af-a442-f90235c373bb,,,Brown glass bottle-500ml,,Medical supply,N/A,,,2
759a80a4-15d3-42c7-ab87-9f5c3c32fff4,,,Laboratory Supplies - Microscope Lens cleaning tissue paper lint free:  4x6 inch W(10.1x15.2 cm) sheets per book,,Medical supply,N/A,,,2
ede7b364-5aec-4f2b-8b78-7ca24dc62ea5,,,"Laboratory Supplies - Stool Specimen Container disposable, polypropylene, with Cover",,Medical supply,N/A,,,2
b23b941e-542c-456a-b5ec-f3eb296fd656,,,Microscope Slide-Frosted 75mmx25mm x 1mm thick,,Medical supply,N/A,,,2
d717938e-63ed-446c-81ef-6df6bc69caa2,,,Gauze Dressing-2 In x 2 In,,Medical supply,N/A,,,2
f444bcd1-786b-4e3e-8913-aa8ba2076c81,,,"Laboratory Supplies - Conical test tube , Graduated 10ml, plastic",,Medical supply,N/A,,,2
9de6cc21-4738-487e-a58b-dc1efb7417e2,,,Autoclave Indicator  Tape-1.9cm x 5m,,Medical supply,N/A,,,2
44bf8bfb-b07f-4246-a313-87f3104e4ac8,,,Gauze Bandage-8cm x 4m,,Medical supply,N/A,,,2
5b282ef3-3620-4254-9ff6-78002617f151,,,Polyamide Monofilament - Gauge 0.2(10/0) 38cm on 6mm 3/8 Circle Spatula Single Armed Needle,,Medical supply,N/A,,,2
1cdc16cb-e96a-43f3-9a6c-c3d07b67bfc4,,,Pump Breast Manual Plastic-30ml,,Medical supply,N/A,,,2
38aaaf62-2be1-45d2-bdd6-a30f582ef763,,,Adhesive Plaster Zinc Oxide-2.5 cm x 5 m,,Medical supply,N/A,,,2
105fc42b-e218-4076-b380-96f6ce0bb672,,,Colostomy Bag Adhesive Regulator Closed - 25cmx14cm 30mm Opening Pediatric,,Medical supply,N/A,,,2
bc7c5eb3-bc70-45c7-9409-72a3e09209cc,,,Laboratory - disposable plastic citrated ESR graduated pipette tube-total length of 200mm and graduation from 0-150mm increment of 1mm,,Medical supply,N/A,,,2
6b165adb-e565-4a91-bbbe-9348225d032c,,,PPIUCD - Postpartum CU T 380 A IUD,,Medical supply,N/A,,,2
863954fa-53d5-413c-9387-69ce54c61c55,,,Nelaton Catheter-4CH,,Medical supply,N/A,,,2
4c9d8bc0-8be7-4599-b4d5-1235a77e4be2,,,First Responder Backpack 50 L TRM-27,,Medical supply,N/A,,,2
27966f72-3a13-4823-8d43-4bc98b159da9,,,"Test Tube Plug, Non-Sterile, for Centrifuge Tube 5",,Medical supply,N/A,,,2
340ef07a-baec-4b8d-8e69-c0fa67cc8dbd,,,Mersilk Braided Black-Gauge 2.0(3/0) 75cm on 26mm 1/2 Circle Cutting Needle,,Medical supply,N/A,,,2
eda9a54e-dc30-46bc-af7c-3f832d7add5f,,,Insertion/removal accessories for implanol -For 50 insertion/removal procedures,,Medical supply,N/A,,,2
9900f3be-feb7-4a91-a754-eb1f47968edf,,,Mersilk Braided Black-Gauge 3.0(2/0) 75cm on 33mm 1/2 Circle Cutting Needle,,Medical supply,N/A,,,2
3342757e-6ea7-44f0-96bb-0ea7fff9f963,,,"Paster Transfer Pipet-Disposable, 40 ul, Plastic,",,Medical supply,N/A,,,2
31dec289-75e6-41f8-8b40-0b7637228c8f,,,"Prolene Double arm round needle-8/0, 90cm on 17mm",,Medical supply,N/A,,,2
d1b1cbd3-bc43-4f81-a9de-06fe11cf6f3b,,,Hernia-Mesh 11cm x 6cm,,Medical supply,N/A,,,2
6d01c237-6925-4c03-a776-67d3b8b71f47,,,Surgical Gown-small,,Medical supply,N/A,,,2
dd9ebb0a-ff61-44ec-ae85-2be2e4013f40,,,Plastic droper-Non sterile 5ml graduated mark with  holding size 7ml of liquid with graduated marking in 0.5ml increments,,Medical supply,N/A,,,2
30fedaa3-d6d8-418f-9c07-5eb48678c5a9,,,Tracheostomy Tube-2.0 mm with 90 curvature armoured with low Pressure Cuff Universal inflation fun...,,Medical supply,N/A,,,2
4cf6d32a-1c87-4b35-a061-696ed5bb50c0,,,Surgical Gown-Medium,,Medical supply,N/A,,,2
4441d976-29b9-4f80-94e1-1e21bd98587c,,,oxygen Nasal cannula(prong) - Neonatal,,Medical supply,N/A,,,2
7025f195-ba46-49fb-85f0-ae3fb823886d,,,"Prolene Double arm round needle-10/0, 90cm on 17mm",,Medical supply,N/A,,,2
062e5f5d-af4d-4c79-acb3-ea6cb51e1b13,,,Hernia-Mesh 15cm x 15cm,,Medical supply,N/A,,,2
0ce36908-d4ec-4b60-a050-ad5d9a9ce14e,,,"Prolene Double arm round needle-9/0, 90cm on 17mm",,Medical supply,N/A,,,2
d2698ef5-6fa2-4fcd-9f3e-5478651e1127,,,Mask-Of N95,,Medical supply,N/A,,,2
a0861efa-eaa9-4b67-8455-c470316ebb2f,,,Naso Gastric Tube Sterile Adult-18CH,,Medical supply,N/A,,,2
5a57352c-8206-478b-983f-e35d6b55881b,,,Naso Gastric Tube Sterile Infant-8CH,,Medical supply,N/A,,,2
7cf5daaf-9131-44e0-b771-1d6fe48c3970,,,Naso Gastric Tube Sterile Infant-4CH,,Medical supply,N/A,,,2
79328d0d-aacb-4a2f-9e79-e314a7d407da,,,Naso Gastric Tube Sterile Infant-6CH,,Medical supply,N/A,,,2
52bd546a-8210-4bdf-aae7-ffcf54081be8,,,Naso Gastric Tube Sterile Adult-16CH,,Medical supply,N/A,,,2
eb25c796-61aa-467b-89cc-cfed7c2c17a5,,,Pump Breast-Manual Plastic 30ml,,Medical supply,N/A,,,2
89f5365f-b955-432a-997d-af71f1337d7c,,,"Google-indirect vent,wraparound lens,opticalclass",,Medical supply,N/A,,,2
54a955db-5f0d-4791-85f0-f78aad8e203e,,,Anti-theft lock,,Medical supply,N/A,,,2
a12c9e90-be22-40cb-9104-3faf3de7ec95,,,Plastic Dropper Non - sterile Graduated up to 5ml,,Medical supply,N/A,,,2
32a8e4ba-e1d5-4db6-867f-a55ccc99ba25,,,Catheter Folley- silconized latex 5-15ml balloon sterile three ways size 14CH,,Medical supply,N/A,,,2
fd2ee79e-3b8b-440b-afe9-c63ff8c013b5,,,Cotton Absorbant-100gm,,Medical supply,N/A,,,2
9d13de4f-c966-4d6f-945f-43a3473fc47d,,,DxC 700 AU/ Unicel DxI 800 - Cuvette - 5x5mm,,Medical supply,N/A,,,2
